# camera_optical trajectory from onboard odometry (NOT ground truth)
1778468359.157925 0.300000 0.000000 0.000000 0.500000 -0.500000 0.500000 -0.500000
1778468359.297814 0.300000 0.000000 0.000000 0.500000 -0.500000 0.500000 -0.500000
1778468359.436537 0.300000 0.000000 0.000000 0.500000 -0.500000 0.500000 -0.500000
1778468359.576340 0.300000 0.000000 0.000000 0.500000 -0.500000 0.500000 -0.500000
1778468359.719587 0.300000 0.000000 0.000000 0.500000 -0.500000 0.500000 -0.500000
1778468359.858280 0.300000 0.000000 0.000000 0.500000 -0.500000 0.500000 -0.500000
1778468359.996516 0.300000 0.000000 0.000000 0.500000 -0.500000 0.500000 -0.500000
1778468360.142725 0.300000 0.000000 0.000000 0.500000 -0.500000 0.500000 -0.500000
1778468360.280884 0.300000 0.000000 0.000000 0.500000 -0.500000 0.500000 -0.500000
1778468360.419875 0.300000 0.000000 0.000000 0.500000 -0.500000 0.500000 -0.500000
1778468360.557090 0.300000 0.000000 0.000000 0.500000 -0.500000 0.500000 -0.500000
1778468360.698052 0.300000 0.000000 0.000000 0.500000 -0.500000 0.500000 -0.500000
1778468360.836264 0.300000 0.000000 0.000000 0.500000 -0.500000 0.500000 -0.500000
1778468360.978151 0.300000 0.000000 0.000000 0.500000 -0.500000 0.500000 -0.500000
1778468361.125076 0.300000 0.000000 0.000000 0.500000 -0.500000 0.500000 -0.500000
1778468361.259121 0.300000 0.000000 0.000000 0.500000 -0.500000 0.500000 -0.500000
1778468361.395826 0.300000 0.000000 0.000000 0.500000 -0.500000 0.500000 -0.500000
1778468361.536166 0.300000 0.000000 0.000000 0.500000 -0.500000 0.500000 -0.500000
1778468361.675878 0.300000 0.000000 0.000000 0.500000 -0.500000 0.500000 -0.500000
1778468361.815252 0.300000 0.000000 0.000000 0.500000 -0.500000 0.500000 -0.500000
1778468361.963254 0.300000 0.000000 0.000000 0.500000 -0.500000 0.500000 -0.500000
1778468362.094818 0.300000 0.000000 0.000000 0.500000 -0.500000 0.500000 -0.500000
1778468362.236137 0.300000 0.000000 0.000000 0.500000 -0.500000 0.500000 -0.500000
1778468362.375982 0.300000 0.000000 0.000000 0.500000 -0.500000 0.500000 -0.500000
1778468362.514551 0.300000 0.000000 0.000000 0.500000 -0.500000 0.500000 -0.500000
1778468362.659989 0.300000 0.000000 0.000000 0.500000 -0.500000 0.500000 -0.500000
1778468362.797655 0.300000 0.000000 0.000000 0.500000 -0.500000 0.500000 -0.500000
1778468362.938643 0.300000 0.000000 0.000000 0.500000 -0.500000 0.500000 -0.500000
1778468363.079586 0.300000 0.000000 0.000000 0.500000 -0.500000 0.500000 -0.500000
1778468363.223205 0.300000 0.000000 0.000000 0.500000 -0.500000 0.500000 -0.500000
1778468363.358294 0.300000 0.000000 0.000000 0.500000 -0.500000 0.500000 -0.500000
1778468363.498660 0.300000 0.000000 0.000000 0.500000 -0.500000 0.500000 -0.500000
1778468363.644266 0.300000 0.000000 0.000000 0.500000 -0.500000 0.500000 -0.500000
1778468363.785056 0.300000 0.000000 0.000000 0.500000 -0.500000 0.500000 -0.500000
1778468363.917570 0.300000 0.000000 0.000000 0.500000 -0.500000 0.500000 -0.500000
1778468364.058666 0.300000 0.000000 0.000000 0.500000 -0.500000 0.500000 -0.500000
1778468364.200382 0.300000 0.000000 0.000000 0.500000 -0.500000 0.500000 -0.500000
1778468364.338404 0.300000 0.000000 0.000000 0.500000 -0.500000 0.500000 -0.500000
1778468364.477356 0.300000 0.000000 0.000000 0.500000 -0.500000 0.500000 -0.500000
1778468364.622759 0.300000 0.000000 0.000000 0.500000 -0.500000 0.500000 -0.500000
1778468364.758204 0.300000 0.000000 0.000000 0.500000 -0.500000 0.500000 -0.500000
1778468364.898128 0.300000 0.000000 0.000000 0.500000 -0.500000 0.500000 -0.500000
1778468365.044108 0.300000 0.000000 0.000000 0.500000 -0.500000 0.500000 -0.500000
1778468365.179019 0.300000 0.000000 0.000000 0.500000 -0.500000 0.500000 -0.500000
1778468365.321871 0.300000 0.000000 0.000000 0.500000 -0.500000 0.500000 -0.500000
1778468365.460019 0.300000 0.000000 0.000000 0.500000 -0.500000 0.500000 -0.500000
1778468365.600083 0.300000 0.000000 0.000000 0.500000 -0.500000 0.500000 -0.500000
1778468365.742745 0.300000 0.000000 0.000000 0.500000 -0.500000 0.500000 -0.500000
1778468365.886327 0.300000 0.000000 0.000000 0.500000 -0.500000 0.500000 -0.500000
1778468366.021976 0.300000 0.000000 0.000000 0.500000 -0.500000 0.500000 -0.500000
1778468366.162221 0.300000 0.000000 0.000000 0.500000 -0.500000 0.500000 -0.500000
1778468366.302413 0.300000 0.000000 0.000000 0.500000 -0.500000 0.500000 -0.500000
1778468366.439736 0.300000 0.000000 0.000000 0.500000 -0.500000 0.500000 -0.500000
1778468366.578047 0.300000 0.000000 0.000000 0.500000 -0.500000 0.500000 -0.500000
1778468366.716974 0.300000 0.000000 0.000000 0.500000 -0.500000 0.500000 -0.500000
1778468366.858153 0.300000 0.000000 0.000000 0.500000 -0.500000 0.500000 -0.500000
1778468367.000233 0.300000 0.000000 0.000000 0.500000 -0.500000 0.500000 -0.500000
1778468367.142412 0.300000 0.000000 0.000000 0.500000 -0.500000 0.500000 -0.500000
1778468367.278666 0.300000 0.000000 0.000000 0.500000 -0.500000 0.500000 -0.500000
1778468367.421615 0.300000 0.000000 0.000000 0.500000 -0.500000 0.500000 -0.500000
1778468367.564380 0.300000 0.000000 0.000000 0.500000 -0.500000 0.500000 -0.500000
1778468367.710520 0.300000 0.000000 0.000000 0.500000 -0.500000 0.500000 -0.500000
1778468367.838128 0.300000 0.000000 0.000000 0.500000 -0.500000 0.500000 -0.500000
1778468367.978542 0.300000 0.000000 0.000000 0.500000 -0.500000 0.500000 -0.500000
1778468368.118924 0.300000 0.000000 0.000000 0.500000 -0.500000 0.500000 -0.500000
1778468368.257944 0.300000 0.000000 0.000000 0.500000 -0.500000 0.500000 -0.500000
1778468368.401162 0.300000 0.000000 0.000000 0.500000 -0.500000 0.500000 -0.500000
1778468368.537909 0.300000 0.000000 0.000000 0.500000 -0.500000 0.500000 -0.500000
1778468368.679150 0.300000 0.000000 0.000000 0.500000 -0.500000 0.500000 -0.500000
1778468368.821093 0.300000 0.000000 0.000000 0.500000 -0.500000 0.500000 -0.500000
1778468368.962146 0.300000 0.000000 0.000000 0.500000 -0.500000 0.500000 -0.500000
1778468369.107256 0.300000 0.000000 0.000000 0.500000 -0.500000 0.500000 -0.500000
1778468369.239493 0.300000 0.000000 0.000000 0.500000 -0.500000 0.500000 -0.500000
1778468369.377708 0.300000 0.000000 0.000000 0.500000 -0.500000 0.500000 -0.500000
1778468369.518645 0.300000 0.000000 0.000000 0.500000 -0.500000 0.500000 -0.500000
1778468369.656339 0.300000 0.000000 0.000000 0.500000 -0.500000 0.500000 -0.500000
1778468369.797249 0.300000 0.000000 0.000000 0.500000 -0.500000 0.500000 -0.500000
1778468369.936306 0.300000 0.000000 0.000000 0.500000 -0.500000 0.500000 -0.500000
1778468370.078502 0.300000 0.000000 0.000000 0.500000 -0.500000 0.500000 -0.500000
1778468370.216629 0.300000 0.000000 0.000000 0.500000 -0.500000 0.500000 -0.500000
1778468370.356306 0.300000 0.000000 0.000000 0.500000 -0.500000 0.500000 -0.500000
1778468370.499300 0.300000 0.000000 0.000000 0.500000 -0.500000 0.500000 -0.500000
1778468370.641456 0.300000 0.000000 0.000000 0.500000 -0.500000 0.500000 -0.500000
1778468370.777083 0.300000 0.000000 0.000000 0.500000 -0.500000 0.500000 -0.500000
1778468370.916037 0.300000 0.000000 0.000000 0.500000 -0.500000 0.500000 -0.500000
1778468371.059835 0.300000 0.000000 0.000000 0.500000 -0.500000 0.500000 -0.500000
1778468371.198603 0.300000 0.000000 0.000000 0.500000 -0.500000 0.500000 -0.500000
1778468371.336612 0.300000 0.000000 0.000000 0.500000 -0.500000 0.500000 -0.500000
1778468371.477199 0.300000 0.000000 0.000000 0.500000 -0.500000 0.500000 -0.500000
1778468371.621090 0.300000 0.000000 0.000000 0.500000 -0.500000 0.500000 -0.500000
1778468371.762428 0.300000 0.000000 0.000000 0.500000 -0.500000 0.500000 -0.500000
1778468371.898203 0.300000 0.000000 0.000000 0.500000 -0.500000 0.500000 -0.500000
1778468372.036747 0.300000 0.000000 0.000000 0.500000 -0.500000 0.500000 -0.500000
1778468372.178139 0.300000 0.000000 0.000000 0.500000 -0.500000 0.500000 -0.500000
1778468372.315627 0.300000 0.000000 0.000000 0.500000 -0.500000 0.500000 -0.500000
1778468372.459436 0.300000 0.000000 0.000000 0.500000 -0.500000 0.500000 -0.500000
1778468372.611080 0.300000 0.000000 0.000000 0.500000 -0.500000 0.500000 -0.500000
1778468372.740546 0.300000 0.000000 0.000000 0.500000 -0.500000 0.500000 -0.500000
1778468372.880347 0.300000 0.000000 0.000000 0.500000 -0.500000 0.500000 -0.500000
1778468373.026295 0.300000 0.000000 0.000000 0.500000 -0.500000 0.500000 -0.500000
1778468373.163997 0.300000 0.000000 0.000000 0.500000 -0.500000 0.500000 -0.500000
1778468373.300503 0.300000 0.000000 0.000000 0.500000 -0.500000 0.500000 -0.500000
1778468373.438900 0.300000 0.000000 0.000000 0.500000 -0.500000 0.500000 -0.500000
1778468373.586680 0.300000 0.000000 0.000000 0.500000 -0.500000 0.500000 -0.500000
1778468373.726847 0.300000 0.000000 0.000000 0.500000 -0.500000 0.500000 -0.500000
1778468373.865009 0.300000 0.000000 0.000000 0.500000 -0.500000 0.500000 -0.500000
1778468374.006033 0.300000 0.000000 0.000000 0.500000 -0.500000 0.500000 -0.500000
1778468374.147564 0.300000 0.000000 0.000000 0.500000 -0.500000 0.500000 -0.500000
1778468374.287034 0.300000 0.000000 0.000000 0.500000 -0.500000 0.500000 -0.500000
1778468374.427139 0.300000 0.000000 0.000000 0.500000 -0.500000 0.500000 -0.500000
1778468374.575118 0.300000 0.000000 0.000000 0.500000 -0.500000 0.500000 -0.500000
1778468374.714452 0.300000 0.000000 0.000000 0.500000 -0.500000 0.500000 -0.500000
1778468374.851224 0.300000 0.000000 0.000000 0.500000 -0.500000 0.500000 -0.500000
1778468374.991581 0.300000 0.000000 0.000000 0.500000 -0.500000 0.500000 -0.500000
1778468375.136422 0.300000 0.000000 0.000000 0.500000 -0.500000 0.500000 -0.500000
1778468375.271222 0.300000 0.000000 0.000000 0.500000 -0.500000 0.500000 -0.500000
1778468375.411780 0.300000 0.000000 0.000000 0.500000 -0.500000 0.500000 -0.500000
1778468375.561975 0.300000 0.000000 0.000000 0.500000 -0.500000 0.500000 -0.500000
1778468375.695146 0.300000 0.000000 0.000000 0.500000 -0.500000 0.500000 -0.500000
1778468375.844294 0.300000 0.000000 0.000000 0.500000 -0.500000 0.500000 -0.500000
1778468375.973374 0.300000 0.000000 0.000000 0.500000 -0.500000 0.500000 -0.500000
1778468376.116778 0.300000 0.000000 0.000000 0.500000 -0.500000 0.500000 -0.500000
1778468376.255874 0.300000 0.000000 0.000000 0.500000 -0.500000 0.500000 -0.500000
1778468376.393069 0.300000 0.000000 0.000000 0.500000 -0.500000 0.500000 -0.500000
1778468376.559379 0.300000 0.000000 0.000000 0.500000 -0.500000 0.500000 -0.500000
1778468376.675088 0.300000 0.000000 0.000000 0.500000 -0.500000 0.500000 -0.500000
1778468376.818571 0.300000 0.000000 0.000000 0.500000 -0.500000 0.500000 -0.500000
1778468376.955655 0.300000 0.000000 0.000000 0.500000 -0.500000 0.500000 -0.500000
1778468377.094326 0.300000 0.000000 0.000000 0.500000 -0.500000 0.500000 -0.500000
1778468377.235947 0.300000 0.000000 0.000000 0.500000 -0.500000 0.500000 -0.500000
1778468377.375205 0.300000 0.000000 0.000000 0.500000 -0.500000 0.500000 -0.500000
1778468377.517847 0.300000 0.000000 0.000000 0.500000 -0.500000 0.500000 -0.500000
1778468377.656829 0.300000 0.000000 0.000000 0.500000 -0.500000 0.500000 -0.500000
1778468377.805113 0.300000 0.000000 0.000000 0.500000 -0.500000 0.500000 -0.500000
1778468377.943934 0.300000 0.000000 0.000000 0.500000 -0.500000 0.500000 -0.500000
1778468378.080849 0.300000 0.000000 0.000000 0.500000 -0.500000 0.500000 -0.500000
1778468378.226320 0.300000 0.000000 0.000000 0.500000 -0.500000 0.500000 -0.500000
1778468378.360962 0.300000 0.000000 0.000000 0.500000 -0.500000 0.500000 -0.500000
1778468378.498362 0.300000 0.000000 0.000000 0.500000 -0.500000 0.500000 -0.500000
1778468378.641772 0.300000 0.000000 0.000000 0.500000 -0.500000 0.500000 -0.500000
1778468378.778527 0.300000 0.000000 0.000000 0.500000 -0.500000 0.500000 -0.500000
1778468378.921790 0.300000 0.000000 0.000000 0.500000 -0.500000 0.500000 -0.500000
1778468379.066034 0.300000 0.000000 0.000000 0.500000 -0.500000 0.500000 -0.500000
1778468379.202797 0.300000 0.000000 0.000000 0.500000 -0.500000 0.500000 -0.500000
1778468379.345472 0.300000 0.000000 0.000000 0.500000 -0.500000 0.500000 -0.500000
1778468379.486383 0.300000 0.000000 0.000000 0.500000 -0.500000 0.500000 -0.500000
1778468379.628469 0.300000 0.000000 0.000000 0.500000 -0.500000 0.500000 -0.500000
1778468379.765435 0.300000 0.000000 0.000000 0.500000 -0.500000 0.500000 -0.500000
1778468379.911523 0.300000 0.000000 0.000000 0.500000 -0.500000 0.500000 -0.500000
1778468380.049340 0.300000 0.000000 0.000000 0.500000 -0.500000 0.500000 -0.500000
1778468380.187074 0.300000 0.000000 0.000000 0.500000 -0.500000 0.500000 -0.500000
1778468380.327000 0.300000 0.000000 0.000000 0.500000 -0.500000 0.500000 -0.500000
1778468380.468562 0.300000 0.000000 0.000000 0.500000 -0.500000 0.500000 -0.500000
1778468380.607796 0.300000 0.000000 0.000000 0.500000 -0.500000 0.500000 -0.500000
1778468380.749307 0.300000 0.000000 0.000000 0.500000 -0.500000 0.500000 -0.500000
1778468380.887732 0.300000 0.000000 0.000000 0.500000 -0.500000 0.500000 -0.500000
1778468381.031026 0.300000 0.000000 0.000000 0.500000 -0.500000 0.500000 -0.500000
1778468381.172944 0.300000 0.000000 0.000000 0.500000 -0.500000 0.500000 -0.500000
1778468381.313406 0.300000 0.000000 0.000000 0.500000 -0.500000 0.500000 -0.500000
1778468381.456655 0.300000 0.000000 0.000000 0.500000 -0.500000 0.500000 -0.500000
1778468381.598979 0.300000 0.000000 0.000000 0.500000 -0.500000 0.500000 -0.500000
1778468381.734187 0.300000 0.000000 0.000000 0.500000 -0.500000 0.500000 -0.500000
1778468381.870583 0.300000 0.000000 0.000000 0.500000 -0.500000 0.500000 -0.500000
1778468382.025392 0.300000 0.000000 0.000000 0.500000 -0.500000 0.500000 -0.500000
1778468382.153931 0.300000 0.000000 0.000000 0.500000 -0.500000 0.500000 -0.500000
1778468382.297093 0.300000 0.000000 0.000000 0.500000 -0.500000 0.500000 -0.500000
1778468382.430578 0.300000 0.000000 0.000000 0.500000 -0.500000 0.500000 -0.500000
1778468382.570834 0.300000 0.000000 0.000000 0.500000 -0.500000 0.500000 -0.500000
1778468382.714544 0.300000 0.000000 0.000000 0.500000 -0.500000 0.500000 -0.500000
1778468382.852189 0.300000 0.000000 0.000000 0.500000 -0.500000 0.500000 -0.500000
1778468382.993028 0.300000 0.000000 0.000000 0.500000 -0.500000 0.500000 -0.500000
1778468383.139270 0.300000 0.000000 0.000000 0.500000 -0.500000 0.500000 -0.500000
1778468383.283873 0.300000 0.000000 0.000000 0.500000 -0.500000 0.500000 -0.500000
1778468383.429788 0.300000 0.000000 0.000000 0.500000 -0.500000 0.500000 -0.500000
1778468383.563849 0.300000 0.000000 0.000000 0.500000 -0.500000 0.500000 -0.500000
1778468383.700184 0.300000 0.000000 0.000000 0.500000 -0.500000 0.500000 -0.500000
1778468383.837614 0.300000 0.000000 0.000000 0.500000 -0.500000 0.500000 -0.500000
1778468383.978254 0.300000 0.000000 0.000000 0.500000 -0.500000 0.500000 -0.500000
1778468384.119163 0.300000 0.000000 0.000000 0.500000 -0.500000 0.500000 -0.500000
1778468384.261763 0.300000 0.000000 0.000000 0.500000 -0.500000 0.500000 -0.500000
1778468384.399182 0.300000 0.000000 0.000000 0.500000 -0.500000 0.500000 -0.500000
1778468384.539291 0.300000 0.000000 0.000000 0.500000 -0.500000 0.500000 -0.500000
1778468384.680207 0.300000 0.000000 0.000000 0.500000 -0.500000 0.500000 -0.500000
1778468384.818117 0.300000 0.000000 0.000000 0.500000 -0.500000 0.500000 -0.500000
1778468384.957355 0.300000 0.000000 0.000000 0.500000 -0.500000 0.500000 -0.500000
1778468385.105329 0.300000 0.000000 0.000000 0.500000 -0.500000 0.500000 -0.500000
1778468385.239350 0.300000 0.000000 0.000000 0.500000 -0.500000 0.500000 -0.500000
1778468385.382771 0.300000 0.000000 0.000000 0.500000 -0.500000 0.500000 -0.500000
1778468385.517595 0.300000 0.000000 0.000000 0.500000 -0.500000 0.500000 -0.500000
1778468385.659204 0.300000 0.000000 0.000000 0.500000 -0.500000 0.500000 -0.500000
1778468385.797343 0.300000 0.000000 0.000000 0.500000 -0.500000 0.500000 -0.500000
1778468385.937162 0.300000 0.000000 0.000000 0.500000 -0.500000 0.500000 -0.500000
1778468386.077161 0.300000 0.000000 0.000000 0.500000 -0.500000 0.500000 -0.500000
1778468386.218980 0.300000 0.000000 0.000000 0.500000 -0.500000 0.500000 -0.500000
1778468386.357856 0.300000 0.000000 0.000000 0.500000 -0.500000 0.500000 -0.500000
1778468386.497018 0.300000 0.000000 0.000000 0.500000 -0.500000 0.500000 -0.500000
1778468386.636501 0.300000 0.000000 0.000000 0.500000 -0.500000 0.500000 -0.500000
1778468386.776641 0.300000 0.000000 0.000000 0.500000 -0.500000 0.500000 -0.500000
1778468386.920258 0.300000 0.000000 0.000000 0.500000 -0.500000 0.500000 -0.500000
1778468387.061283 0.300000 0.000000 0.000000 0.500000 -0.500000 0.500000 -0.500000
1778468387.197922 0.300000 0.000000 0.000000 0.500000 -0.500000 0.500000 -0.500000
1778468387.335273 0.300000 0.000000 0.000000 0.500000 -0.500000 0.500000 -0.500000
1778468387.477429 0.300000 0.000000 0.000000 0.500000 -0.500000 0.500000 -0.500000
1778468387.614679 0.300000 0.000000 0.000000 0.500000 -0.500000 0.500000 -0.500000
1778468387.755306 0.300000 0.000000 0.000000 0.500000 -0.500000 0.500000 -0.500000
1778468387.897099 0.300000 0.000000 0.000000 0.500000 -0.500000 0.500000 -0.500000
1778468388.039124 0.300000 0.000000 0.000000 0.500000 -0.500000 0.500000 -0.500000
1778468388.174220 0.300000 0.000000 0.000000 0.500000 -0.500000 0.500000 -0.500000
1778468388.315699 0.300000 0.000000 0.000000 0.500000 -0.500000 0.500000 -0.500000
1778468388.458985 0.300000 0.000000 0.000000 0.500000 -0.500000 0.500000 -0.500000
1778468388.596808 0.300000 0.000000 0.000000 0.500000 -0.500000 0.500000 -0.500000
1778468388.733510 0.300000 0.000000 0.000000 0.500000 -0.500000 0.500000 -0.500000
1778468388.876842 0.300000 0.000000 0.000000 0.500000 -0.500000 0.500000 -0.500000
1778468389.016882 0.300000 0.000000 0.000000 0.500000 -0.500000 0.500000 -0.500000
1778468389.157356 0.300000 0.000000 0.000000 0.500000 -0.500000 0.500000 -0.500000
1778468389.295992 0.300000 0.000000 0.000000 0.500000 -0.500000 0.500000 -0.500000
1778468389.438124 0.300000 0.000000 0.000000 0.500000 -0.500000 0.500000 -0.500000
1778468389.574742 0.300000 0.000000 0.000000 0.500000 -0.500000 0.500000 -0.500000
1778468389.715698 0.300000 0.000000 0.000000 0.500000 -0.500000 0.500000 -0.500000
1778468389.855644 0.300000 0.000000 0.000000 0.500000 -0.500000 0.500000 -0.500000
1778468389.995073 0.300000 0.000000 0.000000 0.500000 -0.500000 0.500000 -0.500000
1778468390.135808 0.300000 0.000000 0.000000 0.500000 -0.500000 0.500000 -0.500000
1778468390.276070 0.300000 0.000000 0.000000 0.500000 -0.500000 0.500000 -0.500000
1778468390.414991 0.300000 0.000000 0.000000 0.500000 -0.500000 0.500000 -0.500000
1778468390.554715 0.300000 0.000000 0.000000 0.500000 -0.500000 0.500000 -0.500000
1778468390.694472 0.300000 0.000000 0.000000 0.500000 -0.500000 0.500000 -0.500000
1778468390.839399 0.300000 0.000000 0.000000 0.500000 -0.500000 0.500000 -0.500000
1778468390.976318 0.300000 0.000000 0.000000 0.500000 -0.500000 0.500000 -0.500000
1778468391.115378 0.300000 0.000000 0.000000 0.500000 -0.500000 0.500000 -0.500000
1778468391.251911 0.300000 0.000000 0.000000 0.500000 -0.500000 0.500000 -0.500000
1778468391.392561 0.300000 0.000000 0.000000 0.500000 -0.500000 0.500000 -0.500000
1778468391.534129 0.300000 0.000000 0.000000 0.500000 -0.500000 0.500000 -0.500000
1778468391.673954 0.300000 0.000000 0.000000 0.500000 -0.500000 0.500000 -0.500000
1778468391.812783 0.300000 0.000000 0.000000 0.500000 -0.500000 0.500000 -0.500000
1778468391.955358 0.300000 0.000000 0.000000 0.500000 -0.500000 0.500000 -0.500000
1778468392.095289 0.300000 0.000000 0.000000 0.500000 -0.500000 0.500000 -0.500000
1778468392.241683 0.300000 0.000000 0.000000 0.500000 -0.500000 0.500000 -0.500000
1778468392.378983 0.300000 0.000000 0.000000 0.500000 -0.500000 0.500000 -0.500000
1778468392.517322 0.300000 0.000000 0.000000 0.500000 -0.500000 0.500000 -0.500000
1778468392.660244 0.300000 0.000000 0.000000 0.500000 -0.500000 0.500000 -0.500000
1778468392.796892 0.300000 0.000000 0.000000 0.500000 -0.500000 0.500000 -0.500000
1778468392.935023 0.300000 0.000000 0.000000 0.500000 -0.500000 0.500000 -0.500000
1778468393.075731 0.300000 0.000000 0.000000 0.500000 -0.500000 0.500000 -0.500000
1778468393.215447 0.300000 0.000000 0.000000 0.500000 -0.500000 0.500000 -0.500000
1778468393.358316 0.300000 0.000000 0.000000 0.500000 -0.500000 0.500000 -0.500000
1778468393.497033 0.300000 0.000000 0.000000 0.500000 -0.500000 0.500000 -0.500000
1778468393.636276 0.300000 0.000000 0.000000 0.500000 -0.500000 0.500000 -0.500000
1778468393.777009 0.300000 0.000000 0.000000 0.500000 -0.500000 0.500000 -0.500000
1778468393.914927 0.300000 0.000000 0.000000 0.500000 -0.500000 0.500000 -0.500000
1778468394.055729 0.300000 0.000000 0.000000 0.500000 -0.500000 0.500000 -0.500000
1778468394.195660 0.300000 0.000000 0.000000 0.500000 -0.500000 0.500000 -0.500000
1778468394.339206 0.300000 0.000000 0.000000 0.500000 -0.500000 0.500000 -0.500000
1778468394.477541 0.300000 0.000000 0.000000 0.500000 -0.500000 0.500000 -0.500000
1778468394.619655 0.300000 0.000000 0.000000 0.500000 -0.500000 0.500000 -0.500000
1778468394.758453 0.300000 0.000000 0.000000 0.500000 -0.500000 0.500000 -0.500000
1778468394.897944 0.300000 0.000000 0.000000 0.500000 -0.500000 0.500000 -0.500000
1778468395.036089 0.300000 0.000000 0.000000 0.500000 -0.500000 0.500000 -0.500000
1778468395.175942 0.300000 0.000000 0.000000 0.500000 -0.500000 0.500000 -0.500000
1778468395.318920 0.300000 0.000000 0.000000 0.500000 -0.500000 0.500000 -0.500000
1778468395.457473 0.300000 0.000000 0.000000 0.500000 -0.500000 0.500000 -0.500000
1778468395.599479 0.300000 0.000000 0.000000 0.500000 -0.500000 0.500000 -0.500000
1778468395.740911 0.300000 0.000000 0.000000 0.500000 -0.500000 0.500000 -0.500000
1778468395.880022 0.300000 0.000000 0.000000 0.500000 -0.500000 0.500000 -0.500000
1778468396.015484 0.300000 0.000000 0.000000 0.500000 -0.500000 0.500000 -0.500000
1778468396.153837 0.300000 0.000000 0.000000 0.500000 -0.500000 0.500000 -0.500000
1778468396.297145 0.300000 0.000000 0.000000 0.500000 -0.500000 0.500000 -0.500000
1778468396.431542 0.300000 0.000000 0.000000 0.500000 -0.500000 0.500000 -0.500000
1778468396.576354 0.300000 0.000000 0.000000 0.500000 -0.500000 0.500000 -0.500000
1778468396.713197 0.300000 0.000000 0.000000 0.500000 -0.500000 0.500000 -0.500000
1778468396.864391 0.300000 0.000000 0.000000 0.500000 -0.500000 0.500000 -0.500000
1778468396.994276 0.300000 0.000000 0.000000 0.500000 -0.500000 0.500000 -0.500000
1778468397.136863 0.300000 0.000000 0.000000 0.500000 -0.500000 0.500000 -0.500000
1778468397.276141 0.300000 0.000000 0.000000 0.500000 -0.500000 0.500000 -0.500000
1778468397.410731 0.300000 0.000000 0.000000 0.500000 -0.500000 0.500000 -0.500000
1778468397.554080 0.300000 0.000000 0.000000 0.500000 -0.500000 0.500000 -0.500000
1778468397.691878 0.300000 0.000000 0.000000 0.500000 -0.500000 0.500000 -0.500000
1778468397.830751 0.300000 0.000000 0.000000 0.500000 -0.500000 0.500000 -0.500000
1778468397.991894 0.300000 0.000000 0.000000 0.500000 -0.500000 0.500000 -0.500000
1778468398.232602 0.300000 0.000000 0.000000 0.500000 -0.500000 0.500000 -0.500000
1778468398.490316 0.300000 0.000000 0.000000 0.500000 -0.500000 0.500000 -0.500000
1778468398.707766 0.300000 0.000000 0.000000 0.500000 -0.500000 0.500000 -0.500000
1778468398.813330 0.300000 0.000000 0.000000 0.500000 -0.500000 0.500000 -0.500000
1778468398.943994 0.300000 0.000000 0.000000 0.500000 -0.500000 0.500000 -0.500000
1778468399.181621 0.300000 0.000000 0.000000 0.500000 -0.500000 0.500000 -0.500000
1778468399.416954 0.300000 0.000000 0.000000 0.500000 -0.500000 0.500000 -0.500000
1778468399.524271 0.300000 0.000000 0.000000 0.500000 -0.500000 0.500000 -0.500000
1778468399.652894 0.300000 0.000000 0.000000 0.500000 -0.500000 0.500000 -0.500000
1778468399.881364 0.300000 0.000000 0.000000 0.500000 -0.500000 0.500000 -0.500000
1778468400.122294 0.300000 0.000000 0.000000 0.500000 -0.500000 0.500000 -0.500000
1778468400.223875 0.300000 0.000000 0.000000 0.500000 -0.500000 0.500000 -0.500000
1778468400.354324 0.300000 0.000000 0.000000 0.500000 -0.500000 0.500000 -0.500000
1778468400.586394 0.300000 0.000000 0.000000 0.500000 -0.500000 0.500000 -0.500000
1778468400.818496 0.300000 0.000000 0.000000 0.500000 -0.500000 0.500000 -0.500000
1778468401.050488 0.300000 0.000000 0.000000 0.500000 -0.500000 0.500000 -0.500000
1778468401.286000 0.300000 0.000000 0.000000 0.500000 -0.500000 0.500000 -0.500000
1778468401.400411 0.300000 0.000000 0.000000 0.500000 -0.500000 0.500000 -0.500000
1778468401.523423 0.300000 0.000000 0.000000 0.500000 -0.500000 0.500000 -0.500000
1778468401.755778 0.300000 0.000000 0.000000 0.500000 -0.500000 0.500000 -0.500000
1778468401.987626 0.300000 0.000000 0.000000 0.500000 -0.500000 0.500000 -0.500000
1778468402.101489 0.300000 0.000000 0.000000 0.500000 -0.500000 0.500000 -0.500000
1778468402.215461 0.300000 0.000000 0.000000 0.500000 -0.500000 0.500000 -0.500000
1778468402.322681 0.300000 0.000000 0.000000 0.500000 -0.500000 0.500000 -0.500000
1778468402.444774 0.300000 0.000000 0.000000 0.500000 -0.500000 0.500000 -0.500000
1778468402.595139 0.300000 0.000000 0.000000 0.500000 -0.500000 0.500000 -0.500000
1778468402.736420 0.300000 0.000000 0.000000 0.500000 -0.500000 0.500000 -0.500000
1778468402.883219 0.300000 0.000000 0.000000 0.500000 -0.500000 0.500000 -0.500000
1778468403.017124 0.300000 0.000000 0.000000 0.500000 -0.500000 0.500000 -0.500000
1778468403.168497 0.300000 0.000000 0.000000 0.500000 -0.500000 0.500000 -0.500000
1778468403.299176 0.300000 0.000000 0.000000 0.500000 -0.500000 0.500000 -0.500000
1778468403.438850 0.300000 0.000000 0.000000 0.500000 -0.500000 0.500000 -0.500000
1778468403.583504 0.300000 0.000000 0.000000 0.500000 -0.500000 0.500000 -0.500000
1778468403.716017 0.300000 0.000000 0.000000 0.500000 -0.500000 0.500000 -0.500000
1778468403.858012 0.300000 0.000000 0.000000 0.500000 -0.500000 0.500000 -0.500000
1778468403.996366 0.300000 0.000000 0.000000 0.500000 -0.500000 0.500000 -0.500000
1778468404.137200 0.300000 0.000000 0.000000 0.500000 -0.500000 0.500000 -0.500000
1778468404.274476 0.300000 0.000000 0.000000 0.500000 -0.500000 0.500000 -0.500000
1778468404.418276 0.300000 0.000000 0.000000 0.500000 -0.500000 0.500000 -0.500000
1778468404.555656 0.300000 0.000000 0.000000 0.500000 -0.500000 0.500000 -0.500000
1778468404.696320 0.300000 0.000000 0.000000 0.500000 -0.500000 0.500000 -0.500000
1778468404.835518 0.300000 0.000000 0.000000 0.500000 -0.500000 0.500000 -0.500000
1778468404.974878 0.300000 0.000000 0.000000 0.500000 -0.500000 0.500000 -0.500000
1778468405.113653 0.300000 0.000000 0.000000 0.500000 -0.500000 0.500000 -0.500000
1778468405.261894 0.300000 0.000000 0.000000 0.500000 -0.500000 0.500000 -0.500000
1778468405.397709 0.300000 0.000000 0.000000 0.500000 -0.500000 0.500000 -0.500000
1778468405.535280 0.300000 0.000000 0.000000 0.500000 -0.500000 0.500000 -0.500000
1778468405.676773 0.300000 0.000000 0.000000 0.500000 -0.500000 0.500000 -0.500000
1778468405.814742 0.300000 0.000000 0.000000 0.500000 -0.500000 0.500000 -0.500000
1778468405.954683 0.300000 0.000000 0.000000 0.500000 -0.500000 0.500000 -0.500000
1778468406.095749 0.300000 0.000000 0.000000 0.500000 -0.500000 0.500000 -0.500000
1778468406.236243 0.300000 0.000000 0.000000 0.500000 -0.500000 0.500000 -0.500000
1778468406.375888 0.300000 0.000000 0.000000 0.500000 -0.500000 0.500000 -0.500000
1778468406.516907 0.300000 0.000000 0.000000 0.500000 -0.500000 0.500000 -0.500000
1778468406.656529 0.300000 0.000000 0.000000 0.500000 -0.500000 0.500000 -0.500000
1778468406.795143 0.300000 0.000000 0.000000 0.500000 -0.500000 0.500000 -0.500000
1778468406.935702 0.300000 0.000000 0.000000 0.500000 -0.500000 0.500000 -0.500000
1778468407.073062 0.300000 0.000000 0.000000 0.500000 -0.500000 0.500000 -0.500000
1778468407.217613 0.300000 0.000000 0.000000 0.500000 -0.500000 0.500000 -0.500000
1778468407.354800 0.300000 0.000000 0.000000 0.500000 -0.500000 0.500000 -0.500000
1778468407.496872 0.300000 0.000000 0.000000 0.500000 -0.500000 0.500000 -0.500000
1778468407.635402 0.300000 0.000000 0.000000 0.500000 -0.500000 0.500000 -0.500000
1778468407.775949 0.300000 0.000000 0.000000 0.500000 -0.500000 0.500000 -0.500000
1778468407.913491 0.300000 0.000000 0.000000 0.500000 -0.500000 0.500000 -0.500000
1778468408.057377 0.300000 0.000000 0.000000 0.500000 -0.500000 0.500000 -0.500000
1778468408.194435 0.300000 0.000000 0.000000 0.500000 -0.500000 0.500000 -0.500000
1778468408.333255 0.300000 0.000000 0.000000 0.500000 -0.500000 0.500000 -0.500000
1778468408.471729 0.300000 0.000000 0.000000 0.500000 -0.500000 0.500000 -0.500000
1778468408.615700 0.300000 0.000000 0.000000 0.500000 -0.500000 0.500000 -0.500000
1778468408.764578 0.300000 0.000000 0.000000 0.500000 -0.500000 0.500000 -0.500000
1778468408.896338 0.300000 0.000000 0.000000 0.500000 -0.500000 0.500000 -0.500000
1778468409.036763 0.300000 0.000000 0.000000 0.500000 -0.500000 0.500000 -0.500000
1778468409.176245 0.300000 0.000000 0.000000 0.500000 -0.500000 0.500000 -0.500000
1778468409.314560 0.300000 0.000000 0.000000 0.500000 -0.500000 0.500000 -0.500000
1778468409.453517 0.300000 0.000000 0.000000 0.500000 -0.500000 0.500000 -0.500000
1778468409.592452 0.300000 0.000000 0.000000 0.500000 -0.500000 0.500000 -0.500000
1778468409.732348 0.300000 0.000000 0.000000 0.500000 -0.500000 0.500000 -0.500000
1778468409.874948 0.300000 0.000000 0.000000 0.500000 -0.500000 0.500000 -0.500000
1778468410.010925 0.300000 0.000000 0.000000 0.500000 -0.500000 0.500000 -0.500000
1778468410.157277 0.300000 0.000000 0.000000 0.500000 -0.500000 0.500000 -0.500000
1778468410.307234 0.300000 0.000000 0.000000 0.500000 -0.500000 0.500000 -0.500000
1778468410.432144 0.300000 0.000000 0.000000 0.500000 -0.500000 0.500000 -0.500000
1778468410.571446 0.300000 0.000000 0.000000 0.500000 -0.500000 0.500000 -0.500000
1778468410.718274 0.300000 0.000000 0.000000 0.500000 -0.500000 0.500000 -0.500000
1778468410.856531 0.300000 0.000000 0.000000 0.500000 -0.500000 0.500000 -0.500000
1778468410.991462 0.300000 0.000000 0.000000 0.500000 -0.500000 0.500000 -0.500000
1778468411.137478 0.300000 0.000000 0.000000 0.500000 -0.500000 0.500000 -0.500000
1778468411.274933 0.300000 0.000000 0.000000 0.500000 -0.500000 0.500000 -0.500000
1778468411.409701 0.300000 0.000000 0.000000 0.500000 -0.500000 0.500000 -0.500000
1778468411.552637 0.300000 0.000000 0.000000 0.500000 -0.500000 0.500000 -0.500000
1778468411.689309 0.300000 0.000000 0.000000 0.500000 -0.500000 0.500000 -0.500000
1778468411.828537 0.300000 0.000000 0.000000 0.500000 -0.500000 0.500000 -0.500000
1778468411.973220 0.300000 0.000000 0.000000 0.500000 -0.500000 0.500000 -0.500000
1778468412.120004 0.300000 0.000000 0.000000 0.500000 -0.500000 0.500000 -0.500000
1778468412.253783 0.300000 0.000000 0.000000 0.500000 -0.500000 0.500000 -0.500000
1778468412.403158 0.300000 0.000000 0.000000 0.500000 -0.500000 0.500000 -0.500000
1778468412.539535 0.300000 0.000000 0.000000 0.500000 -0.500000 0.500000 -0.500000
1778468412.677931 0.300000 0.000000 0.000000 0.500000 -0.500000 0.500000 -0.500000
1778468412.815228 0.300000 0.000000 0.000000 0.500000 -0.500000 0.500000 -0.500000
1778468412.954605 0.300000 0.000000 0.000000 0.500000 -0.500000 0.500000 -0.500000
1778468413.095128 0.300000 0.000000 0.000000 0.500000 -0.500000 0.500000 -0.500000
1778468413.254534 0.300000 0.000000 0.000000 0.500000 -0.500000 0.500000 -0.500000
1778468413.376290 0.300000 0.000000 0.000000 0.500000 -0.500000 0.500000 -0.500000
1778468413.517374 0.300000 0.000000 0.000000 0.500000 -0.500000 0.500000 -0.500000
1778468413.657344 0.300000 0.000000 0.000000 0.500000 -0.500000 0.500000 -0.500000
1778468413.795039 0.300000 0.000000 0.000000 0.500000 -0.500000 0.500000 -0.500000
1778468413.941428 0.300000 0.000000 0.000000 0.500000 -0.500000 0.500000 -0.500000
1778468414.076076 0.300000 0.000000 0.000000 0.500000 -0.500000 0.500000 -0.500000
1778468414.221906 0.300000 0.000000 0.000000 0.500000 -0.500000 0.500000 -0.500000
1778468414.356531 0.300000 0.000000 0.000000 0.500000 -0.500000 0.500000 -0.500000
1778468414.500631 0.300000 0.000000 0.000000 0.500000 -0.500000 0.500000 -0.500000
1778468414.634896 0.300000 0.000000 0.000000 0.500000 -0.500000 0.500000 -0.500000
1778468414.776284 0.300000 0.000000 0.000000 0.500000 -0.500000 0.500000 -0.500000
1778468414.917230 0.300000 0.000000 0.000000 0.500000 -0.500000 0.500000 -0.500000
1778468415.055541 0.300000 0.000000 0.000000 0.500000 -0.500000 0.500000 -0.500000
1778468415.192621 0.300000 0.000000 0.000000 0.500000 -0.500000 0.500000 -0.500000
1778468415.336056 0.300000 0.000000 0.000000 0.500000 -0.500000 0.500000 -0.500000
1778468415.475969 0.300000 0.000000 0.000000 0.500000 -0.500000 0.500000 -0.500000
1778468415.620505 0.300000 0.000000 0.000000 0.500000 -0.500000 0.500000 -0.500000
1778468415.758294 0.300000 0.000000 0.000000 0.500000 -0.500000 0.500000 -0.500000
1778468415.895376 0.300000 0.000000 0.000000 0.500000 -0.500000 0.500000 -0.500000
1778468416.045906 0.300000 0.000000 0.000000 0.500000 -0.500000 0.500000 -0.500000
1778468416.180273 0.300000 0.000000 0.000000 0.500000 -0.500000 0.500000 -0.500000
1778468416.314000 0.300000 0.000000 0.000000 0.500000 -0.500000 0.500000 -0.500000
1778468416.452174 0.300000 0.000000 0.000000 0.500000 -0.500000 0.500000 -0.500000
1778468416.592530 0.300000 0.000000 0.000000 0.500000 -0.500000 0.500000 -0.500000
1778468416.733790 0.300000 0.000000 0.000000 0.500000 -0.500000 0.500000 -0.500000
1778468416.875507 0.300000 0.000000 0.000000 0.500000 -0.500000 0.500000 -0.500000
1778468417.012233 0.300000 0.000000 0.000000 0.500000 -0.500000 0.500000 -0.500000
1778468417.155616 0.300000 0.000000 0.000000 0.500000 -0.500000 0.500000 -0.500000
1778468417.293610 0.300000 0.000000 0.000000 0.500000 -0.500000 0.500000 -0.500000
1778468417.431825 0.300000 0.000000 0.000000 0.500000 -0.500000 0.500000 -0.500000
1778468417.574465 0.300000 0.000000 0.000000 0.500000 -0.500000 0.500000 -0.500000
1778468417.724329 0.300000 0.000000 0.000000 0.500000 -0.500000 0.500000 -0.500000
1778468417.861156 0.300000 0.000000 0.000000 0.500000 -0.500000 0.500000 -0.500000
1778468417.992821 0.300000 0.000000 0.000000 0.500000 -0.500000 0.500000 -0.500000
1778468418.139364 0.300000 0.000000 0.000000 0.500000 -0.500000 0.500000 -0.500000
1778468418.270583 0.300000 0.000000 0.000000 0.500000 -0.500000 0.500000 -0.500000
1778468418.410435 0.300000 0.000000 0.000000 0.500000 -0.500000 0.500000 -0.500000
1778468418.548887 0.300000 0.000000 0.000000 0.500000 -0.500000 0.500000 -0.500000
1778468418.690778 0.300000 0.000000 0.000000 0.500000 -0.500000 0.500000 -0.500000
1778468418.835520 0.300000 0.000000 0.000000 0.500000 -0.500000 0.500000 -0.500000
1778468418.974403 0.300000 0.000000 0.000000 0.500000 -0.500000 0.500000 -0.500000
1778468419.115140 0.300000 0.000000 0.000000 0.500000 -0.500000 0.500000 -0.500000
1778468419.264128 0.300000 0.000000 0.000000 0.500000 -0.500000 0.500000 -0.500000
1778468419.404305 0.300000 0.000000 0.000000 0.500000 -0.500000 0.500000 -0.500000
1778468419.536407 0.300000 0.000000 0.000000 0.500000 -0.500000 0.500000 -0.500000
1778468419.686169 0.300000 0.000000 0.000000 0.500000 -0.500000 0.500000 -0.500000
1778468419.824742 0.300000 0.000000 0.000000 0.500000 -0.500000 0.500000 -0.500000
1778468419.965292 0.300000 0.000000 0.000000 0.500000 -0.500000 0.500000 -0.500000
1778468420.102255 0.300000 0.000000 0.000000 0.500000 -0.500000 0.500000 -0.500000
1778468420.245373 0.300000 0.000000 0.000000 0.500000 -0.500000 0.500000 -0.500000
1778468420.385833 0.300000 0.000000 0.000000 0.500000 -0.500000 0.500000 -0.500000
1778468420.526777 0.300000 0.000000 0.000000 0.500000 -0.500000 0.500000 -0.500000
1778468420.664995 0.300000 0.000000 0.000000 0.500000 -0.500000 0.500000 -0.500000
1778468420.804421 0.300000 0.000000 0.000000 0.500000 -0.500000 0.500000 -0.500000
1778468420.944040 0.300000 0.000000 0.000000 0.500000 -0.500000 0.500000 -0.500000
1778468421.088793 0.300000 0.000000 0.000000 0.500000 -0.500000 0.500000 -0.500000
1778468421.227374 0.300000 0.000000 0.000000 0.500000 -0.500000 0.500000 -0.500000
1778468421.368288 0.300000 0.000000 0.000000 0.500000 -0.500000 0.500000 -0.500000
1778468421.517083 0.300000 0.000000 0.000000 0.500000 -0.500000 0.500000 -0.500000
1778468421.650706 0.300000 0.000000 0.000000 0.500000 -0.500000 0.500000 -0.500000
1778468421.788664 0.300000 0.000000 0.000000 0.500000 -0.500000 0.500000 -0.500000
1778468421.933359 0.300000 0.000000 0.000000 0.500000 -0.500000 0.500000 -0.500000
1778468422.076891 0.300000 0.000000 0.000000 0.500000 -0.500000 0.500000 -0.500000
1778468422.209707 0.300000 0.000000 0.000000 0.500000 -0.500000 0.500000 -0.500000
1778468422.348472 0.300000 0.000000 0.000000 0.500000 -0.500000 0.500000 -0.500000
1778468422.491470 0.300000 0.000000 0.000000 0.500000 -0.500000 0.500000 -0.500000
1778468422.630247 0.300000 0.000000 0.000000 0.500000 -0.500000 0.500000 -0.500000
1778468422.769393 0.300000 0.000000 0.000000 0.500000 -0.500000 0.500000 -0.500000
1778468422.910328 0.300000 0.000000 0.000000 0.500000 -0.500000 0.500000 -0.500000
1778468423.060980 0.300000 0.000000 0.000000 0.500000 -0.500000 0.500000 -0.500000
1778468423.197234 0.300000 0.000000 0.000000 0.500000 -0.500000 0.500000 -0.500000
1778468423.334809 0.300000 0.000000 0.000000 0.500000 -0.500000 0.500000 -0.500000
1778468423.475450 0.300000 0.000000 0.000000 0.500000 -0.500000 0.500000 -0.500000
1778468423.612718 0.300000 0.000000 0.000000 0.500000 -0.500000 0.500000 -0.500000
1778468423.751577 0.300000 0.000000 0.000000 0.500000 -0.500000 0.500000 -0.500000
1778468423.890018 0.300000 0.000000 0.000000 0.500000 -0.500000 0.500000 -0.500000
1778468424.030320 0.300000 0.000000 0.000000 0.500000 -0.500000 0.500000 -0.500000
1778468424.174680 0.300000 0.000000 0.000000 0.500000 -0.500000 0.500000 -0.500000
1778468424.313481 0.300000 0.000000 0.000000 0.500000 -0.500000 0.500000 -0.500000
1778468424.454015 0.300000 0.000000 0.000000 0.500000 -0.500000 0.500000 -0.500000
1778468424.600473 0.300000 0.000000 0.000000 0.500000 -0.500000 0.500000 -0.500000
1778468424.733902 0.300000 0.000000 0.000000 0.500000 -0.500000 0.500000 -0.500000
1778468424.886646 0.300000 0.000000 0.000000 0.500000 -0.500000 0.500000 -0.500000
1778468425.014635 0.300000 0.000000 0.000000 0.500000 -0.500000 0.500000 -0.500000
1778468425.161330 0.300000 0.000000 0.000000 0.500000 -0.500000 0.500000 -0.500000
1778468425.312214 0.300000 0.000000 0.000000 0.500000 -0.500000 0.500000 -0.500000
1778468425.439481 0.300000 0.000000 0.000000 0.500000 -0.500000 0.500000 -0.500000
1778468425.588305 0.300000 0.000000 0.000000 0.500000 -0.500000 0.500000 -0.500000
1778468425.718667 0.300000 0.000000 0.000000 0.500000 -0.500000 0.500000 -0.500000
1778468425.867151 0.300000 0.000000 0.000000 0.500000 -0.500000 0.500000 -0.500000
1778468425.998968 0.300000 0.000000 0.000000 0.500000 -0.500000 0.500000 -0.500000
1778468426.146972 0.300000 0.000000 0.000000 0.500000 -0.500000 0.500000 -0.500000
1778468426.282107 0.300000 0.000000 0.000000 0.500000 -0.500000 0.500000 -0.500000
1778468426.421046 0.300000 0.000000 0.000000 0.500000 -0.500000 0.500000 -0.500000
1778468426.560234 0.300000 0.000000 0.000000 0.500000 -0.500000 0.500000 -0.500000
1778468426.701395 0.300000 0.000000 0.000000 0.500000 -0.500000 0.500000 -0.500000
1778468426.846148 0.300000 0.000000 0.000000 0.500000 -0.500000 0.500000 -0.500000
1778468426.983443 0.300000 0.000000 0.000000 0.500000 -0.500000 0.500000 -0.500000
1778468427.118685 0.300000 0.000000 0.000000 0.500000 -0.500000 0.500000 -0.500000
1778468427.261802 0.300000 0.000000 0.000000 0.500000 -0.500000 0.500000 -0.500000
1778468427.401563 0.300000 0.000000 0.000000 0.500000 -0.500000 0.500000 -0.500000
1778468427.543856 0.300000 0.000000 0.000000 0.500000 -0.500000 0.500000 -0.500000
1778468427.684117 0.300000 0.000000 0.000000 0.500000 -0.500000 0.500000 -0.500000
1778468427.824178 0.300000 0.000000 0.000000 0.500000 -0.500000 0.500000 -0.500000
1778468427.965314 0.300000 0.000000 0.000000 0.500000 -0.500000 0.500000 -0.500000
1778468428.103060 0.300000 0.000000 0.000000 0.500000 -0.500000 0.500000 -0.500000
1778468428.245329 0.300000 0.000000 0.000000 0.500000 -0.500000 0.500000 -0.500000
1778468428.391285 0.300000 0.000000 0.000000 0.500000 -0.500000 0.500000 -0.500000
1778468428.524222 0.300000 0.000000 0.000000 0.500000 -0.500000 0.500000 -0.500000
1778468428.670248 0.300000 0.000000 0.000000 0.500000 -0.500000 0.500000 -0.500000
1778468428.813591 0.300000 0.000000 0.000000 0.500000 -0.500000 0.500000 -0.500000
1778468428.949967 0.300000 0.000000 0.000000 0.500000 -0.500000 0.500000 -0.500000
1778468429.089710 0.300000 0.000000 0.000000 0.500000 -0.500000 0.500000 -0.500000
1778468429.229347 0.300000 0.000000 0.000000 0.500000 -0.500000 0.500000 -0.500000
1778468429.372390 0.300000 0.000000 0.000000 0.500000 -0.500000 0.500000 -0.500000
1778468429.510728 0.300000 0.000000 0.000000 0.500000 -0.500000 0.500000 -0.500000
1778468429.652073 0.300000 0.000000 0.000000 0.500000 -0.500000 0.500000 -0.500000
1778468429.792295 0.300000 0.000000 0.000000 0.500000 -0.500000 0.500000 -0.500000
1778468429.931874 0.300000 0.000000 0.000000 0.500000 -0.500000 0.500000 -0.500000
1778468430.072810 0.300000 0.000000 0.000000 0.500000 -0.500000 0.500000 -0.500000
1778468430.211433 0.300000 0.000000 0.000000 0.500000 -0.500000 0.500000 -0.500000
1778468430.351573 0.300000 0.000000 0.000000 0.500000 -0.500000 0.500000 -0.500000
1778468430.498832 0.300000 0.000000 0.000000 0.500000 -0.500000 0.500000 -0.500000
1778468430.635034 0.300000 0.000000 0.000000 0.500000 -0.500000 0.500000 -0.500000
1778468430.770991 0.300000 0.000000 0.000000 0.500000 -0.500000 0.500000 -0.500000
1778468430.914048 0.300000 0.000000 0.000000 0.500000 -0.500000 0.500000 -0.500000
1778468431.054500 0.300000 0.000000 0.000000 0.500000 -0.500000 0.500000 -0.500000
1778468431.192842 0.300000 0.000000 0.000000 0.500000 -0.500000 0.500000 -0.500000
1778468431.332832 0.300000 0.000000 0.000000 0.500000 -0.500000 0.500000 -0.500000
1778468431.473307 0.300000 0.000000 0.000000 0.500000 -0.500000 0.500000 -0.500000
1778468431.613589 0.300000 0.000000 0.000000 0.500000 -0.500000 0.500000 -0.500000
1778468431.755404 0.300000 0.000000 0.000000 0.500000 -0.500000 0.500000 -0.500000
1778468431.898021 0.300000 0.000000 0.000000 0.500000 -0.500000 0.500000 -0.500000
1778468432.035238 0.300000 0.000000 0.000000 0.500000 -0.500000 0.500000 -0.500000
1778468432.174894 0.300000 0.000000 0.000000 0.500000 -0.500000 0.500000 -0.500000
1778468432.322457 0.300000 0.000000 0.000000 0.500000 -0.500000 0.500000 -0.500000
1778468432.458047 0.300000 0.000000 0.000000 0.500000 -0.500000 0.500000 -0.500000
1778468432.596536 0.300000 0.000000 0.000000 0.500000 -0.500000 0.500000 -0.500000
1778468432.741154 0.300000 0.000000 0.000000 0.500000 -0.500000 0.500000 -0.500000
1778468432.879685 0.300000 0.000000 0.000000 0.500000 -0.500000 0.500000 -0.500000
1778468433.019334 0.300000 0.000000 0.000000 0.500000 -0.500000 0.500000 -0.500000
1778468433.157800 0.300000 0.000000 0.000000 0.500000 -0.500000 0.500000 -0.500000
1778468433.297258 0.300000 0.000000 0.000000 0.500000 -0.500000 0.500000 -0.500000
1778468433.438401 0.300000 0.000000 0.000000 0.500000 -0.500000 0.500000 -0.500000
1778468433.576347 0.300000 0.000000 0.000000 0.500000 -0.500000 0.500000 -0.500000
1778468433.719556 0.300000 0.000000 0.000000 0.500000 -0.500000 0.500000 -0.500000
1778468433.858843 0.300000 0.000000 0.000000 0.500000 -0.500000 0.500000 -0.500000
1778468434.001056 0.300000 0.000000 0.000000 0.500000 -0.500000 0.500000 -0.500000
1778468434.146649 0.300000 0.000000 0.000000 0.500000 -0.500000 0.500000 -0.500000
1778468434.281399 0.300000 0.000000 0.000000 0.500000 -0.500000 0.500000 -0.500000
1778468434.419508 0.300000 0.000000 0.000000 0.500000 -0.500000 0.500000 -0.500000
1778468434.558497 0.300000 0.000000 0.000000 0.500000 -0.500000 0.500000 -0.500000
1778468434.703211 0.300000 0.000000 0.000000 0.500000 -0.500000 0.500000 -0.500000
1778468434.841247 0.300000 0.000000 0.000000 0.500000 -0.500000 0.500000 -0.500000
1778468434.982238 0.300000 0.000000 0.000000 0.500000 -0.500000 0.500000 -0.500000
1778468435.121063 0.300000 0.000000 0.000000 0.500000 -0.500000 0.500000 -0.500000
1778468435.261902 0.300000 0.000000 0.000000 0.500000 -0.500000 0.500000 -0.500000
1778468435.401495 0.300000 0.000000 0.000000 0.500000 -0.500000 0.500000 -0.500000
1778468435.542781 0.300000 0.000000 0.000000 0.500000 -0.500000 0.500000 -0.500000
1778468435.685853 0.300000 0.000000 0.000000 0.500000 -0.500000 0.500000 -0.500000
1778468435.824352 0.300000 0.000000 0.000000 0.500000 -0.500000 0.500000 -0.500000
1778468435.962189 0.300000 0.000000 0.000000 0.500000 -0.500000 0.500000 -0.500000
1778468436.110479 0.300000 0.000000 0.000000 0.500000 -0.500000 0.500000 -0.500000
1778468436.245763 0.300000 0.000000 0.000000 0.500000 -0.500000 0.500000 -0.500000
1778468436.384049 0.300000 0.000000 0.000000 0.500000 -0.500000 0.500000 -0.500000
1778468436.525746 0.300000 0.000000 0.000000 0.500000 -0.500000 0.500000 -0.500000
1778468436.663763 0.300000 0.000000 0.000000 0.500000 -0.500000 0.500000 -0.500000
1778468436.804014 0.300000 0.000000 0.000000 0.500000 -0.500000 0.500000 -0.500000
1778468436.942374 0.300000 0.000000 0.000000 0.500000 -0.500000 0.500000 -0.500000
1778468437.083114 0.300000 0.000000 0.000000 0.500000 -0.500000 0.500000 -0.500000
1778468437.228019 0.300000 0.000000 0.000000 0.500000 -0.500000 0.500000 -0.500000
1778468437.365028 0.300000 0.000000 0.000000 0.500000 -0.500000 0.500000 -0.500000
1778468437.505130 0.300000 0.000000 0.000000 0.500000 -0.500000 0.500000 -0.500000
1778468437.644121 0.300000 0.000000 0.000000 0.500000 -0.500000 0.500000 -0.500000
1778468437.785044 0.300000 0.000000 0.000000 0.500000 -0.500000 0.500000 -0.500000
1778468437.925229 0.300000 0.000000 0.000000 0.500000 -0.500000 0.500000 -0.500000
1778468438.065256 0.300000 0.000000 0.000000 0.500000 -0.500000 0.500000 -0.500000
1778468438.207847 0.300000 0.000000 0.000000 0.500000 -0.500000 0.500000 -0.500000
1778468438.353442 0.300000 0.000000 0.000000 0.500000 -0.500000 0.500000 -0.500000
1778468438.490943 0.300000 0.000000 0.000000 0.500000 -0.500000 0.500000 -0.500000
1778468438.633052 0.300000 0.000000 0.000000 0.500000 -0.500000 0.500000 -0.500000
1778468438.771323 0.300000 0.000000 0.000000 0.500000 -0.500000 0.500000 -0.500000
1778468438.911393 0.300000 0.000000 0.000000 0.500000 -0.500000 0.500000 -0.500000
1778468439.054297 0.300000 0.000000 0.000000 0.500000 -0.500000 0.500000 -0.500000
1778468439.193011 0.300000 0.000000 0.000000 0.500000 -0.500000 0.500000 -0.500000
1778468439.332060 0.300000 0.000000 0.000000 0.500000 -0.500000 0.500000 -0.500000
1778468439.472879 0.300000 0.000000 0.000000 0.500000 -0.500000 0.500000 -0.500000
1778468439.615646 0.300000 0.000000 0.000000 0.500000 -0.500000 0.500000 -0.500000
1778468439.751058 0.300000 0.000000 0.000000 0.500000 -0.500000 0.500000 -0.500000
1778468439.891564 0.300000 0.000000 0.000000 0.500000 -0.500000 0.500000 -0.500000
1778468440.033856 0.300000 0.000000 0.000000 0.500000 -0.500000 0.500000 -0.500000
1778468440.175226 0.300000 0.000000 0.000000 0.500000 -0.500000 0.500000 -0.500000
1778468440.323501 0.300000 0.000000 0.000000 0.500000 -0.500000 0.500000 -0.500000
1778468440.455564 0.300000 0.000000 0.000000 0.500000 -0.500000 0.500000 -0.500000
1778468440.595913 0.300000 0.000000 0.000000 0.500000 -0.500000 0.500000 -0.500000
1778468440.732896 0.300000 0.000000 0.000000 0.500000 -0.500000 0.500000 -0.500000
1778468440.877083 0.300000 0.000000 0.000000 0.500000 -0.500000 0.500000 -0.500000
1778468441.018984 0.300000 0.000000 0.000000 0.500000 -0.500000 0.500000 -0.500000
1778468441.158905 0.300000 0.000000 0.000000 0.500000 -0.500000 0.500000 -0.500000
1778468441.296758 0.300000 0.000000 0.000000 0.500000 -0.500000 0.500000 -0.500000
1778468441.437681 0.300000 0.000000 0.000000 0.500000 -0.500000 0.500000 -0.500000
1778468441.582237 0.300000 0.000000 0.000000 0.500000 -0.500000 0.500000 -0.500000
1778468441.717934 0.300000 0.000000 0.000000 0.500000 -0.500000 0.500000 -0.500000
1778468441.855735 0.300000 0.000000 0.000000 0.500000 -0.500000 0.500000 -0.500000
1778468441.995425 0.300000 0.000000 0.000000 0.500000 -0.500000 0.500000 -0.500000
1778468442.136908 0.300000 0.000000 0.000000 0.500000 -0.500000 0.500000 -0.500000
1778468442.275554 0.300000 0.000000 0.000000 0.500000 -0.500000 0.500000 -0.500000
1778468442.418394 0.300000 0.000000 0.000000 0.500000 -0.500000 0.500000 -0.500000
1778468442.560396 0.300000 0.000000 0.000000 0.500000 -0.500000 0.500000 -0.500000
1778468442.698547 0.300000 0.000000 0.000000 0.500000 -0.500000 0.500000 -0.500000
1778468442.838490 0.300000 0.000000 0.000000 0.500000 -0.500000 0.500000 -0.500000
1778468442.978208 0.300000 0.000000 0.000000 0.500000 -0.500000 0.500000 -0.500000
1778468443.120243 0.300000 0.000000 0.000000 0.500000 -0.500000 0.500000 -0.500000
1778468443.263612 0.300000 0.000000 0.000000 0.500000 -0.500000 0.500000 -0.500000
1778468443.400109 0.300000 0.000000 0.000000 0.500000 -0.500000 0.500000 -0.500000
1778468443.539149 0.300000 0.000000 0.000000 0.500000 -0.500000 0.500000 -0.500000
1778468443.681012 0.300000 0.000000 0.000000 0.500000 -0.500000 0.500000 -0.500000
1778468443.817297 0.300000 0.000000 0.000000 0.500000 -0.500000 0.500000 -0.500000
1778468443.958008 0.300000 0.000000 0.000000 0.500000 -0.500000 0.500000 -0.500000
1778468444.097490 0.300000 0.000000 0.000000 0.500000 -0.500000 0.500000 -0.500000
1778468444.237339 0.300000 0.000000 0.000000 0.500000 -0.500000 0.500000 -0.500000
1778468444.378230 0.300000 0.000000 0.000000 0.500000 -0.500000 0.500000 -0.500000
1778468444.518410 0.300000 0.000000 0.000000 0.500000 -0.500000 0.500000 -0.500000
1778468444.657087 0.300000 0.000000 0.000000 0.500000 -0.500000 0.500000 -0.500000
1778468444.804969 0.300000 0.000000 0.000000 0.500000 -0.500000 0.500000 -0.500000
1778468444.936841 0.300000 0.000000 0.000000 0.500000 -0.500000 0.500000 -0.500000
1778468445.077725 0.300000 0.000000 0.000000 0.500000 -0.500000 0.500000 -0.500000
1778468445.229425 0.300000 0.000000 0.000000 0.500000 -0.500000 0.500000 -0.500000
1778468445.359443 0.300000 0.000000 0.000000 0.500000 -0.500000 0.500000 -0.500000
1778468445.503007 0.300000 0.000000 0.000000 0.500000 -0.500000 0.500000 -0.500000
1778468445.641231 0.300000 0.000000 0.000000 0.500000 -0.500000 0.500000 -0.500000
1778468445.779933 0.300000 0.000000 0.000000 0.500000 -0.500000 0.500000 -0.500000
1778468445.926421 0.300000 0.000000 0.000000 0.500000 -0.500000 0.500000 -0.500000
1778468446.065504 0.300000 0.000000 0.000000 0.500000 -0.500000 0.500000 -0.500000
1778468446.204496 0.300000 0.000000 0.000000 0.500000 -0.500000 0.500000 -0.500000
1778468446.356293 0.300000 0.000000 0.000000 0.500000 -0.500000 0.500000 -0.500000
1778468446.502238 0.300000 0.000000 0.000000 0.500000 -0.500000 0.500000 -0.500000
1778468446.628028 0.300000 0.000000 0.000000 0.500000 -0.500000 0.500000 -0.500000
1778468446.769930 0.300000 0.000000 0.000000 0.500000 -0.500000 0.500000 -0.500000
1778468446.913734 0.300000 0.000000 0.000000 0.500000 -0.500000 0.500000 -0.500000
1778468447.057781 0.300000 0.000000 0.000000 0.500000 -0.500000 0.500000 -0.500000
1778468447.189756 0.300000 0.000000 0.000000 0.500000 -0.500000 0.500000 -0.500000
1778468447.330065 0.300000 0.000000 0.000000 0.500000 -0.500000 0.500000 -0.500000
1778468447.470500 0.300000 0.000000 0.000000 0.500000 -0.500000 0.500000 -0.500000
1778468447.612406 0.300000 0.000000 0.000000 0.500000 -0.500000 0.500000 -0.500000
1778468447.750537 0.300000 0.000000 0.000000 0.500000 -0.500000 0.500000 -0.500000
1778468447.890996 0.300000 0.000000 0.000000 0.500000 -0.500000 0.500000 -0.500000
1778468448.033240 0.300000 0.000000 0.000000 0.500000 -0.500000 0.500000 -0.500000
1778468448.170010 0.300000 0.000000 0.000000 0.500000 -0.500000 0.500000 -0.500000
1778468448.317094 0.300000 0.000000 0.000000 0.500000 -0.500000 0.500000 -0.500000
1778468448.452442 0.300000 0.000000 0.000000 0.500000 -0.500000 0.500000 -0.500000
1778468448.595590 0.300000 0.000000 0.000000 0.500000 -0.500000 0.500000 -0.500000
1778468448.730548 0.300000 0.000000 0.000000 0.500000 -0.500000 0.500000 -0.500000
1778468448.878918 0.300000 0.000000 0.000000 0.500000 -0.500000 0.500000 -0.500000
1778468449.013206 0.300000 0.000000 0.000000 0.500000 -0.500000 0.500000 -0.500000
1778468449.147848 0.300000 0.000000 0.000000 0.500000 -0.500000 0.500000 -0.500000
1778468449.288109 0.300000 0.000000 0.000000 0.500000 -0.500000 0.500000 -0.500000
1778468449.429019 0.300000 0.000000 0.000000 0.500000 -0.500000 0.500000 -0.500000
1778468449.568042 0.300000 0.000000 0.000000 0.500000 -0.500000 0.500000 -0.500000
1778468449.711080 0.300000 0.000000 0.000000 0.500000 -0.500000 0.500000 -0.500000
1778468449.852094 0.300000 0.000000 0.000000 0.500000 -0.500000 0.500000 -0.500000
1778468449.988905 0.300000 0.000000 0.000000 0.500000 -0.500000 0.500000 -0.500000
1778468450.130850 0.300000 0.000000 0.000000 0.500000 -0.500000 0.500000 -0.500000
1778468450.269879 0.300000 0.000000 0.000000 0.500000 -0.500000 0.500000 -0.500000
1778468450.419233 0.300000 0.000000 0.000000 0.500000 -0.500000 0.500000 -0.500000
1778468450.548520 0.300000 0.000000 0.000000 0.500000 -0.500000 0.500000 -0.500000
1778468450.688891 0.300000 0.000000 0.000000 0.500000 -0.500000 0.500000 -0.500000
1778468450.833158 0.300000 0.000000 0.000000 0.500000 -0.500000 0.500000 -0.500000
1778468450.972490 0.300000 0.000000 0.000000 0.500000 -0.500000 0.500000 -0.500000
1778468451.114937 0.300000 0.000000 0.000000 0.500000 -0.500000 0.500000 -0.500000
1778468451.253791 0.300000 0.000000 0.000000 0.500000 -0.500000 0.500000 -0.500000
1778468451.395548 0.300000 0.000000 0.000000 0.500000 -0.500000 0.500000 -0.500000
1778468451.538053 0.300000 0.000000 0.000000 0.500000 -0.500000 0.500000 -0.500000
1778468451.677917 0.300000 0.000000 0.000000 0.500000 -0.500000 0.500000 -0.500000
1778468451.814802 0.300000 0.000000 0.000000 0.500000 -0.500000 0.500000 -0.500000
1778468451.965621 0.300000 0.000000 0.000000 0.500000 -0.500000 0.500000 -0.500000
1778468452.096143 0.300000 0.000000 0.000000 0.500000 -0.500000 0.500000 -0.500000
1778468452.234008 0.300000 0.000000 0.000000 0.500000 -0.500000 0.500000 -0.500000
1778468452.378078 0.300000 0.000000 0.000000 0.500000 -0.500000 0.500000 -0.500000
1778468452.519028 0.300000 0.000000 0.000000 0.500000 -0.500000 0.500000 -0.500000
1778468452.664309 0.300000 0.000000 0.000000 0.500000 -0.500000 0.500000 -0.500000
1778468452.801340 0.300000 0.000000 0.000000 0.500000 -0.500000 0.500000 -0.500000
1778468452.944214 0.300000 0.000000 0.000000 0.500000 -0.500000 0.500000 -0.500000
1778468453.080512 0.300000 0.000000 0.000000 0.500000 -0.500000 0.500000 -0.500000
1778468453.221648 0.300000 0.000000 0.000000 0.500000 -0.500000 0.500000 -0.500000
1778468453.359861 0.300000 0.000000 0.000000 0.500000 -0.500000 0.500000 -0.500000
1778468453.499084 0.300000 0.000000 0.000000 0.500000 -0.500000 0.500000 -0.500000
1778468453.648555 0.300000 0.000000 0.000000 0.500000 -0.500000 0.500000 -0.500000
1778468453.778509 0.300000 0.000000 0.000000 0.500000 -0.500000 0.500000 -0.500000
1778468453.921228 0.300000 0.000000 0.000000 0.500000 -0.500000 0.500000 -0.500000
1778468454.063020 0.300000 0.000000 0.000000 0.500000 -0.500000 0.500000 -0.500000
1778468454.196774 0.300000 0.000000 0.000000 0.500000 -0.500000 0.500000 -0.500000
1778468454.339644 0.300000 0.000000 0.000000 0.500000 -0.500000 0.500000 -0.500000
1778468454.481520 0.300000 0.000000 0.000000 0.500000 -0.500000 0.500000 -0.500000
1778468454.621410 0.300000 0.000000 0.000000 0.500000 -0.500000 0.500000 -0.500000
1778468454.765413 0.300000 0.000000 0.000000 0.500000 -0.500000 0.500000 -0.500000
1778468454.900679 0.300000 0.000000 0.000000 0.500000 -0.500000 0.500000 -0.500000
1778468455.038618 0.300000 0.000000 0.000000 0.500000 -0.500000 0.500000 -0.500000
1778468455.181545 0.300000 0.000000 0.000000 0.500000 -0.500000 0.500000 -0.500000
1778468455.318262 0.300000 0.000000 0.000000 0.500000 -0.500000 0.500000 -0.500000
1778468455.460103 0.300000 0.000000 0.000000 0.500000 -0.500000 0.500000 -0.500000
1778468455.602099 0.300000 0.000000 0.000000 0.500000 -0.500000 0.500000 -0.500000
1778468455.741472 0.300000 0.000000 0.000000 0.500000 -0.500000 0.500000 -0.500000
1778468455.889668 0.300000 0.000000 0.000000 0.500000 -0.500000 0.500000 -0.500000
1778468456.033994 0.300000 0.000000 0.000000 0.500000 -0.500000 0.500000 -0.500000
1778468456.164880 0.300000 0.000000 0.000000 0.500000 -0.500000 0.500000 -0.500000
1778468456.307491 0.300000 0.000000 0.000000 0.500000 -0.500000 0.500000 -0.500000
1778468456.444315 0.300000 0.000000 0.000000 0.500000 -0.500000 0.500000 -0.500000
1778468456.584554 0.300000 0.000000 0.000000 0.500000 -0.500000 0.500000 -0.500000
1778468456.719910 0.300000 0.000000 0.000000 0.500000 -0.500000 0.500000 -0.500000
1778468456.859895 0.300000 0.000000 0.000000 0.500000 -0.500000 0.500000 -0.500000
1778468457.002374 0.300000 0.000000 0.000000 0.500000 -0.500000 0.500000 -0.500000
1778468457.140490 0.300000 0.000000 0.000000 0.500000 -0.500000 0.500000 -0.500000
1778468457.278530 0.300000 0.000000 0.000000 0.500000 -0.500000 0.500000 -0.500000
1778468457.420556 0.300000 0.000000 0.000000 0.500000 -0.500000 0.500000 -0.500000
1778468457.558466 0.300000 0.000000 0.000000 0.500000 -0.500000 0.500000 -0.500000
1778468457.696779 0.300000 0.000000 0.000000 0.500000 -0.500000 0.500000 -0.500000
1778468457.839391 0.300000 0.000000 0.000000 0.500000 -0.500000 0.500000 -0.500000
1778468457.983999 0.300000 0.000000 0.000000 0.500000 -0.500000 0.500000 -0.500000
1778468458.123089 0.300000 0.000000 0.000000 0.500000 -0.500000 0.500000 -0.500000
1778468458.263874 0.300000 0.000000 0.000000 0.500000 -0.500000 0.500000 -0.500000
1778468458.401099 0.300000 0.000000 0.000000 0.500000 -0.500000 0.500000 -0.500000
1778468458.540479 0.300000 0.000000 0.000000 0.500000 -0.500000 0.500000 -0.500000
1778468458.680755 0.300000 0.000000 0.000000 0.500000 -0.500000 0.500000 -0.500000
1778468458.819162 0.300000 0.000000 0.000000 0.500000 -0.500000 0.500000 -0.500000
1778468458.960814 0.300000 0.000000 0.000000 0.500000 -0.500000 0.500000 -0.500000
1778468459.102031 0.300000 0.000000 0.000000 0.500000 -0.500000 0.500000 -0.500000
1778468459.242149 0.300000 0.000000 0.000000 0.500000 -0.500000 0.500000 -0.500000
1778468459.380827 0.300000 0.000000 0.000000 0.500000 -0.500000 0.500000 -0.500000
1778468459.522465 0.300000 0.000000 0.000000 0.500000 -0.500000 0.500000 -0.500000
1778468459.670831 0.300000 0.000000 0.000000 0.500000 -0.500000 0.500000 -0.500000
1778468459.817055 0.300000 0.000000 0.000000 0.500000 -0.500000 0.500000 -0.500000
1778468459.951758 0.300000 0.000000 0.000000 0.500000 -0.500000 0.500000 -0.500000
1778468460.082801 0.300000 0.000000 0.000000 0.500000 -0.500000 0.500000 -0.500000
1778468460.223135 0.300000 0.000000 0.000000 0.500000 -0.500000 0.500000 -0.500000
1778468460.361962 0.300000 0.000000 0.000000 0.500000 -0.500000 0.500000 -0.500000
1778468460.512761 0.300000 0.000000 0.000000 0.500000 -0.500000 0.500000 -0.500000
1778468460.644572 0.300000 0.000000 0.000000 0.500000 -0.500000 0.500000 -0.500000
1778468460.783964 0.300000 0.000000 0.000000 0.500000 -0.500000 0.500000 -0.500000
1778468460.923076 0.300000 0.000000 0.000000 0.500000 -0.500000 0.500000 -0.500000
1778468461.067814 0.300000 0.000000 0.000000 0.500000 -0.500000 0.500000 -0.500000
1778468461.205435 0.300000 0.000000 0.000000 0.500000 -0.500000 0.500000 -0.500000
1778468461.342511 0.300000 0.000000 0.000000 0.500000 -0.500000 0.500000 -0.500000
1778468461.484822 0.300000 0.000000 0.000000 0.500000 -0.500000 0.500000 -0.500000
1778468461.629682 0.300000 0.000000 0.000000 0.500000 -0.500000 0.500000 -0.500000
1778468461.764901 0.300000 0.000000 0.000000 0.500000 -0.500000 0.500000 -0.500000
1778468461.908820 0.300000 0.000000 0.000000 0.500000 -0.500000 0.500000 -0.500000
1778468462.050384 0.300000 0.000000 0.000000 0.500000 -0.500000 0.500000 -0.500000
1778468462.186026 0.300000 0.000000 0.000000 0.500000 -0.500000 0.500000 -0.500000
1778468462.325491 0.300000 0.000000 0.000000 0.500000 -0.500000 0.500000 -0.500000
1778468462.464765 0.300000 0.000000 0.000000 0.500000 -0.500000 0.500000 -0.500000
1778468462.604495 0.300000 0.000000 0.000000 0.500000 -0.500000 0.500000 -0.500000
1778468462.745368 0.300000 0.000000 0.000000 0.500000 -0.500000 0.500000 -0.500000
1778468462.886546 0.300000 0.000000 0.000000 0.500000 -0.500000 0.500000 -0.500000
1778468463.026974 0.300000 0.000000 0.000000 0.500000 -0.500000 0.500000 -0.500000
1778468463.181899 0.300000 0.000000 0.000000 0.500000 -0.500000 0.500000 -0.500000
1778468463.319262 0.300000 0.000000 0.000000 0.500000 -0.500000 0.500000 -0.500000
1778468463.450753 0.300000 0.000000 0.000000 0.500000 -0.500000 0.500000 -0.500000
1778468463.590346 0.300000 0.000000 0.000000 0.500000 -0.500000 0.500000 -0.500000
1778468463.732729 0.300000 0.000000 0.000000 0.500000 -0.500000 0.500000 -0.500000
1778468463.871995 0.300000 0.000000 0.000000 0.500000 -0.500000 0.500000 -0.500000
1778468464.010865 0.300000 0.000000 0.000000 0.500000 -0.500000 0.500000 -0.500000
1778468464.152690 0.300000 0.000000 0.000000 0.500000 -0.500000 0.500000 -0.500000
1778468464.294689 0.300000 0.000000 0.000000 0.500000 -0.500000 0.500000 -0.500000
1778468464.430569 0.300000 0.000000 0.000000 0.500000 -0.500000 0.500000 -0.500000
1778468464.568467 0.300000 0.000000 0.000000 0.500000 -0.500000 0.500000 -0.500000
1778468464.709485 0.300000 0.000000 0.000000 0.500000 -0.500000 0.500000 -0.500000
1778468464.850512 0.300000 0.000000 0.000000 0.500000 -0.500000 0.500000 -0.500000
1778468464.989604 0.300000 0.000000 0.000000 0.500000 -0.500000 0.500000 -0.500000
1778468465.129611 0.300000 0.000000 0.000000 0.500000 -0.500000 0.500000 -0.500000
1778468465.269853 0.300000 0.000000 0.000000 0.500000 -0.500000 0.500000 -0.500000
1778468465.409522 0.300000 0.000000 0.000000 0.500000 -0.500000 0.500000 -0.500000
1778468465.559193 0.300000 0.000000 0.000000 0.500000 -0.500000 0.500000 -0.500000
1778468465.694947 0.300000 0.000000 0.000000 0.500000 -0.500000 0.500000 -0.500000
1778468465.837828 0.300000 0.000000 0.000000 0.500000 -0.500000 0.500000 -0.500000
1778468465.969811 0.300000 0.000000 0.000000 0.500000 -0.500000 0.500000 -0.500000
1778468466.109810 0.300000 0.000000 0.000000 0.500000 -0.500000 0.500000 -0.500000
1778468466.252952 0.300000 0.000000 0.000000 0.500000 -0.500000 0.500000 -0.500000
1778468466.393055 0.300000 0.000000 0.000000 0.500000 -0.500000 0.500000 -0.500000
1778468466.532758 0.300000 0.000000 0.000000 0.500000 -0.500000 0.500000 -0.500000
1778468466.682372 0.300000 0.000000 0.000000 0.500000 -0.500000 0.500000 -0.500000
1778468466.812527 0.300000 0.000000 0.000000 0.500000 -0.500000 0.500000 -0.500000
1778468466.956146 0.300000 0.000000 0.000000 0.500000 -0.500000 0.500000 -0.500000
1778468467.093250 0.300000 0.000000 0.000000 0.500000 -0.500000 0.500000 -0.500000
1778468467.232100 0.300000 0.000000 0.000000 0.500000 -0.500000 0.500000 -0.500000
1778468467.375600 0.300000 0.000000 0.000000 0.500000 -0.500000 0.500000 -0.500000
1778468467.518177 0.300000 0.000000 0.000000 0.500000 -0.500000 0.500000 -0.500000
1778468467.656998 0.300000 0.000000 0.000000 0.500000 -0.500000 0.500000 -0.500000
1778468467.790479 0.300000 0.000000 0.000000 0.500000 -0.500000 0.500000 -0.500000
1778468467.931321 0.300000 0.000000 0.000000 0.500000 -0.500000 0.500000 -0.500000
1778468468.071724 0.300000 0.000000 0.000000 0.500000 -0.500000 0.500000 -0.500000
1778468468.210896 0.300000 0.000000 0.000000 0.500000 -0.500000 0.500000 -0.500000
1778468468.353345 0.300000 0.000000 0.000000 0.500000 -0.500000 0.500000 -0.500000
1778468468.490665 0.300000 0.000000 0.000000 0.500000 -0.500000 0.500000 -0.500000
1778468468.631454 0.300000 0.000000 0.000000 0.500000 -0.500000 0.500000 -0.500000
1778468468.776275 0.300000 0.000000 0.000000 0.500000 -0.500000 0.500000 -0.500000
1778468468.920009 0.300000 0.000000 0.000000 0.500000 -0.500000 0.500000 -0.500000
1778468469.055820 0.300000 0.000000 0.000000 0.500000 -0.500000 0.500000 -0.500000
1778468469.204133 0.300000 0.000000 0.000000 0.500000 -0.500000 0.500000 -0.500000
1778468469.337118 0.300000 0.000000 0.000000 0.500000 -0.500000 0.500000 -0.500000
1778468469.474491 0.300000 0.000000 0.000000 0.500000 -0.500000 0.500000 -0.500000
1778468469.612160 0.300000 0.000000 0.000000 0.500000 -0.500000 0.500000 -0.500000
1778468469.752315 0.300000 0.000000 0.000000 0.500000 -0.500000 0.500000 -0.500000
1778468469.892812 0.300000 0.000000 0.000000 0.500000 -0.500000 0.500000 -0.500000
1778468470.033297 0.300000 0.000000 0.000000 0.500000 -0.500000 0.500000 -0.500000
1778468470.174334 0.300000 0.000000 0.000000 0.500000 -0.500000 0.500000 -0.500000
1778468470.311476 0.300000 0.000000 0.000000 0.500000 -0.500000 0.500000 -0.500000
1778468470.453985 0.300000 0.000000 0.000000 0.500000 -0.500000 0.500000 -0.500000
1778468470.590883 0.300000 0.000000 0.000000 0.500000 -0.500000 0.500000 -0.500000
1778468470.739583 0.300000 0.000000 0.000000 0.500000 -0.500000 0.500000 -0.500000
1778468470.872747 0.300000 0.000000 0.000000 0.500000 -0.500000 0.500000 -0.500000
1778468471.016759 0.300000 0.000000 0.000000 0.500000 -0.500000 0.500000 -0.500000
1778468471.153822 0.300000 0.000000 0.000000 0.500000 -0.500000 0.500000 -0.500000
1778468471.293618 0.300000 0.000000 0.000000 0.500000 -0.500000 0.500000 -0.500000
1778468471.432733 0.300000 0.000000 0.000000 0.500000 -0.500000 0.500000 -0.500000
1778468471.573336 0.300000 0.000000 0.000000 0.500000 -0.500000 0.500000 -0.500000
1778468471.714090 0.300000 0.000000 0.000000 0.500000 -0.500000 0.500000 -0.500000
1778468471.854267 0.300000 0.000000 0.000000 0.500000 -0.500000 0.500000 -0.500000
1778468471.994856 0.300000 0.000000 0.000000 0.500000 -0.500000 0.500000 -0.500000
1778468472.133819 0.300000 0.000000 0.000000 0.500000 -0.500000 0.500000 -0.500000
1778468472.273854 0.300000 0.000000 0.000000 0.500000 -0.500000 0.500000 -0.500000
1778468472.426300 0.300000 0.000000 0.000000 0.500000 -0.500000 0.500000 -0.500000
1778468472.558251 0.300000 0.000000 0.000000 0.500000 -0.500000 0.500000 -0.500000
1778468472.696622 0.300000 0.000000 0.000000 0.500000 -0.500000 0.500000 -0.500000
1778468472.837562 0.300000 0.000000 0.000000 0.500000 -0.500000 0.500000 -0.500000
1778468472.975597 0.300000 0.000000 0.000000 0.500000 -0.500000 0.500000 -0.500000
1778468473.114086 0.300000 0.000000 0.000000 0.500000 -0.500000 0.500000 -0.500000
1778468473.258136 0.300000 0.000000 0.000000 0.500000 -0.500000 0.500000 -0.500000
1778468473.391224 0.300000 0.000000 0.000000 0.500000 -0.500000 0.500000 -0.500000
1778468473.536693 0.300000 0.000000 0.000000 0.500000 -0.500000 0.500000 -0.500000
1778468473.674373 0.300000 0.000000 0.000000 0.500000 -0.500000 0.500000 -0.500000
1778468473.814579 0.300000 0.000000 0.000000 0.500000 -0.500000 0.500000 -0.500000
1778468473.956010 0.300000 0.000000 0.000000 0.500000 -0.500000 0.500000 -0.500000
1778468474.092369 0.300000 0.000000 0.000000 0.500000 -0.500000 0.500000 -0.500000
1778468474.235349 0.300000 0.000000 0.000000 0.500000 -0.500000 0.500000 -0.500000
1778468474.376060 0.300000 0.000000 0.000000 0.500000 -0.500000 0.500000 -0.500000
1778468474.512597 0.300000 0.000000 0.000000 0.500000 -0.500000 0.500000 -0.500000
1778468474.659711 0.300000 0.000000 0.000000 0.500000 -0.500000 0.500000 -0.500000
1778468474.796100 0.300000 0.000000 0.000000 0.500000 -0.500000 0.500000 -0.500000
1778468474.934780 0.300000 0.000000 0.000000 0.500000 -0.500000 0.500000 -0.500000
1778468475.073874 0.300000 0.000000 0.000000 0.500000 -0.500000 0.500000 -0.500000
1778468475.214568 0.300000 0.000000 0.000000 0.500000 -0.500000 0.500000 -0.500000
1778468475.354360 0.300000 0.000000 0.000000 0.500000 -0.500000 0.500000 -0.500000
1778468475.494116 0.300000 0.000000 0.000000 0.500000 -0.500000 0.500000 -0.500000
1778468475.633945 0.300000 0.000000 0.000000 0.500000 -0.500000 0.500000 -0.500000
1778468475.783541 0.300000 0.000000 0.000000 0.500000 -0.500000 0.500000 -0.500000
1778468475.918805 0.300000 0.000000 0.000000 0.500000 -0.500000 0.500000 -0.500000
1778468476.061108 0.300000 0.000000 0.000000 0.500000 -0.500000 0.500000 -0.500000
1778468476.205392 0.300000 0.000000 0.000000 0.500000 -0.500000 0.500000 -0.500000
1778468476.337415 0.300000 0.000000 0.000000 0.500000 -0.500000 0.500000 -0.500000
1778468476.481219 0.300000 0.000000 0.000000 0.500000 -0.500000 0.500000 -0.500000
1778468476.622186 0.300000 0.000000 0.000000 0.500000 -0.500000 0.500000 -0.500000
1778468476.757567 0.300000 0.000000 0.000000 0.500000 -0.500000 0.500000 -0.500000
1778468476.898909 0.300000 0.000000 0.000000 0.500000 -0.500000 0.500000 -0.500000
1778468477.035614 0.300000 0.000000 0.000000 0.500000 -0.500000 0.500000 -0.500000
1778468477.180994 0.300000 0.000000 0.000000 0.500000 -0.500000 0.500000 -0.500000
1778468477.315972 0.300000 0.000000 0.000000 0.500000 -0.500000 0.500000 -0.500000
1778468477.458571 0.300000 0.000000 0.000000 0.500000 -0.500000 0.500000 -0.500000
1778468477.596759 0.300000 0.000000 0.000000 0.500000 -0.500000 0.500000 -0.500000
1778468477.737808 0.300000 0.000000 0.000000 0.500000 -0.500000 0.500000 -0.500000
1778468477.879061 0.300000 0.000000 0.000000 0.500000 -0.500000 0.500000 -0.500000
1778468478.027092 0.300000 0.000000 0.000000 0.500000 -0.500000 0.500000 -0.500000
1778468478.168330 0.300000 0.000000 0.000000 0.500000 -0.500000 0.500000 -0.500000
1778468478.303750 0.300000 0.000000 0.000000 0.500000 -0.500000 0.500000 -0.500000
1778468478.442825 0.300000 0.000000 0.000000 0.500000 -0.500000 0.500000 -0.500000
1778468478.581243 0.300000 0.000000 0.000000 0.500000 -0.500000 0.500000 -0.500000
1778468478.719209 0.300000 0.000000 0.000000 0.500000 -0.500000 0.500000 -0.500000
1778468478.862281 0.300000 0.000000 0.000000 0.500000 -0.500000 0.500000 -0.500000
1778468479.003788 0.300000 0.000000 0.000000 0.500000 -0.500000 0.500000 -0.500000
1778468479.139409 0.300000 0.000000 0.000000 0.500000 -0.500000 0.500000 -0.500000
1778468479.278569 0.300000 0.000000 0.000000 0.500000 -0.500000 0.500000 -0.500000
1778468479.417601 0.300000 0.000000 0.000000 0.500000 -0.500000 0.500000 -0.500000
1778468479.556801 0.300000 0.000000 0.000000 0.500000 -0.500000 0.500000 -0.500000
1778468479.698631 0.300000 0.000000 0.000000 0.500000 -0.500000 0.500000 -0.500000
1778468479.843377 0.300000 0.000000 0.000000 0.500000 -0.500000 0.500000 -0.500000
1778468479.980345 0.300000 0.000000 0.000000 0.500000 -0.500000 0.500000 -0.500000
1778468480.121716 0.300000 0.000000 0.000000 0.500000 -0.500000 0.500000 -0.500000
1778468480.265671 0.300000 0.000000 0.000000 0.500000 -0.500000 0.500000 -0.500000
1778468480.405942 0.300000 0.000000 0.000000 0.500000 -0.500000 0.500000 -0.500000
1778468480.542986 0.300000 0.000000 0.000000 0.500000 -0.500000 0.500000 -0.500000
1778468480.681463 0.300000 0.000000 0.000000 0.500000 -0.500000 0.500000 -0.500000
1778468480.823918 0.300000 0.000000 0.000000 0.500000 -0.500000 0.500000 -0.500000
1778468480.961730 0.300000 0.000000 0.000000 0.500000 -0.500000 0.500000 -0.500000
1778468481.106675 0.300000 0.000000 0.000000 0.500000 -0.500000 0.500000 -0.500000
1778468481.244745 0.300000 0.000000 0.000000 0.500000 -0.500000 0.500000 -0.500000
1778468481.382898 0.300000 0.000000 0.000000 0.500000 -0.500000 0.500000 -0.500000
1778468481.522073 0.300000 0.000000 0.000000 0.500000 -0.500000 0.500000 -0.500000
1778468481.666706 0.300000 0.000000 0.000000 0.500000 -0.500000 0.500000 -0.500000
1778468481.810674 0.300000 0.000000 0.000000 0.500000 -0.500000 0.500000 -0.500000
1778468481.946483 0.300000 0.000000 0.000000 0.500000 -0.500000 0.500000 -0.500000
1778468482.085211 0.300000 0.000000 0.000000 0.500000 -0.500000 0.500000 -0.500000
1778468482.235423 0.300000 0.000000 0.000000 0.500000 -0.500000 0.500000 -0.500000
1778468482.361943 0.300000 0.000000 0.000000 0.500000 -0.500000 0.500000 -0.500000
1778468482.503566 0.300000 0.000000 0.000000 0.500000 -0.500000 0.500000 -0.500000
1778468482.648127 0.300000 0.000000 0.000000 0.500000 -0.500000 0.500000 -0.500000
1778468482.784366 0.300000 0.000000 0.000000 0.500000 -0.500000 0.500000 -0.500000
1778468482.921641 0.300000 0.000000 0.000000 0.500000 -0.500000 0.500000 -0.500000
1778468483.064782 0.300000 0.000000 0.000000 0.500000 -0.500000 0.500000 -0.500000
1778468483.207297 0.300000 0.000000 0.000000 0.500000 -0.500000 0.500000 -0.500000
1778468483.342308 0.300000 0.000000 0.000000 0.500000 -0.500000 0.500000 -0.500000
1778468483.485971 0.300000 0.000000 0.000000 0.500000 -0.500000 0.500000 -0.500000
1778468483.630933 0.300000 0.000000 0.000000 0.500000 -0.500000 0.500000 -0.500000
1778468483.772945 0.300000 0.000000 0.000000 0.500000 -0.500000 0.500000 -0.500000
1778468483.905965 0.300000 0.000000 0.000000 0.500000 -0.500000 0.500000 -0.500000
1778468484.055346 0.300000 0.000000 0.000000 0.500000 -0.500000 0.500000 -0.500000
1778468484.183843 0.300000 0.000000 0.000000 0.500000 -0.500000 0.500000 -0.500000
1778468484.327226 0.300000 0.000000 0.000000 0.500000 -0.500000 0.500000 -0.500000
1778468484.464606 0.300000 0.000000 0.000000 0.500000 -0.500000 0.500000 -0.500000
1778468484.604348 0.300000 0.000000 0.000000 0.500000 -0.500000 0.500000 -0.500000
1778468484.747000 0.300000 0.000000 0.000000 0.500000 -0.500000 0.500000 -0.500000
1778468484.897788 0.300000 0.000000 0.000000 0.500000 -0.500000 0.500000 -0.500000
1778468485.027192 0.300000 0.000000 0.000000 0.500000 -0.500000 0.500000 -0.500000
1778468485.160362 0.300000 0.000000 0.000000 0.500000 -0.500000 0.500000 -0.500000
1778468485.308115 0.300000 0.000000 0.000000 0.500000 -0.500000 0.500000 -0.500000
1778468485.443397 0.300000 0.000000 0.000000 0.500000 -0.500000 0.500000 -0.500000
1778468485.586228 0.300000 0.000000 0.000000 0.500000 -0.500000 0.500000 -0.500000
1778468485.725360 0.300000 0.000000 0.000000 0.500000 -0.500000 0.500000 -0.500000
1778468485.865057 0.300000 0.000000 0.000000 0.500000 -0.500000 0.500000 -0.500000
1778468486.009383 0.300000 0.000000 0.000000 0.500000 -0.500000 0.500000 -0.500000
1778468486.146623 0.300000 0.000000 0.000000 0.500000 -0.500000 0.500000 -0.500000
1778468486.286564 0.300000 0.000000 0.000000 0.500000 -0.500000 0.500000 -0.500000
1778468486.427169 0.300000 0.000000 0.000000 0.500000 -0.500000 0.500000 -0.500000
1778468486.567831 0.300000 0.000000 0.000000 0.500000 -0.500000 0.500000 -0.500000
1778468486.709578 0.300000 0.000000 0.000000 0.500000 -0.500000 0.500000 -0.500000
1778468486.848562 0.300000 0.000000 0.000000 0.500000 -0.500000 0.500000 -0.500000
1778468486.994388 0.300000 0.000000 0.000000 0.500000 -0.500000 0.500000 -0.500000
1778468487.139681 0.300000 0.000000 0.000000 0.500000 -0.500000 0.500000 -0.500000
1778468487.273798 0.300000 0.000000 0.000000 0.500000 -0.500000 0.500000 -0.500000
1778468487.411184 0.300000 0.000000 0.000000 0.500000 -0.500000 0.500000 -0.500000
1778468487.552981 0.300000 0.000000 0.000000 0.500000 -0.500000 0.500000 -0.500000
1778468487.691826 0.300000 0.000000 0.000000 0.500000 -0.500000 0.500000 -0.500000
1778468487.831721 0.300000 0.000000 0.000000 0.500000 -0.500000 0.500000 -0.500000
1778468487.970610 0.300000 0.000000 0.000000 0.500000 -0.500000 0.500000 -0.500000
1778468488.114133 0.300000 0.000000 0.000000 0.500000 -0.500000 0.500000 -0.500000
1778468488.255580 0.300000 0.000000 0.000000 0.500000 -0.500000 0.500000 -0.500000
1778468488.413652 0.300000 0.000000 0.000000 0.500000 -0.500000 0.500000 -0.500000
1778468488.537391 0.300000 0.000000 0.000000 0.500000 -0.500000 0.500000 -0.500000
1778468488.683137 0.300000 0.000000 0.000000 0.500000 -0.500000 0.500000 -0.500000
1778468488.818977 0.300000 0.000000 0.000000 0.500000 -0.500000 0.500000 -0.500000
1778468488.958386 0.300000 0.000000 0.000000 0.500000 -0.500000 0.500000 -0.500000
1778468489.105130 0.300000 0.000000 0.000000 0.500000 -0.500000 0.500000 -0.500000
1778468489.246747 0.300000 0.000000 0.000000 0.500000 -0.500000 0.500000 -0.500000
1778468489.384906 0.300000 0.000000 0.000000 0.500000 -0.500000 0.500000 -0.500000
1778468489.525137 0.300000 0.000000 0.000000 0.500000 -0.500000 0.500000 -0.500000
1778468489.667496 0.300000 0.000000 0.000000 0.500000 -0.500000 0.500000 -0.500000
1778468489.805260 0.300000 0.000000 0.000000 0.500000 -0.500000 0.500000 -0.500000
1778468489.941508 0.300000 0.000000 0.000000 0.500000 -0.500000 0.500000 -0.500000
1778468490.079513 0.300000 0.000000 0.000000 0.500000 -0.500000 0.500000 -0.500000
1778468490.221287 0.300000 0.000000 0.000000 0.500000 -0.500000 0.500000 -0.500000
1778468490.366126 0.300000 0.000000 0.000000 0.500000 -0.500000 0.500000 -0.500000
1778468490.502788 0.300000 0.000000 0.000000 0.500000 -0.500000 0.500000 -0.500000
1778468490.640026 0.300000 0.000000 0.000000 0.500000 -0.500000 0.500000 -0.500000
1778468490.789316 0.300000 0.000000 0.000000 0.500000 -0.500000 0.500000 -0.500000
1778468490.924902 0.300000 0.000000 0.000000 0.500000 -0.500000 0.500000 -0.500000
1778468491.065718 0.300000 0.000000 0.000000 0.500000 -0.500000 0.500000 -0.500000
1778468491.205445 0.300000 0.000000 0.000000 0.500000 -0.500000 0.500000 -0.500000
1778468491.352788 0.300000 0.000000 0.000000 0.500000 -0.500000 0.500000 -0.500000
1778468491.491998 0.300000 0.000000 0.000000 0.500000 -0.500000 0.500000 -0.500000
1778468491.624578 0.300000 0.000000 0.000000 0.500000 -0.500000 0.500000 -0.500000
1778468491.763880 0.300000 0.000000 0.000000 0.500000 -0.500000 0.500000 -0.500000
1778468491.907253 0.300000 0.000000 0.000000 0.500000 -0.500000 0.500000 -0.500000
1778468492.044588 0.300000 0.000000 0.000000 0.500000 -0.500000 0.500000 -0.500000
1778468492.185898 0.300000 0.000000 0.000000 0.500000 -0.500000 0.500000 -0.500000
1778468492.327605 0.300000 0.000000 0.000000 0.500000 -0.500000 0.500000 -0.500000
1778468492.468363 0.300000 0.000000 0.000000 0.500000 -0.500000 0.500000 -0.500000
1778468492.603606 0.300000 0.000000 0.000000 0.500000 -0.500000 0.500000 -0.500000
1778468492.744970 0.300000 0.000000 0.000000 0.500000 -0.500000 0.500000 -0.500000
1778468492.884417 0.300000 0.000000 0.000000 0.500000 -0.500000 0.500000 -0.500000
1778468493.021714 0.300000 0.000000 0.000000 0.500000 -0.500000 0.500000 -0.500000
1778468493.162761 0.300000 0.000000 0.000000 0.500000 -0.500000 0.500000 -0.500000
1778468493.305453 0.300000 0.000000 0.000000 0.500000 -0.500000 0.500000 -0.500000
1778468493.446638 0.300000 0.000000 0.000000 0.500000 -0.500000 0.500000 -0.500000
1778468493.581411 0.300000 0.000000 0.000000 0.500000 -0.500000 0.500000 -0.500000
1778468493.720404 0.300000 0.000000 0.000000 0.500000 -0.500000 0.500000 -0.500000
1778468493.864145 0.300000 0.000000 0.000000 0.500000 -0.500000 0.500000 -0.500000
1778468494.011420 0.300000 0.000000 0.000000 0.500000 -0.500000 0.500000 -0.500000
1778468494.149858 0.300000 0.000000 0.000000 0.500000 -0.500000 0.500000 -0.500000
1778468494.290186 0.300000 0.000000 0.000000 0.500000 -0.500000 0.500000 -0.500000
1778468494.428345 0.300000 0.000000 0.000000 0.500000 -0.500000 0.500000 -0.500000
1778468494.565862 0.300000 0.000000 0.000000 0.500000 -0.500000 0.500000 -0.500000
1778468494.706556 0.300000 0.000000 0.000000 0.500000 -0.500000 0.500000 -0.500000
1778468494.847399 0.300000 0.000000 0.000000 0.500000 -0.500000 0.500000 -0.500000
1778468494.987693 0.300000 0.000000 0.000000 0.500000 -0.500000 0.500000 -0.500000
1778468495.131558 0.300000 0.000000 0.000000 0.500000 -0.500000 0.500000 -0.500000
1778468495.268106 0.300000 0.000000 0.000000 0.500000 -0.500000 0.500000 -0.500000
1778468495.410158 0.300000 0.000000 0.000000 0.500000 -0.500000 0.500000 -0.500000
1778468495.549376 0.300000 0.000000 0.000000 0.500000 -0.500000 0.500000 -0.500000
1778468495.688395 0.300000 0.000000 0.000000 0.500000 -0.500000 0.500000 -0.500000
1778468495.828489 0.300000 0.000000 0.000000 0.500000 -0.500000 0.500000 -0.500000
1778468495.969738 0.300000 0.000000 0.000000 0.500000 -0.500000 0.500000 -0.500000
1778468496.112446 0.300000 0.000000 0.000000 0.500000 -0.500000 0.500000 -0.500000
1778468496.250339 0.300000 0.000000 0.000000 0.500000 -0.500000 0.500000 -0.500000
1778468496.390086 0.300000 0.000000 0.000000 0.500000 -0.500000 0.500000 -0.500000
1778468496.526005 0.300000 0.000000 0.000000 0.500000 -0.500000 0.500000 -0.500000
1778468496.669603 0.300000 0.000000 0.000000 0.500000 -0.500000 0.500000 -0.500000
1778468496.805551 0.300000 0.000000 0.000000 0.500000 -0.500000 0.500000 -0.500000
1778468496.946205 0.300000 0.000000 0.000000 0.500000 -0.500000 0.500000 -0.500000
1778468497.086606 0.300000 0.000000 0.000000 0.500000 -0.500000 0.500000 -0.500000
1778468497.227308 0.300000 0.000000 0.000000 0.500000 -0.500000 0.500000 -0.500000
1778468497.370372 0.300000 0.000000 0.000000 0.500000 -0.500000 0.500000 -0.500000
1778468497.509895 0.300000 0.000000 0.000000 0.500000 -0.500000 0.500000 -0.500000
1778468497.658086 0.300000 0.000000 0.000000 0.500000 -0.500000 0.500000 -0.500000
1778468497.797454 0.300000 0.000000 0.000000 0.500000 -0.500000 0.500000 -0.500000
1778468497.932910 0.300000 0.000000 0.000000 0.500000 -0.500000 0.500000 -0.500000
1778468498.069216 0.300000 0.000000 0.000000 0.500000 -0.500000 0.500000 -0.500000
1778468498.210908 0.300000 0.000000 0.000000 0.500000 -0.500000 0.500000 -0.500000
1778468498.350814 0.300000 0.000000 0.000000 0.500000 -0.500000 0.500000 -0.500000
1778468498.489966 0.300000 0.000000 0.000000 0.500000 -0.500000 0.500000 -0.500000
1778468498.629268 0.300000 0.000000 0.000000 0.500000 -0.500000 0.500000 -0.500000
1778468498.770143 0.300000 0.000000 0.000000 0.500000 -0.500000 0.500000 -0.500000
1778468498.908981 0.300000 0.000000 0.000000 0.500000 -0.500000 0.500000 -0.500000
1778468499.049432 0.300000 0.000000 0.000000 0.500000 -0.500000 0.500000 -0.500000
1778468499.190717 0.300000 0.000000 0.000000 0.500000 -0.500000 0.500000 -0.500000
1778468499.334818 0.300000 0.000000 0.000000 0.500000 -0.500000 0.500000 -0.500000
1778468499.472875 0.300000 0.000000 0.000000 0.500000 -0.500000 0.500000 -0.500000
1778468499.616165 0.300000 0.000000 0.000000 0.500000 -0.500000 0.500000 -0.500000
1778468499.750538 0.300000 0.000000 0.000000 0.500000 -0.500000 0.500000 -0.500000
1778468499.896220 0.300000 0.000000 0.000000 0.500000 -0.500000 0.500000 -0.500000
1778468500.035222 0.300000 0.000000 0.000000 0.500000 -0.500000 0.500000 -0.500000
1778468500.172763 0.300000 0.000000 0.000000 0.500000 -0.500000 0.500000 -0.500000
1778468500.317412 0.300000 0.000000 0.000000 0.500000 -0.500000 0.500000 -0.500000
1778468500.451274 0.300000 0.000000 0.000000 0.500000 -0.500000 0.500000 -0.500000
1778468500.591554 0.300000 0.000000 0.000000 0.500000 -0.500000 0.500000 -0.500000
1778468500.731120 0.300000 0.000000 0.000000 0.500000 -0.500000 0.500000 -0.500000
1778468500.872822 0.300000 0.000000 0.000000 0.500000 -0.500000 0.500000 -0.500000
1778468501.014406 0.300000 0.000000 0.000000 0.500000 -0.500000 0.500000 -0.500000
1778468501.151338 0.300000 0.000000 0.000000 0.500000 -0.500000 0.500000 -0.500000
1778468501.294092 0.300000 0.000000 0.000000 0.500000 -0.500000 0.500000 -0.500000
1778468501.442156 0.300000 0.000000 0.000000 0.500000 -0.500000 0.500000 -0.500000
1778468501.579591 0.300000 0.000000 0.000000 0.500000 -0.500000 0.500000 -0.500000
1778468501.727858 0.300000 0.000000 0.000000 0.500000 -0.500000 0.500000 -0.500000
1778468501.858288 0.300000 0.000000 0.000000 0.500000 -0.500000 0.500000 -0.500000
1778468501.993734 0.300000 0.000000 0.000000 0.500000 -0.500000 0.500000 -0.500000
1778468502.131150 0.300000 0.000000 0.000000 0.500000 -0.500000 0.500000 -0.500000
1778468502.270786 0.300000 0.000000 0.000000 0.500000 -0.500000 0.500000 -0.500000
1778468502.410631 0.300000 0.000000 0.000000 0.500000 -0.500000 0.500000 -0.500000
1778468502.553095 0.300000 0.000000 0.000000 0.500000 -0.500000 0.500000 -0.500000
1778468502.691328 0.300000 0.000000 0.000000 0.500000 -0.500000 0.500000 -0.500000
1778468502.832356 0.300000 0.000000 0.000000 0.500000 -0.500000 0.500000 -0.500000
1778468502.974723 0.300000 0.000000 0.000000 0.500000 -0.500000 0.500000 -0.500000
1778468503.114133 0.300000 0.000000 0.000000 0.500000 -0.500000 0.500000 -0.500000
1778468503.253314 0.300000 0.000000 0.000000 0.500000 -0.500000 0.500000 -0.500000
1778468503.392240 0.300000 0.000000 0.000000 0.500000 -0.500000 0.500000 -0.500000
1778468503.533993 0.300000 0.000000 0.000000 0.500000 -0.500000 0.500000 -0.500000
1778468503.673781 0.300000 0.000000 0.000000 0.500000 -0.500000 0.500000 -0.500000
1778468503.813173 0.300000 0.000000 0.000000 0.500000 -0.500000 0.500000 -0.500000
1778468503.955135 0.300000 0.000000 0.000000 0.500000 -0.500000 0.500000 -0.500000
1778468504.094424 0.300000 0.000000 0.000000 0.500000 -0.500000 0.500000 -0.500000
1778468504.238789 0.300000 0.000000 0.000000 0.500000 -0.500000 0.500000 -0.500000
1778468504.373095 0.300000 0.000000 0.000000 0.500000 -0.500000 0.500000 -0.500000
1778468504.515111 0.300000 0.000000 0.000000 0.500000 -0.500000 0.500000 -0.500000
1778468504.654404 0.300000 0.000000 0.000000 0.500000 -0.500000 0.500000 -0.500000
1778468504.801670 0.300000 0.000000 0.000000 0.500000 -0.500000 0.500000 -0.500000
1778468504.939878 0.300000 0.000000 0.000000 0.500000 -0.500000 0.500000 -0.500000
1778468505.079056 0.300000 0.000000 0.000000 0.500000 -0.500000 0.500000 -0.500000
1778468505.220031 0.300000 0.000000 0.000000 0.500000 -0.500000 0.500000 -0.500000
1778468505.356998 0.300000 0.000000 0.000000 0.500000 -0.500000 0.500000 -0.500000
1778468505.502256 0.300000 0.000000 0.000000 0.500000 -0.500000 0.500000 -0.500000
1778468505.633651 0.300000 0.000000 0.000000 0.500000 -0.500000 0.500000 -0.500000
1778468505.772255 0.300000 0.000000 0.000000 0.500000 -0.500000 0.500000 -0.500000
1778468505.912891 0.300000 0.000000 0.000000 0.500000 -0.500000 0.500000 -0.500000
1778468506.054586 0.300000 0.000000 0.000000 0.500000 -0.500000 0.500000 -0.500000
1778468506.196664 0.300000 0.000000 0.000000 0.500000 -0.500000 0.500000 -0.500000
1778468506.334898 0.300000 0.000000 0.000000 0.500000 -0.500000 0.500000 -0.500000
1778468506.475580 0.300000 0.000000 0.000000 0.500000 -0.500000 0.500000 -0.500000
1778468506.624974 0.300000 0.000000 0.000000 0.500000 -0.500000 0.500000 -0.500000
1778468506.767111 0.300000 0.000000 0.000000 0.500000 -0.500000 0.500000 -0.500000
1778468506.899426 0.300000 0.000000 0.000000 0.500000 -0.500000 0.500000 -0.500000
1778468507.037306 0.300000 0.000000 0.000000 0.500000 -0.500000 0.500000 -0.500000
1778468507.175121 0.300000 0.000000 0.000000 0.500000 -0.500000 0.500000 -0.500000
1778468507.323984 0.300000 0.000000 0.000000 0.500000 -0.500000 0.500000 -0.500000
1778468507.454014 0.300000 0.000000 0.000000 0.500000 -0.500000 0.500000 -0.500000
1778468507.593663 0.300000 0.000000 0.000000 0.500000 -0.500000 0.500000 -0.500000
1778468507.732752 0.300000 0.000000 0.000000 0.500000 -0.500000 0.500000 -0.500000
1778468507.874118 0.300000 0.000000 0.000000 0.500000 -0.500000 0.500000 -0.500000
1778468508.015097 0.300000 0.000000 0.000000 0.500000 -0.500000 0.500000 -0.500000
1778468508.153413 0.300000 0.000000 0.000000 0.500000 -0.500000 0.500000 -0.500000
1778468508.294331 0.300000 0.000000 0.000000 0.500000 -0.500000 0.500000 -0.500000
1778468508.432457 0.300000 0.000000 0.000000 0.500000 -0.500000 0.500000 -0.500000
1778468508.570972 0.300000 0.000000 0.000000 0.500000 -0.500000 0.500000 -0.500000
1778468508.712779 0.300000 0.000000 0.000000 0.500000 -0.500000 0.500000 -0.500000
1778468508.858559 0.300000 0.000000 0.000000 0.500000 -0.500000 0.500000 -0.500000
1778468508.997591 0.300000 0.000000 0.000000 0.500000 -0.500000 0.500000 -0.500000
1778468509.134277 0.300000 0.000000 0.000000 0.500000 -0.500000 0.500000 -0.500000
1778468509.278454 0.300000 0.000000 0.000000 0.500000 -0.500000 0.500000 -0.500000
1778468509.413763 0.300000 0.000000 0.000000 0.500000 -0.500000 0.500000 -0.500000
1778468509.551538 0.300000 0.000000 0.000000 0.500000 -0.500000 0.500000 -0.500000
1778468509.695373 0.300000 0.000000 0.000000 0.500000 -0.500000 0.500000 -0.500000
1778468509.834191 0.300000 0.000000 0.000000 0.500000 -0.500000 0.500000 -0.500000
1778468509.974644 0.300000 0.000000 0.000000 0.500000 -0.500000 0.500000 -0.500000
1778468510.118907 0.300000 0.000000 0.000000 0.500000 -0.500000 0.500000 -0.500000
1778468510.252807 0.300000 0.000000 0.000000 0.500000 -0.500000 0.500000 -0.500000
1778468510.403508 0.300000 0.000000 0.000000 0.500000 -0.500000 0.500000 -0.500000
1778468510.536854 0.300000 0.000000 0.000000 0.500000 -0.500000 0.500000 -0.500000
1778468510.681571 0.300000 0.000000 0.000000 0.500000 -0.500000 0.500000 -0.500000
1778468510.813881 0.300000 0.000000 0.000000 0.500000 -0.500000 0.500000 -0.500000
1778468510.958609 0.300000 0.000000 0.000000 0.500000 -0.500000 0.500000 -0.500000
1778468511.094481 0.300000 0.000000 0.000000 0.500000 -0.500000 0.500000 -0.500000
1778468511.233513 0.300000 0.000000 0.000000 0.500000 -0.500000 0.500000 -0.500000
1778468511.376421 0.300000 0.000000 0.000000 0.500000 -0.500000 0.500000 -0.500000
1778468511.513984 0.300000 0.000000 0.000000 0.500000 -0.500000 0.500000 -0.500000
1778468511.654193 0.300000 0.000000 0.000000 0.500000 -0.500000 0.500000 -0.500000
1778468511.796449 0.300000 0.000000 0.000000 0.500000 -0.500000 0.500000 -0.500000
1778468511.933851 0.300000 0.000000 0.000000 0.500000 -0.500000 0.500000 -0.500000
1778468512.074232 0.300000 0.000000 0.000000 0.500000 -0.500000 0.500000 -0.500000
1778468512.217631 0.300000 0.000000 0.000000 0.500000 -0.500000 0.500000 -0.500000
1778468512.356726 0.300000 0.000000 0.000000 0.500000 -0.500000 0.500000 -0.500000
1778468512.501719 0.300000 0.000000 0.000000 0.500000 -0.500000 0.500000 -0.500000
1778468512.637389 0.300000 0.000000 0.000000 0.500000 -0.500000 0.500000 -0.500000
1778468512.777483 0.300000 0.000000 0.000000 0.500000 -0.500000 0.500000 -0.500000
1778468512.917367 0.300000 0.000000 0.000000 0.500000 -0.500000 0.500000 -0.500000
1778468513.055731 0.300000 0.000000 0.000000 0.500000 -0.500000 0.500000 -0.500000
1778468513.196456 0.300000 0.000000 0.000000 0.500000 -0.500000 0.500000 -0.500000
1778468513.334773 0.300000 0.000000 0.000000 0.500000 -0.500000 0.500000 -0.500000
1778468513.477246 0.300000 0.000000 0.000000 0.500000 -0.500000 0.500000 -0.500000
1778468513.615236 0.300000 0.000000 0.000000 0.500000 -0.500000 0.500000 -0.500000
1778468513.759461 0.300000 0.000000 0.000000 0.500000 -0.500000 0.500000 -0.500000
1778468513.895466 0.300000 0.000000 0.000000 0.500000 -0.500000 0.500000 -0.500000
1778468514.034403 0.300000 0.000000 0.000000 0.500000 -0.500000 0.500000 -0.500000
1778468514.176529 0.300000 0.000000 0.000000 0.500000 -0.500000 0.500000 -0.500000
1778468514.318433 0.300000 0.000000 0.000000 0.500000 -0.500000 0.500000 -0.500000
1778468514.460843 0.300000 0.000000 0.000000 0.500000 -0.500000 0.500000 -0.500000
1778468514.597523 0.300000 0.000000 0.000000 0.500000 -0.500000 0.500000 -0.500000
1778468514.737511 0.300000 0.000000 0.000000 0.500000 -0.500000 0.500000 -0.500000
1778468514.875431 0.300000 0.000000 0.000000 0.500000 -0.500000 0.500000 -0.500000
1778468515.017409 0.300000 0.000000 0.000000 0.500000 -0.500000 0.500000 -0.500000
1778468515.155592 0.300000 0.000000 0.000000 0.500000 -0.500000 0.500000 -0.500000
1778468515.298804 0.300000 0.000000 0.000000 0.500000 -0.500000 0.500000 -0.500000
1778468515.438482 0.300000 0.000000 0.000000 0.500000 -0.500000 0.500000 -0.500000
1778468515.579327 0.300000 0.000000 0.000000 0.500000 -0.500000 0.500000 -0.500000
1778468515.729609 0.300000 0.000000 0.000000 0.500000 -0.500000 0.500000 -0.500000
1778468515.861894 0.300000 0.000000 0.000000 0.500000 -0.500000 0.500000 -0.500000
1778468516.002196 0.300000 0.000000 0.000000 0.500000 -0.500000 0.500000 -0.500000
1778468516.143787 0.300000 0.000000 0.000000 0.500000 -0.500000 0.500000 -0.500000
1778468516.282965 0.300000 0.000000 0.000000 0.500000 -0.500000 0.500000 -0.500000
1778468516.423541 0.300000 0.000000 0.000000 0.500000 -0.500000 0.500000 -0.500000
1778468516.562846 0.300000 0.000000 0.000000 0.500000 -0.500000 0.500000 -0.500000
1778468516.701983 0.300000 0.000000 0.000000 0.500000 -0.500000 0.500000 -0.500000
1778468516.838571 0.300000 0.000000 0.000000 0.500000 -0.500000 0.500000 -0.500000
1778468516.983577 0.300000 0.000000 0.000000 0.500000 -0.500000 0.500000 -0.500000
1778468517.119653 0.300000 0.000000 0.000000 0.500000 -0.500000 0.500000 -0.500000
1778468517.261433 0.300000 0.000000 0.000000 0.500000 -0.500000 0.500000 -0.500000
1778468517.401524 0.300000 0.000000 0.000000 0.500000 -0.500000 0.500000 -0.500000
1778468517.541649 0.300000 0.000000 0.000000 0.500000 -0.500000 0.500000 -0.500000
1778468517.686303 0.300000 0.000000 0.000000 0.500000 -0.500000 0.500000 -0.500000
1778468517.823367 0.300000 0.000000 0.000000 0.500000 -0.500000 0.500000 -0.500000
1778468517.964862 0.300000 0.000000 0.000000 0.500000 -0.500000 0.500000 -0.500000
1778468518.101755 0.300000 0.000000 0.000000 0.500000 -0.500000 0.500000 -0.500000
1778468518.247471 0.300000 0.000000 0.000000 0.500000 -0.500000 0.500000 -0.500000
1778468518.383107 0.300000 0.000000 0.000000 0.500000 -0.500000 0.500000 -0.500000
1778468518.524932 0.300000 0.000000 0.000000 0.500000 -0.500000 0.500000 -0.500000
1778468518.663395 0.300000 0.000000 0.000000 0.500000 -0.500000 0.500000 -0.500000
1778468518.807028 0.300000 0.000000 0.000000 0.500000 -0.500000 0.500000 -0.500000
1778468518.942662 0.300000 0.000000 0.000000 0.500000 -0.500000 0.500000 -0.500000
1778468519.081477 0.300000 0.000000 0.000000 0.500000 -0.500000 0.500000 -0.500000
1778468519.221984 0.300000 0.000000 0.000000 0.500000 -0.500000 0.500000 -0.500000
1778468519.374948 0.300000 0.000000 0.000000 0.500000 -0.500000 0.500000 -0.500000
1778468519.513294 0.300000 0.000000 0.000000 0.500000 -0.500000 0.500000 -0.500000
1778468519.643259 0.300000 0.000000 0.000000 0.500000 -0.500000 0.500000 -0.500000
1778468519.791861 0.300000 0.000000 0.000000 0.500000 -0.500000 0.500000 -0.500000
1778468519.927238 0.300000 0.000000 0.000000 0.500000 -0.500000 0.500000 -0.500000
1778468520.060928 0.300000 0.000000 0.000000 0.500000 -0.500000 0.500000 -0.500000
1778468520.201871 0.300000 0.000000 0.000000 0.500000 -0.500000 0.500000 -0.500000
1778468520.340971 0.300000 0.000000 0.000000 0.500000 -0.500000 0.500000 -0.500000
1778468520.484333 0.300000 0.000000 0.000000 0.500000 -0.500000 0.500000 -0.500000
1778468520.626524 0.300000 0.000000 0.000000 0.500000 -0.500000 0.500000 -0.500000
1778468520.762517 0.300000 0.000000 0.000000 0.500000 -0.500000 0.500000 -0.500000
1778468520.904345 0.300000 0.000000 0.000000 0.500000 -0.500000 0.500000 -0.500000
1778468521.049304 0.300000 0.000000 0.000000 0.500000 -0.500000 0.500000 -0.500000
1778468521.186574 0.300000 0.000000 0.000000 0.500000 -0.500000 0.500000 -0.500000
1778468521.322990 0.300000 0.000000 0.000000 0.500000 -0.500000 0.500000 -0.500000
1778468521.476005 0.300000 0.000000 0.000000 0.500000 -0.500000 0.500000 -0.500000
1778468521.604721 0.300000 0.000000 0.000000 0.500000 -0.500000 0.500000 -0.500000
1778468521.751103 0.300000 0.000000 0.000000 0.500000 -0.500000 0.500000 -0.500000
1778468521.882769 0.300000 0.000000 0.000000 0.500000 -0.500000 0.500000 -0.500000
1778468522.023601 0.300000 0.000000 0.000000 0.500000 -0.500000 0.500000 -0.500000
1778468522.164737 0.300000 0.000000 0.000000 0.500000 -0.500000 0.500000 -0.500000
1778468522.305037 0.300000 0.000000 0.000000 0.500000 -0.500000 0.500000 -0.500000
1778468522.441800 0.300000 0.000000 0.000000 0.500000 -0.500000 0.500000 -0.500000
1778468522.588158 0.300000 0.000000 0.000000 0.500000 -0.500000 0.500000 -0.500000
1778468522.723555 0.300000 0.000000 0.000000 0.500000 -0.500000 0.500000 -0.500000
1778468522.862092 0.300000 0.000000 0.000000 0.500000 -0.500000 0.500000 -0.500000
1778468523.006540 0.300000 0.000000 0.000000 0.500000 -0.500000 0.500000 -0.500000
1778468523.150805 0.300000 0.000000 0.000000 0.500000 -0.500000 0.500000 -0.500000
1778468523.284040 0.300000 0.000000 0.000000 0.500000 -0.500000 0.500000 -0.500000
1778468523.427950 0.300000 0.000000 0.000000 0.500000 -0.500000 0.500000 -0.500000
1778468523.566389 0.300000 0.000000 0.000000 0.500000 -0.500000 0.500000 -0.500000
1778468523.703684 0.300000 0.000000 0.000000 0.500000 -0.500000 0.500000 -0.500000
1778468523.840985 0.300000 0.000000 0.000000 0.500000 -0.500000 0.500000 -0.500000
1778468523.980074 0.300000 0.000000 0.000000 0.500000 -0.500000 0.500000 -0.500000
1778468524.119835 0.300000 0.000000 0.000000 0.500000 -0.500000 0.500000 -0.500000
1778468524.259158 0.300000 0.000000 0.000000 0.500000 -0.500000 0.500000 -0.500000
1778468524.398736 0.300000 0.000000 0.000000 0.500000 -0.500000 0.500000 -0.500000
1778468524.538837 0.300000 0.000000 0.000000 0.500000 -0.500000 0.500000 -0.500000
1778468524.679830 0.300000 0.000000 0.000000 0.500000 -0.500000 0.500000 -0.500000
1778468524.822204 0.300000 0.000000 0.000000 0.500000 -0.500000 0.500000 -0.500000
1778468524.962182 0.300000 0.000000 0.000000 0.500000 -0.500000 0.500000 -0.500000
1778468525.110408 0.300000 0.000000 0.000000 0.500000 -0.500000 0.500000 -0.500000
1778468525.244195 0.300000 0.000000 0.000000 0.500000 -0.500000 0.500000 -0.500000
1778468525.380014 0.300000 0.000000 0.000000 0.500000 -0.500000 0.500000 -0.500000
1778468525.528953 0.300000 0.000000 0.000000 0.500000 -0.500000 0.500000 -0.500000
1778468525.667120 0.300000 0.000000 0.000000 0.500000 -0.500000 0.500000 -0.500000
1778468525.805831 0.300000 0.000000 0.000000 0.500000 -0.500000 0.500000 -0.500000
1778468525.941469 0.300000 0.000000 0.000000 0.500000 -0.500000 0.500000 -0.500000
1778468526.085122 0.300000 0.000000 0.000000 0.500000 -0.500000 0.500000 -0.500000
1778468526.222588 0.300000 0.000000 0.000000 0.500000 -0.500000 0.500000 -0.500000
1778468526.362061 0.300000 0.000000 0.000000 0.500000 -0.500000 0.500000 -0.500000
1778468526.501438 0.300000 0.000000 0.000000 0.500000 -0.500000 0.500000 -0.500000
1778468526.644192 0.300000 0.000000 0.000000 0.500000 -0.500000 0.500000 -0.500000
1778468526.788985 0.300000 0.000000 0.000000 0.500000 -0.500000 0.500000 -0.500000
1778468526.928294 0.300000 0.000000 0.000000 0.500000 -0.500000 0.500000 -0.500000
1778468527.071741 0.300000 0.000000 0.000000 0.500000 -0.500000 0.500000 -0.500000
1778468527.206445 0.300000 0.000000 0.000000 0.500000 -0.500000 0.500000 -0.500000
1778468527.341877 0.300000 0.000000 0.000000 0.500000 -0.500000 0.500000 -0.500000
1778468527.479347 0.300000 0.000000 0.000000 0.500000 -0.500000 0.500000 -0.500000
1778468527.624903 0.300000 0.000000 0.000000 0.500000 -0.500000 0.500000 -0.500000
1778468527.757914 0.300000 0.000000 0.000000 0.500000 -0.500000 0.500000 -0.500000
1778468527.898164 0.300000 0.000000 0.000000 0.500000 -0.500000 0.500000 -0.500000
1778468528.037424 0.300000 0.000000 0.000000 0.500000 -0.500000 0.500000 -0.500000
1778468528.179998 0.300000 0.000000 0.000000 0.500000 -0.500000 0.500000 -0.500000
1778468528.319172 0.300000 0.000000 0.000000 0.500000 -0.500000 0.500000 -0.500000
1778468528.459507 0.300000 0.000000 0.000000 0.500000 -0.500000 0.500000 -0.500000
1778468528.596412 0.300000 0.000000 0.000000 0.500000 -0.500000 0.500000 -0.500000
1778468528.750787 0.300000 0.000000 0.000000 0.500000 -0.500000 0.500000 -0.500000
1778468528.878532 0.300000 0.000000 0.000000 0.500000 -0.500000 0.500000 -0.500000
1778468529.021025 0.300000 0.000000 0.000000 0.500000 -0.500000 0.500000 -0.500000
1778468529.157554 0.300000 0.000000 0.000000 0.500000 -0.500000 0.500000 -0.500000
1778468529.299662 0.300000 0.000000 0.000000 0.500000 -0.500000 0.500000 -0.500000
1778468529.439041 0.300000 0.000000 0.000000 0.500000 -0.500000 0.500000 -0.500000
1778468529.580397 0.300000 0.000000 0.000000 0.500000 -0.500000 0.500000 -0.500000
1778468529.720007 0.300000 0.000000 0.000000 0.500000 -0.500000 0.500000 -0.500000
1778468529.861510 0.300000 0.000000 0.000000 0.500000 -0.500000 0.500000 -0.500000
1778468530.007168 0.300000 0.000000 0.000000 0.500000 -0.500000 0.500000 -0.500000
1778468530.143529 0.300000 0.000000 0.000000 0.500000 -0.500000 0.500000 -0.500000
1778468530.283719 0.300000 0.000000 0.000000 0.500000 -0.500000 0.500000 -0.500000
1778468530.426948 0.300000 0.000000 0.000000 0.500000 -0.500000 0.500000 -0.500000
1778468530.567975 0.300000 0.000000 0.000000 0.500000 -0.500000 0.500000 -0.500000
1778468530.710442 0.300000 0.000000 0.000000 0.500000 -0.500000 0.500000 -0.500000
1778468530.845432 0.300000 0.000000 0.000000 0.500000 -0.500000 0.500000 -0.500000
1778468530.986350 0.300000 0.000000 0.000000 0.500000 -0.500000 0.500000 -0.500000
1778468531.126040 0.300000 0.000000 0.000000 0.500000 -0.500000 0.500000 -0.500000
1778468531.267185 0.300000 0.000000 0.000000 0.500000 -0.500000 0.500000 -0.500000
1778468531.409737 0.300000 0.000000 0.000000 0.500000 -0.500000 0.500000 -0.500000
1778468531.544450 0.300000 0.000000 0.000000 0.500000 -0.500000 0.500000 -0.500000
1778468531.686129 0.300000 0.000000 0.000000 0.500000 -0.500000 0.500000 -0.500000
1778468531.824550 0.300000 0.000000 0.000000 0.500000 -0.500000 0.500000 -0.500000
1778468531.968236 0.300000 0.000000 0.000000 0.500000 -0.500000 0.500000 -0.500000
1778468532.109992 0.300000 0.000000 0.000000 0.500000 -0.500000 0.500000 -0.500000
1778468532.251810 0.300000 0.000000 0.000000 0.500000 -0.500000 0.500000 -0.500000
1778468532.393010 0.300000 0.000000 0.000000 0.500000 -0.500000 0.500000 -0.500000
1778468532.533923 0.300000 0.000000 0.000000 0.500000 -0.500000 0.500000 -0.500000
1778468532.672026 0.300000 0.000000 0.000000 0.500000 -0.500000 0.500000 -0.500000
1778468532.807656 0.300000 0.000000 0.000000 0.500000 -0.500000 0.500000 -0.500000
1778468532.946000 0.300000 0.000000 0.000000 0.500000 -0.500000 0.500000 -0.500000
1778468533.084900 0.300000 0.000000 0.000000 0.500000 -0.500000 0.500000 -0.500000
1778468533.231090 0.300000 0.000000 0.000000 0.500000 -0.500000 0.500000 -0.500000
1778468533.363653 0.300000 0.000000 0.000000 0.500000 -0.500000 0.500000 -0.500000
1778468533.507959 0.300000 0.000000 0.000000 0.500000 -0.500000 0.500000 -0.500000
1778468533.666430 0.300000 0.000000 0.000000 0.500000 -0.500000 0.500000 -0.500000
1778468533.798280 0.300000 0.000000 0.000000 0.500000 -0.500000 0.500000 -0.500000
1778468533.933881 0.300000 0.000000 0.000000 0.500000 -0.500000 0.500000 -0.500000
1778468534.085745 0.300000 0.000000 0.000000 0.500000 -0.500000 0.500000 -0.500000
1778468534.211346 0.300000 0.000000 0.000000 0.500000 -0.500000 0.500000 -0.500000
1778468534.358065 0.300000 0.000000 0.000000 0.500000 -0.500000 0.500000 -0.500000
1778468534.495111 0.300000 0.000000 0.000000 0.500000 -0.500000 0.500000 -0.500000
1778468534.628789 0.300000 0.000000 0.000000 0.500000 -0.500000 0.500000 -0.500000
1778468534.770760 0.300000 0.000000 0.000000 0.500000 -0.500000 0.500000 -0.500000
1778468534.909832 0.300000 0.000000 0.000000 0.500000 -0.500000 0.500000 -0.500000
1778468535.050662 0.300000 0.000000 0.000000 0.500000 -0.500000 0.500000 -0.500000
1778468535.188548 0.300000 0.000000 0.000000 0.500000 -0.500000 0.500000 -0.500000
1778468535.326508 0.300000 0.000000 0.000000 0.500000 -0.500000 0.500000 -0.500000
1778468535.462999 0.300000 0.000000 0.000000 0.500000 -0.500000 0.500000 -0.500000
1778468535.604828 0.300000 0.000000 0.000000 0.500000 -0.500000 0.500000 -0.500000
1778468535.824136 0.300000 0.000000 0.000000 0.500000 -0.500000 0.500000 -0.500000
1778468535.966575 0.300000 0.000000 0.000000 0.500000 -0.500000 0.500000 -0.500000
1778468536.095468 0.300000 0.000000 0.000000 0.500000 -0.500000 0.500000 -0.500000
1778468536.235969 0.300000 0.000000 0.000000 0.500000 -0.500000 0.500000 -0.500000
1778468536.373632 0.300000 0.000000 0.000000 0.500000 -0.500000 0.500000 -0.500000
1778468536.513713 0.300000 0.000000 0.000000 0.500000 -0.500000 0.500000 -0.500000
1778468536.654957 0.300000 0.000000 0.000000 0.500000 -0.500000 0.500000 -0.500000
1778468536.795310 0.300000 0.000000 0.000000 0.500000 -0.500000 0.500000 -0.500000
1778468536.941342 0.300000 0.000000 0.000000 0.500000 -0.500000 0.500000 -0.500000
1778468537.088338 0.300000 0.000000 0.000000 0.500000 -0.500000 0.500000 -0.500000
1778468537.218364 0.300000 0.000000 0.000000 0.500000 -0.500000 0.500000 -0.500000
1778468537.358671 0.300000 0.000000 0.000000 0.500000 -0.500000 0.500000 -0.500000
1778468537.500051 0.300000 0.000000 0.000000 0.500000 -0.500000 0.500000 -0.500000
1778468537.640597 0.300000 0.000000 0.000000 0.500000 -0.500000 0.500000 -0.500000
1778468537.780412 0.300000 0.000000 0.000000 0.500000 -0.500000 0.500000 -0.500000
1778468537.914806 0.300000 0.000000 0.000000 0.500000 -0.500000 0.500000 -0.500000
1778468538.056820 0.300000 0.000000 0.000000 0.500000 -0.500000 0.500000 -0.500000
1778468538.193280 0.300000 0.000000 0.000000 0.500000 -0.500000 0.500000 -0.500000
1778468538.333414 0.300000 0.000000 0.000000 0.500000 -0.500000 0.500000 -0.500000
1778468538.473786 0.300000 0.000000 0.000000 0.500000 -0.500000 0.500000 -0.500000
1778468538.614035 0.300000 0.000000 0.000000 0.500000 -0.500000 0.500000 -0.500000
1778468538.756651 0.300000 0.000000 0.000000 0.500000 -0.500000 0.500000 -0.500000
1778468538.904942 0.300000 0.000000 0.000000 0.500000 -0.500000 0.500000 -0.500000
1778468539.037731 0.300000 0.000000 0.000000 0.500000 -0.500000 0.500000 -0.500000
1778468539.178942 0.300000 0.000000 0.000000 0.500000 -0.500000 0.500000 -0.500000
1778468539.319192 0.300000 0.000000 0.000000 0.500000 -0.500000 0.500000 -0.500000
1778468539.456470 0.300000 0.000000 0.000000 0.500000 -0.500000 0.500000 -0.500000
1778468539.597226 0.300000 0.000000 0.000000 0.500000 -0.500000 0.500000 -0.500000
1778468539.737369 0.300000 0.000000 0.000000 0.500000 -0.500000 0.500000 -0.500000
1778468539.882407 0.300000 0.000000 0.000000 0.500000 -0.500000 0.500000 -0.500000
1778468540.018194 0.300000 0.000000 0.000000 0.500000 -0.500000 0.500000 -0.500000
1778468540.154194 0.300000 0.000000 0.000000 0.500000 -0.500000 0.500000 -0.500000
1778468540.298805 0.300000 0.000000 0.000000 0.500000 -0.500000 0.500000 -0.500000
1778468540.445866 0.300000 0.000000 0.000000 0.500000 -0.500000 0.500000 -0.500000
1778468540.584785 0.300000 0.000000 0.000000 0.500000 -0.500000 0.500000 -0.500000
1778468540.722982 0.300000 0.000000 0.000000 0.500000 -0.500000 0.500000 -0.500000
1778468540.861496 0.300000 0.000000 0.000000 0.500000 -0.500000 0.500000 -0.500000
1778468541.003204 0.300000 0.000000 0.000000 0.500000 -0.500000 0.500000 -0.500000
1778468541.140255 0.300000 0.000000 0.000000 0.500000 -0.500000 0.500000 -0.500000
1778468541.282899 0.300000 0.000000 0.000000 0.500000 -0.500000 0.500000 -0.500000
1778468541.422710 0.300000 0.000000 0.000000 0.500000 -0.500000 0.500000 -0.500000
1778468541.562558 0.300000 0.000000 0.000000 0.500000 -0.500000 0.500000 -0.500000
1778468541.704159 0.300000 0.000000 0.000000 0.500000 -0.500000 0.500000 -0.500000
1778468541.840765 0.300000 0.000000 0.000000 0.500000 -0.500000 0.500000 -0.500000
1778468541.983953 0.300000 0.000000 0.000000 0.500000 -0.500000 0.500000 -0.500000
1778468542.120765 0.300000 0.000000 0.000000 0.500000 -0.500000 0.500000 -0.500000
1778468542.271386 0.300000 0.000000 0.000000 0.500000 -0.500000 0.500000 -0.500000
1778468542.411862 0.300000 0.000000 0.000000 0.500000 -0.500000 0.500000 -0.500000
1778468542.548690 0.300000 0.000000 0.000000 0.500000 -0.500000 0.500000 -0.500000
1778468542.689972 0.300000 0.000000 0.000000 0.500000 -0.500000 0.500000 -0.500000
1778468542.823076 0.300000 0.000000 0.000000 0.500000 -0.500000 0.500000 -0.500000
1778468542.967051 0.300000 0.000000 0.000000 0.500000 -0.500000 0.500000 -0.500000
1778468543.105967 0.300000 0.000000 0.000000 0.500000 -0.500000 0.500000 -0.500000
1778468543.242050 0.300000 0.000000 0.000000 0.500000 -0.500000 0.500000 -0.500000
1778468543.381545 0.300000 0.000000 0.000000 0.500000 -0.500000 0.500000 -0.500000
1778468543.524676 0.300000 0.000000 0.000000 0.500000 -0.500000 0.500000 -0.500000
1778468543.663675 0.300000 0.000000 0.000000 0.500000 -0.500000 0.500000 -0.500000
1778468543.803041 0.300000 0.000000 0.000000 0.500000 -0.500000 0.500000 -0.500000
1778468543.941552 0.300000 0.000000 0.000000 0.500000 -0.500000 0.500000 -0.500000
1778468544.087944 0.300000 0.000000 0.000000 0.500000 -0.500000 0.500000 -0.500000
1778468544.232201 0.300000 0.000000 0.000000 0.500000 -0.500000 0.500000 -0.500000
1778468544.367297 0.300000 0.000000 0.000000 0.500000 -0.500000 0.500000 -0.500000
1778468544.503221 0.300000 0.000000 0.000000 0.500000 -0.500000 0.500000 -0.500000
1778468544.640634 0.300000 0.000000 0.000000 0.500000 -0.500000 0.500000 -0.500000
1778468544.780205 0.300000 0.000000 0.000000 0.500000 -0.500000 0.500000 -0.500000
1778468544.919022 0.300000 0.000000 0.000000 0.500000 -0.500000 0.500000 -0.500000
1778468545.059704 0.300000 0.000000 0.000000 0.500000 -0.500000 0.500000 -0.500000
1778468545.200014 0.300000 0.000000 0.000000 0.500000 -0.500000 0.500000 -0.500000
1778468545.340315 0.300000 0.000000 0.000000 0.500000 -0.500000 0.500000 -0.500000
1778468545.480928 0.300000 0.000000 0.000000 0.500000 -0.500000 0.500000 -0.500000
1778468545.627548 0.300000 0.000000 0.000000 0.500000 -0.500000 0.500000 -0.500000
1778468545.763227 0.300000 0.000000 0.000000 0.500000 -0.500000 0.500000 -0.500000
1778468545.910009 0.300000 0.000000 0.000000 0.500000 -0.500000 0.500000 -0.500000
1778468546.041080 0.300000 0.000000 0.000000 0.500000 -0.500000 0.500000 -0.500000
1778468546.190881 0.300000 0.000000 0.000000 0.500000 -0.500000 0.500000 -0.500000
1778468546.327024 0.300000 0.000000 0.000000 0.500000 -0.500000 0.500000 -0.500000
1778468546.460726 0.300000 0.000000 0.000000 0.500000 -0.500000 0.500000 -0.500000
1778468546.601739 0.300000 0.000000 0.000000 0.500000 -0.500000 0.500000 -0.500000
1778468546.740668 0.300000 0.000000 0.000000 0.500000 -0.500000 0.500000 -0.500000
1778468546.881294 0.300000 0.000000 0.000000 0.500000 -0.500000 0.500000 -0.500000
1778468547.022393 0.300000 0.000000 0.000000 0.500000 -0.500000 0.500000 -0.500000
1778468547.161537 0.300000 0.000000 0.000000 0.500000 -0.500000 0.500000 -0.500000
1778468547.301395 0.300000 0.000000 0.000000 0.500000 -0.500000 0.500000 -0.500000
1778468547.441287 0.300000 0.000000 0.000000 0.500000 -0.500000 0.500000 -0.500000
1778468547.580322 0.300000 0.000000 0.000000 0.500000 -0.500000 0.500000 -0.500000
1778468547.735230 0.300000 0.000000 0.000000 0.500000 -0.500000 0.500000 -0.500000
1778468547.861789 0.300000 0.000000 0.000000 0.500000 -0.500000 0.500000 -0.500000
1778468548.016039 0.300000 0.000000 0.000000 0.500000 -0.500000 0.500000 -0.500000
1778468548.148081 0.300000 0.000000 0.000000 0.500000 -0.500000 0.500000 -0.500000
1778468548.279589 0.300000 0.000000 0.000000 0.500000 -0.500000 0.500000 -0.500000
1778468548.423250 0.300000 0.000000 0.000000 0.500000 -0.500000 0.500000 -0.500000
1778468548.561498 0.300000 0.000000 0.000000 0.500000 -0.500000 0.500000 -0.500000
1778468548.701264 0.300000 0.000000 0.000000 0.500000 -0.500000 0.500000 -0.500000
1778468548.837734 0.300000 0.000000 0.000000 0.500000 -0.500000 0.500000 -0.500000
1778468548.978223 0.300000 0.000000 0.000000 0.500000 -0.500000 0.500000 -0.500000
1778468549.116599 0.300000 0.000000 0.000000 0.500000 -0.500000 0.500000 -0.500000
1778468549.258296 0.300000 0.000000 0.000000 0.500000 -0.500000 0.500000 -0.500000
1778468549.401536 0.300000 0.000000 0.000000 0.500000 -0.500000 0.500000 -0.500000
1778468549.540766 0.300000 0.000000 0.000000 0.500000 -0.500000 0.500000 -0.500000
1778468549.677967 0.300000 0.000000 0.000000 0.500000 -0.500000 0.500000 -0.500000
1778468549.827752 0.300000 0.000000 0.000000 0.500000 -0.500000 0.500000 -0.500000
1778468549.967946 0.300000 0.000000 0.000000 0.500000 -0.500000 0.500000 -0.500000
1778468550.100863 0.300000 0.000000 0.000000 0.500000 -0.500000 0.500000 -0.500000
1778468550.243261 0.300000 0.000000 0.000000 0.500000 -0.500000 0.500000 -0.500000
1778468550.384835 0.300000 0.000000 0.000000 0.500000 -0.500000 0.500000 -0.500000
1778468550.520468 0.300000 0.000000 0.000000 0.500000 -0.500000 0.500000 -0.500000
1778468550.664862 0.300000 0.000000 0.000000 0.500000 -0.500000 0.500000 -0.500000
1778468550.801174 0.300000 0.000000 0.000000 0.500000 -0.500000 0.500000 -0.500000
1778468550.942850 0.300000 0.000000 0.000000 0.500000 -0.500000 0.500000 -0.500000
1778468551.080740 0.300000 0.000000 0.000000 0.500000 -0.500000 0.500000 -0.500000
1778468551.223650 0.300000 0.000000 0.000000 0.500000 -0.500000 0.500000 -0.500000
1778468551.362455 0.300000 0.000000 0.000000 0.500000 -0.500000 0.500000 -0.500000
1778468551.500863 0.300000 0.000000 0.000000 0.500000 -0.500000 0.500000 -0.500000
1778468551.642882 0.300000 0.000000 0.000000 0.500000 -0.500000 0.500000 -0.500000
1778468551.783312 0.300000 0.000000 0.000000 0.500000 -0.500000 0.500000 -0.500000
1778468551.921968 0.300000 0.000000 0.000000 0.500000 -0.500000 0.500000 -0.500000
1778468552.062150 0.300000 0.000000 0.000000 0.500000 -0.500000 0.500000 -0.500000
1778468552.197734 0.300000 0.000000 0.000000 0.500000 -0.500000 0.500000 -0.500000
1778468552.338095 0.300000 0.000000 0.000000 0.500000 -0.500000 0.500000 -0.500000
1778468552.482803 0.300000 0.000000 0.000000 0.500000 -0.500000 0.500000 -0.500000
1778468552.618203 0.300000 0.000000 0.000000 0.500000 -0.500000 0.500000 -0.500000
1778468552.757306 0.300000 0.000000 0.000000 0.500000 -0.500000 0.500000 -0.500000
1778468552.895880 0.300000 0.000000 0.000000 0.500000 -0.500000 0.500000 -0.500000
1778468553.037070 0.300000 0.000000 0.000000 0.500000 -0.500000 0.500000 -0.500000
1778468553.178779 0.300000 0.000000 0.000000 0.500000 -0.500000 0.500000 -0.500000
1778468553.315495 0.300000 0.000000 0.000000 0.500000 -0.500000 0.500000 -0.500000
1778468553.466473 0.300000 0.000000 0.000000 0.500000 -0.500000 0.500000 -0.500000
1778468553.599847 0.300000 0.000000 0.000000 0.500000 -0.500000 0.500000 -0.500000
1778468553.739737 0.300000 0.000000 0.000000 0.500000 -0.500000 0.500000 -0.500000
1778468553.880574 0.300000 0.000000 0.000000 0.500000 -0.500000 0.500000 -0.500000
1778468554.018800 0.300000 0.000000 0.000000 0.500000 -0.500000 0.500000 -0.500000
1778468554.156124 0.300000 0.000000 0.000000 0.500000 -0.500000 0.500000 -0.500000
1778468554.296204 0.300000 0.000000 0.000000 0.500000 -0.500000 0.500000 -0.500000
1778468554.438784 0.300000 0.000000 0.000000 0.500000 -0.500000 0.500000 -0.500000
1778468554.579553 0.300000 0.000000 0.000000 0.500000 -0.500000 0.500000 -0.500000
1778468554.721465 0.300000 0.000000 0.000000 0.500000 -0.500000 0.500000 -0.500000
1778468554.856461 0.300000 0.000000 0.000000 0.500000 -0.500000 0.500000 -0.500000
1778468555.002521 0.300000 0.000000 0.000000 0.500000 -0.500000 0.500000 -0.500000
1778468555.140836 0.300000 0.000000 0.000000 0.500000 -0.500000 0.500000 -0.500000
1778468555.280003 0.300000 0.000000 0.000000 0.500000 -0.500000 0.500000 -0.500000
1778468555.427623 0.300000 0.000000 0.000000 0.500000 -0.500000 0.500000 -0.500000
1778468555.558993 0.300000 0.000000 0.000000 0.500000 -0.500000 0.500000 -0.500000
1778468555.703235 0.300000 0.000000 0.000000 0.500000 -0.500000 0.500000 -0.500000
1778468555.838759 0.300000 0.000000 0.000000 0.500000 -0.500000 0.500000 -0.500000
1778468555.977372 0.300000 0.000000 0.000000 0.500000 -0.500000 0.500000 -0.500000
1778468556.115458 0.300000 0.000000 0.000000 0.500000 -0.500000 0.500000 -0.500000
1778468556.262646 0.300000 0.000000 0.000000 0.500000 -0.500000 0.500000 -0.500000
1778468556.399305 0.300000 0.000000 0.000000 0.500000 -0.500000 0.500000 -0.500000
1778468556.536884 0.300000 0.000000 0.000000 0.500000 -0.500000 0.500000 -0.500000
1778468556.679842 0.300000 0.000000 0.000000 0.500000 -0.500000 0.500000 -0.500000
1778468556.816493 0.300000 0.000000 0.000000 0.500000 -0.500000 0.500000 -0.500000
1778468556.962592 0.300000 0.000000 0.000000 0.500000 -0.500000 0.500000 -0.500000
1778468557.099771 0.300000 0.000000 0.000000 0.500000 -0.500000 0.500000 -0.500000
1778468557.236283 0.300000 0.000000 0.000000 0.500000 -0.500000 0.500000 -0.500000
1778468557.379701 0.300000 0.000000 0.000000 0.500000 -0.500000 0.500000 -0.500000
1778468557.520737 0.300000 0.000000 0.000000 0.500000 -0.500000 0.500000 -0.500000
1778468557.660049 0.300000 0.000000 0.000000 0.500000 -0.500000 0.500000 -0.500000
1778468557.801801 0.300000 0.000000 0.000000 0.500000 -0.500000 0.500000 -0.500000
1778468557.938955 0.300000 0.000000 0.000000 0.500000 -0.500000 0.500000 -0.500000
1778468558.079248 0.300000 0.000000 0.000000 0.500000 -0.500000 0.500000 -0.500000
1778468558.223849 0.300000 0.000000 0.000000 0.500000 -0.500000 0.500000 -0.500000
1778468558.359745 0.300000 0.000000 0.000000 0.500000 -0.500000 0.500000 -0.500000
1778468558.499027 0.300000 0.000000 0.000000 0.500000 -0.500000 0.500000 -0.500000
1778468558.639025 0.300000 0.000000 0.000000 0.500000 -0.500000 0.500000 -0.500000
1778468558.784559 0.300000 0.000000 0.000000 0.500000 -0.500000 0.500000 -0.500000
1778468558.920928 0.300000 0.000000 0.000000 0.500000 -0.500000 0.500000 -0.500000
1778468559.064789 0.300000 0.000000 0.000000 0.500000 -0.500000 0.500000 -0.500000
1778468559.203394 0.300000 0.000000 0.000000 0.500000 -0.500000 0.500000 -0.500000
1778468559.347167 0.300000 0.000000 0.000000 0.500000 -0.500000 0.500000 -0.500000
1778468559.478344 0.300000 0.000000 0.000000 0.500000 -0.500000 0.500000 -0.500000
1778468559.623868 0.300000 0.000000 0.000000 0.500000 -0.500000 0.500000 -0.500000
1778468559.762623 0.300000 0.000000 0.000000 0.500000 -0.500000 0.500000 -0.500000
1778468559.904818 0.300000 0.000000 0.000000 0.500000 -0.500000 0.500000 -0.500000
1778468560.044828 0.300000 0.000000 0.000000 0.500000 -0.500000 0.500000 -0.500000
1778468560.181768 0.300000 0.000000 0.000000 0.500000 -0.500000 0.500000 -0.500000
1778468560.323237 0.300000 0.000000 0.000000 0.500000 -0.500000 0.500000 -0.500000
1778468560.466861 0.300000 0.000000 0.000000 0.500000 -0.500000 0.500000 -0.500000
1778468560.613692 0.300000 0.000000 0.000000 0.500000 -0.500000 0.500000 -0.500000
1778468560.748108 0.300000 0.000000 0.000000 0.500000 -0.500000 0.500000 -0.500000
1778468560.890386 0.300000 0.000000 0.000000 0.500000 -0.500000 0.500000 -0.500000
1778468561.026807 0.300000 0.000000 0.000000 0.500000 -0.500000 0.500000 -0.500000
1778468561.167131 0.300000 0.000000 0.000000 0.500000 -0.500000 0.500000 -0.500000
1778468561.307178 0.300000 0.000000 0.000000 0.500000 -0.500000 0.500000 -0.500000
1778468561.447581 0.300000 0.000000 0.000000 0.500000 -0.500000 0.500000 -0.500000
1778468561.588424 0.300000 0.000000 0.000000 0.500000 -0.500000 0.500000 -0.500000
1778468561.731925 0.300000 0.000000 0.000000 0.500000 -0.500000 0.500000 -0.500000
1778468561.873178 0.300000 0.000000 0.000000 0.500000 -0.500000 0.500000 -0.500000
1778468562.010257 0.300000 0.000000 0.000000 0.500000 -0.500000 0.500000 -0.500000
1778468562.148805 0.300000 0.000000 0.000000 0.500000 -0.500000 0.500000 -0.500000
1778468562.295419 0.300000 0.000000 0.000000 0.500000 -0.500000 0.500000 -0.500000
1778468562.434772 0.300000 0.000000 0.000000 0.500000 -0.500000 0.500000 -0.500000
1778468562.574337 0.300000 0.000000 0.000000 0.500000 -0.500000 0.500000 -0.500000
1778468562.724229 0.300000 0.000000 0.000000 0.500000 -0.500000 0.500000 -0.500000
1778468562.856631 0.300000 0.000000 0.000000 0.500000 -0.500000 0.500000 -0.500000
1778468562.999595 0.300000 0.000000 0.000000 0.500000 -0.500000 0.500000 -0.500000
1778468563.140618 0.300000 0.000000 0.000000 0.500000 -0.500000 0.500000 -0.500000
1778468563.280533 0.300000 0.000000 0.000000 0.500000 -0.500000 0.500000 -0.500000
1778468563.423758 0.300000 0.000000 0.000000 0.500000 -0.500000 0.500000 -0.500000
1778468563.558087 0.300000 0.000000 0.000000 0.500000 -0.500000 0.500000 -0.500000
1778468563.700526 0.300000 0.000000 0.000000 0.500000 -0.500000 0.500000 -0.500000
1778468563.835044 0.300000 0.000000 0.000000 0.500000 -0.500000 0.500000 -0.500000
1778468563.977056 0.300000 0.000000 0.000000 0.500000 -0.500000 0.500000 -0.500000
1778468564.116791 0.300000 0.000000 0.000000 0.500000 -0.500000 0.500000 -0.500000
1778468564.263579 0.300000 0.000000 0.000000 0.500000 -0.500000 0.500000 -0.500000
1778468564.405315 0.300000 0.000000 0.000000 0.500000 -0.500000 0.500000 -0.500000
1778468564.539835 0.300000 0.000000 0.000000 0.500000 -0.500000 0.500000 -0.500000
1778468564.680252 0.300000 0.000000 0.000000 0.500000 -0.500000 0.500000 -0.500000
1778468564.816413 0.300000 0.000000 0.000000 0.500000 -0.500000 0.500000 -0.500000
1778468564.958562 0.300000 0.000000 0.000000 0.500000 -0.500000 0.500000 -0.500000
1778468565.098632 0.300000 0.000000 0.000000 0.500000 -0.500000 0.500000 -0.500000
1778468565.235199 0.300000 0.000000 0.000000 0.500000 -0.500000 0.500000 -0.500000
1778468565.374525 0.300000 0.000000 0.000000 0.500000 -0.500000 0.500000 -0.500000
1778468565.515343 0.300000 0.000000 0.000000 0.500000 -0.500000 0.500000 -0.500000
1778468565.655405 0.300000 0.000000 0.000000 0.500000 -0.500000 0.500000 -0.500000
1778468565.796191 0.300000 0.000000 0.000000 0.500000 -0.500000 0.500000 -0.500000
