# camera_optical trajectory from onboard odometry (NOT ground truth)
1778755153.596083 -4.599216 -28.795873 0.097318 -0.673266 -0.064972 0.046891 0.735046
1778755153.712995 -4.597597 -28.811361 0.144216 -0.666070 -0.062993 0.048518 0.741639
1778755153.852784 -4.597585 -28.816533 0.202311 -0.675187 -0.062197 0.047149 0.733506
1778755153.997053 -4.600148 -28.808789 0.255084 -0.686379 -0.062554 0.044316 0.723192
1778755154.132139 -4.603529 -28.798800 0.302709 -0.691325 -0.062893 0.042337 0.718555
1778755154.285015 -4.604807 -28.785651 0.327967 -0.695217 -0.061371 0.040637 0.715021
1778755154.411234 -4.605064 -28.782210 0.328550 -0.697333 -0.061308 0.040843 0.712951
1778755154.518377 -4.605007 -28.785602 0.329079 -0.696911 -0.061736 0.041017 0.713317
1778755154.626076 -4.604898 -28.788141 0.329419 -0.696423 -0.062091 0.041588 0.713730
1778755154.772483 -4.604605 -28.787985 0.329433 -0.696444 -0.061702 0.041276 0.713761
1778755154.918110 -4.604510 -28.787380 0.329342 -0.696617 -0.061485 0.041086 0.713622
1778755155.040824 -4.604618 -28.787487 0.329388 -0.696550 -0.061634 0.041207 0.713667
1778755155.180884 -4.604492 -28.787418 0.329371 -0.696589 -0.061472 0.041065 0.713651
1778755155.327279 -4.604644 -28.787439 0.329365 -0.696580 -0.061650 0.041122 0.713642
1778755155.461429 -4.604554 -28.787362 0.329315 -0.696656 -0.061543 0.041024 0.713582
1778755155.623809 -4.604527 -28.787360 0.329317 -0.696658 -0.061515 0.041009 0.713584
1778755155.741855 -4.604558 -28.787352 0.329320 -0.696654 -0.061539 0.040978 0.713587
1778755155.882027 -4.604748 -28.791140 0.329359 -0.695333 -0.064909 0.041127 0.714568
1778755156.027612 -4.611695 -28.796454 0.322116 -0.697348 -0.076754 0.042612 0.711336
1778755156.164667 -4.615234 -28.793564 0.319658 -0.698039 -0.082484 0.043489 0.709963
1778755156.304198 -4.616719 -28.789013 0.323171 -0.698214 -0.083544 0.044123 0.709627
1778755156.444844 -4.617232 -28.786690 0.324487 -0.698281 -0.083711 0.044456 0.709520
1778755156.580964 -4.617631 -28.785141 0.320991 -0.698290 -0.083799 0.044573 0.709494
1778755156.722830 -4.618010 -28.783788 0.319107 -0.698356 -0.083871 0.044824 0.709405
1778755156.863993 -4.618386 -28.782484 0.323304 -0.698406 -0.083964 0.045007 0.709334
1778755157.002105 -4.618565 -28.781827 0.324154 -0.698442 -0.083993 0.045134 0.709286
1778755157.152729 -4.618853 -28.781125 0.323355 -0.698455 -0.084114 0.045224 0.709254
1778755157.329656 -4.619005 -28.780506 0.324172 -0.698441 -0.084132 0.045440 0.709251
1778755157.430361 -4.619156 -28.779960 0.324239 -0.698436 -0.084148 0.045490 0.709251
1778755157.567431 -4.619230 -28.779397 0.324240 -0.698468 -0.084114 0.045571 0.709218
1778755157.710214 -4.614699 -28.776212 0.322456 -0.699058 -0.078638 0.038958 0.709659
1778755157.844072 -4.591324 -28.773199 0.321555 -0.704030 -0.050142 0.013632 0.708267
1778755157.982308 -4.552121 -28.770272 0.325073 0.707232 -0.001642 0.038407 -0.705935
1778755158.121973 -4.520254 -28.769127 0.320616 0.710089 -0.044902 0.085540 -0.697452
1778755158.280539 -4.505091 -28.766890 0.317109 0.708308 -0.071175 0.111350 -0.693423
1778755158.407751 -4.500363 -28.764534 0.310640 0.705487 -0.085824 0.122582 -0.692745
1778755158.543223 -4.509504 -28.760125 0.308995 0.706759 -0.077929 0.109639 -0.694549
1778755158.688773 -4.533561 -28.754826 0.309845 0.710469 -0.047485 0.074123 -0.698202
1778755158.831077 -4.570822 -28.750843 0.312045 0.710522 -0.002559 0.024376 -0.703248
1778755158.961802 -4.614219 -28.748378 0.314017 0.706215 0.041214 -0.029008 -0.706201
1778755159.103605 -4.637321 -28.752324 0.312148 0.704355 0.059868 -0.065452 -0.704284
1778755159.241729 -4.665148 -28.757043 0.294591 0.715805 0.100296 -0.071318 -0.687370
1778755159.385232 -4.678770 -28.759381 0.290249 0.715368 0.114622 -0.079312 -0.684705
1778755159.528175 -4.679903 -28.760364 0.287950 0.713986 0.119066 -0.080959 -0.685196
1778755159.663819 -4.679770 -28.760331 0.287744 0.714000 0.119132 -0.080222 -0.685256
1778755159.819915 -4.679102 -28.760296 0.287690 0.713974 0.118684 -0.079487 -0.685447
1778755159.943049 -4.678755 -28.760288 0.287625 0.714024 0.118216 -0.078970 -0.685535
1778755160.093985 -4.678514 -28.760366 0.287545 0.714064 0.117891 -0.078576 -0.685595
1778755160.231924 -4.678230 -28.760503 0.287623 0.713995 0.117561 -0.078275 -0.685758
1778755160.362185 -4.678202 -28.760522 0.287604 0.713981 0.117490 -0.078195 -0.685794
1778755160.506352 -4.678087 -28.760535 0.287586 0.713975 0.117297 -0.078078 -0.685846
1778755160.652339 -4.677919 -28.760602 0.287581 0.714023 0.117015 -0.077890 -0.685866
1778755160.781828 -4.677902 -28.760627 0.287606 0.713980 0.116940 -0.077823 -0.685931
1778755160.922391 -4.677790 -28.760618 0.287637 0.713970 0.116764 -0.077774 -0.685977
1778755161.063134 -4.677716 -28.760649 0.287646 0.713952 0.116662 -0.077705 -0.686021
1778755161.202787 -4.677657 -28.760691 0.287625 0.713977 0.116565 -0.077696 -0.686012
1778755161.342095 -4.677571 -28.760689 0.287623 0.714010 0.116470 -0.077592 -0.686005
1778755161.481261 -4.677616 -28.760700 0.287629 0.713999 0.116509 -0.077545 -0.686016
1778755161.622483 -4.677557 -28.760717 0.287697 0.713965 0.116439 -0.077537 -0.686064
1778755161.765208 -4.677508 -28.760756 0.287674 0.713950 0.116363 -0.077568 -0.686089
1778755161.926558 -4.677516 -28.760793 0.287722 0.713915 0.116376 -0.077506 -0.686130
1778755162.043734 -4.677450 -28.760786 0.287759 0.713895 0.116299 -0.077494 -0.686166
1778755162.185260 -4.677522 -28.760838 0.287736 0.713895 0.116384 -0.077398 -0.686162
1778755162.326988 -4.677500 -28.760827 0.287748 0.713870 0.116381 -0.077364 -0.686193
1778755162.478185 -4.677476 -28.760821 0.287773 0.713860 0.116336 -0.077365 -0.686210
1778755162.602856 -4.677552 -28.760878 0.287772 0.713832 0.116432 -0.077377 -0.686222
1778755162.744085 -4.677462 -28.760829 0.287747 0.713881 0.116310 -0.077309 -0.686199
1778755162.883112 -4.677484 -28.760857 0.287747 0.713865 0.116333 -0.077324 -0.686211
1778755163.024210 -4.677450 -28.760851 0.287760 0.713858 0.116308 -0.077215 -0.686234
1778755163.163818 -4.677399 -28.760796 0.287787 0.713859 0.116237 -0.077199 -0.686247
1778755163.302365 -4.677497 -28.760857 0.287754 0.713848 0.116358 -0.077220 -0.686236
1778755163.449712 -4.677469 -28.760842 0.287789 0.713833 0.116328 -0.077252 -0.686252
1778755163.580354 -4.677563 -28.760935 0.287819 0.713771 0.116441 -0.077297 -0.686293
1778755163.725540 -4.677532 -28.760913 0.287815 0.713784 0.116401 -0.077261 -0.686290
1778755163.862897 -4.677541 -28.760899 0.287775 0.713819 0.116424 -0.077236 -0.686253
1778755164.021186 -4.677654 -28.760901 0.287746 0.713827 0.116539 -0.077268 -0.686221
1778755164.142364 -4.677600 -28.760862 0.287715 0.713876 0.116472 -0.077214 -0.686187
1778755164.281906 -4.677614 -28.760847 0.287709 0.713895 0.116487 -0.077234 -0.686163
1778755164.424093 -4.677658 -28.760860 0.287698 0.713887 0.116533 -0.077185 -0.686169
1778755164.562262 -4.677613 -28.760833 0.287689 0.713922 0.116467 -0.077111 -0.686152
1778755164.700821 -4.677696 -28.760849 0.287677 0.713923 0.116565 -0.077161 -0.686128
1778755164.841428 -4.677649 -28.760775 0.287621 0.713972 0.116498 -0.077128 -0.686093
1778755164.980691 -4.677664 -28.760827 0.287651 0.713930 0.116524 -0.077112 -0.686134
1778755165.120849 -4.677684 -28.760880 0.287717 0.713865 0.116550 -0.077135 -0.686194
1778755165.260656 -4.677651 -28.760868 0.287726 0.713872 0.116514 -0.077108 -0.686196
1778755165.400095 -4.677732 -28.760923 0.287727 0.713853 0.116608 -0.077115 -0.686200
1778755165.541729 -4.677694 -28.760918 0.287735 0.713841 0.116568 -0.077041 -0.686227
1778755165.681908 -4.677696 -28.760870 0.287728 0.713867 0.116554 -0.076975 -0.686210
1778755165.819973 -4.677701 -28.760883 0.287694 0.713875 0.116556 -0.076991 -0.686199
1778755165.965283 -4.677677 -28.760845 0.287695 0.713895 0.116523 -0.076939 -0.686190
1778755166.116938 -4.677683 -28.760916 0.287733 0.713858 0.116541 -0.076970 -0.686222
1778755166.243119 -4.677620 -28.760904 0.287744 0.713858 0.116471 -0.076992 -0.686231
1778755166.385958 -4.677582 -28.760908 0.287774 0.713824 0.116422 -0.076945 -0.686280
1778755166.520742 -4.677616 -28.760921 0.287760 0.713831 0.116464 -0.076964 -0.686264
1778755166.675322 -4.677564 -28.760852 0.287752 0.713863 0.116388 -0.076956 -0.686244
1778755166.800683 -4.677617 -28.760895 0.287778 0.713851 0.116457 -0.076989 -0.686242
1778755166.942072 -4.677649 -28.760879 0.287735 0.713883 0.116488 -0.077013 -0.686200
1778755167.088133 -4.677608 -28.760873 0.287742 0.713881 0.116438 -0.076994 -0.686212
1778755167.223147 -4.677632 -28.760916 0.287729 0.713864 0.116472 -0.076996 -0.686224
1778755167.365333 -4.677592 -28.760847 0.287701 0.713903 0.116421 -0.076937 -0.686200
1778755167.501672 -4.677617 -28.760872 0.287721 0.713894 0.116446 -0.076922 -0.686206
1778755167.644247 -4.677571 -28.760834 0.287678 0.713947 0.116384 -0.076900 -0.686164
1778755167.785726 -4.677551 -28.760790 0.287635 0.713985 0.116359 -0.076830 -0.686137
1778755167.921041 -4.677585 -28.760836 0.287674 0.713952 0.116397 -0.076882 -0.686158
1778755168.059866 -4.677538 -28.760806 0.287691 0.713954 0.116342 -0.076871 -0.686167
1778755168.220176 -4.677471 -28.760829 0.287706 0.713929 0.116260 -0.076835 -0.686211
1778755168.343636 -4.677541 -28.760847 0.287685 0.713925 0.116345 -0.076870 -0.686197
1778755168.486576 -4.670339 -28.759592 0.292392 0.715274 0.110719 -0.069276 -0.686531
1778755168.623789 -4.650465 -28.756591 0.293541 0.719353 0.089095 -0.042637 -0.687587
1778755168.767291 -4.609681 -28.750589 0.304440 0.720088 0.036101 0.006061 -0.692916
1778755168.901544 -4.561453 -28.750271 0.309010 0.717780 -0.026316 0.071541 -0.692084
1778755169.042620 -4.501173 -28.765473 0.312955 0.702770 -0.103468 0.152786 -0.687070
1778755169.180408 -4.428002 -28.812961 0.308422 0.676831 -0.206673 0.259839 -0.657016
1778755169.342285 -4.349193 -28.906545 0.328294 -0.582621 0.359330 -0.397289 0.611225
1778755169.462192 -4.312193 -28.984990 0.334085 -0.525568 0.438370 -0.495842 0.534557
1778755169.604209 -4.320369 -29.120435 0.313931 0.404905 -0.576244 0.577249 -0.413253
1778755169.750512 -4.376758 -29.232385 0.321017 0.274007 -0.641871 0.653025 -0.294075
1778755169.883756 -4.453411 -29.301851 0.317945 0.155050 -0.673992 0.706599 -0.149709
1778755170.035737 -4.586820 -29.324781 0.325592 0.015256 -0.689952 0.723242 0.025571
1778755170.167444 -4.701251 -29.298967 0.310216 0.128358 0.696476 -0.695188 -0.123121
1778755170.306261 -4.791281 -29.253414 0.322729 -0.243987 -0.650456 0.680043 0.234347
1778755170.454746 -4.847007 -29.226903 0.313841 0.296241 0.637140 -0.636360 -0.318339
1778755170.587740 -4.882442 -29.212294 0.307402 0.330390 0.628559 -0.607560 -0.355846
1778755170.728154 -4.913324 -29.204353 0.304841 0.358320 0.615766 -0.593997 -0.373640
1778755170.869153 -4.977322 -29.224523 0.313527 -0.377861 -0.594850 0.597754 0.382184
1778755171.008131 -5.044490 -29.291320 0.299528 0.367508 0.619964 -0.603922 -0.340382
1778755171.147621 -5.081949 -29.407871 0.299788 -0.283139 -0.645505 0.646908 0.290973
1778755171.285351 -5.100194 -29.541281 0.294887 0.196394 0.701045 -0.649042 -0.220702
1778755171.428489 -5.108673 -29.676424 0.307621 0.115317 0.707062 -0.681941 -0.147383
1778755171.565493 -5.100395 -29.779378 0.299141 0.066363 0.715029 -0.687332 -0.109110
1778755171.718765 -5.085071 -29.889022 0.307478 0.036411 0.715143 -0.694512 -0.069986
1778755171.848796 -5.084242 -29.975821 0.300755 0.025947 0.712969 -0.699514 -0.041011
1778755171.992174 -5.082573 -30.056857 0.313028 -0.019001 -0.703385 0.709908 0.030316
1778755172.132592 -5.096718 -30.134539 0.312137 0.027220 0.707404 -0.704422 -0.051257
1778755172.270766 -5.110344 -30.207058 0.305372 0.040718 0.713332 -0.697708 -0.051992
1778755172.425023 -5.128684 -30.295819 0.301523 0.039245 0.710695 -0.699670 -0.061926
1778755172.548220 -5.139981 -30.357477 0.308404 0.050238 0.710166 -0.699681 -0.059890
1778755172.692582 -5.151609 -30.437708 0.309020 0.048410 0.705319 -0.703942 -0.068172
1778755172.828099 -5.158489 -30.501867 0.314061 0.044666 0.706524 -0.702539 -0.072576
1778755172.967739 -5.168325 -30.591950 0.306243 0.043380 0.706757 -0.702819 -0.068258
1778755173.108585 -5.181222 -30.653559 0.314086 -0.050389 -0.701492 0.708160 0.062291
1778755173.251633 -5.193445 -30.737730 0.311542 -0.050753 -0.699658 0.709507 0.067100
1778755173.391398 -5.185133 -30.813163 0.316400 -0.030851 -0.702616 0.708513 0.058206
1778755173.528096 -5.176393 -30.891659 0.315388 -0.017933 -0.700505 0.712144 0.042686
1778755173.675526 -5.173054 -30.979347 0.310921 -0.014319 -0.703378 0.710328 0.022127
1778755173.808783 -5.172616 -31.047446 0.311997 -0.011402 -0.699799 0.713922 0.021600
1778755173.947273 -5.168742 -31.122779 0.313466 -0.003191 -0.705220 0.708389 0.028975
1778755174.087348 -5.177661 -31.194987 0.312133 0.018989 0.706621 -0.706356 -0.037239
1778755174.227069 -5.205686 -31.278201 0.302798 0.048969 0.707099 -0.703554 -0.051237
1778755174.366199 -5.230473 -31.342125 0.312026 -0.064948 -0.701812 0.706531 0.063686
1778755174.508183 -5.250200 -31.402741 0.306205 -0.070220 -0.702245 0.703392 0.084624
1778755174.647535 -5.246612 -31.438514 0.307608 0.066128 0.705016 -0.701261 -0.082542
1778755174.790442 -5.225118 -31.464902 0.305101 0.040572 0.713971 -0.697805 -0.040827
1778755174.926399 -5.189945 -31.487321 0.303852 -0.016525 0.717870 -0.695980 -0.001160
1778755175.072896 -5.160236 -31.502283 0.301496 -0.059666 0.714527 -0.696241 0.033766
1778755175.210186 -5.138597 -31.509183 0.298172 -0.082258 0.717255 -0.689817 0.054136
1778755175.353379 -5.115382 -31.509670 0.293207 -0.095254 0.717085 -0.686388 0.074745
1778755175.488995 -5.106806 -31.508679 0.291462 -0.103989 0.715325 -0.686011 0.082983
1778755175.633104 -5.104228 -31.508468 0.291529 -0.108710 0.714194 -0.686205 0.085039
1778755175.776712 -5.103739 -31.508636 0.293012 -0.109340 0.714082 -0.686228 0.084985
1778755175.914508 -5.103860 -31.508597 0.293252 -0.109245 0.714105 -0.686252 0.084724
1778755176.052757 -5.103840 -31.508598 0.293209 -0.109246 0.714157 -0.686222 0.084525
1778755176.192726 -5.103943 -31.508478 0.293230 -0.109239 0.714133 -0.686279 0.084278
1778755176.331551 -5.104067 -31.508372 0.293239 -0.109149 0.714135 -0.686314 0.084083
1778755176.476483 -5.103012 -31.511818 0.293781 -0.109122 0.712783 -0.687786 0.083563
1778755176.624224 -5.100036 -31.533281 0.291410 -0.107387 0.713607 -0.686810 0.086747
1778755176.750626 -5.093028 -31.563376 0.289222 -0.105779 0.713568 -0.686112 0.094243
1778755176.896577 -5.081603 -31.594219 0.290780 -0.113478 0.704472 -0.694408 0.092953
1778755177.039972 -5.074489 -31.606172 0.293011 -0.108935 0.704524 -0.693927 0.101209
1778755177.179023 -5.074962 -31.606334 0.294000 -0.103663 0.706087 -0.693274 0.100336
1778755177.324352 -5.070549 -31.609198 0.292309 -0.104904 0.706535 -0.692911 0.098373
1778755177.461655 -5.062186 -31.632993 0.291927 -0.106186 0.702032 -0.697236 0.098680
1778755177.597634 -5.055336 -31.660605 0.284602 -0.107396 0.703233 -0.695309 0.102350
1778755177.737787 -5.052481 -31.674007 0.280003 -0.109903 0.703243 -0.694541 0.104803
1778755177.882589 -5.052627 -31.677349 0.282219 -0.108817 0.700934 -0.696662 0.107294
1778755178.019239 -5.053433 -31.675333 0.283805 0.108470 -0.697589 0.699678 -0.109796
1778755178.157894 -5.053602 -31.670335 0.284626 -0.110406 0.699385 -0.697614 0.109575
1778755178.369241 -5.052969 -31.656832 0.286477 -0.117317 0.706896 -0.689875 0.102986
1778755178.512170 -5.066865 -31.650986 0.291726 -0.103237 0.708301 -0.693689 0.080299
1778755178.642361 -5.099248 -31.650389 0.301894 -0.059324 0.710528 -0.699878 0.042433
1778755178.775512 -5.146172 -31.649463 0.308388 -0.000022 0.710145 -0.703745 -0.020905
1778755178.912089 -5.227431 -31.628483 0.315244 -0.091350 -0.696021 0.700128 0.130503
1778755179.062457 -5.338135 -31.569355 0.286984 0.248309 0.684162 -0.645039 -0.232786
1778755179.197438 -5.423905 -31.513195 0.289184 0.352107 0.638992 -0.593408 -0.339965
1778755179.344050 -5.510718 -31.483006 0.305952 0.386915 0.608441 -0.531872 -0.444083
1778755179.479353 -5.604642 -31.469300 0.307507 0.430380 0.561880 -0.521850 -0.476169
1778755179.622580 -5.705142 -31.474132 0.302384 0.456091 0.547125 -0.535110 -0.454195
1778755179.761205 -5.806362 -31.532669 0.314947 -0.413861 -0.558137 0.574877 0.432109
1778755179.901038 -5.922457 -31.607952 0.307339 0.392246 0.601555 -0.568953 -0.400709
1778755180.045142 -6.032325 -31.678736 0.304305 0.368804 0.617259 -0.584253 -0.376330
1778755180.196294 -6.133361 -31.748904 0.292139 0.350969 0.633039 -0.581255 -0.371785
1778755180.323276 -6.256347 -31.827710 0.295721 0.341303 0.630736 -0.594003 -0.364479
1778755180.462361 -6.340902 -31.871193 0.305011 0.345439 0.628581 -0.605526 -0.344813
1778755180.604153 -6.456520 -31.939502 0.294589 0.343634 0.641804 -0.591085 -0.347307
1778755180.741488 -6.576869 -32.019803 0.296759 0.333826 0.634244 -0.604234 -0.348133
1778755180.891304 -6.693374 -32.061751 0.309740 0.351918 0.625573 -0.591732 -0.366968
1778755181.018625 -6.840117 -32.086965 0.306986 0.400305 0.595018 -0.569645 -0.401516
1778755181.161022 -6.992189 -32.119146 0.293299 0.437837 0.577579 -0.564257 -0.395367
1778755181.300679 -7.144223 -32.134666 0.299979 0.448837 0.561587 -0.556945 -0.415906
1778755181.440275 -7.259506 -32.162856 0.304833 0.442835 0.560843 -0.555716 -0.424890
1778755181.581931 -7.360385 -32.239668 0.312835 0.397131 0.591017 -0.575702 -0.401937
1778755181.720959 -7.449789 -32.294158 0.292354 0.372331 0.621062 -0.568729 -0.390127
1778755181.863803 -7.578854 -32.379603 0.298230 0.349113 0.627225 -0.584645 -0.378021
1778755182.009109 -7.675955 -32.441425 0.306746 0.345167 0.627889 -0.597433 -0.360124
1778755182.142021 -7.777941 -32.504410 0.300968 0.342654 0.632631 -0.595820 -0.356881
1778755182.279694 -7.902301 -32.581480 0.289700 0.342409 0.634554 -0.601489 -0.343959
1778755182.419610 -8.026282 -32.609367 0.310388 0.366374 0.610325 -0.593391 -0.375713
1778755182.558749 -8.149306 -32.605395 0.315766 0.417946 0.572042 -0.562924 -0.425682
1778755182.697632 -8.293370 -32.614972 0.299997 -0.462123 -0.544660 0.552623 0.429414
1778755182.839685 -8.446684 -32.618492 0.303838 -0.479090 -0.532193 0.532672 0.451114
1778755182.981617 -8.579220 -32.619920 0.304968 0.483743 0.528382 -0.513578 -0.472275
1778755183.121514 -8.728851 -32.625667 0.303452 0.490006 0.520647 -0.508689 -0.479643
1778755183.266517 -8.881897 -32.580956 0.313600 0.517479 0.486303 -0.479932 -0.515160
1778755183.401160 -9.018118 -32.580112 0.314542 0.514864 0.490063 -0.482408 -0.511894
1778755183.540045 -9.130657 -32.637879 0.314054 0.466261 0.534751 -0.514476 -0.481619
1778755183.682344 -9.216724 -32.672511 0.298165 0.437358 0.569315 -0.521840 -0.460739
1778755183.820169 -9.359053 -32.725440 0.298672 0.413782 0.579764 -0.545616 -0.441544
1778755183.959335 -9.505060 -32.800873 0.311396 0.386400 0.585995 -0.574739 -0.420690
1778755184.098412 -9.611014 -32.901535 0.299635 0.334750 0.638827 -0.581777 -0.376003
1778755184.239100 -9.721071 -33.019515 0.304918 0.291869 0.649307 -0.618419 -0.332823
1778755184.391494 -9.744001 -33.136686 0.290014 0.210948 0.689918 -0.639896 -0.264663
1778755184.516268 -9.752181 -33.282395 0.289729 0.135777 0.716258 -0.659239 -0.184234
1778755184.660838 -9.754639 -33.430926 0.285415 0.064049 0.715315 -0.684625 -0.124543
1778755184.817775 -9.736808 -33.521429 0.288092 0.024498 0.728466 -0.679980 -0.079772
1778755184.942570 -9.728069 -33.623592 0.290661 0.008676 0.718754 -0.693645 -0.046619
1778755185.086093 -9.726475 -33.763793 0.307003 0.001041 0.710358 -0.703524 -0.021101
1778755185.222413 -9.722740 -33.912332 0.309312 -0.006142 0.711342 -0.702778 -0.007582
1778755185.365870 -9.717426 -34.050700 0.310676 -0.005978 0.711102 -0.703002 0.009287
1778755185.504782 -9.717579 -34.179513 0.298492 -0.009257 0.711671 -0.702418 0.006826
1778755185.650536 -9.713571 -34.344878 0.320260 0.013391 -0.698493 0.715446 -0.008088
1778755185.783349 -9.708803 -34.461570 0.315704 -0.007927 0.707160 -0.706823 0.016216
1778755185.921640 -9.706435 -34.607779 0.303241 -0.012911 0.710265 -0.703767 0.008333
1778755186.061262 -9.700904 -34.762858 0.305914 0.011936 -0.700203 0.713676 -0.015504
1778755186.200900 -9.683610 -34.877973 0.322719 0.026511 -0.697824 0.714712 -0.039045
1778755186.341415 -9.625001 -34.962252 0.303697 -0.086313 0.707083 -0.697486 0.078083
1778755186.480850 -9.568217 -35.093803 0.321484 0.121729 -0.678902 0.715510 -0.110993
1778755186.622966 -9.489341 -35.240417 0.325446 0.154179 -0.672394 0.711354 -0.134499
1778755186.764545 -9.430933 -35.362191 0.324348 0.159137 -0.671584 0.706976 -0.154387
1778755186.904651 -9.358303 -35.482461 0.321354 0.167709 -0.671289 0.701574 -0.170408
1778755187.048162 -9.293405 -35.600461 0.318034 0.177140 -0.672666 0.698102 -0.169693
1778755187.193110 -9.226783 -35.720247 0.334337 0.169305 -0.656828 0.713775 -0.174464
1778755187.324536 -9.209155 -35.868889 0.320413 0.109936 -0.685805 0.706038 -0.138187
1778755187.462776 -9.248438 -36.020458 0.319002 0.020416 -0.689616 0.721733 -0.055812
1778755187.603559 -9.296410 -36.168527 0.321926 -0.040932 -0.688006 0.724524 0.006092
1778755187.744504 -9.344228 -36.307265 0.309439 0.091946 0.706714 -0.701286 -0.017285
1778755187.896485 -9.397720 -36.408700 0.296249 0.110676 0.707428 -0.696054 -0.052959
1778755188.021368 -9.452191 -36.536582 0.301898 -0.113250 -0.697408 0.703045 0.080768
1778755188.177115 -9.498594 -36.645325 0.313249 0.119382 0.699459 -0.698455 -0.093089
1778755188.300380 -9.547304 -36.762880 0.306029 0.122483 0.703159 -0.692068 -0.107735
1778755188.441043 -9.593212 -36.864426 0.296462 0.127692 0.711953 -0.682778 -0.103113
1778755188.581251 -9.635435 -36.966915 0.281144 0.139398 0.717544 -0.675385 -0.097743
1778755188.721652 -9.687552 -37.093312 0.290886 0.130388 0.717558 -0.675394 -0.109330
1778755188.861372 -9.732457 -37.193863 0.292755 0.137341 0.718777 -0.673962 -0.101356
1778755189.001343 -9.769866 -37.307772 0.279077 0.133516 0.732035 -0.658602 -0.111989
1778755189.140655 -9.824631 -37.447433 0.281358 0.124670 0.724820 -0.667491 -0.116396
1778755189.283955 -9.869994 -37.568486 0.262048 0.137264 0.735509 -0.655629 -0.101664
1778755189.430370 -9.896796 -37.653718 0.277560 0.130735 0.737856 -0.652942 -0.110200
1778755189.561671 -9.952468 -37.778440 0.279503 0.128632 0.738451 -0.653053 -0.108011
1778755189.703743 -9.981600 -37.880882 0.264983 0.134675 0.740953 -0.648611 -0.110253
1778755189.838824 -10.056822 -37.984224 0.291551 0.161175 0.710049 -0.666360 -0.160677
1778755189.977615 -10.192474 -38.083864 0.277186 0.269140 0.696516 -0.640136 -0.180708
1778755190.116063 -10.312739 -38.160670 0.273052 0.327453 0.675321 -0.622484 -0.221878
1778755190.258823 -10.377451 -38.179410 0.272125 0.336445 0.662080 -0.609714 -0.276954
1778755190.400794 -10.503772 -38.251112 0.274746 0.360457 0.663074 -0.589858 -0.287177
1778755190.542606 -10.614826 -38.311555 0.280214 0.359803 0.664389 -0.574531 -0.314709
1778755190.679761 -10.753196 -38.387974 0.261113 0.374733 0.660436 -0.575632 -0.303393
1778755190.825827 -10.871393 -38.459410 0.256054 0.379479 0.657297 -0.569430 -0.315762
1778755190.957225 -10.959204 -38.509884 0.286723 0.367625 0.642431 -0.581481 -0.337660
1778755191.098311 -11.106881 -38.592497 0.285470 0.373421 0.642370 -0.583560 -0.327683
1778755191.247788 -11.188250 -38.641681 0.274866 0.376587 0.648236 -0.571931 -0.332966
1778755191.380222 -11.328780 -38.720168 0.275688 0.366245 0.647760 -0.573008 -0.343415
1778755191.520609 -11.412621 -38.762423 0.265822 0.375414 0.653276 -0.567932 -0.331282
1778755191.659330 -11.472550 -38.802424 0.271556 0.373756 0.655664 -0.561673 -0.339020
1778755191.808528 -11.579741 -38.855891 0.265856 0.367107 0.656380 -0.568504 -0.333467
1778755191.945027 -11.704270 -38.928520 0.262533 0.375004 0.652909 -0.571239 -0.326752
1778755192.087155 -11.765312 -38.970079 0.276362 0.369870 0.650421 -0.571968 -0.336157
1778755192.219815 -11.863577 -39.017989 0.274399 0.373854 0.651154 -0.577390 -0.320706
1778755192.360564 -11.964731 -39.084637 0.264867 0.376104 0.651567 -0.573980 -0.323347
1778755192.499784 -12.053707 -39.140779 0.285398 0.367038 0.654220 -0.570527 -0.334332
1778755192.638550 -12.143203 -39.181224 0.282471 0.371796 0.643953 -0.583034 -0.327359
1778755192.777773 -12.223744 -39.229662 0.270078 0.371769 0.651271 -0.572275 -0.331867
1778755192.921262 -12.373564 -39.318004 0.276705 0.360388 0.648856 -0.576156 -0.342273
1778755193.056724 -12.441994 -39.350308 0.268069 0.370878 0.654706 -0.574913 -0.321380
1778755193.207088 -12.498186 -39.387164 0.270801 0.366427 0.659900 -0.564867 -0.333448
1778755193.348021 -12.592286 -39.434636 0.268590 0.364751 0.655474 -0.574319 -0.327825
1778755193.479376 -12.697712 -39.497928 0.260466 0.373519 0.656094 -0.573309 -0.318342
1778755193.618784 -12.796197 -39.558158 0.282437 0.360345 0.657527 -0.571372 -0.333683
1778755193.759431 -12.896287 -39.604323 0.274934 0.360874 0.658094 -0.575889 -0.324090
1778755193.898671 -12.984132 -39.663609 0.269040 0.362663 0.655856 -0.575945 -0.326520
1778755194.038591 -13.106867 -39.742968 0.282174 0.347487 0.646767 -0.588174 -0.339111
1778755194.181001 -13.238690 -39.811871 0.277137 0.371510 0.650225 -0.579338 -0.321799
1778755194.319613 -13.336337 -39.819641 0.275696 0.417649 0.623763 -0.550564 -0.365195
1778755194.459874 -13.470893 -39.833922 0.271377 0.440163 0.593592 -0.543262 -0.398460
1778755194.606279 -13.586569 -39.842256 0.261226 0.469435 0.580098 -0.528814 -0.404317
1778755194.742329 -13.704705 -39.840356 0.284361 0.475427 0.571068 -0.512242 -0.430650
1778755194.885488 -13.817075 -39.841456 0.283120 0.480329 0.561930 -0.512924 -0.436380
1778755195.023145 -13.957030 -39.848829 0.279754 0.488847 0.556768 -0.503799 -0.444100
1778755195.162469 -14.097349 -39.867188 0.285006 0.471058 0.556380 -0.500151 -0.467328
1778755195.298983 -14.240862 -39.884487 0.289044 0.484954 0.553269 -0.506149 -0.450028
1778755195.439487 -14.376322 -39.899543 0.292689 0.482935 0.542668 -0.509060 -0.461675
1778755195.579598 -14.522659 -39.935972 0.300820 0.457483 0.555740 -0.519571 -0.460334
1778755195.720293 -14.637918 -40.004083 0.309597 0.416884 0.582964 -0.553279 -0.424550
1778755195.858734 -14.735471 -40.061568 0.281660 0.402475 0.624501 -0.539590 -0.396049
1778755195.999488 -14.854788 -40.133049 0.286912 0.372741 0.629165 -0.560665 -0.388419
1778755196.145992 -14.966311 -40.196677 0.290919 0.370254 0.625416 -0.579873 -0.368122
1778755196.281491 -15.079375 -40.272795 0.300889 0.348264 0.627895 -0.586488 -0.374821
1778755196.423548 -15.238116 -40.344356 0.293768 0.381586 0.624349 -0.575176 -0.365723
1778755196.564667 -15.382842 -40.359793 0.294719 0.417947 0.593301 -0.556877 -0.403984
1778755196.701480 -15.533167 -40.394513 0.287860 0.428744 0.573961 -0.550740 -0.428291
1778755196.846104 -15.686559 -40.418582 0.297241 0.455953 0.568493 -0.536567 -0.425462
1778755196.986098 -15.833006 -40.441017 0.297579 0.457305 0.564340 -0.527144 -0.441034
1778755197.123009 -15.942605 -40.509413 0.291978 0.416474 0.597860 -0.547703 -0.411260
1778755197.261752 -15.993800 -40.606060 0.288401 0.325246 0.635304 -0.600939 -0.359827
1778755197.403290 -16.060612 -40.711529 0.282281 0.287064 0.682615 -0.601313 -0.300089
1778755197.542028 -16.120226 -40.821761 0.294187 0.248725 0.685858 -0.628959 -0.268599
1778755197.683277 -16.145639 -40.885922 0.285952 0.223811 0.697747 -0.633311 -0.248947
1778755197.826801 -16.183223 -41.045065 0.287331 0.163444 0.715175 -0.646909 -0.208135
1778755197.962554 -16.174714 -41.145008 0.277337 0.102588 0.717507 -0.674161 -0.142008
1778755198.103476 -16.178578 -41.228419 0.280875 0.071170 0.732425 -0.668570 -0.107250
1778755198.241338 -16.233847 -41.364994 0.294159 0.090515 0.716576 -0.683626 -0.104790
1778755198.386535 -16.297702 -41.513172 0.295986 0.111398 0.714080 -0.680692 -0.119747
1778755198.537255 -16.352759 -41.658879 0.312188 0.113141 0.700419 -0.691951 -0.133474
1778755198.669031 -16.414573 -41.802092 0.310688 0.135136 0.706308 -0.683388 -0.125886
1778755198.805752 -16.498225 -41.893966 0.303715 0.183485 0.694346 -0.673850 -0.173620
1778755198.943146 -16.612111 -41.993526 0.288827 0.246934 0.678083 -0.665264 -0.191440
1778755199.081211 -16.757620 -42.071192 0.280357 0.309127 0.675893 -0.623175 -0.243437
1778755199.223254 -16.883176 -42.136450 0.297431 0.331223 0.642306 -0.618116 -0.309300
1778755199.364724 -17.015680 -42.200124 0.283552 0.373357 0.639112 -0.601249 -0.301067
1778755199.506121 -17.096263 -42.269743 0.276146 0.351137 0.653206 -0.600861 -0.298315
1778755199.642157 -17.176030 -42.349524 0.285964 0.319783 0.648459 -0.624291 -0.295803
1778755199.784117 -17.249468 -42.419597 0.290363 0.300546 0.649768 -0.633109 -0.294357
1778755199.923441 -17.315417 -42.493446 0.286361 0.292721 0.667905 -0.619139 -0.291348
1778755200.067243 -17.408312 -42.535937 0.289094 0.313129 0.653057 -0.618030 -0.305786
1778755200.209301 -17.541181 -42.606757 0.286213 0.355978 0.642749 -0.596773 -0.322514
1778755200.346409 -17.642906 -42.662685 0.303044 0.360035 0.628531 -0.594223 -0.349602
1778755200.488390 -17.733766 -42.713555 0.292032 0.344343 0.643052 -0.588004 -0.349520
1778755200.632065 -17.815677 -42.768705 0.290705 0.344145 0.646528 -0.590843 -0.338333
1778755200.763416 -17.878391 -42.824446 0.293532 0.331679 0.655306 -0.591579 -0.332563
1778755200.902396 -17.947279 -42.890503 0.282911 0.318140 0.662263 -0.599922 -0.316682
1778755201.042343 -18.010833 -42.938401 0.295659 0.315937 0.656194 -0.615830 -0.300579
1778755201.181993 -18.073209 -42.996564 0.286834 0.307456 0.661024 -0.614134 -0.302254
1778755201.323179 -18.131978 -43.053918 0.296397 0.301319 0.663290 -0.613465 -0.304818
1778755201.462530 -18.197561 -43.115543 0.284149 0.298263 0.668215 -0.613505 -0.296883
1778755201.602739 -18.253085 -43.161834 0.289999 0.295044 0.669124 -0.616379 -0.292061
1778755201.743320 -18.314037 -43.208741 0.275846 0.302807 0.669434 -0.608943 -0.298923
1778755201.883040 -18.357250 -43.263155 0.275237 0.289414 0.656362 -0.618379 -0.320993
1778755202.031374 -18.399799 -43.313287 0.309921 -0.279233 -0.617972 0.658636 0.326096
1778755202.167708 -18.455837 -43.369237 0.333311 -0.291492 -0.607210 0.675147 0.300842
1778755202.304660 -18.508218 -43.409378 0.321113 -0.302148 -0.593531 0.683913 0.297808
1778755202.453657 -18.575998 -43.455030 0.335147 -0.306528 -0.572130 0.696381 0.306204
1778755202.588612 -18.650025 -43.484678 0.349790 -0.334018 -0.583620 0.667822 0.319113
1778755202.724180 -18.730583 -43.506644 0.363529 -0.346426 -0.572127 0.656011 0.349727
1778755202.865088 -18.805455 -43.530479 0.321253 -0.369187 -0.555192 0.657469 0.350995
1778755203.006097 -18.877370 -43.550494 0.326866 -0.375992 -0.543844 0.651907 0.371324
1778755203.143007 -18.949831 -43.575855 0.319662 -0.377752 -0.571785 0.610908 0.396431
1778755203.286720 -19.023598 -43.607751 0.315468 -0.384089 -0.580931 0.599362 0.394663
1778755203.424375 -19.102557 -43.641622 0.308545 -0.386892 -0.588532 0.591493 0.392532
1778755203.561978 -19.175783 -43.668714 0.308558 -0.402394 -0.585542 0.589727 0.383981
1778755203.708952 -19.245794 -43.699147 0.301808 -0.402022 -0.584117 0.590099 0.385965
1778755203.841711 -19.314015 -43.732270 0.309919 0.394989 0.589323 -0.584229 -0.394154
1778755203.979838 -19.376064 -43.761135 0.310447 0.390531 0.588558 -0.588475 -0.393424
1778755204.124794 -19.469851 -43.769825 0.309831 -0.410662 -0.568464 0.580641 0.413595
1778755204.268310 -19.564637 -43.744442 0.314381 -0.452726 -0.533599 0.543457 0.463643
1778755204.407563 -19.637810 -43.701076 0.316246 -0.492482 -0.507265 0.478230 0.520999
1778755204.555948 -19.708983 -43.628189 0.317525 -0.544236 -0.436966 0.428695 0.573663
1778755204.683356 -19.755914 -43.560078 0.312284 0.589735 0.392084 -0.392837 -0.586653
1778755204.824860 -19.801632 -43.487779 0.322257 -0.603555 -0.343992 0.358750 0.623450
1778755204.962605 -19.849224 -43.438691 0.320556 -0.614748 -0.328699 0.331049 0.635962
1778755205.103738 -19.912028 -43.385759 0.325043 -0.610331 -0.311342 0.316646 0.655970
1778755205.243651 -19.949505 -43.321759 0.316947 -0.634253 -0.289262 0.289916 0.655743
1778755205.382735 -19.966911 -43.239972 0.328269 -0.646434 -0.243913 0.238801 0.682351
1778755205.522709 -19.986317 -43.169224 0.325598 -0.663754 -0.212743 0.202096 0.687989
1778755205.665759 -20.015495 -43.085136 0.311909 -0.680953 -0.183057 0.187580 0.683818
1778755205.808860 -20.038102 -43.014516 0.272794 0.733702 0.160391 -0.180745 -0.635050
1778755205.946440 -20.038386 -42.962191 0.266716 0.775353 0.149061 -0.166204 -0.590750
1778755206.087616 -20.060532 -42.880011 0.216496 0.793597 0.144083 -0.103852 -0.581944
1778755206.230855 -20.076218 -42.809487 0.237677 0.795187 0.131240 -0.084698 -0.585901
1778755206.366564 -20.083442 -42.756409 0.232577 0.798183 0.126942 -0.086974 -0.582430
1778755206.502782 -20.047976 -42.747795 0.212992 0.824693 0.099474 -0.109415 -0.545907
1778755206.648048 -20.058316 -42.682255 0.210685 0.812968 0.101242 -0.095738 -0.565392
1778755206.781943 -20.080539 -42.656009 0.180894 0.796296 0.094742 -0.099105 -0.589165
1778755206.925299 -20.105886 -42.584214 0.186491 0.803809 0.093805 -0.092200 -0.580164
1778755207.064353 -20.122485 -42.514735 0.205977 0.792004 0.122207 -0.073495 -0.593627
1778755207.203496 -20.145589 -42.456518 0.220240 0.757762 0.145386 -0.063134 -0.632988
1778755207.346275 -20.205136 -42.394953 0.248437 0.730283 0.173382 -0.101343 -0.652959
1778755207.481307 -20.266279 -42.359077 0.265343 0.700639 0.225925 -0.150197 -0.659928
1778755207.636150 -20.359629 -42.309897 0.273746 0.675527 0.273836 -0.215065 -0.649942
1778755207.771379 -20.439033 -42.265711 0.301466 -0.646151 -0.296552 0.245510 0.658992
1778755207.906447 -20.527680 -42.204624 0.289800 0.651676 0.326553 -0.243721 -0.639751
1778755208.046658 -20.620531 -42.140453 0.283641 0.656343 0.341881 -0.256743 -0.621623
1778755208.183684 -20.701862 -42.091767 0.288343 0.643920 0.351223 -0.284756 -0.617191
1778755208.324253 -20.805348 -42.081476 0.295103 0.612178 0.392099 -0.322874 -0.606011
1778755208.468649 -20.907911 -42.102347 0.297601 -0.567740 -0.454689 0.366663 0.580076
1778755208.603422 -21.005445 -42.137200 0.289306 0.530781 0.507676 -0.426905 -0.527531
1778755208.745665 -21.085235 -42.207388 0.298638 0.465654 0.557825 -0.493749 -0.477714
1778755208.881840 -21.142416 -42.290552 0.285318 0.411787 0.617313 -0.524660 -0.417239
1778755209.024737 -21.196678 -42.399473 0.281219 0.332809 0.668869 -0.569708 -0.342468
1778755209.160079 -21.213712 -42.490205 0.279891 0.266423 0.693860 -0.608384 -0.278292
1778755209.302658 -21.231300 -42.594283 0.280834 0.218480 0.705037 -0.635404 -0.226828
1778755209.448847 -21.241439 -42.681225 0.289491 0.178388 0.714315 -0.648081 -0.194738
1778755209.587522 -21.266163 -42.761152 0.280810 0.163138 0.720418 -0.653694 -0.164521
1778755209.732980 -21.291683 -42.833107 0.287891 0.159795 0.713906 -0.667254 -0.139916
1778755209.864687 -21.317787 -42.911910 0.281114 0.148788 0.720109 -0.663488 -0.138165
1778755210.005265 -21.331846 -42.986061 0.292413 0.133392 0.717282 -0.669501 -0.139577
1778755210.141373 -21.353625 -43.068086 0.281575 0.127389 0.719621 -0.669578 -0.132602
1778755210.281680 -21.381910 -43.133525 0.291141 0.131842 0.716490 -0.674604 -0.119035
1778755210.425293 -21.410579 -43.212253 0.282879 0.127078 0.717097 -0.673751 -0.125228
1778755210.561411 -21.426720 -43.281027 0.294148 0.121383 0.721219 -0.669358 -0.130652
1778755210.701810 -21.448445 -43.364700 0.287445 0.114835 0.720562 -0.671341 -0.130022
1778755210.843216 -21.475416 -43.437956 0.286901 0.115979 0.723069 -0.670612 -0.118320
1778755210.984476 -21.499371 -43.510768 0.285374 0.118804 0.721842 -0.671230 -0.119499
1778755211.122961 -21.519495 -43.586455 0.285021 0.117086 0.730623 -0.661251 -0.123400
1778755211.270258 -21.541521 -43.666251 0.280232 0.110392 0.732059 -0.660109 -0.127116
1778755211.416241 -21.573146 -43.745076 0.278629 0.112261 0.733615 -0.659659 -0.118560
1778755211.543863 -21.593849 -43.807008 0.279981 0.117949 0.734194 -0.658988 -0.113063
1778755211.681604 -21.604011 -43.886511 0.274139 0.101779 0.741612 -0.653925 -0.109703
1778755211.831399 -21.592970 -43.968441 0.277221 0.059537 0.743634 -0.659979 -0.088840
1778755211.964991 -21.590767 -44.055007 0.279243 0.031780 0.740920 -0.667292 -0.068913
1778755212.103408 -21.584749 -44.128417 0.284769 0.023144 0.738796 -0.672096 -0.043942
1778755212.242042 -21.576697 -44.207881 0.283739 0.010638 0.741537 -0.669568 -0.041085
1778755212.383795 -21.570423 -44.286246 0.279076 0.001625 0.742161 -0.669394 -0.033272
1778755212.521601 -21.572111 -44.369117 0.278127 -0.004019 0.742138 -0.669752 -0.025442
1778755212.664674 -21.574203 -44.435328 0.283506 0.003230 0.740435 -0.672039 -0.010431
1778755212.801794 -21.570099 -44.519481 0.279214 -0.001158 0.742477 -0.669690 -0.015545
1778755212.946031 -21.561748 -44.590549 0.286376 -0.013429 0.736703 -0.675579 -0.026101
1778755213.080566 -21.558030 -44.676853 0.275103 -0.016995 0.738361 -0.673853 -0.021352
1778755213.232642 -21.561063 -44.753196 0.283301 -0.006004 0.736266 -0.676628 -0.007132
1778755213.368809 -21.558580 -44.834903 0.271659 -0.008838 0.738006 -0.674618 -0.012593
1778755213.506468 -21.548657 -44.904103 0.292138 -0.013734 0.735101 -0.677553 -0.018994
1778755213.650139 -21.542825 -44.988928 0.281001 -0.015764 0.733214 -0.679526 -0.019825
1778755213.787157 -21.540772 -45.065293 0.282791 -0.014116 0.736327 -0.676438 -0.007356
1778755213.925058 -21.540563 -45.138466 0.279237 -0.011033 0.735968 -0.676808 -0.012667
1778755214.071670 -21.532681 -45.218800 0.293018 -0.012610 0.734983 -0.677745 -0.017406
1778755214.209429 -21.525548 -45.295566 0.283743 -0.018359 0.735060 -0.677431 -0.020901
1778755214.348799 -21.526356 -45.377262 0.280225 -0.017038 0.736432 -0.676167 -0.013273
1778755214.488180 -21.530153 -45.443071 0.288455 -0.007467 0.734162 -0.678926 -0.003110
1778755214.627483 -21.528336 -45.529439 0.278882 -0.009436 0.738402 -0.674211 -0.010643
1778755214.769138 -21.519376 -45.601827 0.289030 -0.016129 0.733218 -0.679559 -0.018167
1778755214.912946 -21.515904 -45.690707 0.277801 -0.014346 0.736039 -0.676695 -0.011165
1778755215.051857 -21.520546 -45.755719 0.289119 -0.010536 0.733317 -0.679797 -0.003322
1778755215.191962 -21.518609 -45.837808 0.279387 -0.012807 0.734731 -0.678162 -0.010099
1778755215.330424 -21.509418 -45.911435 0.289671 -0.018140 0.735443 -0.677156 -0.015942
1778755215.473890 -21.501940 -45.999603 0.281210 -0.020362 0.734755 -0.677866 -0.014746
1778755215.614393 -21.503220 -46.065684 0.285340 -0.017360 0.735375 -0.677423 -0.004523
1778755215.745415 -21.501321 -46.140783 0.280078 -0.014786 0.736718 -0.675994 -0.007709
1778755215.887519 -21.494621 -46.220266 0.289238 -0.018184 0.735046 -0.677651 -0.012839
1778755216.029088 -21.466926 -46.297590 0.283549 -0.049499 0.734757 -0.676518 0.002355
1778755216.169599 -21.435877 -46.374774 0.281735 -0.078205 0.734579 -0.672851 0.039360
1778755216.310739 -21.397981 -46.443847 0.281756 -0.101626 0.730853 -0.672303 0.059454
1778755216.450190 -21.363336 -46.512327 0.288222 -0.113820 0.729853 -0.670589 0.068335
1778755216.592901 -21.329060 -46.592068 0.276296 -0.124413 0.732364 -0.664731 0.079357
1778755216.727644 -21.308273 -46.661687 0.278473 -0.127154 0.731314 -0.663526 0.093513
1778755216.878915 -21.280282 -46.734247 0.281425 -0.121904 0.728146 -0.666057 0.106356
1778755217.011528 -21.244191 -46.801815 0.274780 -0.138737 0.732927 -0.657510 0.106071
1778755217.153713 -21.178187 -46.862019 0.282470 -0.187079 0.719332 -0.656149 0.130503
1778755217.291846 -21.119057 -46.924673 0.277615 -0.210523 0.713091 -0.646471 0.171047
1778755217.436351 -21.061398 -46.974269 0.282471 -0.232874 0.701585 -0.646015 0.190298
1778755217.570051 -20.994522 -47.025230 0.287756 -0.253767 0.693385 -0.642759 0.204158
1778755217.718554 -20.904356 -47.064715 0.279728 -0.302203 0.680528 -0.621033 0.244691
1778755217.847542 -20.833287 -47.076597 0.289461 -0.346848 0.653475 -0.599504 0.305389
1778755217.992175 -20.751330 -47.070524 0.283031 -0.388465 0.627890 -0.569698 0.360961
1778755218.128346 -20.678297 -47.070996 0.283210 -0.416076 0.609433 -0.557497 0.380353
1778755218.281558 -20.616596 -47.095828 0.280528 -0.419192 0.609764 -0.559818 0.372920
1778755218.406599 -20.585813 -47.141300 0.285912 -0.396643 0.622160 -0.582976 0.340193
1778755218.544283 -20.596454 -47.195139 0.292066 -0.341411 0.653046 -0.603913 0.303742
1778755218.706797 -20.646728 -47.277493 0.288246 -0.246388 0.697236 -0.639957 0.208832
1778755218.833565 -20.720821 -47.336352 0.276433 -0.147098 0.725604 -0.662232 0.115369
1778755218.971354 -20.810699 -47.373848 0.270281 -0.047512 0.740979 -0.669789 -0.008701
1778755219.107656 -20.929172 -47.365050 0.293325 0.098247 0.718839 -0.671140 -0.152281
1778755219.245775 -21.013936 -47.314001 0.305030 0.220562 0.673899 -0.631929 -0.312854
1778755219.383970 -21.061648 -47.222498 0.326418 0.358505 0.597677 -0.572414 -0.431970
1778755219.522020 -21.078069 -47.103233 0.338561 -0.477832 -0.490524 0.493157 0.536525
1778755219.662415 -21.070677 -46.993657 0.346398 -0.544475 -0.399972 0.361194 0.642735
1778755219.804779 -21.048204 -46.890665 0.351497 -0.593351 -0.304497 0.249038 0.702279
1778755219.948798 -21.037694 -46.806457 0.331500 -0.641649 -0.213936 0.225559 0.701171
1778755220.086269 -21.013027 -46.678698 0.371470 -0.646165 -0.127211 0.173647 0.732213
1778755220.226301 -21.006173 -46.526596 0.330857 -0.671955 -0.080209 0.116813 0.726910
1778755220.375189 -21.055148 -46.403163 0.323312 -0.667132 -0.103111 0.134399 0.725424
1778755220.509260 -21.165128 -46.318027 0.351293 -0.635227 -0.184701 0.184878 0.726768
1778755220.647509 -21.297692 -46.257351 0.339530 -0.614551 -0.271361 0.231850 0.703517
1778755220.790258 -21.427557 -46.167122 0.334038 -0.616791 -0.284612 0.253829 0.688575
1778755220.935991 -21.522274 -46.027381 0.333510 -0.626420 -0.230132 0.242352 0.704204
1778755221.068276 -21.576415 -45.916024 0.303075 -0.652118 -0.199268 0.217463 0.698387
1778755221.207472 -21.643430 -45.818920 0.331831 -0.657177 -0.170500 0.210732 0.703307
1778755221.348783 -21.705595 -45.699951 0.339973 -0.659843 -0.160245 0.199301 0.706547
1778755221.489295 -21.756012 -45.556358 0.345016 -0.651380 -0.144022 0.162217 0.727081
1778755221.626659 -21.773978 -45.402724 0.335943 -0.669562 -0.086427 0.132161 0.725776
1778755221.767726 -21.778983 -45.246199 0.331373 -0.673030 -0.044309 0.098447 0.731693
1778755221.911576 -21.787527 -45.091287 0.341040 -0.672968 -0.032133 0.064830 0.736124
1778755222.052069 -21.788958 -44.929685 0.334247 -0.679036 0.000378 0.029139 0.733526
1778755222.187458 -21.716563 -44.806230 0.322845 -0.677249 0.073400 -0.028709 0.731520
1778755222.332536 -21.664693 -44.681867 0.305985 -0.670955 0.123811 -0.061227 0.728520
1778755222.472731 -21.647425 -44.541913 0.337076 -0.670790 0.106504 -0.061139 0.731410
1778755222.616565 -21.640831 -44.407323 0.328018 -0.673988 0.074705 -0.063889 0.732173
1778755222.752432 -21.630655 -44.257013 0.336029 -0.670980 0.056135 -0.055919 0.737230
1778755222.895597 -21.620005 -44.089332 0.339312 -0.674884 0.042177 -0.058752 0.734371
1778755223.031049 -21.576394 -43.964275 0.342463 -0.665520 0.079524 -0.088409 0.736847
1778755223.169298 -21.527748 -43.835685 0.331005 -0.668036 0.107284 -0.100411 0.729476
1778755223.309707 -21.466145 -43.703804 0.342069 -0.661686 0.129971 -0.111004 0.730039
1778755223.449669 -21.401023 -43.582981 0.325831 -0.659992 0.145227 -0.125142 0.726402
1778755223.590729 -21.347633 -43.451762 0.336437 -0.654058 0.138394 -0.141860 0.730021
1778755223.730735 -21.287301 -43.315712 0.350535 -0.648317 0.137402 -0.150446 0.733602
1778755223.876849 -21.257106 -43.165659 0.329855 -0.665970 0.098514 -0.128680 0.728162
1778755224.008567 -21.273378 -43.019853 0.339139 -0.666145 0.040870 -0.077713 0.740636
1778755224.149742 -21.290831 -42.871917 0.359651 -0.663311 -0.008603 -0.048532 0.746719
1778755224.295964 -21.302038 -42.748204 0.325843 -0.674595 -0.023533 -0.038094 0.736829
1778755224.439249 -21.269093 -42.585671 0.316968 -0.687729 0.042183 -0.041817 0.723533
1778755224.570232 -21.171929 -42.469474 0.335594 -0.671386 0.145317 -0.100923 0.719679
1778755224.709682 -21.078034 -42.418229 0.304989 -0.651723 0.223284 -0.197750 0.697350
1778755224.848614 -21.006828 -42.381891 0.318326 -0.634749 0.288602 -0.215729 0.683567
1778755224.992496 -20.889069 -42.298399 0.313227 -0.618844 0.305627 -0.265487 0.673158
1778755225.132205 -20.805721 -42.222376 0.310281 -0.611187 0.310828 -0.296478 0.664784
1778755225.270945 -20.699279 -42.147999 0.340324 -0.600703 0.315909 -0.311875 0.664899
1778755225.409055 -20.585806 -42.069935 0.332033 -0.597774 0.320345 -0.328842 0.657197
1778755225.550488 -20.453309 -41.972783 0.322728 -0.602193 0.328450 -0.321890 0.652589
1778755225.695746 -20.331804 -41.885771 0.327794 -0.607013 0.323240 -0.335977 0.643561
1778755225.828898 -20.210128 -41.801328 0.323698 -0.606167 0.320598 -0.346732 0.639965
1778755225.977189 -20.079072 -41.762428 0.324998 -0.575411 0.357838 -0.387961 0.624772
1778755226.110610 -19.940465 -41.749087 0.353281 -0.538665 0.398962 -0.432468 0.603026
1778755226.246476 -19.796223 -41.739637 0.333740 -0.511816 0.440485 -0.455041 0.580479
1778755226.397868 -19.649355 -41.717832 0.327699 -0.502041 0.447115 -0.475891 0.567072
1778755226.530082 -19.507940 -41.714405 0.350472 -0.490196 0.451086 -0.499488 0.553842
1778755226.670073 -19.374126 -41.711294 0.328074 -0.492685 0.462470 -0.509948 0.532294
1778755226.811238 -19.220619 -41.694511 0.327095 -0.485489 0.469993 -0.501223 0.540539
1778755226.952255 -19.072761 -41.682319 0.339200 -0.496684 0.464710 -0.511963 0.524636
1778755227.090053 -18.934808 -41.651280 0.327460 -0.518278 0.442688 -0.497415 0.536650
1778755227.235951 -18.824726 -41.587706 0.328579 -0.548572 0.402079 -0.457099 0.573116
1778755227.367849 -18.713563 -41.513481 0.309987 -0.564112 0.368370 -0.437964 0.595205
1778755227.509322 -18.600856 -41.439329 0.341193 -0.565911 0.345410 -0.422449 0.618040
1778755227.650385 -18.475889 -41.347449 0.335950 -0.579770 0.331860 -0.405615 0.623869
1778755227.788829 -18.349774 -41.261716 0.346892 -0.580705 0.324333 -0.394040 0.634288
1778755227.931544 -18.219433 -41.202274 0.342487 -0.566182 0.343522 -0.405974 0.629774
1778755228.075348 -18.082750 -41.156864 0.339495 -0.547341 0.380760 -0.409857 0.622460
1778755228.210721 -17.943501 -41.119190 0.341828 -0.540052 0.403587 -0.420685 0.607030
1778755228.351557 -17.809355 -41.089008 0.330468 -0.530725 0.417014 -0.432377 0.597897
1778755228.489295 -17.664322 -41.045630 0.332265 -0.528978 0.415884 -0.441339 0.593669
1778755228.631623 -17.519288 -41.011869 0.342974 -0.525101 0.416625 -0.451855 0.588659
1778755228.770241 -17.388963 -40.988068 0.329058 -0.525539 0.426183 -0.455146 0.578808
1778755228.911140 -17.222341 -40.936066 0.334356 -0.526723 0.419105 -0.460506 0.578660
1778755229.050316 -17.076408 -40.901993 0.347433 -0.525924 0.412970 -0.468641 0.577266
1778755229.186953 -16.942749 -40.871528 0.333104 -0.523740 0.422579 -0.462948 0.576891
1778755229.329625 -16.785836 -40.829702 0.331993 -0.524191 0.420309 -0.460314 0.580238
1778755229.470326 -16.650236 -40.796029 0.334007 -0.537593 0.425074 -0.454441 0.569024
1778755229.609722 -16.509979 -40.765690 0.329138 -0.530835 0.427774 -0.455929 0.572147
1778755229.752935 -16.385598 -40.709778 0.329894 -0.549056 0.403570 -0.441232 0.583938
1778755229.892564 -16.273816 -40.624977 0.349717 -0.570377 0.354011 -0.414609 0.614366
1778755230.029410 -16.160038 -40.544910 0.327898 -0.591014 0.331882 -0.394631 0.620341
1778755230.174403 -16.044919 -40.433375 0.330580 -0.601279 0.310303 -0.370898 0.636090
1778755230.311522 -15.915441 -40.330329 0.343904 -0.602040 0.291025 -0.369685 0.645125
1778755230.455046 -15.812821 -40.241909 0.334038 -0.600808 0.290315 -0.358722 0.652737
1778755230.592242 -15.696668 -40.137503 0.328164 -0.611875 0.292817 -0.333730 0.654592
1778755230.733577 -15.566027 -40.039851 0.343883 -0.608486 0.295406 -0.335032 0.655922
1778755230.872527 -15.439183 -39.996889 0.336631 -0.576483 0.340589 -0.374194 0.641596
1778755231.010806 -15.314530 -40.013885 0.325395 -0.525812 0.417981 -0.423345 0.607941
1778755231.150610 -15.159222 -40.045161 0.333618 -0.488641 0.484799 -0.461701 0.559493
1778755231.291680 -15.006305 -40.079192 0.315052 -0.464255 0.514252 -0.496181 0.523275
1778755231.429177 -14.868397 -40.109545 0.314603 0.451083 -0.518321 0.528674 -0.498369
1778755231.573580 -14.726796 -40.146007 0.324788 0.439678 -0.533077 0.541200 -0.479180
1778755231.719090 -14.574648 -40.179970 0.328889 0.427959 -0.535142 0.558780 -0.467161
1778755231.851829 -14.424266 -40.211015 0.317951 -0.427235 0.552917 -0.545772 0.462479
1778755231.996370 -14.276240 -40.248985 0.316718 -0.430251 0.556255 -0.551615 0.448536
1778755232.133472 -14.152080 -40.276248 0.321916 0.426445 -0.547995 0.561282 -0.450344
1778755232.271089 -14.003781 -40.304454 0.314528 -0.429512 0.557093 -0.550900 0.449084
1778755232.410441 -13.882633 -40.333853 0.309245 0.437443 -0.548750 0.555201 -0.446395
1778755232.549246 -13.715140 -40.315945 0.326347 0.463840 -0.510272 0.538279 -0.484491
1778755232.691083 -13.575139 -40.283493 0.323718 0.496552 -0.486694 0.512576 -0.503817
1778755232.828875 -13.428569 -40.255188 0.317223 -0.509747 0.463885 -0.504383 0.520160
1778755232.971276 -13.277873 -40.216055 0.330124 -0.515351 0.440274 -0.497774 0.541104
1778755233.110782 -13.124493 -40.180781 0.333020 -0.522545 0.438728 -0.480845 0.550684
1778755233.249643 -13.008998 -40.160088 0.321216 -0.526013 0.439190 -0.472469 0.554252
1778755233.392732 -12.865342 -40.126365 0.328449 -0.526252 0.427588 -0.470772 0.564447
1778755233.536355 -12.731141 -40.101408 0.338599 -0.521233 0.425846 -0.469942 0.571074
1778755233.679353 -12.585651 -40.074938 0.317963 -0.518245 0.428829 -0.477266 0.565460
1778755233.812596 -12.454326 -40.031791 0.343958 -0.514451 0.411089 -0.471985 0.586154
1778755233.955767 -12.319635 -39.931960 0.340555 -0.563267 0.365470 -0.424185 0.607643
1778755234.090477 -12.237138 -39.862603 0.331662 -0.579729 0.320857 -0.406773 0.628888
1778755234.234050 -12.117693 -39.743263 0.364442 -0.577431 0.289181 -0.380186 0.662123
1778755234.379529 -12.003435 -39.621113 0.343026 -0.601072 0.274521 -0.360295 0.658437
1778755234.513827 -11.894694 -39.521528 0.341236 -0.599838 0.271459 -0.343621 0.669648
1778755234.655090 -11.787738 -39.417645 0.350431 -0.602966 0.260898 -0.333085 0.676327
1778755234.793338 -11.692964 -39.332549 0.336271 -0.607278 0.265081 -0.317919 0.678139
1778755234.932712 -11.572916 -39.222057 0.330155 -0.602543 0.265149 -0.319743 0.681471
1778755235.077967 -11.463173 -39.107399 0.361724 -0.593037 0.252623 -0.325304 0.691858
1778755235.223071 -11.350144 -38.985869 0.335325 -0.605751 0.261434 -0.302322 0.687982
1778755235.363688 -11.230947 -38.882188 0.339343 -0.599355 0.259986 -0.311397 0.690082
1778755235.497886 -11.133097 -38.791339 0.350470 -0.589062 0.253057 -0.317158 0.698841
1778755235.635442 -11.036736 -38.686746 0.337819 -0.599322 0.257000 -0.306011 0.693629
1778755235.775029 -10.922585 -38.578938 0.352579 -0.599985 0.252007 -0.318418 0.689290
1778755235.914717 -10.819252 -38.482049 0.338213 -0.604327 0.254228 -0.319010 0.684389
1778755236.056913 -10.710987 -38.365225 0.330998 -0.614056 0.254764 -0.307503 0.680788
1778755236.194579 -10.610987 -38.259557 0.350034 -0.607366 0.241645 -0.301152 0.694278
1778755236.336799 -10.571722 -38.149635 0.346971 -0.627816 0.183553 -0.258674 0.710804
1778755236.471241 -10.525624 -38.003927 0.352310 -0.636146 0.136264 -0.219762 0.726950
1778755236.613219 -10.482475 -37.844445 0.381876 -0.638708 0.099454 -0.200916 0.736067
1778755236.753262 -10.413325 -37.729262 0.355073 -0.630959 0.130863 -0.213389 0.734323
1778755236.892867 -10.329302 -37.599531 0.359133 -0.633566 0.165936 -0.211700 0.725426
1778755237.040710 -10.243538 -37.486208 0.358734 -0.620542 0.186931 -0.220230 0.729029
1778755237.177578 -10.147896 -37.362252 0.332507 -0.634212 0.189313 -0.230361 0.713351
1778755237.317022 -10.107816 -37.203223 0.331497 -0.638420 0.146669 -0.195691 0.729804
1778755237.452545 -10.078908 -37.061094 0.346820 -0.644199 0.101166 -0.181165 0.736174
1778755237.593773 -10.042921 -36.910862 0.348968 -0.646601 0.082209 -0.158362 0.741667
1778755237.733844 -10.012859 -36.761975 0.342386 -0.656801 0.072808 -0.143962 0.736605
1778755237.872288 -9.947507 -36.624271 0.335015 -0.660894 0.108088 -0.149782 0.727394
1778755238.010877 -9.876698 -36.498306 0.332377 -0.653886 0.133148 -0.160453 0.727296
1778755238.154214 -9.807038 -36.359213 0.337178 -0.646712 0.140835 -0.170803 0.729902
1778755238.291485 -9.749910 -36.242621 0.349355 -0.639473 0.151212 -0.170425 0.734278
1778755238.430527 -9.676647 -36.116500 0.332783 -0.647988 0.159387 -0.175457 0.723825
1778755238.573640 -9.604424 -35.984295 0.349190 -0.644445 0.156745 -0.180044 0.726434
1778755238.711036 -9.536480 -35.859961 0.344649 -0.640288 0.155567 -0.184174 0.729321
1778755238.851370 -9.461601 -35.722257 0.331632 -0.655453 0.158843 -0.191051 0.713197
1778755239.001232 -9.377962 -35.563815 0.325683 -0.655923 0.161493 -0.192008 0.711911
1778755239.136373 -9.268113 -35.456928 0.332803 -0.642214 0.208255 -0.224357 0.702748
1778755239.279119 -9.158620 -35.370062 0.320952 -0.618438 0.254967 -0.252206 0.699227
1778755239.414163 -9.045451 -35.271412 0.326781 -0.608644 0.264151 -0.280858 0.693466
1778755239.562460 -8.949882 -35.156901 0.352904 -0.603306 0.247492 -0.273559 0.707061
1778755239.692376 -8.888672 -35.030027 0.328326 -0.645754 0.201043 -0.254636 0.691190
1778755239.831752 -8.829910 -34.869524 0.325814 -0.655084 0.162265 -0.232709 0.700272
1778755239.971857 -8.776104 -34.716435 0.347046 -0.658778 0.133823 -0.221135 0.706542
1778755240.110899 -8.719119 -34.577719 0.323586 -0.677258 0.130480 -0.208755 0.693338
1778755240.250677 -8.661082 -34.426555 0.306247 -0.683230 0.122974 -0.191148 0.693929
1778755240.393404 -8.628383 -34.306762 0.284425 0.698659 -0.111240 0.194004 -0.679606
1778755240.529398 -8.603340 -34.229238 0.309744 -0.690183 0.118706 -0.174457 0.692185
1778755240.672193 -8.580898 -34.180169 0.304800 0.698872 -0.123712 0.168691 -0.683971
1778755240.816070 -8.566193 -34.143530 0.295888 0.705825 -0.123584 0.161449 -0.678581
1778755240.952141 -8.561729 -34.118975 0.293014 0.701214 -0.110760 0.167424 -0.684106
1778755241.090174 -8.564578 -34.106398 0.298344 0.694197 -0.109909 0.165342 -0.691862
1778755241.230726 -8.562835 -34.103563 0.301309 0.694175 -0.110685 0.164598 -0.691937
1778755241.368662 -8.564439 -34.104766 0.302029 0.697186 -0.104286 0.173289 -0.687770
1778755241.510475 -8.573040 -34.098501 0.300802 0.696353 -0.108594 0.165812 -0.689787
1778755241.652387 -8.581137 -34.090944 0.300062 0.698301 -0.098647 0.169902 -0.688315
1778755241.789504 -8.588058 -34.086694 0.300034 0.698984 -0.088467 0.171489 -0.688612
1778755241.928661 -8.593097 -34.083988 0.301567 0.699173 -0.081854 0.171238 -0.689300
1778755242.068413 -8.596883 -34.081897 0.303513 0.699543 -0.077565 0.169891 -0.689754
1778755242.209044 -8.599345 -34.080676 0.307358 0.699793 -0.074529 0.169022 -0.690048
1778755242.355701 -8.601046 -34.079761 0.307514 0.700063 -0.072939 0.167659 -0.690277
1778755242.492220 -8.601619 -34.079426 0.307726 0.700247 -0.072637 0.166959 -0.690292
1778755242.641589 -8.602264 -34.078946 0.306802 0.700488 -0.072018 0.166381 -0.690251
1778755242.773276 -8.603225 -34.078354 0.307585 0.700637 -0.071139 0.165728 -0.690349
1778755242.910630 -8.604400 -34.077741 0.307927 0.700854 -0.070069 0.165138 -0.690379
1778755243.058183 -8.604890 -34.077438 0.307836 0.701111 -0.069691 0.164513 -0.690305
1778755243.188602 -8.604949 -34.077359 0.307728 0.701271 -0.069659 0.164363 -0.690182
1778755243.328419 -8.604955 -34.077268 0.307615 0.701437 -0.069597 0.164342 -0.690025
1778755243.467344 -8.604904 -34.077153 0.307500 0.701592 -0.069616 0.164295 -0.689876
1778755243.610426 -8.604908 -34.076975 0.307396 0.701787 -0.069579 0.164349 -0.689669
1778755243.750808 -8.604890 -34.076895 0.307262 0.701980 -0.069564 0.164163 -0.689519
1778755243.888524 -8.604869 -34.076815 0.307119 0.702180 -0.069558 0.164185 -0.689310
1778755244.028459 -8.604939 -34.076691 0.306968 0.702410 -0.069425 0.164043 -0.689123
1778755244.166584 -8.604905 -34.076610 0.306868 0.702603 -0.069451 0.163957 -0.688944
1778755244.310477 -8.605079 -34.076559 0.306787 0.702779 -0.069257 0.163849 -0.688810
1778755244.458433 -8.605163 -34.076516 0.306649 0.702991 -0.069118 0.163626 -0.688660
1778755244.593347 -8.605194 -34.076576 0.306554 0.703158 -0.069091 0.163465 -0.688531
1778755244.727142 -8.605314 -34.076538 0.306423 0.703376 -0.068898 0.163302 -0.688366
1778755244.866204 -8.602485 -34.070164 0.308360 0.702238 -0.071521 0.164047 -0.689083
1778755245.012076 -8.593341 -34.047531 0.297718 0.702911 -0.079979 0.155322 -0.689488
1778755245.152781 -8.584425 -34.008600 0.290666 0.705143 -0.088068 0.141562 -0.689186
1778755245.290905 -8.571866 -33.951508 0.291975 0.701867 -0.088414 0.136807 -0.693433
1778755245.427076 -8.550828 -33.887057 0.311522 -0.687782 0.095974 -0.135835 0.706607
1778755245.571966 -8.491825 -33.798385 0.323279 -0.682327 0.122878 -0.176240 0.698763
1778755245.709982 -8.399274 -33.724905 0.322615 -0.666555 0.179108 -0.232884 0.685121
1778755245.849590 -8.312818 -33.658680 0.305433 -0.659607 0.245478 -0.225942 0.673505
1778755245.990531 -8.196104 -33.580815 0.318975 -0.639786 0.265854 -0.266306 0.670131
1778755246.131852 -8.081388 -33.495376 0.320998 -0.634483 0.276310 -0.286137 0.662728
1778755246.284111 -7.983195 -33.413072 0.316987 -0.630479 0.284840 -0.292967 0.659949
1778755246.410476 -7.870971 -33.330065 0.321561 -0.629595 0.284718 -0.314011 0.651109
1778755246.563848 -7.762682 -33.237433 0.332660 -0.618387 0.281416 -0.323073 0.658807
1778755246.697165 -7.649076 -33.138067 0.320806 -0.627831 0.291942 -0.310232 0.651425
1778755246.832987 -7.527969 -33.044327 0.324972 -0.630811 0.286571 -0.324858 0.643756
1778755246.973407 -7.414444 -32.950134 0.321780 -0.628488 0.282656 -0.328938 0.645685
1778755247.110904 -7.311289 -32.864763 0.318078 -0.634592 0.292519 -0.315565 0.641985
1778755247.253549 -7.191089 -32.775337 0.314938 -0.635376 0.299848 -0.312270 0.639434
1778755247.391350 -7.075488 -32.676184 0.322759 -0.631741 0.291825 -0.316782 0.644508
1778755247.530568 -6.962631 -32.583682 0.318489 -0.634262 0.297866 -0.308276 0.643392
1778755247.670201 -6.878845 -32.522717 0.307905 0.641789 -0.299451 0.312474 -0.633085
1778755247.814830 -6.804453 -32.404539 0.312382 0.660887 -0.250914 0.287797 -0.646099
1778755247.952979 -6.740842 -32.259967 0.319217 0.675156 -0.195067 0.244658 -0.668024
1778755248.100533 -6.691084 -32.143900 0.304598 0.694310 -0.156564 0.224747 -0.665515
1778755248.234125 -6.631566 -32.004815 0.299126 0.698603 -0.142271 0.194135 -0.673813
1778755248.378648 -6.569505 -31.864999 0.316767 0.693918 -0.135580 0.177366 -0.684571
1778755248.520660 -6.512489 -31.723463 0.309843 0.699989 -0.134971 0.161545 -0.682424
1778755248.654183 -6.443228 -31.596749 0.305614 0.696689 -0.152953 0.172260 -0.679379
1778755248.793162 -6.337411 -31.513278 0.310647 -0.672148 0.209891 -0.216930 0.676095
1778755248.932204 -6.223497 -31.394494 0.303109 -0.657460 0.243053 -0.244912 0.669842
1778755249.077925 -6.099374 -31.289505 0.317475 -0.645668 0.271912 -0.258922 0.664933
1778755249.215913 -5.998351 -31.216318 0.315084 -0.638735 0.284927 -0.280236 0.657496
1778755249.354200 -5.875158 -31.103891 0.315128 -0.634596 0.290575 -0.283962 0.657434
1778755249.496310 -5.726635 -31.035389 0.324527 -0.624653 0.318964 -0.332468 0.630504
1778755249.634408 -5.585656 -30.992787 0.324518 -0.592528 0.362455 -0.372216 0.615623
1778755249.777509 -5.455296 -30.947480 0.311515 -0.586095 0.402304 -0.374280 0.595448
1778755249.911994 -5.314418 -30.912477 0.307986 -0.571673 0.414860 -0.397278 0.585876
1778755250.063535 -5.148026 -30.877719 0.319487 -0.548688 0.415410 -0.436314 0.579660
1778755250.196331 -5.004584 -30.854472 0.318125 -0.546305 0.441188 -0.433980 0.564416
1778755250.334876 -4.866196 -30.835385 0.310812 -0.545143 0.444820 -0.443093 0.555538
1778755250.475463 -4.733289 -30.746413 0.332196 -0.570862 0.390630 -0.419700 0.587688
1778755250.615576 -4.631037 -30.651323 0.330751 -0.603205 0.340929 -0.379968 0.612810
1778755250.754183 -4.532173 -30.589542 0.310753 0.616741 -0.331230 0.375749 -0.607231
1778755250.893526 -4.392378 -30.541204 0.311561 -0.593018 0.357058 -0.391879 0.606028
1778755251.034456 -4.258352 -30.503906 0.324072 -0.583131 0.389392 -0.405578 0.586377
1778755251.174945 -4.135632 -30.507102 0.324216 -0.537838 0.438082 -0.441587 0.569047
1778755251.312727 -3.959654 -30.521138 0.308226 -0.502934 0.493691 -0.463254 0.537329
1778755251.453859 -3.822958 -30.586134 0.308123 -0.463163 0.542847 -0.510956 0.479293
1778755251.591685 -3.702026 -30.657511 0.314581 -0.405121 0.567779 -0.557436 0.450298
1778755251.733747 -3.564395 -30.723500 0.308873 -0.385839 0.594792 -0.562720 0.425084
1778755251.883854 -3.435919 -30.792490 0.300316 -0.371320 0.601841 -0.583074 0.399917
1778755252.017960 -3.328489 -30.826923 0.317283 0.383661 -0.585635 0.594046 -0.396163
1778755252.155600 -3.234154 -30.853098 0.307460 0.409045 -0.573635 0.585981 -0.400313
1778755252.296245 -3.166051 -30.861228 0.304588 0.424122 -0.572633 0.577746 -0.398022
1778755252.434772 -3.120961 -30.865292 0.302655 0.428055 -0.564692 0.579455 -0.402647
1778755252.581301 -3.097868 -30.871411 0.306016 0.429189 -0.566438 0.573537 -0.407431
1778755252.720633 -3.074588 -30.875300 0.303595 -0.431430 0.568331 -0.567582 0.410753
1778755252.863161 -3.057254 -30.879442 0.301392 -0.433980 0.567629 -0.565444 0.411985
1778755253.009815 -3.046396 -30.879169 0.299297 0.436552 -0.560810 0.568267 -0.414714
1778755253.138131 -3.040493 -30.862512 0.302352 0.447623 -0.548177 0.559801 -0.430997
1778755253.277450 -3.031590 -30.833356 0.305525 0.470292 -0.526330 0.539909 -0.458586
1778755253.413739 -3.019028 -30.781639 0.304953 0.505922 -0.491748 0.497224 -0.504970
1778755253.556108 -3.018619 -30.723318 0.303839 -0.547102 0.443979 -0.442555 0.554714
1778755253.695520 -3.040286 -30.657849 0.307518 0.607348 -0.373917 0.388023 -0.583740
1778755253.836604 -3.063742 -30.582576 0.303736 0.652073 -0.292115 0.315335 -0.624527
1778755253.976189 -3.087158 -30.496512 0.311105 0.679287 -0.211542 0.227479 -0.664885
1778755254.119095 -3.118141 -30.419905 0.311745 0.698286 -0.130396 0.151391 -0.687368
1778755254.250775 -3.140706 -30.344780 0.314493 -0.699626 0.067988 -0.115979 0.701748
1778755254.393318 -3.164818 -30.273816 0.315450 -0.702679 0.023728 -0.091521 0.705197
1778755254.533433 -3.185242 -30.189357 0.307008 0.708393 -0.007095 0.053935 -0.703719
1778755254.674838 -3.193191 -30.121238 0.314592 -0.701607 0.000028 -0.038161 0.711542
1778755254.814225 -3.184176 -30.043687 0.318212 -0.695768 0.005583 -0.053363 0.716259
1778755254.953070 -3.162104 -29.977419 0.308154 0.706519 -0.033007 0.068484 -0.703599
1778755255.093263 -3.138659 -29.899092 0.299700 0.710838 -0.053798 0.070503 -0.697742
1778755255.242959 -3.116014 -29.825135 0.308574 -0.703231 0.067873 -0.073593 0.703877
1778755255.375363 -3.098698 -29.749297 0.312597 -0.700102 0.069464 -0.087741 0.705219
1778755255.527869 -3.086216 -29.671785 0.317864 -0.700438 0.063575 -0.101382 0.703610
1778755255.659590 -3.071256 -29.599120 0.314562 -0.698462 0.069260 -0.101240 0.705056
1778755255.810979 -3.034599 -29.526430 0.309785 -0.695098 0.090426 -0.123448 0.702441
1778755255.933714 -3.002951 -29.479663 0.318728 -0.685643 0.110668 -0.146134 0.704479
1778755256.072755 -2.981004 -29.432659 0.325128 -0.678161 0.117041 -0.166810 0.706098
1778755256.214808 -2.968943 -29.407475 0.324514 -0.681509 0.125067 -0.173563 0.699843
1778755256.353302 -2.955048 -29.399828 0.321021 -0.683645 0.143475 -0.166878 0.695843
1778755256.491855 -2.941934 -29.387997 0.313926 -0.687677 0.152615 -0.168551 0.689492
1778755256.633389 -2.934588 -29.376293 0.313187 -0.684370 0.148214 -0.183643 0.689888
1778755256.774935 -2.937091 -29.369412 0.310878 -0.686634 0.142945 -0.183158 0.688879
1778755256.918763 -2.938624 -29.369042 0.310664 -0.686467 0.141595 -0.182597 0.689472
1778755257.052154 -2.938748 -29.368981 0.310457 -0.686670 0.141125 -0.182623 0.689360
1778755257.199847 -2.939153 -29.368790 0.310385 -0.686819 0.140705 -0.182540 0.689319
1778755257.336214 -2.939670 -29.368786 0.310486 -0.686894 0.140145 -0.182471 0.689377
1778755257.479441 -2.940622 -29.368663 0.310605 -0.687004 0.139351 -0.182202 0.689499
1778755257.613979 -2.940998 -29.368830 0.310636 -0.687030 0.139047 -0.182076 0.689568
1778755257.754230 -2.941012 -29.368861 0.310510 -0.687160 0.138991 -0.182046 0.689458
1778755257.891660 -2.941081 -29.368911 0.310485 -0.687228 0.138884 -0.181969 0.689431
1778755258.033481 -2.941205 -29.368905 0.310371 -0.687385 0.138691 -0.181978 0.689312
1778755258.171524 -2.941332 -29.368954 0.310312 -0.687478 0.138560 -0.182112 0.689210
1778755258.310977 -2.941424 -29.369120 0.310232 -0.687554 0.138561 -0.182096 0.689138
1778755258.455566 -2.941478 -29.369273 0.310157 -0.687623 0.138564 -0.182068 0.689075
1778755258.592547 -2.941425 -29.369325 0.310129 -0.687653 0.138629 -0.182209 0.688996
1778755258.731925 -2.941572 -29.369364 0.310056 -0.687727 0.138515 -0.182214 0.688943
1778755258.870286 -2.941545 -29.369495 0.309964 -0.687795 0.138586 -0.182225 0.688858
1778755259.017171 -2.941712 -29.373472 0.310450 0.688573 -0.140314 0.180757 -0.688118
1778755259.153708 -2.943474 -29.385339 0.311168 0.688952 -0.144241 0.179236 -0.687324
1778755259.296336 -2.944800 -29.394293 0.313212 -0.687180 0.147352 -0.180544 0.688095
1778755259.432829 -2.939329 -29.398888 0.310479 -0.684651 0.160148 -0.186670 0.686120
1778755259.577838 -2.905851 -29.417761 0.311323 0.674820 -0.199358 0.238589 -0.669291
1778755259.719892 -2.845085 -29.477613 0.318256 -0.629684 0.301771 -0.331482 0.634469
1778755259.851541 -2.805877 -29.563609 0.311575 0.575649 -0.408094 0.442684 -0.553280
1778755259.991660 -2.804391 -29.673547 0.320459 0.473975 -0.506905 0.552763 -0.461355
1778755260.133892 -2.850071 -29.786208 0.342393 0.345608 -0.588108 0.646063 -0.342471
1778755260.274105 -2.908072 -29.869812 0.338898 0.253152 -0.631138 0.708198 -0.189827
1778755260.422712 -2.956744 -29.935478 0.334861 0.154404 -0.658268 0.730783 -0.093803
1778755260.551437 -2.998169 -30.003365 0.329969 0.055359 -0.687944 0.720368 -0.068843
1778755260.696685 -3.052927 -30.091241 0.334985 -0.016608 -0.688869 0.723239 -0.045911
1778755260.835859 -3.056986 -30.207125 0.303167 -0.007373 0.721028 -0.692081 0.032983
1778755260.977052 -3.039081 -30.317502 0.309197 -0.045110 0.706762 -0.705769 0.018529
1778755261.116176 -3.006787 -30.400748 0.293009 -0.064125 0.709530 -0.701342 0.023962
1778755261.258872 -2.991531 -30.455176 0.306231 -0.066140 0.711923 -0.698021 0.039468
1778755261.402541 -2.983685 -30.494467 0.301161 -0.072063 0.718467 -0.689679 0.054367
1778755261.535511 -2.960707 -30.516343 0.294626 -0.107989 0.715081 -0.685799 0.081713
1778755261.676598 -2.945023 -30.528531 0.295756 -0.122087 0.706159 -0.688690 0.110184
1778755261.815978 -2.935921 -30.528790 0.297447 -0.133894 0.702821 -0.687628 0.123621
1778755261.953345 -2.923499 -30.527155 0.296302 -0.143701 0.700789 -0.684763 0.139087
1778755262.096016 -2.911362 -30.525534 0.296507 -0.152790 0.698181 -0.684452 0.143959
1778755262.239513 -2.906586 -30.522786 0.298231 -0.157165 0.695994 -0.684875 0.147774
1778755262.383987 -2.902522 -30.520136 0.299294 -0.162549 0.694044 -0.684723 0.151774
1778755262.512634 -2.881827 -30.510062 0.303993 -0.188206 0.684877 -0.682209 0.173532
1778755262.652177 -2.866146 -30.502454 0.307185 0.205374 -0.678447 0.678963 -0.191156
1778755262.800465 -2.861239 -30.500659 0.306995 0.211506 -0.676105 0.677668 -0.197264
1778755262.954174 -2.861224 -30.500823 0.306703 0.211274 -0.676181 0.677459 -0.197971
1778755263.089780 -2.862281 -30.501031 0.306529 0.210448 -0.676438 0.677788 -0.196843
1778755263.222296 -2.863642 -30.501421 0.306475 0.208926 -0.676942 0.678299 -0.194964
1778755263.362464 -2.864598 -30.501610 0.305517 0.207734 -0.677414 0.678582 -0.193605
1778755263.506553 -2.865475 -30.501714 0.303502 0.206346 -0.677930 0.678784 -0.192574
1778755263.643715 -2.858456 -30.497134 0.306493 0.213706 -0.675757 0.676005 -0.201739
1778755263.774984 -2.846290 -30.489107 0.308637 0.231330 -0.669859 0.670924 -0.218256
1778755263.933386 -2.841930 -30.486527 0.307628 0.238667 -0.667509 0.668000 -0.226376
1778755264.065077 -2.840897 -30.486351 0.306883 0.238953 -0.667291 0.667660 -0.227714
1778755264.204935 -2.842033 -30.487055 0.306690 0.237283 -0.667842 0.668056 -0.226684
1778755264.339816 -2.829486 -30.476622 0.308351 -0.252740 0.662068 -0.660713 0.247480
1778755264.471834 -2.782738 -30.429267 0.309250 -0.320403 0.630673 -0.627752 0.324839
1778755264.611748 -2.737357 -30.334547 0.304603 -0.430110 0.572622 -0.559143 0.417694
1778755264.754399 -2.705676 -30.206774 0.302790 0.544571 -0.464857 0.476020 -0.510643
1778755264.903513 -2.716648 -30.054916 0.325536 0.629655 -0.315366 0.383607 -0.597432
1778755265.038856 -2.722285 -29.942263 0.323582 0.664165 -0.243352 0.279933 -0.649078
1778755265.177808 -2.703634 -29.831894 0.317486 0.678436 -0.188841 0.238232 -0.668812
1778755265.323642 -2.649189 -29.738702 0.326367 -0.664258 0.192223 -0.234124 0.683372
1778755265.457323 -2.580894 -29.633495 0.303175 0.678620 -0.217429 0.206661 -0.670440
1778755265.597302 -2.492128 -29.525499 0.301647 -0.672792 0.223052 -0.211544 0.672939
1778755265.737402 -2.429087 -29.421131 0.325727 -0.661804 0.209679 -0.230540 0.681836
1778755265.878037 -2.350507 -29.296967 0.307271 0.675253 -0.217501 0.213767 -0.671588
1778755266.017922 -2.266066 -29.186012 0.308025 0.676136 -0.217409 0.219977 -0.668718
1778755266.155922 -2.184404 -29.073587 0.309496 0.677294 -0.212083 0.225011 -0.667580
1778755266.297923 -2.098641 -28.949338 0.311015 0.677054 -0.217551 0.213864 -0.669725
1778755266.435917 -2.012437 -28.841674 0.305928 0.679372 -0.215464 0.222107 -0.665356
1778755266.577130 -1.933882 -28.728140 0.314409 0.672979 -0.207805 0.226787 -0.672669
1778755266.735679 -1.861576 -28.629653 0.314677 0.676463 -0.212484 0.218433 -0.670475
1778755266.856639 -1.790265 -28.533073 0.312381 0.673685 -0.216946 0.217525 -0.672135
1778755266.995725 -1.739711 -28.460999 0.320105 -0.669857 0.210575 -0.223686 0.675955
1778755267.136730 -1.731238 -28.447899 0.321433 -0.668775 0.209871 -0.223551 0.677288
1778755267.259690 -1.723851 -28.436479 0.322592 -0.667830 0.209256 -0.223433 0.678449
1778755267.900733 -1.477643 -28.068229 0.297494 0.678802 -0.203349 0.221715 -0.669866
1778755268.018138 -1.449323 -28.025697 0.306437 0.678135 -0.207047 0.216805 -0.671014
1778755268.146090 -1.423529 -27.980341 0.311513 0.673865 -0.206593 0.229241 -0.671322
1778755268.295017 -1.333348 -27.856546 0.303396 0.674391 -0.207093 0.238793 -0.667299
1778755268.426842 -1.265318 -27.781864 0.317141 -0.660297 0.215557 -0.247847 0.675363
1778755268.544094 -1.214541 -27.734219 0.319625 -0.657093 0.222768 -0.268153 0.668355
1778755268.679106 -1.165764 -27.691302 0.311373 0.661874 -0.241658 0.268156 -0.656976
1778755268.822375 -1.099154 -27.624198 0.300275 0.664528 -0.249842 0.266975 -0.651695
1778755268.963468 -1.033892 -27.561760 0.316520 -0.649009 0.259451 -0.268921 0.662687
1778755269.094779 -0.959021 -27.489699 0.314595 -0.652460 0.259251 -0.276961 0.656031
1778755269.238974 -0.873788 -27.396317 0.320087 -0.651284 0.250143 -0.284153 0.657659
1778755269.374462 -0.780086 -27.288838 0.310721 0.657953 -0.258179 0.269890 -0.653912
1778755269.515495 -0.656298 -27.211909 0.318391 -0.638734 0.291649 -0.300770 0.645366
1778755269.660199 -0.533533 -27.159791 0.324946 -0.605725 0.331826 -0.354801 0.630162
1778755269.806009 -0.390685 -27.110115 0.309825 -0.593304 0.385922 -0.349800 0.613754
1778755269.938463 -0.260159 -27.081160 0.301811 -0.585658 0.400615 -0.378777 0.594172
1778755270.076019 -0.104935 -27.033125 0.308639 -0.573355 0.392762 -0.407617 0.592325
1778755270.218295 -0.001882 -26.996563 0.320569 -0.570045 0.397078 -0.410728 0.590491
1778755270.360231 0.138457 -26.956383 0.318562 -0.568135 0.401370 -0.423848 0.580067
1778755270.507443 0.288565 -26.892116 0.327864 -0.564954 0.391884 -0.422406 0.590616
1778755270.643140 0.406645 -26.804541 0.328205 -0.588521 0.361569 -0.389399 0.609327
1778755270.777745 0.504403 -26.740530 0.314805 0.611842 -0.339334 0.372639 -0.609624
1778755270.919107 0.637744 -26.664837 0.313804 -0.603077 0.341444 -0.373209 0.616789
1778755271.058249 0.777792 -26.602631 0.326401 -0.598147 0.359353 -0.381882 0.606013
1778755271.199547 0.915312 -26.542356 0.320265 -0.588843 0.367330 -0.392736 0.603399
1778755271.337874 1.062011 -26.471296 0.318305 -0.582897 0.366199 -0.397711 0.606593
1778755271.477417 1.201819 -26.414463 0.338833 -0.577163 0.370547 -0.408507 0.602246
1778755271.616336 1.343168 -26.398218 0.330146 -0.543417 0.410119 -0.441503 0.584444
1778755271.758106 1.493418 -26.381908 0.320521 -0.524657 0.439027 -0.451253 0.573028
1778755271.898009 1.641734 -26.369467 0.333692 -0.508771 0.453085 -0.460391 0.569127
1778755272.042727 1.775399 -26.326497 0.319523 -0.547422 0.425250 -0.449145 0.563701
1778755272.178520 1.907314 -26.259881 0.328803 -0.563369 0.390434 -0.435437 0.583585
1778755272.317148 2.007109 -26.144418 0.337734 -0.608800 0.306761 -0.393389 0.616852
1778755272.462436 2.038515 -26.042867 0.308674 0.662663 -0.238190 0.312566 -0.637531
1778755272.597470 2.070765 -25.909806 0.311554 0.679369 -0.147590 0.245742 -0.675490
1778755272.737549 2.085790 -25.795432 0.309682 -0.677593 0.105693 -0.195727 0.700991
1778755272.878752 2.094469 -25.697384 0.324358 -0.678865 0.082071 -0.153858 0.713256
1778755273.016845 2.105585 -25.603400 0.320752 -0.673067 0.063799 -0.129570 0.725343
1778755273.167888 2.116454 -25.510791 0.343329 -0.672266 0.054315 -0.112652 0.729670
1778755273.294374 2.109943 -25.428179 0.247588 0.777562 -0.049627 0.088997 -0.620496
1778755273.438025 2.131950 -25.356742 0.164926 0.803774 -0.068351 0.061295 -0.587808
1778755273.575471 2.170627 -25.350827 0.194841 0.817824 -0.057087 0.061667 -0.569300
1778755273.720325 2.195839 -25.292786 0.166676 0.785326 -0.056042 0.093921 -0.609345
1778755273.856150 2.214705 -25.236484 0.231614 0.765528 -0.083210 0.119394 -0.626728
1778755273.998645 2.248862 -25.169711 0.290420 0.735287 -0.089144 0.156582 -0.653367
1778755274.141518 2.300364 -25.116563 0.294446 0.716519 -0.124731 0.165228 -0.666139
1778755274.277654 2.355246 -25.052905 0.284834 0.716998 -0.143891 0.170771 -0.660338
1778755274.426051 2.399312 -24.988532 0.290911 0.712715 -0.163063 0.168816 -0.661022
1778755274.562934 2.439495 -24.919935 0.291754 0.709878 -0.167013 0.180257 -0.660066
1778755274.703072 2.479780 -24.862819 0.292809 0.709420 -0.175495 0.188676 -0.655992
1778755274.839498 2.545853 -24.800881 0.289544 0.701297 -0.196352 0.214391 -0.650895
1778755274.981168 2.605114 -24.756836 0.299383 0.687082 -0.227357 0.216182 -0.655357
1778755275.127492 2.661331 -24.703013 0.289714 0.686052 -0.236860 0.229655 -0.648451
1778755275.258862 2.710771 -24.643511 0.304074 0.678448 -0.236202 0.244069 -0.651420
1778755275.397040 2.761087 -24.581424 0.294849 0.680307 -0.236286 0.241910 -0.650255
1778755275.537372 2.783087 -24.527600 0.299242 0.686918 -0.211514 0.218952 -0.659898
1778755275.676535 2.767365 -24.467564 0.280567 0.715957 -0.154251 0.186990 -0.654712
1778755275.816019 2.723078 -24.412372 0.225072 0.776281 -0.072041 0.149846 -0.608066
1778755275.963022 2.692083 -24.378439 0.287893 0.793586 -0.063297 0.082289 -0.599536
1778755276.109636 2.709966 -24.369621 0.278237 0.789386 -0.100329 0.085431 -0.599588
1778755276.244453 2.745020 -24.371131 0.341063 0.779436 -0.130118 0.130260 -0.598817
1778755276.384089 2.786134 -24.380324 0.278640 0.770652 -0.174260 0.178222 -0.586486
1778755276.523985 2.821300 -24.380710 0.271447 0.761480 -0.196254 0.210945 -0.580632
1778755276.657897 2.850891 -24.373560 0.337270 0.754052 -0.213883 0.223071 -0.579568
1778755276.802123 2.847925 -24.419236 0.181447 0.756592 -0.210097 0.196112 -0.587340
1778755276.938613 2.856112 -24.409614 0.171472 0.782794 -0.195015 0.159350 -0.569043
1778755277.078127 2.866852 -24.351613 0.199422 0.797190 -0.187232 0.127468 -0.559629
1778755277.220379 2.878523 -24.287910 0.176569 0.796942 -0.180309 0.125342 -0.562727
1778755277.363846 2.907022 -24.221274 0.211119 0.790566 -0.154235 0.129997 -0.578202
1778755277.497702 2.922408 -24.171476 0.224864 0.765637 -0.098894 0.160862 -0.614933
1778755277.636956 2.928675 -24.114006 0.202819 0.782177 -0.072348 0.169692 -0.595121
1778755277.791102 2.940365 -24.061837 0.283168 0.772396 -0.086848 0.147932 -0.611537
1778755277.917398 2.950090 -24.128807 0.200635 0.768316 -0.098090 0.128827 -0.619252
1778755278.061084 2.990267 -24.083999 0.203981 0.782264 -0.115293 0.112830 -0.601697
1778755278.202992 3.027841 -24.035292 0.245474 0.758946 -0.113098 0.137767 -0.626283
1778755278.336416 3.045158 -23.975150 0.198415 0.782080 -0.121158 0.147402 -0.593249
1778755278.480125 3.075126 -23.953769 0.303975 0.781761 -0.157767 0.111687 -0.592862
1778755278.619668 3.100340 -23.919590 0.179954 0.786786 -0.139521 0.131827 -0.586620
1778755278.763574 3.151349 -23.867068 0.194536 0.789687 -0.152486 0.122485 -0.581498
1778755278.900916 3.189755 -23.813096 0.240836 0.771472 -0.131270 0.159568 -0.601779
1778755279.037455 3.203538 -23.755833 0.189432 0.785850 -0.142983 0.167728 -0.577809
1778755279.177415 3.206282 -23.691560 0.302920 0.787301 -0.144475 0.124492 -0.586332
1778755279.319791 3.192561 -23.704808 0.192551 0.780923 -0.108275 0.115352 -0.604259
1778755279.464242 3.220570 -23.640268 0.178999 0.794291 -0.105072 0.094321 -0.590902
1778755279.602283 3.233831 -23.601579 0.245957 0.771237 -0.067840 0.116242 -0.622157
1778755279.741873 3.237820 -23.541543 0.186707 0.804642 -0.048870 0.121532 -0.579131
1778755279.882622 3.266162 -23.495562 0.281258 0.802748 -0.088013 0.091506 -0.582645
1778755280.024489 3.293816 -23.432588 0.296025 0.803537 -0.086119 0.084883 -0.582843
1778755280.159675 3.332649 -23.394126 0.210703 0.807815 -0.095895 0.062690 -0.578194
1778755280.307813 3.357521 -23.334382 0.198885 0.800022 -0.105129 0.054470 -0.588171
1778755280.453707 3.357032 -23.272159 0.154960 0.806234 -0.089563 0.071214 -0.580426
1778755280.578565 3.354030 -23.270034 0.220399 0.802083 -0.106415 0.061352 -0.584444
1778755280.724226 3.367998 -23.215877 0.204309 0.796645 -0.101559 0.069922 -0.591737
1778755280.858883 3.414903 -23.171338 0.173016 0.811120 -0.116090 0.059925 -0.570102
1778755280.996957 3.434986 -23.167382 0.177363 0.860450 -0.110402 0.047715 -0.495136
1778755281.149435 3.453850 -23.102011 0.242010 0.829357 -0.067438 0.069666 -0.550241
1778755281.288286 3.472417 -23.027267 0.215123 0.817923 -0.064836 0.073834 -0.566874
1778755281.425393 3.487478 -22.962765 0.230089 0.783878 -0.096030 0.038776 -0.612218
1778755281.565887 3.521821 -22.890352 0.197932 0.808191 -0.096934 0.026373 -0.580290
1778755281.712565 3.549303 -22.810135 0.321468 0.806222 -0.084087 0.032911 -0.584681
1778755281.839275 3.543623 -22.776651 0.204067 0.783312 -0.068682 0.047779 -0.615972
1778755281.988531 3.515408 -22.721576 0.191516 0.806126 -0.051648 0.051680 -0.587216
1778755282.119950 3.507365 -22.722731 0.191823 0.812917 -0.077571 0.033260 -0.576232
1778755282.265472 3.527704 -22.673727 0.186285 0.814217 -0.079202 0.034416 -0.574102
1778755282.403277 3.536290 -22.620865 0.222373 0.798762 -0.051309 0.057603 -0.596681
1778755282.545133 3.537403 -22.562809 0.206404 0.785493 -0.045575 0.061815 -0.614087
1778755282.683158 3.533996 -22.550005 0.211390 0.794436 -0.049317 0.064267 -0.601921
1778755282.825708 3.559941 -22.483771 0.180981 0.801461 -0.064800 0.060341 -0.591456
1778755282.960702 3.581451 -22.472688 0.144778 0.833468 -0.098305 0.041357 -0.542179
1778755283.115332 3.623496 -22.422233 0.161966 0.837887 -0.096712 0.072388 -0.532308
1778755283.252869 3.668305 -22.365338 0.211207 0.818499 -0.139774 0.123382 -0.543415
1778755283.384800 3.698657 -22.343858 0.169044 0.806048 -0.199227 0.130702 -0.541768
1778755283.530924 3.755331 -22.310039 0.213803 0.781061 -0.241666 0.150606 -0.555751
1778755283.664476 3.789455 -22.277022 0.241301 0.754244 -0.230370 0.189218 -0.585015
1778755283.803302 3.839332 -22.216277 0.212174 0.738749 -0.233665 0.240927 -0.584469
1778755283.944080 3.866328 -22.170755 0.190524 0.761984 -0.268396 0.216288 -0.548237
1778755284.084154 3.891551 -22.152649 0.184115 0.750605 -0.271479 0.209719 -0.564720
1778755284.223621 3.941637 -22.121135 0.169963 0.756147 -0.278871 0.196579 -0.558417
1778755284.360932 3.960632 -22.122399 0.209492 0.750718 -0.256461 0.212994 -0.570336
1778755284.501244 4.009186 -22.094096 0.238401 0.723670 -0.255204 0.269110 -0.582024
1778755284.643723 4.046612 -22.052013 0.211040 0.754936 -0.290304 0.240017 -0.536830
1778755284.782465 4.078863 -22.019937 0.235872 0.735511 -0.296733 0.237796 -0.560737
1778755284.927361 4.121081 -21.990032 0.227677 0.740395 -0.295317 0.230702 -0.558014
1778755285.059626 4.172104 -21.977005 0.225857 0.740697 -0.308844 0.212428 -0.557546
1778755285.213130 4.221644 -21.945671 0.205295 0.730272 -0.316605 0.213665 -0.566402
1778755285.354468 4.268307 -21.900204 0.172496 0.731192 -0.316537 0.229624 -0.558959
1778755285.486816 4.292876 -21.858257 0.181742 0.736647 -0.291467 0.248167 -0.557504
1778755285.634698 4.281113 -21.823351 0.167124 0.763894 -0.247169 0.284279 -0.523984
1778755285.762731 4.321553 -21.784859 0.187000 0.744093 -0.292337 0.227592 -0.555937
1778755285.908950 4.373272 -21.774688 0.251822 0.743396 -0.299575 0.223703 -0.554593
1778755286.045273 4.419379 -21.737314 0.264419 0.744535 -0.299647 0.235034 -0.548304
1778755286.182845 4.447063 -21.692146 0.220135 0.743357 -0.287306 0.237224 -0.555519
1778755286.320631 4.493787 -21.639824 0.239140 0.738871 -0.256234 0.256945 -0.567797
1778755286.462649 4.529064 -21.598228 0.231593 0.725621 -0.228335 0.283198 -0.584068
1778755286.603961 4.571327 -21.537719 0.264265 0.705268 -0.216546 0.289354 -0.609901
1778755286.743991 4.611486 -21.491743 0.270688 0.694437 -0.225612 0.270761 -0.627331
1778755286.881305 4.666849 -21.437098 0.274272 0.688984 -0.232698 0.257741 -0.636178
1778755287.023278 4.706085 -21.397723 0.293007 0.679237 -0.242518 0.243607 -0.648443
1778755287.169009 4.755024 -21.333273 0.287493 0.685139 -0.235194 0.252221 -0.641602
1778755287.300973 4.774225 -21.305687 0.248344 0.727909 -0.258774 0.231821 -0.591137
1778755287.447876 4.801191 -21.276222 0.208390 0.750957 -0.260890 0.212376 -0.568239
1778755287.583019 4.803053 -21.243080 0.224144 0.777853 -0.222195 0.167371 -0.563525
1778755287.725941 4.768864 -21.217627 0.236505 0.798597 -0.169990 0.102907 -0.568117
1778755287.859561 4.713772 -21.204787 0.233973 0.813966 -0.110822 0.030134 -0.569447
1778755288.000553 4.651167 -21.205645 0.236569 0.807482 -0.038905 -0.029899 -0.587848
1778755288.140586 4.565707 -21.219607 0.187752 0.797230 0.043548 -0.102163 -0.593373
1778755288.282848 4.504541 -21.238903 0.255357 0.756484 0.128222 -0.192889 -0.611624
1778755288.421705 4.454428 -21.270006 0.246949 0.725595 0.180723 -0.255743 -0.612737
1778755288.558504 4.403220 -21.294379 0.213373 0.717535 0.233218 -0.269701 -0.598342
1778755288.698067 4.364519 -21.314003 0.186872 0.717460 0.275560 -0.276031 -0.577169
1778755288.850012 4.344227 -21.325045 0.161784 0.689970 0.294253 -0.285604 -0.596479
1778755288.981845 4.335440 -21.327714 0.238065 0.668540 0.299479 -0.298282 -0.611878
1778755289.124977 4.314316 -21.314130 0.288019 0.642964 0.289151 -0.323460 -0.631160
1778755289.267103 4.274219 -21.283687 0.284572 0.648227 0.285687 -0.340771 -0.618109
1778755289.407570 4.228545 -21.270445 0.309352 0.638018 0.316075 -0.350528 -0.608408
1778755289.541310 4.175188 -21.289981 0.264268 0.615960 0.342931 -0.410977 -0.578005
1778755289.685516 4.125442 -21.325367 0.264826 0.582169 0.394158 -0.461050 -0.541435
1778755289.823330 4.090347 -21.366479 0.285799 0.534356 0.444221 -0.521704 -0.494931
1778755289.963181 4.073262 -21.407104 0.321234 -0.462018 -0.490663 0.587355 0.448111
1778755290.105172 4.101148 -21.507130 0.339280 -0.363631 -0.521969 0.637261 0.434994
1778755290.245543 4.084023 -21.565594 0.320229 -0.328273 -0.553088 0.659040 0.389867
1778755290.386444 4.052231 -21.619863 0.349996 -0.294014 -0.551768 0.695051 0.354981
1778755290.532703 4.009980 -21.676192 0.318230 -0.293637 -0.569406 0.707020 0.299462
1778755290.668964 3.977586 -21.729685 0.313904 -0.274322 -0.579095 0.714662 0.280455
1778755290.809167 3.962030 -21.806892 0.335302 -0.213113 -0.613891 0.708821 0.274398
1778755290.956210 3.950490 -21.900130 0.335667 -0.171028 -0.649885 0.703486 0.231314
1778755291.090771 3.933651 -21.981397 0.319316 -0.154525 -0.672816 0.696971 0.194094
1778755291.231155 3.914463 -22.051612 0.323016 -0.144975 -0.676288 0.701982 0.169815
1778755291.369863 3.898164 -22.119482 0.319086 -0.136877 -0.677258 0.706836 0.151557
1778755291.507577 3.876721 -22.178464 0.302845 -0.133301 -0.692933 0.693126 0.147144
1778755291.643652 3.855394 -22.243835 0.310146 -0.115912 -0.693357 0.696165 0.145515
1778755291.782469 3.849356 -22.302268 0.250965 -0.089767 -0.669743 0.722797 0.144742
1778755291.923795 3.863055 -22.319036 0.316238 -0.079034 -0.630348 0.758768 0.143827
1778755292.069498 3.866957 -22.341398 0.324233 -0.081427 -0.619258 0.767646 0.143560
1778755292.233173 3.865832 -22.357288 0.343324 -0.076951 -0.613123 0.772418 0.146727
1778755292.355804 3.853948 -22.363791 0.328884 -0.080092 -0.607558 0.778834 0.133697
1778755292.499345 3.843249 -22.368043 0.349661 -0.084101 -0.605690 0.780188 0.131806
1778755292.637138 3.845219 -22.372748 0.358405 -0.079567 -0.597033 0.784623 0.146923
1778755292.769914 3.853999 -22.375474 0.385525 -0.084367 -0.577722 0.798465 0.146879
1778755292.911544 3.848034 -22.379337 0.378366 -0.089458 -0.574610 0.799142 0.152291
1778755293.049430 3.847005 -22.385865 0.401452 -0.088812 -0.578482 0.796170 0.153576
1778755293.190199 3.851127 -22.387473 0.401198 -0.088555 -0.579455 0.796144 0.150149
1778755293.327451 3.851067 -22.387401 0.401257 -0.088801 -0.579366 0.796281 0.149616
1778755293.467037 3.851260 -22.387484 0.401183 -0.088846 -0.579339 0.796299 0.149604
1778755293.605296 3.851323 -22.387618 0.401097 -0.088795 -0.579441 0.796219 0.149666
1778755293.744601 3.851266 -22.387747 0.400981 -0.088826 -0.579589 0.796119 0.149604
1778755293.884557 3.851268 -22.387908 0.400813 -0.088804 -0.579764 0.795981 0.149675
1778755294.023069 3.850936 -22.389628 0.365345 -0.088104 -0.577221 0.797740 0.150548
1778755294.174392 3.851859 -22.400125 0.366794 -0.087691 -0.571275 0.802462 0.148355
1778755294.309873 3.850935 -22.406281 0.389115 -0.085989 -0.565087 0.806831 0.149356
1778755294.448479 3.843851 -22.422562 0.396281 -0.086312 -0.561166 0.808686 0.153853
1778755294.593464 3.838648 -22.439249 0.392139 -0.096204 -0.555444 0.814070 0.139702
1778755294.728889 3.834608 -22.445969 0.343157 -0.099128 -0.542306 0.821484 0.145748
1778755294.869587 3.829041 -22.455995 0.392016 -0.078407 -0.509826 0.839956 0.168534
1778755295.010971 3.828523 -22.470016 0.399670 -0.054910 -0.499461 0.843553 0.189582
1778755295.150638 3.842530 -22.488679 0.387244 -0.043586 -0.480119 0.856190 0.185808
1778755295.292736 3.859318 -22.505937 0.412962 -0.038676 -0.469346 0.865661 0.169851
1778755295.430701 3.851950 -22.523330 0.429842 -0.054192 -0.484677 0.861716 0.139988
1778755295.571719 3.831052 -22.532977 0.418653 -0.074071 -0.498763 0.853883 0.128968
1778755295.709133 3.828079 -22.533874 0.419962 -0.079337 -0.501616 0.851733 0.128987
1778755295.847062 3.827181 -22.532130 0.389236 -0.079183 -0.506374 0.848378 0.132554
1778755295.986501 3.824980 -22.534312 0.381032 -0.078888 -0.513536 0.842915 0.139829
1778755296.126091 3.823538 -22.537386 0.409495 -0.078740 -0.518821 0.838905 0.144440
1778755296.269697 3.822025 -22.538072 0.412898 -0.079226 -0.522121 0.836144 0.148239
1778755296.412271 3.822831 -22.539788 0.410773 -0.076934 -0.526439 0.832923 0.152254
1778755296.555304 3.831941 -22.550708 0.387391 -0.067854 -0.537151 0.825985 0.156889
1778755296.687466 3.837199 -22.557532 0.368184 -0.069550 -0.545597 0.821032 0.152949
1778755296.830029 3.840105 -22.559128 0.367048 -0.071110 -0.547112 0.820458 0.149864
1778755296.967012 3.843866 -22.569032 0.384019 -0.067189 -0.560475 0.809677 0.160553
1778755297.111058 3.845911 -22.574744 0.359557 -0.066663 -0.561670 0.808292 0.163545
1778755297.247069 3.845655 -22.574828 0.358754 -0.066811 -0.561619 0.808356 0.163345
1778755297.385273 3.845499 -22.575015 0.358684 -0.066932 -0.561696 0.808355 0.163034
1778755297.524482 3.845631 -22.575070 0.358665 -0.066814 -0.561739 0.808307 0.163171
1778755297.662546 3.845642 -22.575145 0.358649 -0.066773 -0.561783 0.808286 0.163139
1778755297.803585 3.845587 -22.575211 0.358587 -0.066817 -0.561879 0.808222 0.163107
1778755297.944259 3.845636 -22.575284 0.358541 -0.066763 -0.561968 0.808175 0.163059
1778755298.083786 3.845678 -22.575356 0.358510 -0.066706 -0.562021 0.808122 0.163162
1778755298.223522 3.845727 -22.575425 0.358473 -0.066635 -0.562090 0.808091 0.163106
1778755298.370356 3.845631 -22.575450 0.358427 -0.066739 -0.562151 0.808022 0.163193
1778755298.503198 3.845645 -22.575547 0.358380 -0.066699 -0.562235 0.807979 0.163137
1778755298.643417 3.845663 -22.575664 0.358297 -0.066653 -0.562375 0.807883 0.163148
1778755298.783316 3.845647 -22.575745 0.358247 -0.066660 -0.562461 0.807824 0.163142
1778755298.924359 3.845595 -22.575794 0.358209 -0.066704 -0.562525 0.807784 0.163099
1778755299.063671 3.845516 -22.575783 0.358204 -0.066800 -0.562522 0.807754 0.163221
1778755299.203803 3.845544 -22.575813 0.358186 -0.066753 -0.562555 0.807737 0.163210
1778755299.349053 3.845536 -22.575874 0.358145 -0.066749 -0.562623 0.807683 0.163241
1778755299.489724 3.845553 -22.575940 0.358096 -0.066716 -0.562706 0.807628 0.163242
1778755299.625663 3.845564 -22.575991 0.358068 -0.066696 -0.562759 0.807597 0.163221
1778755299.767643 3.845508 -22.575994 0.358057 -0.066754 -0.562771 0.807598 0.163148
1778755299.907364 3.845435 -22.576059 0.357998 -0.066826 -0.562865 0.807516 0.163199
1778755300.046694 3.845414 -22.576110 0.357953 -0.066840 -0.562941 0.807461 0.163207
1778755300.189318 3.845443 -22.576176 0.357912 -0.066790 -0.563013 0.807413 0.163216
1778755300.327388 3.845395 -22.576157 0.357919 -0.066848 -0.562994 0.807416 0.163242
1778755300.470521 3.845371 -22.576200 0.357886 -0.066864 -0.563047 0.807368 0.163291
1778755300.607361 3.845343 -22.576235 0.357863 -0.066888 -0.563086 0.807348 0.163245
1778755300.746651 3.845293 -22.576217 0.357856 -0.066949 -0.563089 0.807323 0.163331
1778755300.888351 3.845224 -22.576250 0.357826 -0.067017 -0.563135 0.807282 0.163353
1778755301.033103 3.845211 -22.576282 0.357793 -0.067033 -0.563191 0.807242 0.163350
1778755301.165903 3.845214 -22.576321 0.357772 -0.067023 -0.563229 0.807218 0.163341
1778755301.307248 3.845213 -22.576346 0.357742 -0.067020 -0.563279 0.807187 0.163322
1778755301.447985 3.845172 -22.576346 0.357729 -0.067063 -0.563295 0.807173 0.163320
1778755301.588463 3.845120 -22.576375 0.357705 -0.067113 -0.563331 0.807148 0.163295
1778755301.727568 3.845090 -22.576361 0.357718 -0.067146 -0.563305 0.807147 0.163380
1778755301.867448 3.845107 -22.576406 0.357689 -0.067121 -0.563357 0.807116 0.163366
1778755302.007134 3.845085 -22.576414 0.357674 -0.067140 -0.563382 0.807106 0.163319
1778755302.146958 3.845030 -22.576428 0.357649 -0.067206 -0.563419 0.807074 0.163323
1778755302.285522 3.844965 -22.576502 0.357587 -0.067266 -0.563519 0.807001 0.163310
1778755302.427103 3.844969 -22.576549 0.357574 -0.067244 -0.563544 0.806978 0.163350
1778755302.569813 3.845007 -22.576570 0.357558 -0.067211 -0.563572 0.806945 0.163426
1778755302.709401 3.844945 -22.576526 0.357574 -0.067284 -0.563542 0.806963 0.163412
1778755302.848378 3.844912 -22.576566 0.357548 -0.067302 -0.563581 0.806941 0.163380
1778755302.987990 3.845018 -22.576544 0.358578 -0.067488 -0.563353 0.807131 0.163153
1778755303.131263 3.843322 -22.580835 0.390433 -0.069554 -0.561461 0.808681 0.161119
1778755303.272629 3.838523 -22.595853 0.395696 -0.069645 -0.560782 0.809823 0.157671
1778755303.410751 3.825234 -22.632061 0.377012 -0.069216 -0.573264 0.800987 0.158106
1778755303.560282 3.811035 -22.669774 0.380481 -0.074387 -0.583754 0.796018 0.141611
1778755303.692219 3.794228 -22.722502 0.303174 -0.080401 -0.603953 0.784880 0.112875
1778755303.832169 3.801196 -22.747881 0.323976 -0.057318 -0.606632 0.781959 0.131348
1778755303.976232 3.809016 -22.766089 0.341492 -0.053403 -0.610950 0.775053 0.152251
1778755304.113688 3.813525 -22.773481 0.345214 -0.051041 -0.610096 0.773793 0.162547
1778755304.253331 3.810479 -22.778663 0.334409 -0.042628 -0.610300 0.771280 0.175626
1778755304.392572 3.807549 -22.788217 0.339472 -0.029684 -0.609668 0.769136 0.189351
1778755304.531890 3.802892 -22.802329 0.341022 -0.024939 -0.618130 0.762983 0.187487
1778755304.674413 3.792906 -22.822559 0.300129 -0.026395 -0.638385 0.748530 0.177399
1778755304.813733 3.788931 -22.838001 0.285952 -0.028979 -0.645513 0.745880 0.161670
1778755304.952968 3.799749 -22.834051 0.266248 -0.026511 -0.641651 0.750148 0.157665
1778755305.089727 3.809793 -22.839229 0.261041 -0.025426 -0.634384 0.757933 0.149826
1778755305.235323 3.806160 -22.851265 0.262626 -0.035105 -0.641642 0.752620 0.143622
1778755305.373860 3.804805 -22.863624 0.270160 -0.040531 -0.638970 0.755370 0.139612
1778755305.509727 3.802708 -22.880919 0.282638 -0.040034 -0.631816 0.760707 0.143286
1778755305.651713 3.794659 -22.897604 0.285577 -0.045103 -0.627263 0.761021 0.159228
1778755305.792911 3.763080 -22.906610 0.279018 -0.080319 -0.626699 0.750450 0.193961
1778755305.931810 3.740376 -22.939315 0.276981 -0.119410 -0.640851 0.729957 0.205460
1778755306.074661 3.727370 -22.986933 0.319299 -0.127657 -0.621649 0.740766 0.220278
1778755306.223447 3.701396 -23.024808 0.354155 -0.149884 -0.591192 0.765009 0.206854
1778755306.353420 3.660199 -23.069497 0.382848 -0.175265 -0.577783 0.772524 0.196609
1778755306.490785 3.621309 -23.121243 0.320481 -0.199665 -0.578221 0.772299 0.171313
1778755306.636234 3.581069 -23.158657 0.350956 -0.214823 -0.563976 0.779530 0.167678
1778755306.773917 3.541881 -23.195791 0.352946 -0.198220 -0.563279 0.772337 0.216613
1778755306.911650 3.517875 -23.257687 0.357143 -0.163711 -0.565703 0.776708 0.223391
1778755307.054570 3.502112 -23.321816 0.375764 -0.135007 -0.569901 0.778812 0.224585
1778755307.194691 3.492786 -23.376099 0.411626 -0.127687 -0.554043 0.794847 0.212018
1778755307.337775 3.478337 -23.425272 0.349911 -0.130470 -0.542400 0.807054 0.193505
1778755307.471174 3.465077 -23.453652 0.389842 -0.129482 -0.513239 0.828864 0.181122
1778755307.615092 3.438381 -23.497525 0.411035 -0.129206 -0.520365 0.822086 0.191576
1778755307.755405 3.410478 -23.542364 0.388794 -0.112925 -0.512473 0.823865 0.214161
1778755307.893229 3.388008 -23.596041 0.371096 -0.101037 -0.513468 0.822671 0.222159
1778755308.034751 3.382815 -23.635257 0.401291 -0.093619 -0.513971 0.825013 0.215461
1778755308.173872 3.376728 -23.714154 0.410742 -0.084178 -0.523346 0.823289 0.203024
1778755308.312306 3.387697 -23.777971 0.378396 -0.051367 -0.535567 0.822297 0.185354
1778755308.452548 3.394103 -23.833887 0.434677 -0.032895 -0.523352 0.834050 0.171412
1778755308.592451 3.382596 -23.892052 0.400695 -0.036737 -0.516380 0.843357 0.144056
1778755308.735906 3.362459 -23.945710 0.405435 -0.052953 -0.518707 0.840333 0.148257
1778755308.875871 3.336195 -24.003369 0.424917 -0.076425 -0.524320 0.833470 0.156764
1778755309.014332 3.319857 -24.057285 0.341376 -0.089393 -0.519502 0.835719 0.153948
1778755309.152871 3.294553 -24.073161 0.369580 -0.110385 -0.471602 0.861112 0.154574
1778755309.296306 3.261358 -24.092835 0.415682 -0.129661 -0.446408 0.872824 0.148616
1778755309.442742 3.214021 -24.137392 0.513487 -0.125544 -0.475144 0.847460 0.200720
1778755309.573570 3.168417 -24.191900 0.438247 -0.133788 -0.511556 0.822954 0.207746
1778755309.714297 3.123153 -24.251700 0.425737 -0.139507 -0.528903 0.811275 0.206477
1778755309.854166 3.097833 -24.308047 0.376619 -0.131274 -0.516500 0.816441 0.222305
1778755309.992460 3.078832 -24.349064 0.357479 -0.132143 -0.495846 0.830732 0.215778
1778755310.134791 3.057256 -24.363146 0.399765 -0.143429 -0.463163 0.851105 0.201317
1778755310.273200 3.003153 -24.368460 0.437539 -0.176719 -0.444791 0.848675 0.225127
1778755310.424129 2.927807 -24.383328 0.449935 -0.212406 -0.455275 0.824276 0.261108
1778755310.553798 2.870743 -24.407102 0.360827 -0.228528 -0.461584 0.817975 0.256187
1778755310.693044 2.833479 -24.453498 0.414459 -0.199376 -0.452933 0.830962 0.254169
1778755310.828717 2.858389 -24.506085 0.466502 -0.128680 -0.449777 0.849305 0.244590
1778755310.969131 2.875595 -24.578448 0.404832 -0.086723 -0.488634 0.848129 0.185455
1778755311.108820 2.909697 -24.636221 0.420200 -0.027912 -0.514848 0.842100 0.158178
1778755311.265670 2.920162 -24.705244 0.439806 -0.007713 -0.522262 0.845471 0.111183
1778755311.398296 2.921244 -24.770258 0.449410 -0.000542 -0.524421 0.846385 0.092814
1778755311.537493 2.911926 -24.843069 0.407519 -0.021229 -0.532445 0.842905 0.074583
1778755311.684660 2.904501 -24.892680 0.377277 -0.041730 -0.515476 0.854494 0.048822
1778755311.831919 2.906460 -24.919630 0.379376 -0.034427 -0.496321 0.867330 0.014771
1778755311.963189 2.906618 -24.936289 0.425040 -0.018476 -0.481022 0.876511 0.002463
1778755312.101138 2.908500 -24.988084 0.494963 0.009003 -0.510120 0.859454 0.032169
1778755312.239688 2.912408 -25.050241 0.433712 0.020077 -0.530352 0.847433 0.013423
1778755312.378882 2.914350 -25.117797 0.424676 0.031045 -0.551922 0.833298 0.005667
1778755312.511372 2.935525 -25.169639 0.346417 0.048178 -0.552370 0.832186 0.005684
1778755312.655234 2.939511 -25.211858 0.343608 0.033078 -0.528525 0.847874 -0.026019
1778755312.798599 2.930653 -25.235486 0.397275 0.017497 -0.500944 0.863783 -0.051268
1778755312.935306 2.895245 -25.284537 0.473979 -0.005518 -0.497472 0.867029 -0.027403
1778755313.086546 2.848190 -25.369807 0.444912 -0.022671 -0.545933 0.837147 0.025066
1778755313.220225 2.807046 -25.448573 0.404011 -0.042210 -0.565536 0.822279 0.047387
1778755313.353863 2.788017 -25.503393 0.368685 -0.056049 -0.547538 0.833179 0.053605
1778755313.510559 2.773008 -25.544558 0.352434 -0.075832 -0.518537 0.850045 0.052842
1778755313.644210 2.753265 -25.563078 0.391900 -0.089931 -0.494222 0.863306 0.048578
1778755313.780827 2.724266 -25.606304 0.471733 -0.083844 -0.504266 0.854314 0.093991
1778755313.915380 2.697874 -25.672398 0.423208 -0.081538 -0.542273 0.828993 0.109829
1778755314.066621 2.665959 -25.751203 0.413886 -0.082140 -0.562037 0.815261 0.112765
1778755314.193935 2.656106 -25.817539 0.349943 -0.074886 -0.557907 0.818198 0.116979
1778755314.332561 2.645690 -25.860310 0.349350 -0.077137 -0.533515 0.833667 0.120047
1778755314.477823 2.630047 -25.893414 0.389668 -0.087924 -0.517677 0.843278 0.114729
1778755314.618141 2.595374 -25.955795 0.428773 -0.096657 -0.543269 0.824607 0.124658
1778755314.754236 2.555020 -26.006176 0.412702 -0.102805 -0.554016 0.813047 0.146464
1778755314.896843 2.500585 -26.067675 0.420430 -0.136817 -0.563147 0.799650 0.157184
1778755315.040760 2.455391 -26.132754 0.337946 -0.173958 -0.578550 0.781388 0.156367
1778755315.187070 2.387421 -26.171473 0.336371 -0.219948 -0.586425 0.753515 0.199857
1778755315.316399 2.316195 -26.213212 0.333921 -0.245020 -0.615142 0.705700 0.252097
1778755315.454069 2.241388 -26.257791 0.311579 -0.277474 -0.633128 0.671672 0.266483
1778755315.594475 2.150052 -26.291458 0.310859 -0.307505 -0.622530 0.653613 0.301143
1778755315.739326 2.079563 -26.323107 0.314807 -0.336283 -0.605598 0.647560 0.317539
1778755315.873710 2.008162 -26.361784 0.320268 -0.340025 -0.600030 0.637590 0.343259
1778755316.014312 1.947157 -26.398531 0.324555 -0.337920 -0.597452 0.631395 0.360833
1778755316.154401 1.876676 -26.438687 0.326864 -0.339548 -0.594087 0.630281 0.366760
1778755316.290916 1.807638 -26.473329 0.320086 -0.339475 -0.587508 0.635329 0.368712
1778755316.437815 1.740674 -26.506314 0.331960 -0.339076 -0.578921 0.636495 0.380464
1778755316.582198 1.672661 -26.543661 0.332209 -0.331503 -0.578345 0.631903 0.395375
1778755316.723469 1.609204 -26.579408 0.331118 -0.340534 -0.581740 0.630061 0.385537
1778755316.865016 1.536462 -26.622924 0.326067 -0.343584 -0.588002 0.627262 0.377818
1778755316.999150 1.476253 -26.655052 0.324493 -0.340135 -0.576806 0.638107 0.380030
1778755317.138992 1.408119 -26.693733 0.332787 -0.336035 -0.571966 0.638436 0.390301
1778755317.283419 1.343551 -26.731052 0.333027 -0.321316 -0.568121 0.635695 0.412174
1778755317.422812 1.281411 -26.766891 0.336884 -0.325524 -0.568011 0.634908 0.410230
1778755317.563287 1.217237 -26.811085 0.343738 -0.327920 -0.568277 0.639049 0.401430
1778755317.697199 1.159190 -26.863799 0.339569 -0.326012 -0.579720 0.650103 0.367433
1778755317.834718 1.123753 -26.928020 0.340611 -0.295278 -0.591455 0.671948 0.333884
1778755317.974541 1.083799 -26.993923 0.337578 -0.263024 -0.616496 0.669051 0.321127
1778755318.118155 1.044003 -27.061228 0.326949 -0.246488 -0.631632 0.671476 0.299006
1778755318.260487 0.993159 -27.135558 0.320461 -0.238363 -0.645239 0.671305 0.276042
1778755318.416763 0.940962 -27.199112 0.315283 -0.240673 -0.656029 0.667869 0.256229
1778755318.538176 0.903247 -27.247452 0.312938 -0.241310 -0.655682 0.669893 0.251184
1778755318.675017 0.852179 -27.315189 0.308211 0.235490 0.671898 -0.654813 -0.253608
1778755318.819480 0.808902 -27.381171 0.307203 0.231635 0.675355 -0.655323 -0.246559
1778755318.958790 0.750356 -27.448854 0.296122 0.236796 0.680839 -0.652457 -0.233848
1778755319.096369 0.703690 -27.499432 0.300990 0.245285 0.676779 -0.656486 -0.225458
1778755319.238014 0.644464 -27.558607 0.289078 0.250674 0.679292 -0.648349 -0.235305
1778755319.380358 0.585098 -27.594276 0.300850 0.272605 0.666829 -0.638375 -0.271117
1778755319.515350 0.499584 -27.617112 0.300467 0.313995 0.639525 -0.625701 -0.317669
1778755319.654879 0.405497 -27.606025 0.303417 0.382615 0.610419 -0.595139 -0.356094
1778755319.792888 0.308172 -27.575347 0.300279 0.437132 0.576334 -0.553959 -0.412170
1778755319.938291 0.229345 -27.556506 0.309655 0.464986 0.546023 -0.532955 -0.449005
1778755320.072463 0.144151 -27.544816 0.296660 0.482668 0.532801 -0.515801 -0.465944
1778755320.214100 0.070698 -27.529474 0.301544 0.497071 0.517780 -0.507930 -0.476268
1778755320.354810 -0.013748 -27.519218 0.292584 0.504125 0.515687 -0.489231 -0.490486
1778755320.499160 -0.083872 -27.517192 0.302750 0.504492 0.514738 -0.480493 -0.499660
1778755320.634081 -0.172032 -27.525264 0.291366 0.501546 0.524095 -0.484545 -0.488868
1778755320.784185 -0.247225 -27.548466 0.296331 0.486034 0.538713 -0.506004 -0.466390
1778755320.920869 -0.326374 -27.576082 0.293868 0.465839 0.554961 -0.508572 -0.465152
1778755321.060361 -0.395902 -27.595620 0.296878 0.456560 0.565308 -0.506716 -0.463918
1778755321.202432 -0.477698 -27.602366 0.287971 0.463905 0.558888 -0.504287 -0.467044
1778755321.342699 -0.554004 -27.615440 0.295273 0.461534 0.555650 -0.521201 -0.454522
1778755321.478261 -0.616008 -27.653370 0.291335 0.448345 0.573567 -0.535363 -0.428246
1778755321.617042 -0.682912 -27.701903 0.282397 0.424422 0.592836 -0.542667 -0.417042
1778755321.756391 -0.740598 -27.747120 0.301485 0.395946 0.597508 -0.555817 -0.421044
1778755321.893752 -0.808239 -27.791200 0.289335 0.395923 0.606060 -0.564286 -0.396885
1778755322.035749 -0.875819 -27.823209 0.301197 0.389923 0.603559 -0.573324 -0.393670
1778755322.176075 -0.946021 -27.855507 0.293027 0.386907 0.606043 -0.571294 -0.395775
1778755322.315635 -1.009414 -27.891691 0.300930 0.382877 0.609442 -0.570984 -0.394921
1778755322.454194 -1.082311 -27.929500 0.293196 0.382768 0.610753 -0.575270 -0.386695
1778755322.594034 -1.146303 -27.955980 0.300805 0.385867 0.607057 -0.583452 -0.377057
1778755322.742181 -1.226731 -27.992559 0.293957 0.383856 0.609431 -0.578273 -0.383208
1778755322.878419 -1.288677 -28.027819 0.303285 0.380796 0.612708 -0.574616 -0.386523
1778755323.018375 -1.355723 -28.064217 0.300567 0.378054 0.613462 -0.576184 -0.385682
1778755323.165700 -1.428929 -28.096958 0.295454 0.376225 0.614763 -0.578697 -0.381617
1778755323.296407 -1.475393 -28.117876 0.295697 0.380849 0.613374 -0.578590 -0.379420
1778755323.434047 -1.535747 -28.149071 0.294188 0.378793 0.611113 -0.578848 -0.384696
1778755323.579432 -1.589210 -28.180730 0.301393 0.374976 0.615220 -0.575399 -0.387056
1778755323.715872 -1.651012 -28.213735 0.294738 0.374582 0.614920 -0.577685 -0.384503
1778755323.854278 -1.714009 -28.250724 0.298361 0.369043 0.615596 -0.586430 -0.375430
1778755323.994563 -1.765678 -28.297009 0.303586 0.355897 0.616309 -0.605365 -0.356419
1778755324.134952 -1.824314 -28.344802 0.299439 0.341408 0.628986 -0.602234 -0.353740
1778755324.276213 -1.877271 -28.397863 0.306901 0.326233 0.633115 -0.608987 -0.349101
1778755324.418951 -1.939856 -28.452523 0.297848 0.321578 0.636154 -0.613656 -0.339590
1778755324.560748 -1.998117 -28.494870 0.308717 0.323164 0.632407 -0.622298 -0.329198
1778755324.696676 -2.057656 -28.539033 0.304536 0.318913 0.632717 -0.621556 -0.334113
1778755324.851180 -2.115468 -28.588232 0.304066 0.316060 0.642862 -0.612219 -0.334697
1778755324.977177 -2.170538 -28.637409 0.298245 0.313620 0.646059 -0.613958 -0.327575
1778755325.124179 -2.222709 -28.704525 0.297756 0.291230 0.657749 -0.629056 -0.294686
1778755325.258666 -2.263139 -28.765379 0.299519 0.275219 0.660669 -0.641319 -0.276552
1778755325.394302 -2.314656 -28.833688 0.304630 0.258444 0.666097 -0.643560 -0.274502
1778755325.538628 -2.379657 -28.931609 0.317257 -0.238725 -0.658982 0.660101 0.270219
1778755325.672919 -2.451673 -29.027162 0.306118 0.242854 0.671851 -0.653373 -0.250484
1778755325.814995 -2.530434 -29.128659 0.299513 0.239292 0.672993 -0.653961 -0.249310
1778755325.953201 -2.583152 -29.206427 0.306867 0.233100 0.675657 -0.654232 -0.247252
1778755326.090395 -2.643188 -29.278328 0.298648 0.228123 0.676970 -0.655950 -0.243723
1778755326.352279 -2.682467 -29.325716 0.310336 0.234807 0.671534 -0.663406 -0.231948
1778755326.458837 -2.758277 -29.424506 0.305945 0.228795 0.677701 -0.656400 -0.239819
1778755326.590722 -2.843269 -29.493822 0.309797 0.256939 0.657989 -0.655485 -0.267155
1778755326.725170 -2.931841 -29.535627 0.308358 0.299453 0.646540 -0.644569 -0.277208
1778755326.865191 -3.032340 -29.602873 0.304292 0.299893 0.648367 -0.633567 -0.297113
1778755327.005430 -3.118410 -29.704714 0.294552 0.276663 0.671953 -0.632296 -0.268586
1778755327.144873 -3.192159 -29.803930 0.299603 0.255553 0.673206 -0.646477 -0.252101
1778755327.288601 -3.282069 -29.936621 0.296025 0.235384 0.682822 -0.648300 -0.240949
1778755327.432157 -3.369188 -30.055946 0.289360 0.219896 0.681613 -0.658417 -0.231380
1778755327.565888 -3.426394 -30.129440 0.304874 0.218757 0.677679 -0.666474 -0.220701
1778755327.708124 -3.512720 -30.248879 0.298249 0.215224 0.687989 -0.657233 -0.219986
1778755327.848221 -3.603740 -30.386869 0.300893 0.205243 0.683133 -0.666393 -0.217084
1778755327.993255 -3.667636 -30.470507 0.313503 0.208296 0.679442 -0.671622 -0.209510
1778755328.133117 -3.723215 -30.547343 0.300130 0.208730 0.689600 -0.660220 -0.212116
1778755328.268690 -3.793203 -30.654030 0.297720 0.205844 0.687311 -0.665432 -0.205988
1778755328.409681 -3.880289 -30.775835 0.309955 0.203756 0.680478 -0.671411 -0.211285
1778755328.548330 -3.962079 -30.892541 0.306671 0.201768 0.686338 -0.664360 -0.216462
1778755328.682791 -3.996294 -30.999224 0.308295 0.164157 0.691750 -0.675949 -0.193979
1778755328.823694 -4.034028 -31.140530 0.313899 0.129190 0.694187 -0.690036 -0.158950
1778755328.984098 -4.068058 -31.273327 0.312463 0.100267 0.702752 -0.688857 -0.146841
1778755329.104102 -4.137645 -31.424902 0.308497 0.127676 0.703789 -0.683209 -0.146985
1778755329.246739 -4.228225 -31.537318 0.305381 0.172972 0.693887 -0.677289 -0.172860
1778755329.398025 -4.344654 -31.634546 0.306252 -0.231755 -0.669684 0.671878 0.215390
1778755329.528239 -4.471848 -31.721746 0.302080 0.284593 0.665134 -0.641398 -0.255366
1778755329.670710 -4.576726 -31.770115 0.304334 0.316789 0.642310 -0.632908 -0.294127
1778755329.814531 -4.718136 -31.849553 0.295614 0.340847 0.638465 -0.620943 -0.301025
1778755329.946560 -4.842543 -31.909440 0.300381 0.346084 0.631546 -0.612037 -0.326782
1778755330.084259 -4.934064 -31.963667 0.303277 0.340670 0.628181 -0.610522 -0.341460
1778755330.236019 -5.101574 -32.033569 0.301786 0.370839 0.617344 -0.594648 -0.357432
1778755330.375796 -5.241638 -32.036584 0.299170 0.424597 0.579781 -0.567246 -0.402248
1778755330.522333 -5.395989 -32.044409 0.297100 -0.461448 -0.544705 0.548109 0.435820
1778755330.647094 -5.536916 -32.055357 0.298574 -0.491283 -0.533206 0.535254 0.433401
1778755330.783681 -5.664654 -32.044737 0.290711 0.499943 0.527012 -0.512742 -0.457614
1778755330.926021 -5.817777 -32.042446 0.293426 0.493886 0.522217 -0.505827 -0.476975
1778755331.071857 -5.967260 -31.998489 0.305504 0.523109 0.489287 -0.475082 -0.511128
1778755331.208703 -6.087714 -31.931715 0.310461 0.561430 0.428775 -0.437710 -0.556199
1778755331.354101 -6.181719 -31.870362 0.299444 0.600239 0.397965 -0.412467 -0.557860
1778755331.490495 -6.301038 -31.793211 0.297084 0.611488 0.374360 -0.389909 -0.577847
1778755331.634466 -6.462893 -31.761016 0.311801 -0.577602 -0.410765 0.395733 0.583989
1778755331.768348 -6.574253 -31.811520 0.316799 -0.516139 -0.480259 0.456650 0.542608
1778755331.905824 -6.706432 -31.902758 0.292040 0.433520 0.575275 -0.511299 -0.468713
1778755332.046393 -6.788451 -32.050069 0.311901 0.299315 0.641128 -0.593121 -0.384152
1778755332.183145 -6.762515 -32.167519 0.293049 0.159042 0.696659 -0.641228 -0.279639
1778755332.322390 -6.726786 -32.340313 0.289824 0.059343 0.728648 -0.670022 -0.128919
1778755332.464442 -6.669706 -32.436490 0.301215 -0.047855 0.712408 -0.700063 -0.009810
1778755332.604413 -6.544254 -32.475468 0.282219 -0.150166 0.717429 -0.678415 0.049989
1778755332.744841 -6.467091 -32.589375 0.288462 -0.180519 0.709636 -0.673348 0.102139
1778755332.894797 -6.388349 -32.709189 0.300934 -0.193393 0.691457 -0.680133 0.148006
1778755333.040684 -6.335628 -32.760357 0.293119 -0.220151 0.690474 -0.670531 0.158643
1778755333.650301 -6.202538 -32.840954 0.300217 -0.283172 0.663247 -0.655136 0.225198
1778755333.758023 -6.062311 -32.817131 0.296697 0.415458 -0.584867 0.610259 -0.336020
1778755334.022169 -5.693918 -32.527868 0.279751 0.644475 -0.334277 0.386083 -0.569079
1778755334.167153 -5.596949 -32.417179 0.295085 0.644119 -0.292595 0.351054 -0.613401
1778755334.300311 -5.433843 -32.241869 0.296361 0.655662 -0.287284 0.299015 -0.631003
1778755334.446585 -5.322997 -32.132231 0.305505 0.654898 -0.269650 0.300975 -0.638601
1778755334.572096 -5.239889 -32.045490 0.313739 0.656246 -0.266525 0.295957 -0.640871
1778755334.711393 -5.142001 -31.934544 0.306789 0.664133 -0.268558 0.278933 -0.639531
1778755334.849091 -5.034431 -31.824184 0.311411 0.660569 -0.263743 0.279027 -0.645161
1778755334.989905 -4.933711 -31.715133 0.319524 0.653598 -0.257318 0.282374 -0.653347
1778755335.141100 -4.822912 -31.594850 0.310669 0.662207 -0.268750 0.263833 -0.647802
1778755335.273658 -4.716224 -31.519995 0.312386 0.647990 -0.288630 0.290826 -0.642045
1778755335.412596 -4.597396 -31.457131 0.330296 -0.612982 0.309619 -0.342364 0.641230
1778755335.547273 -4.464291 -31.390290 0.311875 -0.616264 0.357746 -0.332497 0.617804
1778755335.684273 -4.334567 -31.345353 0.305405 0.607023 -0.374604 0.356679 -0.603303
1778755335.825303 -4.189401 -31.280929 0.317505 -0.592433 0.370992 -0.378963 0.606445
1778755335.965038 -4.063927 -31.207579 0.313893 0.604762 -0.369763 0.369282 -0.600973
1778755336.103501 -3.951662 -31.096449 0.303398 0.639363 -0.323900 0.342841 -0.607260
1778755336.244661 -3.848986 -30.996776 0.304172 0.642434 -0.293806 0.320259 -0.631182
1778755336.382250 -3.722208 -30.918931 0.317405 -0.630584 0.305963 -0.331294 0.631660
1778755336.527677 -3.588238 -30.877882 0.317712 -0.598968 0.357445 -0.388196 0.602307
1778755336.662988 -3.486480 -30.873172 0.299790 -0.570844 0.425858 -0.378159 0.591421
1778755336.809377 -3.329196 -30.907378 0.305461 -0.525915 0.479352 -0.440777 0.547130
1778755336.956469 -3.205568 -30.963519 0.312858 -0.465172 0.521804 -0.514712 0.496394
1778755337.087127 -3.126345 -31.037636 0.313457 -0.408448 0.577559 -0.551892 0.441601
1778755337.234942 -3.067722 -31.137292 0.312648 -0.338904 0.622811 -0.607626 0.357829
1778755337.372908 -3.065462 -31.214068 0.315371 -0.271003 0.654008 -0.651664 0.272332
1778755337.506300 -3.070804 -31.270226 0.301470 -0.225765 0.677193 -0.663565 0.223877
1778755337.642732 -3.081554 -31.306016 0.303050 -0.200320 0.680403 -0.679130 0.188959
1778755337.785910 -3.093229 -31.321674 0.305186 -0.178582 0.686710 -0.683685 0.170623
1778755337.927705 -3.096309 -31.330686 0.300738 -0.174562 0.689796 -0.684480 0.158736
1778755338.081532 -3.092896 -31.336115 0.301465 -0.177079 0.688854 -0.685058 0.157541
1778755338.217382 -3.088720 -31.334904 0.302816 -0.182080 0.686888 -0.685767 0.157339
1778755338.359406 -3.085808 -31.332870 0.303983 0.186410 -0.685062 0.686284 -0.157976
1778755338.490210 -3.083328 -31.331133 0.304678 0.191230 -0.683333 0.686497 -0.158771
1778755338.639439 -3.081473 -31.328907 0.305081 0.194379 -0.682189 0.686406 -0.160256
1778755338.773082 -3.078912 -31.326227 0.305755 0.197133 -0.680914 0.686431 -0.162195
1778755338.915759 -3.071753 -31.321028 0.306752 0.206548 -0.677205 0.685648 -0.169169
1778755339.045506 -3.047948 -31.306832 0.309276 0.232222 -0.665122 0.681297 -0.198798
1778755339.191265 -2.997707 -31.272931 0.312727 0.290876 -0.640773 0.659416 -0.264520
1778755339.326138 -2.919703 -31.199264 0.313189 0.387530 -0.596059 0.606957 -0.355158
1778755339.469047 -2.856554 -31.084131 0.304610 -0.495567 0.533469 -0.505907 0.462475
1778755339.602720 -2.804077 -30.956510 0.299237 0.573626 -0.439971 0.420787 -0.548012
1778755339.742935 -2.753795 -30.846457 0.325153 0.613884 -0.343053 0.378453 -0.601859
1778755339.882075 -2.679758 -30.744702 0.310003 0.641256 -0.305490 0.321074 -0.626401
1778755340.026025 -2.608959 -30.643732 0.315027 0.655988 -0.260454 0.298998 -0.642218
1778755340.170699 -2.573757 -30.519016 0.314630 0.682591 -0.197889 0.247184 -0.658642
1778755340.304242 -2.552929 -30.373169 0.307383 0.698542 -0.145423 0.177577 -0.677759
1778755340.446220 -2.548648 -30.274966 0.299302 0.706420 -0.096300 0.147389 -0.685546
1778755340.589620 -2.531798 -30.121758 0.308856 -0.699122 0.070065 -0.118850 0.701565
1778755340.731008 -2.515935 -29.967517 0.312191 0.707069 -0.058405 0.091146 -0.698810
1778755340.872131 -2.498957 -29.817372 0.303185 0.715006 -0.051234 0.079306 -0.692713
1778755341.010591 -2.485572 -29.652027 0.298999 0.715344 -0.041458 0.066615 -0.694353
1778755341.150829 -2.474351 -29.505710 0.298510 0.710809 -0.035547 0.064990 -0.699473
1778755341.291942 -2.464546 -29.391056 0.317132 -0.700333 0.039295 -0.058067 0.710364
1778755341.430401 -2.458289 -29.242528 0.312976 -0.702436 0.027551 -0.041813 0.709984
1778755341.564648 -2.493375 -29.094692 0.323616 -0.695374 -0.018842 0.005636 0.718379
1778755341.702560 -2.532563 -28.960096 0.307564 0.710698 0.059151 -0.030641 -0.700336
1778755341.842969 -2.574466 -28.833126 0.311840 -0.698041 -0.086117 0.056252 0.708631
1778755341.989957 -2.620283 -28.685601 0.334527 -0.686326 -0.100539 0.071807 0.716724
1778755342.126073 -2.667839 -28.547126 0.307051 0.704265 0.111682 -0.078255 -0.696716
1778755342.281225 -2.701318 -28.433461 0.302546 0.706276 0.110826 -0.100222 -0.691988
1778755342.422226 -2.738666 -28.325788 0.301051 0.705098 0.117432 -0.098346 -0.692368
1778755342.550990 -2.807672 -28.187859 0.309749 0.696153 0.138549 -0.110235 -0.695718
1778755342.689445 -2.901251 -28.130255 0.308098 -0.670349 -0.214137 0.182332 0.686683
1778755342.830076 -3.018579 -28.079616 0.298849 -0.649602 -0.290612 0.236902 0.661392
1778755342.972786 -3.165744 -28.005143 0.304865 -0.625396 -0.332181 0.288772 0.644318
1778755343.113540 -3.304158 -27.931692 0.321492 -0.602697 -0.349180 0.322999 0.640704
1778755343.251194 -3.394926 -27.891458 0.306755 -0.607873 -0.373118 0.321936 0.622600
1778755343.389657 -3.536995 -27.829942 0.306901 -0.598852 -0.377250 0.346451 0.615655
1778755343.533600 -3.658890 -27.766340 0.318628 -0.587647 -0.372863 0.362664 0.619774
1778755343.669926 -3.776412 -27.709750 0.315914 -0.590045 -0.373960 0.371212 0.611721
1778755343.808542 -3.891538 -27.655535 0.312039 -0.594405 -0.374464 0.383466 0.599511
1778755343.957266 -3.988621 -27.606013 0.303620 -0.596190 -0.378048 0.375982 0.600229
1778755344.088499 -4.123006 -27.561739 0.309321 -0.584246 -0.398489 0.385736 0.592512
1778755344.232256 -4.234816 -27.603637 0.322939 -0.527412 -0.462154 0.442361 0.559077
1778755344.377462 -4.386718 -27.641958 0.302820 0.481590 0.532658 -0.470737 -0.512594
1778755344.515782 -4.514739 -27.758316 0.310374 0.391099 0.595299 -0.541131 -0.447033
1778755344.651612 -4.566388 -27.875340 0.293880 0.278531 0.642106 -0.615705 -0.361976
1778755344.792721 -4.573908 -28.014584 0.280416 0.183568 0.711994 -0.633477 -0.240986
1778755344.929801 -4.549997 -28.095854 0.307909 0.061764 0.714545 -0.682721 -0.139654
1778755345.067517 -4.488175 -28.173319 0.298823 -0.044705 0.716650 -0.694910 -0.038917
1778755345.208886 -4.405990 -28.207167 0.308701 -0.140063 0.708709 -0.689274 0.054906
1778755345.352730 -4.317779 -28.212976 0.303791 -0.234619 0.688142 -0.665868 0.167436
1778755345.496925 -4.230669 -28.182394 0.307952 -0.327194 0.647323 -0.631050 0.275122
1778755345.631258 -4.149281 -28.134325 0.289928 -0.396096 0.620004 -0.569744 0.366189
1778755345.770312 -4.057475 -28.095950 0.281579 -0.445808 0.581060 -0.538490 0.416717
1778755345.916465 -3.937434 -28.057212 0.317174 0.475062 -0.513520 0.545523 -0.461538
1778755346.056906 -3.797385 -28.032177 0.297023 -0.504750 0.522580 -0.495664 0.475873
1778755346.203358 -3.660593 -28.077926 0.298437 -0.473160 0.543028 -0.532239 0.444929
1778755346.334909 -3.568133 -28.175291 0.296678 -0.396505 0.588274 -0.581668 0.397969
1778755346.480839 -3.483475 -28.299768 0.311233 -0.320590 0.642622 -0.610995 0.333083
1778755346.618471 -3.410715 -28.408554 0.304993 -0.269408 0.664243 -0.635780 0.286329
1778755346.760622 -3.332290 -28.548188 0.298111 -0.220286 0.687719 -0.643679 0.253365
1778755346.893121 -3.290584 -28.697378 0.285914 -0.181070 0.709777 -0.652930 0.192646
1778755347.030921 -3.254985 -28.824268 0.298962 -0.148633 0.702518 -0.677841 0.157826
1778755347.176641 -3.212729 -28.973110 0.300173 -0.124058 0.712835 -0.674212 0.148033
1778755347.317725 -3.194180 -29.085021 0.293425 -0.118455 0.716769 -0.677055 0.117503
1778755347.464282 -3.170614 -29.247977 0.302417 -0.098590 0.702857 -0.700462 0.075005
1778755347.608141 -3.173046 -29.390147 0.303204 -0.051919 0.722934 -0.686606 0.056942
1778755347.743134 -3.178175 -29.529524 0.300913 -0.023814 0.718756 -0.693876 0.036866
1778755347.884479 -3.172798 -29.698190 0.303122 -0.015271 0.712737 -0.700976 0.020135
1778755348.016706 -3.179544 -29.832705 0.302895 -0.000895 0.724878 -0.688693 0.015909
1778755348.159089 -3.185294 -29.980654 0.304445 -0.000913 0.717700 -0.696351 0.001009
1778755348.297738 -3.184258 -30.133950 0.299034 -0.000687 0.721623 -0.692286 0.000078
1778755348.433127 -3.188414 -30.279181 0.300934 -0.000483 0.718844 -0.695134 -0.007163
1778755348.585226 -3.187173 -30.396732 0.307060 -0.001001 -0.706094 0.708065 0.008618
1778755348.714422 -3.187549 -30.540119 0.302201 0.009146 0.716004 -0.698018 0.004955
1778755348.860880 -3.193613 -30.684684 0.297737 0.003483 0.719210 -0.694700 -0.010797
1778755348.999872 -3.192274 -30.825353 0.311493 0.000754 0.707570 -0.706535 -0.012356
1778755349.153807 -3.194207 -30.960156 0.310416 0.005203 0.713809 -0.700311 -0.003659
1778755349.277043 -3.199996 -31.065845 0.301161 0.005000 0.715421 -0.698602 -0.010147
1778755349.428993 -3.190384 -31.207956 0.304599 -0.005487 0.709751 -0.704431 0.000550
1778755349.556011 -3.149379 -31.332816 0.313886 -0.050086 0.708835 -0.702645 0.036513
1778755349.698577 -3.094042 -31.402484 0.304215 -0.113952 0.709840 -0.689876 0.084935
1778755349.847782 -3.010718 -31.470018 0.300019 -0.198572 0.692554 -0.677372 0.148682
1778755349.987829 -2.954387 -31.489651 0.302957 -0.257912 0.674877 -0.659980 0.206032
1778755350.125923 -2.892254 -31.483131 0.296828 -0.305034 0.654868 -0.637905 0.266797
1778755350.255640 -2.853102 -31.462142 0.298964 -0.353766 0.627754 -0.616438 0.317455
1778755350.396757 -2.819676 -31.441583 0.300538 -0.384970 0.605039 -0.599466 0.355479
1778755350.537351 -2.796039 -31.428478 0.300957 -0.404656 0.588795 -0.588037 0.379192
1778755350.677159 -2.786819 -31.423223 0.305843 -0.406779 0.582252 -0.580830 0.397681
1778755350.815488 -2.776483 -31.407428 0.301947 -0.413724 0.578018 -0.567821 0.415099
1778755350.972641 -2.773451 -31.397600 0.302862 -0.417949 0.573638 -0.563653 0.422556
1778755351.113174 -2.773782 -31.397026 0.303074 -0.417970 0.573467 -0.563439 0.423052
1778755351.240959 -2.773809 -31.396899 0.303001 -0.418014 0.573524 -0.563512 0.422833
1778755351.389287 -2.774127 -31.396876 0.302849 -0.417953 0.573756 -0.563684 0.422350
1778755351.529072 -2.774454 -31.396743 0.302980 -0.418022 0.573755 -0.563818 0.422104
1778755351.668085 -2.774836 -31.396736 0.303014 -0.418018 0.573908 -0.563968 0.421698
1778755351.810323 -2.775552 -31.396319 0.303324 -0.418271 0.573840 -0.564045 0.421439
1778755351.945535 -2.776236 -31.396025 0.303316 -0.418408 0.573809 -0.564130 0.421230
1778755352.109286 -2.776836 -31.395791 0.303304 -0.418463 0.573805 -0.564238 0.421036
1778755352.219875 -2.777166 -31.395520 0.303302 -0.418631 0.573698 -0.564367 0.420842
1778755352.365420 -2.777233 -31.395525 0.303261 -0.418638 0.573755 -0.564430 0.420673
