# raw base_link odometry (TUM format), robot's own estimator
1778755152.924753 -4.552030 -29.082884 0.051767 0.029408 -0.042719 0.762029 0.645463
1778755152.973301 -4.552062 -29.082846 0.051844 0.029493 -0.042621 0.761968 0.645537
1778755153.029741 -4.552104 -29.082819 0.051934 0.029498 -0.042512 0.761912 0.645610
1778755153.082561 -4.552157 -29.082783 0.051998 0.029538 -0.042340 0.761893 0.645643
1778755153.133270 -4.552216 -29.082724 0.052080 0.029530 -0.042105 0.761789 0.645780
1778755153.184852 -4.552281 -29.082674 0.052126 0.029603 -0.041877 0.761691 0.645908
1778755153.256640 -4.552359 -29.082619 0.052173 0.029620 -0.041726 0.761480 0.646165
1778755153.291426 -4.552419 -29.082575 0.052198 0.029599 -0.041634 0.761373 0.646299
1778755153.360037 -4.552476 -29.082520 0.052209 0.029615 -0.041520 0.761336 0.646348
1778755153.400104 -4.552545 -29.082476 0.052289 0.029688 -0.041331 0.761157 0.646568
1778755153.453272 -4.552566 -29.082699 0.052468 0.029638 -0.041409 0.760881 0.646891
1778755153.506843 -4.551988 -29.083992 0.056243 0.027896 -0.040110 0.760757 0.647195
1778755153.564228 -4.551804 -29.087145 0.063972 0.021894 -0.039011 0.760344 0.647978
1778755153.612736 -4.551522 -29.092976 0.075928 0.021826 -0.040411 0.759954 0.648353
1778755153.666319 -4.550715 -29.100246 0.093833 0.027909 -0.044076 0.759781 0.648082
1778755153.721733 -4.550076 -29.106979 0.116334 0.031041 -0.045199 0.759577 0.648102
1778755153.774526 -4.550129 -29.111067 0.140277 0.028839 -0.043038 0.759313 0.648660
1778755153.826239 -4.550642 -29.112434 0.165678 0.024306 -0.038794 0.759115 0.649345
1778755153.879072 -4.551577 -29.111422 0.190518 0.018991 -0.034594 0.758916 0.649992
1778755153.935063 -4.552878 -29.108835 0.213512 0.014150 -0.030692 0.758753 0.650501
1778755153.988274 -4.554458 -29.105593 0.236393 0.009853 -0.027800 0.758277 0.651265
1778755154.039828 -4.556198 -29.101851 0.258174 0.006530 -0.026189 0.757941 0.651765
1778755154.094415 -4.557772 -29.098249 0.277941 0.004240 -0.024535 0.757915 0.651879
1778755154.146907 -4.559276 -29.094084 0.297282 0.002983 -0.023642 0.757414 0.652500
1778755154.198464 -4.560553 -29.090094 0.312878 0.003116 -0.024046 0.756879 0.653105
1778755154.251936 -4.561270 -29.084991 0.318990 0.000857 -0.021701 0.756341 0.653817
1778755154.305887 -4.561689 -29.080784 0.321000 -0.001299 -0.019366 0.755984 0.654302
1778755154.359415 -4.561753 -29.078924 0.322163 -0.002243 -0.018169 0.756177 0.654111
1778755154.415990 -4.561749 -29.079014 0.322607 -0.002440 -0.018030 0.756222 0.654063
1778755154.466417 -4.561652 -29.080561 0.322754 -0.002358 -0.018297 0.756158 0.654129
1778755154.522801 -4.561415 -29.082506 0.322779 -0.002139 -0.018585 0.756519 0.653704
1778755154.569842 -4.561128 -29.083799 0.322761 -0.001874 -0.018734 0.756990 0.653155
1778755154.623553 -4.560933 -29.084810 0.322736 -0.001605 -0.018902 0.756927 0.653224
1778755154.672625 -4.560883 -29.085133 0.322721 -0.001475 -0.018969 0.756709 0.653476
1778755154.726008 -4.560909 -29.084944 0.322728 -0.001505 -0.018931 0.756651 0.653543
1778755154.792863 -4.560943 -29.084612 0.322743 -0.001577 -0.018845 0.756566 0.653644
1778755154.837625 -4.560984 -29.084339 0.322760 -0.001630 -0.018771 0.756438 0.653794
1778755154.898682 -4.561024 -29.084150 0.322772 -0.001706 -0.018722 0.756407 0.653831
1778755154.942127 -4.560996 -29.084122 0.322779 -0.001686 -0.018676 0.756402 0.653838
1778755154.997526 -4.560988 -29.084200 0.322778 -0.001646 -0.018732 0.756457 0.653773
1778755155.050324 -4.561008 -29.084232 0.322776 -0.001657 -0.018781 0.756545 0.653670
1778755155.102957 -4.561012 -29.084248 0.322775 -0.001636 -0.018796 0.756489 0.653734
1778755155.157943 -4.561001 -29.084200 0.322778 -0.001644 -0.018750 0.756389 0.653852
1778755155.208839 -4.561014 -29.084148 0.322782 -0.001707 -0.018716 0.756390 0.653851
1778755155.262663 -4.561045 -29.084183 0.322782 -0.001712 -0.018788 0.756447 0.653783
1778755155.321040 -4.561062 -29.084183 0.322780 -0.001735 -0.018799 0.756505 0.653716
1778755155.369726 -4.561041 -29.084181 0.322781 -0.001721 -0.018765 0.756442 0.653790
1778755155.423207 -4.561038 -29.084139 0.322784 -0.001761 -0.018725 0.756375 0.653868
1778755155.476703 -4.561064 -29.084112 0.322786 -0.001811 -0.018722 0.756414 0.653823
1778755155.544864 -4.561092 -29.084108 0.322786 -0.001854 -0.018736 0.756458 0.653772
1778755155.582424 -4.561085 -29.084114 0.322786 -0.001831 -0.018732 0.756414 0.653822
1778755155.635516 -4.561038 -29.084122 0.322786 -0.001778 -0.018712 0.756374 0.653870
1778755155.688308 -4.561045 -29.084105 0.322787 -0.001795 -0.018698 0.756378 0.653865
1778755155.740020 -4.561081 -29.084114 0.322788 -0.001813 -0.018748 0.756380 0.653862
1778755155.792540 -4.561088 -29.084099 0.322787 -0.001836 -0.018728 0.756361 0.653884
1778755155.846076 -4.560214 -29.087507 0.321149 -0.002519 -0.021161 0.756592 0.653540
1778755155.899007 -4.559546 -29.087727 0.322373 -0.002158 -0.021672 0.758617 0.651172
1778755155.955411 -4.560454 -29.089878 0.323083 -0.004901 -0.023886 0.761043 0.648243
1778755156.005637 -4.560966 -29.092062 0.317830 -0.009199 -0.023727 0.763416 0.645406
1778755156.060607 -4.561320 -29.092209 0.316821 -0.011395 -0.024573 0.764937 0.643536
1778755156.124161 -4.561537 -29.090799 0.316349 -0.012855 -0.025366 0.766164 0.642015
1778755156.167359 -4.561907 -29.088625 0.316078 -0.013581 -0.025466 0.767042 0.640948
1778755156.219630 -4.562208 -29.086521 0.316859 -0.014001 -0.025525 0.767381 0.640531
1778755156.272614 -4.562549 -29.084824 0.319270 -0.013975 -0.025476 0.767670 0.640187
1778755156.332312 -4.562765 -29.083426 0.320386 -0.014030 -0.025365 0.767829 0.639999
1778755156.382891 -4.562812 -29.082560 0.320974 -0.013948 -0.025296 0.767897 0.639921
1778755156.437696 -4.562946 -29.081810 0.321239 -0.013997 -0.025249 0.767975 0.639829
1778755156.490016 -4.563115 -29.081181 0.321320 -0.014077 -0.025234 0.768047 0.639741
1778755156.542265 -4.563234 -29.080555 0.320008 -0.014021 -0.025258 0.768076 0.639707
1778755156.596539 -4.563303 -29.080000 0.316869 -0.014007 -0.025198 0.768079 0.639706
1778755156.648698 -4.563374 -29.079466 0.316016 -0.014008 -0.025145 0.768093 0.639691
1778755156.705126 -4.563480 -29.078995 0.315773 -0.013975 -0.025071 0.768223 0.639539
1778755156.755496 -4.563620 -29.078392 0.316270 -0.014042 -0.025006 0.768237 0.639523
1778755156.809823 -4.563708 -29.077890 0.318838 -0.014040 -0.024976 0.768347 0.639392
1778755156.861178 -4.563791 -29.077473 0.320174 -0.014013 -0.024946 0.768358 0.639380
1778755156.915748 -4.563795 -29.077177 0.320606 -0.014045 -0.024878 0.768291 0.639463
1778755156.978148 -4.563880 -29.076916 0.320989 -0.014043 -0.024863 0.768377 0.639360
1778755157.025751 -4.563932 -29.076664 0.321169 -0.013972 -0.024840 0.768477 0.639242
1778755157.080526 -4.563973 -29.076412 0.321228 -0.013960 -0.024823 0.768502 0.639213
1778755157.132501 -4.564083 -29.076159 0.320047 -0.014041 -0.024844 0.768517 0.639193
1778755157.186070 -4.564145 -29.075928 0.320725 -0.014053 -0.024845 0.768533 0.639173
1778755157.250434 -4.564121 -29.075706 0.320978 -0.013998 -0.024789 0.768555 0.639150
1778755157.327418 -4.564156 -29.075451 0.321106 -0.013940 -0.024757 0.768628 0.639065
1778755157.355137 -4.564204 -29.075243 0.321166 -0.013949 -0.024690 0.768682 0.639003
1778755157.400102 -4.564276 -29.075005 0.321153 -0.013921 -0.024737 0.768688 0.638994
1778755157.455333 -4.564290 -29.074783 0.321193 -0.013922 -0.024737 0.768642 0.639050
1778755157.509371 -4.564270 -29.074509 0.321214 -0.013875 -0.024660 0.768659 0.639033
1778755157.565714 -4.564334 -29.074329 0.321199 -0.013897 -0.024646 0.768687 0.638999
1778755157.627599 -4.564528 -29.073887 0.321220 -0.013872 -0.024662 0.768633 0.639064
1778755157.674148 -4.564950 -29.072830 0.320672 -0.013987 -0.024821 0.766608 0.641484
1778755157.725866 -4.564842 -29.071682 0.318813 -0.014780 -0.025279 0.761652 0.647324
1778755157.779209 -4.564130 -29.071390 0.319222 -0.015720 -0.023613 0.753396 0.656956
1778755157.833858 -4.564065 -29.072113 0.320116 -0.016692 -0.021197 0.741536 0.670371
1778755157.881599 -4.564964 -29.071459 0.321717 -0.014090 -0.017344 0.724994 0.688393
1778755157.937364 -4.567317 -29.070950 0.324162 -0.016003 -0.017574 0.705027 0.708782
1778755157.992026 -4.569503 -29.069540 0.325402 -0.019684 -0.017767 0.682505 0.730399
1778755158.042642 -4.571742 -29.067484 0.325324 -0.024935 -0.017175 0.661698 0.749159
1778755158.095693 -4.574173 -29.065279 0.324388 -0.026219 -0.014001 0.644969 0.763630
1778755158.151795 -4.576982 -29.062494 0.324331 -0.027110 -0.013999 0.631211 0.775011
1778755158.207871 -4.579591 -29.059679 0.323658 -0.028217 -0.013464 0.619784 0.784149
1778755158.274630 -4.581724 -29.057154 0.321422 -0.027691 -0.012740 0.610620 0.791337
1778755158.315184 -4.583797 -29.054924 0.319681 -0.026585 -0.012086 0.603619 0.796738
1778755158.375246 -4.585747 -29.052879 0.315169 -0.024386 -0.011484 0.597986 0.801053
1778755158.419940 -4.588740 -29.050922 0.313131 -0.024886 -0.012204 0.593759 0.804166
1778755158.496179 -4.589780 -29.049953 0.311991 -0.024285 -0.011573 0.594739 0.803469
1778755158.522193 -4.588926 -29.049561 0.312055 -0.022716 -0.010578 0.602218 0.797939
1778755158.574027 -4.587807 -29.049473 0.312768 -0.020852 -0.008536 0.613646 0.789260
1778755158.627092 -4.586581 -29.049757 0.313361 -0.020233 -0.007425 0.626160 0.779397
1778755158.686291 -4.585116 -29.050306 0.314039 -0.019528 -0.007217 0.642520 0.765986
1778755158.731462 -4.583930 -29.051008 0.314363 -0.018148 -0.006641 0.660734 0.750371
1778755158.810510 -4.582900 -29.051001 0.314788 -0.016334 -0.007308 0.680362 0.732658
1778755158.843224 -4.581936 -29.050379 0.315051 -0.013486 -0.007249 0.701023 0.712974
1778755158.896294 -4.583797 -29.048613 0.315592 -0.011065 -0.007494 0.721661 0.692118
1778755158.945278 -4.584415 -29.047140 0.314637 -0.007446 -0.006756 0.737518 0.675253
1778755158.999655 -4.584578 -29.046345 0.313464 -0.003048 -0.004582 0.749933 0.661491
1778755159.052890 -4.582493 -29.046902 0.311333 0.001744 -0.000974 0.760180 0.649710
1778755159.108564 -4.584544 -29.047682 0.312030 0.002856 0.003199 0.767639 0.640868
1778755159.159199 -4.588501 -29.047222 0.311696 -0.012015 -0.000233 0.774708 0.632205
1778755159.214339 -4.590750 -29.047279 0.309452 -0.024971 0.000135 0.784227 0.619971
1778755159.269678 -4.595607 -29.048666 0.306625 -0.032516 -0.000686 0.790593 0.611478
1778755159.324620 -4.596760 -29.048113 0.306679 -0.029564 -0.000382 0.794257 0.606862
1778755159.372231 -4.597753 -29.047850 0.305859 -0.032925 -0.001946 0.796621 0.603579
1778755159.425301 -4.597285 -29.047709 0.303099 -0.033175 -0.003486 0.798179 0.601496
1778755159.482054 -4.596414 -29.047935 0.302475 -0.033379 -0.004388 0.799375 0.599889
1778755159.537623 -4.596241 -29.048149 0.302290 -0.033463 -0.004714 0.799650 0.599515
1778755159.595499 -4.596430 -29.048262 0.302208 -0.033639 -0.004951 0.799532 0.599660
1778755159.641922 -4.596488 -29.048176 0.302166 -0.033834 -0.005066 0.799410 0.599811
1778755159.696691 -4.596321 -29.048138 0.302092 -0.033816 -0.005110 0.799148 0.600161
1778755159.749034 -4.596220 -29.048199 0.302044 -0.033801 -0.005230 0.798868 0.600533
1778755159.812935 -4.596226 -29.048258 0.301999 -0.033855 -0.005328 0.798818 0.600596
1778755159.858863 -4.596319 -29.048336 0.301985 -0.033901 -0.005373 0.798675 0.600783
1778755159.908495 -4.596330 -29.048397 0.301929 -0.033863 -0.005395 0.798469 0.601059
1778755159.965233 -4.596278 -29.048368 0.301895 -0.033871 -0.005367 0.798311 0.601268
1778755160.017124 -4.596269 -29.048389 0.301850 -0.033875 -0.005336 0.798211 0.601401
1778755160.073924 -4.596325 -29.048483 0.301816 -0.033896 -0.005388 0.798123 0.601516
1778755160.120425 -4.596392 -29.048622 0.301817 -0.033886 -0.005469 0.797984 0.601701
1778755160.172668 -4.596350 -29.048695 0.301787 -0.033814 -0.005506 0.797921 0.601787
1778755160.225659 -4.596328 -29.048758 0.301789 -0.033764 -0.005526 0.797795 0.601957
1778755160.278073 -4.596315 -29.048758 0.301783 -0.033739 -0.005514 0.797790 0.601966
1778755160.332118 -4.596358 -29.048771 0.301760 -0.033769 -0.005534 0.797786 0.601968
1778755160.387157 -4.596362 -29.048817 0.301737 -0.033718 -0.005571 0.797683 0.602108
1778755160.440542 -4.596362 -29.048828 0.301720 -0.033700 -0.005581 0.797664 0.602134
1778755160.496875 -4.596364 -29.048840 0.301699 -0.033672 -0.005548 0.797607 0.602212
1778755160.545974 -4.596400 -29.048874 0.301688 -0.033681 -0.005533 0.797562 0.602270
1778755160.598514 -4.596429 -29.048914 0.301701 -0.033697 -0.005514 0.797489 0.602366
1778755160.655482 -4.596394 -29.048971 0.301693 -0.033638 -0.005482 0.797392 0.602499
1778755160.706243 -4.596397 -29.048965 0.301681 -0.033641 -0.005493 0.797410 0.602475
1778755160.759118 -4.596418 -29.049002 0.301676 -0.033592 -0.005512 0.797338 0.602572
1778755160.811488 -4.596459 -29.049023 0.301665 -0.033572 -0.005563 0.797335 0.602577
1778755160.874451 -4.596446 -29.048990 0.301681 -0.033550 -0.005500 0.797277 0.602656
1778755160.937391 -4.596405 -29.049042 0.301665 -0.033473 -0.005498 0.797231 0.602720
1778755160.975102 -4.596424 -29.049063 0.301658 -0.033501 -0.005526 0.797230 0.602721
1778755161.038683 -4.596418 -29.049088 0.301653 -0.033465 -0.005549 0.797209 0.602750
1778755161.083916 -4.596402 -29.049076 0.301644 -0.033425 -0.005482 0.797137 0.602848
1778755161.151423 -4.596400 -29.049070 0.301635 -0.033429 -0.005435 0.797110 0.602884
1778755161.191487 -4.596392 -29.049124 0.301634 -0.033415 -0.005450 0.797133 0.602853
1778755161.244959 -4.596399 -29.049177 0.301642 -0.033424 -0.005462 0.797095 0.602903
1778755161.297738 -4.596414 -29.049189 0.301642 -0.033475 -0.005466 0.797054 0.602955
1778755161.354134 -4.596384 -29.049147 0.301650 -0.033433 -0.005429 0.797035 0.602983
1778755161.409220 -4.596388 -29.049129 0.301642 -0.033456 -0.005430 0.797031 0.602987
1778755161.459390 -4.596442 -29.049147 0.301636 -0.033497 -0.005466 0.797026 0.602990
1778755161.511978 -4.596435 -29.049198 0.301669 -0.033440 -0.005525 0.797047 0.602966
1778755161.566318 -4.596423 -29.049200 0.301673 -0.033420 -0.005527 0.796980 0.603055
1778755161.619744 -4.596411 -29.049194 0.301681 -0.033402 -0.005500 0.797002 0.603028
1778755161.675024 -4.596412 -29.049215 0.301657 -0.033396 -0.005510 0.797015 0.603011
1778755161.727005 -4.596396 -29.049240 0.301637 -0.033347 -0.005477 0.796993 0.603043
1778755161.779376 -4.596373 -29.049240 0.301631 -0.033321 -0.005464 0.796982 0.603058
1778755161.830632 -4.596363 -29.049234 0.301631 -0.033321 -0.005461 0.796928 0.603130
1778755161.881886 -4.596395 -29.049263 0.301638 -0.033324 -0.005526 0.796954 0.603095
1778755161.935033 -4.596409 -29.049288 0.301655 -0.033328 -0.005546 0.796965 0.603079
1778755161.988324 -4.596377 -29.049299 0.301672 -0.033258 -0.005554 0.796955 0.603097
1778755162.046939 -4.596376 -29.049288 0.301661 -0.033268 -0.005537 0.796925 0.603136
1778755162.102812 -4.596427 -29.049284 0.301658 -0.033356 -0.005568 0.796949 0.603099
1778755162.165896 -4.596441 -29.049339 0.301652 -0.033348 -0.005609 0.796935 0.603118
1778755162.208326 -4.596471 -29.049345 0.301648 -0.033373 -0.005648 0.796901 0.603161
1778755162.265531 -4.596440 -29.049339 0.301641 -0.033334 -0.005628 0.796912 0.603149
1778755162.318183 -4.596447 -29.049330 0.301639 -0.033351 -0.005666 0.796900 0.603163
1778755162.370456 -4.596450 -29.049366 0.301648 -0.033328 -0.005689 0.796921 0.603136
1778755162.421654 -4.596453 -29.049356 0.301646 -0.033313 -0.005691 0.796947 0.603103
1778755162.475920 -4.596441 -29.049335 0.301651 -0.033310 -0.005661 0.796886 0.603184
1778755162.524972 -4.596445 -29.049343 0.301642 -0.033317 -0.005661 0.796874 0.603199
1778755162.577858 -4.596457 -29.049368 0.301643 -0.033324 -0.005702 0.796929 0.603127
1778755162.631808 -4.596491 -29.049395 0.301635 -0.033343 -0.005746 0.796934 0.603118
1778755162.686843 -4.596505 -29.049368 0.301626 -0.033372 -0.005721 0.796934 0.603117
1778755162.741323 -4.596462 -29.049351 0.301640 -0.033343 -0.005659 0.796849 0.603232
1778755162.791631 -4.596447 -29.049374 0.301637 -0.033318 -0.005670 0.796861 0.603217
1778755162.847481 -4.596472 -29.049385 0.301621 -0.033333 -0.005689 0.796888 0.603180
1778755162.900528 -4.596464 -29.049372 0.301633 -0.033331 -0.005672 0.796856 0.603223
1778755162.952203 -4.596457 -29.049337 0.301637 -0.033347 -0.005666 0.796839 0.603245
1778755163.005200 -4.596480 -29.049381 0.301636 -0.033348 -0.005730 0.796777 0.603326
1778755163.058531 -4.596504 -29.049397 0.301625 -0.033378 -0.005743 0.796863 0.603210
1778755163.114907 -4.596494 -29.049416 0.301636 -0.033331 -0.005765 0.796837 0.603247
1778755163.167185 -4.596472 -29.049337 0.301652 -0.033325 -0.005709 0.796766 0.603341
1778755163.220311 -4.596488 -29.049316 0.301647 -0.033379 -0.005691 0.796802 0.603291
1778755163.271644 -4.596511 -29.049366 0.301622 -0.033387 -0.005740 0.796817 0.603270
1778755163.324619 -4.596516 -29.049402 0.301627 -0.033366 -0.005780 0.796840 0.603241
1778755163.384837 -4.596488 -29.049374 0.301652 -0.033342 -0.005726 0.796831 0.603254
1778755163.429986 -4.596468 -29.049368 0.301647 -0.033302 -0.005730 0.796819 0.603273
1778755163.497293 -4.596524 -29.049381 0.301635 -0.033393 -0.005789 0.796866 0.603205
1778755163.541677 -4.596530 -29.049446 0.301635 -0.033332 -0.005836 0.796869 0.603204
1778755163.599294 -4.596503 -29.049450 0.301636 -0.033301 -0.005832 0.796916 0.603143
1778755163.648263 -4.596517 -29.049450 0.301632 -0.033290 -0.005845 0.796819 0.603273
1778755163.701427 -4.596506 -29.049423 0.301637 -0.033317 -0.005813 0.796855 0.603224
1778755163.757136 -4.596522 -29.049450 0.301638 -0.033317 -0.005834 0.796886 0.603183
1778755163.811842 -4.596526 -29.049475 0.301635 -0.033339 -0.005841 0.796853 0.603224
1778755163.860981 -4.596523 -29.049421 0.301630 -0.033376 -0.005812 0.796866 0.603205
1778755163.914794 -4.596542 -29.049389 0.301626 -0.033408 -0.005797 0.796853 0.603221
1778755163.968012 -4.596578 -29.049372 0.301629 -0.033483 -0.005797 0.796884 0.603176
1778755164.023870 -4.596578 -29.049406 0.301624 -0.033436 -0.005834 0.796930 0.603118
1778755164.078480 -4.596567 -29.049383 0.301629 -0.033439 -0.005784 0.796895 0.603164
1778755164.127637 -4.596570 -29.049376 0.301625 -0.033468 -0.005777 0.796862 0.603206
1778755164.184566 -4.596588 -29.049383 0.301629 -0.033489 -0.005805 0.796912 0.603139
1778755164.249352 -4.596589 -29.049372 0.301633 -0.033507 -0.005785 0.796895 0.603161
1778755164.297361 -4.596568 -29.049351 0.301641 -0.033486 -0.005748 0.796887 0.603172
1778755164.350896 -4.596606 -29.049347 0.301638 -0.033517 -0.005769 0.796859 0.603207
1778755164.418752 -4.596619 -29.049368 0.301626 -0.033534 -0.005814 0.796891 0.603164
1778755164.454815 -4.596629 -29.049395 0.301628 -0.033525 -0.005818 0.796865 0.603199
1778755164.521266 -4.596651 -29.049372 0.301658 -0.033572 -0.005822 0.796869 0.603190
1778755164.560021 -4.596635 -29.049360 0.301639 -0.033564 -0.005794 0.796825 0.603250
1778755164.623384 -4.596610 -29.049356 0.301631 -0.033537 -0.005762 0.796862 0.603203
1778755164.664471 -4.596640 -29.049364 0.301641 -0.033571 -0.005801 0.796902 0.603148
1778755164.725474 -4.596668 -29.049355 0.301641 -0.033619 -0.005807 0.796881 0.603173
1778755164.771205 -4.596621 -29.049322 0.301636 -0.033559 -0.005741 0.796876 0.603183
1778755164.827478 -4.596648 -29.049286 0.301619 -0.033621 -0.005736 0.796839 0.603229
1778755164.877843 -4.596660 -29.049318 0.301613 -0.033633 -0.005771 0.796863 0.603196
1778755164.935530 -4.596647 -29.049330 0.301617 -0.033617 -0.005759 0.796887 0.603165
1778755164.991658 -4.596666 -29.049351 0.301615 -0.033601 -0.005820 0.796841 0.603226
1778755165.044561 -4.596645 -29.049343 0.301631 -0.033577 -0.005795 0.796821 0.603254
1778755165.094171 -4.596656 -29.049387 0.301626 -0.033549 -0.005868 0.796870 0.603190
1778755165.154542 -4.596665 -29.049408 0.301635 -0.033536 -0.005878 0.796875 0.603184
1778755165.207074 -4.596662 -29.049389 0.301630 -0.033556 -0.005857 0.796899 0.603152
1778755165.258770 -4.596652 -29.049391 0.301639 -0.033541 -0.005864 0.796845 0.603224
1778755165.310134 -4.596664 -29.049410 0.301644 -0.033539 -0.005884 0.796858 0.603206
1778755165.364838 -4.596701 -29.049423 0.301636 -0.033602 -0.005901 0.796919 0.603122
1778755165.420919 -4.596688 -29.049442 0.301638 -0.033556 -0.005931 0.796869 0.603191
1778755165.489782 -4.596694 -29.049421 0.301622 -0.033574 -0.005936 0.796855 0.603208
1778755165.524692 -4.596687 -29.049440 0.301630 -0.033555 -0.005943 0.796832 0.603239
1778755165.578173 -4.596734 -29.049452 0.301627 -0.033602 -0.005985 0.796853 0.603209
1778755165.630924 -4.596714 -29.049467 0.301618 -0.033578 -0.005982 0.796837 0.603231
1778755165.685367 -4.596739 -29.049400 0.301644 -0.033621 -0.005959 0.796801 0.603277
1778755165.750058 -4.596730 -29.049383 0.301620 -0.033622 -0.005929 0.796781 0.603303
1778755165.790977 -4.596725 -29.049410 0.301611 -0.033617 -0.005928 0.796798 0.603281
1778755165.851858 -4.596746 -29.049421 0.301622 -0.033625 -0.005963 0.796825 0.603244
1778755165.899711 -4.596718 -29.049400 0.301633 -0.033602 -0.005930 0.796803 0.603275
1778755165.951898 -4.596744 -29.049383 0.301626 -0.033638 -0.005937 0.796769 0.603317
1778755166.005083 -4.596755 -29.049397 0.301639 -0.033663 -0.005948 0.796786 0.603293
1778755166.056569 -4.596742 -29.049437 0.301639 -0.033625 -0.005955 0.796804 0.603272
1778755166.172635 -4.596722 -29.049467 0.301637 -0.033583 -0.005979 0.796787 0.603296
1778755166.174838 -4.596701 -29.049433 0.301634 -0.033559 -0.005926 0.796767 0.603325
1778755166.215096 -4.596678 -29.049427 0.301646 -0.033551 -0.005911 0.796782 0.603306
1778755166.267498 -4.596697 -29.049463 0.301633 -0.033554 -0.005939 0.796771 0.603320
1778755166.326378 -4.596705 -29.049494 0.301646 -0.033541 -0.005986 0.796823 0.603252
1778755166.380586 -4.596686 -29.049467 0.301634 -0.033508 -0.005965 0.796736 0.603368
1778755166.428828 -4.596706 -29.049433 0.301632 -0.033532 -0.005974 0.796733 0.603372
1778755166.484981 -4.596704 -29.049458 0.301640 -0.033537 -0.005974 0.796752 0.603345
1778755166.534929 -4.596695 -29.049473 0.301627 -0.033532 -0.005963 0.796765 0.603329
1778755166.587997 -4.596693 -29.049444 0.301631 -0.033529 -0.005941 0.796753 0.603345
1778755166.641761 -4.596679 -29.049406 0.301641 -0.033528 -0.005892 0.796730 0.603376
1778755166.694249 -4.596681 -29.049410 0.301640 -0.033524 -0.005914 0.796723 0.603385
1778755166.752900 -4.596716 -29.049442 0.301641 -0.033565 -0.005954 0.796788 0.603297
1778755166.805099 -4.596689 -29.049440 0.301667 -0.033536 -0.005927 0.796768 0.603326
1778755166.855306 -4.596689 -29.049408 0.301664 -0.033543 -0.005907 0.796758 0.603338
1778755166.908167 -4.596678 -29.049417 0.301644 -0.033531 -0.005878 0.796770 0.603323
1778755166.960963 -4.596714 -29.049416 0.301660 -0.033607 -0.005906 0.796804 0.603273
1778755167.016323 -4.596707 -29.049421 0.301650 -0.033580 -0.005914 0.796824 0.603248
1778755167.082632 -4.596688 -29.049421 0.301657 -0.033555 -0.005889 0.796767 0.603325
1778755167.121439 -4.596688 -29.049404 0.301629 -0.033565 -0.005877 0.796737 0.603365
1778755167.183479 -4.596696 -29.049414 0.301629 -0.033581 -0.005865 0.796761 0.603333
1778755167.228311 -4.596698 -29.049463 0.301630 -0.033555 -0.005925 0.796781 0.603307
1778755167.285753 -4.596684 -29.049427 0.301628 -0.033563 -0.005897 0.796710 0.603401
1778755167.335428 -4.596697 -29.049389 0.301617 -0.033590 -0.005874 0.796728 0.603375
1778755167.392884 -4.596710 -29.049412 0.301637 -0.033597 -0.005906 0.796732 0.603370
1778755167.442434 -4.596719 -29.049442 0.301642 -0.033577 -0.005942 0.796751 0.603345
1778755167.496429 -4.596726 -29.049429 0.301643 -0.033606 -0.005923 0.796743 0.603354
1778755167.547488 -4.596719 -29.049391 0.301647 -0.033609 -0.005879 0.796655 0.603471
1778755167.601993 -4.596693 -29.049393 0.301649 -0.033600 -0.005856 0.796692 0.603422
1778755167.658900 -4.596722 -29.049395 0.301633 -0.033645 -0.005848 0.796699 0.603410
1778755167.707933 -4.596723 -29.049402 0.301636 -0.033644 -0.005866 0.796714 0.603390
1778755167.763591 -4.596734 -29.049364 0.301624 -0.033677 -0.005844 0.796666 0.603453
1778755167.817858 -4.596736 -29.049355 0.301621 -0.033705 -0.005836 0.796640 0.603486
1778755167.871763 -4.596739 -29.049379 0.301630 -0.033673 -0.005852 0.796685 0.603427
1778755167.923702 -4.596730 -29.049398 0.301640 -0.033654 -0.005861 0.796695 0.603415
1778755167.978635 -4.596714 -29.049374 0.301640 -0.033624 -0.005829 0.796639 0.603491
1778755168.039975 -4.596705 -29.049358 0.301654 -0.033637 -0.005826 0.796665 0.603456
1778755168.087975 -4.596720 -29.049400 0.301645 -0.033618 -0.005864 0.796669 0.603452
1778755168.144505 -4.596706 -29.049437 0.301635 -0.033574 -0.005876 0.796650 0.603480
1778755168.207641 -4.596693 -29.049421 0.301639 -0.033566 -0.005870 0.796629 0.603508
1778755168.249078 -4.596687 -29.049395 0.301618 -0.033585 -0.005815 0.796591 0.603557
1778755168.312383 -4.596714 -29.049406 0.301607 -0.033617 -0.005869 0.796621 0.603516
1778755168.356161 -4.596711 -29.049421 0.301625 -0.033595 -0.005876 0.796688 0.603429
1778755168.412130 -4.595866 -29.049097 0.301696 -0.033887 -0.005882 0.796324 0.603892
1778755168.461317 -4.594956 -29.049356 0.306121 -0.034355 -0.006272 0.793348 0.607766
1778755168.513813 -4.595050 -29.049915 0.307361 -0.035889 -0.006434 0.788246 0.614279
1778755168.566896 -4.595135 -29.050550 0.307759 -0.038505 -0.007411 0.779707 0.624915
1778755168.630118 -4.595325 -29.051142 0.308899 -0.039179 -0.007339 0.768169 0.639005
1778755168.673273 -4.595520 -29.051092 0.311191 -0.038111 -0.007078 0.753912 0.655831
1778755168.731074 -4.595984 -29.050623 0.314237 -0.035460 -0.006864 0.736952 0.674979
1778755168.779222 -4.597722 -29.049923 0.317030 -0.034402 -0.007702 0.716358 0.696842
1778755168.840645 -4.600157 -29.048687 0.318351 -0.034957 -0.008131 0.691905 0.721096
1778755168.884680 -4.602497 -29.047564 0.318639 -0.035740 -0.009300 0.665329 0.745636
1778755168.938070 -4.604694 -29.046413 0.318359 -0.034837 -0.010765 0.635460 0.771273
1778755168.990399 -4.606418 -29.045748 0.317501 -0.033409 -0.012640 0.605409 0.795113
1778755169.040495 -4.608110 -29.045710 0.315855 -0.032280 -0.016594 0.568394 0.821956
1778755169.099211 -4.612015 -29.045420 0.311837 -0.038562 -0.022500 0.523379 0.850930
1778755169.150885 -4.615172 -29.047985 0.309139 -0.042719 -0.022057 0.464609 0.884210
1778755169.207857 -4.614829 -29.047152 0.308698 -0.030656 -0.011653 0.404401 0.913994
1778755169.258049 -4.619090 -29.044476 0.308630 -0.005578 -0.009427 0.338586 0.940872
1778755169.313218 -4.624089 -29.037193 0.306329 -0.007893 -0.031797 0.260496 0.964919
1778755169.364651 -4.616595 -29.032530 0.311822 -0.002197 -0.034381 0.186104 0.981926
1778755169.436043 -4.611785 -29.026381 0.315020 -0.022684 -0.035954 0.103803 0.993689
1778755169.488777 -4.606475 -29.019846 0.315220 -0.025783 -0.030404 0.021321 0.998978
1778755169.528565 -4.605923 -29.017298 0.312020 -0.022155 -0.018714 -0.057979 0.997897
1778755169.580378 -4.604116 -29.019705 0.311548 -0.005029 -0.004290 -0.135530 0.990751
1778755169.633827 -4.602709 -29.023170 0.311517 0.014477 -0.005149 -0.207340 0.978148
1778755169.687708 -4.598976 -29.023582 0.311154 0.010661 -0.013572 -0.283619 0.958782
1778755169.747932 -4.597589 -29.028996 0.313185 0.004642 -0.015823 -0.359482 0.933007
1778755169.793558 -4.593761 -29.033264 0.314577 0.001357 -0.012043 -0.427883 0.903753
1778755169.846868 -4.584040 -29.032013 0.310754 -0.009792 -0.010372 -0.495241 0.868639
1778755169.900578 -4.577703 -29.029131 0.302271 -0.023147 -0.015109 -0.556921 0.830106
1778755169.955753 -4.581148 -29.027643 0.300614 -0.033083 -0.003184 -0.620797 0.783267
1778755170.010267 -4.582281 -29.029043 0.311556 -0.035171 0.000550 -0.683610 0.728999
1778755170.063862 -4.583489 -29.020842 0.311127 -0.039075 0.007315 -0.741538 0.669733
1778755170.128712 -4.590774 -29.017992 0.309591 -0.013521 0.006425 -0.790378 0.612437
1778755170.182523 -4.598397 -29.017920 0.311755 0.009797 -0.005244 -0.833028 0.553119
1778755170.226070 -4.597389 -29.015398 0.313229 0.000844 -0.022847 -0.867994 0.496048
1778755170.279753 -4.598697 -29.019119 0.312960 -0.013431 -0.019143 -0.894655 0.446146
1778755170.330705 -4.601718 -29.025267 0.311696 -0.006781 -0.020038 -0.913010 0.407388
1778755170.392119 -4.603842 -29.033768 0.310793 -0.011053 -0.005201 -0.928624 0.370821
1778755170.437580 -4.610488 -29.038855 0.309754 -0.012469 0.010755 -0.940878 0.338346
1778755170.491082 -4.615827 -29.043095 0.310723 -0.006823 0.012884 -0.950445 0.310550
1778755170.543871 -4.621950 -29.050055 0.310795 -0.003988 0.018686 -0.957290 0.288496
1778755170.597990 -4.629168 -29.054554 0.309750 -0.001818 0.024288 -0.962055 0.271766
1778755170.672357 -4.632847 -29.057526 0.309625 0.002449 0.023683 -0.965840 0.258042
1778755170.704504 -4.642326 -29.061831 0.309392 0.004067 0.020399 -0.969722 0.243323
1778755170.766473 -4.656079 -29.070724 0.309352 0.001858 0.015538 -0.972655 0.231726
1778755170.812593 -4.677216 -29.083704 0.310540 -0.005488 0.011120 -0.974925 0.222190
1778755170.867131 -4.704106 -29.097061 0.311567 -0.004595 0.000870 -0.976388 0.215974
1778755170.917289 -4.736102 -29.116035 0.309965 0.019743 -0.003111 -0.974502 0.223486
1778755170.970680 -4.763003 -29.129477 0.308590 0.022456 0.000633 -0.970658 0.239411
1778755171.024177 -4.794006 -29.146980 0.312288 0.021208 -0.008187 -0.963724 0.265930
1778755171.079856 -4.818094 -29.167854 0.314911 0.005683 -0.007171 -0.953143 0.302381
1778755171.134377 -4.854418 -29.198111 0.295123 -0.010036 -0.010004 -0.936960 0.349150
1778755171.186551 -4.873867 -29.232157 0.306041 0.011309 0.042053 -0.920684 0.387873
1778755171.237136 -4.908486 -29.266838 0.319738 0.015467 0.043587 -0.900018 0.433391
1778755171.303435 -4.939279 -29.304577 0.310345 0.013234 0.036104 -0.877111 0.478747
1778755171.343722 -4.961014 -29.350811 0.313152 -0.004450 0.046583 -0.854546 0.517263
1778755171.396404 -4.991218 -29.377157 0.314625 -0.000449 0.027902 -0.835741 0.548415
1778755171.453503 -5.005002 -29.413034 0.316293 -0.005829 0.029127 -0.817956 0.574514
1778755171.507808 -5.017522 -29.459311 0.298400 -0.014077 0.033240 -0.801783 0.596525
1778755171.557138 -5.025556 -29.483227 0.307328 -0.008270 0.035416 -0.790502 0.611378
1778755171.610382 -5.029768 -29.519032 0.315070 -0.003523 0.034176 -0.780297 0.624465
1778755171.663518 -5.034915 -29.555622 0.316787 -0.006628 0.030134 -0.767891 0.639838
1778755171.723816 -5.040321 -29.595921 0.314980 -0.006458 0.026826 -0.757115 0.652699
1778755171.781961 -5.047610 -29.635483 0.305550 0.002400 0.024492 -0.748594 0.662573
1778755171.826591 -5.054105 -29.667957 0.304237 -0.001062 0.018640 -0.741817 0.670343
1778755171.891763 -5.059103 -29.695145 0.309865 -0.000305 0.005783 -0.735603 0.677388
1778755171.937701 -5.059843 -29.725307 0.311524 -0.004895 0.004030 -0.731774 0.681518
1778755171.990099 -5.061590 -29.756292 0.310204 -0.008912 0.002390 -0.731181 0.682121
1778755172.040646 -5.063916 -29.788139 0.307548 -0.009083 0.002551 -0.734196 0.678872
1778755172.096404 -5.062860 -29.816999 0.310924 -0.014163 0.012213 -0.742777 0.669278
1778755172.147259 -5.063699 -29.844248 0.313609 -0.009054 0.014035 -0.746109 0.665614
1778755172.222576 -5.066286 -29.869349 0.313325 -0.003165 0.013396 -0.749688 0.661649
1778755172.254101 -5.069473 -29.899179 0.312567 0.001263 0.013694 -0.751599 0.659476
1778755172.307337 -5.074498 -29.932821 0.309709 0.004176 0.012909 -0.752477 0.658479
1778755172.360650 -5.078164 -29.964497 0.306185 0.004829 0.017315 -0.753305 0.657425
1778755172.417660 -5.085096 -29.995640 0.304795 -0.006969 0.018071 -0.755620 0.654724
1778755172.470116 -5.090131 -30.019049 0.309811 0.001161 0.009393 -0.756626 0.653780
1778755172.520653 -5.091664 -30.045835 0.312830 0.001809 0.009009 -0.759105 0.650903
1778755172.573769 -5.094953 -30.075340 0.312233 -0.000873 0.011051 -0.760802 0.648889
1778755172.627799 -5.098179 -30.107288 0.309030 -0.003293 0.016700 -0.761591 0.647835
1778755172.683491 -5.102147 -30.136801 0.307926 -0.008054 0.009531 -0.762729 0.646598
1778755172.733522 -5.103060 -30.164234 0.313346 -0.014318 0.015247 -0.763763 0.645158
1778755172.787346 -5.107106 -30.190519 0.315223 -0.010866 0.015749 -0.763271 0.645795
1778755172.844489 -5.109615 -30.212219 0.314579 -0.012404 0.016028 -0.763105 0.645957
1778755172.895799 -5.113867 -30.250286 0.311862 -0.013047 0.013674 -0.761890 0.647431
1778755172.945946 -5.119533 -30.283587 0.308932 -0.008082 0.011437 -0.760697 0.648956
1778755173.002571 -5.123570 -30.315044 0.304107 -0.014286 0.019156 -0.760439 0.648969
1778755173.054343 -5.131208 -30.339252 0.309119 -0.010550 0.007485 -0.760399 0.649327
1778755173.130089 -5.134539 -30.364569 0.311556 -0.008783 0.000687 -0.761464 0.648147
1778755173.161780 -5.136569 -30.391035 0.310894 -0.011676 0.003478 -0.763613 0.645560
1778755173.223600 -5.140476 -30.422440 0.308635 -0.014429 0.006206 -0.764470 0.644469
1778755173.266646 -5.145382 -30.452362 0.305818 -0.012385 0.001666 -0.762991 0.646288
1778755173.321560 -5.145735 -30.480433 0.309369 -0.017131 0.010045 -0.758796 0.651026
1778755173.375144 -5.146948 -30.506559 0.313017 -0.015631 0.010596 -0.751946 0.658954
1778755173.427869 -5.148675 -30.535734 0.313523 -0.018858 0.011029 -0.745911 0.665687
1778755173.480303 -5.149244 -30.567606 0.312002 -0.020712 0.008905 -0.740369 0.671823
1778755173.545762 -5.151361 -30.602116 0.309267 -0.017266 0.005689 -0.735246 0.677557
1778755173.589284 -5.153911 -30.634748 0.303744 -0.010418 0.008364 -0.730720 0.682546
1778755173.640264 -5.156298 -30.661514 0.307124 -0.008696 0.005432 -0.726536 0.687052
1778755173.691839 -5.158222 -30.688202 0.308241 -0.006769 -0.001886 -0.724392 0.689352
1778755173.748934 -5.158235 -30.711035 0.307698 -0.008710 -0.002131 -0.724099 0.689638
1778755173.805009 -5.158617 -30.745386 0.306045 -0.012272 -0.002271 -0.723450 0.690264
1778755173.854406 -5.159215 -30.777405 0.304237 -0.010805 0.001769 -0.722286 0.691508
1778755173.909380 -5.156142 -30.805784 0.309206 -0.015580 0.009695 -0.724200 0.689345
1778755173.963428 -5.154692 -30.830471 0.313011 -0.014006 0.011995 -0.722326 0.691307
1778755174.035485 -5.154557 -30.850775 0.313587 -0.008207 0.011004 -0.723252 0.690448
1778755174.066271 -5.153688 -30.883715 0.312794 -0.008462 0.010456 -0.731012 0.682232
1778755174.120280 -5.154039 -30.915030 0.310599 -0.009821 0.007384 -0.740169 0.672309
1778755174.176430 -5.156655 -30.946823 0.307661 -0.010325 0.002088 -0.748783 0.662732
1778755174.224883 -5.163174 -30.980043 0.304122 0.000666 0.002587 -0.755265 0.655414
1778755174.276945 -5.165627 -31.008007 0.306697 -0.000002 0.010202 -0.759147 0.650839
1778755174.331650 -5.172942 -31.030922 0.310014 -0.001384 -0.001195 -0.764339 0.644812
1778755174.383266 -5.177695 -31.055086 0.310114 -0.001899 -0.003877 -0.770526 0.637395
1778755174.442780 -5.182381 -31.080706 0.308276 -0.004880 -0.001224 -0.775809 0.630948
1778755174.490366 -5.185113 -31.104254 0.305154 -0.007374 0.006778 -0.779035 0.626901
1778755174.543984 -5.184499 -31.121349 0.304846 -0.008582 0.006327 -0.782654 0.622366
1778755174.596121 -5.183629 -31.136303 0.307140 -0.009801 0.010849 -0.782979 0.621877
1778755174.650880 -5.183888 -31.145725 0.308546 -0.006104 0.010035 -0.777113 0.629252
1778755174.702147 -5.186112 -31.154459 0.310670 0.000448 0.006861 -0.768056 0.640346
1778755174.760156 -5.189363 -31.162207 0.311975 0.008206 0.005240 -0.755322 0.655281
1778755174.811042 -5.191511 -31.170206 0.311918 0.007784 0.010230 -0.740569 0.671858
1778755174.865484 -5.194289 -31.178637 0.312413 0.004617 0.016131 -0.722067 0.691620
1778755174.917993 -5.196352 -31.186501 0.313402 0.003388 0.019056 -0.701827 0.712084
1778755174.973105 -5.196310 -31.193283 0.312199 -0.005043 0.023847 -0.684687 0.728429
1778755175.023535 -5.199851 -31.199696 0.310058 -0.003647 0.019986 -0.669433 0.742595
1778755175.081716 -5.199599 -31.205950 0.309944 -0.003835 0.022469 -0.656730 0.753782
1778755175.132774 -5.198436 -31.210707 0.310090 -0.002453 0.022670 -0.646435 0.762628
1778755175.183468 -5.197135 -31.213337 0.311012 -0.000614 0.025936 -0.640054 0.767892
1778755175.236824 -5.194749 -31.216637 0.310797 -0.000071 0.029617 -0.630613 0.775532
1778755175.291967 -5.190183 -31.217888 0.309557 0.002646 0.030882 -0.622611 0.781918
1778755175.348162 -5.186964 -31.218552 0.307279 0.005079 0.025565 -0.617228 0.786352
1778755175.396899 -5.185149 -31.219212 0.306337 0.005221 0.025919 -0.612632 0.789926
1778755175.454861 -5.185134 -31.219288 0.305412 0.004550 0.024971 -0.609331 0.792509
1778755175.503777 -5.185264 -31.219484 0.304770 0.003982 0.025242 -0.606250 0.794864
1778755175.560728 -5.185567 -31.219603 0.304680 0.003068 0.025342 -0.604647 0.796085
1778755175.611195 -5.185520 -31.219858 0.304671 0.002300 0.025713 -0.603531 0.796922
1778755175.663463 -5.185297 -31.220112 0.304654 0.001964 0.025993 -0.603040 0.797285
1778755175.721670 -5.185182 -31.220194 0.305386 0.001787 0.026071 -0.603026 0.797293
1778755175.774607 -5.185169 -31.220198 0.306125 0.001749 0.026104 -0.602990 0.797320
1778755175.824547 -5.185192 -31.220177 0.306320 0.001764 0.026108 -0.603055 0.797270
1778755175.877386 -5.185191 -31.220137 0.306372 0.001712 0.026121 -0.603185 0.797172
1778755175.928021 -5.185125 -31.220110 0.306383 0.001650 0.026211 -0.603197 0.797160
1778755175.979729 -5.185083 -31.220110 0.306386 0.001614 0.026256 -0.603199 0.797157
1778755176.035254 -5.185040 -31.220100 0.306383 0.001619 0.026322 -0.603277 0.797096
1778755176.091276 -5.185037 -31.220089 0.306380 0.001579 0.026342 -0.603364 0.797030
1778755176.141248 -5.185058 -31.220016 0.306380 0.001532 0.026380 -0.603417 0.796988
1778755176.194974 -5.185034 -31.219942 0.306381 0.001443 0.026409 -0.603449 0.796963
1778755176.246626 -5.185005 -31.219860 0.306381 0.001381 0.026433 -0.603488 0.796933
1778755176.302668 -5.185021 -31.219818 0.306381 0.001394 0.026444 -0.603595 0.796851
1778755176.353414 -5.185056 -31.219797 0.306381 0.001365 0.026443 -0.603620 0.796833
1778755176.409072 -5.185038 -31.219728 0.306383 0.001245 0.026473 -0.603633 0.796822
1778755176.459971 -5.183932 -31.222088 0.305889 -0.000180 0.025484 -0.603736 0.796777
1778755176.525744 -5.183330 -31.226294 0.305380 -0.000583 0.024663 -0.604556 0.796181
1778755176.567178 -5.181959 -31.234339 0.304733 0.000034 0.023999 -0.604582 0.796181
1778755176.621041 -5.181469 -31.244167 0.303908 0.002730 0.023823 -0.603207 0.797225
1778755176.679482 -5.180768 -31.255836 0.303218 0.009124 0.021899 -0.601993 0.798149
1778755176.726432 -5.177854 -31.269297 0.301594 0.011166 0.021182 -0.600680 0.799131
1778755176.782685 -5.175688 -31.283962 0.301243 0.003712 0.017261 -0.598689 0.800787
1778755176.833479 -5.172105 -31.297049 0.299072 0.000485 0.016327 -0.597032 0.802051
1778755176.892284 -5.168413 -31.306370 0.296284 -0.005425 0.015523 -0.596377 0.802536
1778755176.936464 -5.165944 -31.313194 0.296184 -0.003424 0.013174 -0.594799 0.803759
1778755176.991962 -5.163579 -31.317322 0.297419 -0.001020 0.010370 -0.594007 0.804392
1778755177.047370 -5.162481 -31.319782 0.298025 0.001814 0.008975 -0.594176 0.804283
1778755177.113141 -5.161719 -31.320631 0.298561 0.003643 0.007550 -0.595598 0.803239
1778755177.151215 -5.160644 -31.320282 0.299191 0.004337 0.009096 -0.597250 0.801992
1778755177.203640 -5.160542 -31.317617 0.299929 0.005102 0.007162 -0.598061 0.801402
1778755177.258022 -5.158116 -31.318987 0.299640 0.005198 0.007822 -0.598465 0.801094
1778755177.336678 -5.155447 -31.322145 0.298202 0.003240 0.010497 -0.598013 0.801411
1778755177.364021 -5.153195 -31.327614 0.296944 0.000335 0.008715 -0.597751 0.801635
1778755177.415671 -5.150685 -31.335976 0.295848 -0.001432 0.007133 -0.597285 0.801996
1778755177.473038 -5.147552 -31.347971 0.294044 -0.001335 0.005908 -0.597180 0.802084
1778755177.522945 -5.145115 -31.360001 0.291946 -0.000540 0.005476 -0.596354 0.802703
1778755177.578939 -5.143630 -31.370817 0.289480 0.001028 0.006428 -0.594789 0.803855
1778755177.630228 -5.142794 -31.379061 0.286091 0.002156 0.006585 -0.593716 0.804645
1778755177.691115 -5.142429 -31.384726 0.284083 0.002135 0.007040 -0.592416 0.805599
1778755177.743355 -5.142510 -31.388233 0.283968 0.001761 0.006884 -0.591434 0.806322
1778755177.789754 -5.142427 -31.390257 0.284622 0.001631 0.005401 -0.591478 0.806302
1778755177.845660 -5.142914 -31.391273 0.284397 0.001616 0.003925 -0.590949 0.806698
1778755177.896771 -5.143359 -31.391401 0.283998 0.001282 0.002503 -0.590664 0.806913
1778755177.962565 -5.144033 -31.391048 0.283610 0.001068 0.000891 -0.590310 0.807175
1778755178.003167 -5.144729 -31.390079 0.282992 -0.000037 -0.001084 -0.589634 0.807670
1778755178.055820 -5.145372 -31.388596 0.282502 -0.001168 -0.003126 -0.589195 0.807984
1778755178.111087 -5.145531 -31.387093 0.282654 -0.001909 -0.003376 -0.588662 0.808370
1778755178.164424 -5.145833 -31.384541 0.285809 0.000802 0.001953 -0.588486 0.808505
1778755178.222601 -5.145667 -31.381809 0.289099 0.003140 0.008098 -0.588428 0.808503
1778755178.269890 -5.145437 -31.377947 0.291946 0.003584 0.012720 -0.588359 0.808492
1778755178.325016 -5.145169 -31.373987 0.293566 0.002696 0.014799 -0.588011 0.808713
1778755178.378842 -5.145218 -31.370935 0.294772 0.001052 0.015866 -0.588283 0.808499
1778755178.460928 -5.144830 -31.366941 0.296500 -0.000705 0.016710 -0.593468 0.804684
1778755178.487283 -5.144191 -31.362745 0.298320 -0.003209 0.017588 -0.603779 0.796951
1778755178.548620 -5.143619 -31.358829 0.300328 -0.005561 0.020512 -0.617151 0.786558
1778755178.594065 -5.143838 -31.354683 0.304155 -0.003794 0.015897 -0.634879 0.772439
1778755178.645747 -5.142138 -31.353449 0.307109 -0.003073 0.013621 -0.655672 0.754917
1778755178.695946 -5.140615 -31.352242 0.309626 -0.003656 0.013503 -0.677502 0.735388
1778755178.750057 -5.138455 -31.350540 0.311510 -0.005324 0.013733 -0.702577 0.711455
1778755178.802897 -5.136004 -31.348602 0.310393 -0.009347 0.013582 -0.732962 0.680070
1778755178.862596 -5.135951 -31.346512 0.311449 -0.013262 0.011221 -0.767773 0.640486
1778755178.908712 -5.134721 -31.343462 0.311150 -0.021674 0.017183 -0.806539 0.590533
1778755178.963972 -5.132045 -31.340046 0.307353 -0.020901 0.022695 -0.845005 0.533868
1778755179.015767 -5.140224 -31.337610 0.306571 0.002359 0.016926 -0.879804 0.475029
1778755179.076636 -5.148374 -31.339748 0.304294 0.034887 0.010233 -0.912152 0.408237
1778755179.128433 -5.146597 -31.344515 0.302213 0.049325 -0.002660 -0.938144 0.342703
1778755179.175765 -5.160349 -31.353289 0.308217 0.034383 0.006830 -0.956729 0.288861
1778755179.232827 -5.181015 -31.364395 0.309114 0.019819 0.032851 -0.970177 0.239343
1778755179.282511 -5.200730 -31.375374 0.314804 0.013865 0.044843 -0.979419 0.196305
1778755179.340496 -5.223244 -31.391260 0.318152 0.009726 0.066759 -0.985299 0.156952
1778755179.389679 -5.249283 -31.400562 0.314584 0.009372 0.068238 -0.989748 0.125120
1778755179.442445 -5.283061 -31.410675 0.309814 0.002694 0.054655 -0.993372 0.101080
1778755179.496833 -5.321810 -31.419008 0.307242 -0.005519 0.037342 -0.995862 0.082665
1778755179.550162 -5.358001 -31.418501 0.301462 0.009114 0.015361 -0.996997 0.075357
1778755179.606513 -5.397572 -31.420715 0.305512 0.009595 0.007726 -0.996624 0.081169
1778755179.659303 -5.437112 -31.427439 0.309751 0.000921 -0.001036 -0.995289 0.096947
1778755179.708435 -5.482378 -31.434208 0.312764 -0.014284 -0.005201 -0.992086 0.124641
1778755179.781906 -5.533234 -31.452648 0.301434 -0.018751 0.003090 -0.988364 0.150914
1778755179.815841 -5.566459 -31.473892 0.304122 0.016570 0.017731 -0.985957 0.165225
1778755179.880276 -5.620739 -31.485971 0.315414 0.016980 0.017920 -0.983153 0.181111
1778755179.924468 -5.670094 -31.509243 0.318310 0.006527 0.023479 -0.980019 0.197406
1778755179.982795 -5.726377 -31.534161 0.313192 0.005666 0.027904 -0.977317 0.209859
1778755180.030848 -5.750556 -31.538219 0.313722 0.014058 0.019099 -0.973939 0.225568
1778755180.085616 -5.800782 -31.566616 0.316777 0.009007 0.023568 -0.971523 0.235598
1778755180.136950 -5.858305 -31.595774 0.302425 0.004076 0.031993 -0.969398 0.243369
1778755180.194172 -5.867831 -31.605326 0.306350 0.015514 0.036355 -0.968548 0.245669
1778755180.250119 -5.918352 -31.634186 0.310043 0.014719 0.034908 -0.967931 0.248343
1778755180.299264 -5.968714 -31.661882 0.306485 0.004749 0.030617 -0.965810 0.257392
1778755180.349199 -6.027063 -31.694471 0.301964 0.008971 0.029239 -0.964657 0.261728
1778755180.412948 -6.038672 -31.687311 0.308977 0.017002 0.016664 -0.962509 0.270203
1778755180.460340 -6.083403 -31.713213 0.313639 0.012248 0.011148 -0.962180 0.271912
1778755180.514661 -6.135834 -31.742083 0.314634 0.001292 0.012939 -0.962122 0.272310
1778755180.565424 -6.168780 -31.765253 0.309194 0.017692 0.027654 -0.961776 0.271863
1778755180.616605 -6.211238 -31.789358 0.313678 0.025398 0.027049 -0.961952 0.270686
1778755180.680188 -6.261275 -31.823421 0.316413 0.011293 0.028448 -0.961398 0.273455
1778755180.725587 -6.318735 -31.859182 0.302745 0.004841 0.022449 -0.960501 0.277326
1778755180.775582 -6.333288 -31.860476 0.309779 0.014307 0.021533 -0.959579 0.280251
1778755180.831168 -6.383979 -31.891138 0.317428 0.015354 0.012890 -0.962033 0.272195
1778755180.897909 -6.435821 -31.919989 0.319010 0.008741 0.025714 -0.968718 0.246674
1778755180.943532 -6.488267 -31.937157 0.311722 0.019147 -0.001069 -0.975171 0.220622
1778755180.989653 -6.530918 -31.967964 0.316534 0.016957 0.012555 -0.981336 0.191141
1778755181.041197 -6.582574 -31.989435 0.314802 0.008281 0.013865 -0.984643 0.173833
1778755181.098650 -6.646114 -32.011486 0.295212 0.002649 0.012860 -0.986883 0.160902
1778755181.150267 -6.697096 -32.024433 0.306999 0.027952 -0.013518 -0.987231 0.156241
1778755181.207723 -6.749706 -32.040646 0.314902 0.027652 -0.019160 -0.988720 0.145950
1778755181.255738 -6.807054 -32.054169 0.316322 0.013092 -0.011016 -0.990909 0.133446
1778755181.316827 -6.871000 -32.060745 0.307837 0.020833 -0.015268 -0.991879 0.124538
1778755181.366061 -6.882930 -32.067387 0.307960 0.024980 -0.013033 -0.993197 0.112985
1778755181.416368 -6.939345 -32.080353 0.311139 0.012359 -0.007023 -0.993156 0.115924
1778755181.469082 -7.004454 -32.098862 0.311321 0.010544 -0.005669 -0.990822 0.134639
1778755181.525309 -7.025272 -32.115810 0.310374 0.004974 0.011899 -0.986700 0.162042
1778755181.578281 -7.076585 -32.129845 0.317071 0.006074 0.009770 -0.983114 0.182632
1778755181.628878 -7.133310 -32.149895 0.316690 -0.005280 0.013796 -0.979860 0.199140
1778755181.682887 -7.150216 -32.159286 0.303490 0.003443 0.036645 -0.976691 0.211472
1778755181.737684 -7.189285 -32.173817 0.308488 0.023341 0.034368 -0.975814 0.214618
1778755181.785378 -7.238313 -32.198231 0.312528 0.016306 0.040109 -0.973506 0.224527
1778755181.842194 -7.294362 -32.226818 0.308358 0.004957 0.035163 -0.970389 0.238925
1778755181.892621 -7.340487 -32.254696 0.306134 0.009342 0.036519 -0.968294 0.246954
1778755181.945894 -7.368465 -32.262207 0.312050 0.014681 0.022337 -0.966200 0.256406
1778755182.011487 -7.418365 -32.292015 0.314879 0.007489 0.022720 -0.965272 0.260151
1778755182.054831 -7.478795 -32.324322 0.305213 0.000721 0.025522 -0.964161 0.264088
1778755182.109938 -7.488638 -32.332729 0.308572 0.015475 0.025881 -0.963978 0.264267
1778755182.158908 -7.536477 -32.361565 0.313116 0.009091 0.025328 -0.963995 0.264557
1778755182.227631 -7.574199 -32.384647 0.310034 0.002468 0.024230 -0.962746 0.269310
1778755182.269799 -7.641500 -32.420315 0.300899 0.017010 0.017322 -0.960992 0.275510
1778755182.325596 -7.676861 -32.436234 0.305085 0.009946 0.017242 -0.962173 0.271711
1778755182.377479 -7.722363 -32.458199 0.310985 0.008792 0.005555 -0.967076 0.254276
1778755182.432638 -7.769355 -32.479752 0.315488 0.002253 0.015479 -0.974572 0.223528
1778755182.498677 -7.814480 -32.496662 0.314540 0.008918 -0.004665 -0.982772 0.184547
1778755182.545437 -7.849834 -32.514587 0.317069 0.002958 0.007187 -0.988493 0.151064
1778755182.600892 -7.900668 -32.532688 0.316417 -0.006486 0.012348 -0.991604 0.128555
1778755182.652268 -7.953801 -32.549671 0.314475 -0.017269 0.008481 -0.993636 0.110983
1778755182.707154 -8.009470 -32.554234 0.304371 0.018594 -0.026382 -0.994348 0.101147
1778755182.761753 -8.060439 -32.567810 0.311958 0.025618 -0.028224 -0.995328 0.088708
1778755182.810836 -8.115983 -32.576275 0.316730 0.014626 -0.018862 -0.996976 0.073951
1778755182.865954 -8.180054 -32.579716 0.306722 0.012948 -0.010007 -0.997985 0.061298
1778755182.921567 -8.216919 -32.586288 0.310658 0.025583 -0.005663 -0.998391 0.050287
1778755182.975720 -8.273868 -32.593563 0.312868 0.014536 0.001026 -0.998951 0.043408
1778755183.027537 -8.331541 -32.598957 0.313014 0.002234 0.006666 -0.999192 0.039564
1778755183.081037 -8.399686 -32.605030 0.305090 0.006116 0.012486 -0.999316 0.034279
1778755183.137665 -8.441340 -32.608871 0.312182 0.013173 -0.003867 -0.999512 0.028072
1778755183.185435 -8.492526 -32.611282 0.318145 0.008736 0.000963 -0.999939 0.006665
1778755183.237032 -8.555553 -32.604244 0.323924 0.003901 0.017990 -0.999558 -0.023364
1778755183.289801 -8.603903 -32.598209 0.310039 0.004695 -0.010581 -0.999094 -0.040963
1778755183.343723 -8.658152 -32.597263 0.315474 0.008493 0.001509 -0.999004 -0.043791
1778755183.398952 -8.717329 -32.596081 0.318132 0.005358 0.001065 -0.999579 -0.028512
1778755183.447795 -8.744933 -32.603127 0.308361 0.004350 0.029315 -0.999559 0.001766
1778755183.503936 -8.793127 -32.601971 0.313497 0.005355 0.012468 -0.999370 0.032797
1778755183.556152 -8.849631 -32.610031 0.317216 0.001166 0.020200 -0.998074 0.058642
1778755183.608701 -8.905966 -32.617336 0.311486 -0.005911 0.027969 -0.996244 0.081736
1778755183.671356 -8.907870 -32.611687 0.306250 0.013940 0.033923 -0.995044 0.092426
1778755183.714401 -8.964801 -32.625298 0.310778 0.006522 0.039813 -0.993279 0.108487
1778755183.769666 -9.025408 -32.640778 0.303982 -0.005931 0.037699 -0.991390 0.125261
1778755183.828827 -9.077642 -32.646034 0.302922 0.004757 0.029798 -0.990153 0.136698
1778755183.874417 -9.137321 -32.667557 0.310297 0.005466 0.021967 -0.988384 0.150284
1778755183.929174 -9.193119 -32.686607 0.314750 -0.005242 0.023165 -0.986231 0.163660
1778755183.983459 -9.248517 -32.704105 0.300824 -0.016535 0.022456 -0.981903 0.187322
1778755184.031749 -9.268592 -32.718475 0.307027 0.000360 0.043387 -0.975095 0.217503
1778755184.085359 -9.335411 -32.745583 0.313188 0.008661 0.050412 -0.967740 0.246703
1778755184.136480 -9.392718 -32.778793 0.307477 0.005672 0.045455 -0.959258 0.278794
1778755184.189239 -9.441628 -32.815922 0.304907 -0.004687 0.053937 -0.951976 0.301347
1778755184.244970 -9.487993 -32.839340 0.309471 -0.005073 0.033798 -0.945482 0.323875
1778755184.295573 -9.528546 -32.876991 0.312286 -0.007133 0.032768 -0.933901 0.355955
1778755184.350353 -9.573006 -32.921963 0.297242 -0.018301 0.034956 -0.916834 0.397315
1778755184.402519 -9.548212 -32.900833 0.303663 0.002565 0.056387 -0.898675 0.434967
1778755184.460243 -9.588910 -32.951927 0.316447 0.002650 0.061573 -0.874962 0.480253
1778755184.508940 -9.617889 -33.008774 0.308653 0.007259 0.052104 -0.850404 0.523493
1778755184.562850 -9.628269 -33.047897 0.308305 -0.014648 0.056725 -0.830235 0.554327
1778755184.611812 -9.662127 -33.095978 0.314378 -0.003436 0.045415 -0.811651 0.582365
1778755184.668597 -9.676894 -33.149143 0.291796 -0.016715 0.045616 -0.791443 0.609309
1778755184.722881 -9.674651 -33.147972 0.302657 -0.014924 0.051919 -0.775537 0.628986
1778755184.772432 -9.682594 -33.180965 0.304920 -0.005420 0.058534 -0.765634 0.640584
1778755184.833315 -9.695152 -33.240623 0.307511 -0.002699 0.049596 -0.753133 0.655991
1778755184.881768 -9.697540 -33.303890 0.294905 -0.003911 0.051869 -0.742958 0.667314
1778755184.932301 -9.702764 -33.313900 0.298528 -0.007652 0.035062 -0.735193 0.676908
1778755184.984994 -9.710919 -33.369305 0.309524 -0.001314 0.016911 -0.728146 0.685212
1778755185.039034 -9.714450 -33.429817 0.314719 -0.014682 0.012994 -0.722442 0.691154
1778755185.100635 -9.717843 -33.474503 0.308239 -0.004120 0.013587 -0.716627 0.697312
1778755185.148269 -9.720323 -33.535015 0.310039 0.004191 0.014208 -0.714001 0.699988
1778755185.205834 -9.721525 -33.591137 0.312431 -0.002879 0.012435 -0.709107 0.704985
1778755185.259299 -9.723361 -33.659561 0.314069 -0.001913 0.008271 -0.704814 0.709341
1778755185.307452 -9.722815 -33.693932 0.308541 0.004369 0.008735 -0.701583 0.712521
1778755185.359156 -9.724536 -33.744698 0.314067 0.007008 0.002523 -0.699435 0.714657
1778755185.415325 -9.719297 -33.795662 0.314319 -0.003896 0.001453 -0.699266 0.714849
1778755185.465184 -9.720375 -33.842449 0.294210 -0.006558 0.001103 -0.698268 0.715806
1778755185.519397 -9.725879 -33.893333 0.305463 0.007090 0.007591 -0.699253 0.714799
1778755185.572893 -9.725536 -33.953182 0.311345 -0.002433 0.001738 -0.699752 0.714379
1778755185.627229 -9.724057 -34.011337 0.314921 -0.012951 -0.005786 -0.696891 0.717037
1778755185.679044 -9.721061 -34.086403 0.310880 -0.008897 -0.005873 -0.695418 0.718527
1778755185.732412 -9.719547 -34.106426 0.313396 0.004847 0.001645 -0.694045 0.719914
1778755185.781950 -9.719045 -34.160061 0.316006 0.004627 -0.003973 -0.694912 0.719069
1778755185.836210 -9.719032 -34.225384 0.307509 -0.007564 -0.004104 -0.695178 0.718786
1778755185.889990 -9.717369 -34.273102 0.305750 -0.000494 0.005441 -0.695654 0.718357
1778755185.940916 -9.714262 -34.329136 0.306195 0.001845 0.005597 -0.696844 0.717199
1778755186.008265 -9.713621 -34.388756 0.307620 -0.005240 -0.003867 -0.695097 0.718886
1778755186.048156 -9.712105 -34.458065 0.298458 -0.007192 -0.009600 -0.693679 0.720185
1778755186.104819 -9.713938 -34.480000 0.305859 0.002489 -0.004931 -0.691660 0.722203
1778755186.157373 -9.713925 -34.536568 0.313562 0.006694 -0.008213 -0.685070 0.728401
1778755186.210193 -9.710771 -34.588482 0.315691 -0.004071 -0.016098 -0.670986 0.741284
1778755186.270272 -9.706491 -34.646427 0.295058 -0.012283 -0.017830 -0.646509 0.762599
1778755186.325579 -9.696290 -34.649940 0.305606 0.000429 0.013656 -0.626181 0.779558
1778755186.374656 -9.689964 -34.713310 0.313479 0.001217 -0.001045 -0.607124 0.794606
1778755186.429060 -9.674592 -34.767197 0.308805 -0.009101 0.000454 -0.592319 0.805652
1778755186.487453 -9.664552 -34.815968 0.306679 -0.025529 -0.014643 -0.579358 0.814542
1778755186.544532 -9.643750 -34.879856 0.313627 -0.018416 -0.008901 -0.567177 0.823342
1778755186.590810 -9.622996 -34.934422 0.315401 -0.033504 -0.008619 -0.553964 0.831822
1778755186.644722 -9.600215 -34.987152 0.307984 -0.026488 -0.010330 -0.543161 0.839147
1778755186.700177 -9.581491 -35.035851 0.309866 -0.019236 -0.008442 -0.539140 0.841954
1778755186.762191 -9.562167 -35.089138 0.310442 -0.020128 -0.015702 -0.532807 0.845852
1778755186.815843 -9.527540 -35.155640 0.303957 -0.018836 -0.007018 -0.526183 0.850134
1778755186.872096 -9.511739 -35.190678 0.306251 -0.011151 -0.016340 -0.518711 0.854721
1778755186.931163 -9.485967 -35.238495 0.310525 -0.015944 -0.016616 -0.516280 0.856110
1778755186.982288 -9.458624 -35.292229 0.314989 -0.025109 -0.017751 -0.513513 0.857531
1778755187.045307 -9.437230 -35.334698 0.308630 -0.016581 -0.008847 -0.512002 0.858779
1778755187.093320 -9.418056 -35.369091 0.303897 -0.014242 -0.011328 -0.511425 0.859135
1778755187.145794 -9.389932 -35.417702 0.305997 -0.021869 -0.020535 -0.508263 0.860679
1778755187.204754 -9.362660 -35.466263 0.311471 -0.026884 -0.033640 -0.514673 0.856305
1778755187.256160 -9.337528 -35.522266 0.299774 -0.020880 -0.038911 -0.533177 0.844850
1778755187.309240 -9.320028 -35.569492 0.307418 0.005383 -0.023803 -0.559559 0.828431
1778755187.356910 -9.296842 -35.625553 0.315033 0.001100 -0.025152 -0.597465 0.801500
1778755187.411634 -9.288663 -35.680439 0.316169 -0.010781 -0.013488 -0.637154 0.770543
1778755187.470191 -9.279170 -35.728611 0.302916 0.003441 -0.036690 -0.671848 0.739772
1778755187.515591 -9.275477 -35.771011 0.307440 -0.000447 -0.023698 -0.698144 0.715565
1778755187.568162 -9.273190 -35.825817 0.310542 -0.003627 -0.033474 -0.719304 0.693879
1778755187.622027 -9.277621 -35.892429 0.305065 0.000616 -0.036826 -0.735170 0.676882
1778755187.687758 -9.285144 -35.945187 0.307227 0.041141 -0.035333 -0.742262 0.667912
1778755187.732636 -9.294577 -35.997375 0.313636 0.043147 -0.035415 -0.755606 0.652644
1778755187.781682 -9.309593 -36.053078 0.315876 0.030319 -0.032109 -0.767898 0.639048
1778755187.838114 -9.322893 -36.090981 0.304809 0.039924 -0.032698 -0.776807 0.627621
1778755187.908665 -9.330297 -36.122154 0.303675 0.033422 -0.021183 -0.784946 0.618300
1778755187.945432 -9.348019 -36.179260 0.307692 0.014290 -0.023289 -0.791240 0.610895
1778755187.998909 -9.368678 -36.245956 0.298026 0.015540 -0.021756 -0.796375 0.604211
1778755188.055111 -9.373544 -36.250782 0.306520 0.010241 -0.015009 -0.798508 0.601710
1778755188.116497 -9.390823 -36.305119 0.315929 0.020597 -0.013759 -0.801354 0.597678
1778755188.180948 -9.410678 -36.362267 0.315309 0.013209 -0.012574 -0.805433 0.592407
1778755188.213046 -9.419415 -36.393276 0.308333 0.020115 0.000619 -0.807664 0.589299
1778755188.265469 -9.438272 -36.440460 0.309564 0.023286 0.000590 -0.811728 0.583571
1778755188.318276 -9.457512 -36.498478 0.312779 0.007605 -0.003068 -0.813196 0.581933
1778755188.377138 -9.481445 -36.562878 0.300087 0.006541 -0.003265 -0.813625 0.581345
1778755188.425663 -9.491319 -36.565937 0.308582 0.022572 0.003506 -0.812668 0.582279
1778755188.482976 -9.511944 -36.620811 0.315249 0.038611 -0.000993 -0.812957 0.581042
1778755188.531851 -9.530160 -36.670883 0.294209 0.034527 0.000739 -0.814524 0.579101
1778755188.603056 -9.539826 -36.690250 0.305042 0.045164 0.000037 -0.815246 0.577351
1778755188.644839 -9.554954 -36.726467 0.310700 0.043015 0.009134 -0.816745 0.575320
1778755188.698063 -9.579142 -36.786510 0.313105 0.029069 0.008911 -0.816303 0.576823
1778755188.754198 -9.599373 -36.844990 0.305765 0.035119 0.012818 -0.816366 0.576324
1778755188.806278 -9.613847 -36.857338 0.311839 0.033841 0.007475 -0.814974 0.578461
1778755188.859218 -9.632607 -36.909409 0.315204 0.040681 0.004468 -0.815649 0.577098
1778755188.908715 -9.646421 -36.958805 0.288841 0.034222 0.003254 -0.817215 0.575307
1778755188.962073 -9.651996 -36.990479 0.303453 0.043720 0.026664 -0.816753 0.574710
1778755189.018491 -9.674870 -37.043625 0.314723 0.049121 0.025642 -0.818642 0.571626
1778755189.070706 -9.695095 -37.100243 0.316734 0.033824 0.025226 -0.818424 0.573064
1778755189.122012 -9.720033 -37.163185 0.302030 0.027471 0.022337 -0.817483 0.574863
1778755189.175522 -9.731652 -37.170841 0.313143 0.042768 0.028621 -0.815128 0.576990
1778755189.227931 -9.754906 -37.230835 0.316172 0.060741 0.020840 -0.813964 0.577356
1778755189.281421 -9.771358 -37.287022 0.297594 0.057576 0.021596 -0.815046 0.576124
1778755189.339138 -9.766216 -37.298519 0.305422 0.061310 0.033993 -0.814691 0.575643
1778755189.397918 -9.782544 -37.333126 0.313883 0.064939 0.030615 -0.815887 0.573737
1778755189.443386 -9.802506 -37.389408 0.314710 0.047823 0.032819 -0.815823 0.575385
1778755189.508264 -9.832223 -37.461765 0.304635 0.050537 0.034216 -0.815146 0.576032
1778755189.556959 -9.852205 -37.491955 0.316408 0.051881 0.032935 -0.814071 0.577506
1778755189.606698 -9.873364 -37.549725 0.318605 0.063786 0.027164 -0.814032 0.576667
1778755189.664891 -9.889228 -37.608421 0.296572 0.059479 0.026928 -0.814757 0.576115
1778755189.717119 -9.877056 -37.599033 0.308268 0.058004 0.036380 -0.818089 0.571001
1778755189.771775 -9.898373 -37.649391 0.314854 0.051417 0.028378 -0.829516 0.555387
1778755189.826221 -9.916259 -37.700493 0.312420 0.026534 0.023028 -0.844228 0.534832
1778755189.878286 -9.947945 -37.764034 0.300932 0.008175 0.017097 -0.863916 0.503279
1778755189.931455 -9.988654 -37.806538 0.301819 0.062554 -0.019168 -0.878876 0.472542
1778755189.985629 -10.017910 -37.852295 0.313449 0.074108 -0.015479 -0.895640 0.438289
1778755190.041136 -10.051562 -37.906559 0.304141 0.077497 0.003594 -0.909516 0.408366
1778755190.090545 -10.086285 -37.932930 0.309451 0.088064 -0.034554 -0.918700 0.383458
1778755190.168020 -10.129551 -37.990940 0.314221 0.061110 -0.009687 -0.932752 0.355170
1778755190.211530 -10.171799 -38.024879 0.294355 0.053183 -0.003373 -0.938750 0.340455
1778755190.265832 -10.140283 -37.988403 0.304341 0.056335 -0.003591 -0.943155 0.327525
1778755190.321216 -10.194575 -38.023617 0.313864 0.067827 -0.008621 -0.944739 0.320614
1778755190.373211 -10.236679 -38.060760 0.323251 0.069496 -0.004885 -0.948722 0.308339
1778755190.428783 -10.287592 -38.096600 0.309658 0.077050 0.004893 -0.951797 0.296853
1778755190.482713 -10.322500 -38.117527 0.317392 0.085609 0.010727 -0.953957 0.287267
1778755190.539347 -10.361976 -38.148338 0.322637 0.068549 0.022310 -0.956628 0.282251
1778755190.589452 -10.413710 -38.181076 0.324169 0.052041 0.023415 -0.957865 0.281493
1778755190.642395 -10.472687 -38.205112 0.305865 0.063100 0.010208 -0.958003 0.279544
1778755190.698318 -10.518873 -38.239498 0.307673 0.085500 0.005005 -0.956563 0.278661
1778755190.748988 -10.561168 -38.267887 0.312724 0.081763 0.011076 -0.958537 0.272763
1778755190.802036 -10.615253 -38.308025 0.299482 0.076831 0.018582 -0.960424 0.267092
1778755190.861654 -10.620160 -38.304790 0.304992 0.074222 0.002276 -0.961745 0.263689
1778755190.907749 -10.664086 -38.338818 0.314195 0.058636 0.012264 -0.964413 0.257526
1778755190.979388 -10.717231 -38.369816 0.316001 0.039552 0.016938 -0.964623 0.260099
1778755191.017435 -10.780898 -38.402248 0.307066 0.038811 0.017499 -0.964597 0.260268
1778755191.069290 -10.822551 -38.425133 0.314886 0.053155 0.007859 -0.963212 0.263316
1778755191.121840 -10.871958 -38.453861 0.318206 0.051560 0.005463 -0.963761 0.261680
1778755191.175465 -10.923578 -38.486324 0.297190 0.043739 0.009784 -0.964875 0.258859
1778755191.232529 -10.912811 -38.484634 0.310074 0.060671 0.014017 -0.964642 0.256104
1778755191.280842 -10.965701 -38.515766 0.316434 0.058429 0.021377 -0.965312 0.253577
1778755191.334929 -11.018351 -38.546597 0.317417 0.048398 0.026497 -0.965231 0.255509
1778755191.392283 -11.082985 -38.579941 0.305397 0.048895 0.025818 -0.965209 0.255566
1778755191.440046 -11.079600 -38.566868 0.313393 0.062891 0.021942 -0.963691 0.258579
1778755191.494949 -11.131295 -38.597385 0.313970 0.066669 0.018493 -0.963633 0.258119
1778755191.547748 -11.179749 -38.632465 0.298486 0.062694 0.022840 -0.964281 0.256340
1778755191.608983 -11.176216 -38.632553 0.304072 0.071388 0.019162 -0.963989 0.255463
1778755191.650888 -11.204845 -38.652428 0.312033 0.066503 0.028735 -0.965088 0.251707
1778755191.705711 -11.259255 -38.685295 0.320323 0.052603 0.034530 -0.964784 0.255408
1778755191.767796 -11.319802 -38.717777 0.298321 0.046651 0.032852 -0.964469 0.257961
1778755191.817074 -11.323902 -38.702862 0.306665 0.063716 0.025914 -0.962334 0.263027
1778755191.877036 -11.375534 -38.731945 0.313021 0.066571 0.015905 -0.962104 0.263954
1778755191.913270 -11.417664 -38.762802 0.300087 0.060527 0.017416 -0.963225 0.261212
1778755191.968569 -11.470029 -38.789719 0.304610 0.068247 0.016185 -0.962738 0.261181
1778755192.030231 -11.452800 -38.787865 0.311552 0.071371 0.012781 -0.964015 0.255771
1778755192.082137 -11.501169 -38.818340 0.313253 0.056986 0.022559 -0.964239 0.257852
1778755192.130812 -11.559606 -38.848679 0.303740 0.048223 0.020724 -0.963903 0.261029
1778755192.179929 -11.573121 -38.846676 0.308209 0.058215 0.019151 -0.962589 0.263945
1778755192.236521 -11.623692 -38.871746 0.314524 0.065649 0.006604 -0.961085 0.268259
1778755192.293081 -11.670153 -38.904343 0.319786 0.059067 0.008486 -0.961991 0.266480
1778755192.346215 -11.709958 -38.932945 0.301820 0.060270 0.012254 -0.962449 0.264403
1778755192.401243 -11.705502 -38.933971 0.311958 0.079061 0.012869 -0.962504 0.259170
1778755192.452267 -11.749610 -38.963257 0.320990 0.066515 0.024077 -0.963332 0.258818
1778755192.507087 -11.804086 -38.994637 0.323344 0.056921 0.025711 -0.963010 0.262128
1778755192.556809 -11.836368 -39.013191 0.310615 0.052594 0.032133 -0.963127 0.261892
1778755192.606039 -11.858665 -39.011387 0.315352 0.055042 0.008903 -0.962687 0.264811
1778755192.665089 -11.909512 -39.043346 0.313287 0.050747 0.007700 -0.963379 0.263184
1778755192.715892 -11.970111 -39.075222 0.302525 0.044643 0.009332 -0.963816 0.262639
1778755192.796652 -11.965282 -39.081543 0.309014 0.063962 0.022662 -0.963459 0.259119
1778755192.822225 -12.016744 -39.110569 0.319903 0.056344 0.028793 -0.964274 0.257239
1778755192.873559 -12.062572 -39.139141 0.323101 0.045552 0.029042 -0.964117 0.259925
1778755192.929783 -12.125225 -39.172813 0.304407 0.045381 0.026980 -0.963786 0.261399
1778755192.978516 -12.115727 -39.150974 0.311432 0.063295 0.021740 -0.961466 0.266654
1778755193.034333 -12.170072 -39.183239 0.314662 0.067163 0.013990 -0.960708 0.268949
1778755193.093068 -12.216616 -39.216671 0.296616 0.060558 0.017025 -0.961296 0.268241
1778755193.155679 -12.207808 -39.214279 0.305384 0.069602 0.015543 -0.960947 0.267387
1778755193.197929 -12.231857 -39.230373 0.311645 0.066815 0.029660 -0.962297 0.261993
1778755193.244217 -12.282971 -39.262962 0.316691 0.052613 0.036566 -0.962322 0.264257
1778755193.305579 -12.344707 -39.297352 0.300873 0.048491 0.034400 -0.962261 0.265555
1778755193.356893 -12.336196 -39.276989 0.307318 0.061244 0.019545 -0.960926 0.269238
1778755193.411223 -12.385854 -39.308743 0.312150 0.071114 0.014927 -0.960241 0.269552
1778755193.461361 -12.438236 -39.340771 0.300085 0.065790 0.017024 -0.960793 0.268809
1778755193.513193 -12.454559 -39.348869 0.306894 0.074966 0.007761 -0.960275 0.268684
1778755193.572855 -12.496464 -39.377571 0.316148 0.068833 0.024926 -0.961372 0.265340
1778755193.625271 -12.547312 -39.408745 0.320260 0.054653 0.030427 -0.961462 0.267728
1778755193.682050 -12.610456 -39.442966 0.303943 0.051918 0.027310 -0.961164 0.269671
1778755193.728245 -12.614217 -39.430119 0.312406 0.057700 0.027788 -0.959524 0.274250
1778755193.780792 -12.663766 -39.458736 0.313279 0.060722 0.019232 -0.959423 0.274683
1778755193.836307 -12.715101 -39.493359 0.297546 0.051675 0.022720 -0.960349 0.273027
1778755193.888511 -12.725519 -39.504704 0.304751 0.058441 0.022029 -0.960304 0.271875
1778755193.949545 -12.754343 -39.524601 0.312511 0.055955 0.021159 -0.961427 0.268476
1778755193.995571 -12.800785 -39.555347 0.314381 0.038920 0.026281 -0.961209 0.271793
1778755194.062518 -12.881483 -39.602150 0.300728 0.030462 0.024456 -0.960510 0.275490
1778755194.116311 -12.923874 -39.618458 0.306950 0.058248 0.008416 -0.958428 0.279199
1778755194.171812 -12.974141 -39.652321 0.316231 0.061081 0.008222 -0.960269 0.272184
1778755194.218801 -13.024587 -39.679222 0.302901 0.057067 0.020316 -0.965993 0.251372
1778755194.271135 -13.030098 -39.687595 0.310566 0.070038 0.004458 -0.973413 0.218042
1778755194.336943 -13.072989 -39.711361 0.314960 0.060239 0.012485 -0.980290 0.187740
1778755194.381700 -13.126299 -39.737080 0.317366 0.041129 0.025768 -0.984402 0.169107
1778755194.431401 -13.180649 -39.752304 0.295239 0.029728 0.026346 -0.987643 0.151600
1778755194.487400 -13.190199 -39.739254 0.302702 0.061729 -0.016988 -0.987121 0.146607
1778755194.538491 -13.244017 -39.754852 0.316349 0.066239 -0.013122 -0.988598 0.134586
1778755194.602520 -13.293166 -39.771965 0.294115 0.057165 -0.006027 -0.991266 0.118690
1778755194.644510 -13.334843 -39.773228 0.307976 0.068729 -0.015969 -0.991830 0.106275
1778755194.701189 -13.368754 -39.779793 0.314982 0.062321 -0.000556 -0.993800 0.092078
1778755194.758206 -13.427341 -39.790733 0.315908 0.047739 0.009950 -0.994990 0.087276
1778755194.808776 -13.496757 -39.798820 0.300571 0.044081 0.010218 -0.995493 0.083345
1778755194.864164 -13.498735 -39.790928 0.309111 0.046979 0.004427 -0.995552 0.081550
1778755194.915292 -13.554809 -39.798973 0.313660 0.045775 -0.000125 -0.996086 0.075608
1778755194.967692 -13.617159 -39.808128 0.310255 0.036931 0.007612 -0.996937 0.068521
1778755195.028220 -13.664908 -39.811031 0.309028 0.049949 0.003790 -0.996732 0.063378
1778755195.078403 -13.699528 -39.817326 0.313605 0.048554 0.017772 -0.997012 0.057393
1778755195.127373 -13.754371 -39.827400 0.316308 0.036806 0.026428 -0.997310 0.057618
1778755195.177167 -13.819084 -39.834362 0.298672 0.027120 0.026174 -0.997506 0.059681
1778755195.231017 -13.847977 -39.830837 0.305711 0.038172 0.015361 -0.997318 0.060528
1778755195.285239 -13.928269 -39.845146 0.313603 0.043802 0.003611 -0.997028 0.063280
1778755195.337056 -13.988308 -39.853683 0.314409 0.033323 0.012983 -0.997601 0.059272
1778755195.393023 -14.036416 -39.856922 0.302763 0.031532 -0.002949 -0.997797 0.058303
1778755195.449580 -14.087635 -39.869881 0.310741 0.026543 0.008155 -0.998233 0.052528
1778755195.503855 -14.147121 -39.877998 0.315079 0.014634 0.017920 -0.998240 0.054598
1778755195.552739 -14.215837 -39.887844 0.311150 0.010065 0.018459 -0.997596 0.066031
1778755195.606643 -14.237330 -39.890327 0.312260 0.023295 0.020564 -0.995317 0.091535
1778755195.661872 -14.289798 -39.900635 0.320051 0.023741 0.017375 -0.991937 0.123267
1778755195.715713 -14.348545 -39.915848 0.318553 0.010724 0.017221 -0.989066 0.146073
1778755195.780180 -14.383483 -39.928555 0.307685 0.014748 0.037683 -0.985504 0.164754
1778755195.827312 -14.421540 -39.939270 0.310929 0.046927 0.035389 -0.982991 0.173997
1778755195.879275 -14.479798 -39.965321 0.314110 0.044844 0.041760 -0.980156 0.188518
1778755195.938378 -14.541922 -39.989071 0.300272 0.042743 0.036473 -0.977535 0.203144
1778755195.987649 -14.569640 -40.002842 0.306264 0.026070 0.045125 -0.975890 0.211953
1778755196.040644 -14.628416 -40.027119 0.313065 0.027593 0.031531 -0.974011 0.222593
1778755196.093357 -14.680198 -40.055580 0.312285 0.017295 0.034445 -0.972938 0.227830
1778755196.163182 -14.705609 -40.062584 0.306413 0.025973 0.017544 -0.971422 0.235282
1778755196.201366 -14.739194 -40.085510 0.314040 0.023908 0.033337 -0.970975 0.235637
1778755196.254252 -14.787317 -40.115074 0.316077 0.012662 0.036869 -0.969444 0.242198
1778755196.309771 -14.844993 -40.145832 0.304126 0.001987 0.030983 -0.967949 0.249220
1778755196.364841 -14.909245 -40.179157 0.306727 0.027718 0.017344 -0.968537 0.246714
1778755196.414943 -14.961251 -40.208340 0.314753 0.033957 0.014621 -0.972469 0.230081
1778755196.471268 -15.014756 -40.236374 0.316500 0.024526 0.027927 -0.978268 0.203986
1778755196.521881 -15.066998 -40.245861 0.305561 0.031188 0.013047 -0.983045 0.180224
1778755196.576815 -15.108579 -40.267689 0.312198 0.023490 0.010714 -0.986853 0.159543
1778755196.634973 -15.162321 -40.291874 0.313975 0.013060 0.019722 -0.989067 0.145558
1778755196.679579 -15.221117 -40.311401 0.289981 0.001081 0.018943 -0.990533 0.135959
1778755196.733612 -15.277569 -40.320347 0.304366 0.027613 0.000290 -0.991041 0.130672
1778755196.792408 -15.333547 -40.338619 0.315205 0.039682 -0.008073 -0.991805 0.121175
1778755196.843857 -15.391924 -40.351677 0.316329 0.030859 0.000671 -0.993213 0.112143
1778755196.898752 -15.458403 -40.358471 0.305555 0.039391 0.001816 -0.993762 0.104319
1778755196.953303 -15.503359 -40.374722 0.312641 0.034257 0.003881 -0.994893 0.094868
1778755197.004343 -15.558875 -40.388439 0.314980 0.022547 0.014123 -0.994878 0.097517
1778755197.059227 -15.621109 -40.405876 0.309108 0.013768 0.017290 -0.992652 0.118968
1778755197.113316 -15.650741 -40.413227 0.308823 0.027697 0.023588 -0.987932 0.150553
1778755197.170995 -15.695227 -40.428005 0.318864 0.027598 0.016923 -0.979236 0.200123
1778755197.224075 -15.734834 -40.449738 0.290328 0.008040 0.025671 -0.968413 0.247895
1778755197.276300 -15.741119 -40.446236 0.295471 -0.003255 0.037863 -0.957414 0.286207
1778755197.339692 -15.769972 -40.464420 0.306584 0.031390 0.047523 -0.948343 0.312094
1778755197.389593 -15.822224 -40.507805 0.314569 0.032022 0.048763 -0.937699 0.342517
1778755197.443704 -15.869278 -40.543880 0.301663 0.040371 0.042431 -0.928923 0.365613
1778755197.498055 -15.882727 -40.569450 0.306961 0.017862 0.040365 -0.922033 0.384587
1778755197.551048 -15.922621 -40.609905 0.314896 0.018645 0.037979 -0.914820 0.401639
1778755197.608725 -15.959659 -40.657257 0.293622 0.010618 0.038520 -0.908969 0.414945
1778755197.655915 -15.938396 -40.630157 0.302933 0.021056 0.040494 -0.904711 0.423574
1778755197.709409 -15.973542 -40.677197 0.313069 0.018306 0.048882 -0.899181 0.434452
1778755197.768866 -16.006487 -40.725918 0.313636 0.012725 0.047206 -0.886396 0.460338
1778755197.824377 -16.029467 -40.787563 0.310041 0.011584 0.057346 -0.867900 0.493282
1778755197.873336 -16.049738 -40.794060 0.314143 0.015677 0.039769 -0.845351 0.532499
1778755197.922930 -16.060692 -40.831223 0.291452 0.007336 0.045692 -0.829139 0.557124
1778755197.981950 -16.077658 -40.879330 0.293074 -0.000668 0.039267 -0.812613 0.581479
1778755198.030268 -16.072992 -40.862061 0.302554 0.011664 0.054973 -0.800784 0.596312
1778755198.084506 -16.094524 -40.917122 0.308063 0.014319 0.054177 -0.791340 0.608804
1778755198.138191 -16.118219 -40.979580 0.301607 0.013098 0.042261 -0.786666 0.615791
1778755198.191991 -16.125599 -41.027683 0.299874 -0.007011 0.051747 -0.794926 0.604455
1778755198.244767 -16.153477 -41.080173 0.307670 0.010474 0.021656 -0.797918 0.602285
1778755198.300787 -16.169538 -41.144791 0.311191 0.006064 0.020624 -0.805316 0.592456
1778755198.355902 -16.197601 -41.203259 0.307441 0.013661 0.017919 -0.809495 0.586694
1778755198.408130 -16.203226 -41.248058 0.310742 0.011714 0.022947 -0.815377 0.578356
1778755198.460137 -16.222004 -41.302834 0.315501 -0.001390 0.019632 -0.818409 0.574299
1778755198.525411 -16.242609 -41.361191 0.315409 -0.009863 0.013903 -0.819071 0.573439
1778755198.567372 -16.267710 -41.417717 0.311198 0.004061 0.015665 -0.820505 0.571410
1778755198.621124 -16.287880 -41.477180 0.317667 0.016816 0.008108 -0.820842 0.570851
1778755198.677862 -16.309120 -41.531078 0.321576 0.015950 0.006600 -0.826186 0.563132
1778755198.738636 -16.338821 -41.589706 0.315130 0.015866 0.012430 -0.837205 0.546518
1778755198.782508 -16.341091 -41.611618 0.314031 0.021016 0.003678 -0.856243 0.516133
1778755198.832504 -16.363928 -41.656208 0.312210 0.008461 0.007199 -0.869822 0.493241
1778755198.893638 -16.393335 -41.704037 0.281737 -0.001677 0.001501 -0.879445 0.475995
1778755198.940356 -16.433796 -41.748875 0.300696 0.033100 -0.021368 -0.890260 0.453746
1778755198.997541 -16.471958 -41.797081 0.312888 0.054731 -0.020730 -0.902043 0.427659
1778755199.049010 -16.512655 -41.842052 0.318811 0.052466 -0.008783 -0.917841 0.393369
1778755199.098790 -16.560051 -41.875401 0.307960 0.062870 -0.005231 -0.929968 0.362187
1778755199.159481 -16.585432 -41.912971 0.312639 0.047832 -0.006122 -0.941325 0.334039
1778755199.210106 -16.629217 -41.950863 0.315353 0.026826 0.000530 -0.949242 0.313399
1778755199.263337 -16.677473 -41.986668 0.296882 0.011562 0.002975 -0.954059 0.299380
1778755199.315655 -16.727112 -42.010036 0.302637 0.041972 -0.018132 -0.955871 0.290207
1778755199.372362 -16.771524 -42.041206 0.313766 0.057115 -0.017070 -0.957609 0.281836
1778755199.433238 -16.820269 -42.075035 0.321641 0.054552 -0.012356 -0.957394 0.283316
1778755199.477308 -16.867031 -42.103893 0.303654 0.055768 -0.007901 -0.953538 0.295962
1778755199.528660 -16.841589 -42.091789 0.308069 0.050089 0.005755 -0.950293 0.307247
1778755199.588609 -16.889507 -42.121666 0.316557 0.033814 0.001376 -0.947402 0.318252
1778755199.640099 -16.940960 -42.163311 0.299353 0.024534 -0.000395 -0.944230 0.328372
1778755199.699335 -16.946634 -42.165401 0.307061 0.011302 0.013681 -0.942284 0.334346
1778755199.742819 -16.997169 -42.200764 0.314129 0.017310 0.001636 -0.940055 0.340580
1778755199.804833 -17.032267 -42.238438 0.289728 0.008471 0.007040 -0.938285 0.345688
1778755199.858079 -17.052715 -42.258972 0.298777 0.018205 0.011413 -0.935808 0.351855
1778755199.908576 -17.077522 -42.285633 0.304665 0.027000 0.022648 -0.935542 0.351455
1778755199.962959 -17.122877 -42.325390 0.307464 0.019936 0.026482 -0.935576 0.351565
1778755200.016970 -17.177525 -42.369457 0.297649 0.013757 0.022138 -0.939900 0.340455
1778755200.073656 -17.171724 -42.348896 0.304601 0.022132 0.012784 -0.945628 0.324245
1778755200.119915 -17.217966 -42.384346 0.312874 0.034014 0.007705 -0.951080 0.306971
1778755200.172613 -17.260073 -42.426220 0.316654 0.035415 0.016788 -0.956504 0.289075
1778755200.228096 -17.304333 -42.455372 0.306774 0.041921 0.000860 -0.960212 0.276107
1778755200.282595 -17.337402 -42.485523 0.313648 0.028037 0.006922 -0.964746 0.261593
1778755200.336583 -17.374228 -42.509678 0.317614 0.021467 0.012248 -0.966382 0.255919
1778755200.388168 -17.418705 -42.532967 0.318852 0.026209 0.010617 -0.965391 0.259271
1778755200.448266 -17.461782 -42.555332 0.310009 0.039421 0.017182 -0.963396 0.264610
1778755200.495217 -17.480087 -42.559505 0.311501 0.022470 0.032311 -0.962262 0.269264
1778755200.550408 -17.512867 -42.576180 0.317816 0.029702 0.021833 -0.960519 0.275760
1778755200.603699 -17.541540 -42.596294 0.316993 0.029984 0.021291 -0.960303 0.276525
1778755200.654203 -17.578735 -42.619572 0.309111 0.031345 0.027781 -0.959620 0.278163
1778755200.713094 -17.605162 -42.638866 0.311731 0.035787 0.032179 -0.957799 0.283382
1778755200.760482 -17.628490 -42.656971 0.317255 0.031622 0.032260 -0.955704 0.290841
1778755200.818226 -17.656330 -42.677799 0.316060 0.027671 0.033161 -0.952876 0.300270
1778755200.871722 -17.686846 -42.699844 0.311008 0.028759 0.032057 -0.950019 0.309209
1778755200.920944 -17.719070 -42.720264 0.304247 0.033798 0.029465 -0.947572 0.316381
1778755200.987451 -17.746021 -42.735691 0.310492 0.024115 0.029173 -0.946317 0.321016
1778755201.023908 -17.767899 -42.746002 0.313981 0.027815 0.013006 -0.944504 0.327061
1778755201.076452 -17.790283 -42.765713 0.313757 0.027946 0.011572 -0.943833 0.329035
1778755201.133471 -17.816643 -42.787296 0.310659 0.026503 0.013184 -0.943171 0.330988
1778755201.187238 -17.842569 -42.811066 0.305190 0.025997 0.021672 -0.942351 0.332911
1778755201.241327 -17.867880 -42.833160 0.308615 0.028024 0.022924 -0.942392 0.332544
1778755201.289722 -17.885292 -42.852062 0.314834 0.023731 0.025481 -0.942088 0.333554
1778755201.343076 -17.908363 -42.872509 0.314852 0.022825 0.027363 -0.941062 0.336352
1778755201.405997 -17.933422 -42.895264 0.311363 0.022100 0.029259 -0.939801 0.339751
1778755201.449725 -17.962887 -42.917938 0.306226 0.028040 0.024865 -0.938671 0.342770
1778755201.506422 -17.988806 -42.939026 0.302713 0.028061 0.032835 -0.937590 0.345051
1778755201.556368 -18.014227 -42.952400 0.310660 0.027732 0.017596 -0.936997 0.347789
1778755201.625698 -18.032898 -42.972847 0.310967 0.027929 0.028488 -0.935941 0.349890
1778755201.664925 -18.049242 -42.990719 0.297457 0.029806 0.038493 -0.937084 0.345693
1778755201.720217 -18.076889 -43.011562 0.294821 0.034014 0.034672 -0.939453 0.339218
1778755201.781860 -18.094090 -43.029972 0.307962 0.029138 0.017676 -0.940960 0.336797
1778755201.826820 -18.112251 -43.053837 0.282421 0.015985 0.029117 -0.940894 0.337069
1778755201.880692 -18.122889 -43.074478 0.283805 0.003734 0.034968 -0.942497 0.332359
1778755201.933093 -18.135559 -43.094303 0.287700 -0.008130 0.030794 -0.944128 0.328037
1778755201.986017 -18.152113 -43.108238 0.274465 -0.030083 0.011872 -0.943094 0.330950
1778755202.042826 -18.172688 -43.127617 0.288709 -0.047216 0.000884 -0.940388 0.336808
1778755202.092315 -18.194761 -43.145950 0.296395 -0.049353 -0.011885 -0.938184 0.342394
1778755202.148441 -18.221836 -43.167645 0.308997 -0.038886 -0.030101 -0.937090 0.345608
1778755202.200566 -18.238924 -43.189922 0.299573 -0.038231 -0.027916 -0.937778 0.343993
1778755202.253299 -18.261024 -43.206085 0.285795 -0.035921 -0.040088 -0.938303 0.341598
1778755202.311715 -18.280533 -43.221699 0.287457 -0.043996 -0.048360 -0.938747 0.338349
1778755202.361095 -18.302595 -43.242378 0.285317 -0.044656 -0.058844 -0.938234 0.338023
1778755202.412692 -18.322977 -43.258263 0.286671 -0.055026 -0.059100 -0.939325 0.333388
1778755202.468491 -18.349989 -43.277374 0.288375 -0.064474 -0.063441 -0.941070 0.325891
1778755202.523174 -18.374308 -43.299061 0.294323 -0.053515 -0.041337 -0.945952 0.317178
1778755202.575856 -18.398314 -43.311428 0.320311 -0.032981 -0.051438 -0.950873 0.303493
1778755202.627064 -18.422911 -43.324883 0.323470 -0.039670 -0.043866 -0.956394 0.286030
1778755202.683321 -18.453760 -43.340862 0.322626 -0.042045 -0.047070 -0.959497 0.274557
1778755202.731202 -18.477682 -43.356426 0.333533 -0.043858 -0.039126 -0.962588 0.264517
1778755202.794991 -18.505459 -43.371872 0.312101 -0.055838 -0.041513 -0.964641 0.254218
1778755202.837771 -18.529762 -43.381813 0.291495 -0.042907 -0.057340 -0.965598 0.249983
1778755202.889516 -18.554640 -43.395836 0.284828 -0.041269 -0.062821 -0.967138 0.242887
1778755202.950686 -18.578436 -43.407139 0.286368 -0.042812 -0.059917 -0.969197 0.235020
1778755202.997206 -18.604523 -43.418957 0.288410 -0.051491 -0.060715 -0.970832 0.226158
1778755203.050777 -18.632330 -43.434532 0.292854 -0.052716 -0.034487 -0.974715 0.214389
1778755203.110139 -18.656408 -43.445347 0.300875 -0.032689 -0.013282 -0.978051 0.205356
1778755203.157241 -18.683573 -43.460789 0.301688 -0.027260 -0.008897 -0.978598 0.203776
1778755203.212269 -18.707859 -43.472855 0.304890 -0.018621 -0.006306 -0.979050 0.202670
1778755203.263152 -18.735857 -43.484276 0.306225 -0.016312 -0.004843 -0.979513 0.200662
1778755203.323923 -18.766935 -43.498493 0.306859 -0.011647 -0.002484 -0.979531 0.200941
1778755203.373199 -18.799076 -43.509529 0.306710 -0.006021 -0.006448 -0.979414 0.201671
1778755203.447679 -18.839191 -43.530407 0.305936 -0.003517 0.004885 -0.979844 0.199672
1778755203.492699 -18.864618 -43.539688 0.310947 0.004360 -0.002193 -0.980412 0.196900
1778755203.541630 -18.888832 -43.549122 0.311821 0.005669 -0.011568 -0.980759 0.194799
1778755203.598029 -18.915627 -43.563293 0.310728 0.009674 -0.010822 -0.980929 0.193822
1778755203.648819 -18.943542 -43.576965 0.308369 0.009396 -0.004722 -0.981162 0.192900
1778755203.721868 -18.973478 -43.587254 0.302451 0.004102 -0.012372 -0.981081 0.193159
1778755203.758037 -19.000185 -43.602192 0.307180 0.002155 0.001036 -0.981717 0.190332
1778755203.809914 -19.020948 -43.612667 0.310743 0.003446 0.000520 -0.981582 0.191012
1778755203.863559 -19.046656 -43.623524 0.312712 0.002634 0.003235 -0.981185 0.193024
1778755203.919188 -19.074810 -43.636459 0.311186 -0.000187 0.003701 -0.980767 0.195148
1778755203.997659 -19.106421 -43.648170 0.309388 -0.001763 0.000838 -0.980412 0.196948
1778755204.019302 -19.136461 -43.659626 0.305011 -0.002512 0.006235 -0.981366 0.192029
1778755204.073951 -19.166208 -43.667412 0.302270 -0.005261 0.003559 -0.984160 0.177168
1778755204.137526 -19.190599 -43.675262 0.305568 -0.008129 -0.006671 -0.987267 0.158724
1778755204.180066 -19.217503 -43.684624 0.307976 -0.008370 -0.005157 -0.990964 0.133771
1778755204.233956 -19.248535 -43.692955 0.308697 -0.009418 0.000980 -0.994699 0.102389
1778755204.286745 -19.279329 -43.698235 0.307924 -0.010906 0.000288 -0.997592 0.068497
1778755204.341504 -19.308134 -43.703571 0.313935 -0.009303 0.017950 -0.999313 0.031068
1778755204.400610 -19.334141 -43.709293 0.316339 0.000170 0.028470 -0.999564 -0.007811
1778755204.447350 -19.359591 -43.710495 0.315131 0.000767 0.030506 -0.998315 -0.049349
1778755204.505059 -19.386328 -43.709251 0.312708 -0.003520 0.025519 -0.996028 -0.085234
1778755204.553046 -19.417038 -43.703987 0.309870 -0.011257 0.019868 -0.991975 -0.124354
1778755204.606848 -19.445879 -43.687885 0.308644 0.001341 0.000966 -0.987602 -0.156971
1778755204.663083 -19.471231 -43.679829 0.311938 0.006480 0.001370 -0.983046 -0.183241
1778755204.712748 -19.490023 -43.668598 0.315017 -0.006541 -0.006684 -0.976838 -0.213775
1778755204.771105 -19.514799 -43.654583 0.315273 -0.015568 -0.004951 -0.970553 -0.240333
1778755204.822577 -19.542044 -43.640133 0.311961 -0.017738 0.002403 -0.965048 -0.261463
1778755204.884915 -19.569235 -43.623035 0.308196 -0.006485 0.006915 -0.960053 -0.279658
1778755204.931253 -19.590263 -43.614346 0.312004 -0.008719 0.007994 -0.956768 -0.290613
1778755204.994955 -19.613487 -43.601402 0.312263 -0.014942 0.010916 -0.953605 -0.300493
1778755205.042766 -19.641129 -43.586689 0.310100 -0.022283 0.018239 -0.950275 -0.310077
1778755205.092659 -19.668962 -43.571037 0.306973 -0.026882 0.023558 -0.947430 -0.317961
1778755205.150060 -19.692648 -43.549206 0.305592 -0.019567 0.005990 -0.945800 -0.324105
1778755205.202959 -19.712622 -43.534729 0.304385 -0.008783 0.010067 -0.940653 -0.339107
1778755205.255131 -19.728964 -43.517109 0.309682 -0.011717 0.010517 -0.932824 -0.359989
1778755205.314080 -19.747395 -43.499065 0.313129 -0.018666 0.009132 -0.921446 -0.387951
1778755205.362542 -19.768255 -43.478252 0.314288 -0.014139 0.020262 -0.909088 -0.415872
1778755205.423151 -19.786787 -43.452526 0.315499 -0.017927 0.021016 -0.898895 -0.437292
1778755205.469749 -19.807278 -43.432442 0.315617 -0.009260 0.022937 -0.889749 -0.455779
1778755205.537886 -19.821089 -43.413116 0.317519 -0.006087 0.015865 -0.881401 -0.472063
1778755205.576291 -19.837019 -43.389549 0.314725 -0.005609 0.009565 -0.875057 -0.483893
1778755205.630044 -19.853918 -43.362579 0.312034 -0.004583 0.004048 -0.870077 -0.492878
1778755205.686089 -19.869345 -43.333302 0.309208 -0.003188 -0.003604 -0.866335 -0.499441
1778755205.736027 -19.884089 -43.300358 0.306385 0.006523 -0.022700 -0.862418 -0.505645
1778755205.804693 -19.897064 -43.276714 0.310679 0.034535 -0.054609 -0.855698 -0.513426
1778755205.842598 -19.900307 -43.276443 0.315600 0.076423 -0.099007 -0.847390 -0.516030
1778755205.895778 -19.894873 -43.245731 0.333342 0.078537 -0.101548 -0.848055 -0.514124
1778755205.949883 -19.909140 -43.220547 0.341254 0.084082 -0.100826 -0.840176 -0.526183
1778755206.001416 -19.933332 -43.191372 0.372007 0.098114 -0.089729 -0.828151 -0.544507
1778755206.058393 -19.954994 -43.161358 0.312425 0.127045 -0.076164 -0.816989 -0.557304
1778755206.105731 -19.964355 -43.139931 0.303360 0.125247 -0.091622 -0.808417 -0.567786
1778755206.161452 -19.980324 -43.122417 0.301424 0.127760 -0.083230 -0.801980 -0.577562
1778755206.215236 -19.989155 -43.092369 0.324919 0.126850 -0.076233 -0.799152 -0.582627
1778755206.264545 -19.990786 -43.060764 0.332766 0.130195 -0.092450 -0.797059 -0.582408
1778755206.323378 -20.001707 -43.042950 0.308899 0.137827 -0.078162 -0.796705 -0.583229
1778755206.370587 -19.997030 -43.027390 0.325957 0.126931 -0.088798 -0.797309 -0.583354
1778755206.422970 -19.973663 -43.007706 0.286780 0.109743 -0.121866 -0.794180 -0.585136
1778755206.480133 -19.957710 -43.023453 0.289271 0.125861 -0.157977 -0.787574 -0.582176
1778755206.527659 -19.965147 -42.998135 0.368443 0.143786 -0.129367 -0.791887 -0.579228
1778755206.588838 -19.962152 -42.974335 0.390642 0.133947 -0.140250 -0.787399 -0.585142
1778755206.637220 -19.975866 -42.953232 0.324215 0.129334 -0.125446 -0.787405 -0.589516
1778755206.696228 -19.983526 -42.947750 0.265196 0.114065 -0.101374 -0.788573 -0.595706
1778755206.746245 -19.991890 -42.945351 0.265157 0.099251 -0.091798 -0.788971 -0.599373
1778755206.799812 -20.003605 -42.925114 0.267520 0.102443 -0.112721 -0.789933 -0.593974
1778755206.861804 -20.017492 -42.890381 0.286335 0.116017 -0.110993 -0.787262 -0.595349
1778755206.909157 -20.026997 -42.865082 0.269658 0.111909 -0.115470 -0.784337 -0.599132
1778755206.965281 -20.033148 -42.843342 0.303654 0.114388 -0.099988 -0.786536 -0.598564
1778755207.015652 -20.038574 -42.813286 0.282446 0.119510 -0.089877 -0.788270 -0.596884
1778755207.072507 -20.044947 -42.787781 0.292783 0.124217 -0.072312 -0.791048 -0.594629
1778755207.124140 -20.049728 -42.761887 0.293777 0.110016 -0.059102 -0.794403 -0.594413
1778755207.175565 -20.056477 -42.750927 0.285323 0.102182 -0.025112 -0.797842 -0.593614
1778755207.235108 -20.067543 -42.725082 0.268526 0.105017 -0.016901 -0.801640 -0.588268
1778755207.288260 -20.079393 -42.697552 0.270261 0.088211 -0.020700 -0.811845 -0.576800
1778755207.337016 -20.092548 -42.674541 0.285836 0.078626 -0.003635 -0.825898 -0.558299
1778755207.391545 -20.094057 -42.650845 0.289519 0.055350 0.002212 -0.843562 -0.534167
1778755207.441278 -20.106119 -42.632748 0.289144 0.058659 0.014907 -0.858027 -0.510026
1778755207.501766 -20.117548 -42.607651 0.291201 0.057985 0.018835 -0.873473 -0.483040
1778755207.553431 -20.132698 -42.583542 0.291917 0.054667 0.020236 -0.888816 -0.454542
1778755207.602457 -20.155710 -42.554890 0.289388 0.050102 0.018790 -0.901422 -0.429622
1778755207.657059 -20.171856 -42.527508 0.294496 0.037256 0.015228 -0.910657 -0.411199
1778755207.709432 -20.195684 -42.504387 0.300170 0.028614 0.022630 -0.917867 -0.395209
1778755207.764862 -20.222389 -42.481339 0.304432 0.019612 0.030757 -0.923056 -0.382931
1778755207.821576 -20.258999 -42.448036 0.307105 0.015163 0.041056 -0.927689 -0.370780
1778755207.870264 -20.285194 -42.426231 0.305660 0.039419 0.039361 -0.929831 -0.363747
1778755207.923381 -20.317259 -42.398026 0.309963 0.051102 0.033623 -0.931299 -0.359082
1778755207.974396 -20.348316 -42.369606 0.314976 0.056291 0.031983 -0.934748 -0.349364
1778755208.030950 -20.382347 -42.340984 0.316623 0.058629 0.025711 -0.937768 -0.341312
1778755208.082468 -20.413715 -42.313442 0.302255 0.062891 0.024063 -0.939479 -0.335923
1778755208.137713 -20.439894 -42.290970 0.300907 0.050937 0.033313 -0.942513 -0.328581
1778755208.187776 -20.463732 -42.268364 0.312048 0.046211 0.018672 -0.949059 -0.311133
1778755208.252849 -20.492111 -42.254669 0.316079 0.041521 0.025880 -0.954375 -0.294575
1778755208.304207 -20.531631 -42.233589 0.314433 0.038852 0.032506 -0.963562 -0.262647
1778755208.360300 -20.566759 -42.218254 0.308200 0.035605 0.029761 -0.971686 -0.231673
1778755208.418165 -20.592710 -42.209873 0.313161 0.036861 0.036884 -0.978267 -0.200686
1778755208.465904 -20.623018 -42.200420 0.315237 0.038045 0.049985 -0.984266 -0.165151
1778755208.524162 -20.659922 -42.189724 0.311137 0.033777 0.054107 -0.990193 -0.124296
1778755208.575665 -20.694328 -42.178646 0.308665 0.044077 0.032605 -0.995057 -0.082803
1778755208.628340 -20.721792 -42.172039 0.316861 0.040138 0.044270 -0.997285 -0.043044
1778755208.680332 -20.747021 -42.170341 0.319287 0.034864 0.038673 -0.998643 -0.000811
1778755208.732604 -20.778816 -42.173897 0.317311 0.027186 0.038837 -0.997921 0.043660
1778755208.789271 -20.816048 -42.181297 0.309190 0.022056 0.035469 -0.995163 0.088919
1778755208.839893 -20.842087 -42.190868 0.309743 0.042641 0.043365 -0.990344 0.124580
1778755208.901389 -20.865778 -42.203247 0.318482 0.044032 0.051686 -0.982880 0.171282
1778755208.958941 -20.903172 -42.219788 0.320574 0.042191 0.058096 -0.972825 0.220128
1778755209.008773 -20.939735 -42.235538 0.318180 0.043732 0.053324 -0.960682 0.268949
1778755209.063214 -20.959311 -42.248104 0.311114 0.047173 0.056987 -0.947181 0.312051
1778755209.112432 -20.984146 -42.263214 0.312849 0.041710 0.051065 -0.933092 0.353544
1778755209.180211 -21.007555 -42.289101 0.310708 0.034721 0.047651 -0.919207 0.389336
1778755209.224095 -21.029114 -42.317245 0.304765 0.028453 0.044713 -0.907450 0.416803
1778755209.275929 -21.046494 -42.344017 0.304260 0.031530 0.038816 -0.897122 0.438944
1778755209.334565 -21.058689 -42.368610 0.311852 0.029580 0.039194 -0.887696 0.457804
1778755209.387378 -21.072340 -42.393360 0.316669 0.028083 0.039192 -0.877865 0.476474
1778755209.445881 -21.087545 -42.422504 0.314980 0.024736 0.041545 -0.868209 0.493838
1778755209.496150 -21.105593 -42.453079 0.310772 0.028224 0.037266 -0.860511 0.507282
1778755209.557694 -21.120909 -42.483246 0.305418 0.032561 0.039436 -0.854125 0.517547
1778755209.610383 -21.138845 -42.503471 0.310296 0.032753 0.029926 -0.848362 0.527555
1778755209.660339 -21.152275 -42.526875 0.312318 0.035277 0.019002 -0.843860 0.535066
1778755209.720081 -21.163822 -42.551861 0.310304 0.033561 0.014944 -0.841071 0.539675
1778755209.762029 -21.176682 -42.580631 0.306091 0.032600 0.009880 -0.838990 0.543080
1778755209.818378 -21.187433 -42.612766 0.300838 0.028045 0.015642 -0.836229 0.547439
1778755209.873757 -21.201097 -42.642433 0.306450 0.034714 0.024440 -0.835079 0.548489
1778755209.926033 -21.205336 -42.663723 0.312299 0.028972 0.023203 -0.833623 0.551086
1778755209.978706 -21.214224 -42.694504 0.312921 0.022988 0.025900 -0.830932 0.555295
1778755210.036008 -21.222786 -42.725994 0.310471 0.018263 0.028236 -0.828644 0.558766
1778755210.093551 -21.234364 -42.759369 0.306027 0.019414 0.026367 -0.826530 0.561940
1778755210.144973 -21.246008 -42.791355 0.301723 0.022641 0.027723 -0.824449 0.564804
1778755210.196215 -21.260595 -42.815418 0.308932 0.024515 0.022911 -0.822070 0.568397
1778755210.251339 -21.271481 -42.837368 0.310673 0.025531 0.015879 -0.820850 0.570352
1778755210.302521 -21.281420 -42.863625 0.308839 0.028594 0.013620 -0.821076 0.569939
1778755210.356514 -21.291986 -42.891293 0.305341 0.025678 0.013593 -0.821794 0.569043
1778755210.410403 -21.303247 -42.924259 0.300699 0.021537 0.018362 -0.821557 0.569424
1778755210.467752 -21.311260 -42.953743 0.302263 0.025622 0.027551 -0.821604 0.568816
1778755210.519671 -21.315866 -42.978951 0.312958 0.024483 0.028093 -0.822303 0.567829
1778755210.571279 -21.322750 -43.006077 0.315585 0.020543 0.031149 -0.821068 0.569610
1778755210.626290 -21.330282 -43.035923 0.313312 0.015756 0.032520 -0.820060 0.571136
1778755210.674878 -21.339897 -43.067936 0.309035 0.014709 0.033248 -0.818971 0.572682
1778755210.732036 -21.352797 -43.100784 0.304467 0.019607 0.031032 -0.817709 0.574461
1778755210.784986 -21.363544 -43.128532 0.303025 0.019342 0.035329 -0.816675 0.575690
1778755210.837156 -21.376440 -43.152462 0.308415 0.024633 0.028142 -0.814046 0.579595
1778755210.891915 -21.385271 -43.177658 0.310708 0.028469 0.021423 -0.813520 0.580445
1778755210.944601 -21.393881 -43.207302 0.308832 0.026581 0.022635 -0.815067 0.578314
1778755211.007437 -21.403158 -43.240822 0.305120 0.024025 0.027391 -0.816040 0.576846
1778755211.056157 -21.413830 -43.273853 0.301120 0.029997 0.033197 -0.815502 0.577022
1778755211.109047 -21.417582 -43.298794 0.312832 0.032456 0.036639 -0.816314 0.575530
1778755211.172819 -21.423836 -43.328377 0.316045 0.028207 0.042157 -0.815682 0.576273
1778755211.220562 -21.432087 -43.356441 0.313318 0.025640 0.042794 -0.815539 0.576548
1778755211.274737 -21.442854 -43.387276 0.308709 0.027791 0.044476 -0.814775 0.577400
1778755211.326978 -21.455471 -43.417892 0.302497 0.034595 0.043030 -0.813702 0.578654
1778755211.378498 -21.467197 -43.449032 0.302304 0.030261 0.051452 -0.812869 0.579380
1778755211.433671 -21.480837 -43.469013 0.312246 0.035474 0.034895 -0.811628 0.582051
1778755211.487121 -21.488771 -43.492943 0.314195 0.039597 0.031621 -0.810999 0.582849
1778755211.540658 -21.496889 -43.522709 0.312112 0.040050 0.034707 -0.812075 0.581141
1778755211.591155 -21.505054 -43.554314 0.306449 0.039992 0.041837 -0.812391 0.580235
1778755211.646486 -21.513401 -43.584915 0.303622 0.042471 0.042504 -0.808670 0.585187
1778755211.698609 -21.516165 -43.610622 0.313604 0.038627 0.050371 -0.800980 0.595317
1778755211.754135 -21.521997 -43.637794 0.316177 0.032570 0.054476 -0.790289 0.609438
1778755211.819787 -21.527761 -43.667259 0.312822 0.027078 0.056481 -0.779060 0.623812
1778755211.858866 -21.534472 -43.700531 0.307169 0.027405 0.056468 -0.768669 0.636559
1778755211.912205 -21.543549 -43.734180 0.306464 0.037305 0.052989 -0.759762 0.646964
1778755211.969476 -21.547735 -43.761841 0.309462 0.016628 0.055583 -0.753986 0.654323
1778755212.022981 -21.556967 -43.784740 0.314261 0.028048 0.041038 -0.745799 0.664314
1778755212.073541 -21.556021 -43.813175 0.314410 0.025784 0.041781 -0.741188 0.669500
1778755212.125060 -21.555876 -43.844097 0.311258 0.020897 0.045175 -0.737386 0.673636
1778755212.186560 -21.558796 -43.878357 0.300654 0.024973 0.043698 -0.733571 0.677747
1778755212.230451 -21.554272 -43.905651 0.313167 0.020952 0.051470 -0.731844 0.679202
1778755212.290627 -21.553606 -43.929462 0.316109 0.019961 0.050108 -0.729606 0.681738
1778755212.342324 -21.553816 -43.963802 0.313271 0.018703 0.051452 -0.725755 0.685771
1778755212.397135 -21.555321 -43.996048 0.308365 0.021157 0.052450 -0.722409 0.689149
1778755212.453011 -21.560675 -44.031544 0.305419 0.032669 0.050626 -0.719527 0.691846
1778755212.503545 -21.559525 -44.064724 0.306590 0.018080 0.056507 -0.717751 0.693768
1778755212.560026 -21.568510 -44.083813 0.312872 0.028658 0.039034 -0.714219 0.698246
1778755212.607909 -21.568005 -44.110737 0.314612 0.030802 0.037346 -0.713137 0.699351
1778755212.676619 -21.568321 -44.142269 0.312005 0.030554 0.037894 -0.713053 0.699418
1778755212.723258 -21.567423 -44.174637 0.306839 0.029988 0.040610 -0.713275 0.699064
1778755212.771597 -21.566643 -44.206440 0.304109 0.032296 0.040035 -0.712538 0.699746
1778755212.824730 -21.561357 -44.232292 0.314436 0.024810 0.048322 -0.713819 0.698221
1778755212.883197 -21.558670 -44.258163 0.316678 0.017474 0.049891 -0.713597 0.698560
1778755212.942591 -21.555780 -44.289387 0.312554 0.010922 0.050303 -0.712580 0.699700
1778755212.989780 -21.554052 -44.321362 0.306646 0.009213 0.050639 -0.711162 0.701142
1778755213.038823 -21.555111 -44.355309 0.305241 0.014203 0.048977 -0.709424 0.702934
1778755213.094804 -21.555555 -44.385883 0.301408 0.012698 0.052263 -0.707896 0.704266
1778755213.148460 -21.560183 -44.412701 0.307221 0.020582 0.043358 -0.705548 0.707035
1778755213.201546 -21.561306 -44.437477 0.309544 0.025443 0.035536 -0.706060 0.706802
1778755213.254091 -21.559690 -44.465843 0.307907 0.021738 0.036974 -0.707664 0.705246
1778755213.308755 -21.557796 -44.498718 0.303798 0.018338 0.039895 -0.708438 0.704406
1778755213.362357 -21.557354 -44.532364 0.296138 0.021366 0.041955 -0.708135 0.704506
1778755213.410729 -21.551558 -44.560467 0.313829 0.018459 0.045364 -0.708542 0.703967
1778755213.465243 -21.548283 -44.583851 0.318059 0.016534 0.043224 -0.709158 0.703529
1778755213.522352 -21.544930 -44.613293 0.315864 0.010821 0.045875 -0.708876 0.703757
1778755213.581461 -21.541483 -44.647015 0.309363 0.006094 0.046083 -0.708706 0.703971
1778755213.633679 -21.539959 -44.677971 0.303690 0.006630 0.046165 -0.708643 0.704024
1778755213.682300 -21.541647 -44.712906 0.303753 0.013776 0.041653 -0.707910 0.704939
1778755213.735697 -21.540907 -44.742809 0.304501 0.017041 0.049405 -0.704032 0.708243
1778755213.791914 -21.543468 -44.768562 0.308561 0.019409 0.039874 -0.702905 0.709900
1778755213.856105 -21.542456 -44.793690 0.309249 0.022106 0.038192 -0.704849 0.707984
1778755213.899710 -21.540842 -44.823841 0.306542 0.019533 0.038767 -0.707022 0.705858
1778755213.952760 -21.537928 -44.856647 0.301848 0.015760 0.044339 -0.707396 0.705249
1778755214.014807 -21.536577 -44.889717 0.307463 0.018300 0.036469 -0.707857 0.705177
1778755214.058763 -21.530718 -44.913017 0.317231 0.014438 0.042683 -0.708734 0.704035
1778755214.111914 -21.528307 -44.940907 0.317243 0.011034 0.046570 -0.708841 0.703743
1778755214.169137 -21.525358 -44.971107 0.312769 0.008526 0.047644 -0.708221 0.704329
1778755214.221508 -21.523323 -45.004196 0.306744 0.009382 0.048685 -0.707305 0.705168
1778755214.277670 -21.524944 -45.038155 0.305372 0.016434 0.046255 -0.706562 0.705947
1778755214.326250 -21.524109 -45.067528 0.302564 0.009813 0.050789 -0.705844 0.706476
1778755214.377409 -21.531584 -45.092094 0.309902 0.021527 0.038304 -0.702543 0.710284
1778755214.431686 -21.532063 -45.117382 0.313054 0.023389 0.033744 -0.702729 0.710272
1778755214.491268 -21.531811 -45.145447 0.311821 0.022272 0.032861 -0.704455 0.708637
1778755214.548205 -21.531488 -45.176285 0.307988 0.021422 0.031185 -0.706105 0.707096
1778755214.591810 -21.530476 -45.211819 0.300006 0.020380 0.038293 -0.705688 0.707194
1778755214.642916 -21.526123 -45.238834 0.308704 0.022780 0.043797 -0.707434 0.705053
1778755214.694659 -21.521919 -45.260914 0.314277 0.016625 0.042739 -0.708044 0.704678
1778755214.749589 -21.519045 -45.291069 0.313409 0.011706 0.043916 -0.707764 0.704985
1778755214.805202 -21.515959 -45.324135 0.308693 0.005946 0.044090 -0.706742 0.706071
1778755214.855499 -21.515524 -45.356384 0.302962 0.009442 0.042744 -0.705823 0.707034
1778755214.909117 -21.516443 -45.389599 0.302547 0.016922 0.042491 -0.704896 0.707835
1778755214.961875 -21.521345 -45.419468 0.308454 0.016840 0.041610 -0.703245 0.709529
1778755215.025278 -21.523817 -45.442154 0.311920 0.018674 0.034325 -0.702262 0.710846
1778755215.071423 -21.523062 -45.467224 0.311777 0.020683 0.033221 -0.703455 0.709661
1778755215.137712 -21.522415 -45.499050 0.308326 0.019299 0.033248 -0.705043 0.708122
1778755215.181965 -21.519850 -45.531914 0.303037 0.016495 0.039024 -0.705028 0.707913
1778755215.228646 -21.517601 -45.563931 0.304656 0.018066 0.042358 -0.705327 0.707385
1778755215.282013 -21.512493 -45.588078 0.314200 0.016379 0.042909 -0.705762 0.706958
1778755215.336721 -21.509398 -45.615627 0.314419 0.011546 0.046610 -0.705126 0.707455
1778755215.388872 -21.505804 -45.646896 0.310015 0.006274 0.046713 -0.704425 0.708212
1778755215.442921 -21.503393 -45.681007 0.304887 0.007260 0.047399 -0.703809 0.708769
1778755215.495303 -21.503948 -45.714119 0.305717 0.013401 0.045030 -0.703285 0.709354
1778755215.554570 -21.505726 -45.743793 0.303380 0.012595 0.045302 -0.702397 0.710231
1778755215.619818 -21.508512 -45.768822 0.310586 0.018528 0.039429 -0.699759 0.713049
1778755215.661480 -21.507217 -45.794937 0.311652 0.021101 0.037292 -0.700599 0.712267
1778755215.723523 -21.505615 -45.824844 0.308630 0.019962 0.038565 -0.702485 0.710373
1778755215.764686 -21.502411 -45.856922 0.303424 0.018368 0.044289 -0.703105 0.709468
1778755215.820259 -21.502094 -45.888420 0.304056 0.018954 0.035935 -0.703926 0.709111
1778755215.868028 -21.497374 -45.911911 0.312986 0.014260 0.043399 -0.705049 0.707686
1778755215.921439 -21.494572 -45.937538 0.314702 0.011316 0.045619 -0.701279 0.711336
1778755215.976947 -21.491995 -45.966091 0.313309 0.006957 0.049947 -0.693601 0.718592
1778755216.032679 -21.487785 -46.001709 0.308639 0.005451 0.052880 -0.678744 0.732448
1778755216.085061 -21.488091 -46.036850 0.303995 0.017404 0.051878 -0.663338 0.746316
1778755216.138770 -21.484468 -46.068100 0.306206 0.007495 0.054759 -0.650907 0.757143
1778755216.199342 -21.485113 -46.091606 0.312025 0.015247 0.045966 -0.639108 0.767591
1778755216.249922 -21.477011 -46.116714 0.312498 0.015112 0.046501 -0.629730 0.775274
1778755216.300503 -21.466972 -46.146412 0.309818 0.008549 0.049501 -0.622290 0.781173
1778755216.353468 -21.457008 -46.178741 0.302688 0.006688 0.053949 -0.615789 0.786033
1778755216.404658 -21.445658 -46.205616 0.311977 0.005523 0.050506 -0.612128 0.789125
1778755216.467697 -21.436518 -46.230148 0.317001 0.007415 0.053092 -0.607993 0.792130
1778755216.514139 -21.427700 -46.259075 0.315329 0.006824 0.055420 -0.603063 0.795737
1778755216.564448 -21.417807 -46.288403 0.310346 0.007236 0.055674 -0.598604 0.799075
1778755216.620074 -21.409487 -46.322605 0.304582 0.015159 0.056984 -0.594795 0.801712
1778755216.672935 -21.401108 -46.350704 0.301357 0.013673 0.061415 -0.591017 0.804202
1778755216.724944 -21.400265 -46.376400 0.308969 0.016774 0.051119 -0.587238 0.807624
1778755216.781260 -21.393236 -46.402966 0.310998 0.023018 0.042670 -0.584037 0.810278
1778755216.831553 -21.383219 -46.428963 0.310749 0.023169 0.040545 -0.582852 0.811236
1778755216.889753 -21.373690 -46.456085 0.307935 0.023294 0.038423 -0.582998 0.811230
1778755216.938015 -21.360441 -46.487354 0.302377 0.018953 0.042967 -0.581943 0.811872
1778755216.993514 -21.349661 -46.513790 0.305558 0.023270 0.053509 -0.576626 0.814922
1778755217.045441 -21.337864 -46.536018 0.314437 0.017807 0.055041 -0.565599 0.822649
1778755217.097693 -21.324003 -46.564156 0.316920 0.009576 0.059711 -0.549549 0.833270
1778755217.151476 -21.308771 -46.592129 0.314135 0.003028 0.059933 -0.529756 0.846025
1778755217.205347 -21.294134 -46.624535 0.309261 0.009665 0.058640 -0.510194 0.858003
1778755217.260165 -21.279858 -46.654163 0.306505 0.009830 0.058624 -0.495839 0.866378
1778755217.312212 -21.270067 -46.679661 0.311106 0.015976 0.049460 -0.484569 0.873208
1778755217.379975 -21.255413 -46.700451 0.313217 0.015326 0.048360 -0.472308 0.879972
1778755217.428401 -21.235907 -46.724346 0.311254 0.008019 0.048228 -0.463482 0.884757
1778755217.473243 -21.212561 -46.750134 0.306106 -0.000566 0.052988 -0.456300 0.888247
1778755217.524219 -21.191698 -46.774422 0.305939 0.004991 0.047734 -0.449144 0.892170
1778755217.579727 -21.174290 -46.791965 0.316749 -0.000438 0.050620 -0.436983 0.898044
1778755217.648260 -21.154652 -46.813652 0.318622 -0.003338 0.053755 -0.418788 0.906485
1778755217.683928 -21.131401 -46.837452 0.315505 -0.005593 0.056689 -0.394937 0.916940
1778755217.738905 -21.108337 -46.866116 0.310566 0.004862 0.059558 -0.366914 0.928334
1778755217.799095 -21.086687 -46.884632 0.312018 -0.002270 0.058387 -0.337435 0.939534
1778755217.845602 -21.078463 -46.904591 0.317936 0.006127 0.047715 -0.301517 0.952246
1778755217.902788 -21.058558 -46.919430 0.315729 0.009923 0.047698 -0.267558 0.962309
1778755217.949041 -21.038488 -46.931316 0.312928 0.013115 0.044473 -0.241272 0.969349
1778755218.004810 -21.014715 -46.942585 0.309300 0.015996 0.042370 -0.219031 0.974666
1778755218.055672 -20.987877 -46.954880 0.302627 0.018824 0.043848 -0.199382 0.978760
1778755218.107139 -20.964142 -46.960083 0.308625 0.010850 0.044563 -0.187879 0.981121
1778755218.163267 -20.944059 -46.965408 0.312071 0.003588 0.042621 -0.180918 0.982568
1778755218.214527 -20.919306 -46.973892 0.310603 0.000262 0.042269 -0.180079 0.982743
1778755218.275782 -20.896250 -46.983845 0.309457 0.001968 0.047366 -0.187228 0.981172
1778755218.324633 -20.875822 -46.991993 0.306002 0.000857 0.053646 -0.199956 0.978335
1778755218.375795 -20.859957 -47.000820 0.316412 -0.005325 0.049979 -0.219816 0.974246
1778755218.423060 -20.847050 -47.006680 0.310497 -0.010400 0.046657 -0.241787 0.969151
1778755218.486379 -20.841320 -47.015282 0.317395 -0.002720 0.047690 -0.268367 0.962132
1778755218.533233 -20.840252 -47.019611 0.317882 0.004670 0.043789 -0.297914 0.953576
1778755218.584417 -20.835276 -47.024792 0.317894 0.009584 0.041967 -0.334727 0.941331
1778755218.637373 -20.829819 -47.030910 0.317370 0.005274 0.048992 -0.379073 0.924054
1778755218.691918 -20.829042 -47.038837 0.316658 0.010493 0.047751 -0.426502 0.903164
1778755218.745125 -20.827812 -47.045303 0.315565 0.008224 0.046501 -0.477762 0.877220
1778755218.799197 -20.828360 -47.052692 0.307994 0.011303 0.048002 -0.530277 0.846389
1778755218.856179 -20.830244 -47.061863 0.303554 0.018781 0.047214 -0.583544 0.810490
1778755218.908611 -20.826235 -47.070412 0.301552 0.012930 0.052871 -0.631903 0.773134
1778755218.967930 -20.825102 -47.076229 0.301418 0.007579 0.064179 -0.681881 0.728603
1778755219.014025 -20.836168 -47.070732 0.296671 0.006342 0.057585 -0.735195 0.675376
1778755219.070730 -20.826658 -47.079567 0.305644 0.005591 0.050437 -0.785645 0.616593
1778755219.122032 -20.822868 -47.086506 0.310520 -0.006576 0.050986 -0.832963 0.550936
1778755219.176821 -20.817205 -47.092102 0.309032 -0.022467 0.075046 -0.875530 0.476771
1778755219.229678 -20.805510 -47.097759 0.307250 -0.024987 0.069756 -0.909887 0.408184
1778755219.280781 -20.800110 -47.104523 0.305512 -0.025489 0.061288 -0.938929 0.337649
1778755219.339301 -20.789682 -47.108040 0.312075 -0.035022 0.053099 -0.965453 0.252696
1778755219.392667 -20.782431 -47.110554 0.318992 -0.021961 0.048611 -0.982681 0.177461
1778755219.446268 -20.781033 -47.110298 0.318145 -0.023029 0.039543 -0.994344 0.095850
1778755219.503627 -20.777279 -47.112957 0.317959 -0.029663 0.030209 -0.999049 0.010460
1778755219.554581 -20.781422 -47.110058 0.323401 -0.032383 0.024128 -0.997322 -0.060970
1778755219.611295 -20.790373 -47.112988 0.320980 -0.032816 0.038048 -0.989456 -0.135840
1778755219.659488 -20.797907 -47.116737 0.320511 -0.030071 0.067549 -0.975069 -0.209220
1778755219.721339 -20.809053 -47.121212 0.315123 -0.022997 0.087790 -0.953095 -0.288744
1778755219.770372 -20.819431 -47.105808 0.317942 -0.021941 0.089464 -0.934935 -0.342653
1778755219.825984 -20.838516 -47.088638 0.318629 -0.029676 0.077672 -0.917746 -0.388366
1778755219.882222 -20.844368 -47.078461 0.308118 -0.016809 0.037831 -0.907016 -0.419057
1778755219.932802 -20.858070 -47.060856 0.303609 -0.025964 0.030086 -0.895698 -0.442884
1778755219.987206 -20.867533 -47.015255 0.311703 -0.058606 0.009198 -0.879431 -0.472316
1778755220.038899 -20.879358 -46.980602 0.317737 -0.080018 0.010975 -0.856309 -0.510109
1778755220.097049 -20.892197 -46.942204 0.334874 -0.063094 0.021812 -0.835658 -0.545178
1778755220.145222 -20.908918 -46.887016 0.320673 -0.044861 0.009288 -0.817163 -0.574584
1778755220.196823 -20.917816 -46.839081 0.306565 -0.045110 0.011656 -0.801176 -0.596613
1778755220.250385 -20.929224 -46.793591 0.304867 -0.046326 0.007149 -0.795282 -0.604425
1778755220.302106 -20.946997 -46.746216 0.306925 -0.035558 0.021531 -0.797305 -0.602143
1778755220.356697 -20.950115 -46.702339 0.294238 -0.046648 0.013763 -0.809716 -0.584804
1778755220.405791 -20.966991 -46.656891 0.300853 -0.041708 0.013069 -0.823680 -0.565368
1778755220.456412 -20.988440 -46.615452 0.309023 -0.038014 0.032818 -0.845817 -0.531104
1778755220.520180 -21.019430 -46.566082 0.314871 -0.047470 0.048331 -0.869716 -0.488881
1778755220.564677 -21.044655 -46.535133 0.307224 -0.027516 0.055883 -0.889355 -0.452955
1778755220.624138 -21.080431 -46.496178 0.307418 -0.020619 0.060705 -0.904691 -0.421217
1778755220.674401 -21.117479 -46.459255 0.313649 -0.029448 0.068283 -0.917197 -0.391434
1778755220.738046 -21.172314 -46.415485 0.303672 -0.038180 0.070672 -0.922575 -0.377363
1778755220.780737 -21.206570 -46.386917 0.311426 -0.019879 0.051334 -0.922897 -0.381093
1778755220.830507 -21.256050 -46.343441 0.308674 -0.023124 0.051068 -0.917635 -0.393450
1778755220.889997 -21.298626 -46.293991 0.312483 -0.023058 0.058079 -0.907259 -0.415906
1778755220.941110 -21.337881 -46.254654 0.299419 -0.047441 0.029964 -0.900845 -0.430500
1778755221.013822 -21.363525 -46.220280 0.301201 -0.027909 0.034714 -0.892737 -0.448372
1778755221.055063 -21.396666 -46.167194 0.280184 -0.034308 0.006411 -0.885562 -0.463208
1778755221.107320 -21.440811 -46.151726 0.287579 -0.026084 0.036560 -0.877462 -0.477539
1778755221.161616 -21.459372 -46.108597 0.301167 -0.045666 -0.003694 -0.874350 -0.483129
1778755221.214388 -21.492765 -46.069565 0.309493 -0.042806 0.003950 -0.870323 -0.490601
1778755221.295751 -21.519783 -46.025764 0.320723 -0.041316 0.014457 -0.866947 -0.496475
1778755221.322747 -21.543749 -45.981682 0.324000 -0.048188 -0.002196 -0.865061 -0.499342
1778755221.371228 -21.571697 -45.942268 0.310249 -0.038301 0.009014 -0.861104 -0.506904
1778755221.431514 -21.596411 -45.889492 0.309279 -0.044110 0.018630 -0.857281 -0.512617
1778755221.478283 -21.624321 -45.838997 0.314915 -0.047938 0.029377 -0.845796 -0.530536
1778755221.531304 -21.650621 -45.778843 0.301066 -0.043153 0.026362 -0.828865 -0.557159
1778755221.584322 -21.669128 -45.729347 0.304104 -0.043598 0.001628 -0.818202 -0.573273
1778755221.639723 -21.687605 -45.674511 0.311051 -0.053246 0.006355 -0.803426 -0.592985
1778755221.691271 -21.700659 -45.618607 0.325130 -0.051360 0.020860 -0.789097 -0.611762
1778755221.743941 -21.715063 -45.563595 0.305567 -0.059012 0.001525 -0.778193 -0.625245
1778755221.798084 -21.725790 -45.507729 0.302758 -0.053063 0.003204 -0.767989 -0.638253
1778755221.853762 -21.735010 -45.453766 0.305624 -0.052730 0.015626 -0.759423 -0.648269
1778755221.906367 -21.744839 -45.394150 0.314270 -0.048386 0.015511 -0.753343 -0.655663
1778755221.961194 -21.769251 -45.321732 0.305019 -0.043549 0.012549 -0.750004 -0.659879
1778755222.011327 -21.776970 -45.266190 0.308385 -0.049193 0.003905 -0.738462 -0.672487
1778755222.069012 -21.777370 -45.212891 0.311947 -0.039003 0.016053 -0.713085 -0.699808
1778755222.127160 -21.766659 -45.152554 0.304075 -0.056088 -0.002158 -0.685965 -0.725467
1778755222.171611 -21.763968 -45.121452 0.301574 -0.047584 0.006893 -0.659135 -0.750486
1778755222.228097 -21.751411 -45.052895 0.300516 -0.054331 -0.000604 -0.638248 -0.767911
1778755222.281266 -21.749105 -45.001873 0.280934 -0.054305 -0.004050 -0.618914 -0.783569
1778755222.340868 -21.742544 -44.965519 0.285999 -0.061011 -0.002259 -0.605303 -0.793650
1778755222.387805 -21.733303 -44.912697 0.296462 -0.056952 -0.013327 -0.604386 -0.794541
1778755222.442317 -21.725746 -44.865845 0.307360 -0.053074 0.000786 -0.611257 -0.789651
1778755222.495232 -21.713610 -44.807621 0.318664 -0.052929 0.012688 -0.621691 -0.781369
1778755222.548755 -21.708870 -44.770626 0.302327 -0.035540 0.011016 -0.629037 -0.776485
1778755222.600352 -21.702053 -44.717552 0.301749 -0.032867 0.017208 -0.631873 -0.774184
1778755222.651748 -21.693913 -44.663639 0.308639 -0.038038 0.037734 -0.637817 -0.768322
1778755222.705754 -21.688135 -44.599163 0.311253 -0.041588 0.052638 -0.642604 -0.763256
1778755222.763443 -21.675606 -44.540787 0.307292 -0.031260 0.028386 -0.649323 -0.759340
1778755222.813049 -21.675421 -44.482170 0.307044 -0.024070 0.029625 -0.654963 -0.754696
1778755222.862710 -21.669519 -44.422337 0.313522 -0.017627 0.038458 -0.656667 -0.752993
1778755222.913825 -21.658422 -44.364639 0.313737 -0.023578 0.037794 -0.652768 -0.756247
1778755222.974018 -21.657465 -44.312782 0.309085 -0.031045 0.036581 -0.635059 -0.770973
1778755223.023928 -21.648315 -44.262123 0.312031 -0.030871 0.039293 -0.618849 -0.783919
1778755223.072770 -21.638302 -44.208382 0.311868 -0.033269 0.044867 -0.607590 -0.792284
1778755223.129128 -21.623764 -44.147923 0.317284 -0.035687 0.045416 -0.597145 -0.800051
1778755223.181469 -21.612282 -44.113640 0.302157 -0.033691 0.021787 -0.594191 -0.803323
1778755223.246063 -21.596144 -44.060574 0.302194 -0.041379 0.011602 -0.588555 -0.807314
1778755223.288182 -21.577782 -44.007938 0.308868 -0.043393 0.021160 -0.578553 -0.814215
1778755223.341053 -21.551655 -43.951553 0.323688 -0.044047 0.029836 -0.570720 -0.819420
1778755223.396071 -21.535713 -43.912315 0.309136 -0.037901 0.014812 -0.563917 -0.824829
1778755223.445468 -21.515337 -43.863331 0.299617 -0.043063 0.022030 -0.558257 -0.828257
1778755223.500158 -21.496302 -43.816433 0.302501 -0.045466 0.036769 -0.555013 -0.829784
1778755223.550638 -21.472820 -43.757851 0.309829 -0.044048 0.043181 -0.552888 -0.830969
1778755223.612334 -21.459127 -43.709557 0.301789 -0.032044 0.037845 -0.551370 -0.832786
1778755223.660410 -21.435669 -43.660568 0.302047 -0.043571 0.033617 -0.551756 -0.832188
1778755223.714478 -21.414654 -43.606224 0.308963 -0.038613 0.046725 -0.546664 -0.835155
1778755223.766916 -21.387716 -43.549614 0.325377 -0.030571 0.054592 -0.547837 -0.834242
1778755223.820711 -21.373941 -43.507225 0.298008 -0.019171 0.044478 -0.560102 -0.827007
1778755223.874389 -21.352375 -43.451958 0.301377 -0.015706 0.045846 -0.582061 -0.811700
1778755223.923681 -21.336130 -43.392960 0.309609 -0.021855 0.052487 -0.609912 -0.790427
1778755223.977058 -21.331652 -43.331745 0.304976 -0.013871 0.063911 -0.631830 -0.772343
1778755224.033319 -21.315489 -43.300007 0.307502 -0.022710 0.049177 -0.653586 -0.754912
1778755224.086424 -21.309879 -43.242065 0.309905 -0.023287 0.055611 -0.670013 -0.739897
1778755224.142292 -21.306492 -43.173344 0.327278 -0.015506 0.071813 -0.683670 -0.726084
1778755224.194321 -21.305090 -43.145462 0.302181 0.001046 0.061033 -0.693153 -0.718201
1778755224.247481 -21.307013 -43.090294 0.303238 0.001496 0.054096 -0.697564 -0.714476
1778755224.305456 -21.307060 -43.038498 0.298436 -0.000656 0.063464 -0.698596 -0.712696
1778755224.356222 -21.311413 -42.978931 0.283212 -0.010521 0.074389 -0.689111 -0.720751
1778755224.406534 -21.301567 -42.917183 0.292977 -0.020900 0.029363 -0.677214 -0.734903
1778755224.459499 -21.306576 -42.862114 0.307292 -0.016338 0.010507 -0.655060 -0.755328
1778755224.525383 -21.293112 -42.801914 0.324177 -0.018554 0.014888 -0.616136 -0.787280
1778755224.571372 -21.274881 -42.749279 0.318581 -0.047048 0.001620 -0.571272 -0.819410
1778755224.620687 -21.274837 -42.715244 0.316679 -0.027052 0.016186 -0.526799 -0.849405
1778755224.676172 -21.257715 -42.662415 0.306162 -0.022102 0.014796 -0.490104 -0.871258
1778755224.724343 -21.244879 -42.665302 0.282566 -0.041466 0.007965 -0.452448 -0.890791
1778755224.783624 -21.244642 -42.665764 0.292062 -0.061571 -0.009711 -0.435103 -0.898221
1778755224.834395 -21.217936 -42.616848 0.306250 -0.064740 -0.015377 -0.413353 -0.908136
1778755224.882103 -21.182436 -42.576664 0.318981 -0.051655 -0.004137 -0.391890 -0.918552
1778755224.944062 -21.143167 -42.536175 0.302965 -0.069917 -0.009111 -0.377216 -0.923437
1778755224.990298 -21.112791 -42.501163 0.298781 -0.047578 0.006726 -0.360991 -0.931331
1778755225.044722 -21.070604 -42.464024 0.305492 -0.038882 0.015660 -0.347387 -0.936785
1778755225.097448 -21.042837 -42.420506 0.291371 -0.030127 0.020301 -0.336754 -0.940892
1778755225.150372 -21.036116 -42.405830 0.292906 -0.035984 0.019269 -0.333063 -0.942021
1778755225.205805 -20.993914 -42.368931 0.305325 -0.039711 0.021042 -0.329023 -0.943252
1778755225.256271 -20.950766 -42.336121 0.318474 -0.031559 0.031553 -0.319952 -0.946382
1778755225.313253 -20.900080 -42.306637 0.311622 -0.041485 0.025834 -0.315885 -0.947538
1778755225.363496 -20.865969 -42.267776 0.305357 -0.026359 0.026830 -0.305527 -0.951440
1778755225.420928 -20.820711 -42.235840 0.308696 -0.025229 0.035818 -0.302202 -0.952237
1778755225.473699 -20.774080 -42.198833 0.313842 -0.023551 0.048210 -0.301039 -0.952101
1778755225.522896 -20.716175 -42.162090 0.305161 -0.030203 0.031983 -0.301750 -0.952372
1778755225.576638 -20.681200 -42.129074 0.304920 -0.026840 0.012377 -0.302638 -0.952647
1778755225.630951 -20.633352 -42.092762 0.307153 -0.019252 0.014805 -0.299371 -0.953828
1778755225.685318 -20.589211 -42.062378 0.312836 -0.010823 0.025282 -0.295887 -0.954827
1778755225.740045 -20.535540 -42.023659 0.306157 -0.016501 0.021924 -0.294787 -0.955169
1778755225.793576 -20.489103 -41.988583 0.305305 -0.004668 0.023267 -0.293471 -0.955674
1778755225.855009 -20.437334 -41.951717 0.306220 -0.003214 0.034917 -0.286380 -0.957474
1778755225.908678 -20.389723 -41.918381 0.305045 -0.000726 0.043177 -0.266485 -0.962871
1778755225.962601 -20.359123 -41.900696 0.302012 -0.001830 0.042322 -0.234868 -0.971104
1778755226.009418 -20.320715 -41.881878 0.297112 -0.026822 0.034025 -0.210132 -0.976713
1778755226.066859 -20.268768 -41.858040 0.308081 -0.030566 0.044400 -0.178560 -0.982451
1778755226.122411 -20.212673 -41.835720 0.326871 -0.011342 0.050149 -0.148789 -0.987532
1778755226.173354 -20.158201 -41.816154 0.300673 -0.035980 0.041274 -0.125376 -0.990597
1778755226.222213 -20.111397 -41.803841 0.305886 -0.029096 0.040047 -0.103682 -0.993378
1778755226.279496 -20.059408 -41.789185 0.309293 -0.024272 0.043733 -0.091170 -0.994579
1778755226.331384 -20.000540 -41.768761 0.297893 -0.017443 0.044268 -0.078443 -0.995783
1778755226.391749 -19.951561 -41.762264 0.298241 -0.017286 0.046411 -0.074059 -0.996023
1778755226.437676 -19.901064 -41.752636 0.302984 -0.023601 0.050103 -0.066506 -0.996248
1778755226.496106 -19.843544 -41.744400 0.310709 -0.012383 0.061121 -0.052489 -0.996672
1778755226.547094 -19.785320 -41.740967 0.319751 -0.005238 0.053470 -0.043849 -0.997593
1778755226.616206 -19.737623 -41.734612 0.298951 -0.001701 0.031684 -0.032673 -0.998962
1778755226.655714 -19.688503 -41.729195 0.302035 0.003324 0.039426 -0.026774 -0.998858
1778755226.702609 -19.636482 -41.722496 0.302066 0.005317 0.052870 -0.025159 -0.998270
1778755226.760438 -19.578466 -41.713688 0.305808 0.009204 0.065795 -0.023851 -0.997506
1778755226.809126 -19.520681 -41.710949 0.300938 -0.012144 0.043444 -0.027387 -0.998607
1778755226.869430 -19.474167 -41.701656 0.304152 -0.005438 0.034761 -0.027930 -0.998991
1778755226.918957 -19.415060 -41.696236 0.308594 0.000524 0.036040 -0.024532 -0.999049
1778755226.973571 -19.343801 -41.695713 0.322038 0.015492 0.038601 -0.020908 -0.998916
1778755227.028076 -19.297436 -41.694714 0.302209 0.012595 0.032422 -0.031044 -0.998913
1778755227.080519 -19.242622 -41.687946 0.305240 0.018039 0.034816 -0.052024 -0.997876
1778755227.136187 -19.180767 -41.676823 0.310909 0.018842 0.044922 -0.083461 -0.995320
1778755227.185922 -19.116121 -41.654884 0.309341 0.016760 0.048366 -0.109643 -0.992652
1778755227.239071 -19.113272 -41.666767 0.305938 0.015142 0.039246 -0.132601 -0.990277
1778755227.292962 -19.060400 -41.647388 0.310337 0.017262 0.042196 -0.150961 -0.987488
1778755227.344680 -19.015093 -41.623394 0.283443 0.031654 0.047263 -0.168755 -0.984015
1778755227.397876 -18.965178 -41.611328 0.280908 0.003170 0.054318 -0.186459 -0.980955
1778755227.454766 -18.934324 -41.589050 0.300544 0.017025 0.056097 -0.193959 -0.979256
1778755227.505376 -18.875835 -41.563766 0.304458 0.012475 0.063805 -0.207179 -0.976141
1778755227.554869 -18.832542 -41.536995 0.310388 0.012223 0.073575 -0.218028 -0.973088
1778755227.606281 -18.773239 -41.502979 0.307776 0.010454 0.074087 -0.225840 -0.971287
1778755227.667097 -18.729073 -41.476402 0.302167 0.016484 0.053177 -0.235808 -0.970204
1778755227.719396 -18.680328 -41.446102 0.307047 0.008857 0.055697 -0.242700 -0.968461
1778755227.768075 -18.631733 -41.416275 0.315357 0.015915 0.063333 -0.245776 -0.967125
1778755227.820431 -18.578165 -41.390446 0.307741 -0.003897 0.059066 -0.252136 -0.965880
1778755227.876019 -18.539015 -41.361366 0.304839 0.001679 0.055928 -0.241409 -0.968809
1778755227.929826 -18.488758 -41.333542 0.305490 -0.000526 0.062591 -0.223852 -0.972611
1778755227.978403 -18.443312 -41.305134 0.309410 -0.001760 0.074764 -0.206217 -0.975644
1778755228.034164 -18.390545 -41.276711 0.308024 -0.010509 0.081996 -0.191716 -0.977963
1778755228.094222 -18.345350 -41.263496 0.305410 -0.028733 0.038390 -0.188552 -0.980892
1778755228.138872 -18.299612 -41.238773 0.304377 -0.032030 0.035813 -0.176084 -0.983202
1778755228.195146 -18.243692 -41.218925 0.310370 -0.027017 0.043198 -0.164058 -0.985134
1778755228.246535 -18.187990 -41.202732 0.324166 -0.020165 0.039369 -0.155297 -0.986877
1778755228.304235 -18.142933 -41.183689 0.302513 -0.027833 0.033158 -0.145621 -0.988393
1778755228.356348 -18.091951 -41.169952 0.303941 -0.025709 0.042088 -0.139007 -0.989063
1778755228.406031 -18.038265 -41.152458 0.306219 -0.021191 0.052517 -0.135296 -0.989186
1778755228.464707 -17.972132 -41.130459 0.308459 -0.018880 0.052688 -0.132127 -0.989652
1778755228.513327 -17.933382 -41.117538 0.299505 -0.020337 0.037628 -0.133276 -0.990156
1778755228.571500 -17.878153 -41.102207 0.304520 -0.025647 0.041279 -0.130233 -0.990292
1778755228.621330 -17.821959 -41.086521 0.313333 -0.014711 0.050232 -0.123222 -0.990998
1778755228.671541 -17.757761 -41.076077 0.309553 -0.012040 0.046144 -0.120381 -0.991582
1778755228.730489 -17.724470 -41.064281 0.305784 -0.013124 0.036935 -0.113952 -0.992713
1778755228.781226 -17.668335 -41.051407 0.303191 -0.011884 0.042271 -0.110833 -0.992869
1778755228.863368 -17.612543 -41.035824 0.306779 -0.009157 0.052300 -0.111497 -0.992345
1778755228.893003 -17.533167 -41.007622 0.308676 -0.004608 0.050744 -0.111198 -0.992491
1778755228.942456 -17.479237 -40.995407 0.301946 -0.006408 0.039631 -0.115796 -0.992462
1778755229.004550 -17.427038 -40.981007 0.306512 -0.006846 0.043154 -0.114767 -0.992431
1778755229.048316 -17.369249 -40.968372 0.315921 0.002483 0.053739 -0.110791 -0.992387
1778755229.107740 -17.312082 -40.958218 0.309855 -0.006987 0.046829 -0.110727 -0.992723
1778755229.155956 -17.268021 -40.943214 0.305071 -0.006898 0.040608 -0.107750 -0.993325
1778755229.210469 -17.209064 -40.929531 0.304647 -0.006007 0.051426 -0.107399 -0.992867
1778755229.263465 -17.152699 -40.913868 0.309654 -0.002862 0.061971 -0.109315 -0.992069
1778755229.317984 -17.086946 -40.898293 0.302724 -0.006931 0.053954 -0.111084 -0.992321
1778755229.370687 -17.041639 -40.888416 0.303315 -0.011863 0.027102 -0.114759 -0.992953
1778755229.422389 -16.984209 -40.872047 0.308884 -0.007215 0.026627 -0.114828 -0.993002
1778755229.487880 -16.926470 -40.860600 0.318365 0.001232 0.031780 -0.113082 -0.993077
1778755229.530346 -16.873028 -40.848919 0.302451 -0.010433 0.027879 -0.112894 -0.993161
1778755229.586027 -16.824823 -40.836342 0.306047 -0.006822 0.029041 -0.108874 -0.993608
1778755229.642335 -16.770689 -40.823406 0.310698 -0.006242 0.042567 -0.110687 -0.992924
1778755229.694621 -16.709658 -40.806465 0.318765 -0.004288 0.050694 -0.117946 -0.991716
1778755229.744011 -16.679956 -40.797482 0.308554 0.001655 0.036671 -0.138987 -0.989614
1778755229.796692 -16.635054 -40.784637 0.308191 0.000088 0.034303 -0.169092 -0.985003
1778755229.860541 -16.585457 -40.763355 0.313126 0.005466 0.041170 -0.193330 -0.980255
1778755229.902716 -16.533756 -40.742031 0.322323 0.009204 0.055816 -0.212717 -0.975475
1778755229.955226 -16.489189 -40.722485 0.302533 0.017775 0.040441 -0.226748 -0.972951
1778755230.016889 -16.434586 -40.692833 0.302245 0.017540 0.042901 -0.238805 -0.969961
1778755230.062663 -16.394081 -40.668972 0.307065 0.014507 0.054364 -0.251995 -0.966092
1778755230.112859 -16.331976 -40.621998 0.307759 0.011377 0.063511 -0.266429 -0.961693
1778755230.171304 -16.300652 -40.596294 0.305318 0.013207 0.047586 -0.277549 -0.959441
1778755230.219945 -16.245766 -40.557159 0.304633 0.008264 0.049414 -0.285922 -0.956942
1778755230.277077 -16.201223 -40.524734 0.309851 0.014177 0.059897 -0.289399 -0.955228
1778755230.324985 -16.146152 -40.488678 0.313108 0.019198 0.061253 -0.294721 -0.953425
1778755230.391111 -16.117741 -40.459663 0.299055 0.014861 0.050776 -0.295338 -0.953927
1778755230.434898 -16.072618 -40.428738 0.299789 0.010230 0.055861 -0.299366 -0.952447
1778755230.486474 -16.029655 -40.392868 0.303373 0.005132 0.066883 -0.306739 -0.949427
1778755230.543805 -15.978367 -40.346581 0.307327 0.000400 0.071127 -0.311420 -0.947607
1778755230.594588 -15.932055 -40.317860 0.304095 -0.000965 0.040394 -0.320366 -0.946432
1778755230.647170 -15.887579 -40.280346 0.302484 -0.008182 0.033269 -0.323048 -0.945762
1778755230.696650 -15.842986 -40.246502 0.307913 -0.003608 0.041216 -0.321393 -0.946042
1778755230.748610 -15.788976 -40.209126 0.322662 -0.004025 0.044473 -0.315188 -0.947978
1778755230.804082 -15.752888 -40.175880 0.300080 -0.015848 0.038705 -0.292828 -0.955250
1778755230.859689 -15.709635 -40.148342 0.305322 -0.016888 0.046792 -0.260122 -0.964294
1778755230.918700 -15.664086 -40.120766 0.306741 -0.011666 0.058555 -0.221005 -0.973443
1778755230.967529 -15.618578 -40.098892 0.308033 -0.014375 0.067042 -0.175909 -0.982016
1778755231.022113 -15.595845 -40.099674 0.292991 -0.044645 0.037643 -0.138403 -0.988653
1778755231.078714 -15.538438 -40.082298 0.302978 -0.051697 0.016632 -0.105317 -0.992955
1778755231.126154 -15.485804 -40.075790 0.313724 -0.052864 0.022887 -0.066364 -0.996131
1778755231.177955 -15.425492 -40.073898 0.322566 -0.040374 0.024976 -0.033417 -0.998313
1778755231.233204 -15.368528 -40.071854 0.306331 -0.051158 0.015653 -0.010796 -0.998510
1778755231.286901 -15.311106 -40.071526 0.302715 -0.039490 0.019451 0.009821 -0.998982
1778755231.340342 -15.253736 -40.075199 0.306405 -0.028923 0.030887 0.028045 -0.998711
1778755231.391988 -15.198930 -40.071903 0.292092 -0.010839 0.028520 0.044819 -0.998529
1778755231.450434 -15.147918 -40.084652 0.301193 -0.022826 0.028989 0.051029 -0.998015
1778755231.513869 -15.091942 -40.088085 0.308593 -0.024728 0.023578 0.063384 -0.997404
1778755231.561553 -15.037740 -40.098099 0.315069 -0.013933 0.025449 0.075702 -0.996708
1778755231.607780 -14.980439 -40.102783 0.300507 -0.020684 0.019158 0.083414 -0.996116
1778755231.659405 -14.928011 -40.110073 0.305487 -0.013334 0.018484 0.094495 -0.995265
1778755231.715076 -14.872956 -40.119759 0.310108 -0.008057 0.030837 0.099145 -0.994562
1778755231.764426 -14.813577 -40.128986 0.316217 -0.004671 0.038007 0.102296 -0.994017
1778755231.818611 -14.757490 -40.141743 0.307249 -0.012496 0.019906 0.103658 -0.994335
1778755231.869635 -14.696212 -40.152134 0.312856 -0.025856 0.010909 0.104927 -0.994084
1778755231.924511 -14.639382 -40.162804 0.316187 -0.018090 0.011019 0.110589 -0.993641
1778755231.979529 -14.575301 -40.180550 0.317184 -0.010448 0.009658 0.113500 -0.993436
1778755232.027097 -14.555640 -40.180893 0.306608 -0.013314 0.001650 0.116439 -0.993107
1778755232.083092 -14.504343 -40.194408 0.307994 -0.008596 0.006513 0.117714 -0.992989
1778755232.130812 -14.447332 -40.206242 0.311444 -0.005329 0.018701 0.116249 -0.993030
1778755232.187784 -14.370953 -40.220940 0.306398 -0.004839 0.016388 0.116139 -0.993086
1778755232.241241 -14.328705 -40.229385 0.309809 -0.013198 0.004835 0.113935 -0.993389
1778755232.291509 -14.273391 -40.240601 0.312535 -0.012666 0.007959 0.115221 -0.993227
1778755232.348462 -14.213003 -40.255692 0.315378 -0.002431 0.015926 0.117818 -0.992905
1778755232.400921 -14.183366 -40.266399 0.304109 -0.001423 0.007588 0.112255 -0.993649
1778755232.460979 -14.132672 -40.277866 0.308060 -0.000336 0.008302 0.098376 -0.995115
1778755232.508223 -14.070924 -40.285900 0.315606 0.004333 0.020849 0.070352 -0.997295
1778755232.559222 -13.999260 -40.285999 0.310702 0.003518 0.025174 0.045184 -0.998655
1778755232.616452 -13.967170 -40.283897 0.311428 0.008442 0.015331 0.025201 -0.999529
1778755232.665895 -13.901138 -40.284386 0.313091 0.005846 0.014757 0.006108 -0.999855
1778755232.728214 -13.836406 -40.283222 0.314792 0.014412 0.019250 -0.010364 -0.999657
1778755232.775029 -13.778263 -40.280979 0.296936 0.009943 0.023507 -0.023555 -0.999397
1778755232.825892 -13.730786 -40.274097 0.302029 0.015114 0.024675 -0.030126 -0.999127
1778755232.881559 -13.671512 -40.270283 0.306011 0.013778 0.039228 -0.043061 -0.998207
1778755232.932824 -13.614316 -40.259747 0.311279 0.019218 0.051165 -0.053260 -0.997084
1778755232.990240 -13.555206 -40.247993 0.303068 0.014223 0.036920 -0.062131 -0.997284
1778755233.035656 -13.500806 -40.240585 0.302401 0.004239 0.029918 -0.071613 -0.996975
1778755233.088118 -13.444684 -40.230247 0.308221 0.003242 0.033366 -0.075554 -0.996578
1778755233.146248 -13.381913 -40.221558 0.318790 0.012852 0.037884 -0.078819 -0.996086
1778755233.196145 -13.342854 -40.218548 0.299191 0.005908 0.030250 -0.081127 -0.996227
1778755233.268904 -13.290238 -40.207619 0.304320 0.001300 0.030942 -0.085446 -0.995861
1778755233.306860 -13.233177 -40.198566 0.307012 -0.000295 0.041517 -0.090780 -0.995005
1778755233.354991 -13.170413 -40.185539 0.315626 -0.000710 0.046311 -0.095039 -0.994395
1778755233.410916 -13.153204 -40.182980 0.298861 0.004038 0.037981 -0.096712 -0.994579
1778755233.464541 -13.100888 -40.176636 0.303384 -0.014930 0.037193 -0.099148 -0.994265
1778755233.523979 -13.042571 -40.161930 0.311951 -0.003789 0.046468 -0.098037 -0.994090
1778755233.569630 -12.974161 -40.154560 0.306291 -0.000411 0.048314 -0.098857 -0.993928
1778755233.623372 -12.938419 -40.140495 0.285297 0.001543 0.037948 -0.091875 -0.995046
1778755233.674460 -12.884470 -40.129154 0.288471 0.000653 0.046354 -0.088506 -0.994996
1778755233.729214 -12.829373 -40.115871 0.299388 0.000184 0.062819 -0.091845 -0.993790
1778755233.789122 -12.774863 -40.102085 0.303417 -0.001146 0.076664 -0.098246 -0.992204
1778755233.835376 -12.715212 -40.090691 0.304862 -0.009533 0.056226 -0.118950 -0.991261
1778755233.890265 -12.658182 -40.070889 0.304663 -0.004122 0.045704 -0.152080 -0.987302
1778755233.942826 -12.610874 -40.050804 0.307471 0.004869 0.047800 -0.183301 -0.981882
1778755233.995484 -12.551319 -40.024353 0.322065 0.014226 0.063015 -0.213020 -0.974910
1778755234.049310 -12.533259 -40.024677 0.291729 0.022235 0.065871 -0.230619 -0.970557
1778755234.105505 -12.487448 -39.995148 0.296308 0.016970 0.068143 -0.244091 -0.967206
1778755234.161889 -12.436220 -39.965073 0.301467 0.011264 0.086376 -0.263362 -0.960756
1778755234.210336 -12.389403 -39.927246 0.311489 0.011436 0.099853 -0.278626 -0.955126
1778755234.262340 -12.334345 -39.882179 0.318472 -0.006721 0.073499 -0.292712 -0.953348
1778755234.319524 -12.292267 -39.841579 0.302063 0.005253 0.064670 -0.304531 -0.950290
1778755234.372179 -12.249363 -39.804893 0.302633 0.013300 0.070800 -0.311461 -0.947524
1778755234.421267 -12.199018 -39.767059 0.318546 0.019341 0.075936 -0.317362 -0.945061
1778755234.472181 -12.155764 -39.732346 0.300068 -0.000356 0.073667 -0.323394 -0.943393
1778755234.527267 -12.118291 -39.698250 0.301742 0.001670 0.070120 -0.328431 -0.941920
1778755234.577965 -12.069777 -39.662910 0.301423 -0.005736 0.072470 -0.336463 -0.938887
1778755234.633224 -12.027826 -39.623604 0.308454 -0.002945 0.073827 -0.341931 -0.936816
1778755234.696847 -11.987924 -39.584560 0.311242 0.003915 0.070763 -0.344030 -0.936280
1778755234.739588 -11.954522 -39.565422 0.299830 -0.007316 0.057461 -0.350849 -0.934639
1778755234.789212 -11.920352 -39.532394 0.298864 -0.009624 0.061151 -0.351205 -0.934250
1778755234.846340 -11.869245 -39.486465 0.310487 -0.001147 0.070820 -0.351230 -0.933606
1778755234.895578 -11.822482 -39.443764 0.290394 -0.018362 0.066853 -0.353812 -0.932744
1778755234.946434 -11.787482 -39.407875 0.290090 -0.009878 0.066726 -0.347985 -0.935070
1778755234.998968 -11.743833 -39.369080 0.294411 -0.010914 0.075816 -0.349056 -0.933966
1778755235.055192 -11.703182 -39.327244 0.302462 -0.013500 0.084981 -0.352507 -0.931845
1778755235.112273 -11.654583 -39.269665 0.323937 -0.012422 0.086911 -0.354954 -0.930752
1778755235.163478 -11.614660 -39.233406 0.303766 -0.022302 0.057099 -0.364219 -0.929294
1778755235.220534 -11.570191 -39.190498 0.296213 -0.020758 0.060909 -0.365171 -0.928714
1778755235.270079 -11.526237 -39.151360 0.301705 -0.019069 0.073606 -0.361579 -0.929236
1778755235.324433 -11.474655 -39.111210 0.326921 -0.022660 0.072084 -0.362321 -0.928986
1778755235.377286 -11.442235 -39.071579 0.284528 -0.018618 0.070717 -0.357884 -0.930898
1778755235.431236 -11.400534 -39.036850 0.288654 -0.024000 0.075962 -0.357962 -0.930332
1778755235.485950 -11.361599 -39.000355 0.294641 -0.023515 0.085569 -0.358977 -0.929118
1778755235.532359 -11.321558 -38.960793 0.304161 -0.020887 0.090899 -0.358457 -0.928876
1778755235.585812 -11.289410 -38.926498 0.296291 -0.014487 0.078545 -0.362483 -0.928562
1778755235.642576 -11.248605 -38.883591 0.292482 -0.023821 0.070668 -0.365324 -0.927889
1778755235.698192 -11.210047 -38.843979 0.298040 -0.017017 0.075344 -0.363238 -0.928489
1778755235.750895 -11.161722 -38.798119 0.315500 -0.006043 0.083667 -0.359528 -0.929356
1778755235.798499 -11.121708 -38.760269 0.298088 -0.016702 0.072205 -0.359303 -0.930274
1778755235.858017 -11.085925 -38.722595 0.297474 -0.005080 0.068491 -0.355475 -0.932159
1778755235.912741 -11.040646 -38.682953 0.295936 -0.007665 0.072189 -0.357676 -0.931020
1778755235.965055 -11.005500 -38.645683 0.300780 -0.006993 0.078364 -0.359346 -0.929882
1778755236.018543 -10.953914 -38.593945 0.302092 -0.004423 0.073335 -0.361364 -0.929526
1778755236.070564 -10.919249 -38.560188 0.294077 -0.007912 0.054894 -0.368022 -0.928162
1778755236.123753 -10.879132 -38.522793 0.297604 -0.018765 0.060913 -0.367869 -0.927691
1778755236.177936 -10.837714 -38.483707 0.306951 -0.014751 0.073169 -0.372610 -0.924981
1778755236.225141 -10.791425 -38.441715 0.305404 -0.011775 0.073273 -0.391881 -0.917018
1778755236.281642 -10.789348 -38.439690 0.298746 -0.002716 0.066098 -0.417897 -0.906083
1778755236.331666 -10.750400 -38.393490 0.301837 -0.003500 0.078144 -0.445719 -0.891749
1778755236.388160 -10.717868 -38.342979 0.322095 -0.008268 0.088126 -0.472765 -0.876732
1778755236.438428 -10.687251 -38.298283 0.305242 0.002279 0.090384 -0.492632 -0.865528
1778755236.494364 -10.656034 -38.238865 0.306977 -0.007833 0.084862 -0.511157 -0.855252
1778755236.550177 -10.631833 -38.184196 0.313904 -0.005908 0.093595 -0.525965 -0.845320
1778755236.603726 -10.606815 -38.124073 0.339392 0.002822 0.100706 -0.538163 -0.836798
1778755236.655030 -10.588324 -38.072525 0.302571 -0.001343 0.093698 -0.532947 -0.840944
1778755236.708921 -10.569811 -38.026112 0.306434 -0.006734 0.088897 -0.519771 -0.849641
1778755236.767786 -10.545855 -37.978840 0.303486 -0.011626 0.094268 -0.507467 -0.856420
1778755236.815639 -10.524199 -37.926796 0.309418 -0.012365 0.101163 -0.496268 -0.862167
1778755236.865624 -10.492395 -37.877369 0.323963 -0.024056 0.082392 -0.490778 -0.867047
1778755236.922583 -10.470667 -37.828964 0.308355 -0.021943 0.053985 -0.490464 -0.869511
1778755236.975460 -10.443723 -37.783794 0.302293 -0.032730 0.060059 -0.482545 -0.873197
1778755237.036031 -10.411716 -37.738388 0.307641 -0.037708 0.070892 -0.471990 -0.877940
1778755237.078674 -10.371495 -37.688766 0.335913 -0.036670 0.070897 -0.464820 -0.881800
1778755237.132432 -10.344928 -37.644585 0.293830 -0.023401 0.057429 -0.457570 -0.887009
1778755237.187134 -10.310583 -37.599693 0.295666 -0.018123 0.060657 -0.465289 -0.882892
1778755237.237917 -10.278449 -37.548847 0.301391 -0.023235 0.064634 -0.485302 -0.871645
1778755237.293164 -10.258464 -37.488640 0.292719 -0.017246 0.071570 -0.505281 -0.859809
1778755237.345680 -10.233228 -37.437824 0.284427 -0.025906 0.068552 -0.522057 -0.849756
1778755237.403872 -10.212160 -37.385944 0.287597 -0.016828 0.072098 -0.537147 -0.840233
1778755237.449713 -10.195035 -37.337715 0.300565 -0.005331 0.086123 -0.548246 -0.831854
1778755237.503974 -10.167863 -37.278851 0.327219 -0.017924 0.083498 -0.562972 -0.822052
1778755237.561207 -10.154942 -37.224098 0.301297 -0.007944 0.086804 -0.567958 -0.818429
1778755237.608452 -10.134632 -37.175774 0.305043 -0.010138 0.085069 -0.576493 -0.812598
1778755237.661875 -10.118793 -37.121655 0.305529 -0.006186 0.087538 -0.585477 -0.805925
1778755237.720280 -10.105953 -37.058086 0.305958 -0.004869 0.083666 -0.588934 -0.803824
1778755237.769698 -10.090714 -37.013935 0.300278 -0.002886 0.053816 -0.586493 -0.808159
1778755237.825717 -10.073819 -36.957581 0.298054 -0.013572 0.044437 -0.578042 -0.814683
1778755237.875412 -10.052750 -36.899334 0.304499 -0.012324 0.054744 -0.564342 -0.823632
1778755237.929004 -10.024319 -36.844433 0.306426 -0.019267 0.049591 -0.555761 -0.829638
1778755237.982028 -10.009875 -36.795540 0.299943 -0.022038 0.048648 -0.547117 -0.835351
1778755238.041113 -9.985046 -36.744930 0.299148 -0.024114 0.052148 -0.540293 -0.839513
1778755238.093270 -9.963992 -36.694855 0.301661 -0.024617 0.060601 -0.536239 -0.841528
1778755238.141816 -9.937616 -36.636196 0.301195 -0.025088 0.058203 -0.532294 -0.844184
1778755238.203865 -9.924479 -36.595184 0.295316 -0.032709 0.050073 -0.533239 -0.843848
1778755238.252977 -9.900785 -36.545750 0.300365 -0.040013 0.048963 -0.530328 -0.845431
1778755238.305713 -9.874947 -36.495270 0.311410 -0.036976 0.059980 -0.524467 -0.848510
1778755238.360991 -9.842664 -36.441582 0.334443 -0.031914 0.055865 -0.522708 -0.850080
1778755238.411672 -9.823606 -36.396561 0.300034 -0.028751 0.044529 -0.518746 -0.853284
1778755238.469111 -9.794599 -36.349579 0.299803 -0.032201 0.048868 -0.517943 -0.853411
1778755238.519530 -9.768351 -36.299706 0.303626 -0.032087 0.055348 -0.517689 -0.853174
1778755238.581974 -9.738357 -36.240326 0.314579 -0.028923 0.052227 -0.516945 -0.853934
1778755238.625365 -9.716976 -36.204311 0.297021 -0.027251 0.048906 -0.519031 -0.852920
1778755238.678540 -9.690000 -36.151302 0.299826 -0.032209 0.051729 -0.516944 -0.853848
1778755238.737092 -9.663532 -36.100227 0.309421 -0.028611 0.064504 -0.513301 -0.855303
1778755238.791823 -9.626509 -36.044277 0.312394 -0.030050 0.053648 -0.513915 -0.855634
1778755238.838434 -9.612324 -35.996780 0.305254 -0.013272 0.045064 -0.509246 -0.859338
1778755238.891723 -9.580951 -35.946312 0.302319 -0.011198 0.044701 -0.509789 -0.859064
1778755238.945121 -9.552450 -35.891727 0.304413 -0.014257 0.047150 -0.512361 -0.857356
1778755238.998384 -9.524015 -35.827877 0.299714 -0.012346 0.044033 -0.507773 -0.860277
1778755239.052503 -9.495386 -35.780529 0.295119 -0.019770 0.029178 -0.496141 -0.867526
1778755239.104167 -9.463204 -35.728798 0.298558 -0.030197 0.033896 -0.472419 -0.880204
1778755239.161668 -9.426016 -35.676815 0.312360 -0.015940 0.041780 -0.443282 -0.895266
1778755239.215817 -9.385409 -35.631012 0.281040 -0.048642 0.033270 -0.425480 -0.903047
1778755239.274484 -9.363135 -35.595123 0.289012 -0.042316 0.038534 -0.406547 -0.911836
1778755239.320867 -9.323478 -35.553234 0.293258 -0.036900 0.043335 -0.393489 -0.917566
1778755239.375744 -9.282808 -35.506947 0.304303 -0.036929 0.048516 -0.383080 -0.921701
1778755239.429251 -9.248152 -35.469616 0.285657 -0.032929 0.051647 -0.376768 -0.924281
1778755239.484076 -9.208149 -35.431225 0.291301 -0.041257 0.048712 -0.377831 -0.923672
1778755239.536703 -9.174187 -35.392834 0.300705 -0.039776 0.059650 -0.384686 -0.920259
1778755239.589289 -9.132771 -35.350754 0.315685 -0.037867 0.070381 -0.404981 -0.910825
1778755239.642491 -9.099181 -35.300922 0.307645 -0.012289 0.064997 -0.426558 -0.902038
1778755239.695181 -9.069105 -35.265213 0.302503 0.004999 0.048642 -0.441415 -0.895970
1778755239.753456 -9.034204 -35.217270 0.305582 0.009136 0.055670 -0.457309 -0.887517
1778755239.802322 -9.002705 -35.158718 0.298701 0.012063 0.060375 -0.472463 -0.879197
1778755239.855137 -8.979104 -35.093021 0.299404 0.013076 0.055779 -0.486303 -0.871910
1778755239.916713 -8.949820 -35.039845 0.307166 0.008073 0.055985 -0.498144 -0.865247
1778755239.963617 -8.924873 -34.986652 0.317571 0.018364 0.067953 -0.504185 -0.860722
1778755240.021579 -8.892296 -34.925453 0.321882 0.028280 0.065030 -0.511157 -0.856557
1778755240.070272 -8.877106 -34.882751 0.309505 0.027989 0.047275 -0.513451 -0.856359
1778755240.122662 -8.852761 -34.831642 0.308864 0.031998 0.047149 -0.516325 -0.854495
1778755240.172230 -8.829501 -34.772404 0.309472 0.030897 0.053932 -0.523517 -0.849745
1778755240.225456 -8.798208 -34.719135 0.291995 0.023825 0.046880 -0.528974 -0.847008
1778755240.279174 -8.782092 -34.671818 0.299252 0.034285 0.031022 -0.534338 -0.844006
1778755240.333972 -8.766007 -34.626003 0.303699 0.040904 0.032059 -0.536236 -0.842467
1778755240.390596 -8.756011 -34.580658 0.284487 0.052091 0.032060 -0.536230 -0.841853
1778755240.439601 -8.739556 -34.546513 0.288612 0.031444 0.028493 -0.541010 -0.839945
1778755240.492112 -8.729473 -34.516659 0.296765 0.024375 0.033941 -0.545275 -0.837215
1778755240.547906 -8.722607 -34.496899 0.307607 0.028115 0.026362 -0.544262 -0.838029
1778755240.598939 -8.714185 -34.478226 0.307453 0.030584 0.023353 -0.543889 -0.838275
1778755240.651622 -8.705532 -34.460262 0.307079 0.030302 0.017618 -0.544802 -0.837832
1778755240.705973 -8.697264 -34.444912 0.306966 0.029345 0.010804 -0.545900 -0.837267
1778755240.758323 -8.689957 -34.430721 0.306045 0.028750 0.002646 -0.547946 -0.836015
1778755240.819249 -8.684603 -34.418285 0.303851 0.032764 0.005457 -0.549782 -0.834647
1778755240.861569 -8.679562 -34.408573 0.306631 0.033074 0.007404 -0.552479 -0.832837
1778755240.919546 -8.677814 -34.399887 0.302600 0.037064 0.013445 -0.553578 -0.831864
1778755240.970124 -8.677531 -34.393345 0.291420 0.036788 0.023272 -0.553553 -0.831676
1778755241.022496 -8.677917 -34.387661 0.287772 0.030199 0.026489 -0.552874 -0.832296
1778755241.078901 -8.679250 -34.384113 0.294349 0.029246 0.026536 -0.555157 -0.830808
1778755241.131547 -8.678413 -34.382034 0.296161 0.027555 0.026597 -0.556309 -0.830093
1778755241.188172 -8.677235 -34.381023 0.297148 0.026822 0.025688 -0.555606 -0.830616
1778755241.242813 -8.677374 -34.380772 0.297969 0.028432 0.025880 -0.555360 -0.830721
1778755241.296294 -8.677841 -34.380699 0.299288 0.031262 0.027852 -0.554901 -0.830862
1778755241.348440 -8.678960 -34.381657 0.300119 0.039244 0.030112 -0.553349 -0.831479
1778755241.401514 -8.681590 -34.381573 0.300320 0.039153 0.029275 -0.554245 -0.830917
1778755241.459031 -8.684924 -34.377869 0.299172 0.040796 0.026988 -0.554578 -0.830693
1778755241.508614 -8.687164 -34.376026 0.298784 0.031745 0.025286 -0.555829 -0.830305
1778755241.562758 -8.690030 -34.372322 0.299898 0.036016 0.026431 -0.556926 -0.829360
1778755241.615495 -8.691935 -34.370476 0.300356 0.038913 0.029379 -0.557869 -0.828495
1778755241.668713 -8.693562 -34.368748 0.297642 0.041376 0.031191 -0.559548 -0.827177
1778755241.728600 -8.695017 -34.367512 0.297476 0.044649 0.034233 -0.561487 -0.825570
1778755241.775392 -8.696243 -34.366604 0.297756 0.046306 0.035827 -0.563360 -0.824135
1778755241.828427 -8.697323 -34.365795 0.298209 0.047775 0.037699 -0.565089 -0.822782
1778755241.882102 -8.698090 -34.365192 0.298573 0.048808 0.038589 -0.566741 -0.821543
1778755241.938456 -8.698931 -34.364647 0.298961 0.049801 0.040000 -0.567890 -0.820622
1778755241.993099 -8.699443 -34.364090 0.300241 0.050556 0.040445 -0.569353 -0.819540
1778755242.043452 -8.700050 -34.363663 0.301077 0.050685 0.040898 -0.570417 -0.818769
1778755242.095562 -8.700553 -34.363319 0.300372 0.051463 0.041672 -0.571467 -0.817949
1778755242.150306 -8.700881 -34.363056 0.303469 0.051812 0.041911 -0.572375 -0.817280
1778755242.202153 -8.701144 -34.362881 0.304504 0.052088 0.042340 -0.573046 -0.816770
1778755242.255330 -8.701348 -34.362663 0.304601 0.052325 0.042605 -0.573811 -0.816203
1778755242.308679 -8.701555 -34.362461 0.304397 0.052215 0.042507 -0.574440 -0.815773
1778755242.365009 -8.701702 -34.362347 0.304831 0.052261 0.042459 -0.574957 -0.815409
1778755242.415619 -8.701791 -34.362286 0.305017 0.052152 0.042323 -0.575173 -0.815270
1778755242.468469 -8.701843 -34.362206 0.305090 0.052134 0.042239 -0.575377 -0.815132
1778755242.529595 -8.701864 -34.362125 0.305115 0.052146 0.042095 -0.575620 -0.814967
1778755242.581267 -8.701932 -34.362011 0.303244 0.052235 0.042109 -0.575897 -0.814764
1778755242.635309 -8.702006 -34.361881 0.304428 0.052291 0.042052 -0.576145 -0.814588
1778755242.684785 -8.702106 -34.361748 0.303614 0.052361 0.042138 -0.576345 -0.814438
1778755242.744304 -8.702237 -34.361572 0.304907 0.052453 0.042169 -0.576760 -0.814137
1778755242.791769 -8.702440 -34.361439 0.305316 0.052429 0.042139 -0.577250 -0.813792
1778755242.846166 -8.702679 -34.361294 0.305506 0.052623 0.042290 -0.577694 -0.813457
1778755242.901580 -8.702853 -34.361137 0.305583 0.052766 0.042319 -0.577963 -0.813255
1778755242.951769 -8.702929 -34.360996 0.305626 0.052798 0.042198 -0.578241 -0.813062
1778755243.006330 -8.702946 -34.360958 0.305673 0.052782 0.042121 -0.578498 -0.812883
1778755243.062155 -8.702961 -34.360947 0.305685 0.052816 0.041999 -0.578615 -0.812805
1778755243.111370 -8.702975 -34.360962 0.305692 0.052836 0.041911 -0.578693 -0.812753
1778755243.167245 -8.702966 -34.360916 0.305701 0.052872 0.041865 -0.578728 -0.812727
1778755243.214576 -8.702938 -34.360863 0.305717 0.052926 0.041739 -0.578701 -0.812750
1778755243.275495 -8.702924 -34.360836 0.305716 0.052975 0.041691 -0.578717 -0.812737
1778755243.321746 -8.702936 -34.360817 0.305728 0.053070 0.041674 -0.578758 -0.812703
1778755243.375292 -8.702924 -34.360764 0.305742 0.053138 0.041613 -0.578784 -0.812683
1778755243.428149 -8.702910 -34.360737 0.305743 0.053174 0.041557 -0.578720 -0.812729
1778755243.481258 -8.702870 -34.360683 0.305748 0.053206 0.041455 -0.578799 -0.812676
1778755243.537230 -8.702888 -34.360596 0.305764 0.053329 0.041407 -0.578793 -0.812675
1778755243.588148 -8.702915 -34.360535 0.305793 0.053427 0.041361 -0.578748 -0.812703
1778755243.642281 -8.702885 -34.360485 0.305818 0.053468 0.041276 -0.578787 -0.812677
1778755243.700920 -8.702816 -34.360474 0.305827 0.053508 0.041091 -0.578850 -0.812639
1778755243.797094 -8.702811 -34.360447 0.305835 0.053550 0.041048 -0.578919 -0.812589
1778755243.806802 -8.702873 -34.360394 0.305862 0.053724 0.040995 -0.578920 -0.812579
1778755243.861282 -8.702843 -34.360386 0.305857 0.053735 0.040944 -0.578807 -0.812662
1778755243.915546 -8.702777 -34.360363 0.305856 0.053763 0.040814 -0.578940 -0.812572
1778755243.970563 -8.702765 -34.360355 0.305870 0.053813 0.040759 -0.578989 -0.812536
1778755244.022160 -8.702778 -34.360291 0.305883 0.053946 0.040672 -0.579041 -0.812495
1778755244.075161 -8.702787 -34.360252 0.305921 0.054002 0.040622 -0.578972 -0.812542
1778755244.128149 -8.702744 -34.360237 0.305935 0.054020 0.040505 -0.579008 -0.812521
1778755244.182195 -8.702727 -34.360199 0.305959 0.054108 0.040391 -0.579094 -0.812460
1778755244.235464 -8.702781 -34.360191 0.305992 0.054226 0.040395 -0.579174 -0.812395
1778755244.289350 -8.702804 -34.360203 0.305995 0.054270 0.040345 -0.579224 -0.812359
1778755244.348848 -8.702768 -34.360191 0.306020 0.054300 0.040250 -0.579273 -0.812326
1778755244.395504 -8.702734 -34.360203 0.306035 0.054334 0.040156 -0.579380 -0.812252
1778755244.453326 -8.702738 -34.360199 0.306032 0.054416 0.040094 -0.579450 -0.812200
1778755244.505400 -8.702747 -34.360241 0.306039 0.054447 0.040041 -0.579485 -0.812175
1778755244.558043 -8.702728 -34.360252 0.306071 0.054487 0.039926 -0.579508 -0.812162
1778755244.611615 -8.702688 -34.360306 0.306079 0.054507 0.039847 -0.579597 -0.812101
1778755244.666334 -8.702697 -34.360317 0.306080 0.054606 0.039792 -0.579695 -0.812027
1778755244.718023 -8.702704 -34.360340 0.306111 0.054693 0.039711 -0.579765 -0.811976
1778755244.770284 -8.702612 -34.360085 0.306129 0.054775 0.039628 -0.579803 -0.811947
1778755244.825314 -8.702619 -34.356613 0.307189 0.053689 0.040519 -0.579614 -0.812111
1778755244.878904 -8.700727 -34.352486 0.307350 0.052577 0.039427 -0.577336 -0.813858
1778755244.931697 -8.697935 -34.346115 0.304039 0.050168 0.038501 -0.576365 -0.814742
1778755244.986910 -8.694052 -34.336407 0.298843 0.046332 0.034288 -0.577699 -0.814212
1778755245.037492 -8.689795 -34.325272 0.297162 0.042415 0.027599 -0.579399 -0.813472
1778755245.097043 -8.685446 -34.312912 0.295951 0.037737 0.022794 -0.580011 -0.813415
1778755245.143156 -8.681660 -34.296345 0.294180 0.035420 0.018750 -0.581998 -0.812202
1778755245.198689 -8.676321 -34.275345 0.291151 0.031412 0.018859 -0.584022 -0.810911
1778755245.256418 -8.671995 -34.253139 0.287984 0.032223 0.021121 -0.583625 -0.811109
1778755245.304581 -8.663991 -34.229580 0.293922 0.026902 0.019527 -0.585598 -0.809920
1778755245.366407 -8.657351 -34.208401 0.298788 0.019335 0.024079 -0.584947 -0.810483
1778755245.411474 -8.650265 -34.180668 0.300072 0.009586 0.027315 -0.582590 -0.812250
1778755245.467781 -8.640547 -34.145161 0.302973 0.012950 0.034632 -0.577877 -0.815286
1778755245.530414 -8.621966 -34.104630 0.311775 0.005565 0.032908 -0.566580 -0.823331
1778755245.578104 -8.614538 -34.066563 0.311667 0.020367 0.035190 -0.537154 -0.842504
1778755245.633127 -8.598131 -34.031887 0.312345 0.020174 0.030686 -0.505343 -0.862137
1778755245.683166 -8.578681 -33.994556 0.309973 0.023590 0.035072 -0.480261 -0.876107
1778755245.740726 -8.551544 -33.950176 0.306682 0.010740 0.037424 -0.457794 -0.888206
1778755245.792875 -8.527812 -33.927895 0.300461 -0.003378 0.004264 -0.445803 -0.895115
1778755245.846445 -8.503446 -33.894188 0.302337 -0.016312 -0.003726 -0.431959 -0.901738
1778755245.898475 -8.470197 -33.857185 0.307303 -0.023008 0.011287 -0.413410 -0.910184
1778755245.951557 -8.429129 -33.818287 0.312075 -0.023462 0.027693 -0.398215 -0.916574
1778755246.004841 -8.396449 -33.787243 0.305106 -0.011818 0.010883 -0.385418 -0.922602
1778755246.059917 -8.356672 -33.753460 0.305768 -0.011234 0.006030 -0.375004 -0.926936
1778755246.110603 -8.316217 -33.715042 0.307151 -0.008991 0.016748 -0.368762 -0.929330
1778755246.170237 -8.271235 -33.673481 0.310509 -0.009602 0.023169 -0.364883 -0.930716
1778755246.219887 -8.252150 -33.651485 0.298419 -0.002898 0.019094 -0.360666 -0.932495
1778755246.275656 -8.213015 -33.618309 0.303163 -0.011278 0.017200 -0.357436 -0.933711
1778755246.328924 -8.173909 -33.582672 0.309507 -0.007459 0.027270 -0.350319 -0.936204
1778755246.375893 -8.120680 -33.540443 0.312245 0.002947 0.035125 -0.344493 -0.938127
1778755246.434062 -8.087276 -33.510067 0.305161 0.004532 0.018772 -0.338576 -0.940741
1778755246.484974 -8.048267 -33.476406 0.306789 0.000303 0.027245 -0.335748 -0.941558
1778755246.555354 -8.005480 -33.438446 0.309459 0.000814 0.039534 -0.336216 -0.940954
1778755246.590432 -7.957213 -33.392502 0.310117 0.000005 0.045745 -0.336773 -0.940474
1778755246.652517 -7.918815 -33.365887 0.305914 0.000257 0.021841 -0.338836 -0.940592
1778755246.701417 -7.876355 -33.325615 0.308689 -0.002929 0.020856 -0.338513 -0.940726
1778755246.753517 -7.831985 -33.289520 0.313350 0.000216 0.031541 -0.335471 -0.941522
1778755246.804978 -7.776477 -33.245903 0.317387 0.010095 0.032975 -0.333903 -0.941976
1778755246.856790 -7.748980 -33.220413 0.309270 0.014859 0.019361 -0.329567 -0.943817
1778755246.912199 -7.702165 -33.181175 0.308920 0.015587 0.025350 -0.328535 -0.944023
1778755246.963178 -7.658934 -33.146423 0.308437 0.014334 0.032839 -0.331177 -0.942888
1778755247.014517 -7.603995 -33.103302 0.299795 0.015382 0.027320 -0.331737 -0.942851
1778755247.080217 -7.573841 -33.078953 0.306690 0.010107 0.012810 -0.334852 -0.942129
1778755247.123318 -7.532094 -33.043648 0.312803 0.006904 0.016194 -0.334000 -0.942409
1778755247.179804 -7.488241 -33.010864 0.318060 0.008788 0.026362 -0.332748 -0.942606
1778755247.227797 -7.444495 -32.980007 0.310500 0.001993 0.011650 -0.332607 -0.942992
1778755247.281222 -7.404412 -32.944569 0.311755 0.006535 0.004575 -0.329984 -0.943953
1778755247.339245 -7.361507 -32.909580 0.313201 0.008944 0.012386 -0.331266 -0.943414
1778755247.386985 -7.311445 -32.867226 0.313775 0.006097 0.020153 -0.333686 -0.942449
1778755247.442118 -7.273141 -32.839291 0.307962 0.006080 0.003846 -0.335349 -0.942067
1778755247.494410 -7.226391 -32.798706 0.310704 0.000390 0.000993 -0.337318 -0.941390
1778755247.547588 -7.180128 -32.761539 0.314223 0.000758 0.013901 -0.335011 -0.942111
1778755247.606342 -7.121341 -32.717758 0.306574 0.008567 0.016912 -0.334381 -0.942247
1778755247.659943 -7.121117 -32.717354 0.307898 0.009958 0.001402 -0.330098 -0.943893
1778755247.716518 -7.075889 -32.678772 0.313113 0.014953 0.005579 -0.337674 -0.941128
1778755247.768036 -7.028901 -32.633999 0.316322 0.015239 0.010907 -0.361399 -0.932223
1778755247.833732 -7.010568 -32.610710 0.310562 0.030110 0.011102 -0.393245 -0.918874
1778755247.878377 -6.973130 -32.573696 0.313870 0.024731 0.007242 -0.420246 -0.907044
1778755247.927277 -6.940009 -32.530762 0.316387 0.027025 0.016996 -0.442126 -0.896384
1778755247.982326 -6.893164 -32.469040 0.314593 0.029884 0.026060 -0.462615 -0.885672
1778755248.030626 -6.884868 -32.459885 0.306370 0.044468 0.013303 -0.473358 -0.879646
1778755248.092106 -6.852865 -32.410007 0.308483 0.049609 0.018348 -0.486400 -0.872134
1778755248.138159 -6.822060 -32.355499 0.308822 0.043481 0.025700 -0.501930 -0.863433
1778755248.195065 -6.788427 -32.299576 0.299129 0.041082 0.022010 -0.510419 -0.858662
1778755248.254416 -6.761125 -32.255669 0.306679 0.036893 0.009135 -0.521914 -0.852151
1778755248.308151 -6.737322 -32.205120 0.314502 0.029859 0.015322 -0.526035 -0.849800
1778755248.357024 -6.705773 -32.148487 0.320446 0.028260 0.026104 -0.530730 -0.846667
1778755248.407396 -6.690089 -32.118450 0.311742 0.021982 0.003077 -0.535394 -0.844311
1778755248.463753 -6.667440 -32.066933 0.313874 0.023775 -0.000058 -0.536754 -0.843404
1778755248.517155 -6.637079 -32.001648 0.315124 0.021593 0.004477 -0.542935 -0.839485
1778755248.569221 -6.615134 -31.932514 0.309779 0.028672 0.004885 -0.543115 -0.839154
1778755248.626335 -6.590946 -31.894381 0.308205 0.016625 -0.003073 -0.535830 -0.844157
1778755248.678675 -6.565829 -31.839029 0.313225 0.019787 0.004579 -0.516206 -0.856224
1778755248.736621 -6.528391 -31.793058 0.306798 0.007623 0.000553 -0.488990 -0.872256
1778755248.789785 -6.511446 -31.760914 0.308120 0.001459 0.005331 -0.461627 -0.887057
1778755248.860546 -6.481975 -31.712856 0.308742 0.003286 0.008718 -0.442337 -0.896801
1778755248.905164 -6.442331 -31.653515 0.294223 -0.001053 0.019407 -0.424617 -0.905164
1778755248.954694 -6.397385 -31.597647 0.300970 -0.008761 -0.003100 -0.415489 -0.909551
1778755249.008123 -6.364057 -31.559341 0.307405 -0.020208 -0.010490 -0.406690 -0.913283
1778755249.059857 -6.324579 -31.518227 0.313247 -0.017215 0.002229 -0.393341 -0.919229
1778755249.116381 -6.273225 -31.476404 0.309250 -0.013813 0.005070 -0.382504 -0.923837
1778755249.164857 -6.263360 -31.463610 0.305831 -0.006526 -0.006442 -0.373236 -0.927691
1778755249.213968 -6.219589 -31.421747 0.308459 -0.011708 0.006551 -0.365614 -0.930670
1778755249.273525 -6.175577 -31.380167 0.312288 -0.012264 0.021367 -0.363139 -0.931409
1778755249.321125 -6.122653 -31.327675 0.304045 -0.010471 0.021372 -0.360765 -0.932353
1778755249.381028 -6.077821 -31.286076 0.310149 -0.018174 -0.002643 -0.357057 -0.933902
1778755249.430600 -6.031771 -31.247192 0.315483 -0.012038 0.002997 -0.337192 -0.941354
1778755249.486592 -5.980233 -31.213215 0.322293 0.008805 0.010747 -0.307335 -0.951500
1778755249.539089 -5.935252 -31.185419 0.308203 -0.018089 0.004964 -0.277561 -0.960525
1778755249.591094 -5.893393 -31.156765 0.312976 -0.007501 0.008540 -0.250602 -0.968024
1778755249.649392 -5.837501 -31.121689 0.314349 -0.006378 0.019155 -0.231930 -0.972523
1778755249.705013 -5.777381 -31.089340 0.312420 -0.012328 0.010217 -0.217205 -0.975995
1778755249.753690 -5.748745 -31.075155 0.313481 -0.019026 -0.010806 -0.207380 -0.978016
1778755249.820406 -5.698047 -31.050993 0.316977 -0.018079 -0.006688 -0.193640 -0.980883
1778755249.862094 -5.638645 -31.030275 0.319972 -0.008861 0.000096 -0.180417 -0.983550
1778755249.924943 -5.585589 -31.010464 0.304059 -0.017717 -0.002153 -0.170701 -0.985161
1778755249.971174 -5.539699 -30.994083 0.308263 -0.014572 0.003893 -0.160233 -0.986964
1778755250.024411 -5.483455 -30.974508 0.310769 -0.006816 0.020827 -0.147385 -0.988837
1778755250.077826 -5.418862 -30.954428 0.301065 -0.004383 0.027804 -0.134994 -0.990447
1778755250.132766 -5.362854 -30.942926 0.306930 -0.012801 0.003649 -0.127873 -0.991701
1778755250.187396 -5.306311 -30.927113 0.313063 -0.014345 0.004568 -0.119736 -0.992692
1778755250.237110 -5.250296 -30.913122 0.318182 -0.004965 0.009479 -0.108823 -0.994004
1778755250.294171 -5.186202 -30.903675 0.304705 0.003211 0.006615 -0.101251 -0.994834
1778755250.345818 -5.152187 -30.897535 0.308683 -0.008554 0.003720 -0.107762 -0.994133
1778755250.403524 -5.088445 -30.879045 0.313720 -0.001765 0.014460 -0.126381 -0.991875
1778755250.454518 -5.026876 -30.854296 0.323304 0.000458 0.023387 -0.160958 -0.986684
1778755250.508703 -4.995596 -30.841469 0.312896 0.015109 0.022242 -0.194905 -0.980453
1778755250.560086 -4.946540 -30.822077 0.315738 0.008020 0.016105 -0.222147 -0.974847
1778755250.613383 -4.895937 -30.796549 0.319043 0.014529 0.024247 -0.246797 -0.968655
1778755250.670629 -4.843040 -30.766222 0.312807 0.019422 0.026190 -0.266632 -0.963247
1778755250.722234 -4.824353 -30.757421 0.304333 0.025240 0.010670 -0.263348 -0.964312
1778755250.773327 -4.772449 -30.728872 0.305084 0.028078 0.021599 -0.255580 -0.966139
1778755250.833729 -4.722373 -30.695362 0.308117 0.027076 0.040280 -0.241162 -0.969270
1778755250.878850 -4.668183 -30.676371 0.297454 0.013634 0.029133 -0.227494 -0.973248
1778755250.940947 -4.640522 -30.661606 0.304240 0.002087 0.007049 -0.217109 -0.976120
1778755250.987960 -4.588651 -30.636242 0.312808 -0.000297 0.005988 -0.202938 -0.979173
1778755251.040740 -4.530307 -30.611345 0.319920 0.007385 0.010220 -0.185147 -0.982630
1778755251.099791 -4.480342 -30.598574 0.310672 -0.027392 0.013281 -0.158107 -0.986953
1778755251.170054 -4.437182 -30.577040 0.312981 -0.015257 0.015893 -0.118785 -0.992675
1778755251.198853 -4.381394 -30.563053 0.312666 -0.006977 0.024504 -0.088252 -0.995772
1778755251.248693 -4.327329 -30.551884 0.314044 -0.008740 0.032723 -0.065797 -0.997258
1778755251.300533 -4.270970 -30.547325 0.304790 -0.029640 0.004725 -0.048100 -0.998392
1778755251.357244 -4.213490 -30.541443 0.311486 -0.042534 -0.008045 -0.018129 -0.998898
1778755251.405602 -4.160549 -30.542549 0.317897 -0.031027 -0.004537 0.026205 -0.999165
1778755251.470841 -4.107164 -30.556551 0.312148 -0.021536 -0.009055 0.066033 -0.997544
1778755251.521158 -4.062294 -30.562592 0.302465 -0.038957 0.002780 0.099123 -0.994308
1778755251.567647 -4.015017 -30.571383 0.305443 -0.030404 0.011446 0.125960 -0.991503
1778755251.620977 -3.961568 -30.583990 0.307742 -0.024533 0.024690 0.145768 -0.988706
1778755251.675104 -3.900810 -30.603510 0.303831 -0.024321 0.020074 0.162544 -0.986197
1778755251.727802 -3.851707 -30.619083 0.309945 -0.036472 0.003675 0.171728 -0.984462
1778755251.780364 -3.804506 -30.636810 0.314523 -0.029272 0.002895 0.185557 -0.982193
1778755251.834355 -3.748553 -30.653116 0.306501 -0.012986 0.001592 0.200278 -0.979652
1778755251.896390 -3.700530 -30.675577 0.298818 -0.026391 0.005757 0.208495 -0.977650
1778755251.947490 -3.664737 -30.682911 0.307066 -0.011503 0.007303 0.212476 -0.977071
1778755251.993577 -3.622543 -30.701519 0.311706 -0.002530 0.011455 0.205512 -0.978584
1778755252.052486 -3.578809 -30.720516 0.310921 -0.001360 0.009043 0.192011 -0.981350
1778755252.101719 -3.545026 -30.736454 0.302249 0.003608 -0.001594 0.184062 -0.982907
1778755252.153699 -3.516649 -30.749397 0.305086 0.010608 0.001946 0.175333 -0.984450
1778755252.210419 -3.489837 -30.757305 0.311024 0.008559 -0.002203 0.169239 -0.985535
1778755252.269262 -3.461596 -30.760878 0.310954 0.019526 -0.012780 0.166586 -0.985751
1778755252.317134 -3.440711 -30.766439 0.307951 0.012572 -0.008724 0.162203 -0.986639
1778755252.380533 -3.421681 -30.769226 0.306712 0.019652 -0.004135 0.160069 -0.986902
1778755252.421226 -3.408282 -30.771400 0.302869 0.021006 -0.005322 0.157649 -0.987257
1778755252.474034 -3.400193 -30.775209 0.306966 0.017417 -0.005324 0.154036 -0.987897
1778755252.528097 -3.392229 -30.778948 0.308207 0.014996 -0.006522 0.152233 -0.988209
1778755252.586802 -3.383185 -30.781660 0.309136 0.014369 -0.007413 0.151620 -0.988307
1778755252.637700 -3.374062 -30.784281 0.309297 0.013184 -0.008758 0.149886 -0.988577
1778755252.686817 -3.365983 -30.786648 0.309343 0.010910 -0.010010 0.148019 -0.988874
1778755252.740813 -3.358948 -30.788937 0.308914 0.009400 -0.011133 0.146177 -0.989151
1778755252.799818 -3.351960 -30.791494 0.308494 0.008024 -0.012561 0.145053 -0.989312
1778755252.846965 -3.346265 -30.793716 0.308055 0.009129 -0.012222 0.144113 -0.989444
1778755252.903953 -3.341117 -30.795210 0.306867 0.011858 -0.011758 0.142145 -0.989705
1778755252.955243 -3.337743 -30.795866 0.304950 0.015887 -0.009053 0.140912 -0.989853
1778755253.008365 -3.334811 -30.796600 0.302345 0.014648 -0.007231 0.139054 -0.990150
1778755253.073058 -3.333775 -30.795799 0.302473 0.014634 -0.005421 0.132422 -0.991071
1778755253.113094 -3.333010 -30.794662 0.302711 0.014346 -0.003434 0.121467 -0.992486
1778755253.172315 -3.332036 -30.793438 0.303088 0.013821 -0.001227 0.105402 -0.994333
1778755253.224463 -3.330492 -30.792980 0.303924 0.013407 0.000392 0.085227 -0.996271
1778755253.302182 -3.327950 -30.791918 0.304686 0.012284 0.001191 0.060950 -0.998065
1778755253.333367 -3.324304 -30.789921 0.304165 0.009285 0.001575 0.035649 -0.999320
1778755253.383636 -3.320614 -30.788275 0.302708 0.005369 0.002059 0.006884 -0.999960
1778755253.434580 -3.317802 -30.788179 0.304246 0.001721 0.002403 -0.023312 -0.999724
1778755253.492051 -3.313879 -30.787928 0.305122 -0.003840 0.001145 -0.061399 -0.998105
1778755253.547770 -3.311576 -30.787098 0.301596 -0.003236 0.002753 -0.100915 -0.994886
1778755253.598109 -3.312090 -30.789631 0.302232 -0.010972 0.004809 -0.141439 -0.989875
1778755253.650597 -3.313239 -30.783995 0.309854 0.008232 0.000382 -0.180401 -0.983559
1778755253.708488 -3.312477 -30.783377 0.313560 0.021921 -0.006232 -0.224387 -0.974234
1778755253.756360 -3.308535 -30.778992 0.312374 0.031486 -0.008125 -0.267289 -0.963068
1778755253.809060 -3.300904 -30.775246 0.305841 0.026571 -0.002455 -0.313136 -0.949333
1778755253.860229 -3.292862 -30.768566 0.313668 0.024354 -0.001912 -0.352828 -0.935369
1778755253.914598 -3.282341 -30.758617 0.319454 0.025238 -0.001670 -0.399195 -0.916517
1778755253.965339 -3.267031 -30.741167 0.315319 0.016119 0.000958 -0.444446 -0.895660
1778755254.023238 -3.252260 -30.727619 0.312623 0.011038 -0.000059 -0.487382 -0.873119
1778755254.079047 -3.240800 -30.711172 0.314542 0.011707 -0.002251 -0.527406 -0.849530
1778755254.131073 -3.233716 -30.691525 0.314498 0.017225 0.007219 -0.559172 -0.828842
1778755254.184879 -3.226359 -30.661720 0.314699 0.026166 0.020739 -0.585665 -0.809865
1778755254.240098 -3.218560 -30.638880 0.310734 0.021951 0.024748 -0.605720 -0.794990
1778755254.290902 -3.215976 -30.618639 0.311771 0.026626 0.026210 -0.619832 -0.783845
1778755254.347250 -3.213444 -30.592142 0.313044 0.029520 0.030763 -0.636307 -0.770257
1778755254.405096 -3.213443 -30.564125 0.311786 0.033434 0.036278 -0.648851 -0.759315
1778755254.453803 -3.213157 -30.533884 0.309400 0.030926 0.036795 -0.659642 -0.750042
1778755254.503884 -3.210068 -30.503412 0.307452 0.024381 0.020278 -0.670733 -0.741021
1778755254.557555 -3.212054 -30.475843 0.308684 0.026880 0.021739 -0.679443 -0.732913
1778755254.618166 -3.209376 -30.451733 0.309692 0.017762 0.022631 -0.685246 -0.727743
1778755254.664582 -3.209244 -30.426176 0.310070 0.014398 0.023131 -0.687461 -0.725710
1778755254.717282 -3.209366 -30.398403 0.309418 0.012860 0.027771 -0.687549 -0.725493
1778755254.772497 -3.208190 -30.367224 0.308143 0.009534 0.027367 -0.684892 -0.728069
1778755254.824782 -3.209020 -30.336269 0.308824 0.014684 0.035847 -0.674408 -0.737342
1778755254.884483 -3.209438 -30.309172 0.309359 0.019301 0.029806 -0.664382 -0.746549
1778755254.925458 -3.207067 -30.287420 0.308568 0.018677 0.020313 -0.657391 -0.753044
1778755254.987217 -3.202599 -30.258133 0.307989 0.019844 0.011289 -0.650477 -0.759183
1778755255.036761 -3.197216 -30.226591 0.306727 0.016173 0.004755 -0.646315 -0.762885
1778755255.091086 -3.191495 -30.195749 0.304743 0.014851 0.001297 -0.642327 -0.766286
1778755255.144528 -3.185507 -30.162783 0.301502 0.016067 0.013760 -0.637672 -0.770017
1778755255.196763 -3.178143 -30.137041 0.305102 0.007196 0.003529 -0.635370 -0.772167
1778755255.261146 -3.174781 -30.112080 0.309222 0.000703 0.003047 -0.631812 -0.775115
1778755255.306253 -3.171709 -30.083563 0.310648 0.003260 0.007201 -0.627499 -0.778577
1778755255.358315 -3.167444 -30.051376 0.309813 0.008407 0.011882 -0.624434 -0.780942
1778755255.411408 -3.159667 -30.021788 0.309079 0.002716 0.011306 -0.623255 -0.781932
1778755255.460514 -3.159975 -29.993816 0.312445 0.015294 0.022369 -0.619551 -0.784489
1778755255.523845 -3.156157 -29.966160 0.314687 0.017422 0.020638 -0.619562 -0.784483
1778755255.566558 -3.150906 -29.939184 0.314367 0.016316 0.019062 -0.619381 -0.784689
1778755255.625353 -3.148075 -29.915491 0.312943 0.015774 0.019054 -0.618880 -0.785096
1778755255.676374 -3.140486 -29.878078 0.308780 0.011183 0.019401 -0.615342 -0.787942
1778755255.729930 -3.132050 -29.846306 0.305146 0.008196 0.016506 -0.605886 -0.795338
1778755255.796535 -3.127510 -29.820808 0.303321 0.016610 0.018927 -0.595700 -0.802813
1778755255.829686 -3.119902 -29.802179 0.306228 0.007956 0.021808 -0.586789 -0.809407
1778755255.883827 -3.114206 -29.780445 0.308162 0.002887 0.021766 -0.575912 -0.817217
1778755255.938743 -3.109407 -29.757689 0.308138 0.008862 0.027694 -0.565722 -0.824084
1778755255.990088 -3.103654 -29.736052 0.306623 0.014810 0.032449 -0.559067 -0.828355
1778755256.044711 -3.100573 -29.717625 0.308197 0.008166 0.038710 -0.553147 -0.832144
1778755256.096573 -3.096672 -29.700293 0.310215 0.013252 0.038974 -0.547695 -0.835665
1778755256.157561 -3.095190 -29.689550 0.312119 0.014166 0.036954 -0.545019 -0.837489
1778755256.202946 -3.093186 -29.681864 0.312487 0.015715 0.034575 -0.541973 -0.839538
1778755256.257143 -3.089733 -29.676182 0.312875 0.012819 0.029274 -0.539167 -0.841592
1778755256.310296 -3.086233 -29.673038 0.313564 0.008353 0.021680 -0.537065 -0.843221
1778755256.364195 -3.082683 -29.670343 0.313852 0.004906 0.016818 -0.533932 -0.845346
1778755256.417445 -3.078958 -29.665079 0.313261 0.004582 0.012932 -0.530884 -0.847334
1778755256.472068 -3.075394 -29.659222 0.312025 0.005994 0.008755 -0.528706 -0.848739
1778755256.523680 -3.073362 -29.653561 0.311024 0.008777 0.009069 -0.526868 -0.849854
1778755256.583097 -3.071881 -29.647573 0.309773 0.012712 0.013779 -0.524546 -0.851176
1778755256.628435 -3.071392 -29.643517 0.307528 0.014739 0.020549 -0.521163 -0.853082
1778755256.683451 -3.070887 -29.640499 0.305936 0.017145 0.019716 -0.521576 -0.852805
1778755256.736192 -3.071130 -29.638464 0.306341 0.018569 0.020402 -0.524155 -0.851176
1778755256.789584 -3.071821 -29.637146 0.305895 0.019141 0.021542 -0.524913 -0.850668
1778755256.845091 -3.072209 -29.637146 0.305473 0.019200 0.021747 -0.525467 -0.850319
1778755256.896425 -3.072422 -29.637423 0.305470 0.019024 0.022003 -0.525791 -0.850116
1778755256.952941 -3.072386 -29.637640 0.305385 0.018960 0.022004 -0.525999 -0.849989
1778755257.002720 -3.072352 -29.637629 0.305358 0.019263 0.022113 -0.526117 -0.849906
1778755257.057961 -3.072361 -29.637524 0.305311 0.019420 0.022092 -0.526144 -0.849887
1778755257.110977 -3.072439 -29.637421 0.305278 0.019573 0.022090 -0.526243 -0.849822
1778755257.163067 -3.072557 -29.637400 0.305315 0.019643 0.022197 -0.526362 -0.849744
1778755257.220845 -3.072579 -29.637465 0.305285 0.019682 0.022150 -0.526494 -0.849662
1778755257.270009 -3.072646 -29.637508 0.305310 0.019723 0.022232 -0.526603 -0.849592
1778755257.323036 -3.072800 -29.637552 0.305362 0.019900 0.022386 -0.526743 -0.849497
1778755257.376282 -3.072966 -29.637583 0.305371 0.019986 0.022460 -0.527084 -0.849281
1778755257.429675 -3.073197 -29.637590 0.305425 0.020103 0.022570 -0.527332 -0.849122
1778755257.485334 -3.073397 -29.637648 0.305442 0.020187 0.022686 -0.527492 -0.849017
1778755257.536420 -3.073537 -29.637777 0.305434 0.020243 0.022781 -0.527620 -0.848934
1778755257.589937 -3.073600 -29.637875 0.305442 0.020256 0.022823 -0.527750 -0.848852
1778755257.643248 -3.073561 -29.637913 0.305444 0.020233 0.022736 -0.527722 -0.848872
1778755257.697473 -3.073539 -29.637913 0.305434 0.020286 0.022708 -0.527656 -0.848912
1778755257.751224 -3.073564 -29.637938 0.305414 0.020375 0.022677 -0.527785 -0.848831
1778755257.803152 -3.073589 -29.637983 0.305416 0.020432 0.022671 -0.527886 -0.848767
1778755257.862285 -3.073580 -29.638020 0.305430 0.020442 0.022665 -0.527912 -0.848750
1778755257.909573 -3.073555 -29.638029 0.305427 0.020440 0.022631 -0.527898 -0.848760
1778755257.975400 -3.073543 -29.638044 0.305426 0.020564 0.022603 -0.527946 -0.848728
1778755258.020489 -3.073608 -29.638052 0.305409 0.020664 0.022591 -0.528010 -0.848686
1778755258.072592 -3.073652 -29.638065 0.305418 0.020729 0.022655 -0.528024 -0.848674
1778755258.128213 -3.073713 -29.638083 0.305407 0.020843 0.022659 -0.528000 -0.848686
1778755258.183178 -3.073758 -29.638109 0.305406 0.020928 0.022638 -0.528010 -0.848678
1778755258.234791 -3.073807 -29.638166 0.305401 0.020970 0.022612 -0.528014 -0.848676
1778755258.285829 -3.073857 -29.638252 0.305392 0.020977 0.022597 -0.528038 -0.848661
1778755258.339912 -3.073814 -29.638296 0.305387 0.020974 0.022516 -0.527993 -0.848691
1778755258.394975 -3.073837 -29.638376 0.305385 0.020985 0.022500 -0.527956 -0.848714
1778755258.445430 -3.073872 -29.638428 0.305373 0.021014 0.022474 -0.528030 -0.848669
1778755258.506212 -3.073939 -29.638443 0.305370 0.021086 0.022498 -0.528050 -0.848653
1778755258.556149 -3.073925 -29.638466 0.305388 0.021085 0.022488 -0.527934 -0.848726
1778755258.609895 -3.073905 -29.638432 0.305375 0.021134 0.022449 -0.527892 -0.848751
1778755258.666637 -3.073948 -29.638468 0.305374 0.021155 0.022439 -0.527975 -0.848700
1778755258.716814 -3.074006 -29.638494 0.305351 0.021224 0.022463 -0.527983 -0.848692
1778755258.771271 -3.074047 -29.638529 0.305345 0.021286 0.022444 -0.527937 -0.848720
1778755258.819816 -3.074041 -29.638575 0.305339 0.021280 0.022415 -0.527912 -0.848737
1778755258.874109 -3.074023 -29.638622 0.305324 0.021288 0.022346 -0.527922 -0.848732
1778755258.925203 -3.074010 -29.638929 0.305835 0.021193 0.021729 -0.527995 -0.848705
1778755258.979009 -3.073956 -29.640301 0.305680 0.020708 0.021284 -0.527578 -0.848987
1778755259.035058 -3.074494 -29.643599 0.307240 0.020328 0.019389 -0.527919 -0.848830
1778755259.088157 -3.075400 -29.647717 0.308062 0.019825 0.017473 -0.527644 -0.849054
1778755259.140924 -3.076722 -29.652775 0.308412 0.018652 0.016678 -0.526716 -0.849673
1778755259.193346 -3.078063 -29.657581 0.308547 0.017256 0.016698 -0.525417 -0.850506
1778755259.245817 -3.079408 -29.660902 0.309390 0.016457 0.016955 -0.524254 -0.851234
1778755259.319497 -3.080381 -29.662558 0.309652 0.015993 0.017098 -0.523430 -0.851747
1778755259.353504 -3.081298 -29.663179 0.308691 0.015128 0.016602 -0.522155 -0.852555
1778755259.413177 -3.081670 -29.663157 0.307538 0.012910 0.014763 -0.515854 -0.856452
1778755259.462283 -3.082342 -29.662271 0.306483 0.011952 0.012844 -0.506145 -0.862270
1778755259.517944 -3.082699 -29.661444 0.307770 0.016517 0.013915 -0.489271 -0.871864
1778755259.571675 -3.082506 -29.660408 0.308151 0.021834 0.016800 -0.458169 -0.888438
1778755259.621168 -3.082543 -29.658840 0.310132 0.026200 0.017195 -0.416905 -0.908409
1778755259.679390 -3.082810 -29.658430 0.311523 0.020062 0.016164 -0.365631 -0.930403
1778755259.731018 -3.085858 -29.656994 0.310598 0.010368 0.017537 -0.301498 -0.953249
1778755259.785287 -3.090559 -29.652912 0.307599 0.015982 0.016987 -0.229095 -0.973125
1778755259.836376 -3.094275 -29.646797 0.309785 0.028494 0.009746 -0.160639 -0.986554
1778755259.885725 -3.094191 -29.645218 0.311533 0.028397 -0.002093 -0.090232 -0.995514
1778755259.940014 -3.098836 -29.642323 0.310430 0.024274 0.000164 -0.010703 -0.999648
1778755259.994767 -3.102091 -29.636288 0.309361 0.029532 0.017607 0.066546 -0.997191
1778755260.046071 -3.103641 -29.632027 0.315172 0.022649 0.017068 0.129467 -0.991178
1778755260.103862 -3.104907 -29.627125 0.318980 0.025051 0.028717 0.223871 -0.973874
1778755260.152191 -3.104876 -29.630547 0.323168 0.033856 0.026577 0.302669 -0.952124
1778755260.219039 -3.099802 -29.629364 0.320442 0.051040 0.021670 0.372044 -0.926557
1778755260.258574 -3.090783 -29.630533 0.318472 0.065575 0.010673 0.435280 -0.897841
1778755260.323163 -3.077233 -29.630241 0.309650 0.084657 -0.005158 0.488180 -0.868612
1778755260.373613 -3.069297 -29.644379 0.307658 0.074083 -0.002720 0.532697 -0.843053
1778755260.426744 -3.060854 -29.656454 0.309279 0.065933 0.006669 0.573466 -0.816544
1778755260.487282 -3.052298 -29.673801 0.310749 0.060839 0.021295 0.612584 -0.787772
1778755260.534063 -3.050277 -29.702629 0.315299 0.016204 0.024646 0.635381 -0.771635
1778755260.587110 -3.050996 -29.719969 0.316730 -0.004359 0.019471 0.655512 -0.754921
1778755260.640712 -3.058438 -29.752226 0.320335 -0.017437 0.038230 0.677516 -0.734307
1778755260.691521 -3.064766 -29.787472 0.320053 -0.014167 0.051712 0.691081 -0.720786
1778755260.747480 -3.064005 -29.834944 0.318121 -0.013160 0.016289 0.694171 -0.719505
1778755260.799989 -3.073551 -29.874550 0.320212 -0.025935 -0.006836 0.690430 -0.722902
1778755260.852755 -3.074677 -29.923557 0.312734 -0.027910 0.000766 0.684453 -0.728522
1778755260.905538 -3.064973 -29.963629 0.303500 0.005506 -0.018577 0.681088 -0.731946
1778755260.959494 -3.070470 -30.005663 0.309231 0.011781 -0.007747 0.676109 -0.736667
1778755261.013605 -3.056819 -30.045893 0.311988 0.014902 -0.026359 0.670891 -0.740937
1778755261.065983 -3.050216 -30.076874 0.296219 0.010904 -0.034744 0.666357 -0.744743
1778755261.124839 -3.042895 -30.107622 0.297764 0.016864 -0.022351 0.660523 -0.750283
1778755261.172312 -3.038149 -30.130638 0.304078 0.015710 -0.023620 0.655173 -0.754947
1778755261.224876 -3.036759 -30.147299 0.311561 0.009677 -0.019782 0.653145 -0.756913
1778755261.281073 -3.035654 -30.165947 0.313867 0.004235 -0.020617 0.651525 -0.758335
1778755261.333555 -3.035782 -30.182314 0.314216 -0.001708 -0.021465 0.649431 -0.760116
1778755261.388157 -3.036741 -30.196127 0.314056 -0.006481 -0.022435 0.644257 -0.764453
1778755261.439460 -3.037456 -30.208197 0.313834 -0.003146 -0.025312 0.632073 -0.774489
1778755261.493890 -3.038922 -30.220924 0.310949 -0.002886 -0.027879 0.615807 -0.787399
1778755261.546582 -3.040541 -30.229118 0.307757 -0.001135 -0.027752 0.602854 -0.797368
1778755261.600499 -3.042281 -30.236017 0.304789 0.000791 -0.023679 0.592673 -0.805094
1778755261.653306 -3.042397 -30.242720 0.303373 -0.001549 -0.016154 0.584263 -0.811402
1778755261.706237 -3.041849 -30.247463 0.304561 -0.004353 -0.012818 0.577489 -0.816286
1778755261.761374 -3.041639 -30.248848 0.304656 -0.003127 -0.012554 0.573205 -0.819310
1778755261.810437 -3.043142 -30.248688 0.304583 -0.002215 -0.013174 0.567178 -0.823487
1778755261.862623 -3.044566 -30.249300 0.304535 -0.004520 -0.009023 0.560460 -0.828120
1778755261.918091 -3.042733 -30.250536 0.304174 -0.005581 -0.008223 0.553854 -0.832554
1778755261.969473 -3.040239 -30.251537 0.302981 -0.005763 -0.011280 0.550248 -0.834905
1778755262.025440 -3.036378 -30.251633 0.302243 -0.003071 -0.011602 0.548017 -0.836381
1778755262.076565 -3.034868 -30.252098 0.302830 -0.002778 -0.011619 0.543982 -0.839012
1778755262.128821 -3.033649 -30.251856 0.303254 -0.001893 -0.010707 0.541187 -0.840832
1778755262.190830 -3.033286 -30.251400 0.303522 -0.001708 -0.010470 0.538916 -0.842293
1778755262.237421 -3.032881 -30.250736 0.303692 -0.000887 -0.010248 0.537991 -0.842888
1778755262.288131 -3.032839 -30.250324 0.303798 -0.000335 -0.010404 0.537366 -0.843285
1778755262.338912 -3.032623 -30.249992 0.303917 0.000179 -0.010235 0.535799 -0.844284
1778755262.397853 -3.032470 -30.249744 0.304241 0.000896 -0.009990 0.531119 -0.847238
1778755262.444041 -3.031483 -30.249533 0.304762 0.002333 -0.009029 0.519841 -0.854212
1778755262.495683 -3.030564 -30.249361 0.306321 0.005360 -0.008797 0.506412 -0.862230
1778755262.551967 -3.029265 -30.249226 0.307510 0.007495 -0.008377 0.493963 -0.869410
1778755262.601725 -3.028161 -30.249279 0.308314 0.006944 -0.006996 0.485636 -0.874106
1778755262.655742 -3.027586 -30.249649 0.308691 0.007397 -0.006840 0.480072 -0.877171
1778755262.712356 -3.027282 -30.250153 0.308894 0.007999 -0.006900 0.475883 -0.879445
1778755262.762695 -3.027199 -30.250566 0.308310 0.008317 -0.006678 0.473281 -0.880847
1778755262.816739 -3.027286 -30.250883 0.308019 0.007724 -0.006194 0.472166 -0.881454
1778755262.878523 -3.027303 -30.251102 0.307945 0.007365 -0.006104 0.471731 -0.881691
1778755262.922711 -3.027409 -30.251108 0.307856 0.007241 -0.005974 0.472019 -0.881539
1778755262.978174 -3.027428 -30.251038 0.307787 0.007328 -0.006041 0.472334 -0.881369
1778755263.026608 -3.027572 -30.250956 0.307710 0.007357 -0.006011 0.472711 -0.881166
1778755263.080402 -3.027737 -30.250822 0.307645 0.007470 -0.006115 0.473328 -0.880834
1778755263.134485 -3.027843 -30.250681 0.307631 0.007515 -0.006189 0.474131 -0.880400
1778755263.189813 -3.027862 -30.250483 0.307614 0.007691 -0.006310 0.475117 -0.879866
1778755263.238675 -3.027856 -30.250298 0.307615 0.007644 -0.006299 0.475957 -0.879413
1778755263.292364 -3.027868 -30.250156 0.307614 0.007728 -0.006431 0.476539 -0.879096
1778755263.348516 -3.027850 -30.249992 0.307092 0.007685 -0.006494 0.477091 -0.878797
1778755263.399071 -3.027914 -30.249775 0.305827 0.007553 -0.006447 0.477953 -0.878329
1778755263.453130 -3.027943 -30.249647 0.305025 0.007389 -0.006464 0.478517 -0.878023
1778755263.504380 -3.027853 -30.249479 0.304765 0.007326 -0.006465 0.478909 -0.877810
1778755263.560405 -3.027634 -30.248861 0.305728 0.006995 -0.006299 0.478593 -0.877986
1778755263.611004 -3.026968 -30.248713 0.307262 0.006590 -0.006172 0.473178 -0.880921
1778755263.667336 -3.026905 -30.249056 0.308333 0.005760 -0.005634 0.464525 -0.885524
1778755263.721274 -3.026929 -30.249191 0.309481 0.006372 -0.005720 0.454063 -0.890929
1778755263.772970 -3.027118 -30.249727 0.309977 0.007069 -0.005985 0.445815 -0.895077
1778755263.825150 -3.027511 -30.250221 0.309862 0.007080 -0.006500 0.440200 -0.897849
1778755263.878562 -3.027981 -30.250908 0.309421 0.006655 -0.006614 0.437100 -0.899364
1778755263.935679 -3.028264 -30.251427 0.309134 0.006380 -0.005870 0.435155 -0.900314
1778755264.031910 -3.028098 -30.251608 0.308999 0.006227 -0.005521 0.434173 -0.900791
1778755264.036404 -3.027838 -30.251703 0.308346 0.005861 -0.005461 0.433962 -0.900896
1778755264.106098 -3.027725 -30.251659 0.308256 0.005724 -0.005398 0.434400 -0.900686
1778755264.176920 -3.027822 -30.251640 0.308168 0.005589 -0.005303 0.435135 -0.900332
1778755264.200502 -3.027936 -30.251652 0.308073 0.005505 -0.005229 0.435947 -0.899940
1778755264.255265 -3.028444 -30.251436 0.308152 0.004289 -0.004777 0.436177 -0.899838
1778755264.302527 -3.027791 -30.251606 0.309049 0.002262 -0.003875 0.426120 -0.904656
1778755264.360406 -3.028098 -30.251734 0.310026 0.001781 -0.002994 0.403039 -0.915176
1778755264.413094 -3.028039 -30.253574 0.310541 -0.002131 -0.001776 0.364254 -0.931295
1778755264.462757 -3.025647 -30.253696 0.309897 -0.003699 -0.000402 0.316548 -0.948569
1778755264.516763 -3.029759 -30.256519 0.307503 -0.003573 0.006492 0.256833 -0.966427
1778755264.568805 -3.028363 -30.251205 0.310477 -0.005455 -0.001547 0.194538 -0.980879
1778755264.628742 -3.023895 -30.249849 0.313074 0.001419 -0.017450 0.121055 -0.992491
1778755264.680751 -3.018902 -30.246845 0.311515 0.010293 -0.031276 0.040895 -0.998621
1778755264.731856 -3.004453 -30.241518 0.308264 0.018449 -0.019730 -0.025810 -0.999302
1778755264.787383 -3.002444 -30.239883 0.313474 0.028495 0.000852 -0.102931 -0.994280
1778755264.841293 -2.990967 -30.229284 0.316964 0.045583 0.009425 -0.175645 -0.983353
1778755264.893165 -2.978556 -30.211683 0.322727 0.052739 0.020052 -0.251136 -0.966306
1778755264.945006 -2.958826 -30.193411 0.324539 0.040090 0.009788 -0.315342 -0.948080
1778755264.999439 -2.939869 -30.176729 0.323530 0.030727 0.004442 -0.364600 -0.930646
1778755265.054817 -2.924052 -30.153292 0.323885 0.023844 0.013298 -0.407154 -0.912952
1778755265.105047 -2.901650 -30.123255 0.323059 0.016499 0.027634 -0.443625 -0.895634
1778755265.161340 -2.881304 -30.085716 0.315551 0.034053 0.025226 -0.460221 -0.886792
1778755265.215338 -2.865186 -30.057625 0.313900 0.019142 0.007706 -0.459699 -0.887835
1778755265.275302 -2.843597 -30.021454 0.313614 0.020667 0.019467 -0.459641 -0.887651
1778755265.327040 -2.819750 -29.981432 0.313257 0.010742 0.031283 -0.460708 -0.886935
1778755265.390853 -2.785284 -29.928257 0.308318 -0.003463 0.009953 -0.463143 -0.886221
1778755265.441048 -2.761600 -29.892885 0.307477 0.000837 -0.009502 -0.463730 -0.885926
1778755265.491531 -2.733385 -29.851427 0.308650 -0.005773 -0.009415 -0.459862 -0.887922
1778755265.546532 -2.704594 -29.809700 0.310942 -0.002223 -0.000141 -0.456456 -0.889743
1778755265.600979 -2.664903 -29.765877 0.302519 -0.006089 -0.006082 -0.455503 -0.890193
1778755265.663822 -2.651529 -29.730301 0.309902 0.000630 -0.001537 -0.450741 -0.892653
1778755265.705868 -2.623699 -29.689663 0.314844 0.003140 0.012228 -0.450096 -0.892891
1778755265.761808 -2.593031 -29.642138 0.314938 -0.001695 0.026806 -0.452936 -0.891138
1778755265.817616 -2.556180 -29.589413 0.304350 -0.011772 0.012689 -0.456312 -0.889652
1778755265.870351 -2.529278 -29.547863 0.308652 0.000172 -0.003470 -0.458053 -0.888918
1778755265.928440 -2.495122 -29.497248 0.313056 -0.001390 -0.005203 -0.456034 -0.889946
1778755265.974683 -2.461285 -29.450790 0.315376 0.003876 0.005035 -0.454717 -0.890614
1778755266.029732 -2.437417 -29.422544 0.309399 0.005298 -0.004463 -0.453461 -0.891249
1778755266.083322 -2.410617 -29.385216 0.312509 0.012736 -0.006411 -0.451330 -0.892243
1778755266.135359 -2.375912 -29.337864 0.313583 0.011714 0.001445 -0.453464 -0.891196
1778755266.193228 -2.333363 -29.277018 0.308339 0.010608 0.001902 -0.454663 -0.890598
1778755266.244506 -2.300998 -29.232874 0.309093 0.007236 -0.008460 -0.457024 -0.889385
1778755266.303817 -2.269842 -29.189140 0.315045 0.001223 -0.005182 -0.457754 -0.889063
1778755266.354015 -2.237187 -29.143673 0.317656 0.002512 0.007837 -0.455716 -0.890087
1778755266.406530 -2.198993 -29.095644 0.311655 0.006351 0.003289 -0.455533 -0.890190
1778755266.457254 -2.181725 -29.075846 0.310024 0.013218 -0.008751 -0.452139 -0.891807
1778755266.509363 -2.148692 -29.028543 0.312938 0.012935 0.000968 -0.453200 -0.891314
1778755266.569014 -2.115497 -28.981131 0.313726 0.008539 0.011159 -0.455431 -0.890160
1778755266.615191 -2.080391 -28.926218 0.304243 0.014837 0.000786 -0.455954 -0.889880
1778755266.668497 -2.072434 -28.926958 0.309118 0.009510 -0.005759 -0.459153 -0.888288
1778755266.721995 -2.044830 -28.886036 0.315364 0.005321 -0.003003 -0.458309 -0.888772
1778755266.774721 -2.009698 -28.839413 0.319076 0.007816 0.008493 -0.457135 -0.889323
1778755266.833868 -1.978995 -28.795841 0.311809 -0.001699 -0.000530 -0.456980 -0.889475
1778755266.881738 -1.951007 -28.755062 0.314168 0.004111 -0.000436 -0.454230 -0.890875
1778755266.937151 -1.918669 -28.709768 0.315817 0.003890 0.008985 -0.455548 -0.890157
1778755267.496783 -1.883781 -28.658602 0.316938 0.000227 0.014907 -0.457706 -0.888979
1778755267.500233 -1.855166 -28.620480 0.309985 0.005275 0.003338 -0.458198 -0.888828
1778755267.794225 -1.820357 -28.564388 0.312632 -0.000873 -0.003946 -0.460059 -0.887879
1778755267.796836 -1.792314 -28.520309 0.315704 0.003914 0.005162 -0.458385 -0.888730
1778755267.799533 -1.762237 -28.465427 0.299402 0.017537 0.009638 -0.456852 -0.889318
1778755267.801055 -1.762237 -28.465427 0.299402 0.017537 0.009638 -0.456852 -0.889318
1778755267.828789 -1.739487 -28.434719 0.304151 0.006425 0.006330 -0.456741 -0.889554
1778755267.835324 -1.718737 -28.399746 0.309516 0.006390 0.008309 -0.456757 -0.889530
1778755267.878594 -1.693129 -28.367823 0.305892 0.007930 0.002985 -0.460146 -0.887803
1778755267.891963 -1.669758 -28.337143 0.301290 0.011989 -0.001828 -0.461171 -0.887228
1778755267.898540 -1.650398 -28.314796 0.298880 0.013650 0.004469 -0.461797 -0.886869
1778755267.940350 -1.636584 -28.299652 0.296731 0.013660 0.009155 -0.461882 -0.886789
1778755267.954163 -1.627905 -28.289070 0.304917 0.007405 0.003639 -0.462661 -0.886497
1778755268.013425 -1.623069 -28.277435 0.308284 0.006903 0.002092 -0.462607 -0.886534
1778755268.032262 -1.614384 -28.254856 0.307464 0.013045 -0.001000 -0.462764 -0.886385
1778755268.089655 -1.606451 -28.236727 0.304874 0.007386 0.002370 -0.461154 -0.887286
1778755268.142820 -1.600155 -28.224596 0.309328 0.012372 0.009379 -0.454951 -0.890381
1778755268.177660 -1.592432 -28.211357 0.311992 0.014756 0.016550 -0.452008 -0.891738
1778755268.181652 -1.580575 -28.192932 0.310691 0.016375 0.018696 -0.450409 -0.892476
1778755268.222725 -1.567831 -28.175858 0.309675 0.016249 0.014279 -0.449588 -0.892974
1778755268.254120 -1.553038 -28.154060 0.309913 0.014808 0.010936 -0.448835 -0.893425
1778755268.283305 -1.534119 -28.128094 0.309840 0.013182 0.008216 -0.449279 -0.893256
1778755268.292072 -1.514190 -28.098133 0.302150 0.019817 0.012290 -0.447984 -0.893738
1778755268.333647 -1.495807 -28.080544 0.300181 0.013879 0.012488 -0.446819 -0.894429
1778755268.371899 -1.479784 -28.059566 0.304676 0.004185 0.016045 -0.443564 -0.896089
1778755268.384158 -1.464551 -28.035872 0.306535 0.005990 0.021077 -0.439371 -0.898039
1778755268.439633 -1.446754 -28.011829 0.306639 0.009398 0.024457 -0.435153 -0.899975
1778755268.493878 -1.427093 -27.987963 0.305281 0.004819 0.027225 -0.428215 -0.903254
1778755268.540084 -1.410854 -27.963428 0.308270 0.017040 0.029030 -0.417690 -0.907966
1778755268.590211 -1.395111 -27.944075 0.310684 0.017307 0.020196 -0.412335 -0.910644
1778755268.659593 -1.376396 -27.923162 0.310009 0.016454 0.014092 -0.405871 -0.913674
1778755268.705193 -1.355637 -27.900167 0.308254 0.014687 0.006398 -0.402700 -0.915192
1778755268.754874 -1.332710 -27.876207 0.305680 0.012996 0.001730 -0.401485 -0.915772
1778755268.807979 -1.310696 -27.851362 0.303161 0.016852 0.000879 -0.400033 -0.916345
1778755268.858124 -1.284911 -27.825781 0.301507 0.010343 0.005307 -0.398874 -0.916932
1778755268.911173 -1.264274 -27.804317 0.307421 0.000799 0.007990 -0.395462 -0.918447
1778755268.968795 -1.239480 -27.775265 0.309862 -0.002399 0.011939 -0.391274 -0.920194
1778755269.019468 -1.209987 -27.744724 0.311445 0.000558 0.020574 -0.388426 -0.921250
1778755269.076704 -1.178996 -27.714857 0.310381 0.003877 0.011891 -0.387195 -0.921913
1778755269.125592 -1.153287 -27.683973 0.310281 0.012512 0.008509 -0.384330 -0.923072
1778755269.185745 -1.119262 -27.650177 0.311444 0.016803 0.013238 -0.385544 -0.922441
1778755269.235679 -1.086286 -27.613806 0.312046 0.014012 0.020076 -0.387257 -0.921647
1778755269.285637 -1.044521 -27.566151 0.313359 0.011062 0.021841 -0.388263 -0.921224
1778755269.339359 -1.012251 -27.532192 0.308060 0.014389 0.000701 -0.391693 -0.919984
1778755269.390675 -0.976692 -27.492699 0.311563 0.004867 0.005283 -0.391986 -0.919943
1778755269.451757 -0.935928 -27.449200 0.315700 0.009821 0.016225 -0.377475 -0.925826
1778755269.502806 -0.890125 -27.414871 0.314174 0.002835 0.008050 -0.354417 -0.935049
1778755269.558441 -0.865448 -27.378641 0.314352 -0.004139 0.007286 -0.316596 -0.948524
1778755269.613482 -0.826701 -27.347559 0.311626 0.003156 0.013434 -0.292355 -0.956211
1778755269.668007 -0.781465 -27.313263 0.311074 -0.001381 0.025422 -0.271655 -0.962058
1778755269.741916 -0.731489 -27.291370 0.303489 -0.021437 0.001126 -0.256943 -0.966188
1778755269.776070 -0.685011 -27.260231 0.307858 -0.028018 -0.015234 -0.245599 -0.968847
1778755269.828847 -0.636205 -27.237970 0.312326 -0.028487 -0.002192 -0.228067 -0.973226
1778755269.884895 -0.580489 -27.217115 0.316575 -0.022023 0.011340 -0.213595 -0.976608
1778755269.936136 -0.538376 -27.199682 0.303954 -0.015360 -0.006790 -0.200654 -0.979518
1778755269.994092 -0.481199 -27.180275 0.302721 -0.010778 -0.003623 -0.189809 -0.981755
1778755270.039668 -0.427430 -27.158165 0.305241 -0.003809 0.013340 -0.184820 -0.982675
1778755270.094400 -0.363164 -27.132072 0.294999 -0.001172 0.018719 -0.181552 -0.983203
1778755270.149691 -0.352126 -27.126040 0.298978 0.002476 0.011892 -0.180669 -0.983469
1778755270.205148 -0.294152 -27.105152 0.308747 -0.005581 0.014632 -0.177778 -0.983946
1778755270.266181 -0.242588 -27.084358 0.315225 0.004554 0.025847 -0.171202 -0.984886
1778755270.312217 -0.179350 -27.070391 0.312646 0.002397 0.020935 -0.167916 -0.985576
1778755270.372804 -0.136911 -27.047241 0.307903 0.006026 0.016227 -0.159808 -0.986996
1778755270.423373 -0.083710 -27.026430 0.310894 0.009073 0.024265 -0.158445 -0.987028
1778755270.480893 -0.025986 -27.003860 0.313696 0.007661 0.037120 -0.162031 -0.986058
1778755270.527996 0.031665 -26.984589 0.309820 -0.001621 0.021099 -0.177283 -0.983932
1778755270.581686 0.083078 -26.962204 0.310577 0.002945 0.016096 -0.202553 -0.979135
1778755270.635617 0.128118 -26.939375 0.313289 0.002598 0.022032 -0.220855 -0.975054
1778755270.684932 0.186054 -26.912172 0.320954 0.008592 0.037012 -0.237748 -0.970583
1778755270.739981 0.205359 -26.907051 0.307833 0.015904 0.024674 -0.250265 -0.967732
1778755270.791890 0.257767 -26.881491 0.308755 0.018456 0.012123 -0.256418 -0.966314
1778755270.848849 0.304998 -26.850523 0.313264 0.021546 0.019652 -0.261030 -0.964890
1778755270.899578 0.356746 -26.819986 0.299562 0.012718 0.031379 -0.255400 -0.966243
1778755270.952566 0.409911 -26.797129 0.306111 0.002701 0.007930 -0.247763 -0.968784
1778755271.007606 0.458047 -26.765797 0.313745 0.002617 0.004665 -0.240384 -0.970663
1778755271.059030 0.510878 -26.737352 0.318624 0.007404 0.015360 -0.231325 -0.972727
1778755271.136245 0.568211 -26.707363 0.304853 0.017873 0.019077 -0.225087 -0.973988
1778755271.168054 0.608656 -26.687479 0.308469 0.004516 0.015774 -0.219153 -0.975552
1778755271.217018 0.662935 -26.658722 0.309708 0.005929 0.022314 -0.214385 -0.976476
1778755271.272438 0.714518 -26.630571 0.310535 0.008376 0.035045 -0.213173 -0.976350
1778755271.325402 0.777826 -26.602051 0.301253 0.005754 0.032003 -0.212497 -0.976621
1778755271.378258 0.827877 -26.576662 0.307077 -0.002068 0.013357 -0.213705 -0.976805
1778755271.429034 0.876627 -26.553310 0.311895 -0.002635 0.019413 -0.211358 -0.977212
1778755271.482389 0.931578 -26.530027 0.322031 0.007371 0.032765 -0.199024 -0.979419
1778755271.537220 0.986891 -26.512991 0.307003 -0.016687 0.030556 -0.177714 -0.983466
1778755271.590908 1.029917 -26.487974 0.309291 -0.007549 0.033649 -0.146599 -0.988595
1778755271.644445 1.083571 -26.471470 0.307091 -0.001806 0.039028 -0.128732 -0.990910
1778755271.703505 1.137725 -26.455172 0.308535 -0.004568 0.047963 -0.115064 -0.992189
1778755271.754227 1.196317 -26.444382 0.301064 -0.017260 0.031512 -0.104249 -0.993902
1778755271.805384 1.250441 -26.431780 0.304527 -0.027972 0.015505 -0.097016 -0.994769
1778755271.860369 1.308108 -26.423124 0.308382 -0.031756 0.024661 -0.084778 -0.995588
1778755271.916101 1.364918 -26.415600 0.313994 -0.024009 0.038237 -0.080973 -0.995693
1778755271.971479 1.417805 -26.406574 0.304887 -0.005418 0.024135 -0.092767 -0.995381
1778755272.023050 1.462071 -26.402533 0.305515 0.002145 0.016178 -0.110929 -0.993694
1778755272.076897 1.522211 -26.387520 0.311845 0.006695 0.026872 -0.131254 -0.990962
1778755272.130112 1.583263 -26.362892 0.306059 0.017936 0.030443 -0.145474 -0.988731
1778755272.194219 1.636438 -26.352625 0.312201 0.010595 0.033311 -0.165419 -0.985604
1778755272.231601 1.685956 -26.328924 0.318996 0.021513 0.036074 -0.193030 -0.980293
1778755272.285085 1.740095 -26.303596 0.328785 0.027563 0.046977 -0.234756 -0.970527
1778755272.339067 1.756563 -26.293056 0.308233 0.047282 0.047561 -0.281743 -0.957143
1778755272.392142 1.776461 -26.285952 0.308899 0.059399 0.023279 -0.323728 -0.943997
1778755272.459260 1.820911 -26.254477 0.306665 0.048667 0.023192 -0.371579 -0.926835
1778755272.502784 1.851287 -26.216110 0.300130 0.063496 0.042754 -0.414111 -0.907002
1778755272.550983 1.893367 -26.193388 0.302986 0.043660 0.043597 -0.454958 -0.888373
1778755272.601861 1.912423 -26.160555 0.301413 0.051708 0.047469 -0.483178 -0.872704
1778755272.653172 1.936348 -26.119534 0.297307 0.054278 0.055010 -0.510228 -0.856560
1778755272.713539 1.956080 -26.083271 0.287119 0.036319 0.059458 -0.531724 -0.844047
1778755272.763015 1.967788 -26.051825 0.296897 0.030132 0.053802 -0.545808 -0.835638
1778755272.818951 1.982723 -26.018309 0.302484 0.027004 0.053522 -0.562073 -0.824912
1778755272.874499 1.995513 -25.983568 0.304783 0.019432 0.053687 -0.577053 -0.814708
1778755272.925086 2.009362 -25.945070 0.306349 0.010698 0.046560 -0.589364 -0.806454
1778755272.982330 2.017739 -25.909519 0.293686 0.015438 0.059055 -0.596424 -0.800346
1778755273.030706 2.028607 -25.884071 0.295536 0.003257 0.059009 -0.604946 -0.794071
1778755273.100818 2.034230 -25.856203 0.303861 -0.003232 0.063618 -0.610384 -0.789540
1778755273.143771 2.041083 -25.822155 0.310800 0.000728 0.069168 -0.614062 -0.786220
1778755273.193220 2.053697 -25.779680 0.322003 0.000191 0.045995 -0.620984 -0.782473
1778755273.249528 2.056341 -25.732763 0.316457 0.037785 -0.003299 -0.626349 -0.778620
1778755273.303045 2.048710 -25.711582 0.310932 0.109837 -0.069552 -0.629870 -0.765743
1778755273.355233 2.066184 -25.675030 0.353494 0.081965 -0.101240 -0.633008 -0.763108
1778755273.407551 2.071119 -25.640087 0.287594 0.098490 -0.103007 -0.630672 -0.762851
1778755273.469457 2.085674 -25.635252 0.222113 0.110596 -0.120270 -0.631199 -0.758216
1778755273.515484 2.109229 -25.647917 0.240316 0.131069 -0.132061 -0.632537 -0.751850
1778755273.563977 2.119746 -25.633081 0.303205 0.127591 -0.124711 -0.634124 -0.752366
1778755273.618234 2.125043 -25.609415 0.279096 0.122677 -0.111772 -0.634363 -0.755011
1778755273.673161 2.132609 -25.583164 0.281943 0.116892 -0.088600 -0.629776 -0.762803
1778755273.742555 2.130380 -25.573725 0.218175 0.102211 -0.059821 -0.618720 -0.776634
1778755273.791337 2.126940 -25.554834 0.217504 0.088010 -0.045735 -0.602820 -0.791689
1778755273.834519 2.127170 -25.527609 0.277983 0.093601 -0.057526 -0.595997 -0.795436
1778755273.889674 2.130753 -25.504103 0.301964 0.078010 -0.041665 -0.592916 -0.800393
1778755273.941979 2.136187 -25.474945 0.311097 0.078178 -0.025813 -0.585360 -0.806583
1778755273.996191 2.144217 -25.450708 0.319629 0.075740 -0.007374 -0.571845 -0.816825
1778755274.048041 2.157292 -25.426954 0.318523 0.053308 -0.004562 -0.563630 -0.824293
1778755274.097594 2.168342 -25.410166 0.309985 0.050479 -0.000800 -0.553908 -0.831046
1778755274.154115 2.182671 -25.384962 0.312347 0.043992 -0.006129 -0.544169 -0.837799
1778755274.206110 2.200973 -25.357065 0.310169 0.038394 -0.013265 -0.538126 -0.841885
1778755274.257202 2.218515 -25.330208 0.303085 0.044132 -0.016166 -0.532748 -0.844968
1778755274.311322 2.235068 -25.309118 0.310028 0.037881 -0.012790 -0.529003 -0.847678
1778755274.364516 2.249369 -25.285305 0.313212 0.025969 -0.022164 -0.526892 -0.849246
1778755274.418679 2.260586 -25.258846 0.312171 0.027896 -0.022839 -0.521512 -0.852482
1778755274.468361 2.273139 -25.230820 0.308602 0.033469 -0.023720 -0.517572 -0.854656
1778755274.520417 2.289177 -25.203663 0.303415 0.026621 -0.023199 -0.514662 -0.856666
1778755274.576864 2.298998 -25.176245 0.313281 0.033135 -0.016673 -0.510240 -0.859232
1778755274.653979 2.311465 -25.152786 0.314330 0.033124 -0.018541 -0.508746 -0.860079
1778755274.691574 2.325952 -25.129065 0.313953 0.033868 -0.019771 -0.503518 -0.863094
1778755274.740612 2.344904 -25.099689 0.310972 0.031463 -0.021273 -0.491120 -0.870264
1778755274.794214 2.363842 -25.072224 0.305632 0.029986 -0.025656 -0.479040 -0.876905
1778755274.851053 2.382817 -25.043709 0.308312 0.035300 -0.013763 -0.468588 -0.882604
1778755274.901987 2.401392 -25.029287 0.312331 0.019990 -0.020552 -0.461507 -0.886673
1778755274.955450 2.418214 -25.007839 0.314281 0.011538 -0.022341 -0.453351 -0.890977
1778755275.007933 2.435313 -24.986773 0.312986 0.008961 -0.020523 -0.445380 -0.895062
1778755275.063493 2.456797 -24.960590 0.309120 0.007813 -0.020066 -0.438641 -0.898405
1778755275.134197 2.476512 -24.934858 0.305426 0.015972 -0.022648 -0.433505 -0.900725
1778755275.169125 2.491422 -24.912933 0.311157 0.016087 -0.020368 -0.428401 -0.903216
1778755275.222934 2.506025 -24.891462 0.314371 0.017943 -0.012761 -0.425920 -0.904493
1778755275.272764 2.524157 -24.867374 0.313473 0.017256 -0.008350 -0.424363 -0.905289
1778755275.330245 2.543256 -24.842844 0.310871 0.016988 -0.006618 -0.423677 -0.905630
1778755275.384224 2.565868 -24.818249 0.307006 0.015826 -0.013911 -0.424844 -0.905022
1778755275.437690 2.583755 -24.794483 0.302966 0.024218 -0.006830 -0.430403 -0.902286
1778755275.489666 2.599708 -24.783558 0.307379 0.018242 -0.008485 -0.444389 -0.895608
1778755275.545062 2.610613 -24.769894 0.309492 0.017066 -0.010001 -0.460387 -0.887498
1778755275.599386 2.618393 -24.754879 0.308527 0.024487 -0.010556 -0.479529 -0.877121
1778755275.651856 2.624753 -24.738855 0.305238 0.036161 -0.012726 -0.502120 -0.863948
1778755275.709327 2.628693 -24.721739 0.298628 0.061358 -0.016274 -0.531176 -0.844880
1778755275.765560 2.629206 -24.703909 0.287970 0.093218 -0.026218 -0.560587 -0.822415
1778755275.833420 2.626240 -24.684011 0.290368 0.133229 -0.051733 -0.588075 -0.796079
1778755275.864369 2.632135 -24.676096 0.347080 0.129665 -0.088845 -0.608101 -0.778143
1778755275.917755 2.630214 -24.669161 0.401087 0.112952 -0.081616 -0.622174 -0.770377
1778755275.972607 2.630114 -24.659010 0.361192 0.105158 -0.088780 -0.624099 -0.769129
1778755276.031532 2.630208 -24.652700 0.396773 0.094808 -0.096166 -0.618041 -0.774460
1778755276.088159 2.632236 -24.649124 0.364029 0.089857 -0.100842 -0.607543 -0.782718
1778755276.130901 2.634572 -24.647806 0.352338 0.085061 -0.103833 -0.595691 -0.791919
1778755276.190133 2.636854 -24.643528 0.395125 0.087008 -0.098104 -0.580654 -0.803521
1778755276.237884 2.637278 -24.641296 0.417485 0.090024 -0.090267 -0.561938 -0.817297
1778755276.290102 2.637872 -24.638985 0.403560 0.092822 -0.090008 -0.537887 -0.833043
1778755276.350171 2.639875 -24.635492 0.366256 0.094971 -0.090280 -0.515505 -0.846808
1778755276.399345 2.643543 -24.631699 0.347332 0.093649 -0.090015 -0.496362 -0.858343
1778755276.458670 2.648330 -24.627361 0.339619 0.094783 -0.087085 -0.481326 -0.867040
1778755276.514842 2.655109 -24.622417 0.334847 0.097659 -0.083640 -0.469541 -0.873498
1778755276.557064 2.661765 -24.616590 0.370042 0.098164 -0.081043 -0.459893 -0.878803
1778755276.610687 2.668930 -24.611086 0.396860 0.096654 -0.080404 -0.451455 -0.883392
1778755276.663622 2.676399 -24.606670 0.406968 0.091252 -0.082920 -0.447953 -0.885514
1778755276.719264 2.686702 -24.602692 0.363866 0.081296 -0.088004 -0.450906 -0.884494
1778755276.770636 2.694022 -24.619513 0.259918 0.071913 -0.090489 -0.461147 -0.879763
1778755276.820273 2.679578 -24.685135 0.246474 0.080927 -0.092264 -0.473283 -0.872319
1778755276.870136 2.702247 -24.671677 0.239850 0.085707 -0.114766 -0.480216 -0.865376
1778755276.922801 2.711895 -24.664118 0.256507 0.088489 -0.122534 -0.494642 -0.855853
1778755276.977959 2.721629 -24.643593 0.275496 0.090413 -0.130102 -0.508860 -0.846145
1778755277.026338 2.734049 -24.629227 0.275635 0.083342 -0.141162 -0.516001 -0.840756
1778755277.082545 2.743779 -24.602903 0.303991 0.089372 -0.149301 -0.521488 -0.835328
1778755277.138703 2.750856 -24.579311 0.275420 0.083177 -0.152930 -0.525557 -0.832757
1778755277.187127 2.751949 -24.558229 0.290853 0.090983 -0.146990 -0.525917 -0.832783
1778755277.243561 2.761726 -24.533106 0.267589 0.088676 -0.142918 -0.527767 -0.832570
1778755277.298125 2.776310 -24.510149 0.291254 0.090941 -0.133999 -0.534611 -0.829437
1778755277.352292 2.788682 -24.486910 0.300103 0.096042 -0.121241 -0.540634 -0.826917
1778755277.404958 2.803130 -24.471405 0.301409 0.087013 -0.107826 -0.548015 -0.824913
1778755277.459801 2.807719 -24.453928 0.292807 0.097607 -0.069830 -0.555192 -0.823018
1778755277.516957 2.814210 -24.439590 0.277191 0.110740 -0.031418 -0.562895 -0.818474
1778755277.569309 2.819808 -24.413074 0.273693 0.127283 -0.034710 -0.565027 -0.814456
1778755277.618671 2.822580 -24.391546 0.261161 0.150924 -0.043348 -0.566763 -0.808779
1778755277.677081 2.824574 -24.373619 0.299107 0.123016 -0.048153 -0.569371 -0.811397
1778755277.727378 2.832336 -24.349331 0.356077 0.119154 -0.047654 -0.572647 -0.809696
1778755277.788113 2.840075 -24.334122 0.350753 0.111383 -0.050154 -0.574360 -0.809438
1778755277.836226 2.837927 -24.389097 0.268643 0.104756 -0.045869 -0.577829 -0.808106
1778755277.886313 2.841763 -24.422451 0.253429 0.092103 -0.041646 -0.580295 -0.808109
1778755277.938560 2.862762 -24.395967 0.265471 0.088385 -0.071078 -0.580243 -0.806508
1778755277.989077 2.875862 -24.379122 0.247883 0.088319 -0.081940 -0.580663 -0.805180
1778755278.043859 2.892664 -24.360445 0.271123 0.089039 -0.097430 -0.577340 -0.805765
1778755278.099100 2.902357 -24.354546 0.296767 0.089069 -0.078448 -0.579124 -0.806553
1778755278.150290 2.918542 -24.342663 0.299761 0.068795 -0.060138 -0.579120 -0.810105
1778755278.206563 2.922883 -24.308996 0.298679 0.079334 -0.053580 -0.566366 -0.818575
1778755278.259856 2.926134 -24.286057 0.291093 0.082817 -0.038061 -0.556390 -0.825907
1778755278.312973 2.932632 -24.248545 0.275716 0.091723 -0.068082 -0.553186 -0.825189
1778755278.367516 2.933171 -24.235214 0.272218 0.128445 -0.098765 -0.553277 -0.817088
1778755278.429143 2.957607 -24.246002 0.348297 0.107725 -0.133150 -0.548895 -0.818157
1778755278.477019 2.966640 -24.221573 0.391002 0.070256 -0.118344 -0.552614 -0.821996
1778755278.526786 2.966297 -24.216915 0.304444 0.088728 -0.104631 -0.552011 -0.822474
1778755278.580165 2.978995 -24.200031 0.257235 0.094739 -0.101909 -0.551281 -0.822635
1778755278.634082 2.992651 -24.180172 0.265176 0.096782 -0.104667 -0.550936 -0.822282
1778755278.693451 3.009516 -24.159479 0.288984 0.092652 -0.112241 -0.550874 -0.821800
1778755278.736918 3.032972 -24.138641 0.279383 0.085331 -0.123027 -0.547999 -0.822971
1778755278.790556 3.047339 -24.124035 0.285958 0.092899 -0.115112 -0.548200 -0.823162
1778755278.855275 3.060988 -24.109943 0.308777 0.089776 -0.087396 -0.551183 -0.824924
1778755278.898122 3.068436 -24.080172 0.308629 0.099201 -0.071826 -0.541817 -0.831526
1778755278.954231 3.069641 -24.058273 0.301537 0.095028 -0.049149 -0.529359 -0.841626
1778755279.007248 3.077564 -24.023710 0.277850 0.091580 -0.076177 -0.524035 -0.843325
1778755279.062883 3.072625 -24.005617 0.267508 0.137200 -0.104609 -0.528160 -0.831433
1778755279.112894 3.086406 -23.988258 0.331631 0.106991 -0.125665 -0.533597 -0.829479
1778755279.163108 3.094069 -23.961637 0.390531 0.091484 -0.112561 -0.548457 -0.823502
1778755279.215047 3.103432 -23.947491 0.378981 0.087876 -0.104978 -0.562462 -0.815410
1778755279.266853 3.091634 -23.991379 0.282116 0.078539 -0.088867 -0.575569 -0.809108
1778755279.336049 3.101598 -23.977083 0.260384 0.095961 -0.083538 -0.582349 -0.802921
1778755279.377711 3.113378 -23.955952 0.229685 0.097490 -0.090300 -0.588879 -0.797222
1778755279.425885 3.130124 -23.930977 0.252602 0.092147 -0.100629 -0.593349 -0.793297
1778755279.484440 3.142707 -23.908007 0.270250 0.098514 -0.110460 -0.592649 -0.791746
1778755279.534394 3.145094 -23.914061 0.295809 0.100372 -0.075641 -0.599484 -0.790458
1778755279.591300 3.153933 -23.891130 0.305956 0.098317 -0.053514 -0.604531 -0.788678
1778755279.641187 3.157493 -23.862129 0.304347 0.100234 -0.039086 -0.605049 -0.788886
1778755279.702618 3.160445 -23.832222 0.281521 0.117737 -0.045759 -0.606323 -0.785122
1778755279.760453 3.162979 -23.810642 0.274284 0.163826 -0.090890 -0.606437 -0.772745
1778755279.820978 3.189836 -23.807236 0.341894 0.140229 -0.130553 -0.603899 -0.773691
1778755279.859226 3.186335 -23.782045 0.380828 0.113236 -0.108559 -0.601745 -0.783132
1778755279.913477 3.197895 -23.757269 0.361629 0.109901 -0.107970 -0.604507 -0.781560
1778755279.969992 3.208762 -23.737949 0.382986 0.110063 -0.108554 -0.607548 -0.779094
1778755280.021833 3.221640 -23.710283 0.390409 0.110104 -0.109907 -0.607658 -0.778813
1778755280.073731 3.243834 -23.689190 0.340959 0.102749 -0.130555 -0.608135 -0.776254
1778755280.130692 3.257434 -23.678131 0.286836 0.109336 -0.129529 -0.610531 -0.773640
1778755280.179745 3.277003 -23.665661 0.322249 0.090494 -0.132707 -0.615865 -0.771304
1778755280.249297 3.283867 -23.641111 0.339645 0.081495 -0.133994 -0.616344 -0.771702
1778755280.292739 3.292627 -23.620554 0.305877 0.081582 -0.131769 -0.614771 -0.773330
1778755280.340077 3.297801 -23.597698 0.254566 0.078486 -0.130154 -0.613280 -0.775105
1778755280.397418 3.299097 -23.570913 0.262269 0.084127 -0.124696 -0.612558 -0.775981
1778755280.451757 3.292080 -23.548801 0.249354 0.102581 -0.121881 -0.612936 -0.773907
1778755280.502253 3.274283 -23.556747 0.260389 0.132263 -0.126929 -0.612814 -0.768670
1778755280.555402 3.284803 -23.562181 0.305573 0.101320 -0.136374 -0.609079 -0.774699
1778755280.606336 3.290049 -23.529634 0.322336 0.068237 -0.125285 -0.609534 -0.779818
1778755280.670665 3.292997 -23.505913 0.349810 0.081855 -0.122841 -0.608446 -0.779746
1778755280.732689 3.299391 -23.492649 0.282036 0.087391 -0.117550 -0.608449 -0.779958
1778755280.775895 3.317419 -23.460537 0.325501 0.088446 -0.122294 -0.608391 -0.779155
1778755280.824058 3.338721 -23.443012 0.278252 0.087124 -0.133687 -0.606250 -0.779101
1778755280.892729 3.353132 -23.446177 0.273518 0.097556 -0.163040 -0.598908 -0.777953
1778755280.928262 3.371742 -23.428234 0.304563 0.126451 -0.221958 -0.585520 -0.769358
1778755280.983302 3.375769 -23.417601 0.329466 0.152033 -0.220601 -0.593901 -0.758619
1778755281.033996 3.382393 -23.425932 0.327368 0.149309 -0.196023 -0.611631 -0.751791
1778755281.086791 3.388491 -23.405209 0.320364 0.147241 -0.171402 -0.616445 -0.754279
1778755281.138808 3.394398 -23.377733 0.357446 0.143374 -0.140209 -0.620882 -0.757820
1778755281.199781 3.408862 -23.350578 0.357406 0.127853 -0.130062 -0.622886 -0.760757
1778755281.244170 3.409980 -23.319698 0.361223 0.135238 -0.118647 -0.623528 -0.760819
1778755281.307829 3.415968 -23.295012 0.300360 0.127712 -0.122078 -0.622851 -0.762131
1778755281.349534 3.419908 -23.279665 0.318043 0.099967 -0.126027 -0.623109 -0.765414
1778755281.412192 3.428910 -23.257256 0.307453 0.065092 -0.116968 -0.627348 -0.767148
1778755281.456687 3.445951 -23.227652 0.296829 0.038483 -0.108468 -0.638253 -0.761175
1778755281.519973 3.465655 -23.195459 0.278631 0.056974 -0.127270 -0.635862 -0.759102
1778755281.587474 3.479808 -23.158337 0.303391 0.088845 -0.159507 -0.630833 -0.754131
1778755281.627254 3.492909 -23.135971 0.378053 0.083562 -0.145728 -0.633990 -0.754876
1778755281.682472 3.501408 -23.105928 0.411599 0.083987 -0.141671 -0.635421 -0.754398
1778755281.734192 3.505665 -23.080795 0.418660 0.086040 -0.132539 -0.638041 -0.753614
1778755281.794063 3.503101 -23.065033 0.324064 0.081456 -0.113627 -0.639315 -0.756129
1778755281.842929 3.495192 -23.064112 0.271082 0.072551 -0.092543 -0.641568 -0.757999
1778755281.894741 3.491370 -23.028770 0.263802 0.084308 -0.091356 -0.641921 -0.756626
1778755281.951164 3.488481 -22.999651 0.278121 0.098017 -0.091512 -0.643551 -0.753565
1778755282.001822 3.466429 -23.005543 0.284762 0.113532 -0.115803 -0.645450 -0.746387
1778755282.058378 3.462168 -23.023037 0.272414 0.088702 -0.151592 -0.641887 -0.746413
1778755282.108644 3.463570 -23.007313 0.290968 0.096286 -0.141129 -0.639387 -0.749664
1778755282.163591 3.467232 -22.982660 0.295659 0.095804 -0.138061 -0.638276 -0.751242
1778755282.214701 3.476814 -22.972525 0.273121 0.091165 -0.149101 -0.636122 -0.751536
1778755282.270316 3.484257 -22.950653 0.289220 0.098284 -0.141815 -0.637465 -0.750911
1778755282.350984 3.488018 -22.931967 0.298603 0.104040 -0.133866 -0.639168 -0.750147
1778755282.374182 3.488089 -22.917345 0.320354 0.104348 -0.105845 -0.641460 -0.752621
1778755282.426534 3.492092 -22.895231 0.295904 0.104055 -0.091534 -0.644678 -0.751788
1778755282.483246 3.493618 -22.874023 0.265519 0.098413 -0.093406 -0.644624 -0.752363
1778755282.530003 3.492427 -22.853512 0.275583 0.096077 -0.078676 -0.645141 -0.753905
1778755282.587386 3.488828 -22.842222 0.284181 0.087526 -0.074526 -0.648734 -0.752283
1778755282.636557 3.477614 -22.855816 0.260068 0.108430 -0.073984 -0.652377 -0.746441
1778755282.693010 3.487229 -22.830618 0.298178 0.102734 -0.091907 -0.639027 -0.756732
1778755282.749021 3.491577 -22.802181 0.334612 0.104698 -0.088999 -0.634808 -0.760353
1778755282.797589 3.501098 -22.782503 0.268228 0.104570 -0.098775 -0.634689 -0.759262
1778755282.852293 3.514386 -22.750090 0.269544 0.101067 -0.115220 -0.633087 -0.758756
1778755282.904307 3.523406 -22.742165 0.263948 0.102327 -0.140592 -0.627587 -0.758879
1778755282.974391 3.530097 -22.741192 0.268209 0.120749 -0.182220 -0.615529 -0.757192
1778755283.014692 3.530659 -22.730661 0.333145 0.163705 -0.169835 -0.614633 -0.752717
1778755283.068089 3.552165 -22.704491 0.310623 0.148312 -0.169251 -0.614415 -0.756209
1778755283.125239 3.557066 -22.681688 0.284237 0.139008 -0.164040 -0.597605 -0.772422
1778755283.173952 3.561496 -22.657682 0.279455 0.126818 -0.154601 -0.575972 -0.792636
1778755283.230192 3.561672 -22.631426 0.344241 0.127859 -0.143029 -0.557102 -0.807980
1778755283.279916 3.562696 -22.610455 0.301817 0.131103 -0.148952 -0.540103 -0.817871
1778755283.341151 3.564757 -22.596577 0.270014 0.118285 -0.158676 -0.523679 -0.828608
1778755283.402217 3.573050 -22.587723 0.287744 0.089712 -0.169449 -0.502949 -0.842782
1778755283.451705 3.581707 -22.570557 0.310704 0.069672 -0.168846 -0.485535 -0.854923
1778755283.502331 3.593923 -22.556341 0.303583 0.074148 -0.161022 -0.475368 -0.861742
1778755283.552153 3.611775 -22.542934 0.323265 0.061906 -0.156071 -0.469947 -0.866579
1778755283.606082 3.616807 -22.526033 0.325960 0.060564 -0.143942 -0.462921 -0.872535
1778755283.668971 3.623437 -22.514812 0.313590 0.064302 -0.102201 -0.459568 -0.879897
1778755283.716934 3.633646 -22.500757 0.289137 0.059124 -0.071457 -0.446357 -0.890036
1778755283.775462 3.642133 -22.461510 0.281114 0.072609 -0.055176 -0.429113 -0.898635
1778755283.822686 3.656494 -22.427679 0.266306 0.086434 -0.086255 -0.420864 -0.898868
1778755283.885937 3.667407 -22.402571 0.266683 0.112121 -0.138870 -0.414718 -0.892274
1778755283.928982 3.674773 -22.389416 0.290113 0.084592 -0.134436 -0.412883 -0.896827
1778755283.984213 3.690808 -22.379017 0.260866 0.070784 -0.128907 -0.412430 -0.899041
1778755284.036446 3.703355 -22.371817 0.263024 0.062546 -0.131306 -0.414143 -0.898517
1778755284.090542 3.705351 -22.372952 0.266830 0.061997 -0.122820 -0.417453 -0.898223
1778755284.154099 3.725503 -22.359669 0.238154 0.065309 -0.120815 -0.417683 -0.898153
1778755284.200947 3.745502 -22.347683 0.254711 0.062246 -0.133256 -0.419487 -0.895767
1778755284.250363 3.774953 -22.334404 0.265538 0.052374 -0.147965 -0.419604 -0.894034
1778755284.318311 3.767370 -22.355038 0.292003 0.071258 -0.141229 -0.422876 -0.892274
1778755284.357482 3.776883 -22.346651 0.287136 0.068021 -0.113706 -0.426249 -0.894850
1778755284.411049 3.777631 -22.344627 0.286601 0.074767 -0.086000 -0.419089 -0.900765
1778755284.465497 3.794859 -22.320587 0.299750 0.084070 -0.079182 -0.399739 -0.909325
1778755284.516823 3.806859 -22.299076 0.288188 0.075023 -0.057189 -0.386699 -0.917368
1778755284.571368 3.826267 -22.270502 0.270095 0.069319 -0.081465 -0.381071 -0.918337
1778755284.621323 3.834901 -22.255718 0.270161 0.097399 -0.126555 -0.381766 -0.910358
1778755284.678060 3.858927 -22.249771 0.354764 0.063194 -0.145845 -0.378945 -0.911667
1778755284.726404 3.863532 -22.236629 0.291130 0.049278 -0.119020 -0.380446 -0.915788
1778755284.806327 3.878582 -22.220131 0.322719 0.061594 -0.115931 -0.381026 -0.915197
1778755284.837878 3.881070 -22.216402 0.266915 0.068250 -0.108133 -0.382368 -0.915120
1778755284.886332 3.904666 -22.204128 0.270997 0.063950 -0.117939 -0.385425 -0.912934
1778755284.948077 3.927321 -22.193468 0.328060 0.056323 -0.126302 -0.386575 -0.911831
1778755284.992485 3.948691 -22.188074 0.289303 0.047790 -0.141418 -0.384112 -0.911140
1778755285.046848 3.970258 -22.186110 0.306692 0.048192 -0.139848 -0.388283 -0.909591
1778755285.101076 3.987751 -22.183201 0.330354 0.027711 -0.139555 -0.389079 -0.910150
1778755285.154712 4.003677 -22.166122 0.341456 0.027378 -0.136239 -0.387011 -0.911544
1778755285.209967 4.019473 -22.154346 0.287380 0.030282 -0.133679 -0.383308 -0.913394
1778755285.260440 4.034724 -22.136999 0.256054 0.033201 -0.129311 -0.381614 -0.914630
1778755285.318895 4.051238 -22.115417 0.255698 0.041839 -0.131280 -0.375807 -0.916397
1778755285.368830 4.065515 -22.096327 0.252471 0.042992 -0.128883 -0.370454 -0.918860
1778755285.420504 4.077221 -22.077269 0.226812 0.053079 -0.120239 -0.374719 -0.917775
1778755285.484609 4.085257 -22.061861 0.256737 0.067308 -0.111724 -0.377136 -0.916928
1778755285.528284 4.093877 -22.050110 0.287749 0.079449 -0.101776 -0.379517 -0.916131
1778755285.589575 4.087946 -22.026196 0.247318 0.109732 -0.096121 -0.379709 -0.913532
1778755285.641904 4.070741 -22.020580 0.254951 0.143095 -0.102235 -0.377946 -0.908971
1778755285.685707 4.098027 -22.006874 0.275587 0.072588 -0.142526 -0.374514 -0.913322
1778755285.741141 4.112119 -21.997705 0.273199 0.067604 -0.121306 -0.389794 -0.910371
1778755285.797763 4.139163 -21.985733 0.266070 0.052126 -0.134781 -0.390416 -0.909226
1778755285.851246 4.152039 -21.993145 0.309414 0.062646 -0.138474 -0.388349 -0.908892
1778755285.904604 4.172042 -21.983484 0.336106 0.055923 -0.132796 -0.387627 -0.910485
1778755285.950234 4.190568 -21.966311 0.348139 0.061614 -0.127981 -0.384768 -0.912019
1778755286.008282 4.206201 -21.951015 0.350047 0.071284 -0.127263 -0.380731 -0.913108
1778755286.059582 4.219521 -21.935734 0.351218 0.063691 -0.131642 -0.378436 -0.914002
1778755286.118068 4.229365 -21.920773 0.281769 0.063223 -0.130729 -0.381057 -0.913077
1778755286.160369 4.240281 -21.905590 0.294871 0.065626 -0.122973 -0.385344 -0.912185
1778755286.218958 4.253873 -21.888468 0.311392 0.074098 -0.112504 -0.390088 -0.910870
1778755286.269729 4.275645 -21.870001 0.314266 0.075921 -0.105896 -0.393963 -0.909844
1778755286.318087 4.292232 -21.852608 0.307810 0.085315 -0.086690 -0.396804 -0.909809
1778755286.378828 4.300640 -21.839008 0.266795 0.099053 -0.050620 -0.395095 -0.911880
1778755286.425736 4.316607 -21.826551 0.276369 0.100961 -0.044054 -0.398204 -0.910659
1778755286.487740 4.331964 -21.804993 0.280438 0.096337 -0.042863 -0.399670 -0.910574
1778755286.538055 4.344299 -21.781919 0.285574 0.095397 -0.022680 -0.399901 -0.911298
1778755286.585936 4.363613 -21.762779 0.290600 0.091145 -0.012211 -0.402395 -0.910836
1778755286.645703 4.383602 -21.747631 0.291402 0.067727 -0.009120 -0.409736 -0.909641
1778755286.692512 4.397651 -21.729584 0.289645 0.066084 -0.010146 -0.410785 -0.909278
1778755286.759648 4.418646 -21.712490 0.290857 0.053098 -0.011232 -0.413271 -0.908989
1778755286.804399 4.441163 -21.693417 0.292288 0.045021 -0.015745 -0.417278 -0.907526
1778755286.853409 4.463407 -21.672091 0.289658 0.042572 -0.016287 -0.417396 -0.907581
1778755286.913221 4.480715 -21.654963 0.293780 0.034750 -0.011130 -0.417312 -0.908031
1778755286.966463 4.500407 -21.641197 0.301316 0.019437 -0.017512 -0.420914 -0.906723
1778755287.036760 4.515307 -21.623066 0.306015 0.015112 -0.014221 -0.420743 -0.906942
1778755287.065948 4.531445 -21.604439 0.307155 0.013357 -0.011733 -0.419632 -0.907520
1778755287.119016 4.547091 -21.583452 0.306058 0.015910 -0.010762 -0.419465 -0.907568
1778755287.175926 4.562696 -21.558386 0.301817 0.032270 -0.013600 -0.419683 -0.906995
1778755287.228967 4.575646 -21.534653 0.306812 0.064836 -0.044046 -0.419210 -0.904499
1778755287.279299 4.578441 -21.532055 0.311985 0.052473 -0.079864 -0.415942 -0.904356
1778755287.333829 4.585371 -21.521526 0.298019 0.058603 -0.084890 -0.411613 -0.905502
1778755287.396911 4.598382 -21.509592 0.291674 0.062005 -0.096835 -0.413275 -0.903317
1778755287.443784 4.615388 -21.499960 0.287631 0.065807 -0.114408 -0.421741 -0.897059
1778755287.495678 4.630143 -21.487938 0.287121 0.082201 -0.129679 -0.437100 -0.886211
1778755287.555055 4.646113 -21.486904 0.305487 0.077331 -0.132294 -0.460832 -0.874158
1778755287.602878 4.652437 -21.481546 0.324833 0.081456 -0.136171 -0.486520 -0.859140
1778755287.667370 4.658351 -21.480318 0.332472 0.080915 -0.140432 -0.512866 -0.843031
1778755287.710170 4.661452 -21.479477 0.336367 0.081380 -0.147168 -0.541492 -0.823715
1778755287.786632 4.662221 -21.478857 0.336997 0.082891 -0.154923 -0.567509 -0.804401
1778755287.820288 4.662148 -21.479593 0.337498 0.083359 -0.161351 -0.599139 -0.779775
1778755287.876031 4.660789 -21.481434 0.339440 0.081290 -0.163090 -0.630345 -0.754625
1778755287.932354 4.658288 -21.484478 0.341975 0.079746 -0.159252 -0.657445 -0.732151
1778755287.983032 4.653828 -21.488718 0.342799 0.077405 -0.149659 -0.684275 -0.709492
1778755288.039601 4.647701 -21.496565 0.297256 0.070935 -0.132012 -0.712552 -0.685428
1778755288.104405 4.641907 -21.499458 0.275429 0.061773 -0.145286 -0.736934 -0.657270
1778755288.142889 4.629326 -21.500854 0.269904 0.073306 -0.130330 -0.770080 -0.620175
1778755288.201344 4.635099 -21.503157 0.306483 0.065610 -0.123061 -0.801552 -0.581435
1778755288.249603 4.639638 -21.500296 0.319727 0.048008 -0.121297 -0.829235 -0.543462
1778755288.312346 4.638710 -21.502897 0.298695 0.033044 -0.090008 -0.857566 -0.505359
1778755288.358547 4.638655 -21.505913 0.311186 0.023240 -0.094444 -0.873813 -0.476436
1778755288.410433 4.633665 -21.508539 0.286587 0.018629 -0.094644 -0.885419 -0.454675
1778755288.466271 4.626452 -21.510992 0.266035 0.020063 -0.091137 -0.895068 -0.436055
1778755288.516226 4.612592 -21.514553 0.256954 0.028916 -0.082526 -0.904074 -0.418335
1778755288.577295 4.598822 -21.514099 0.254018 0.046879 -0.075746 -0.911664 -0.401165
1778755288.623592 4.590442 -21.515715 0.260898 0.063769 -0.079503 -0.916672 -0.386426
1778755288.676821 4.581888 -21.515850 0.262401 0.071497 -0.075808 -0.921683 -0.373687
1778755288.732858 4.573668 -21.518414 0.206698 0.067305 -0.061488 -0.925371 -0.367937
1778755288.781992 4.569376 -21.520346 0.196231 0.062621 -0.051539 -0.928751 -0.361725
1778755288.832526 4.567863 -21.521362 0.198267 0.054634 -0.043623 -0.932103 -0.355382
1778755288.890822 4.567557 -21.521996 0.201945 0.042749 -0.039613 -0.935532 -0.348400
1778755288.952417 4.567150 -21.520723 0.246033 0.035224 -0.032429 -0.937604 -0.344393
1778755288.993116 4.564225 -21.519108 0.265413 0.026519 -0.025933 -0.939640 -0.340148
1778755289.049605 4.560171 -21.514242 0.276331 0.011354 -0.025173 -0.941354 -0.336290
1778755289.103633 4.552884 -21.506294 0.284277 -0.006080 -0.022659 -0.942832 -0.332440
1778755289.155690 4.542435 -21.494602 0.289030 -0.018693 -0.023627 -0.944087 -0.328316
1778755289.218638 4.527883 -21.481277 0.288329 -0.024215 -0.030034 -0.945494 -0.323347
1778755289.264128 4.513406 -21.466419 0.285170 -0.012702 -0.043391 -0.946264 -0.320219
1778755289.314653 4.501557 -21.453873 0.293514 -0.008978 -0.029968 -0.948431 -0.315437
1778755289.370013 4.486099 -21.442165 0.330051 -0.004818 -0.026057 -0.952583 -0.303122
1778755289.422546 4.474928 -21.434765 0.306947 -0.001466 -0.034412 -0.958020 -0.284625
1778755289.488950 4.463895 -21.427475 0.289144 -0.012265 -0.048950 -0.964130 -0.260591
1778755289.527022 4.449943 -21.420391 0.261484 -0.017673 -0.053889 -0.971798 -0.228894
1778755289.575926 4.436462 -21.415751 0.264867 -0.008676 -0.050828 -0.978750 -0.198467
1778755289.636533 4.423236 -21.409958 0.244403 -0.014556 -0.060653 -0.984112 -0.166229
1778755289.682409 4.414991 -21.405787 0.261024 -0.013015 -0.054184 -0.989109 -0.136230
1778755289.737343 4.406901 -21.399925 0.267578 -0.014135 -0.047593 -0.993726 -0.100222
1778755289.787600 4.396798 -21.393917 0.270638 -0.017309 -0.044479 -0.997114 -0.059040
1778755289.838531 4.386434 -21.382788 0.277597 -0.019756 -0.064383 -0.997529 -0.020032
1778755289.892655 4.374928 -21.373350 0.277514 -0.011075 -0.049103 -0.998416 0.025147
1778755289.944569 4.367603 -21.357435 0.306498 -0.030447 -0.051697 -0.995663 0.071105
1778755290.003374 4.368875 -21.360512 0.266254 -0.064982 -0.063021 -0.989624 0.111580
1778755290.056784 4.379760 -21.383224 0.241660 -0.109799 -0.059716 -0.980444 0.152011
1778755290.108529 4.376185 -21.403793 0.284892 -0.092176 -0.019342 -0.978731 0.182250
1778755290.160457 4.365526 -21.407152 0.278397 -0.080443 -0.027393 -0.973776 0.211042
1778755290.212098 4.352304 -21.418724 0.266299 -0.080812 -0.019649 -0.968527 0.234605
1778755290.266852 4.337413 -21.426836 0.269789 -0.085651 -0.023789 -0.962882 0.254865
1778755290.317012 4.320804 -21.435072 0.274697 -0.099236 -0.037277 -0.955043 0.276866
1778755290.365341 4.299665 -21.447037 0.283040 -0.102137 -0.043558 -0.949469 0.293563
1778755290.423361 4.279592 -21.461729 0.287139 -0.102096 -0.036957 -0.945091 0.308243
1778755290.475412 4.252933 -21.473547 0.258991 -0.080992 -0.062013 -0.937750 0.331994
1778755290.530858 4.237617 -21.486748 0.264989 -0.071887 -0.065674 -0.934901 0.341291
1778755290.579156 4.217630 -21.503904 0.252122 -0.067500 -0.071438 -0.931199 0.351012
1778755290.631976 4.202306 -21.517311 0.254566 -0.069421 -0.064838 -0.928137 0.359915
1778755290.690660 4.187003 -21.533527 0.263610 -0.071685 -0.064643 -0.921950 0.375088
1778755290.738914 4.171370 -21.554600 0.274140 -0.079675 -0.051265 -0.914147 0.394156
1778755290.798568 4.156027 -21.576014 0.286572 -0.077203 -0.019992 -0.907373 0.412690
1778755290.848523 4.145225 -21.599018 0.296457 -0.081438 -0.005050 -0.896394 0.435684
1778755290.902983 4.130260 -21.622429 0.303897 -0.076329 0.000529 -0.887223 0.454982
1778755290.951211 4.114130 -21.647314 0.306431 -0.057856 0.002901 -0.878657 0.473926
1778755291.002319 4.101307 -21.670235 0.308444 -0.048514 0.007413 -0.870302 0.490068
1778755291.057870 4.086212 -21.699537 0.307774 -0.044269 0.011924 -0.863162 0.502842
1778755291.110477 4.070882 -21.729111 0.303740 -0.024427 0.005181 -0.856730 0.515161
1778755291.173949 4.059628 -21.753820 0.307743 -0.027994 0.015464 -0.851085 0.524053
1778755291.218466 4.047118 -21.774876 0.310207 -0.025172 0.000633 -0.846959 0.531062
1778755291.268714 4.036478 -21.801254 0.309570 -0.025548 -0.003565 -0.845252 0.533744
1778755291.322117 4.025373 -21.826128 0.306788 -0.019257 -0.005177 -0.838794 0.544083
1778755291.380784 4.016068 -21.848951 0.305247 -0.022786 -0.007969 -0.835681 0.548684
1778755291.433549 4.005983 -21.869221 0.307851 -0.021003 0.002261 -0.836633 0.547356
1778755291.485240 3.998983 -21.892433 0.308307 -0.014992 0.008856 -0.833831 0.551746
1778755291.545443 3.983759 -21.918377 0.290231 0.006499 0.003380 -0.832139 0.554519
1778755291.592977 3.974833 -21.942575 0.296382 -0.000462 0.015267 -0.830418 0.556932
1778755291.641449 3.964876 -21.963367 0.308701 -0.015193 0.013541 -0.825424 0.564147
1778755291.697641 3.951354 -21.988216 0.256464 -0.041017 0.009883 -0.826444 0.561437
1778755291.750048 3.946805 -22.014610 0.228601 -0.059860 0.008539 -0.818497 0.571320
1778755291.802078 3.946235 -22.022636 0.222715 -0.050474 -0.003623 -0.810448 0.583621
1778755291.858832 3.950905 -22.026768 0.238465 -0.074821 -0.014220 -0.808196 0.583969
1778755291.911269 3.952708 -22.036589 0.256041 -0.094051 -0.030835 -0.806066 0.583490
1778755291.966021 3.955875 -22.046618 0.266302 -0.105217 -0.035112 -0.805682 0.581870
1778755292.019459 3.957124 -22.057240 0.271443 -0.102295 -0.038501 -0.806534 0.580996
1778755292.090775 3.958090 -22.065720 0.252710 -0.106521 -0.045094 -0.805688 0.580937
1778755292.128215 3.958477 -22.072828 0.261005 -0.111891 -0.044071 -0.803975 0.582377
1778755292.219526 3.957150 -22.077944 0.270757 -0.114065 -0.041801 -0.805315 0.580267
1778755292.244297 3.954104 -22.081512 0.273791 -0.114918 -0.047172 -0.804029 0.581469
1778755292.297632 3.947036 -22.084942 0.274133 -0.110832 -0.056764 -0.801730 0.584571
1778755292.352283 3.940595 -22.086172 0.253247 -0.112740 -0.058540 -0.800043 0.586340
1778755292.404644 3.933426 -22.088127 0.267553 -0.108286 -0.062934 -0.800750 0.585759
1778755292.465818 3.931058 -22.089922 0.272606 -0.108225 -0.065022 -0.800663 0.585660
1778755292.513541 3.930289 -22.091688 0.274620 -0.112320 -0.062708 -0.800987 0.584698
1778755292.560673 3.931484 -22.094524 0.276521 -0.118412 -0.060360 -0.802871 0.581148
1778755292.628220 3.934396 -22.097906 0.276499 -0.125633 -0.059531 -0.804013 0.578132
1778755292.669234 3.938593 -22.101530 0.274540 -0.134091 -0.062224 -0.804267 0.575589
1778755292.726931 3.943574 -22.104614 0.270203 -0.148397 -0.068765 -0.804822 0.570536
1778755292.777031 3.945621 -22.106386 0.293340 -0.140505 -0.080828 -0.803521 0.572782
1778755292.825593 3.946123 -22.108271 0.291400 -0.141981 -0.081666 -0.803879 0.571796
1778755292.878407 3.944279 -22.110765 0.267329 -0.142800 -0.082080 -0.805708 0.568952
1778755292.932240 3.942903 -22.112762 0.289983 -0.144233 -0.080080 -0.809020 0.564155
1778755292.985824 3.941336 -22.115030 0.303913 -0.142866 -0.078413 -0.810198 0.563046
1778755293.039438 3.942337 -22.117538 0.306880 -0.141503 -0.076597 -0.808711 0.565771
1778755293.092865 3.944467 -22.118444 0.307355 -0.140019 -0.075877 -0.807686 0.567698
1778755293.145044 3.945577 -22.118692 0.307431 -0.139590 -0.077031 -0.807158 0.568398
1778755293.203670 3.945647 -22.118641 0.307344 -0.139008 -0.077701 -0.807149 0.568462
1778755293.252231 3.945304 -22.118492 0.307438 -0.138723 -0.078168 -0.807044 0.568617
1778755293.304693 3.945343 -22.118578 0.307423 -0.138688 -0.078063 -0.807074 0.568598
1778755293.358622 3.945723 -22.118559 0.307340 -0.139107 -0.078033 -0.806976 0.568639
1778755293.411611 3.945791 -22.118719 0.307268 -0.139048 -0.077984 -0.807037 0.568573
1778755293.465069 3.945714 -22.118662 0.307299 -0.138863 -0.078100 -0.807044 0.568592
1778755293.519011 3.945660 -22.118689 0.307294 -0.138749 -0.078132 -0.807029 0.568637
1778755293.571611 3.945729 -22.118744 0.307292 -0.138803 -0.078016 -0.807070 0.568582
1778755293.625083 3.945805 -22.118793 0.307271 -0.138837 -0.077917 -0.807054 0.568609
1778755293.701305 3.945741 -22.118832 0.307252 -0.138729 -0.077916 -0.807068 0.568617
1778755293.732328 3.945704 -22.118855 0.307273 -0.138649 -0.077906 -0.807072 0.568632
1778755293.785285 3.945775 -22.118906 0.307254 -0.138671 -0.077775 -0.807059 0.568662
1778755293.838832 3.945796 -22.118971 0.307225 -0.138632 -0.077673 -0.807104 0.568623
1778755293.891892 3.945738 -22.118999 0.307219 -0.138530 -0.077673 -0.807113 0.568634
1778755293.945687 3.945722 -22.119017 0.307213 -0.138491 -0.077646 -0.807145 0.568602
1778755293.999866 3.945343 -22.119905 0.278660 -0.140103 -0.078422 -0.806851 0.568518
1778755294.051858 3.945127 -22.123037 0.259061 -0.143191 -0.079801 -0.806749 0.567701
1778755294.108477 3.944987 -22.127527 0.265019 -0.145099 -0.083148 -0.806604 0.566942
1778755294.160685 3.944804 -22.132565 0.266962 -0.145415 -0.085276 -0.804716 0.569222
1778755294.211848 3.945279 -22.133722 0.267929 -0.147321 -0.085223 -0.805370 0.567815
1778755294.268106 3.944595 -22.136721 0.268493 -0.149706 -0.086976 -0.804359 0.568358
1778755294.321621 3.942810 -22.141472 0.289829 -0.153356 -0.089811 -0.803425 0.568265
1778755294.385130 3.941029 -22.147236 0.305719 -0.157245 -0.090687 -0.803127 0.567483
1778755294.425434 3.938725 -22.152536 0.293365 -0.158935 -0.089686 -0.804493 0.565232
1778755294.478413 3.935983 -22.165663 0.284927 -0.155705 -0.090384 -0.805674 0.564336
1778755294.533927 3.933251 -22.169331 0.280927 -0.153684 -0.103099 -0.805097 0.563534
1778755294.591944 3.932190 -22.175900 0.283931 -0.151053 -0.107243 -0.802800 0.566740
1778755294.638090 3.932372 -22.179253 0.249675 -0.151326 -0.116988 -0.800019 0.568668
1778755294.690473 3.931678 -22.185959 0.238450 -0.152054 -0.111325 -0.803716 0.564382
1778755294.744853 3.930564 -22.187914 0.220133 -0.167398 -0.118332 -0.804550 0.557383
1778755294.808596 3.927296 -22.197021 0.232561 -0.188551 -0.119895 -0.800788 0.555708
1778755294.851897 3.921498 -22.205391 0.246792 -0.206038 -0.120686 -0.799120 0.551715
1778755294.903549 3.917445 -22.210045 0.261001 -0.217971 -0.118680 -0.796865 0.550827
1778755294.958480 3.918297 -22.210222 0.273876 -0.230955 -0.113822 -0.793986 0.550718
1778755295.015052 3.912726 -22.224499 0.249390 -0.240036 -0.104001 -0.793730 0.549145
1778755295.066249 3.911064 -22.236368 0.221373 -0.250906 -0.102895 -0.794091 0.543947
1778755295.118197 3.915514 -22.243061 0.220676 -0.256938 -0.111426 -0.787224 0.549404
1778755295.171741 3.920355 -22.249388 0.230606 -0.260573 -0.120497 -0.779978 0.556073
1778755295.238693 3.924900 -22.255463 0.238414 -0.260757 -0.127277 -0.776337 0.559560
1778755295.279251 3.927189 -22.264549 0.242759 -0.266300 -0.130250 -0.772630 0.561393
1778755295.332467 3.927381 -22.270678 0.255670 -0.256194 -0.139392 -0.769152 0.568630
1778755295.385124 3.924702 -22.273409 0.271028 -0.242298 -0.144135 -0.768346 0.574596
1778755295.440280 3.919833 -22.278105 0.272871 -0.229127 -0.145932 -0.770682 0.576415
1778755295.493276 3.912421 -22.281181 0.272560 -0.209776 -0.149349 -0.775593 0.576320
1778755295.545483 3.908462 -22.282166 0.271193 -0.207278 -0.149650 -0.777149 0.575048
1778755295.598444 3.906714 -22.284208 0.271215 -0.202696 -0.150581 -0.778545 0.574550
1778755295.655819 3.906927 -22.284710 0.281630 -0.199880 -0.150129 -0.780312 0.573257
1778755295.705584 3.907437 -22.283756 0.274845 -0.199917 -0.150253 -0.780784 0.572568
1778755295.767118 3.907567 -22.282232 0.272512 -0.199335 -0.149914 -0.781705 0.571602
1778755295.811654 3.907658 -22.281414 0.252637 -0.198221 -0.146224 -0.782499 0.571859
1778755295.865866 3.907815 -22.280275 0.243771 -0.197404 -0.143304 -0.783639 0.571320
1778755295.916039 3.907849 -22.280199 0.242192 -0.196577 -0.139661 -0.785368 0.570131
1778755295.971358 3.907949 -22.280952 0.242652 -0.195515 -0.135346 -0.787146 0.569084
1778755296.021204 3.907992 -22.281803 0.243790 -0.194346 -0.131635 -0.788582 0.568366
1778755296.074695 3.907981 -22.282688 0.265391 -0.193560 -0.129303 -0.789468 0.567940
1778755296.129305 3.908144 -22.283089 0.275304 -0.192850 -0.127060 -0.790514 0.567231
1778755296.184094 3.908310 -22.283316 0.278496 -0.192359 -0.125277 -0.791453 0.566486
1778755296.234529 3.908324 -22.283257 0.279814 -0.191616 -0.123597 -0.792283 0.565946
1778755296.288757 3.908150 -22.283134 0.280456 -0.191465 -0.121913 -0.793181 0.565104
1778755296.341285 3.908034 -22.282753 0.280995 -0.190982 -0.120359 -0.793948 0.564523
1778755296.397072 3.908737 -22.283209 0.280603 -0.190967 -0.117020 -0.794321 0.564705
1778755296.449279 3.910914 -22.284985 0.280618 -0.190742 -0.112080 -0.794157 0.566013
1778755296.501666 3.913745 -22.287754 0.280590 -0.190203 -0.106110 -0.794073 0.567461
1778755296.558573 3.916278 -22.291079 0.262217 -0.188857 -0.099521 -0.793930 0.569301
1778755296.608899 3.918735 -22.293734 0.253260 -0.185393 -0.094203 -0.794040 0.571188
1778755296.661755 3.920705 -22.294638 0.250285 -0.181142 -0.093956 -0.794716 0.571652
1778755296.715145 3.922418 -22.295687 0.249053 -0.177558 -0.098237 -0.794394 0.572504
1778755296.769058 3.923341 -22.295996 0.248618 -0.175544 -0.101132 -0.794155 0.572952
1778755296.828192 3.924247 -22.296165 0.248668 -0.176151 -0.097624 -0.794169 0.573355
1778755296.874629 3.925737 -22.296852 0.274295 -0.173603 -0.089316 -0.796753 0.571900
1778755296.928628 3.928231 -22.300766 0.280263 -0.172517 -0.080201 -0.798687 0.570881
1778755296.980201 3.931277 -22.304066 0.273469 -0.170859 -0.077135 -0.799035 0.571316
1778755297.045878 3.933464 -22.307135 0.255434 -0.172133 -0.075001 -0.799486 0.570585
1778755297.089075 3.933624 -22.308729 0.251868 -0.171976 -0.074691 -0.800129 0.569771
1778755297.141314 3.932987 -22.309111 0.251010 -0.171444 -0.075117 -0.800024 0.570023
1778755297.193856 3.932788 -22.308950 0.250771 -0.171398 -0.075458 -0.799995 0.570032
1778755297.249460 3.933116 -22.308985 0.250678 -0.171646 -0.075085 -0.800068 0.569904
1778755297.300928 3.933229 -22.309067 0.250655 -0.171752 -0.075004 -0.799960 0.570035
1778755297.355034 3.932951 -22.309107 0.250662 -0.171455 -0.075276 -0.800016 0.570010
1778755297.407876 3.932875 -22.309151 0.250681 -0.171326 -0.075280 -0.800003 0.570067
1778755297.461324 3.933037 -22.309158 0.250681 -0.171491 -0.075120 -0.799991 0.570055
1778755297.515580 3.933055 -22.309177 0.250673 -0.171495 -0.075077 -0.800026 0.570010
1778755297.567640 3.932913 -22.309172 0.250680 -0.171303 -0.075245 -0.799965 0.570132
1778755297.621730 3.932958 -22.309195 0.250685 -0.171396 -0.075180 -0.800075 0.569957
1778755297.675716 3.933033 -22.309244 0.250684 -0.171447 -0.075033 -0.799964 0.570118
1778755297.727965 3.933023 -22.309271 0.250684 -0.171397 -0.075011 -0.800008 0.570073
1778755297.781955 3.932954 -22.309277 0.250690 -0.171305 -0.075042 -0.800045 0.570045
1778755297.834635 3.933008 -22.309275 0.250693 -0.171333 -0.075004 -0.799966 0.570153
1778755297.889369 3.933046 -22.309328 0.250695 -0.171325 -0.074875 -0.800057 0.570044
1778755297.942218 3.932990 -22.309315 0.250700 -0.171250 -0.074956 -0.799979 0.570166
1778755297.995404 3.933004 -22.309315 0.250701 -0.171278 -0.074934 -0.800075 0.570026
1778755298.048084 3.933054 -22.309353 0.250699 -0.171315 -0.074837 -0.799964 0.570183
1778755298.101287 3.933037 -22.309389 0.250702 -0.171260 -0.074815 -0.800026 0.570115
1778755298.157589 3.933009 -22.309401 0.250707 -0.171196 -0.074794 -0.800044 0.570111
1778755298.211582 3.933039 -22.309406 0.250704 -0.171235 -0.074783 -0.799945 0.570240
1778755298.264804 3.933059 -22.309441 0.250703 -0.171239 -0.074703 -0.800017 0.570148
1778755298.317627 3.933011 -22.309441 0.250709 -0.171141 -0.074765 -0.799943 0.570274
1778755298.382869 3.933035 -22.309448 0.250708 -0.171168 -0.074695 -0.800079 0.570084
1778755298.424683 3.933018 -22.309469 0.250711 -0.171134 -0.074707 -0.799923 0.570312
1778755298.477856 3.933016 -22.309498 0.250712 -0.171110 -0.074675 -0.800081 0.570101
1778755298.531070 3.933010 -22.309526 0.250717 -0.171070 -0.074628 -0.799963 0.570285
1778755298.586554 3.933015 -22.309528 0.250720 -0.171050 -0.074605 -0.800051 0.570171
1778755298.638061 3.933024 -22.309586 0.250722 -0.171006 -0.074506 -0.800027 0.570231
1778755298.691113 3.933003 -22.309616 0.250727 -0.170961 -0.074507 -0.800055 0.570205
1778755298.744411 3.933036 -22.309662 0.250728 -0.170957 -0.074392 -0.800097 0.570161
1778755298.798474 3.933004 -22.309643 0.250731 -0.170909 -0.074459 -0.800022 0.570272
1778755298.851599 3.932992 -22.309692 0.250733 -0.170865 -0.074398 -0.800153 0.570110
1778755298.904970 3.932960 -22.309675 0.250739 -0.170817 -0.074462 -0.800003 0.570327
1778755298.957609 3.932995 -22.309694 0.250739 -0.170843 -0.074381 -0.800148 0.570126
1778755299.011044 3.932970 -22.309677 0.250740 -0.170812 -0.074438 -0.800051 0.570264
1778755299.069190 3.932981 -22.309700 0.250740 -0.170828 -0.074402 -0.800159 0.570113
1778755299.118518 3.932997 -22.309731 0.250741 -0.170826 -0.074327 -0.800106 0.570197
1778755299.171138 3.932980 -22.309700 0.250741 -0.170816 -0.074381 -0.800106 0.570193
1778755299.225878 3.932986 -22.309721 0.250740 -0.170822 -0.074350 -0.800142 0.570145
1778755299.281782 3.932980 -22.309715 0.250744 -0.170796 -0.074370 -0.800092 0.570221
1778755299.331102 3.932986 -22.309755 0.250744 -0.170780 -0.074297 -0.800172 0.570122
1778755299.385074 3.932994 -22.309767 0.250747 -0.170767 -0.074258 -0.800100 0.570232
1778755299.441328 3.933006 -22.309790 0.250747 -0.170749 -0.074215 -0.800151 0.570172
1778755299.495338 3.932995 -22.309801 0.250750 -0.170721 -0.074196 -0.800146 0.570190
1778755299.548106 3.932976 -22.309803 0.250753 -0.170694 -0.074243 -0.800116 0.570233
1778755299.601085 3.933006 -22.309835 0.250754 -0.170699 -0.074137 -0.800177 0.570160
1778755299.654484 3.932981 -22.309830 0.250757 -0.170661 -0.074179 -0.800088 0.570290
1778755299.705125 3.932975 -22.309818 0.250755 -0.170662 -0.074199 -0.800180 0.570159
1778755299.758328 3.932943 -22.309834 0.250757 -0.170613 -0.074214 -0.800131 0.570240
1778755299.811398 3.932945 -22.309824 0.250759 -0.170601 -0.074228 -0.800159 0.570203
1778755299.865136 3.932941 -22.309866 0.250763 -0.170549 -0.074143 -0.800231 0.570128
1778755299.918689 3.932925 -22.309895 0.250769 -0.170502 -0.074138 -0.800196 0.570192
1778755299.973140 3.932927 -22.309908 0.250773 -0.170471 -0.074113 -0.800241 0.570142
1778755300.024603 3.932916 -22.309917 0.250775 -0.170452 -0.074094 -0.800250 0.570137
1778755300.077324 3.932929 -22.309933 0.250776 -0.170431 -0.074052 -0.800189 0.570234
1778755300.131973 3.932930 -22.309946 0.250777 -0.170442 -0.074041 -0.800285 0.570098
1778755300.187123 3.932935 -22.309967 0.250779 -0.170411 -0.073986 -0.800214 0.570213
1778755300.238180 3.932944 -22.309942 0.250777 -0.170447 -0.074018 -0.800258 0.570138
1778755300.290792 3.932932 -22.309965 0.250776 -0.170423 -0.073993 -0.800278 0.570119
1778755300.343983 3.932918 -22.309961 0.250779 -0.170401 -0.074024 -0.800238 0.570179
1778755300.397444 3.932928 -22.309952 0.250778 -0.170428 -0.074030 -0.800286 0.570103
1778755300.451023 3.932935 -22.309994 0.250780 -0.170395 -0.073940 -0.800298 0.570106
1778755300.504220 3.932909 -22.310007 0.250784 -0.170337 -0.073959 -0.800263 0.570171
1778755300.559369 3.932923 -22.310026 0.250786 -0.170355 -0.073923 -0.800312 0.570101
1778755300.611551 3.932894 -22.310022 0.250787 -0.170305 -0.073955 -0.800281 0.570155
1778755300.664620 3.932911 -22.309996 0.250786 -0.170342 -0.073965 -0.800285 0.570138
1778755300.717430 3.932918 -22.310030 0.250785 -0.170335 -0.073905 -0.800332 0.570081
1778755300.770926 3.932893 -22.310013 0.250788 -0.170286 -0.073943 -0.800358 0.570054
1778755300.825124 3.932898 -22.310026 0.250788 -0.170267 -0.073917 -0.800352 0.570073
1778755300.878031 3.932885 -22.310051 0.250792 -0.170263 -0.073904 -0.800398 0.570011
1778755300.931303 3.932853 -22.310061 0.250798 -0.170152 -0.073911 -0.800375 0.570075
1778755300.984299 3.932850 -22.310026 0.250798 -0.170182 -0.073956 -0.800411 0.570009
1778755301.038284 3.932879 -22.310078 0.250800 -0.170184 -0.073857 -0.800408 0.570027
1778755301.091889 3.932857 -22.310085 0.250802 -0.170135 -0.073869 -0.800393 0.570061
1778755301.144609 3.932868 -22.310078 0.250803 -0.170159 -0.073875 -0.800392 0.570053
1778755301.197980 3.932884 -22.310135 0.250804 -0.170145 -0.073774 -0.800425 0.570024
1778755301.250863 3.932843 -22.310129 0.250807 -0.170082 -0.073814 -0.800406 0.570065
1778755301.305259 3.932869 -22.310110 0.250807 -0.170105 -0.073804 -0.800402 0.570064
1778755301.358023 3.932865 -22.310125 0.250808 -0.170096 -0.073780 -0.800446 0.570008
1778755301.410815 3.932844 -22.310101 0.250807 -0.170083 -0.073829 -0.800425 0.570036
1778755301.464321 3.932852 -22.310116 0.250809 -0.170061 -0.073802 -0.800426 0.570045
1778755301.517666 3.932851 -22.310143 0.250809 -0.170060 -0.073785 -0.800460 0.569999
1778755301.571079 3.932813 -22.310148 0.250813 -0.169986 -0.073803 -0.800451 0.570031
1778755301.623685 3.932821 -22.310110 0.250811 -0.170027 -0.073847 -0.800430 0.570044
1778755301.677053 3.932848 -22.310112 0.250809 -0.170090 -0.073835 -0.800476 0.569961
1778755301.732235 3.932826 -22.310144 0.250811 -0.170033 -0.073801 -0.800490 0.569963
1778755301.784180 3.932830 -22.310160 0.250815 -0.169985 -0.073748 -0.800455 0.570034
1778755301.838060 3.932854 -22.310160 0.250813 -0.170037 -0.073736 -0.800472 0.569995
1778755301.890849 3.932813 -22.310175 0.250816 -0.169975 -0.073773 -0.800486 0.569991
1778755301.947289 3.932772 -22.310135 0.250819 -0.169928 -0.073844 -0.800473 0.570013
1778755301.998409 3.932806 -22.310160 0.250818 -0.169958 -0.073781 -0.800469 0.570018
1778755302.054827 3.932802 -22.310211 0.250819 -0.169916 -0.073728 -0.800498 0.569997
1778755302.104586 3.932742 -22.310177 0.250825 -0.169827 -0.073807 -0.800537 0.569959
1778755302.158324 3.932798 -22.310183 0.250823 -0.169901 -0.073759 -0.800504 0.569988
1778755302.218256 3.932806 -22.310223 0.250827 -0.169870 -0.073709 -0.800539 0.569956
1778755302.264237 3.932757 -22.310234 0.250833 -0.169776 -0.073713 -0.800556 0.569959
1778755302.317733 3.932745 -22.310240 0.250835 -0.169744 -0.073727 -0.800537 0.569993
1778755302.371609 3.932796 -22.310272 0.250835 -0.169811 -0.073633 -0.800553 0.569962
1778755302.430235 3.932758 -22.310280 0.250836 -0.169768 -0.073666 -0.800558 0.569964
1778755302.480656 3.932743 -22.310259 0.250838 -0.169726 -0.073679 -0.800588 0.569933
1778755302.533859 3.932795 -22.310265 0.250837 -0.169791 -0.073626 -0.800559 0.569961
1778755302.587904 3.932817 -22.310314 0.250837 -0.169796 -0.073555 -0.800587 0.569930
1778755302.640881 3.932775 -22.310289 0.250840 -0.169762 -0.073605 -0.800588 0.569931
1778755302.694507 3.932763 -22.310263 0.250839 -0.169762 -0.073667 -0.800607 0.569898
1778755302.747854 3.932809 -22.310282 0.250836 -0.169807 -0.073593 -0.800586 0.569923
1778755302.800396 3.932781 -22.310289 0.250837 -0.169765 -0.073614 -0.800585 0.569934
1778755302.854066 3.932740 -22.310299 0.250840 -0.169714 -0.073644 -0.800604 0.569918
1778755302.907447 3.932762 -22.310295 0.250840 -0.169747 -0.073618 -0.800635 0.569869
1778755302.960368 3.932816 -22.310322 0.250840 -0.169777 -0.073516 -0.800629 0.569881
1778755303.014021 3.932880 -22.310339 0.252570 -0.169669 -0.074566 -0.800500 0.569959
1778755303.070617 3.932222 -22.311956 0.274859 -0.168681 -0.076418 -0.800574 0.569903
1778755303.118893 3.931600 -22.314161 0.281864 -0.169262 -0.077540 -0.800528 0.569642
1778755303.173405 3.930486 -22.318447 0.284572 -0.169836 -0.078807 -0.799995 0.570047
1778755303.225738 3.928460 -22.323763 0.286253 -0.170371 -0.079612 -0.799700 0.570189
1778755303.284100 3.924669 -22.331478 0.287546 -0.168084 -0.080727 -0.798778 0.572000
1778755303.336510 3.919858 -22.342999 0.289909 -0.165481 -0.078743 -0.798880 0.572893
1778755303.385982 3.915867 -22.356232 0.278404 -0.160140 -0.071388 -0.800343 0.573333
1778755303.440228 3.909326 -22.371319 0.275473 -0.156122 -0.067069 -0.801307 0.573616
1778755303.494517 3.903289 -22.385778 0.281159 -0.149487 -0.068325 -0.799881 0.577214
1778755303.570125 3.895096 -22.399010 0.289325 -0.138284 -0.073147 -0.797577 0.582579
1778755303.602323 3.882942 -22.415600 0.284271 -0.119108 -0.077537 -0.795533 0.589006
1778755303.653938 3.876641 -22.429251 0.224359 -0.117737 -0.070480 -0.793153 0.593363
1778755303.707282 3.871559 -22.449148 0.226517 -0.102353 -0.075698 -0.790194 0.599490
1778755303.763931 3.877045 -22.453419 0.211472 -0.134469 -0.050634 -0.790663 0.595153
1778755303.815169 3.874298 -22.465385 0.235808 -0.123204 -0.054392 -0.788159 0.600556
1778755303.866844 3.879155 -22.472668 0.269063 -0.127679 -0.043010 -0.789546 0.598720
1778755303.920719 3.883190 -22.480925 0.261396 -0.130284 -0.025345 -0.793736 0.593605
1778755303.974752 3.889555 -22.486715 0.266793 -0.131375 -0.032620 -0.795841 0.590181
1778755304.027550 3.893335 -22.491739 0.279872 -0.134968 -0.032879 -0.795395 0.589957
1778755304.080690 3.896433 -22.494354 0.282463 -0.136779 -0.029196 -0.797728 0.586574
1778755304.133620 3.896899 -22.495720 0.262643 -0.138098 -0.024223 -0.799344 0.584287
1778755304.187478 3.896359 -22.497330 0.259093 -0.140272 -0.019843 -0.799710 0.583434
1778755304.241075 3.894842 -22.500023 0.258706 -0.145427 -0.015580 -0.799971 0.581941
1778755304.293718 3.893445 -22.503050 0.259877 -0.152133 -0.008754 -0.799711 0.580725
1778755304.347395 3.891929 -22.506788 0.261316 -0.157183 -0.003727 -0.799456 0.579785
1778755304.400976 3.890249 -22.510881 0.263334 -0.160011 0.000811 -0.798818 0.579902
1778755304.461645 3.888208 -22.515087 0.265664 -0.159763 0.003777 -0.797635 0.581584
1778755304.508979 3.885401 -22.519703 0.268756 -0.156689 0.007122 -0.796917 0.583370
1778755304.560280 3.881914 -22.525206 0.272988 -0.149995 0.010986 -0.796571 0.585539
1778755304.614482 3.877514 -22.532303 0.278204 -0.139820 0.018047 -0.795906 0.588777
1778755304.671950 3.872969 -22.538435 0.245584 -0.130900 0.020533 -0.795433 0.591379
1778755304.723482 3.867530 -22.543108 0.234792 -0.124086 0.018367 -0.793754 0.595163
1778755304.774084 3.863749 -22.550444 0.231864 -0.120457 0.014207 -0.792368 0.597863
1778755304.828017 3.864792 -22.552462 0.238126 -0.115113 0.016866 -0.790530 0.601271
1778755304.880082 3.867928 -22.549124 0.229589 -0.112261 0.011893 -0.788279 0.604874
1778755304.935315 3.870756 -22.547676 0.211057 -0.114522 0.010721 -0.788388 0.604330
1778755304.987132 3.875526 -22.547918 0.218815 -0.130079 0.012503 -0.787150 0.602759
1778755305.040241 3.877116 -22.549150 0.215314 -0.120252 0.003142 -0.783588 0.609524
1778755305.095252 3.878525 -22.553455 0.201508 -0.124390 0.000122 -0.783805 0.608421
1778755305.147273 3.877710 -22.558313 0.203068 -0.121356 -0.001216 -0.784551 0.608072
1778755305.198979 3.876990 -22.562313 0.207427 -0.112923 -0.000173 -0.786081 0.607722
1778755305.252323 3.877452 -22.565586 0.211772 -0.108262 -0.001725 -0.786684 0.607786
1778755305.307612 3.877425 -22.570004 0.214297 -0.107909 -0.005887 -0.786973 0.607449
1778755305.361455 3.876866 -22.575893 0.215669 -0.107390 -0.008186 -0.787236 0.607173
1778755305.417345 3.876113 -22.582790 0.217679 -0.108969 -0.010318 -0.787255 0.606835
1778755305.468867 3.875480 -22.590267 0.220483 -0.112738 -0.012695 -0.787428 0.605876
1778755305.523007 3.875240 -22.597843 0.223969 -0.117155 -0.012860 -0.788080 0.604185
1778755305.576718 3.875249 -22.605562 0.227871 -0.119707 -0.011482 -0.788658 0.602958
1778755305.635054 3.875217 -22.613058 0.221867 -0.122993 -0.010449 -0.793131 0.596412
1778755305.683442 3.875111 -22.620142 0.224789 -0.125738 -0.008610 -0.802289 0.583479
1778755305.738526 3.873977 -22.625772 0.227829 -0.125372 -0.006331 -0.814320 0.566679
1778755305.790668 3.872241 -22.633331 0.218367 -0.119061 -0.005098 -0.825302 0.551974
1778755305.843695 3.870762 -22.643782 0.222456 -0.110426 -0.004069 -0.834939 0.539135
1778755305.897144 3.870537 -22.663380 0.224898 -0.094469 -0.000084 -0.843310 0.529059
1778755305.950316 3.872284 -22.678686 0.235714 -0.083896 -0.002299 -0.850220 0.519695
1778755306.008189 3.872602 -22.704487 0.245706 -0.093175 0.008930 -0.854416 0.511090
1778755306.067147 3.867776 -22.724920 0.266352 -0.104485 -0.007132 -0.855657 0.506837
1778755306.114122 3.858360 -22.741096 0.232545 -0.113067 -0.045357 -0.852086 0.509027
1778755306.167783 3.853490 -22.761166 0.258794 -0.118230 -0.037986 -0.855017 0.503513
1778755306.242041 3.840253 -22.775686 0.283534 -0.114434 -0.065245 -0.856870 0.498419
1778755306.290067 3.828407 -22.796471 0.296722 -0.111676 -0.076537 -0.857247 0.496787
1778755306.329970 3.815192 -22.812435 0.301599 -0.110777 -0.077317 -0.862805 0.487153
1778755306.380901 3.803036 -22.833994 0.301556 -0.104823 -0.097682 -0.858969 0.491571
1778755306.435793 3.789281 -22.851618 0.255012 -0.085248 -0.102725 -0.858763 0.494679
1778755306.487080 3.774096 -22.872681 0.244774 -0.082995 -0.110730 -0.860700 0.489945
1778755306.541909 3.761774 -22.889688 0.248178 -0.081038 -0.117904 -0.861398 0.487366
1778755306.592811 3.748036 -22.904488 0.259643 -0.084377 -0.120982 -0.862954 0.483275
1778755306.649596 3.735285 -22.920181 0.272515 -0.084150 -0.134537 -0.862998 0.479638
1778755306.701248 3.723136 -22.936647 0.287956 -0.097798 -0.107944 -0.872474 0.466447
1778755306.756463 3.711828 -22.953846 0.265218 -0.109847 -0.098863 -0.875288 0.460468
1778755306.806745 3.697760 -22.973097 0.270035 -0.121012 -0.088686 -0.875039 0.460215
1778755306.859696 3.684408 -22.994665 0.263076 -0.125758 -0.081168 -0.870688 0.468507
1778755306.914800 3.669118 -23.017292 0.265366 -0.135923 -0.075328 -0.864390 0.478205
1778755306.967617 3.657389 -23.038425 0.273398 -0.143957 -0.071258 -0.859183 0.485803
1778755307.019895 3.647927 -23.060474 0.285542 -0.145597 -0.062229 -0.855095 0.493703
1778755307.072077 3.638998 -23.080379 0.279568 -0.151085 -0.058372 -0.853670 0.494989
1778755307.128982 3.632164 -23.100872 0.298624 -0.166720 -0.062783 -0.851288 0.493529
1778755307.181857 3.625527 -23.123556 0.314206 -0.163038 -0.075154 -0.846008 0.502036
1778755307.233606 3.620021 -23.141939 0.279452 -0.161123 -0.087573 -0.839009 0.512283
1778755307.285283 3.613139 -23.158506 0.234953 -0.153849 -0.091022 -0.838333 0.515017
1778755307.341404 3.603891 -23.179104 0.236760 -0.164534 -0.101485 -0.836596 0.512578
1778755307.398578 3.596570 -23.193987 0.239828 -0.178134 -0.120027 -0.829863 0.514965
1778755307.447421 3.587849 -23.206762 0.252003 -0.184046 -0.130610 -0.826541 0.515654
1778755307.500577 3.582024 -23.219557 0.265310 -0.183120 -0.133703 -0.826118 0.515867
1778755307.555775 3.573479 -23.236012 0.278773 -0.180840 -0.132330 -0.827462 0.514872
1778755307.608935 3.563016 -23.253819 0.287064 -0.180441 -0.120414 -0.831406 0.511572
1778755307.663761 3.553309 -23.270622 0.255506 -0.194699 -0.113823 -0.833172 0.504938
1778755307.713601 3.541987 -23.288546 0.263294 -0.206662 -0.105693 -0.832980 0.502259
1778755307.768875 3.528980 -23.308384 0.251035 -0.206202 -0.104879 -0.831302 0.505388
1778755307.847737 3.519814 -23.328545 0.231051 -0.205229 -0.093205 -0.831515 0.507718
1778755307.874035 3.508123 -23.350065 0.230996 -0.214100 -0.094115 -0.830772 0.505096
1778755307.926640 3.503190 -23.366493 0.243096 -0.217009 -0.093910 -0.827737 0.508861
1778755308.001609 3.497923 -23.383553 0.258084 -0.219563 -0.094920 -0.825001 0.512011
1778755308.066123 3.493404 -23.401827 0.271642 -0.213484 -0.094294 -0.823099 0.517726
1778755308.086112 3.488105 -23.422411 0.282081 -0.212740 -0.092336 -0.821226 0.521348
1778755308.141125 3.481140 -23.447302 0.292542 -0.210426 -0.096064 -0.819156 0.524857
1778755308.195879 3.482680 -23.478382 0.270448 -0.208694 -0.086839 -0.815387 0.532964
1778755308.269948 3.475983 -23.498636 0.234355 -0.208830 -0.072077 -0.807616 0.546765
1778755308.301466 3.472730 -23.515753 0.249161 -0.207872 -0.074681 -0.798988 0.559311
1778755308.352485 3.472127 -23.533133 0.262894 -0.219549 -0.082629 -0.790914 0.565178
1778755308.406372 3.471694 -23.555756 0.273415 -0.230880 -0.073582 -0.785808 0.569022
1778755308.462333 3.462843 -23.579525 0.305227 -0.223270 -0.088738 -0.779777 0.578121
1778755308.514882 3.454595 -23.602009 0.296087 -0.217644 -0.122352 -0.771862 0.584714
1778755308.567222 3.449846 -23.621737 0.268870 -0.216912 -0.110072 -0.770692 0.588955
1778755308.618397 3.441676 -23.646473 0.253907 -0.217390 -0.109580 -0.769825 0.590003
1778755308.683087 3.436649 -23.669001 0.257056 -0.211896 -0.112446 -0.773407 0.586768
1778755308.731626 3.435539 -23.687042 0.267555 -0.209237 -0.112854 -0.779466 0.579583
1778755308.780128 3.432819 -23.707966 0.278846 -0.200463 -0.116322 -0.786859 0.571959
1778755308.833661 3.427891 -23.730211 0.287610 -0.193706 -0.116450 -0.791848 0.567358
1778755308.888796 3.422457 -23.753910 0.295132 -0.195061 -0.113779 -0.796598 0.560747
1778755308.946096 3.417522 -23.775366 0.245457 -0.199611 -0.116678 -0.798293 0.556121
1778755308.995191 3.413703 -23.798710 0.215690 -0.193182 -0.125437 -0.797414 0.557744
1778755309.047325 3.410883 -23.815971 0.195016 -0.185561 -0.126507 -0.802473 0.552811
1778755309.102699 3.403025 -23.829197 0.200625 -0.196891 -0.142399 -0.804407 0.542113
1778755309.157273 3.394648 -23.840662 0.211188 -0.218586 -0.175304 -0.798293 0.533119
1778755309.206056 3.386574 -23.852276 0.225822 -0.225522 -0.185032 -0.798671 0.526334
1778755309.260896 3.377219 -23.863522 0.239536 -0.221019 -0.195069 -0.799265 0.523713
1778755309.315500 3.364647 -23.874460 0.248482 -0.223580 -0.208418 -0.798448 0.518705
1778755309.369121 3.354047 -23.885365 0.308769 -0.230846 -0.181718 -0.812716 0.503172
1778755309.418929 3.341825 -23.901608 0.352124 -0.230994 -0.158812 -0.820849 0.497622
1778755309.473068 3.326489 -23.922760 0.366395 -0.214461 -0.135490 -0.828796 0.498745
1778755309.526380 3.310804 -23.939013 0.331570 -0.195503 -0.131879 -0.833892 0.499010
1778755309.581992 3.296000 -23.959013 0.301436 -0.192170 -0.116369 -0.838741 0.496027
1778755309.634806 3.279361 -23.980276 0.294478 -0.193334 -0.111166 -0.840565 0.493675
1778755309.685554 3.264810 -23.999557 0.299915 -0.183152 -0.109352 -0.841844 0.495779
1778755309.739383 3.249405 -24.021982 0.309919 -0.167258 -0.106254 -0.844107 0.498215
1778755309.793786 3.239166 -24.044228 0.257951 -0.183722 -0.090430 -0.847524 0.489665
1778755309.851329 3.231547 -24.071440 0.248598 -0.195941 -0.103940 -0.843523 0.489155
1778755309.900379 3.222637 -24.090490 0.221350 -0.188050 -0.112828 -0.838872 0.498197
1778755309.951475 3.215497 -24.107601 0.205757 -0.199680 -0.124124 -0.837144 0.493874
1778755310.006968 3.206554 -24.123066 0.218914 -0.212646 -0.126153 -0.837263 0.487706
1778755310.067884 3.198740 -24.133686 0.222029 -0.217492 -0.147065 -0.831116 0.490220
1778755310.117814 3.189564 -24.141443 0.235599 -0.222411 -0.163200 -0.828219 0.487804
1778755310.168143 3.180317 -24.148876 0.251079 -0.223895 -0.168610 -0.832002 0.478763
1778755310.232172 3.167992 -24.157684 0.264527 -0.225510 -0.175510 -0.839142 0.462799
1778755310.278884 3.151173 -24.166971 0.276428 -0.226228 -0.178041 -0.848811 0.443443
1778755310.330247 3.134370 -24.175877 0.285765 -0.221772 -0.171252 -0.859940 0.426607
1778755310.383708 3.117687 -24.184238 0.294021 -0.214452 -0.165619 -0.869685 0.412588
1778755310.435978 3.100223 -24.193552 0.303524 -0.207202 -0.158540 -0.878506 0.400198
1778755310.489405 3.070842 -24.202431 0.292042 -0.199109 -0.173169 -0.878764 0.397671
1778755310.543942 3.057454 -24.213062 0.217111 -0.191708 -0.163918 -0.882411 0.397152
1778755310.599945 3.036988 -24.228001 0.233514 -0.193507 -0.166462 -0.880849 0.398686
1778755310.651644 3.017344 -24.243814 0.250974 -0.206424 -0.168331 -0.874248 0.405887
1778755310.709097 2.995989 -24.263613 0.265441 -0.220269 -0.159003 -0.866516 0.418748
1778755310.760736 2.988541 -24.283703 0.275821 -0.258163 -0.136268 -0.854677 0.429315
1778755310.815082 2.991649 -24.290075 0.295054 -0.259893 -0.140199 -0.840324 0.454594
1778755310.866628 2.985297 -24.311607 0.305498 -0.251547 -0.146215 -0.824230 0.485789
1778755310.922684 2.976963 -24.324768 0.272106 -0.237887 -0.139490 -0.815117 0.509447
1778755310.975548 2.973702 -24.341471 0.249907 -0.227887 -0.129115 -0.802949 0.535416
1778755311.029334 2.971781 -24.353899 0.252624 -0.223029 -0.117176 -0.789859 0.559151
1778755311.080706 2.971370 -24.367990 0.263995 -0.226049 -0.107097 -0.776805 0.577932
1778755311.135679 2.973897 -24.389006 0.294721 -0.231312 -0.090258 -0.766349 0.592500
1778755311.186709 2.961464 -24.413742 0.339678 -0.225227 -0.100496 -0.753136 0.609885
1778755311.256389 2.960526 -24.435274 0.305528 -0.213865 -0.113229 -0.744105 0.622696
1778755311.294977 2.953829 -24.458347 0.297083 -0.211658 -0.099252 -0.740747 0.629796
1778755311.358312 2.950445 -24.482325 0.306355 -0.211282 -0.104874 -0.735420 0.635231
1778755311.403057 2.950757 -24.506548 0.315381 -0.206620 -0.116032 -0.731677 0.639135
1778755311.470635 2.948266 -24.531496 0.322255 -0.199429 -0.127249 -0.733482 0.637212
1778755311.511116 2.945695 -24.563818 0.322764 -0.188772 -0.128762 -0.737704 0.635278
1778755311.566120 2.947352 -24.586590 0.229185 -0.174440 -0.128316 -0.733217 0.644591
1778755311.617266 2.943910 -24.608425 0.202859 -0.169180 -0.147440 -0.728927 0.646765
1778755311.676855 2.941667 -24.627146 0.242084 -0.172893 -0.163843 -0.730804 0.639679
1778755311.720109 2.937949 -24.640856 0.218072 -0.173781 -0.175581 -0.727750 0.639805
1778755311.789283 2.934946 -24.652363 0.226954 -0.172431 -0.187481 -0.719079 0.646563
1778755311.825175 2.929311 -24.660940 0.226911 -0.175571 -0.194592 -0.707336 0.656495
1778755311.886959 2.924394 -24.667450 0.235860 -0.176528 -0.201366 -0.698942 0.663152
1778755311.937293 2.919468 -24.677340 0.241624 -0.179164 -0.215094 -0.687002 0.670569
1778755311.985908 2.914920 -24.688612 0.283770 -0.198982 -0.197519 -0.691077 0.666187
1778755312.046559 2.915300 -24.703829 0.337201 -0.203158 -0.170987 -0.697040 0.666052
1778755312.094116 2.914061 -24.722103 0.355070 -0.196024 -0.154059 -0.697107 0.672222
1778755312.146369 2.911402 -24.742584 0.325867 -0.190280 -0.154215 -0.691590 0.679496
1778755312.206963 2.908072 -24.764921 0.309731 -0.178773 -0.145506 -0.687688 0.688443
1778755312.253575 2.905792 -24.786991 0.299742 -0.173811 -0.140212 -0.684656 0.693813
1778755312.314438 2.902144 -24.812185 0.299377 -0.171760 -0.136089 -0.682754 0.697012
1778755312.355621 2.900747 -24.833256 0.305290 -0.162108 -0.125744 -0.680661 0.703285
1778755312.418786 2.900633 -24.856300 0.312718 -0.153778 -0.116471 -0.678611 0.708713
1778755312.467031 2.908366 -24.875952 0.264097 -0.174925 -0.108391 -0.677840 0.705823
1778755312.523190 2.914682 -24.898392 0.222023 -0.164679 -0.114196 -0.669194 0.715555
1778755312.577439 2.914528 -24.919281 0.198297 -0.155214 -0.127745 -0.661524 0.722479
1778755312.626001 2.915255 -24.937336 0.207178 -0.159667 -0.143895 -0.661825 0.718185
1778755312.687490 2.913524 -24.950304 0.217043 -0.167074 -0.169631 -0.655017 0.717122
1778755312.733852 2.909298 -24.963127 0.233787 -0.167945 -0.187560 -0.650362 0.716691
1778755312.803334 2.905947 -24.977371 0.249066 -0.164284 -0.199090 -0.647804 0.716746
1778755312.845342 2.901134 -24.994890 0.261652 -0.160880 -0.211519 -0.649066 0.712805
1778755312.893062 2.895028 -25.012304 0.272010 -0.162834 -0.217436 -0.657117 0.703139
1778755312.956076 2.887433 -25.032215 0.347302 -0.170978 -0.193231 -0.678140 0.688152
1778755313.003653 2.881375 -25.058159 0.371196 -0.166438 -0.165849 -0.694750 0.679790
1778755313.068444 2.871081 -25.084131 0.337909 -0.146081 -0.152448 -0.709227 0.672619
1778755313.111969 2.863164 -25.112505 0.304578 -0.147787 -0.133089 -0.723935 0.660579
1778755313.162287 2.853747 -25.140842 0.297038 -0.141898 -0.130124 -0.732153 0.653365
1778755313.212708 2.844855 -25.166988 0.302147 -0.130500 -0.127319 -0.737273 0.650530
1778755313.268135 2.838185 -25.194775 0.264039 -0.133870 -0.115975 -0.747721 0.639954
1778755313.319551 2.834838 -25.217569 0.248650 -0.145906 -0.130881 -0.750043 0.631678
1778755313.376987 2.832844 -25.240850 0.251661 -0.138676 -0.152894 -0.741815 0.638046
1778755313.428443 2.832281 -25.259712 0.207916 -0.137235 -0.160057 -0.745397 0.632402
1778755313.486043 2.829146 -25.278500 0.216782 -0.147571 -0.168808 -0.749974 0.622307
1778755313.531924 2.827235 -25.285976 0.217587 -0.160073 -0.184588 -0.747380 0.617840
1778755313.586172 2.820989 -25.296682 0.230755 -0.161924 -0.196928 -0.747983 0.612798
1778755313.639764 2.814928 -25.308559 0.242738 -0.162954 -0.204994 -0.747749 0.610160
1778755313.694744 2.806582 -25.322676 0.249753 -0.174211 -0.207755 -0.751010 0.602057
1778755313.749759 2.800682 -25.338293 0.305481 -0.181018 -0.184704 -0.763817 0.591355
1778755313.800517 2.792512 -25.361589 0.343124 -0.179492 -0.160579 -0.770894 0.589677
1778755313.866748 2.783519 -25.381491 0.341594 -0.164065 -0.143133 -0.776688 0.591060
1778755313.911809 2.775003 -25.406101 0.304280 -0.157256 -0.129760 -0.781111 0.590169
1778755313.958761 2.763993 -25.431679 0.295767 -0.160535 -0.122588 -0.783788 0.587263
1778755314.016526 2.754032 -25.456427 0.298435 -0.156285 -0.118746 -0.784674 0.588014
1778755314.069559 2.743587 -25.483326 0.307995 -0.141081 -0.110862 -0.786179 0.591378
1778755314.126218 2.735475 -25.511316 0.288185 -0.139643 -0.099914 -0.788855 0.590106
1778755314.176018 2.733752 -25.541786 0.252829 -0.152300 -0.105952 -0.785527 0.590361
1778755314.230051 2.728549 -25.563263 0.214335 -0.148952 -0.115436 -0.780837 0.595635
1778755314.288954 2.725053 -25.584044 0.234187 -0.156961 -0.117574 -0.783852 0.589165
1778755314.337441 2.722439 -25.600676 0.222530 -0.173158 -0.129854 -0.781979 0.584520
1778755314.393599 2.717324 -25.611944 0.231859 -0.179278 -0.144133 -0.780514 0.581277
1778755314.444215 2.713582 -25.626116 0.245415 -0.180105 -0.147068 -0.780533 0.580259
1778755314.495598 2.708364 -25.643581 0.260221 -0.174138 -0.150629 -0.782468 0.578559
1778755314.552213 2.700559 -25.664726 0.275593 -0.168198 -0.146476 -0.786770 0.575541
1778755314.605931 2.687529 -25.690062 0.313644 -0.158814 -0.129860 -0.792909 0.573768
1778755314.655961 2.672376 -25.707157 0.304708 -0.141801 -0.116759 -0.799666 0.571659
1778755314.715445 2.663510 -25.731348 0.299946 -0.146345 -0.101418 -0.805271 0.565541
1778755314.768853 2.650221 -25.750069 0.304432 -0.153224 -0.110044 -0.809233 0.556376
1778755314.825011 2.637124 -25.774473 0.312316 -0.151231 -0.114478 -0.816593 0.545160
1778755314.876421 2.621036 -25.799496 0.318036 -0.131965 -0.113030 -0.825682 0.536710
1778755314.930318 2.616558 -25.828236 0.328346 -0.122634 -0.099922 -0.832762 0.530550
1778755314.979628 2.602412 -25.853449 0.281060 -0.094339 -0.109369 -0.836868 0.528007
1778755315.034708 2.592706 -25.874784 0.257297 -0.093236 -0.109716 -0.844072 0.516539
1778755315.088323 2.579614 -25.901779 0.254087 -0.087795 -0.114114 -0.853322 0.501110
1778755315.138893 2.568444 -25.915422 0.260552 -0.081888 -0.105203 -0.867188 0.479803
1778755315.200314 2.554086 -25.937475 0.274808 -0.071183 -0.090386 -0.883244 0.454581
1778755315.251446 2.534136 -25.963694 0.287446 -0.068161 -0.071991 -0.895758 0.433347
1778755315.309434 2.515889 -25.986025 0.297303 -0.050300 -0.044340 -0.907811 0.413985
1778755315.356547 2.496255 -26.011627 0.295130 -0.040257 -0.026744 -0.915453 0.399513
1778755315.412954 2.473835 -26.032379 0.297700 -0.023237 -0.024205 -0.920645 0.388957
1778755315.469421 2.447200 -26.052464 0.298503 -0.010243 -0.024976 -0.925731 0.377217
1778755315.515673 2.419186 -26.073671 0.299505 0.002075 -0.023012 -0.931905 0.361966
1778755315.569797 2.393883 -26.093639 0.301374 -0.007486 -0.013306 -0.939654 0.341786
1778755315.623501 2.370477 -26.113758 0.298647 -0.018093 -0.025091 -0.945469 0.324239
1778755315.700428 2.347771 -26.131706 0.299662 -0.008747 -0.029409 -0.949606 0.311941
1778755315.735094 2.327609 -26.150112 0.302481 -0.011407 -0.030678 -0.953184 0.300614
1778755315.781550 2.305576 -26.169527 0.304973 -0.013628 -0.027109 -0.956483 0.290205
1778755315.835185 2.279660 -26.190613 0.306893 -0.019031 -0.017340 -0.959334 0.281096
1778755315.888115 2.255149 -26.206629 0.305199 -0.020907 -0.017097 -0.960865 0.275698
1778755315.943927 2.233260 -26.225960 0.303529 -0.029003 -0.002749 -0.962795 0.268658
1778755315.999202 2.212233 -26.240793 0.306959 -0.027523 -0.004623 -0.963456 0.266409
1778755316.045495 2.188610 -26.254765 0.307816 -0.030296 -0.007356 -0.964501 0.262233
1778755316.119375 2.164251 -26.271473 0.307628 -0.031879 -0.005378 -0.965086 0.259930
1778755316.152097 2.136939 -26.288059 0.307800 -0.031829 -0.004460 -0.965326 0.259060
1778755316.213545 2.106964 -26.306248 0.307901 -0.028474 -0.005279 -0.965641 0.258260
1778755316.261221 2.079264 -26.318066 0.294253 -0.034792 -0.006661 -0.965364 0.258491
1778755316.315955 2.056692 -26.329876 0.298083 -0.041679 -0.011511 -0.965620 0.256337
1778755316.372698 2.034047 -26.344374 0.300280 -0.044604 -0.014067 -0.966446 0.252577
1778755316.422563 2.009947 -26.357965 0.301597 -0.048965 -0.010178 -0.967326 0.248554
1778755316.478796 1.981831 -26.375162 0.303204 -0.050866 -0.002491 -0.967861 0.246277
1778755316.529135 1.958410 -26.387413 0.299943 -0.056477 -0.000585 -0.968221 0.243634
1778755316.586449 1.933714 -26.404278 0.298747 -0.058894 0.005617 -0.968589 0.241529
1778755316.636057 1.914167 -26.415192 0.304451 -0.052159 0.002486 -0.968603 0.243067
1778755316.686013 1.888361 -26.428989 0.303746 -0.050209 -0.000705 -0.968893 0.242332
1778755316.740506 1.865297 -26.442480 0.303750 -0.045048 -0.002093 -0.968951 0.243106
1778755316.791909 1.840991 -26.456589 0.304178 -0.038202 -0.002265 -0.968820 0.244792
1778755316.842342 1.810626 -26.471706 0.305545 -0.034093 -0.006081 -0.968439 0.246832
1778755316.895939 1.783304 -26.490158 0.302706 -0.040366 0.002352 -0.968157 0.247058
1778755316.945415 1.758163 -26.499619 0.291290 -0.045009 -0.008110 -0.967535 0.248566
1778755317.005597 1.735582 -26.513229 0.293800 -0.051269 -0.011014 -0.967537 0.247230
1778755317.055267 1.711980 -26.528706 0.295329 -0.055490 -0.013533 -0.967803 0.245143
1778755317.104290 1.686728 -26.544518 0.296020 -0.059700 -0.007090 -0.968333 0.242317
1778755317.162941 1.659782 -26.559408 0.297383 -0.060828 -0.005420 -0.968393 0.241837
1778755317.215066 1.637443 -26.574516 0.289408 -0.074018 0.002778 -0.968458 0.237915
1778755317.269077 1.613301 -26.589891 0.285830 -0.080825 0.012375 -0.968541 0.235039
1778755317.318114 1.590406 -26.603338 0.295403 -0.075322 0.009868 -0.968911 0.235459
1778755317.371641 1.564449 -26.618320 0.293138 -0.077114 0.009092 -0.969161 0.233878
1778755317.429212 1.542822 -26.632174 0.294159 -0.075637 0.008881 -0.969359 0.233546
1778755317.481503 1.522104 -26.647045 0.296848 -0.072728 0.010346 -0.969287 0.234706
1778755317.534054 1.495903 -26.662756 0.299435 -0.072552 0.004995 -0.968795 0.236956
1778755317.585797 1.467481 -26.679424 0.304011 -0.071824 -0.001424 -0.967975 0.240550
1778755317.642572 1.440872 -26.696638 0.303640 -0.059295 -0.001269 -0.966117 0.251198
1778755317.692614 1.415905 -26.708389 0.305131 -0.055963 -0.013958 -0.962039 0.266747
1778755317.747026 1.395190 -26.722103 0.303396 -0.055229 -0.020163 -0.957073 0.283821
1778755317.799842 1.375805 -26.737196 0.302560 -0.057043 -0.022602 -0.950579 0.304359
1778755317.851175 1.354435 -26.754154 0.302937 -0.060728 -0.020160 -0.944192 0.323121
1778755317.911950 1.331099 -26.774372 0.305325 -0.064644 -0.015388 -0.938268 0.339466
1778755317.959113 1.313986 -26.791130 0.308403 -0.055499 0.001002 -0.936181 0.347109
1778755318.011657 1.294175 -26.811533 0.304059 -0.054917 0.007037 -0.931576 0.359306
1778755318.069064 1.274779 -26.832771 0.302716 -0.047336 0.005174 -0.927828 0.369956
1778755318.122352 1.255074 -26.852530 0.302784 -0.046082 0.006437 -0.923995 0.379562
1778755318.175636 1.234848 -26.875547 0.303143 -0.042867 0.010536 -0.920307 0.388698
1778755318.227139 1.211647 -26.899725 0.303664 -0.038431 0.008408 -0.917247 0.396372
1778755318.277368 1.188132 -26.922951 0.304698 -0.028552 0.004489 -0.914551 0.403436
1778755318.335884 1.166327 -26.947060 0.303292 -0.018724 0.012181 -0.912387 0.408719
1778755318.393784 1.145458 -26.964926 0.308231 -0.015015 0.005158 -0.910703 0.412758
1778755318.447115 1.128755 -26.984192 0.308301 -0.011959 -0.002502 -0.909982 0.414467
1778755318.498883 1.110930 -27.006113 0.306861 -0.010602 -0.002726 -0.909387 0.415807
1778755318.565358 1.090843 -27.030077 0.305113 -0.013039 -0.001783 -0.908790 0.417047
1778755318.601452 1.072085 -27.054274 0.302505 -0.009752 0.015056 -0.908660 0.417152
1778755318.651665 1.053255 -27.077703 0.310084 -0.001192 0.017426 -0.908524 0.417468
1778755318.707342 1.038197 -27.099970 0.315493 0.000419 0.017843 -0.907044 0.420658
1778755318.760696 1.020676 -27.121981 0.315659 0.001968 0.018776 -0.905785 0.423316
1778755318.816304 1.001219 -27.148329 0.313282 0.002311 0.017703 -0.904512 0.426075
1778755318.870469 0.978521 -27.174997 0.309483 0.006450 0.013870 -0.903211 0.428925
1778755318.919058 0.956868 -27.200401 0.303238 0.015127 0.017012 -0.902171 0.430779
1778755318.974967 0.931138 -27.221714 0.309785 0.015884 0.010968 -0.901884 0.431547
1778755319.028441 0.914092 -27.239098 0.313372 0.017850 0.001903 -0.901376 0.432665
1778755319.081939 0.897191 -27.259914 0.312769 0.019963 0.000340 -0.901876 0.431534
1778755319.135805 0.877279 -27.282766 0.309548 0.020324 -0.000060 -0.902354 0.430517
1778755319.189327 0.855276 -27.309479 0.304217 0.019730 0.001666 -0.903022 0.429139
1778755319.245509 0.835205 -27.332867 0.303555 0.023683 0.008729 -0.907383 0.419547
1778755319.296393 0.821977 -27.354057 0.311808 0.019451 0.013384 -0.913725 0.405647
1778755319.360456 0.805867 -27.373747 0.313240 0.017262 0.012837 -0.920646 0.389805
1778755319.405533 0.788014 -27.395178 0.310961 0.012071 0.014298 -0.929154 0.369219
1778755319.455043 0.765090 -27.417065 0.308294 0.007694 0.011237 -0.938391 0.345307
1778755319.508051 0.742873 -27.434864 0.305299 0.003714 0.009140 -0.947213 0.320455
1778755319.564734 0.715577 -27.450438 0.303118 0.014278 0.006097 -0.956357 0.291787
1778755319.615052 0.690887 -27.466055 0.310290 0.023094 0.006685 -0.964601 0.262615
1778755319.666220 0.667319 -27.470869 0.316111 0.020272 -0.009124 -0.974090 0.225066
1778755319.718861 0.639249 -27.479191 0.315447 0.017773 -0.013302 -0.982199 0.186530
1778755319.773702 0.607428 -27.489956 0.313559 0.021039 0.000856 -0.988410 0.150338
1778755319.823379 0.577819 -27.494967 0.315286 0.027840 -0.004709 -0.991777 0.124822
1778755319.876954 0.555427 -27.502405 0.320121 0.020257 -0.001695 -0.994515 0.102601
1778755319.933892 0.527971 -27.506762 0.318620 0.014980 -0.001468 -0.996358 0.083929
1778755319.983660 0.495889 -27.511389 0.314629 0.009830 -0.001335 -0.997658 0.067672
1778755320.039971 0.462429 -27.513990 0.309461 0.012390 -0.002242 -0.998333 0.056335
1778755320.088030 0.432923 -27.515280 0.305477 0.019004 0.001278 -0.998715 0.046957
1778755320.147012 0.401850 -27.513567 0.307336 0.018543 0.000847 -0.999122 0.037565
1778755320.198817 0.377055 -27.513298 0.310681 0.015239 -0.006577 -0.999451 0.028663
1778755320.256248 0.351090 -27.514881 0.310564 0.015567 -0.002440 -0.999689 0.019354
1778755320.303994 0.318340 -27.516537 0.308036 0.017172 0.005639 -0.999775 0.011092
1778755320.350798 0.288120 -27.516024 0.304160 0.020166 0.005823 -0.999764 0.005602
1778755320.410423 0.256535 -27.518696 0.311139 0.018400 0.014529 -0.999725 -0.001062
1778755320.467402 0.233939 -27.520111 0.314375 0.018526 0.013244 -0.999734 -0.003682
1778755320.518232 0.205046 -27.519997 0.314464 0.020147 0.015585 -0.999663 -0.004928
1778755320.567610 0.171819 -27.520220 0.312322 0.021072 0.016065 -0.999642 -0.003714
1778755320.618860 0.138014 -27.519276 0.308309 0.025845 0.010833 -0.999596 0.004822
1778755320.674925 0.099320 -27.521978 0.303858 0.026833 0.020420 -0.999219 0.020627
1778755320.728198 0.073972 -27.517797 0.309377 0.025051 0.008943 -0.999022 0.035318
1778755320.789278 0.049005 -27.521204 0.312452 0.026279 0.006313 -0.998523 0.047131
1778755320.838511 0.019121 -27.527905 0.311895 0.025823 0.016827 -0.998002 0.055149
1778755320.888967 -0.012807 -27.535370 0.308652 0.027534 0.027274 -0.997293 0.062489
1778755320.947540 -0.043164 -27.537905 0.309035 0.020196 0.019152 -0.997199 0.069430
1778755320.998230 -0.069367 -27.545557 0.314302 0.022779 0.030811 -0.996474 0.074645
1778755321.050573 -0.093981 -27.549631 0.314244 0.025725 0.032565 -0.996211 0.076434
1778755321.102074 -0.124287 -27.555958 0.311329 0.025156 0.034723 -0.996413 0.072954
1778755321.171086 -0.156740 -27.561220 0.307777 0.025407 0.033727 -0.996761 0.068449
1778755321.212340 -0.188297 -27.563906 0.303476 0.025833 0.027334 -0.997152 0.065374
1778755321.263060 -0.219053 -27.568602 0.301827 0.026856 0.031902 -0.997054 0.064372
1778755321.316958 -0.246060 -27.566742 0.307104 0.023856 0.021644 -0.996749 0.073856
1778755321.367746 -0.269895 -27.568323 0.309520 0.017687 0.006005 -0.996055 0.086754
1778755321.422288 -0.298013 -27.577457 0.312618 0.022772 0.006030 -0.994557 0.101495
1778755321.475168 -0.323114 -27.583750 0.309617 0.029166 0.008800 -0.992850 0.115413
1778755321.528987 -0.349244 -27.593866 0.304627 0.028918 0.013193 -0.991191 0.128572
1778755321.583888 -0.380744 -27.606205 0.296456 0.030953 0.017963 -0.989272 0.141632
1778755321.634779 -0.404742 -27.619823 0.303969 0.027609 0.023230 -0.988043 0.149899
1778755321.698261 -0.424509 -27.631292 0.309395 0.018212 0.024476 -0.986990 0.157859
1778755321.742020 -0.449863 -27.643959 0.310788 0.010254 0.032381 -0.985524 0.166097
1778755321.794295 -0.478036 -27.658234 0.307045 0.003134 0.036067 -0.984147 0.173620
1778755321.853032 -0.505926 -27.670696 0.303274 0.007815 0.028662 -0.983033 0.181007
1778755321.904658 -0.536282 -27.682856 0.303906 0.023777 0.019413 -0.981141 0.190839
1778755321.960993 -0.562030 -27.693371 0.309709 0.018326 0.020229 -0.980256 0.195839
1778755322.008731 -0.585890 -27.701971 0.311849 0.015069 0.017239 -0.980081 0.197275
1778755322.059782 -0.610899 -27.712774 0.310228 0.011620 0.016770 -0.980375 0.196085
1778755322.118380 -0.640866 -27.726011 0.306643 0.008351 0.016632 -0.980342 0.196425
1778755322.172767 -0.667843 -27.738762 0.302787 0.012726 0.021664 -0.980001 0.197402
1778755322.222844 -0.692699 -27.752161 0.309316 0.015979 0.023849 -0.980129 0.196273
1778755322.274975 -0.714376 -27.764097 0.312254 0.014417 0.023950 -0.979530 0.199347
1778755322.328904 -0.740185 -27.776735 0.311570 0.012812 0.025676 -0.978974 0.201956
1778755322.383134 -0.769493 -27.790829 0.309401 0.011914 0.024063 -0.978494 0.204521
1778755322.439066 -0.800764 -27.803932 0.305752 0.015547 0.018381 -0.977895 0.207707
1778755322.494366 -0.829003 -27.816975 0.302693 0.016393 0.023219 -0.977331 0.209801
1778755322.545738 -0.856416 -27.823641 0.309452 0.017568 0.012468 -0.976792 0.213103
1778755322.611118 -0.880065 -27.833282 0.311888 0.015726 0.005603 -0.976683 0.214035
1778755322.651312 -0.903156 -27.844864 0.311271 0.015805 0.007304 -0.977155 0.211812
1778755322.699081 -0.930206 -27.857853 0.308510 0.013860 0.010511 -0.977469 0.210360
1778755322.753685 -0.959620 -27.872440 0.304326 0.016448 0.016521 -0.977357 0.210308
1778755322.805143 -0.986394 -27.887705 0.309828 0.016762 0.020799 -0.977630 0.208630
1778755322.858037 -1.007173 -27.900593 0.315303 0.015837 0.021843 -0.977438 0.209494
1778755322.914739 -1.029767 -27.912540 0.315947 0.016798 0.022029 -0.977113 0.210908
1778755322.964982 -1.056169 -27.927151 0.314645 0.014562 0.025330 -0.976991 0.211270
1778755323.036655 -1.092273 -27.943892 0.311260 0.014915 0.021468 -0.976587 0.213531
1778755323.098786 -1.122559 -27.956659 0.306314 0.021293 0.017725 -0.976080 0.215639
1778755323.140072 -1.148103 -27.966501 0.305755 0.015172 0.023461 -0.975905 0.216399
1778755323.192875 -1.167536 -27.972980 0.308611 0.015512 0.017831 -0.975371 0.219302
1778755323.248526 -1.186965 -27.982822 0.309641 0.017673 0.015243 -0.975669 0.218002
1778755323.303947 -1.206155 -27.993031 0.308276 0.018175 0.016904 -0.976187 0.215508
1778755323.349455 -1.227784 -28.004881 0.305860 0.019589 0.018948 -0.976458 0.213981
1778755323.404088 -1.250207 -28.016827 0.302672 0.018671 0.016544 -0.976612 0.213559
1778755323.454696 -1.272042 -28.029379 0.305513 0.009397 0.020834 -0.976783 0.213010
1778755323.512057 -1.292056 -28.042019 0.311141 0.009984 0.027595 -0.976795 0.212155
1778755323.563433 -1.310452 -28.052097 0.313152 0.013915 0.025437 -0.976333 0.214319
1778755323.615637 -1.331422 -28.062918 0.312182 0.013770 0.027113 -0.976308 0.214236
1778755323.673575 -1.356407 -28.076361 0.309065 0.013289 0.026509 -0.976106 0.215262
1778755323.726398 -1.385016 -28.089664 0.304989 0.013749 0.022849 -0.975778 0.217133
1778755323.792139 -1.411028 -28.104008 0.300565 0.015422 0.027592 -0.975252 0.218823
1778755323.831322 -1.437263 -28.114120 0.306046 0.013144 0.020804 -0.974135 0.224623
1778755323.891460 -1.458816 -28.122324 0.309729 0.008547 0.012872 -0.971754 0.235490
1778755323.953751 -1.479891 -28.134895 0.309814 0.007609 0.007085 -0.969212 0.246009
1778755323.991478 -1.503230 -28.148424 0.307630 0.005372 0.005712 -0.967086 0.254328
1778755324.048450 -1.528731 -28.163910 0.304964 0.002401 0.006092 -0.965371 0.260800
1778755324.101576 -1.555469 -28.180758 0.302982 0.007752 0.017353 -0.963929 0.265478
1778755324.159727 -1.576345 -28.196836 0.309545 0.006808 0.021167 -0.962623 0.269932
1778755324.208039 -1.594476 -28.211319 0.312451 0.005646 0.021133 -0.960724 0.276643
1778755324.258636 -1.617507 -28.228588 0.311877 0.001930 0.023310 -0.959132 0.281990
1778755324.315232 -1.643098 -28.248785 0.309886 -0.002255 0.023914 -0.957787 0.286475
1778755324.369971 -1.671931 -28.269682 0.305842 -0.001486 0.020105 -0.956399 0.291367
1778755324.433157 -1.697606 -28.287918 0.301803 0.003325 0.020298 -0.955221 0.295177
1778755324.477465 -1.719456 -28.301229 0.309110 0.004113 0.020392 -0.953673 0.300126
1778755324.527577 -1.740755 -28.313740 0.311672 0.002404 0.008871 -0.953273 0.301970
1778755324.582345 -1.760216 -28.328325 0.311126 0.001799 0.007551 -0.953703 0.300651
1778755324.635296 -1.782822 -28.344597 0.308867 -0.001625 0.008058 -0.953874 0.300094
1778755324.694978 -1.811204 -28.366451 0.305743 -0.002152 0.012955 -0.953628 0.300700
1778755324.749337 -1.832932 -28.384140 0.306237 0.002093 0.020180 -0.954279 0.298229
1778755324.799038 -1.851882 -28.401140 0.311002 0.004159 0.024115 -0.953532 0.300298
1778755324.856934 -1.872300 -28.417150 0.312071 0.006206 0.024698 -0.952851 0.302368
1778755324.908319 -1.895098 -28.435951 0.311312 0.005776 0.025773 -0.952349 0.303866
1778755324.966398 -1.921624 -28.456299 0.308597 0.007290 0.024022 -0.951331 0.307147
1778755325.011875 -1.948643 -28.476372 0.304792 0.014811 0.019827 -0.948209 0.316681
1778755325.067384 -1.974361 -28.495090 0.302992 0.012400 0.023519 -0.943024 0.331660
1778755325.119679 -1.994832 -28.506275 0.308129 0.012377 0.016629 -0.936764 0.349348
1778755325.172139 -2.014176 -28.523607 0.309244 0.015188 0.010158 -0.931964 0.362092
1778755325.235487 -2.034576 -28.543808 0.308001 0.011992 0.010463 -0.928618 0.370696
1778755325.277953 -2.058459 -28.567659 0.305903 0.006525 0.010240 -0.925410 0.378772
1778755325.334890 -2.081566 -28.590738 0.302785 0.005156 0.016034 -0.923153 0.384064
1778755325.391825 -2.103915 -28.617575 0.310752 0.003417 0.019235 -0.921441 0.388028
1778755325.441162 -2.128606 -28.646957 0.314050 -0.000112 0.020478 -0.918648 0.394547
1778755325.498105 -2.153624 -28.678303 0.313247 -0.008831 0.019998 -0.916024 0.400528
1778755325.550845 -2.185694 -28.718666 0.311631 -0.018560 0.013737 -0.913390 0.406431
1778755325.603725 -2.220007 -28.755888 0.304944 0.006699 0.005695 -0.910702 0.412970
1778755325.657575 -2.247032 -28.789379 0.311220 0.005691 0.011943 -0.909249 0.416042
1778755325.707773 -2.274722 -28.825037 0.314868 0.004818 0.015577 -0.909349 0.415715
1778755325.769206 -2.307145 -28.867315 0.314148 0.001698 0.024732 -0.908706 0.416700
1778755325.811584 -2.334978 -28.898792 0.305274 0.004568 0.014320 -0.907791 0.419154
1778755325.867184 -2.349542 -28.924807 0.310931 0.003573 0.017662 -0.907576 0.419502
1778755325.922791 -2.376430 -28.957209 0.314490 0.003689 0.018383 -0.906193 0.422450
1778755325.972396 -2.400877 -28.987511 0.312672 0.003603 0.017413 -0.904440 0.426231
1778755326.029131 -2.430573 -29.019461 0.307826 0.011849 0.012144 -0.902869 0.429582
1778755326.081036 -2.453698 -29.044592 0.304607 0.002576 0.018795 -0.902433 0.430413
1778755326.340566 -2.473423 -29.062912 0.311219 0.006296 0.005341 -0.900970 0.433803
1778755326.345561 -2.491899 -29.086483 0.314209 0.005873 0.002503 -0.900781 0.434227
1778755326.383525 -2.512516 -29.112539 0.312980 0.003730 0.003245 -0.901156 0.433467
1778755326.386418 -2.533663 -29.139448 0.310063 0.001291 0.005940 -0.901287 0.433179
1778755326.393115 -2.553643 -29.164742 0.307938 0.006665 0.014634 -0.901897 0.431652
1778755326.453695 -2.567739 -29.186636 0.312640 0.005408 0.016093 -0.901446 0.432559
1778755326.483115 -2.584412 -29.208872 0.314242 0.003863 0.016491 -0.900940 0.433614
1778755326.546647 -2.600842 -29.234541 0.312140 -0.000904 0.017784 -0.905424 0.424136
1778755326.565291 -2.623788 -29.262819 0.309989 -0.007678 0.013419 -0.915024 0.403103
1778755326.614379 -2.648799 -29.288698 0.308423 -0.000301 -0.000207 -0.922159 0.386811
1778755326.670117 -2.678573 -29.314407 0.309436 0.014536 -0.002671 -0.927222 0.374221
1778755326.722533 -2.706868 -29.334305 0.312826 0.012253 -0.009785 -0.933606 0.357959
1778755326.776536 -2.740175 -29.356512 0.315771 0.009274 -0.016991 -0.939185 0.342866
1778755326.830238 -2.779328 -29.385555 0.316556 -0.000507 -0.014865 -0.941442 0.336846
1778755326.880424 -2.812965 -29.420458 0.307835 0.012841 0.015107 -0.938447 0.344853
1778755326.935112 -2.848386 -29.439949 0.309322 0.028040 0.009454 -0.932753 0.359299
1778755326.990233 -2.892865 -29.481649 0.313545 0.024174 0.015087 -0.926401 0.375460
1778755327.038053 -2.931566 -29.521694 0.306764 0.023209 0.017298 -0.921142 0.388148
1778755327.095102 -2.966581 -29.553736 0.305686 0.015033 0.008814 -0.916937 0.398651
1778755327.166092 -3.001701 -29.593277 0.312853 0.015115 0.012842 -0.912254 0.409144
1778755327.201608 -3.040116 -29.638386 0.313936 0.003466 0.019434 -0.908464 0.417496
1778755327.247726 -3.070744 -29.672981 0.308188 0.013967 0.012617 -0.904504 0.426049
1778755327.306466 -3.100994 -29.719061 0.309378 0.014702 0.023289 -0.903371 0.427974
1778755327.353695 -3.136000 -29.760252 0.310072 0.007047 0.022437 -0.900470 0.434282
1778755327.411745 -3.182167 -29.816078 0.293344 0.003130 0.017250 -0.896602 0.442491
1778755327.466661 -3.197030 -29.819103 0.303531 0.010465 0.017492 -0.894025 0.447553
1778755327.536309 -3.229659 -29.856869 0.311215 0.012503 0.005566 -0.892341 0.451155
1778755327.589074 -3.264477 -29.911358 0.307507 -0.001541 0.007364 -0.891346 0.453261
1778755327.630125 -3.297506 -29.953979 0.303487 0.004685 0.009594 -0.890077 0.455684
1778755327.686082 -3.323510 -29.987080 0.308658 0.016955 0.017620 -0.890650 0.454032
1778755327.738414 -3.355633 -30.031963 0.311937 0.007558 0.017950 -0.889596 0.456333
1778755327.794700 -3.389340 -30.081963 0.312459 -0.001486 0.014005 -0.886894 0.461759
1778755327.844379 -3.431954 -30.140324 0.305912 0.001512 0.014720 -0.886062 0.463331
1778755327.898897 -3.442520 -30.142265 0.309564 0.014808 0.008623 -0.884045 0.467087
1778755327.954671 -3.472558 -30.186987 0.315222 0.011612 0.002221 -0.884023 0.467295
1778755328.008048 -3.508153 -30.236660 0.317018 0.000117 0.005398 -0.884576 0.466365
1778755328.071044 -3.523445 -30.261913 0.309350 0.010604 0.015617 -0.884268 0.466599
1778755328.122335 -3.546393 -30.291170 0.311382 0.015096 0.016726 -0.885571 0.463957
1778755328.177182 -3.578804 -30.339827 0.312490 0.004418 0.014978 -0.884316 0.466628
1778755328.223139 -3.617835 -30.399103 0.302075 0.001575 0.010817 -0.883106 0.469046
1778755328.274869 -3.627188 -30.405863 0.307192 0.012128 0.011038 -0.882171 0.470644
1778755328.338503 -3.659119 -30.451483 0.314583 0.012764 0.005617 -0.882045 0.470959
1778755328.387069 -3.693776 -30.502541 0.316491 0.001358 0.006193 -0.883262 0.468836
1778755328.435153 -3.732404 -30.555695 0.308418 0.000106 0.010668 -0.883687 0.467956
1778755328.506307 -3.757668 -30.591644 0.310771 0.016390 0.019336 -0.884482 0.465885
1778755328.544897 -3.790357 -30.641783 0.314096 0.004236 0.018368 -0.884677 0.465824
1778755328.598276 -3.823857 -30.694313 0.308460 -0.005002 0.017874 -0.881311 0.472172
1778755328.648840 -3.832963 -30.717060 0.305459 -0.009804 0.032169 -0.870927 0.490260
1778755328.705746 -3.860189 -30.751785 0.315710 -0.005120 0.016480 -0.857320 0.514494
1778755328.757384 -3.882012 -30.800520 0.318767 -0.011188 0.014897 -0.847157 0.531016
1778755328.810435 -3.910450 -30.857924 0.313557 -0.017940 0.011572 -0.837295 0.546335
1778755328.865420 -3.926564 -30.889105 0.311456 0.003359 0.033890 -0.832353 0.553199
1778755328.917303 -3.947350 -30.944128 0.315033 -0.007173 0.035364 -0.825260 0.563598
1778755329.001338 -3.969179 -31.003983 0.314754 -0.018705 0.028910 -0.817806 0.574463
1778755329.032564 -3.994867 -31.058605 0.309099 -0.001601 0.023593 -0.818222 0.574416
1778755329.079863 -4.013878 -31.123804 0.314062 0.004096 0.019118 -0.825695 0.563778
1778755329.133841 -4.034724 -31.176929 0.317197 -0.003610 0.020956 -0.837019 0.546760
1778755329.188132 -4.068017 -31.231047 0.308316 0.005107 0.018628 -0.847524 0.530405
1778755329.242840 -4.084079 -31.269297 0.312056 0.009125 0.007937 -0.857705 0.514001
1778755329.294704 -4.109181 -31.322287 0.314243 -0.001118 0.011998 -0.868125 0.496199
1778755329.345554 -4.137934 -31.373980 0.308761 -0.014802 0.007210 -0.882297 0.470405
1778755329.410606 -4.171095 -31.399456 0.307277 0.012333 -0.013232 -0.897054 0.441550
1778755329.458469 -4.204735 -31.450010 0.316740 0.033727 -0.014938 -0.908147 0.417024
1778755329.508353 -4.241406 -31.492292 0.320825 0.027051 -0.007940 -0.919332 0.392471
1778755329.558746 -4.289574 -31.535599 0.308896 0.025602 0.005223 -0.929021 0.369102
1778755329.610302 -4.304562 -31.543678 0.308882 0.029406 -0.007495 -0.936431 0.349537
1778755329.666669 -4.339221 -31.578981 0.312134 0.017406 -0.006720 -0.942735 0.333022
1778755329.714013 -4.384371 -31.615604 0.311555 0.001308 -0.005667 -0.946464 0.322756
1778755329.773445 -4.444487 -31.649565 0.303070 0.008648 -0.010405 -0.949466 0.313579
1778755329.823158 -4.482413 -31.678217 0.311338 0.032876 -0.011306 -0.950835 0.307741
1778755329.885512 -4.532873 -31.710619 0.315459 0.027471 -0.007399 -0.954681 0.296268
1778755329.934717 -4.587565 -31.742678 0.313196 0.016197 -0.001559 -0.957707 0.287285
1778755329.984298 -4.604567 -31.753986 0.306328 0.029625 0.005401 -0.959765 0.279186
1778755330.038602 -4.643281 -31.778563 0.307935 0.020655 0.007013 -0.960836 0.276259
1778755330.097892 -4.691707 -31.810753 0.310198 0.004785 0.009884 -0.960262 0.278883
1778755330.139080 -4.748688 -31.841684 0.303547 0.000232 0.010246 -0.960463 0.278219
1778755330.194909 -4.796244 -31.869871 0.307937 0.018190 0.006012 -0.964038 0.265072
1778755330.260407 -4.860967 -31.906462 0.315952 0.017964 0.003832 -0.973482 0.228024
1778755330.314600 -4.914310 -31.925652 0.311652 0.015283 0.020744 -0.980713 0.193750
1778755330.380941 -4.960804 -31.943085 0.308806 0.017622 -0.007064 -0.987377 0.157247
1778755330.421331 -4.999492 -31.956923 0.306646 0.016167 -0.005751 -0.991290 0.130574
1778755330.479014 -5.057715 -31.978998 0.307266 0.003961 -0.006786 -0.993821 0.110716
1778755330.529768 -5.109365 -31.987131 0.302130 0.012339 -0.015843 -0.995222 0.095549
1778755330.583628 -5.171791 -32.002781 0.310309 0.034365 -0.040590 -0.994521 0.089996
1778755330.633062 -5.224895 -32.010956 0.315333 0.030101 -0.033235 -0.996133 0.075560
1778755330.689993 -5.288142 -32.014664 0.309822 0.021237 -0.019964 -0.997734 0.060649
1778755330.743058 -5.319775 -32.014805 0.305279 0.030395 -0.023827 -0.998020 0.049645
1778755330.788929 -5.372139 -32.020527 0.307586 0.028029 -0.012764 -0.998725 0.039994
1778755330.845107 -5.430981 -32.025299 0.308559 0.014914 -0.001176 -0.999264 0.035323
1778755330.893816 -5.501104 -32.026115 0.299486 0.011908 0.001180 -0.999429 0.031604
1778755330.943411 -5.527791 -32.024857 0.305523 0.019211 -0.001038 -0.999451 0.026964
1778755331.009652 -5.588714 -32.024395 0.311212 0.019154 -0.009894 -0.999720 0.009792
1778755331.055868 -5.653449 -32.021721 0.314919 0.015148 0.008732 -0.999573 -0.023401
1778755331.113193 -5.705959 -32.013557 0.309225 0.007770 -0.018584 -0.997701 -0.064712
1778755331.160672 -5.745497 -32.012978 0.310879 0.008885 -0.008676 -0.994776 -0.101328
1778755331.215721 -5.804729 -32.005516 0.309748 -0.003421 -0.006850 -0.991601 -0.129108
1778755331.270684 -5.868554 -31.988916 0.300919 -0.003089 -0.005084 -0.988383 -0.151864
1778755331.323112 -5.872037 -31.981806 0.305835 0.015562 -0.030395 -0.985911 -0.163749
1778755331.383766 -5.926702 -31.964146 0.315243 0.012383 -0.026567 -0.982588 -0.183470
1778755331.448250 -5.993247 -31.933657 0.317615 0.005797 -0.008954 -0.978814 -0.204473
1778755331.496767 -6.033377 -31.915262 0.303727 0.009528 -0.026916 -0.976477 -0.213724
1778755331.551726 -6.088022 -31.893002 0.308915 0.012236 -0.011727 -0.976472 -0.214977
1778755331.605268 -6.145405 -31.870295 0.313714 0.002441 -0.000563 -0.980677 -0.195616
1778755331.658649 -6.211977 -31.862209 0.312796 0.005879 0.020042 -0.986485 -0.162517
1778755331.714774 -6.225852 -31.851612 0.315945 0.003975 0.011548 -0.993060 -0.116973
1778755331.764784 -6.272865 -31.848339 0.316998 -0.000495 0.024727 -0.997598 -0.064710
1778755331.820636 -6.329526 -31.842562 0.286120 -0.015134 0.029569 -0.999434 -0.005237
1778755331.872263 -6.373594 -31.848862 0.303957 0.007745 0.048463 -0.997516 0.050538
1778755331.924557 -6.432896 -31.847820 0.303040 0.018090 0.050172 -0.991893 0.115341
1778755331.978287 -6.484746 -31.868935 0.305101 0.017519 0.040946 -0.981269 0.187423
1778755332.036472 -6.524933 -31.887451 0.311978 -0.020967 0.068369 -0.962480 0.261761
1778755332.085968 -6.570963 -31.904654 0.313491 -0.008204 0.058519 -0.942422 0.329163
1778755332.146113 -6.596124 -31.915663 0.285151 -0.022092 0.062464 -0.914425 0.399297
1778755332.194944 -6.580714 -31.929522 0.303975 -0.035900 0.096086 -0.879208 0.465265
1778755332.264818 -6.617403 -32.007290 0.310099 -0.009286 0.102254 -0.844376 0.525820
1778755332.302438 -6.643053 -32.043007 0.311026 0.004727 0.067433 -0.807006 0.586661
1778755332.364090 -6.653913 -32.070724 0.309381 -0.026781 0.057007 -0.763531 0.642692
1778755332.410979 -6.683724 -32.097263 0.306492 -0.030405 0.028274 -0.724913 0.687588
1778755332.455948 -6.684720 -32.136112 0.312177 -0.021180 0.036039 -0.692670 0.720043
1778755332.511592 -6.690577 -32.141731 0.278949 -0.030848 0.029233 -0.656180 0.753406
1778755332.563241 -6.647045 -32.149212 0.291885 -0.043393 0.025825 -0.615628 0.786418
1778755332.617489 -6.620498 -32.200245 0.308601 -0.026495 0.083465 -0.591878 0.801257
1778755332.705362 -6.613253 -32.243324 0.315243 -0.019034 0.080810 -0.574156 0.814526
1778755332.721613 -6.595717 -32.294273 0.313670 -0.015532 0.060569 -0.556428 0.828540
1778755332.775987 -6.567144 -32.339840 0.305462 -0.028437 0.052987 -0.541677 0.838433
1778755332.838755 -6.553783 -32.396141 0.307652 -0.014499 0.038122 -0.526254 0.849349
1778755332.893299 -6.529726 -32.442253 0.310922 -0.016667 0.028566 -0.515519 0.856240
1778755332.932630 -6.502057 -32.493202 0.293056 -0.026233 0.023022 -0.504326 0.862808
1778755332.988185 -6.515639 -32.459656 0.302512 -0.020786 0.039184 -0.499668 0.865081
1778755333.049933 -6.485391 -32.511250 0.309263 -0.020782 0.040997 -0.489592 0.870740
1778755333.097246 -6.446558 -32.565548 0.311059 -0.021141 0.036874 -0.466660 0.883415
1778755333.634945 -6.414390 -32.596443 0.307919 -0.034690 0.042719 -0.436010 0.898258
1778755333.656444 -6.399095 -32.627331 0.314006 -0.021018 0.029158 -0.392447 0.919072
1778755333.668148 -6.364896 -32.655643 0.315567 -0.029952 0.017102 -0.343898 0.938374
1778755333.734550 -6.322913 -32.691895 0.294027 -0.028811 -0.004092 -0.289494 0.956738
1778755333.746995 -6.343889 -32.680950 0.302452 -0.049404 0.027404 -0.236149 0.970073
1778755333.798631 -6.289852 -32.708065 0.316734 -0.063397 0.025566 -0.168664 0.983300
1778755333.823565 -6.235100 -32.724098 0.320549 -0.044408 0.019683 -0.100737 0.993727
1778755333.871621 -6.199356 -32.731800 0.312373 -0.067251 0.000020 -0.026094 0.997395
1778755333.897361 -6.113321 -32.742977 0.283083 -0.071823 0.000341 0.096906 0.992699
1778755333.936730 -6.116496 -32.731083 0.296556 -0.090400 0.001816 0.155522 0.983686
1778755333.966835 -6.069666 -32.721237 0.302494 -0.089507 0.028046 0.181813 0.978849
1778755333.976522 -6.016600 -32.705006 0.307545 -0.076490 0.021180 0.212101 0.974019
1778755334.017104 -5.962448 -32.673168 0.296397 -0.065068 0.016120 0.241309 0.968130
1778755334.036637 -5.942779 -32.662830 0.294885 -0.059392 -0.000562 0.261635 0.963338
1778755334.102093 -5.891185 -32.630077 0.303694 -0.050639 -0.009886 0.281634 0.958134
1778755334.108808 -5.852390 -32.599758 0.289634 -0.051779 -0.021972 0.295817 0.953587
1778755334.181147 -5.837410 -32.590897 0.296765 -0.042862 -0.011927 0.309591 0.949828
1778755334.188258 -5.803703 -32.563408 0.306993 -0.044429 -0.006793 0.314734 0.948115
1778755334.209200 -5.763144 -32.527206 0.310729 -0.043136 -0.014358 0.326195 0.944209
1778755334.259693 -5.717425 -32.482761 0.310222 -0.034623 -0.023909 0.337756 0.940293
1778755334.283872 -5.670913 -32.448936 0.301986 -0.017094 0.006543 0.348133 0.937267
1778755334.340078 -5.634425 -32.413467 0.308243 -0.020856 0.006272 0.355133 0.934562
1778755334.385197 -5.593585 -32.375217 0.313744 -0.021344 0.001138 0.358536 0.933271
1778755334.449088 -5.542584 -32.332806 0.306170 -0.023911 -0.007867 0.361554 0.932011
1778755334.491076 -5.520313 -32.312366 0.309562 -0.021854 0.005805 0.363111 0.931472
1778755334.541942 -5.479639 -32.271988 0.313806 -0.022838 -0.000810 0.364544 0.930906
1778755334.599774 -5.439875 -32.230782 0.315627 -0.022004 -0.012737 0.369847 0.928745
1778755334.658261 -5.389455 -32.176926 0.308129 -0.017614 -0.012950 0.373854 0.927230
1778755334.718160 -5.351966 -32.140301 0.315544 -0.017472 0.009668 0.378614 0.925339
1778755334.762449 -5.313426 -32.100117 0.320100 -0.014745 0.006866 0.380740 0.924539
1778755334.813744 -5.270475 -32.057308 0.320895 -0.019295 -0.006117 0.381124 0.924302
1778755334.868694 -5.234160 -32.023769 0.311665 -0.013156 0.003489 0.381669 0.924199
1778755334.922306 -5.197184 -31.983023 0.312945 -0.013825 0.001343 0.379784 0.924971
1778755334.971185 -5.159999 -31.943546 0.315038 -0.013790 -0.010137 0.382452 0.923817
1778755335.022501 -5.119753 -31.900253 0.316483 -0.010673 -0.016347 0.385664 0.922433
1778755335.072095 -5.084434 -31.866890 0.311610 -0.008488 0.000979 0.387639 0.921772
1778755335.126664 -5.042286 -31.819811 0.316600 -0.004191 0.011352 0.389367 0.921003
1778755335.182841 -5.003028 -31.780441 0.318610 -0.006343 0.004773 0.386812 0.922124
1778755335.237220 -4.948450 -31.734995 0.313045 -0.003910 0.004116 0.374770 0.927101
1778755335.291971 -4.936480 -31.711342 0.314938 -0.004151 0.000748 0.345439 0.938432
1778755335.355023 -4.896602 -31.674416 0.317756 -0.009917 -0.016602 0.321236 0.946802
1778755335.404849 -4.852213 -31.635592 0.316244 -0.005516 -0.033768 0.303099 0.952345
1778755335.448394 -4.797257 -31.600601 0.299487 0.012847 -0.015369 0.291845 0.956256
1778755335.510034 -4.754549 -31.569798 0.310099 0.012674 0.015663 0.282551 0.959041
1778755335.558738 -4.709161 -31.540451 0.318514 0.013616 0.010682 0.268630 0.963088
1778755335.611094 -4.659041 -31.515850 0.321505 0.007642 -0.002216 0.254953 0.966921
1778755335.663456 -4.620374 -31.495569 0.311710 0.007324 0.011220 0.243510 0.969806
1778755335.717103 -4.568059 -31.468117 0.309077 0.006753 0.010195 0.233223 0.972346
1778755335.771009 -4.521185 -31.443359 0.311635 0.002177 -0.004995 0.227692 0.973718
1778755335.822729 -4.461493 -31.413349 0.310766 0.003116 -0.011529 0.224599 0.974378
1778755335.878264 -4.409842 -31.387276 0.308736 0.001054 0.000057 0.221616 0.975134
1778755335.930805 -4.357585 -31.358673 0.313403 0.001547 0.005872 0.226030 0.974101
1778755335.982721 -4.317653 -31.335993 0.316386 -0.003307 0.000204 0.237116 0.971476
1778755336.040359 -4.245627 -31.294371 0.309389 -0.009610 -0.008368 0.267441 0.963490
1778755336.093199 -4.210939 -31.269192 0.311137 -0.025896 0.008106 0.286850 0.957591
1778755336.151269 -4.156024 -31.233032 0.313837 -0.023782 -0.000490 0.304222 0.952304
1778755336.204582 -4.104624 -31.196939 0.301613 -0.017664 -0.006241 0.321773 0.946632
1778755336.266316 -4.072395 -31.176416 0.304670 -0.019494 -0.008335 0.334089 0.942303
1778755336.318065 -4.025593 -31.141655 0.311379 -0.006810 -0.006943 0.337275 0.941356
1778755336.363979 -3.980981 -31.105400 0.314118 -0.019432 -0.017745 0.321559 0.946524
1778755336.416657 -3.930617 -31.081476 0.308459 0.001631 -0.004647 0.295283 0.955397
1778755336.474121 -3.897329 -31.036287 0.313105 -0.013813 -0.009592 0.253676 0.967143
1778755336.530446 -3.854834 -31.009781 0.309450 -0.013700 -0.017430 0.226475 0.973765
1778755336.579234 -3.809659 -30.984871 0.280759 -0.006609 -0.029383 0.204169 0.978472
1778755336.629422 -3.793622 -30.991323 0.294856 0.027094 0.011134 0.192474 0.980865
1778755336.690780 -3.745174 -30.969002 0.311792 0.039965 0.015568 0.168038 0.984847
1778755336.739403 -3.697780 -30.957012 0.321024 0.029575 0.004334 0.131623 0.990849
1778755336.792368 -3.638785 -30.955853 0.308639 0.027095 0.011297 0.091815 0.995343
1778755336.843696 -3.599128 -30.948004 0.310573 0.035521 0.003395 0.045418 0.998331
1778755336.891380 -3.556918 -30.940001 0.312858 0.021558 -0.001861 0.005047 0.999753
1778755336.950127 -3.509543 -30.940359 0.306488 0.018983 -0.012403 -0.032385 0.999218
1778755337.001091 -3.470122 -30.944839 0.303021 0.020367 -0.009673 -0.073255 0.997058
1778755337.055319 -3.435707 -30.949091 0.309317 0.030064 -0.003109 -0.112087 0.993239
1778755337.109481 -3.399812 -30.958487 0.316778 0.028937 -0.004188 -0.159044 0.986838
1778755337.166020 -3.361642 -30.969023 0.319110 0.015648 -0.002084 -0.209363 0.977711
1778755337.224301 -3.330377 -30.981607 0.313492 0.020752 -0.002549 -0.255720 0.966525
1778755337.269671 -3.307426 -30.987513 0.316928 0.004974 0.000347 -0.302900 0.953009
1778755337.328734 -3.292458 -30.993870 0.318504 0.002766 0.000624 -0.351197 0.936297
1778755337.382786 -3.275120 -31.004593 0.315528 0.001628 0.000481 -0.387817 0.921735
1778755337.437595 -3.262570 -31.016882 0.312000 0.005686 0.003471 -0.416910 0.908924
1778755337.490797 -3.253488 -31.028131 0.307941 0.009188 0.008030 -0.439846 0.897990
1778755337.542495 -3.247374 -31.037483 0.305492 -0.001877 0.007122 -0.458804 0.888507
1778755337.594888 -3.242090 -31.045853 0.304219 -0.006793 0.006784 -0.475596 0.879611
1778755337.648098 -3.240122 -31.052109 0.304972 -0.004848 0.006265 -0.486193 0.873816
1778755337.714289 -3.238388 -31.056631 0.306371 -0.000129 0.001539 -0.495302 0.868720
1778755337.755355 -3.238001 -31.057270 0.307176 -0.000405 0.002393 -0.506126 0.862456
1778755337.803290 -3.236096 -31.058823 0.307313 -0.003640 0.007255 -0.513128 0.858274
1778755337.861219 -3.235353 -31.061085 0.307052 -0.004847 0.010769 -0.517893 0.855364
1778755337.910022 -3.234068 -31.063122 0.304716 -0.005254 0.010724 -0.520264 0.853922
1778755337.963162 -3.232951 -31.065823 0.304102 -0.005258 0.010264 -0.520941 0.853515
1778755338.018651 -3.231806 -31.068220 0.304611 -0.006043 0.010999 -0.520314 0.853883
1778755338.076548 -3.230905 -31.069658 0.304961 -0.007739 0.011614 -0.519736 0.854213
1778755338.123352 -3.229872 -31.070147 0.305245 -0.008974 0.012111 -0.518887 0.854710
1778755338.180265 -3.228958 -31.069803 0.305654 -0.011059 0.012627 -0.517549 0.855489
1778755338.235949 -3.228245 -31.069298 0.305868 -0.012186 0.013083 -0.516152 0.856310
1778755338.289203 -3.227819 -31.068800 0.306095 -0.012961 0.012951 -0.515342 0.856789
1778755338.342363 -3.227556 -31.068516 0.306374 -0.014415 0.013442 -0.513972 0.857581
1778755338.391411 -3.227393 -31.068327 0.306500 -0.015603 0.013914 -0.512556 0.858399
1778755338.443301 -3.227239 -31.068083 0.306702 -0.017158 0.014298 -0.511029 0.859273
1778755338.507412 -3.227174 -31.067814 0.306817 -0.018052 0.014776 -0.509506 0.860151
1778755338.558583 -3.227199 -31.067497 0.306801 -0.018278 0.014848 -0.508454 0.860767
1778755338.611143 -3.227208 -31.066948 0.306934 -0.018990 0.014953 -0.507603 0.861252
1778755338.662874 -3.227051 -31.066389 0.307018 -0.019319 0.014953 -0.506463 0.861916
1778755338.714284 -3.226748 -31.065691 0.307167 -0.019776 0.014758 -0.505333 0.862572
1778755338.768817 -3.226389 -31.065022 0.307250 -0.020190 0.014716 -0.504105 0.863281
1778755338.822599 -3.226109 -31.064384 0.307352 -0.020663 0.014645 -0.502895 0.863977
1778755338.877150 -3.225953 -31.063768 0.307430 -0.021529 0.014345 -0.499636 0.865849
1778755338.926282 -3.225328 -31.063297 0.307536 -0.023288 0.014501 -0.491910 0.870214
1778755338.979416 -3.224135 -31.062918 0.307487 -0.024260 0.012291 -0.479440 0.877153
1778755339.033518 -3.222772 -31.062656 0.307153 -0.024577 0.009377 -0.462422 0.886270
1778755339.085835 -3.220319 -31.062601 0.306768 -0.025543 0.006093 -0.441716 0.896771
1778755339.141945 -3.217012 -31.063538 0.307304 -0.024517 0.003635 -0.410894 0.911346
1778755339.194788 -3.214310 -31.065720 0.310028 -0.022354 0.003872 -0.369621 0.928905
1778755339.247234 -3.209467 -31.068239 0.310322 -0.015889 0.002891 -0.319750 0.947364
1778755339.305101 -3.193757 -31.064310 0.313493 -0.025261 0.010084 -0.258860 0.965532
1778755339.352653 -3.180401 -31.065363 0.320219 -0.017038 0.011546 -0.193705 0.980844
1778755339.416572 -3.162891 -31.063068 0.323030 -0.009430 0.025409 -0.125533 0.991719
1778755339.462780 -3.156720 -31.060675 0.322842 -0.003008 0.030785 -0.049076 0.998316
1778755339.518294 -3.141574 -31.052147 0.321719 -0.000847 0.026653 0.025471 0.999320
1778755339.570442 -3.107869 -31.038296 0.318525 -0.000088 0.023714 0.095541 0.995143
1778755339.621706 -3.085155 -31.031540 0.309448 -0.005052 0.021612 0.150895 0.988301
1778755339.675465 -3.059263 -31.014927 0.318070 -0.023357 0.011739 0.193633 0.980726
1778755339.729427 -3.026452 -30.996515 0.322398 -0.024424 -0.008391 0.238824 0.970719
1778755339.786206 -2.987027 -30.970148 0.320206 -0.021419 -0.022240 0.273546 0.961363
1778755339.839844 -2.946377 -30.951269 0.311514 -0.015939 0.000780 0.299896 0.953838
1778755339.891676 -2.911682 -30.921312 0.312998 -0.015055 -0.000624 0.325220 0.945518
1778755339.946805 -2.879616 -30.892527 0.314981 -0.016162 -0.008939 0.343152 0.939098
1778755340.000903 -2.830806 -30.852377 0.317683 -0.024261 -0.018773 0.361502 0.931867
1778755340.059123 -2.821994 -30.846357 0.308963 -0.028650 -0.003972 0.379686 0.924663
1778755340.110045 -2.789455 -30.809324 0.314124 -0.033465 -0.007099 0.405119 0.913624
1778755340.164350 -2.756867 -30.766670 0.318095 -0.037418 -0.013244 0.443587 0.895352
1778755340.213943 -2.728182 -30.710012 0.314889 -0.031170 -0.008775 0.478370 0.877561
1778755340.262188 -2.705333 -30.673563 0.312166 -0.031730 -0.003440 0.508631 0.860393
1778755340.323664 -2.677792 -30.627043 0.313163 -0.024034 -0.006722 0.534889 0.844554
1778755340.373996 -2.658642 -30.576088 0.295586 -0.024240 -0.022001 0.555555 0.830835
1778755340.432079 -2.655871 -30.571650 0.301980 -0.035027 -0.015966 0.571140 0.819950
1778755340.482429 -2.637567 -30.519560 0.310182 -0.038423 -0.012907 0.581777 0.812338
1778755340.536337 -2.624505 -30.467026 0.313728 -0.032976 -0.021589 0.594841 0.802877
1778755340.602678 -2.607871 -30.397331 0.302942 -0.020767 -0.026599 0.608566 0.792785
1778755340.649205 -2.592557 -30.346130 0.308419 -0.028807 -0.012284 0.617951 0.785593
1778755340.703067 -2.583735 -30.286346 0.312955 -0.021443 -0.009528 0.625662 0.779742
1778755340.764606 -2.573507 -30.230055 0.315709 -0.019366 -0.015503 0.631157 0.775258
1778755340.804408 -2.556498 -30.165583 0.308675 -0.020266 -0.011781 0.637631 0.769985
1778755340.864825 -2.555946 -30.122038 0.311147 -0.024982 -0.002114 0.637838 0.769763
1778755340.908407 -2.545967 -30.062822 0.313253 -0.026177 -0.006739 0.642311 0.765968
1778755340.964219 -2.537126 -30.001884 0.312323 -0.020888 -0.012951 0.648113 0.761147
1778755341.017319 -2.530609 -29.940630 0.306297 -0.023391 -0.000506 0.651197 0.758548
1778755341.076690 -2.522668 -29.885328 0.309005 -0.022002 0.004438 0.653817 0.756320
1778755341.132328 -2.518725 -29.830208 0.311667 -0.017747 -0.006624 0.654552 0.755780
1778755341.172368 -2.514964 -29.770542 0.291650 -0.023465 -0.011881 0.655236 0.754967
1778755341.235776 -2.508819 -29.752020 0.299073 -0.007178 -0.002108 0.656114 0.754624
1778755341.281252 -2.506572 -29.699640 0.311621 -0.005825 -0.011541 0.656007 0.754644
1778755341.331230 -2.502470 -29.646074 0.314974 0.000975 -0.024913 0.659033 0.751701
1778755341.389184 -2.497533 -29.578539 0.308943 0.003352 -0.030920 0.661509 0.749292
1778755341.447374 -2.483578 -29.525637 0.309702 -0.006120 -0.002661 0.675533 0.737299
1778755341.501112 -2.483152 -29.465744 0.313731 -0.003745 -0.004063 0.696256 0.717773
1778755341.553548 -2.481717 -29.405729 0.316043 0.007062 -0.016385 0.716255 0.697611
1778755341.612025 -2.487959 -29.345797 0.305045 -0.004331 -0.025447 0.731126 0.681754
1778755341.660610 -2.488931 -29.304565 0.308386 -0.020141 -0.003804 0.741789 0.670321
1778755341.715419 -2.496392 -29.243263 0.314046 -0.019219 -0.010690 0.753027 0.657622
1778755341.767343 -2.506145 -29.181849 0.308683 -0.014137 -0.016490 0.763742 0.645156
1778755341.820276 -2.510991 -29.150026 0.305842 -0.015204 -0.023978 0.771261 0.635886
1778755341.879022 -2.519535 -29.090448 0.313101 -0.000793 -0.014267 0.779589 0.626129
1778755341.923413 -2.533992 -29.036837 0.319894 0.003077 -0.022780 0.783855 0.620519
1778755341.982035 -2.545019 -28.983257 0.324990 0.004877 -0.032819 0.787119 0.615908
1778755342.036132 -2.561809 -28.936522 0.312889 -0.022733 -0.010585 0.790638 0.611770
1778755342.086707 -2.575881 -28.874571 0.312037 -0.024101 -0.008726 0.792549 0.609269
1778755342.148170 -2.594936 -28.814796 0.312180 -0.018460 -0.015304 0.797074 0.603405
1778755342.191454 -2.615044 -28.746706 0.301238 -0.020352 -0.014535 0.799485 0.600166
1778755342.248310 -2.601895 -28.752163 0.305394 -0.014238 0.001641 0.803407 0.595258
1778755342.302680 -2.619963 -28.699097 0.311700 -0.011278 0.001974 0.805467 0.592530
1778755342.352580 -2.638342 -28.635685 0.315585 -0.010137 -0.010243 0.806433 0.591150
1778755342.414111 -2.645241 -28.620716 0.306852 -0.015517 -0.002437 0.806862 0.590531
1778755342.465130 -2.664322 -28.564482 0.311702 -0.017975 -0.007095 0.805346 0.592490
1778755342.522520 -2.686124 -28.505854 0.314477 -0.013634 -0.015702 0.812747 0.582245
1778755342.573873 -2.717994 -28.439903 0.310088 -0.014968 -0.012521 0.826316 0.562868
1778755342.621312 -2.714679 -28.432291 0.309089 -0.019043 -0.020220 0.846783 0.531214
1778755342.676820 -2.733009 -28.392706 0.311889 -0.010618 -0.021313 0.871175 0.490395
1778755342.723174 -2.757535 -28.357138 0.287443 -0.000030 -0.031414 0.891000 0.452915
1778755342.781069 -2.787518 -28.325375 0.292463 -0.010525 -0.048104 0.908490 0.414995
1778755342.836779 -2.814120 -28.292088 0.304114 -0.022386 -0.030646 0.920655 0.388528
1778755342.885504 -2.855651 -28.252583 0.312317 -0.017457 -0.039085 0.931449 0.361345
1778755342.940428 -2.906074 -28.208504 0.300859 -0.009383 -0.035775 0.941216 0.335776
1778755342.993494 -2.943619 -28.177111 0.308869 -0.014073 -0.028213 0.947882 0.317059
1778755343.056400 -2.990330 -28.137373 0.312166 -0.002672 -0.020221 0.953558 0.300518
1778755343.102643 -3.041276 -28.103191 0.315809 0.006168 -0.030940 0.957097 0.288046
1778755343.151534 -3.094431 -28.069633 0.301386 0.005022 -0.036116 0.960149 0.277102
1778755343.207437 -3.099495 -28.068295 0.307596 -0.019896 -0.033211 0.961227 0.273027
1778755343.266513 -3.151651 -28.038820 0.313530 -0.017643 -0.032865 0.963294 0.265846
1778755343.327478 -3.207996 -28.008636 0.315291 -0.005012 -0.031986 0.966139 0.255983
1778755343.366564 -3.263865 -27.980316 0.307067 -0.008210 -0.028500 0.968147 0.248619
1778755343.417586 -3.284397 -27.963566 0.307946 -0.005531 -0.018117 0.970215 0.241502
1778755343.477924 -3.333998 -27.936852 0.311633 0.006356 -0.019472 0.970750 0.239217
1778755343.537930 -3.396904 -27.901154 0.309055 0.011322 -0.021295 0.971528 0.235692
1778755343.585940 -3.415814 -27.891161 0.307814 0.003068 -0.008201 0.971916 0.235167
1778755343.635433 -3.474403 -27.860535 0.307450 0.004502 -0.013450 0.972640 0.231886
1778755343.693601 -3.530616 -27.831007 0.309581 0.012870 -0.011362 0.974016 0.225829
1778755343.739858 -3.585694 -27.809874 0.304365 0.004605 -0.018722 0.974366 0.224144
1778755343.793551 -3.604166 -27.791161 0.306301 0.004668 0.002426 0.976066 0.217409
1778755343.847872 -3.661833 -27.762276 0.313051 0.013313 0.000694 0.975517 0.219519
1778755343.897756 -3.718381 -27.729952 0.319827 0.019861 -0.006537 0.975083 0.220851
1778755343.952658 -3.714199 -27.737597 0.302016 0.001455 -0.003205 0.975254 0.221058
1778755344.005369 -3.757420 -27.712925 0.309124 -0.003900 -0.001464 0.974897 0.222619
1778755344.058171 -3.818115 -27.685030 0.315290 0.001899 -0.011191 0.977950 0.208529
1778755344.119069 -3.874351 -27.669340 0.303470 -0.006420 -0.009821 0.982880 0.183872
1778755344.165569 -3.880383 -27.675953 0.309644 -0.001036 -0.028636 0.988906 0.145756
1778755344.222179 -3.928911 -27.659447 0.317465 0.003820 -0.024850 0.994804 0.098657
1778755344.275334 -3.986372 -27.651241 0.320226 0.014975 -0.029466 0.997761 0.058135
1778755344.336881 -4.035504 -27.647001 0.309856 0.005303 -0.052778 0.998298 0.024231
1778755344.382821 -4.093657 -27.638655 0.312523 -0.018199 -0.045624 0.998758 -0.008414
1778755344.435422 -4.152314 -27.643612 0.320130 -0.013050 -0.051037 0.996908 -0.058307
1778755344.486312 -4.208515 -27.664196 0.313983 -0.008505 -0.051661 0.991940 -0.115390
1778755344.543184 -4.246286 -27.675272 0.315516 0.009611 -0.058140 0.981832 -0.180371
1778755344.598841 -4.298552 -27.690273 0.315321 0.017766 -0.059733 0.966062 -0.250681
1778755344.657712 -4.326982 -27.699589 0.284628 0.029759 -0.054353 0.946973 -0.315282
1778755344.705359 -4.335662 -27.745836 0.307176 0.022274 -0.079601 0.923300 -0.375080
1778755344.771312 -4.387134 -27.772436 0.308308 -0.001634 -0.074722 0.898650 -0.432253
1778755344.812726 -4.414320 -27.768705 0.301514 -0.018870 -0.061588 0.871384 -0.486355
1778755344.869469 -4.431388 -27.791128 0.309315 0.017960 -0.078978 0.839728 -0.536932
1778755344.920310 -4.462557 -27.804157 0.315851 0.021961 -0.054325 0.805604 -0.589549
1778755344.972678 -4.475060 -27.827173 0.319666 0.027844 -0.057182 0.769954 -0.634922
1778755345.035303 -4.488681 -27.851669 0.303923 0.034168 -0.054531 0.730100 -0.680304
1778755345.082537 -4.490733 -27.883636 0.310157 0.029419 -0.051790 0.689820 -0.721527
1778755345.132876 -4.490850 -27.901020 0.314553 0.022048 -0.053116 0.655836 -0.752709
1778755345.185808 -4.488050 -27.913441 0.321619 0.030040 -0.051273 0.615364 -0.786000
1778755345.257096 -4.485618 -27.929638 0.322281 0.038718 -0.054379 0.571964 -0.817558
1778755345.296747 -4.484894 -27.950520 0.318070 0.019073 -0.045312 0.521842 -0.851625
1778755345.348357 -4.480896 -27.960751 0.320777 0.022532 -0.045086 0.479305 -0.876200
1778755345.406085 -4.477595 -27.972210 0.322950 0.021484 -0.040308 0.434831 -0.899353
1778755345.456351 -4.471306 -27.983500 0.320975 0.014568 -0.021097 0.378882 -0.925090
1778755345.513683 -4.457323 -27.994534 0.324687 0.019265 -0.039554 0.320944 -0.946076
1778755345.565381 -4.446362 -28.003170 0.322676 0.006228 -0.040185 0.269444 -0.962157
1778755345.617444 -4.427057 -28.008522 0.316170 -0.008403 -0.041002 0.224111 -0.973665
1778755345.675592 -4.401174 -28.012247 0.310009 -0.015859 -0.037107 0.180256 -0.982792
1778755345.722278 -4.365808 -28.019598 0.301081 -0.013655 -0.032565 0.143241 -0.989058
1778755345.786337 -4.340452 -28.019705 0.304180 -0.004432 -0.036918 0.123591 -0.991636
1778755345.827243 -4.305804 -28.020918 0.312663 0.015748 -0.025277 0.100023 -0.994539
1778755345.877991 -4.268117 -28.020527 0.316135 0.022977 -0.000011 0.075214 -0.996903
1778755345.939861 -4.215076 -28.020782 0.307566 0.022630 0.014864 0.052704 -0.998243
1778755345.987159 -4.161506 -28.025110 0.308346 0.001249 -0.018678 0.030202 -0.999368
1778755346.041873 -4.112415 -28.020618 0.312823 -0.001250 -0.027377 0.016952 -0.999481
1778755346.092619 -4.059386 -28.021505 0.315919 0.006279 -0.029131 0.023225 -0.999286
1778755346.147678 -4.003908 -28.031836 0.310795 0.006300 -0.026140 0.043421 -0.998695
1778755346.198970 -3.960568 -28.030239 0.309701 0.008150 -0.019787 0.074951 -0.996958
1778755346.250115 -3.915010 -28.037096 0.309616 0.014798 -0.016551 0.117270 -0.992852
1778755346.301579 -3.870454 -28.046099 0.293240 0.020714 -0.000146 0.159908 -0.986915
1778755346.359404 -3.829733 -28.078302 0.302622 -0.022221 -0.004351 0.208016 -0.977863
1778755346.412176 -3.780348 -28.097765 0.316251 -0.035438 -0.011199 0.250798 -0.967326
1778755346.471093 -3.737499 -28.122873 0.322035 -0.021350 -0.007781 0.294318 -0.955437
1778755346.529992 -3.688740 -28.155392 0.313832 -0.025628 -0.018570 0.328304 -0.944042
1778755346.582847 -3.653023 -28.179544 0.312174 -0.030376 -0.009792 0.356295 -0.933829
1778755346.637207 -3.614230 -28.212971 0.313851 -0.018647 -0.003655 0.380424 -0.924617
1778755346.686954 -3.574205 -28.250128 0.300622 -0.013292 0.002571 0.398091 -0.917246
1778755346.733035 -3.545019 -28.291428 0.306491 -0.027477 -0.002949 0.416803 -0.908577
1778755346.785687 -3.500919 -28.338465 0.315099 -0.048618 -0.007778 0.439724 -0.896782
1778755346.839903 -3.468354 -28.384712 0.318261 -0.036460 -0.010853 0.469393 -0.882170
1778755346.890825 -3.444097 -28.439182 0.307856 -0.034152 -0.022764 0.493646 -0.868694
1778755346.950457 -3.430182 -28.466843 0.307854 -0.035680 -0.019421 0.515548 -0.855897
1778755347.003949 -3.396621 -28.522211 0.309100 -0.022536 -0.012324 0.531195 -0.846860
1778755347.052108 -3.370444 -28.576517 0.307736 -0.012534 -0.004143 0.541433 -0.840640
1778755347.105729 -3.359254 -28.618034 0.302655 -0.019105 -0.011946 0.550525 -0.834515
1778755347.158245 -3.332722 -28.678284 0.312963 -0.034617 -0.008090 0.554226 -0.831607
1778755347.210819 -3.314161 -28.728251 0.316748 -0.025133 -0.005901 0.563482 -0.825725
1778755347.265261 -3.296350 -28.791916 0.307695 -0.015114 -0.005832 0.572766 -0.819559
1778755347.335194 -3.291663 -28.805620 0.310899 -0.020800 -0.025160 0.580950 -0.813285
1778755347.372252 -3.275379 -28.857750 0.313213 -0.013993 -0.024882 0.589895 -0.806975
1778755347.426592 -3.256683 -28.911106 0.312060 0.005498 -0.017175 0.602734 -0.797739
1778755347.481560 -3.237718 -28.978067 0.301259 0.012930 -0.011070 0.620365 -0.784128
1778755347.538323 -3.233695 -29.024538 0.311940 -0.024097 -0.011180 0.633288 -0.773460
1778755347.598021 -3.220556 -29.081131 0.318410 -0.023044 -0.014670 0.647524 -0.761555
1778755347.643124 -3.214219 -29.138922 0.318373 -0.012484 -0.019047 0.659972 -0.750945
1778755347.701817 -3.212376 -29.188538 0.307354 -0.032284 -0.002511 0.667010 -0.744345
1778755347.761563 -3.200247 -29.249672 0.312943 -0.013024 -0.007431 0.679904 -0.733148
1778755347.810149 -3.194709 -29.307766 0.314617 0.001882 -0.000761 0.684523 -0.728989
1778755347.865306 -3.187254 -29.378057 0.304357 0.005503 -0.001085 0.688364 -0.725343
1778755347.915102 -3.188753 -29.431433 0.313970 -0.030374 -0.007221 0.690131 -0.723011
1778755347.975467 -3.186758 -29.487349 0.319199 -0.034596 -0.007207 0.695007 -0.718134
1778755348.030437 -3.186858 -29.548445 0.317819 -0.022603 -0.011710 0.699490 -0.714189
1778755348.081916 -3.187270 -29.594656 0.308490 -0.028089 -0.007294 0.702714 -0.710880
1778755348.133657 -3.186367 -29.652225 0.312803 -0.017942 -0.012614 0.705850 -0.708022
1778755348.185425 -3.185843 -29.710373 0.314224 -0.003245 -0.008567 0.706245 -0.707908
1778755348.243411 -3.183999 -29.785280 0.306415 0.000032 -0.009132 0.706503 -0.707651
1778755348.291726 -3.184620 -29.827694 0.310928 -0.014056 -0.015532 0.706524 -0.707379
1778755348.345273 -3.184238 -29.885712 0.315830 -0.016802 -0.010556 0.706937 -0.706998
1778755348.401630 -3.183859 -29.950176 0.316058 -0.004828 -0.011274 0.709403 -0.704696
1778755348.450081 -3.186423 -29.995073 0.308240 -0.009756 -0.018048 0.710819 -0.703076
1778755348.521962 -3.184675 -30.015835 0.308754 -0.012558 -0.015183 0.713678 -0.700197
1778755348.564881 -3.183389 -30.068565 0.310354 0.001275 -0.006519 0.712766 -0.701371
1778755348.611159 -3.182724 -30.132702 0.300909 0.009279 0.001889 0.710743 -0.703388
1778755348.668302 -3.186394 -30.188835 0.304305 -0.009258 -0.005003 0.709847 -0.704278
1778755348.721679 -3.185761 -30.248308 0.310721 -0.017111 -0.001461 0.708987 -0.705013
1778755348.776029 -3.185895 -30.305880 0.313579 -0.009068 -0.001347 0.710984 -0.703149
1778755348.831715 -3.189474 -30.376358 0.305759 -0.002880 -0.007946 0.711953 -0.702176
1778755348.879171 -3.186265 -30.390299 0.309571 -0.012183 -0.020907 0.715400 -0.698297
1778755348.953892 -3.186200 -30.445309 0.312010 -0.003967 -0.015845 0.716215 -0.697688
1778755348.989923 -3.185468 -30.514025 0.312704 0.007261 -0.005998 0.713805 -0.700281
1778755349.040561 -3.191781 -30.571947 0.308542 -0.002803 -0.007630 0.712769 -0.701352
1778755349.099752 -3.190120 -30.619610 0.313391 -0.011818 -0.008840 0.710420 -0.703624
1778755349.173546 -3.190575 -30.675068 0.317153 -0.005952 -0.004931 0.711878 -0.702261
1778755349.224100 -3.193486 -30.740419 0.311200 0.005547 -0.006474 0.713268 -0.700840
1778755349.255136 -3.193427 -30.745647 0.307469 -0.007511 -0.012315 0.714477 -0.699510
1778755349.312167 -3.193732 -30.798630 0.309560 -0.003150 -0.008848 0.714751 -0.699316
1778755349.368536 -3.194734 -30.854738 0.311437 0.006162 -0.004113 0.710293 -0.703867
1778755349.449053 -3.192341 -30.925640 0.305348 -0.002300 -0.005466 0.701990 -0.712163
1778755349.470314 -3.195035 -30.962683 0.311989 0.001661 -0.014216 0.687485 -0.726058
1778755349.523774 -3.191696 -31.005524 0.316532 -0.002282 -0.010804 0.673335 -0.739256
1778755349.576477 -3.182422 -31.053839 0.317067 0.007483 -0.009294 0.655439 -0.755154
1778755349.630251 -3.174217 -31.108053 0.309180 0.007130 -0.014606 0.631075 -0.775552
1778755349.681715 -3.180190 -31.103340 0.311462 0.002804 -0.023229 0.609232 -0.792647
1778755349.733676 -3.171543 -31.137638 0.320298 0.008110 -0.027107 0.581818 -0.812827
1778755349.788601 -3.164204 -31.174181 0.318120 0.006922 -0.029303 0.549778 -0.834768
1778755349.842565 -3.153264 -31.204020 0.311421 0.016766 -0.033091 0.514563 -0.856650
1778755349.896379 -3.152649 -31.227154 0.311780 0.022820 -0.027344 0.480921 -0.876040
1778755349.951766 -3.147809 -31.244202 0.316334 0.019008 -0.032663 0.453389 -0.890511
1778755350.002717 -3.136698 -31.258455 0.316064 0.018277 -0.033684 0.428002 -0.902965
1778755350.055622 -3.125787 -31.269907 0.313734 0.016179 -0.038438 0.399828 -0.915641
1778755350.110039 -3.116685 -31.278614 0.310625 0.010244 -0.029692 0.370905 -0.928140
1778755350.162340 -3.107295 -31.287504 0.308456 0.011533 -0.022791 0.336374 -0.941382
1778755350.214953 -3.107697 -31.293539 0.308638 0.013412 -0.022713 0.305199 -0.951923
1778755350.269919 -3.102050 -31.298676 0.311153 0.012175 -0.024197 0.279892 -0.959649
1778755350.324554 -3.095138 -31.302244 0.312164 0.011338 -0.023139 0.256582 -0.966179
1778755350.378675 -3.089371 -31.305105 0.309965 0.012651 -0.018312 0.237783 -0.971063
1778755350.428302 -3.083383 -31.307760 0.307599 0.010751 -0.016170 0.221968 -0.974861
1778755350.488368 -3.078085 -31.310329 0.306704 0.011497 -0.014319 0.207822 -0.977994
1778755350.534995 -3.072890 -31.312710 0.307161 0.012377 -0.013215 0.196666 -0.980303
1778755350.599687 -3.069614 -31.315281 0.308589 0.011714 -0.010378 0.191882 -0.981293
1778755350.649575 -3.069023 -31.317022 0.308920 0.008664 -0.008436 0.183691 -0.982910
1778755350.702391 -3.066128 -31.317690 0.308183 -0.000577 -0.002354 0.175296 -0.984513
1778755350.757377 -3.062815 -31.316143 0.307659 -0.003673 -0.005515 0.164527 -0.986350
1778755350.805943 -3.061641 -31.313980 0.305188 -0.005837 -0.004422 0.159176 -0.987223
1778755350.861376 -3.060223 -31.311443 0.304738 -0.005541 -0.004361 0.155294 -0.987843
1778755350.914640 -3.060030 -31.310055 0.304999 -0.006561 -0.003314 0.151059 -0.988497
1778755350.964099 -3.060191 -31.309589 0.305091 -0.007245 -0.002725 0.148494 -0.988883
1778755351.021122 -3.060482 -31.309427 0.305198 -0.007582 -0.002486 0.147820 -0.988982
1778755351.071249 -3.060632 -31.309336 0.305218 -0.007625 -0.002453 0.147926 -0.988966
1778755351.126575 -3.060651 -31.309225 0.305210 -0.007532 -0.002479 0.147947 -0.988964
1778755351.189241 -3.060607 -31.309113 0.305198 -0.007464 -0.002559 0.147972 -0.988960
1778755351.238604 -3.060642 -31.309038 0.305201 -0.007416 -0.002593 0.148091 -0.988943
1778755351.295993 -3.060732 -31.308994 0.305189 -0.007406 -0.002675 0.148187 -0.988928
1778755351.341443 -3.060807 -31.308863 0.305187 -0.007351 -0.002772 0.148356 -0.988903
1778755351.396634 -3.060890 -31.308720 0.305176 -0.007217 -0.002848 0.148601 -0.988867
1778755351.447584 -3.061034 -31.308632 0.305159 -0.007132 -0.002857 0.148600 -0.988868
1778755351.503847 -3.061130 -31.308537 0.305159 -0.007027 -0.002905 0.148639 -0.988862
1778755351.556924 -3.061230 -31.308493 0.305546 -0.006990 -0.002953 0.148817 -0.988836
1778755351.610062 -3.061353 -31.308405 0.305516 -0.006917 -0.003052 0.148933 -0.988819
1778755351.675607 -3.061514 -31.308290 0.305475 -0.006796 -0.003140 0.149099 -0.988794
1778755351.715302 -3.061766 -31.308119 0.305741 -0.006621 -0.003223 0.149107 -0.988794
1778755351.770033 -3.062005 -31.307972 0.305840 -0.006526 -0.003283 0.149030 -0.988806
1778755351.825761 -3.062287 -31.307846 0.305881 -0.006464 -0.003325 0.149110 -0.988794
1778755351.884771 -3.062567 -31.307728 0.305898 -0.006401 -0.003384 0.149152 -0.988788
1778755351.932622 -3.062821 -31.307592 0.305907 -0.006286 -0.003418 0.149170 -0.988786
1778755351.982321 -3.063054 -31.307432 0.305916 -0.006150 -0.003458 0.149096 -0.988798
1778755352.041202 -3.063290 -31.307314 0.305921 -0.006092 -0.003435 0.149157 -0.988789
1778755352.117353 -3.063479 -31.307238 0.305923 -0.006067 -0.003505 0.149286 -0.988769
1778755352.160074 -3.063643 -31.307144 0.305926 -0.005984 -0.003552 0.149272 -0.988772
1778755352.197152 -3.063762 -31.307001 0.305929 -0.005824 -0.003567 0.149275 -0.988772
1778755352.247964 -3.063812 -31.306910 0.305933 -0.005705 -0.003551 0.149322 -0.988766
1778755352.303104 -3.063821 -31.306894 0.305934 -0.005715 -0.003614 0.149443 -0.988747
1778755352.363144 -3.063824 -31.306887 0.305933 -0.005684 -0.003645 0.149438 -0.988748
1778755352.413575 -3.063863 -31.306818 0.305936 -0.005601 -0.003655 0.149410 -0.988753
1778755352.467641 -3.063821 -31.306713 0.305940 -0.005451 -0.003731 0.149389 -0.988756
1778755352.516556 -3.063829 -31.306747 0.305941 -0.005487 -0.003727 0.149469 -0.988744
