# raw base_link odometry (TUM format), robot's own estimator
1779361431.117045 -11.453676 18.374937 0.047188 0.025813 -0.028378 0.735614 0.676314
1779361431.129791 -11.453730 18.374907 0.047428 0.025490 -0.028425 0.735649 0.676287
1779361431.139077 -11.453794 18.374878 0.047623 0.025133 -0.028435 0.735634 0.676315
1779361431.141433 -11.453826 18.374863 0.047842 0.024501 -0.028056 0.735504 0.676495
1779361431.194155 -11.453808 18.374849 0.048095 0.023646 -0.027549 0.735434 0.676624
1779361431.196069 -11.453818 18.374866 0.048447 0.022705 -0.026756 0.735237 0.676901
1779361431.212233 -11.453864 18.374889 0.048790 0.021799 -0.026108 0.735129 0.677074
1779361431.213778 -11.453882 18.374928 0.049146 0.020803 -0.025229 0.735007 0.677271
1779361431.235344 -11.454011 18.374350 0.050457 0.019323 -0.024746 0.734818 0.677538
1779361431.255579 -11.454522 18.372246 0.055772 0.014893 -0.026485 0.734486 0.677943
1779361431.308436 -11.455231 18.367790 0.066604 0.011320 -0.027491 0.733768 0.678750
1779361431.362098 -11.455441 18.361626 0.082619 0.014509 -0.031588 0.734200 0.678043
1779361431.416226 -11.455373 18.355270 0.103787 0.018534 -0.033711 0.733882 0.678187
1779361431.468883 -11.455530 18.350695 0.128149 0.018653 -0.032833 0.733376 0.678774
1779361431.525204 -11.455999 18.349360 0.152779 0.015078 -0.029181 0.732739 0.679717
1779361431.575507 -11.456733 18.350195 0.178087 0.010121 -0.024249 0.732295 0.680480
1779361431.629941 -11.457685 18.352461 0.202609 0.005436 -0.020463 0.731659 0.681342
1779361431.683964 -11.458633 18.356207 0.221604 0.001351 -0.016808 0.731119 0.682042
1779361431.736007 -11.459665 18.360403 0.246957 -0.001599 -0.014437 0.730066 0.683222
1779361431.789602 -11.460734 18.365015 0.269479 -0.004136 -0.012710 0.729154 0.684219
1779361431.841424 -11.461624 18.369246 0.289109 -0.005718 -0.011371 0.728060 0.685395
1779361431.895385 -11.462135 18.373920 0.307536 -0.006420 -0.010957 0.726749 0.686786
1779361431.951346 -11.462522 18.379343 0.314454 -0.007110 -0.010068 0.726190 0.687384
1779361432.002192 -11.462432 18.384153 0.317173 -0.009459 -0.007204 0.725866 0.687733
1779361432.055648 -11.462147 18.387106 0.320713 -0.010577 -0.005379 0.725776 0.687829
1779361432.121326 -11.461801 18.387728 0.321800 -0.010641 -0.004647 0.725630 0.687987
1779361432.164979 -11.461659 18.386793 0.322168 -0.010488 -0.004738 0.725353 0.688281
1779361432.216069 -11.461719 18.384794 0.322257 -0.010320 -0.005253 0.725380 0.688251
1779361432.268295 -11.461781 18.382662 0.322292 -0.010146 -0.005731 0.725846 0.687759
1779361432.322130 -11.461848 18.381336 0.321089 -0.009890 -0.006091 0.726235 0.687349
1779361432.376926 -11.461816 18.380838 0.321843 -0.009715 -0.006218 0.726085 0.687508
1779361432.428939 -11.461822 18.381029 0.322182 -0.009703 -0.006190 0.725769 0.687842
1779361432.482259 -11.461865 18.381592 0.322278 -0.009775 -0.006167 0.725715 0.687898
1779361432.535375 -11.461897 18.382189 0.322337 -0.009895 -0.006066 0.725652 0.687965
1779361432.600101 -11.461909 18.382462 0.322352 -0.009918 -0.006032 0.725543 0.688079
1779361432.645349 -11.461906 18.382509 0.322358 -0.009979 -0.006026 0.725608 0.688009
1779361432.698859 -11.461902 18.382374 0.322353 -0.009952 -0.006074 0.725754 0.687856
1779361432.751467 -11.461885 18.382269 0.322360 -0.009904 -0.006083 0.725740 0.687871
1779361432.807230 -11.461876 18.382298 0.322316 -0.009920 -0.006039 0.725683 0.687931
1779361432.858407 -11.461858 18.382303 0.321845 -0.009907 -0.006028 0.725686 0.687929
1779361432.911942 -11.461855 18.382359 0.322231 -0.009962 -0.005984 0.725708 0.687905
1779361432.965640 -11.461857 18.382305 0.322291 -0.009901 -0.006038 0.725705 0.687909
1779361433.020472 -11.461847 18.382269 0.322321 -0.009859 -0.006068 0.725688 0.687927
1779361433.071675 -11.461813 18.382265 0.322343 -0.009835 -0.006032 0.725686 0.687929
1779361433.125196 -11.461845 18.382271 0.321386 -0.009870 -0.006051 0.725714 0.687899
1779361433.178664 -11.461884 18.382288 0.322053 -0.009928 -0.006077 0.725710 0.687903
1779361433.232074 -11.461824 18.382299 0.322280 -0.009855 -0.006001 0.725669 0.687947
1779361433.286156 -11.461787 18.382317 0.322348 -0.009822 -0.005964 0.725667 0.687950
1779361433.343714 -11.461784 18.382307 0.322356 -0.009858 -0.005950 0.725745 0.687868
1779361433.395363 -11.461831 18.382298 0.321436 -0.009880 -0.006012 0.725760 0.687850
1779361433.452173 -11.461811 18.382315 0.321128 -0.009869 -0.005988 0.725713 0.687901
1779361433.507458 -11.461764 18.382347 0.321956 -0.009850 -0.005921 0.725642 0.687976
1779361433.559431 -11.461553 18.378567 0.321119 -0.010237 -0.008047 0.726018 0.687552
1779361433.612259 -11.460853 18.379133 0.321301 -0.009593 -0.010066 0.727743 0.685709
1779361433.670353 -11.462286 18.376923 0.319710 -0.012581 -0.011350 0.730401 0.682808
1779361433.722197 -11.463126 18.374805 0.313456 -0.016811 -0.010636 0.733166 0.679759
1779361433.772312 -11.463411 18.374464 0.311583 -0.019532 -0.011659 0.734779 0.677925
1779361433.825969 -11.463542 18.375717 0.310640 -0.021012 -0.012386 0.736340 0.676173
1779361433.878530 -11.463681 18.377743 0.311509 -0.022373 -0.012568 0.737376 0.674995
1779361433.932119 -11.463914 18.379953 0.316122 -0.022886 -0.012595 0.737892 0.674413
1779361433.991515 -11.464215 18.381800 0.316875 -0.023184 -0.012558 0.738183 0.674085
1779361434.038504 -11.464408 18.383327 0.316987 -0.023438 -0.012440 0.738442 0.673795
1779361434.091716 -11.464519 18.384455 0.317418 -0.023440 -0.012311 0.738792 0.673414
1779361434.147095 -11.464548 18.385244 0.317095 -0.023353 -0.012219 0.738972 0.673221
1779361434.197857 -11.464497 18.385746 0.316920 -0.023353 -0.012185 0.739110 0.673069
1779361434.251944 -11.464569 18.386084 0.316800 -0.023402 -0.012253 0.739316 0.672840
1779361434.305892 -11.464556 18.386332 0.316689 -0.023371 -0.012230 0.739609 0.672520
1779361434.360289 -11.464501 18.386526 0.316586 -0.023328 -0.012182 0.739772 0.672343
1779361434.425120 -11.464464 18.386683 0.316540 -0.023329 -0.012171 0.739789 0.672324
1779361434.466658 -11.464462 18.386873 0.316523 -0.023285 -0.012190 0.739878 0.672227
1779361434.518719 -11.464569 18.387138 0.316508 -0.023317 -0.012141 0.740061 0.672026
1779361434.574982 -11.464598 18.387415 0.316484 -0.023311 -0.012108 0.740132 0.671948
1779361434.636271 -11.464496 18.387587 0.316420 -0.023185 -0.012079 0.740131 0.671954
1779361434.682109 -11.464527 18.387888 0.316378 -0.023070 -0.012063 0.740320 0.671750
1779361434.731263 -11.464533 18.388138 0.316383 -0.023040 -0.012036 0.740382 0.671684
1779361434.785953 -11.464526 18.388369 0.316344 -0.023000 -0.012002 0.740395 0.671671
1779361434.846594 -11.464572 18.388685 0.316326 -0.022948 -0.011965 0.740509 0.671548
1779361434.891385 -11.464546 18.388962 0.316294 -0.022877 -0.011906 0.740527 0.671531
1779361435.009974 -11.464594 18.389334 0.316258 -0.022950 -0.011861 0.740550 0.671505
1779361435.016449 -11.464643 18.389677 0.316263 -0.022962 -0.011888 0.740502 0.671556
1779361435.053569 -11.464630 18.389969 0.316251 -0.022937 -0.011866 0.740525 0.671533
1779361435.111515 -11.464622 18.390282 0.316203 -0.022846 -0.011799 0.740586 0.671469
1779361435.158576 -11.464626 18.390587 0.316176 -0.022783 -0.011775 0.740665 0.671385
1779361435.214433 -11.464674 18.390936 0.316135 -0.022780 -0.011729 0.740700 0.671348
1779361435.270712 -11.464669 18.391159 0.316092 -0.022748 -0.011718 0.740743 0.671302
1779361435.324441 -11.464689 18.391354 0.316097 -0.022634 -0.011659 0.740902 0.671131
1779361435.375568 -11.464645 18.391518 0.316086 -0.022607 -0.011615 0.740863 0.671175
1779361435.428469 -11.464670 18.391659 0.316076 -0.022562 -0.011615 0.740882 0.671155
1779361435.483185 -11.464670 18.391756 0.316071 -0.022530 -0.011658 0.740881 0.671157
1779361435.590409 -11.464629 18.391922 0.316096 -0.022469 -0.011587 0.740864 0.671179
1779361435.593135 -11.464628 18.392143 0.316051 -0.022449 -0.011531 0.740957 0.671078
1779361435.642730 -11.464684 18.392321 0.316042 -0.022458 -0.011524 0.740980 0.671053
1779361435.696044 -11.464701 18.392479 0.316036 -0.022471 -0.011560 0.740955 0.671079
1779361435.748439 -11.464702 18.392626 0.316005 -0.022425 -0.011565 0.740959 0.671076
1779361435.804083 -11.464646 18.392647 0.315980 -0.022441 -0.011530 0.740896 0.671146
1779361435.855874 -11.464682 18.392717 0.315990 -0.022444 -0.011528 0.740965 0.671070
1779361435.909335 -11.464727 18.392708 0.316009 -0.022450 -0.011579 0.740982 0.671049
1779361435.965124 -11.464723 18.392675 0.316034 -0.022453 -0.011622 0.740953 0.671081
1779361436.015198 -11.464686 18.392731 0.316001 -0.022459 -0.011569 0.740943 0.671092
1779361436.068541 -11.464697 18.392742 0.315966 -0.022479 -0.011576 0.740939 0.671096
1779361436.121907 -11.464730 18.392775 0.315984 -0.022469 -0.011562 0.741015 0.671013
1779361436.176064 -11.464747 18.392733 0.315990 -0.022481 -0.011594 0.740994 0.671035
1779361436.229481 -11.464671 18.392733 0.315954 -0.022483 -0.011543 0.740932 0.671105
1779361436.281602 -11.464648 18.392748 0.315942 -0.022397 -0.011518 0.740993 0.671040
1779361436.336726 -11.464701 18.392714 0.315975 -0.022376 -0.011608 0.741043 0.670984
1779361436.392270 -11.464753 18.392731 0.315996 -0.022413 -0.011644 0.741067 0.670956
1779361436.443097 -11.464746 18.392807 0.315999 -0.022428 -0.011604 0.741097 0.670923
1779361436.491533 -11.464711 18.392794 0.316012 -0.022392 -0.011606 0.741075 0.670948
1779361436.545082 -11.464738 18.392862 0.316018 -0.022407 -0.011618 0.741111 0.670908
1779361436.599760 -11.464787 18.392860 0.316013 -0.022378 -0.011641 0.741170 0.670843
1779361436.651822 -11.464796 18.392864 0.316022 -0.022405 -0.011684 0.741159 0.670854
1779361436.705533 -11.464714 18.392887 0.316027 -0.022358 -0.011637 0.741147 0.670870
1779361436.758514 -11.465026 18.394438 0.315417 -0.021564 -0.011701 0.741030 0.671023
1779361436.816435 -11.464930 18.398134 0.311470 -0.019300 -0.010024 0.739873 0.672395
1779361436.865651 -11.464939 18.408630 0.309432 -0.016006 -0.006320 0.738985 0.673502
1779361436.917654 -11.466349 18.422169 0.307398 -0.014547 -0.000649 0.739224 0.673302
1779361436.971863 -11.469024 18.438311 0.306554 -0.015238 0.000577 0.739462 0.673025
1779361437.032121 -11.473813 18.465033 0.304119 -0.017158 -0.002422 0.741361 0.670883
1779361437.082924 -11.479720 18.495956 0.301392 -0.015851 -0.008621 0.742888 0.669172
1779361437.131739 -11.483721 18.529543 0.302649 -0.019688 0.005961 0.744592 0.667202
1779361437.184862 -11.488958 18.565201 0.306105 -0.015136 0.005817 0.745878 0.665886
1779361437.238195 -11.492816 18.603683 0.309541 -0.007430 0.002669 0.744391 0.667697
1779361437.315564 -11.498405 18.644279 0.311236 -0.011957 -0.008728 0.743013 0.669114
1779361437.348337 -11.499839 18.694242 0.306174 -0.014702 -0.006365 0.743516 0.668527
1779361437.398041 -11.511046 18.725218 0.309805 -0.019869 -0.003800 0.740434 0.671824
1779361437.450804 -11.514631 18.762939 0.311875 -0.022298 -0.006156 0.740985 0.671123
1779361437.513255 -11.518362 18.804991 0.310370 -0.020459 -0.005312 0.743728 0.668148
1779361437.561065 -11.519566 18.849911 0.306676 -0.019000 0.005537 0.745345 0.666385
1779361437.607069 -11.526066 18.888119 0.301863 -0.026389 -0.007599 0.744692 0.666843
1779361437.671730 -11.521376 18.911589 0.308976 -0.012134 0.000720 0.746195 0.665616
1779361437.736080 -11.525669 18.942707 0.313641 -0.008358 0.005976 0.746874 0.664887
1779361437.772851 -11.529212 18.977413 0.313847 -0.006810 0.006744 0.746868 0.664903
1779361437.824845 -11.533678 19.011688 0.311158 -0.009226 0.004681 0.747055 0.664682
1779361437.881733 -11.536911 19.044619 0.307517 -0.015211 0.004835 0.745868 0.665903
1779361437.942486 -11.543000 19.072798 0.311729 -0.013446 -0.000067 0.745508 0.666361
1779361438.005904 -11.546387 19.098192 0.313269 -0.013521 -0.002602 0.746747 0.664966
1779361438.044658 -11.551479 19.128481 0.313271 -0.011270 -0.005644 0.747621 0.664006
1779361438.097238 -11.556675 19.162245 0.311626 -0.010419 -0.005761 0.749372 0.662043
1779361438.154651 -11.559448 19.200335 0.306937 -0.011320 0.002953 0.751751 0.659344
1779361438.215960 -11.561893 19.230331 0.305588 -0.011631 -0.001357 0.752758 0.658193
1779361438.264645 -11.562674 19.255125 0.310769 -0.007219 -0.000351 0.753197 0.657755
1779361438.314604 -11.566025 19.281908 0.311423 -0.004019 0.001990 0.748080 0.663594
1779361438.372085 -11.569822 19.310705 0.310113 -0.005859 -0.002888 0.741907 0.670472
1779361438.424539 -11.573954 19.345236 0.307222 -0.011021 -0.006661 0.737109 0.675652
1779361438.476356 -11.577838 19.375900 0.308907 -0.012829 -0.007532 0.732385 0.680729
1779361438.530893 -11.583158 19.398273 0.313339 -0.015986 -0.009072 0.729786 0.683429
1779361438.584104 -11.585482 19.425856 0.314493 -0.016638 -0.007691 0.728330 0.684981
1779361438.638980 -11.588454 19.455719 0.313465 -0.016794 -0.007040 0.726846 0.686559
1779361438.688092 -11.590597 19.486910 0.310627 -0.015788 -0.005946 0.726470 0.686992
1779361438.738853 -11.591175 19.518147 0.307315 -0.013858 0.001909 0.726868 0.686635
1779361438.790154 -11.593221 19.551174 0.303397 -0.020764 -0.002194 0.725929 0.687452
1779361438.863303 -11.588606 19.571184 0.308243 -0.010994 0.005640 0.725664 0.687939
1779361438.898566 -11.589797 19.599716 0.311306 -0.005165 0.009008 0.724776 0.688907
1779361438.951431 -11.591917 19.628418 0.310552 -0.006341 0.008057 0.722800 0.690981
1779361439.006139 -11.593010 19.658737 0.307678 -0.006811 0.006308 0.721328 0.692531
1779361439.059439 -11.594719 19.689371 0.303556 -0.011533 0.003874 0.720613 0.693231
1779361439.115467 -11.597810 19.719852 0.310822 -0.017034 0.003460 0.718083 0.695741
1779361439.160418 -11.600741 19.742126 0.314114 -0.016728 0.002425 0.719429 0.694360
1779361439.215330 -11.602054 19.770222 0.314915 -0.016530 0.001739 0.720299 0.693465
1779361439.269243 -11.604521 19.799229 0.313393 -0.015607 -0.000575 0.720910 0.692852
1779361439.321481 -11.604323 19.833067 0.309735 -0.012402 0.002853 0.719637 0.694234
1779361439.373874 -11.606225 19.865053 0.304908 -0.018094 0.004533 0.714189 0.699705
1779361439.428338 -11.602664 19.894499 0.308702 -0.014804 0.000832 0.708594 0.705461
1779361439.482755 -11.600342 19.917530 0.313688 -0.005959 0.007517 0.703526 0.710605
1779361439.533560 -11.599524 19.944166 0.314541 -0.004669 0.009528 0.697791 0.716223
1779361439.586894 -11.597519 19.971985 0.312042 -0.005191 0.007201 0.693432 0.720467
1779361439.642868 -11.594671 20.005322 0.307402 -0.005164 0.005981 0.690123 0.723649
1779361439.695342 -11.591533 20.036491 0.306521 -0.013904 0.007012 0.685763 0.727658
1779361439.752744 -11.592804 20.066477 0.313585 -0.013996 0.002774 0.683634 0.729686
1779361439.802709 -11.590871 20.098003 0.315512 -0.011024 0.001102 0.682866 0.730460
1779361439.854289 -11.590386 20.136288 0.314008 -0.009258 -0.004685 0.682641 0.730680
1779361439.908346 -11.589983 20.181358 0.311843 -0.004492 -0.012176 0.682825 0.730467
1779361439.963294 -11.586061 20.232704 0.306926 0.000714 0.003754 0.683844 0.729618
1779361440.021194 -11.588053 20.260380 0.306919 -0.015755 0.000348 0.683732 0.729563
1779361440.069289 -11.585521 20.315134 0.314038 -0.008824 0.003317 0.681041 0.732185
1779361440.124947 -11.585888 20.366570 0.314311 -0.018703 -0.005746 0.677484 0.735278
1779361440.179218 -11.580815 20.411856 0.306881 -0.019409 0.002389 0.677180 0.735557
1779361440.227827 -11.586200 20.435265 0.309374 -0.017882 -0.001110 0.674977 0.737621
1779361440.286171 -11.585908 20.473803 0.315794 -0.017212 -0.002041 0.674243 0.738306
1779361440.334401 -11.584470 20.511606 0.315949 -0.014362 -0.002493 0.676085 0.736680
1779361440.385461 -11.580660 20.551952 0.313119 -0.011846 -0.000331 0.677501 0.735426
1779361440.433500 -11.577703 20.589905 0.308478 -0.013197 0.007303 0.678365 0.734571
1779361440.486529 -11.571004 20.626518 0.309247 -0.010109 0.007663 0.677750 0.735183
1779361440.546030 -11.566089 20.662451 0.313175 0.001819 0.006541 0.676783 0.736151
1779361440.595666 -11.562276 20.701582 0.313762 0.005023 0.001551 0.674161 0.738565
1779361440.646659 -11.553948 20.750860 0.312841 0.009705 -0.006997 0.673190 0.739373
1779361440.698563 -11.555066 20.793732 0.307737 -0.026799 -0.002461 0.669214 0.742583
1779361440.753021 -11.547715 20.840343 0.313538 -0.028959 0.007519 0.666220 0.745155
1779361440.810416 -11.545277 20.891972 0.315611 -0.027300 -0.000958 0.667043 0.744519
1779361440.853826 -11.541341 20.946247 0.314700 -0.019432 -0.008998 0.669665 0.742355
1779361440.909036 -11.530470 21.004915 0.308947 -0.013852 0.009070 0.671053 0.741225
1779361440.967247 -11.529340 21.056164 0.314250 -0.014670 0.022811 0.672174 0.739896
1779361441.015572 -11.524246 21.108343 0.317841 -0.014608 0.017515 0.670225 0.741808
1779361441.068331 -11.516013 21.170427 0.315686 -0.018157 0.006643 0.669507 0.742554
1779361441.121299 -11.509908 21.193348 0.310800 -0.019459 0.015937 0.668303 0.743464
1779361441.174857 -11.504463 21.249054 0.314312 -0.019095 0.011958 0.665467 0.746087
1779361441.234417 -11.498885 21.303228 0.314846 -0.014049 0.002796 0.667759 0.744240
1779361441.277802 -11.490024 21.362604 0.302120 -0.012366 0.004026 0.669529 0.742672
1779361441.330080 -11.485444 21.358507 0.306533 -0.016619 0.012311 0.670175 0.741915
1779361441.386310 -11.478330 21.414577 0.312869 -0.014110 0.017668 0.670523 0.741544
1779361441.437366 -11.469397 21.469412 0.316031 -0.015234 0.005524 0.659477 0.751550
1779361441.490885 -11.450435 21.523731 0.311931 -0.004451 0.014510 0.644315 0.764609
1779361441.544929 -11.450110 21.571632 0.313032 -0.013222 0.007057 0.629838 0.776582
1779361441.601905 -11.439074 21.625870 0.313949 -0.011555 -0.003407 0.621986 0.782936
1779361441.651987 -11.425042 21.687750 0.313298 -0.002916 -0.011019 0.615433 0.788107
1779361441.704650 -11.411086 21.732706 0.307256 -0.003429 0.006110 0.609841 0.792493
1779361441.759822 -11.395462 21.795692 0.313594 0.001588 0.021651 0.607124 0.794310
1779361441.814006 -11.379257 21.847765 0.318532 0.003094 0.011967 0.598514 0.801017
1779361441.871834 -11.355332 21.908430 0.319547 0.002236 0.001122 0.591288 0.806457
1779361441.918702 -11.345445 21.935810 0.311102 -0.014569 0.017994 0.585945 0.810020
1779361441.972375 -11.319656 21.995764 0.313076 -0.014619 0.019881 0.582433 0.812504
1779361442.024013 -11.301170 22.053326 0.314350 -0.015674 0.006168 0.581282 0.813528
1779361442.079390 -11.276450 22.113846 0.302589 -0.016626 0.009276 0.580699 0.813896
1779361442.134780 -11.272963 22.121925 0.307399 -0.023012 0.009127 0.581012 0.813519
1779361442.183493 -11.255907 22.168238 0.313540 -0.018936 0.013201 0.580433 0.813981
1779361442.243810 -11.245922 22.221428 0.313173 -0.027116 0.006994 0.576641 0.816517
1779361442.296145 -11.226788 22.264095 0.302901 -0.015013 0.017449 0.576291 0.816920
1779361442.351651 -11.221354 22.295519 0.307994 -0.015848 0.007686 0.575842 0.817371
1779361442.401884 -11.207649 22.331776 0.314845 -0.015325 0.004926 0.575590 0.817580
1779361442.454860 -11.194261 22.368406 0.314829 -0.015559 0.003776 0.576178 0.817167
1779361442.512969 -11.177844 22.405296 0.311816 -0.013284 0.010001 0.577463 0.816248
1779361442.559204 -11.168075 22.440695 0.304631 -0.023776 0.006734 0.577748 0.815841
1779361442.612187 -11.154275 22.469536 0.310708 -0.014406 0.007054 0.577023 0.816571
1779361442.664790 -11.144923 22.495461 0.316600 -0.009437 0.010446 0.575155 0.817923
1779361442.721603 -11.134764 22.529430 0.316702 -0.017239 0.006455 0.564328 0.825346
1779361442.776033 -11.121410 22.562677 0.312619 -0.021577 0.005688 0.553702 0.832416
1779361442.823124 -11.109760 22.594227 0.312789 -0.020031 -0.002455 0.543857 0.838936
1779361442.877906 -11.100299 22.618092 0.317952 -0.022132 0.000924 0.534941 0.844599
1779361442.933330 -11.086053 22.648701 0.317422 -0.023495 0.001897 0.528802 0.848418
1779361442.985317 -11.070996 22.680729 0.314690 -0.022455 0.003694 0.525223 0.850660
1779361443.042177 -11.051188 22.713791 0.310868 -0.014713 0.010643 0.519636 0.854195
1779361443.091728 -11.033612 22.743620 0.305393 -0.026053 0.000902 0.506179 0.862034
1779361443.142878 -11.018001 22.762547 0.311154 -0.008476 0.012570 0.492417 0.870227
1779361443.198096 -11.003627 22.786970 0.316035 -0.006575 0.014378 0.471713 0.881611
1779361443.247641 -10.984982 22.815298 0.315727 -0.013678 0.009697 0.451488 0.892120
1779361443.302191 -10.961801 22.841936 0.311757 -0.011751 0.009968 0.435393 0.900109
1779361443.353435 -10.943967 22.868761 0.314370 -0.017570 -0.001096 0.421684 0.906572
1779361443.411363 -10.928815 22.892879 0.318659 -0.017630 -0.000950 0.408689 0.912503
1779361443.467755 -10.909343 22.917076 0.317356 -0.022073 -0.004914 0.399984 0.916243
1779361443.528473 -10.889940 22.943125 0.314520 -0.023163 -0.010994 0.393738 0.918865
1779361443.571343 -10.865181 22.972828 0.311252 -0.016356 -0.017416 0.388764 0.921027
1779361443.624879 -10.832898 23.003468 0.312615 -0.006656 0.002990 0.389504 0.920996
1779361443.680721 -10.810799 23.026476 0.315019 -0.024364 -0.000848 0.386548 0.921947
1779361443.730852 -10.788206 23.047709 0.318912 -0.016941 -0.002996 0.383214 0.923500
1779361443.784708 -10.762636 23.073961 0.317605 -0.015673 -0.006288 0.376488 0.926268
1779361443.839557 -10.735115 23.100544 0.314315 -0.013650 -0.008837 0.372512 0.927885
1779361443.888705 -10.710978 23.124044 0.310876 -0.018804 -0.002312 0.368749 0.929336
1779361443.942326 -10.686405 23.152481 0.314799 -0.019613 0.001064 0.363875 0.931241
1779361443.995651 -10.658178 23.179579 0.315551 -0.018138 -0.003812 0.360733 0.932485
1779361444.051045 -10.630496 23.208988 0.313890 -0.014742 -0.013606 0.348430 0.937120
1779361444.099036 -10.590585 23.240812 0.313643 -0.006459 -0.023528 0.323553 0.945895
1779361444.154395 -10.547969 23.263889 0.310187 0.011099 0.012772 0.300954 0.953488
1779361444.239954 -10.510912 23.294502 0.319815 0.007358 0.018762 0.278203 0.960311
1779361444.264024 -10.466680 23.320654 0.323528 0.002108 0.012966 0.256264 0.966518
1779361444.346273 -10.412817 23.346329 0.317396 -0.007370 0.012945 0.238529 0.971021
1779361444.368633 -10.375334 23.367901 0.312574 0.005472 0.015253 0.224957 0.974234
1779361444.420849 -10.329901 23.390497 0.313957 -0.000564 0.007109 0.214730 0.976647
1779361444.477375 -10.278725 23.413593 0.314020 0.000447 -0.003005 0.207523 0.978225
1779361444.526087 -10.216089 23.431908 0.306679 0.000493 -0.000716 0.192828 0.981232
1779361444.615419 -10.178619 23.442877 0.310391 0.012233 0.017792 0.172721 0.984734
1779361444.635185 -10.127689 23.458813 0.313392 0.010018 0.009834 0.153192 0.988097
1779361444.687809 -10.066256 23.474867 0.315343 -0.000694 0.001378 0.134414 0.990924
1779361444.741473 -10.017008 23.486092 0.307058 0.006503 0.007988 0.120148 0.992703
1779361444.794561 -9.963617 23.500057 0.310656 0.002884 0.002685 0.109537 0.993975
1779361444.847690 -9.907301 23.514193 0.312346 -0.006816 -0.011160 0.101466 0.994753
1779361444.901237 -9.835753 23.527124 0.302696 -0.008707 -0.010387 0.095187 0.995367
1779361444.951780 -9.800954 23.532991 0.309152 0.000346 0.004370 0.092886 0.995667
1779361445.003792 -9.749676 23.542713 0.315892 0.005733 0.005106 0.088713 0.996028
1779361445.057580 -9.689672 23.551756 0.320409 -0.005587 -0.002292 0.075925 0.997095
1779361445.116604 -9.636476 23.554729 0.315189 0.010325 0.002739 0.052763 0.998550
1779361445.165555 -9.593426 23.565828 0.316774 -0.001373 0.000101 0.022063 0.999756
1779361445.220134 -9.534808 23.570307 0.315841 -0.008124 -0.012806 0.002917 0.999881
1779361445.277946 -9.469761 23.573629 0.300902 -0.008746 -0.023845 -0.013929 0.999580
1779361445.325553 -9.412997 23.563553 0.303988 0.023907 0.011721 -0.022042 0.999402
1779361445.386626 -9.358492 23.563887 0.311950 0.019473 0.019526 -0.034115 0.999037
1779361445.431314 -9.305597 23.560066 0.315850 0.010280 0.012044 -0.049933 0.998627
1779361445.485514 -9.248565 23.556095 0.298899 0.003116 0.016977 -0.061398 0.997964
1779361445.537199 -9.210006 23.552589 0.305630 0.018020 0.006689 -0.070659 0.997315
1779361445.593048 -9.161052 23.549673 0.314529 0.005169 0.001561 -0.074534 0.997204
1779361445.645585 -9.113935 23.541832 0.315540 0.001489 -0.000685 -0.067086 0.997746
1779361445.698770 -9.063027 23.533329 0.306376 -0.005557 0.008925 -0.056174 0.998366
1779361445.752045 -9.028075 23.523853 0.307908 -0.008865 0.000936 -0.047606 0.998827
1779361445.804921 -8.993539 23.521872 0.314320 -0.009660 0.004576 -0.040675 0.999115
1779361445.859564 -8.959108 23.523584 0.315486 -0.020428 0.005167 -0.037997 0.999056
1779361445.912301 -8.923234 23.521803 0.309223 -0.019864 0.007939 -0.033181 0.999220
1779361445.964636 -8.896992 23.524036 0.305651 -0.019447 -0.002702 -0.029722 0.999365
1779361446.025709 -8.874879 23.524811 0.311189 -0.023029 0.001063 -0.026805 0.999375
1779361446.071753 -8.854029 23.524435 0.313895 -0.023397 0.003116 -0.024553 0.999420
1779361446.124479 -8.833359 23.524572 0.314276 -0.025280 0.002521 -0.023168 0.999409
1779361446.179145 -8.811219 23.525740 0.313604 -0.028328 0.003039 -0.021323 0.999367
1779361446.230839 -8.788152 23.527414 0.310787 -0.028209 0.004436 -0.019343 0.999405
1779361446.285669 -8.766085 23.528727 0.306871 -0.025173 0.006036 -0.017265 0.999516
1779361446.338055 -8.742390 23.529987 0.302692 -0.022471 0.013552 -0.012994 0.999571
1779361446.398208 -8.724187 23.528770 0.302778 -0.023259 0.009723 -0.008737 0.999644
1779361446.444903 -8.701974 23.526926 0.305380 -0.016426 0.000537 -0.008214 0.999831
1779361446.497247 -8.682514 23.526665 0.306692 -0.014922 -0.004407 -0.010230 0.999827
1779361446.550783 -8.659352 23.527163 0.306708 -0.016560 -0.010898 -0.013303 0.999715
1779361446.607998 -8.629611 23.528212 0.305880 -0.021624 -0.012232 -0.014139 0.999591
1779361446.663902 -8.602836 23.529392 0.305295 -0.025474 -0.010389 -0.016229 0.999490
1779361446.717052 -8.579014 23.532463 0.308529 -0.028621 -0.009350 -0.016894 0.999404
1779361446.767773 -8.557654 23.533789 0.310365 -0.021294 -0.004598 -0.014323 0.999660
1779361446.822034 -8.531616 23.534966 0.309783 -0.022685 -0.003944 -0.013547 0.999643
1779361446.874511 -8.502676 23.536785 0.308055 -0.022549 -0.004830 -0.011909 0.999663
1779361446.934353 -8.471134 23.536980 0.306133 -0.017073 -0.003737 -0.009444 0.999803
1779361446.982015 -8.439110 23.538519 0.303493 -0.017423 0.000594 -0.007408 0.999821
1779361447.033832 -8.411347 23.536343 0.303761 -0.018731 -0.003361 -0.008163 0.999786
1779361447.084402 -8.388586 23.535759 0.308216 -0.014900 -0.008499 -0.008255 0.999819
1779361447.138133 -8.361855 23.539104 0.309522 -0.013615 -0.006936 -0.010127 0.999832
1779361447.199929 -8.333921 23.542173 0.308509 -0.022079 -0.007993 -0.012372 0.999648
1779361447.243113 -8.302738 23.543541 0.306236 -0.025170 -0.004947 -0.012757 0.999590
1779361447.307205 -8.266336 23.545748 0.310129 -0.030726 -0.010036 -0.014496 0.999372
1779361447.361640 -8.239466 23.546543 0.312082 -0.030984 -0.005402 -0.013567 0.999413
1779361447.414154 -8.214814 23.546707 0.312365 -0.025879 -0.000961 -0.012415 0.999588
1779361447.469758 -8.185729 23.547119 0.311613 -0.025004 0.003141 -0.011578 0.999615
1779361447.520724 -8.153420 23.547237 0.309051 -0.021622 0.003563 -0.009354 0.999716
1779361447.582629 -8.121439 23.545593 0.306455 -0.014344 0.005628 -0.009735 0.999834
1779361447.636465 -8.089135 23.545086 0.303592 -0.024699 0.002256 -0.019597 0.999500
1779361447.681024 -8.064010 23.542171 0.309169 -0.014051 0.000948 -0.033114 0.999352
1779361447.733299 -8.038897 23.540926 0.312692 -0.009362 -0.001765 -0.046321 0.998881
1779361447.788052 -8.009841 23.539738 0.312701 -0.015313 -0.001809 -0.059769 0.998093
1779361447.844645 -7.976087 23.536398 0.310141 -0.020518 -0.000136 -0.070420 0.997307
1779361447.902850 -7.946483 23.531389 0.309457 -0.016896 -0.009591 -0.077029 0.996840
1779361447.975555 -7.921057 23.531475 0.313082 -0.028190 -0.006585 -0.083956 0.996049
1779361448.010110 -7.893876 23.528185 0.314503 -0.024836 -0.002786 -0.089240 0.995697
1779361448.064532 -7.865133 23.524319 0.313509 -0.024870 -0.002362 -0.093607 0.995296
1779361448.121046 -7.832052 23.521177 0.310873 -0.023874 -0.002287 -0.096229 0.995070
1779361448.173330 -7.800141 23.516544 0.307816 -0.021746 -0.005850 -0.097399 0.994991
1779361448.225466 -7.767200 23.509417 0.306317 -0.008602 -0.001978 -0.097443 0.995202
1779361448.277264 -7.727801 23.502901 0.309455 -0.010759 0.003142 -0.097250 0.995197
1779361448.331469 -7.693187 23.493467 0.311165 -0.002571 -0.011463 -0.099951 0.994923
1779361448.384029 -7.655038 23.486423 0.312057 -0.005137 -0.017581 -0.104968 0.994307
1779361448.440030 -7.603917 23.473598 0.313245 -0.014998 -0.022265 -0.108777 0.993704
1779361448.495682 -7.575119 23.469114 0.308111 -0.015922 0.000290 -0.113611 0.993398
1779361448.547045 -7.531606 23.457813 0.310830 -0.013642 0.002212 -0.117798 0.992942
1779361448.601056 -7.484735 23.450041 0.312180 -0.023548 -0.005286 -0.127720 0.991517
1779361448.658926 -7.428916 23.435598 0.313780 -0.023718 -0.023001 -0.146060 0.988724
1779361448.709923 -7.377508 23.414499 0.305665 0.003454 -0.008875 -0.158558 0.987304
1779361448.770336 -7.325951 23.400282 0.311415 0.016282 0.005120 -0.172679 0.984830
1779361448.826584 -7.277326 23.382414 0.316327 0.011979 0.002510 -0.186705 0.982340
1779361448.875942 -7.221240 23.359360 0.318173 -0.003663 0.003107 -0.199150 0.979957
1779361448.927897 -7.176581 23.339670 0.309181 0.004632 0.004341 -0.209056 0.977883
1779361448.982574 -7.127717 23.319584 0.313494 -0.004535 -0.000866 -0.217261 0.976103
1779361449.040148 -7.076601 23.297554 0.314408 -0.014309 -0.011917 -0.220953 0.975107
1779361449.091811 -7.012197 23.265722 0.303741 -0.016380 -0.012107 -0.224836 0.974184
1779361449.148085 -6.978219 23.244881 0.309970 -0.001229 -0.000221 -0.226883 0.973921
1779361449.197829 -6.932021 23.221151 0.315578 0.001402 -0.005509 -0.230965 0.972946
1779361449.250191 -6.882495 23.193651 0.318969 -0.008344 -0.016505 -0.237048 0.971322
1779361449.307557 -6.831125 23.164705 0.314690 -0.010430 -0.009472 -0.240900 0.970448
1779361449.358937 -6.790668 23.140526 0.313686 -0.004870 0.010426 -0.245866 0.969235
1779361449.414162 -6.739892 23.114281 0.314980 -0.009982 0.004196 -0.247949 0.968712
1779361449.465807 -6.684206 23.084835 0.315732 -0.013057 -0.004986 -0.246495 0.969043
1779361449.518647 -6.633214 23.056549 0.308526 -0.007582 0.003301 -0.246506 0.969106
1779361449.569601 -6.580825 23.030113 0.312936 -0.003527 0.003616 -0.245253 0.969446
1779361449.624053 -6.532200 23.004898 0.316708 -0.008557 -0.002588 -0.247466 0.968855
1779361449.680641 -6.475894 22.971504 0.316927 -0.019025 -0.004783 -0.249612 0.968147
1779361449.731031 -6.447536 22.956175 0.311057 -0.007349 0.008532 -0.252027 0.967655
1779361449.783927 -6.394890 22.929100 0.311841 -0.012832 0.007281 -0.253375 0.967256
1779361449.837691 -6.341008 22.901243 0.313242 -0.019358 -0.001870 -0.250404 0.967946
1779361449.891637 -6.272570 22.866676 0.305671 -0.017476 -0.001723 -0.249432 0.968233
1779361449.944328 -6.264059 22.858206 0.309734 -0.002866 0.005912 -0.247480 0.968871
1779361449.994635 -6.217534 22.832165 0.316078 -0.002402 0.001055 -0.258590 0.965984
1779361450.048545 -6.170412 22.801783 0.320292 -0.014909 -0.003769 -0.274321 0.961515
1779361450.101595 -6.125202 22.767223 0.311746 0.010231 -0.005390 -0.287197 0.957802
1779361450.153686 -6.078798 22.741989 0.314385 -0.000841 -0.000913 -0.300314 0.953840
1779361450.208564 -6.030509 22.709026 0.315670 -0.010019 -0.008185 -0.307008 0.951619
1779361450.261009 -5.974671 22.671368 0.306443 -0.011250 -0.012513 -0.311958 0.949947
1779361450.313122 -5.984505 22.668421 0.306091 0.000305 0.001010 -0.314675 0.949199
1779361450.363706 -5.940652 22.636795 0.311965 0.007694 0.003692 -0.319100 0.947683
1779361450.430230 -5.884474 22.591112 0.317272 -0.004305 -0.005180 -0.325740 0.945435
1779361450.479737 -5.841334 22.548716 0.310198 0.004823 -0.002346 -0.329265 0.944222
1779361450.534663 -5.829118 22.543978 0.309270 0.001169 0.005984 -0.334664 0.942318
1779361450.589854 -5.783939 22.507429 0.312369 -0.009172 -0.003200 -0.336155 0.941757
1779361450.640025 -5.737411 22.469944 0.314691 -0.013547 -0.011297 -0.334840 0.942110
1779361450.691708 -5.707288 22.444202 0.307943 -0.007054 -0.001440 -0.335760 0.941920
1779361450.745450 -5.685060 22.424219 0.312816 0.000790 0.003304 -0.334285 0.942466
1779361450.797952 -5.639588 22.387415 0.318447 -0.006068 -0.000484 -0.336836 0.941543
1779361450.853189 -5.587142 22.341877 0.315238 -0.015796 -0.000551 -0.338234 0.940929
1779361450.907243 -5.552358 22.315741 0.310491 -0.009699 0.005425 -0.342093 0.939601
1779361450.961585 -5.506890 22.278122 0.313599 -0.009945 0.001038 -0.344980 0.938557
1779361451.012175 -5.459249 22.241369 0.315438 -0.017461 -0.008599 -0.342714 0.939238
1779361451.068061 -5.400253 22.196209 0.308198 -0.016802 -0.006425 -0.341350 0.939764
1779361451.116587 -5.375568 22.180611 0.308609 -0.001766 0.000487 -0.338801 0.940856
1779361451.170798 -5.332827 22.145510 0.313059 -0.005046 -0.005147 -0.338426 0.940965
1779361451.231845 -5.283762 22.101690 0.318547 -0.018805 -0.012614 -0.340878 0.939835
1779361451.292620 -5.268460 22.088446 0.307972 -0.009214 -0.000585 -0.342563 0.939449
1779361451.334193 -5.232339 22.059555 0.308720 -0.011642 0.003537 -0.345793 0.938232
1779361451.387769 -5.187781 22.025707 0.311758 -0.022528 -0.003244 -0.345034 0.938314
1779361451.439745 -5.139877 21.986038 0.314329 -0.021393 -0.011010 -0.341700 0.939501
1779361451.503125 -5.095186 21.952522 0.310366 -0.007966 0.002312 -0.339754 0.940478
1779361451.546644 -5.047593 21.916002 0.314833 -0.003783 0.002804 -0.340012 0.940409
1779361451.600763 -5.003359 21.880949 0.318053 -0.012736 -0.001817 -0.341476 0.939803
1779361451.658866 -4.951482 21.835005 0.311419 -0.019446 0.001090 -0.341858 0.939550
1779361451.709363 -4.925542 21.816296 0.311175 -0.008945 0.008194 -0.344630 0.938660
1779361451.763248 -4.875425 21.776392 0.312411 -0.018135 0.002237 -0.344637 0.938558
1779361451.816610 -4.825209 21.737745 0.314170 -0.026321 -0.007431 -0.341945 0.939322
1779361451.895435 -4.773443 21.694633 0.309645 -0.015742 -0.002266 -0.340184 0.940224
1779361451.924910 -4.725177 21.658491 0.312920 -0.002408 0.010332 -0.336269 0.941706
1779361451.978884 -4.682508 21.622887 0.317181 -0.003224 0.006800 -0.337300 0.941367
1779361452.033036 -4.635749 21.580763 0.320750 -0.013973 0.003042 -0.338572 0.940832
1779361452.084852 -4.600695 21.549740 0.310872 -0.003839 0.004978 -0.339712 0.940508
1779361452.152694 -4.555068 21.511745 0.314582 -0.005029 0.004537 -0.341478 0.939865
1779361452.196394 -4.511587 21.477650 0.316373 -0.012881 -0.002054 -0.339128 0.940650
1779361452.243118 -4.453435 21.433100 0.308855 -0.013555 -0.000828 -0.337109 0.941368
1779361452.298658 -4.426395 21.409801 0.311190 0.000757 0.006977 -0.334517 0.942364
1779361452.350667 -4.384933 21.376717 0.315568 0.003432 0.002185 -0.333989 0.942568
1779361452.405796 -4.337357 21.336926 0.319448 -0.008702 -0.005153 -0.335663 0.941928
1779361452.456937 -4.307713 21.309027 0.310576 0.000176 0.001640 -0.335711 0.941964
1779361452.510100 -4.285406 21.293966 0.311082 -0.002300 0.009311 -0.337797 0.941170
1779361452.564665 -4.241199 21.256958 0.312887 -0.007549 0.002622 -0.335278 0.942085
1779361452.620168 -4.187729 21.214567 0.314323 -0.008770 -0.003314 -0.332572 0.943031
1779361452.690344 -4.172106 21.199137 0.308642 -0.004872 0.004546 -0.331992 0.943259
1779361452.726430 -4.129530 21.163572 0.314810 0.001756 0.000395 -0.330889 0.943668
1779361452.773971 -4.093122 21.134502 0.317472 -0.005030 -0.006598 -0.333292 0.942787
1779361452.825768 -4.035196 21.082073 0.305063 -0.010449 -0.005321 -0.333804 0.942570
1779361452.880868 -4.056425 21.102268 0.308597 -0.005959 0.009466 -0.335753 0.941883
1779361452.935736 -4.010801 21.065075 0.311165 -0.012294 0.006109 -0.336344 0.941639
1779361452.991391 -3.957531 21.024036 0.313127 -0.018583 -0.003996 -0.333019 0.942729
1779361453.050109 -3.908844 20.984461 0.307653 -0.012228 0.000779 -0.331467 0.943387
1779361453.094496 -3.869901 20.955042 0.310771 -0.004025 0.007652 -0.328445 0.944484
1779361453.146124 -3.825055 20.919624 0.314521 -0.007629 0.001937 -0.329224 0.944219
1779361453.200979 -3.776097 20.879107 0.317892 -0.020176 -0.004475 -0.330673 0.943519
1779361453.254512 -3.766015 20.872385 0.306052 -0.012594 0.009330 -0.331356 0.943376
1779361453.307959 -3.721810 20.841208 0.309237 -0.015141 0.008236 -0.332265 0.943029
1779361453.361371 -3.677425 20.808313 0.311865 -0.022731 -0.002075 -0.329617 0.943839
1779361453.413650 -3.623207 20.766798 0.306866 -0.023671 -0.008946 -0.327260 0.944596
1779361453.474960 -3.575511 20.724298 0.310366 -0.005431 0.008308 -0.324586 0.945804
1779361453.521046 -3.532102 20.693563 0.317033 -0.002032 0.006573 -0.323005 0.946372
1779361453.578122 -3.485566 20.657494 0.320260 -0.012308 0.000021 -0.325416 0.945491
1779361453.627669 -3.432612 20.610723 0.310679 -0.016142 -0.000467 -0.326520 0.945052
1779361453.684222 -3.428695 20.608595 0.310930 -0.008995 0.016362 -0.330562 0.943600
1779361453.741889 -3.381646 20.572992 0.314543 -0.015375 0.008687 -0.330857 0.943516
1779361453.793098 -3.331174 20.536352 0.315839 -0.022131 -0.003686 -0.327111 0.944720
1779361453.844061 -3.280007 20.491560 0.306530 -0.010452 -0.000011 -0.324311 0.945893
1779361453.896407 -3.232371 20.459707 0.311200 -0.002307 0.015574 -0.321081 0.946921
1779361453.950094 -3.189643 20.425989 0.314562 -0.004855 0.009050 -0.321579 0.946827
1779361454.005526 -3.141346 20.389591 0.316283 -0.017411 0.000655 -0.323183 0.946176
1779361454.058403 -3.102299 20.355961 0.309844 -0.010915 0.006180 -0.323964 0.945986
1779361454.111071 -3.057604 20.325729 0.311179 -0.011918 0.010541 -0.327417 0.944746
1779361454.166963 -3.008357 20.291510 0.314035 -0.024581 0.000941 -0.326542 0.944863
1779361454.222753 -2.956861 20.254885 0.309113 -0.026243 -0.007393 -0.323477 0.945843
1779361454.273688 -2.924047 20.224663 0.307815 -0.008470 0.005783 -0.321120 0.946983
1779361454.327790 -2.867127 20.186581 0.314308 0.000409 0.010181 -0.318989 0.947704
1779361454.383162 -2.822214 20.152681 0.318054 -0.005971 0.006073 -0.320303 0.947277
1779361454.439499 -2.772419 20.108086 0.311810 -0.009420 0.008594 -0.319755 0.947414
1779361454.489166 -2.757899 20.096752 0.310017 -0.007687 0.012968 -0.323542 0.946094
1779361454.541110 -2.713844 20.060898 0.313429 -0.009349 0.007851 -0.324022 0.945971
1779361454.599529 -2.677085 20.034132 0.314590 -0.014512 0.002725 -0.322306 0.946520
1779361454.657791 -2.615862 19.995298 0.304902 -0.029548 0.012277 -0.322220 0.946124
1779361454.699404 -2.583532 19.958416 0.307914 -0.008314 -0.001370 -0.318037 0.948041
1779361454.756208 -2.540866 19.929552 0.315078 -0.010565 -0.004751 -0.319292 0.947586
1779361454.808504 -2.495079 19.892057 0.320276 -0.019851 -0.012253 -0.319735 0.947220
1779361454.870413 -2.459647 19.867188 0.312734 -0.016166 0.006958 -0.321045 0.946900
1779361454.917106 -2.413477 19.831877 0.313630 -0.015745 0.004814 -0.321611 0.946729
1779361454.968171 -2.366027 19.800135 0.316306 -0.025725 -0.006521 -0.319372 0.947258
1779361455.025870 -2.314198 19.761770 0.298720 -0.027518 -0.016216 -0.315662 0.948334
1779361455.077327 -2.281082 19.730925 0.305118 -0.008261 0.000374 -0.313964 0.949399
1779361455.140843 -2.232136 19.696358 0.311594 0.001844 0.003046 -0.311039 0.950390
1779361455.182081 -2.187709 19.664433 0.315549 -0.004780 -0.001493 -0.312395 0.949939
1779361455.233808 -2.137160 19.622272 0.317140 -0.013615 -0.003810 -0.312707 0.949744
1779361455.290996 -2.102070 19.599768 0.311442 -0.010236 0.008508 -0.316243 0.948585
1779361455.341350 -2.054417 19.563982 0.314297 -0.010875 0.006980 -0.317328 0.948228
1779361455.400606 -2.004098 19.528790 0.316276 -0.018256 -0.001160 -0.315107 0.948880
1779361455.447559 -1.942326 19.487394 0.309789 -0.015099 0.002218 -0.314107 0.949265
1779361455.501139 -1.903201 19.460035 0.312645 0.001368 0.007576 -0.310993 0.950381
1779361455.559454 -1.855860 19.427713 0.317081 -0.001699 0.004410 -0.311869 0.950114
1779361455.606337 -1.804032 19.388752 0.320790 -0.017248 -0.000204 -0.313114 0.949559
1779361455.660887 -1.792102 19.378769 0.308942 -0.007602 0.007109 -0.313688 0.949469
1779361455.716362 -1.750037 19.351950 0.311602 -0.011783 0.004626 -0.315703 0.948774
1779361455.768181 -1.701889 19.319336 0.313138 -0.018510 -0.006241 -0.312303 0.949782
1779361455.816237 -1.649616 19.285269 0.310753 -0.020832 -0.014878 -0.308939 0.950737
1779361455.870014 -1.608647 19.250851 0.306650 0.000975 0.005152 -0.306624 0.951816
1779361455.923851 -1.558799 19.219067 0.312870 -0.002794 0.008769 -0.304508 0.952465
1779361455.979653 -1.511827 19.188385 0.314741 -0.012056 0.007514 -0.306312 0.951825
1779361456.030837 -1.465037 19.157331 0.299879 -0.016054 0.012324 -0.305936 0.951837
1779361456.085278 -1.428339 19.137461 0.305660 -0.015724 0.007498 -0.301013 0.953461
1779361456.138395 -1.385591 19.111851 0.313290 -0.019529 0.008782 -0.291260 0.956404
1779361456.192225 -1.346123 19.087999 0.314713 -0.021255 0.009284 -0.272045 0.962005
1779361456.243991 -1.304213 19.060280 0.307632 -0.016810 0.016683 -0.250691 0.967778
1779361456.315722 -1.270821 19.038908 0.306440 -0.026683 0.010144 -0.233824 0.971860
1779361456.352432 -1.244010 19.024641 0.313697 -0.019958 0.008556 -0.216074 0.976135
1779361456.403969 -1.209885 19.013300 0.315353 -0.027494 0.008202 -0.204114 0.978527
1779361456.459042 -1.171982 19.001352 0.313647 -0.038074 0.010582 -0.192212 0.980558
1779361456.510505 -1.142380 18.987606 0.311502 -0.026497 -0.000937 -0.182114 0.982920
1779361456.570564 -1.111437 18.980316 0.315071 -0.031560 0.004123 -0.172866 0.984431
1779361456.621856 -1.082153 18.970255 0.316755 -0.034022 0.007774 -0.156932 0.986993
1779361456.674721 -1.047462 18.961411 0.315742 -0.034099 0.009959 -0.136049 0.990065
1779361456.726983 -1.011109 18.952021 0.312066 -0.027453 0.013343 -0.112639 0.993167
1779361456.783969 -0.975780 18.944057 0.305111 -0.035462 0.012058 -0.093937 0.994873
1779361456.848781 -0.950535 18.935991 0.310838 -0.023368 0.007317 -0.079614 0.996525
1779361456.973427 -0.923011 18.934965 0.313020 -0.022304 0.004594 -0.067761 0.997442
1779361457.011641 -0.893027 18.934156 0.312268 -0.025839 0.000457 -0.058171 0.997972
1779361457.013700 -0.852110 18.931862 0.309426 -0.030522 -0.001304 -0.048410 0.998360
1779361457.053508 -0.822138 18.928482 0.311962 -0.031056 -0.001359 -0.044301 0.998535
1779361457.233845 -0.785261 18.929581 0.316127 -0.035151 -0.000305 -0.037800 0.998667
1779361457.239474 -0.744144 18.925741 0.315806 -0.032655 -0.000536 -0.030028 0.999015
1779361457.282052 -0.697836 18.927605 0.314514 -0.034117 -0.006931 -0.022850 0.999133
1779361457.289571 -0.646438 18.929445 0.314110 -0.028388 -0.012947 -0.017221 0.999365
1779361457.322015 -0.603022 18.928074 0.307917 -0.015151 0.008794 -0.010549 0.999791
1779361457.407900 -0.553364 18.929655 0.313079 -0.008937 0.010885 -0.006654 0.999879
1779361457.433873 -0.499456 18.929850 0.315580 -0.015336 0.008631 -0.006613 0.999823
1779361457.479113 -0.440424 18.928247 0.313718 -0.023306 0.008945 -0.004418 0.999679
1779361457.530875 -0.402548 18.930410 0.310426 -0.014960 0.011457 -0.005146 0.999809
1779361457.583702 -0.359557 18.931480 0.314664 -0.018399 0.007246 -0.005228 0.999791
1779361457.738439 -0.297105 18.933741 0.316065 -0.019741 -0.006750 0.000533 0.999782
1779361457.739681 -0.228940 18.936897 0.306529 -0.017072 -0.010982 0.004296 0.999785
1779361457.776152 -0.174578 18.936073 0.313245 -0.004053 0.012955 0.008685 0.999870
1779361457.804696 -0.115033 18.938927 0.316768 -0.003247 0.008545 0.011478 0.999892
1779361457.977884 -0.053821 18.941139 0.317703 -0.012836 0.000204 0.010442 0.999863
1779361457.981506 -0.003865 18.937031 0.309821 -0.003813 0.006468 0.011015 0.999911
1779361458.005669 0.032582 18.940281 0.313023 -0.008234 0.005823 0.007836 0.999919
1779361458.033174 0.083266 18.943237 0.315052 -0.014823 -0.005640 0.010758 0.999816
1779361458.190552 0.150872 18.946783 0.309988 -0.014888 -0.014005 0.014432 0.999687
1779361458.219504 0.206563 18.947041 0.310429 -0.002291 0.007490 0.016897 0.999827
1779361458.222706 0.265445 18.951128 0.317272 -0.002046 0.010287 0.018015 0.999783
1779361458.261311 0.321430 18.953739 0.320340 -0.009224 0.003070 0.016714 0.999813
1779361458.290375 0.387688 18.950891 0.310330 -0.013182 0.005057 0.016364 0.999767
1779361458.424990 0.429886 18.953566 0.313540 -0.004346 0.015248 0.012513 0.999796
1779361458.454408 0.485318 18.956097 0.315627 -0.008164 0.008115 0.013044 0.999849
1779361458.466028 0.549447 18.958012 0.315597 -0.008986 -0.000791 0.016248 0.999827
1779361458.503958 0.608495 18.962856 0.310116 -0.012605 0.007067 0.017175 0.999748
1779361458.671544 0.663148 18.966072 0.312488 -0.004851 0.013568 0.019145 0.999713
1779361458.675820 0.719245 18.968473 0.314271 -0.008326 0.005839 0.018683 0.999774
1779361458.694854 0.787928 18.969770 0.312328 -0.015862 -0.001111 0.017899 0.999713
1779361458.717350 0.802916 18.972736 0.308234 -0.015639 0.015332 0.015003 0.999648
1779361458.777317 0.859346 18.976660 0.311865 -0.015136 0.008699 0.014190 0.999747
1779361458.902729 0.919587 18.982456 0.314059 -0.018085 -0.006648 0.017847 0.999655
1779361458.911654 0.989465 18.985485 0.299133 -0.017561 -0.015181 0.021457 0.999500
1779361458.943470 1.045781 18.980978 0.308483 -0.001626 0.009652 0.025487 0.999627
1779361458.982632 1.107691 18.989357 0.315756 -0.002241 0.009685 0.027313 0.999578
1779361459.132374 1.167511 18.992512 0.318359 -0.010759 0.000924 0.026765 0.999583
1779361459.170105 1.228946 18.988840 0.310614 -0.004082 0.005438 0.026496 0.999626
1779361459.186846 1.256115 18.994692 0.312165 -0.017805 0.011657 0.020964 0.999554
1779361459.204128 1.313560 18.996000 0.311586 -0.018496 0.001911 0.025151 0.999511
1779361459.256702 1.379348 18.998947 0.298364 -0.017812 -0.001879 0.027756 0.999454
1779361459.420721 1.437610 19.008322 0.310809 -0.017054 0.005507 0.029323 0.999409
1779361459.425312 1.492843 19.011002 0.315578 -0.007507 0.003376 0.029841 0.999521
1779361459.449645 1.549127 19.014856 0.316780 -0.011310 -0.005682 0.028143 0.999524
1779361459.474194 1.608579 19.018127 0.313149 -0.017707 0.000228 0.027590 0.999462
1779361459.613786 1.656851 19.018961 0.311820 -0.018746 0.015317 0.023546 0.999430
1779361459.638790 1.711305 19.025183 0.314419 -0.021689 0.002198 0.023935 0.999476
1779361459.641661 1.779927 19.032200 0.307177 -0.020172 -0.012488 0.028145 0.999322
1779361459.686756 1.830648 19.030966 0.305175 -0.002246 0.003601 0.030908 0.999513
1779361459.860890 1.892229 19.039904 0.311114 -0.004544 0.009674 0.033757 0.999373
1779361459.866212 1.953103 19.044783 0.315210 -0.008646 0.005145 0.033024 0.999404
1779361459.882087 2.020085 19.047333 0.309872 -0.016776 0.003544 0.033230 0.999301
1779361459.901971 2.014369 19.038586 0.308871 -0.008922 0.010657 0.030193 0.999447
1779361459.955671 2.072482 19.043344 0.311820 -0.009897 0.008848 0.028629 0.999502
1779361460.083204 2.133790 19.048819 0.313967 -0.013478 -0.001626 0.031424 0.999414
1779361460.086406 2.203247 19.057001 0.309413 -0.014833 0.002231 0.032171 0.999370
1779361460.125085 2.219305 19.053974 0.311062 -0.004489 0.012194 0.035912 0.999271
1779361460.165057 2.275485 19.058804 0.315899 -0.004352 0.005932 0.035532 0.999342
1779361460.331789 2.338566 19.062294 0.318517 -0.012085 -0.002700 0.034773 0.999319
1779361460.335628 2.367581 19.063311 0.309542 -0.005922 0.008979 0.034281 0.999354
1779361460.377184 2.477190 19.073298 0.313321 -0.010873 -0.000248 0.035705 0.999303
1779361460.430101 2.548593 19.080702 0.306061 -0.011438 -0.003732 0.038563 0.999184
1779361460.591732 2.602398 19.086201 0.310152 -0.005021 0.004666 0.039754 0.999186
1779361460.599714 2.658948 19.091869 0.316900 -0.001506 0.001791 0.040101 0.999193
1779361460.614821 2.719075 19.096796 0.320002 -0.010070 -0.009826 0.038568 0.999157
1779361460.648566 2.779459 19.100567 0.314207 -0.014048 -0.000950 0.037975 0.999180
1779361460.806269 2.804729 19.097788 0.312593 -0.009432 0.012718 0.036916 0.999193
1779361460.827647 2.862959 19.104189 0.315573 -0.014818 0.003981 0.037848 0.999166
1779361460.830065 2.926191 19.109606 0.316064 -0.013142 -0.006252 0.041701 0.999024
1779361460.865403 2.979198 19.115915 0.309980 -0.007954 0.009043 0.043360 0.998987
1779361460.917327 3.044145 19.123123 0.314870 0.000308 0.015657 0.044964 0.998866
1779361461.039733 3.105947 19.128887 0.317751 -0.006158 0.007336 0.044182 0.998978
1779361461.062394 3.170570 19.134634 0.299543 -0.016920 0.006870 0.043550 0.998884
1779361461.081118 3.213173 19.144344 0.308581 -0.019832 0.016997 0.039913 0.998862
1779361461.137566 3.270280 19.151340 0.311766 -0.021046 0.009365 0.041400 0.998877
1779361461.278614 3.329054 19.159468 0.312602 -0.021830 -0.004769 0.045609 0.998709
1779361461.308754 3.397746 19.169209 0.305035 -0.017569 -0.004739 0.048705 0.998647
1779361461.311043 3.444274 19.172411 0.310995 0.001411 0.015594 0.051964 0.998526
1779361461.348172 3.501800 19.179670 0.315282 -0.002000 0.011407 0.050888 0.998637
1779361461.498150 3.566230 19.184156 0.317092 -0.010677 0.000839 0.049820 0.998701
1779361461.499320 3.615400 19.188095 0.308849 -0.004397 0.009668 0.048140 0.998784
1779361461.523416 3.672560 19.197130 0.312420 -0.009686 0.007536 0.042470 0.999022
1779361461.559345 3.731625 19.204027 0.314115 -0.010818 -0.002272 0.045141 0.998920
1779361461.615566 3.799834 19.214209 0.305959 -0.010182 -0.010664 0.048806 0.998699
1779361461.666579 3.849738 19.215508 0.308683 -0.007954 0.008101 0.051149 0.998626
1779361461.720639 3.909981 19.225040 0.315659 0.002836 0.008109 0.051314 0.998646
1779361461.776775 3.971309 19.232536 0.319954 -0.005040 0.000631 0.049381 0.998767
1779361461.832345 4.035284 19.234207 0.312562 -0.008323 0.005325 0.048971 0.998751
1779361461.887302 4.073920 19.242723 0.314620 -0.004567 0.012878 0.046713 0.998815
1779361461.932832 4.137125 19.250486 0.317675 -0.012798 0.001699 0.046381 0.998840
1779361461.986018 4.197177 19.257362 0.317880 -0.012911 -0.008994 0.050649 0.998593
1779361462.061634 4.256187 19.260719 0.308706 -0.003510 0.000823 0.052364 0.998622
1779361462.105241 4.322142 19.273729 0.315105 -0.003447 0.017149 0.056072 0.998274
1779361462.146708 4.377439 19.279917 0.318507 -0.008072 0.012668 0.054649 0.998393
1779361462.198554 4.440125 19.284737 0.313042 -0.016750 0.006201 0.053328 0.998417
1779361462.250166 4.448257 19.283150 0.307263 -0.012808 0.012611 0.051690 0.998501
1779361462.305428 4.505714 19.289890 0.313633 -0.013850 0.007993 0.049165 0.998663
1779361462.358889 4.567864 19.298203 0.315460 -0.016282 -0.004389 0.052735 0.998466
1779361462.413996 4.641181 19.306971 0.307531 -0.016217 -0.000929 0.055049 0.998352
1779361462.468330 4.673117 19.309547 0.310379 -0.011326 0.009785 0.058736 0.998161
1779361462.525349 4.726355 19.316401 0.315614 -0.008363 0.006173 0.058852 0.998213
1779361462.572611 4.790809 19.324596 0.318689 -0.018523 -0.002457 0.057135 0.998192
1779361462.628560 4.819147 19.326881 0.311026 -0.013159 0.008735 0.056572 0.998274
1779361462.681274 4.851526 19.332996 0.313853 -0.018115 0.010424 0.053431 0.998353
1779361462.730329 4.904305 19.341824 0.317296 -0.023308 -0.001534 0.055275 0.998198
1779361462.783035 4.969275 19.352961 0.308343 -0.021696 -0.013120 0.058497 0.997966
1779361462.836715 5.032640 19.359606 0.309432 -0.004686 0.008776 0.061457 0.998060
1779361462.903393 5.090172 19.370508 0.315344 -0.008154 0.015230 0.064544 0.997765
1779361462.946146 5.150142 19.378733 0.318682 -0.013263 0.007116 0.064409 0.997810
1779361462.996104 5.213832 19.382723 0.311689 -0.016880 0.006775 0.064650 0.997742
1779361463.050230 5.257323 19.390785 0.311256 -0.009236 0.009663 0.061100 0.998042
1779361463.105345 5.316850 19.398699 0.314356 -0.011813 0.004072 0.061980 0.997999
1779361463.157178 5.377068 19.406599 0.314318 -0.011867 -0.005326 0.062366 0.997969
1779361463.209296 5.439479 19.406492 0.308340 -0.004169 0.001926 0.049070 0.998785
1779361463.263849 5.491212 19.412624 0.312492 -0.000601 0.007522 0.036051 0.999322
1779361463.315629 5.543892 19.417168 0.316708 -0.003014 0.000565 0.025118 0.999680
1779361463.371802 5.607532 19.417885 0.318780 -0.010876 -0.004800 0.015055 0.999816
1779361463.425876 5.652748 19.420616 0.312949 -0.000320 0.010323 0.006539 0.999925
1779361463.473993 5.711739 19.423143 0.314994 -0.003663 0.005909 -0.001841 0.999974
1779361463.527062 5.768280 19.424709 0.315669 -0.007796 -0.006072 -0.005462 0.999936
1779361463.591128 5.847089 19.426853 0.306832 -0.008202 -0.007227 -0.008218 0.999907
1779361463.637128 5.900487 19.426483 0.311115 -0.000887 0.017614 -0.008347 0.999810
1779361463.691144 5.956028 19.426172 0.315550 0.001661 0.015407 -0.012495 0.999802
1779361463.744481 6.017200 19.424555 0.317184 -0.008533 0.005352 -0.017984 0.999788
1779361463.798694 6.072408 19.416645 0.308376 -0.000407 0.011839 -0.019908 0.999732
1779361463.852675 6.092492 19.422056 0.309403 -0.006919 0.015611 -0.027074 0.999488
1779361463.906268 6.148992 19.420929 0.310847 -0.014805 0.005851 -0.027458 0.999496
1779361463.960120 6.206250 19.417707 0.298306 -0.016599 -0.001513 -0.026132 0.999520
1779361464.014065 6.283865 19.420460 0.307419 -0.012219 0.017731 -0.022812 0.999508
1779361464.067252 6.339479 19.416122 0.314060 0.001992 0.012939 -0.023168 0.999646
1779361464.120510 6.397715 19.415783 0.318624 -0.009193 0.003376 -0.027461 0.999575
1779361464.172206 6.465412 19.408453 0.309076 -0.015199 0.005416 -0.029392 0.999438
1779361464.227872 6.502687 19.409060 0.312451 -0.004127 0.012398 -0.032767 0.999378
1779361464.279990 6.560731 19.407522 0.315798 -0.017840 0.007515 -0.034898 0.999203
1779361464.333431 6.622893 19.404514 0.304790 -0.018325 -0.003244 -0.032873 0.999286
1779361464.392537 6.664182 19.402094 0.308868 -0.020067 0.004035 -0.032250 0.999270
1779361464.442230 6.720428 19.399931 0.315512 -0.006051 0.006423 -0.026506 0.999610
1779361464.503771 6.777972 19.398668 0.319664 -0.013153 -0.000372 -0.028151 0.999517
1779361464.552316 6.846402 19.390398 0.311961 -0.016944 -0.004480 -0.029118 0.999422
1779361464.602411 6.858480 19.388193 0.309279 -0.005761 0.010296 -0.030735 0.999458
1779361464.657145 6.921980 19.386915 0.308659 -0.011703 0.003910 -0.030048 0.999472
1779361464.712024 6.985517 19.384298 0.310549 -0.016012 -0.006374 -0.026867 0.999491
1779361464.774468 7.042134 19.382320 0.306493 -0.021910 -0.002098 -0.026386 0.999410
1779361464.816813 7.095885 19.378893 0.309192 -0.005989 0.001654 -0.022318 0.999732
1779361464.869027 7.151549 19.377771 0.314503 -0.007192 -0.003919 -0.023153 0.999698
1779361464.927360 7.216636 19.371689 0.312512 -0.014999 -0.009138 -0.023917 0.999560
1779361464.983702 7.258259 19.369785 0.310760 -0.004769 0.007092 -0.025303 0.999643
1779361465.030377 7.322255 19.369095 0.312421 -0.011673 0.005668 -0.024916 0.999605
1779361465.085069 7.381983 19.367064 0.314076 -0.015511 -0.002240 -0.021902 0.999637
1779361465.142606 7.459100 19.368299 0.308453 -0.013656 0.001445 -0.021005 0.999685
1779361465.188734 7.476316 19.363605 0.311324 -0.004815 0.005877 -0.017819 0.999812
1779361465.238986 7.528423 19.362711 0.316606 -0.002523 0.002308 -0.018369 0.999825
1779361465.302887 7.587610 19.359446 0.319970 -0.012082 -0.008051 -0.020672 0.999681
1779361465.346308 7.621119 19.355976 0.307721 -0.002343 0.002044 -0.020506 0.999785
1779361465.399597 7.636324 19.354332 0.310124 -0.011238 0.009445 -0.025489 0.999567
1779361465.454653 7.694122 19.353859 0.311959 -0.016936 0.002392 -0.024208 0.999561
1779361465.506111 7.761722 19.352360 0.307744 -0.016016 -0.005718 -0.020795 0.999639
1779361465.560176 7.807858 19.353790 0.307561 -0.011097 0.007941 -0.018859 0.999729
1779361465.616529 7.872289 19.352472 0.312963 -0.003446 0.010181 -0.017382 0.999791
1779361465.683699 7.932352 19.351801 0.317045 -0.010702 0.003280 -0.018157 0.999772
1779361465.720309 7.997250 19.346081 0.309207 -0.016424 0.004151 -0.018269 0.999690
1779361465.773381 8.012774 19.344814 0.310718 0.000782 0.012139 -0.020853 0.999709
1779361465.834967 8.069151 19.343138 0.312796 -0.006294 0.003385 -0.018493 0.999803
1779361465.881705 8.132182 19.340521 0.304121 -0.008660 -0.003341 -0.013862 0.999861
1779361465.937180 8.185411 19.341238 0.305164 -0.021440 0.002383 -0.014799 0.999658
1779361465.986699 8.231438 19.341145 0.312197 0.000113 0.002339 -0.009688 0.999950
1779361466.040931 8.285765 19.341402 0.317531 -0.004262 -0.005998 -0.011235 0.999910
1779361466.094917 8.344850 19.335384 0.321010 -0.008806 -0.016298 -0.012401 0.999752
1779361466.148967 8.394656 19.337404 0.311978 -0.010834 0.010945 -0.014663 0.999774
1779361466.204256 8.454078 19.333588 0.313879 -0.011901 0.011315 -0.015637 0.999743
1779361466.257181 8.513079 19.335247 0.314980 -0.015980 0.000248 -0.012619 0.999793
1779361466.311750 8.587981 19.333145 0.303313 -0.012602 -0.004535 -0.009752 0.999863
1779361466.362201 8.614029 19.333572 0.308051 -0.005968 0.007248 -0.007449 0.999928
1779361466.417480 8.675412 19.333330 0.313367 -0.003463 0.003839 -0.007264 0.999960
1779361466.473228 8.739616 19.333529 0.316861 -0.014234 -0.004588 -0.009373 0.999844
1779361466.519830 8.787538 19.329039 0.309552 -0.008447 0.003660 -0.009874 0.999909
1779361466.573111 8.807133 19.333467 0.309370 -0.011100 0.008714 -0.012872 0.999818
1779361466.627529 8.863820 19.333765 0.311775 -0.017955 -0.002444 -0.010736 0.999778
1779361466.683251 8.929828 19.335085 0.313174 -0.018514 -0.011486 -0.007478 0.999735
1779361466.762404 8.982719 19.332680 0.308300 -0.006966 0.004912 -0.005624 0.999948
1779361466.786674 9.044166 19.334312 0.315052 0.002471 0.009343 -0.002200 0.999951
1779361466.841710 9.103397 19.333691 0.319457 -0.004168 0.001124 -0.004430 0.999981
1779361466.891889 9.166141 19.329012 0.312247 -0.011003 -0.003044 -0.005812 0.999918
1779361466.940851 9.205389 19.329788 0.310814 -0.005787 0.012846 -0.008102 0.999868
1779361466.996444 9.263752 19.327980 0.311360 -0.002301 0.009890 -0.008971 0.999908
1779361467.047454 9.323777 19.327576 0.312743 -0.005790 -0.000539 -0.005790 0.999966
1779361467.104495 9.398373 19.328012 0.308507 -0.008677 0.001712 -0.004704 0.999950
1779361467.166515 9.449371 19.321609 0.310959 -0.001687 0.008675 -0.002335 0.999958
1779361467.214712 9.501020 19.322212 0.314693 -0.000405 0.002305 -0.002296 0.999995
1779361467.265677 9.565586 19.320822 0.317118 -0.009598 -0.006779 -0.004214 0.999922
1779361467.318908 9.608093 19.320435 0.309145 -0.004342 0.008376 -0.004682 0.999945
1779361467.374483 9.669310 19.322269 0.310229 -0.003004 0.009838 -0.005622 0.999931
1779361467.430400 9.731349 19.323093 0.311846 -0.008343 -0.001671 -0.002137 0.999962
1779361467.483131 9.799522 19.324934 0.306835 -0.008774 -0.005621 0.000436 0.999946
1779361467.541354 9.847942 19.324417 0.309832 -0.000383 0.007554 0.003058 0.999967
1779361467.594794 9.906960 19.325792 0.317286 0.005076 0.004390 0.002776 0.999974
1779361467.657631 9.965025 19.326420 0.320847 -0.002938 -0.005407 0.001324 0.999980
1779361467.699484 10.026293 19.326368 0.306866 -0.006152 0.001722 0.001942 0.999978
1779361467.753832 10.026234 19.329750 0.310471 -0.013185 0.009842 -0.003738 0.999858
1779361467.804076 10.087468 19.330481 0.314003 -0.017055 0.002610 -0.003994 0.999843
1779361467.857901 10.151731 19.332951 0.314752 -0.019482 -0.009524 -0.000554 0.999765
1779361467.910316 10.211028 19.330887 0.308442 -0.009031 0.001706 0.001824 0.999956
1779361467.960624 10.264567 19.334415 0.312354 -0.009930 0.006837 0.004047 0.999919
1779361468.024220 10.317985 19.334946 0.318413 -0.004831 0.001571 0.003298 0.999982
1779361468.067096 10.370372 19.343092 0.290757 -0.016731 -0.008374 0.001073 0.999824
1779361468.120353 10.393512 19.342686 0.306660 -0.004525 0.003313 0.000923 0.999984
1779361468.173908 10.425648 19.346619 0.310420 -0.010561 0.007142 -0.003081 0.999914
1779361468.228916 10.481556 19.349438 0.313413 -0.018557 -0.002872 -0.001609 0.999822
1779361468.281061 10.546336 19.352377 0.314057 -0.018559 -0.015435 0.001783 0.999707
1779361468.336931 10.609459 19.350100 0.308303 0.004310 0.011453 0.006228 0.999906
1779361468.390288 10.665805 19.355890 0.313894 -0.000154 0.016589 0.006478 0.999841
1779361468.449800 10.728252 19.356689 0.317693 -0.008547 0.007475 0.005596 0.999920
1779361468.500063 10.794170 19.351164 0.306763 -0.008423 0.007982 0.005165 0.999919
1779361468.558218 10.825787 19.354515 0.311197 -0.009308 0.007930 0.001656 0.999924
1779361468.610193 10.891274 19.356977 0.314517 -0.015481 -0.000918 0.002299 0.999877
1779361468.667074 10.947774 19.357893 0.315022 -0.015028 -0.010916 0.005874 0.999810
1779361468.716709 11.014161 19.356245 0.306791 -0.015534 -0.001586 0.006526 0.999857
1779361468.800843 11.036668 19.355022 0.308913 -0.017319 0.001687 0.008945 0.999809
1779361468.848161 11.085958 19.358091 0.313378 -0.019123 -0.000639 0.008656 0.999779
1779361468.880936 11.139126 19.362581 0.315166 -0.026028 -0.002622 0.006678 0.999636
1779361468.935009 11.186206 19.359938 0.307939 -0.007769 0.003506 0.007040 0.999939
1779361468.987293 11.215093 19.365988 0.313670 -0.004848 0.001490 -0.001301 0.999986
1779361469.043605 11.252775 19.367310 0.315259 -0.011206 -0.000576 -0.013147 0.999851
1779361469.093925 11.288744 19.368090 0.313922 -0.013720 -0.003837 -0.029613 0.999460
1779361469.146734 11.327245 19.364931 0.312212 -0.009991 -0.006442 -0.050289 0.998664
1779361469.202902 11.363883 19.360140 0.308096 -0.007580 -0.006277 -0.067858 0.997647
1779361469.254269 11.400837 19.354706 0.307747 -0.010081 0.006864 -0.078635 0.996829
1779361469.317987 11.426540 19.347971 0.312131 -0.002939 -0.000239 -0.089733 0.995961
1779361469.359323 11.455980 19.341175 0.314089 -0.001504 -0.005665 -0.105507 0.994401
1779361469.414759 11.486149 19.333183 0.312898 -0.004423 -0.010385 -0.123796 0.992244
1779361469.465920 11.520821 19.323975 0.310234 -0.009225 -0.008974 -0.146279 0.989160
1779361469.519859 11.549516 19.316732 0.310791 -0.013977 -0.006580 -0.174906 0.984464
1779361469.572034 11.574453 19.312283 0.314486 -0.020166 -0.003265 -0.198873 0.979812
1779361469.632722 11.596227 19.303497 0.313855 -0.016655 -0.003122 -0.219199 0.975533
1779361469.680279 11.622766 19.293390 0.311699 -0.014784 -0.001789 -0.235200 0.971833
1779361469.729784 11.649343 19.281607 0.309049 -0.012691 -0.002570 -0.247349 0.968840
1779361469.787033 11.678147 19.265631 0.306113 -0.008116 -0.005125 -0.258293 0.966019
1779361469.842700 11.703875 19.251600 0.302116 -0.013504 -0.000602 -0.270518 0.962620
1779361469.891496 11.725004 19.233574 0.300054 -0.011605 -0.001214 -0.285008 0.958454
1779361469.958798 11.744492 19.217152 0.306586 -0.001213 -0.010751 -0.304288 0.952519
1779361470.011117 11.766605 19.197832 0.311436 0.000482 -0.017717 -0.333538 0.942570
1779361470.061730 11.790471 19.172960 0.312320 -0.002113 -0.023726 -0.354767 0.934651
1779361470.117303 11.815614 19.147264 0.313369 -0.013712 -0.016489 -0.372543 0.927767
1779361470.171102 11.841792 19.120493 0.313676 -0.001344 -0.003417 -0.386763 0.922172
1779361470.226382 11.867864 19.099283 0.314854 -0.004066 -0.006477 -0.401932 0.915637
1779361470.277619 11.895405 19.069193 0.316545 -0.016252 -0.011547 -0.427753 0.903676
1779361470.331086 11.926362 19.036570 0.316063 -0.027619 -0.025052 -0.462304 0.885937
1779361470.385367 11.952039 19.003801 0.305267 -0.008629 -0.025671 -0.500005 0.865599
1779361470.435433 11.968520 18.968626 0.317928 0.018351 -0.011719 -0.537643 0.842892
1779361470.503237 11.986781 18.926603 0.330634 0.014735 -0.013510 -0.576488 0.816861
1779361470.545436 12.005122 18.874615 0.331574 0.002219 0.003762 -0.610538 0.791975
1779361470.625116 12.019185 18.829802 0.315794 0.022696 -0.013333 -0.640982 0.767105
1779361470.665209 12.024323 18.782907 0.315859 0.011749 -0.001206 -0.662293 0.749152
1779361470.716454 12.032457 18.733488 0.296208 0.009583 -0.007930 -0.677072 0.735812
1779361470.765895 12.032597 18.698376 0.303258 -0.001209 -0.006009 -0.689860 0.723917
1779361470.820626 12.032685 18.639788 0.307407 0.018141 -0.017015 -0.696657 0.716974
1779361470.880623 12.033670 18.583403 0.311584 0.011686 -0.019704 -0.708103 0.705737
1779361470.929986 12.027857 18.522837 0.311193 0.001069 -0.014496 -0.717071 0.696848
1779361470.983635 12.026011 18.481691 0.301089 0.006332 -0.023885 -0.723876 0.689488
1779361471.039065 12.022435 18.428679 0.303638 -0.003992 -0.026668 -0.729746 0.683187
1779361471.101772 12.017427 18.373228 0.306285 -0.008922 -0.028265 -0.730850 0.681894
1779361471.144890 12.018321 18.321625 0.295434 -0.016541 -0.014956 -0.728929 0.684226
1779361471.195330 12.009094 18.279705 0.300266 -0.014817 -0.024865 -0.721284 0.692035
1779361471.265906 12.010533 18.241898 0.307767 -0.017767 -0.021474 -0.717446 0.696057
1779361471.310967 12.011686 18.197845 0.312064 -0.029700 -0.014514 -0.714757 0.698591
1779361471.362231 12.011706 18.153416 0.315053 -0.033749 -0.005843 -0.710758 0.702602
1779361471.417442 12.012824 18.117405 0.307084 -0.042223 -0.008821 -0.708592 0.704299
1779361471.470275 12.016673 18.080683 0.307076 -0.044588 -0.007108 -0.706432 0.706340
1779361471.526969 12.017258 18.045334 0.309918 -0.043101 -0.011484 -0.703446 0.709347
1779361471.577230 12.020267 18.007416 0.310037 -0.043773 -0.012770 -0.700631 0.712065
1779361471.626064 12.025924 17.962090 0.312433 -0.049813 -0.017373 -0.698082 0.714072
1779361471.679942 12.030793 17.913742 0.309005 -0.031977 -0.023706 -0.694075 0.718801
1779361471.735589 12.037161 17.871817 0.310581 -0.031825 -0.012353 -0.690982 0.722066
1779361471.796564 12.039578 17.821411 0.313140 -0.028433 -0.023072 -0.688871 0.723959
1779361471.840255 12.042689 17.772230 0.317422 -0.038139 -0.022732 -0.689652 0.722779
1779361471.893511 12.041255 17.716274 0.316130 -0.033564 -0.020212 -0.688946 0.723753
1779361471.947603 12.049233 17.671394 0.308746 -0.029093 -0.003771 -0.693942 0.719433
1779361472.001038 12.051623 17.616646 0.309696 -0.030703 -0.007232 -0.693912 0.719369
1779361472.052889 12.056344 17.558905 0.313139 -0.035741 -0.014944 -0.691471 0.721365
1779361472.106845 12.063396 17.492908 0.309005 -0.030586 -0.014924 -0.690184 0.722834
1779361472.162236 12.068492 17.443405 0.305685 -0.012147 -0.019534 -0.692725 0.720835
1779361472.214105 12.070301 17.384874 0.308733 -0.017015 -0.025610 -0.706045 0.707500
1779361472.265013 12.065719 17.324444 0.318591 -0.033380 -0.018931 -0.721220 0.691642
1779361472.321269 12.062850 17.268986 0.301326 -0.014274 -0.033476 -0.731450 0.680924
1779361472.373187 12.058622 17.222172 0.305796 -0.016731 -0.028722 -0.741952 0.669628
1779361472.425285 12.053079 17.171839 0.307706 -0.021493 -0.033187 -0.746639 0.664053
1779361472.480680 12.045654 17.107553 0.315805 -0.026029 -0.036741 -0.751303 0.658420
1779361472.532080 12.041737 17.088682 0.302253 -0.012285 -0.029601 -0.754283 0.655767
1779361472.592031 12.032788 17.035517 0.305353 -0.002781 -0.035589 -0.757753 0.651565
1779361472.662437 12.025762 16.980536 0.310124 -0.014299 -0.029859 -0.763481 0.644981
1779361472.721915 12.011464 16.921156 0.301676 -0.015905 -0.021036 -0.763480 0.645293
1779361472.751505 12.007921 16.878904 0.299248 -0.015898 -0.023061 -0.756767 0.653085
1779361472.806944 12.000780 16.833719 0.306075 -0.021096 -0.020497 -0.747466 0.663649
1779361472.863985 11.994353 16.790600 0.310066 -0.024045 -0.016844 -0.736920 0.675343
1779361472.914491 11.990052 16.742311 0.312710 -0.017755 -0.014635 -0.727624 0.685590
1779361472.965631 11.982656 16.704502 0.298935 -0.029580 -0.014814 -0.720963 0.692184
1779361473.019567 11.982537 16.673223 0.306600 -0.028713 -0.018391 -0.716030 0.697237
1779361473.074990 11.984995 16.637100 0.309841 -0.033625 -0.016086 -0.711229 0.701971
1779361473.130768 11.986239 16.597986 0.311315 -0.040587 -0.013131 -0.707041 0.705885
1779361473.179186 11.986245 16.557343 0.319455 -0.036590 -0.006971 -0.703050 0.710164
1779361473.232697 11.990158 16.516773 0.308351 -0.041161 0.001805 -0.701783 0.711199
1779361473.286577 11.992855 16.475756 0.311102 -0.042081 -0.003530 -0.698505 0.714358
1779361473.337359 11.995562 16.431080 0.311889 -0.046078 -0.010768 -0.694651 0.717789
1779361473.391062 12.002363 16.383167 0.314409 -0.052415 -0.016128 -0.691160 0.720618
1779361473.443423 12.002482 16.325062 0.302663 -0.031877 -0.022910 -0.686814 0.725772
1779361473.500529 12.009652 16.276642 0.305661 -0.024161 -0.011316 -0.683981 0.729012
1779361473.550475 12.013992 16.224779 0.309245 -0.022174 -0.020387 -0.682591 0.730180
1779361473.609725 12.017369 16.173090 0.315261 -0.034512 -0.019699 -0.683454 0.728912
1779361473.654845 12.015599 16.118719 0.310622 -0.022488 -0.025952 -0.682426 0.730147
1779361473.708122 12.023612 16.077072 0.309344 -0.025378 -0.012505 -0.685935 0.727112
1779361473.758923 12.027279 16.016769 0.308741 -0.028697 -0.014237 -0.685191 0.727659
1779361473.812400 12.032928 15.960086 0.311696 -0.033031 -0.020893 -0.682727 0.729627
1779361473.868235 12.038227 15.896157 0.301883 -0.028261 -0.018442 -0.681623 0.730925
1779361473.929225 12.040461 15.854195 0.302877 -0.023360 -0.007421 -0.678808 0.733907
1779361473.982400 12.045677 15.797302 0.308863 -0.025959 -0.016029 -0.679219 0.733301
1779361474.032123 12.053502 15.745157 0.313830 -0.035472 -0.011482 -0.681622 0.730754
1779361474.088963 12.055957 15.691132 0.301613 -0.025431 -0.016538 -0.680426 0.732188
1779361474.153342 12.068200 15.655468 0.295748 -0.031159 -0.014604 -0.680545 0.731898
1779361474.195922 12.070172 15.617405 0.305218 -0.027056 -0.016562 -0.679892 0.732626
1779361474.247061 12.073509 15.582912 0.307845 -0.026008 -0.017015 -0.678237 0.734185
1779361474.298797 12.076828 15.541367 0.308813 -0.024405 -0.017136 -0.677074 0.735311
1779361474.353014 12.083763 15.497677 0.311586 -0.022247 -0.013805 -0.676274 0.736185
1779361474.405837 12.085655 15.460537 0.307434 -0.025995 -0.018916 -0.676644 0.735608
1779361474.463264 12.089141 15.424418 0.310470 -0.027055 -0.033766 -0.677643 0.734117
1779361474.513474 12.094853 15.381761 0.312973 -0.034419 -0.036586 -0.679385 0.732060
1779361474.563835 12.096183 15.338469 0.319105 -0.041575 -0.036031 -0.679190 0.731898
1779361474.617696 12.098948 15.292847 0.310173 -0.028210 -0.021277 -0.682237 0.730277
1779361474.669988 12.102423 15.248495 0.308068 -0.026157 -0.016020 -0.685300 0.727615
1779361474.722248 12.106630 15.197852 0.309608 -0.029929 -0.019172 -0.684155 0.728470
1779361474.777080 12.112027 15.143952 0.312352 -0.033828 -0.027440 -0.681676 0.730356
1779361474.828873 12.117509 15.082150 0.303782 -0.026170 -0.027623 -0.680527 0.731734
1779361474.883896 12.124225 15.037699 0.303506 -0.016369 -0.015005 -0.679448 0.733388
1779361474.936607 12.127912 14.994099 0.307907 -0.019245 -0.020960 -0.683590 0.729312
1779361474.989868 12.132929 14.948957 0.311578 -0.029979 -0.016724 -0.691545 0.721517
1779361475.047495 12.132237 14.900702 0.305750 -0.027995 -0.013498 -0.697080 0.716319
1779361475.094819 12.141388 14.864789 0.293885 -0.032349 -0.016154 -0.700655 0.712584
1779361475.149481 12.144685 14.831394 0.305615 -0.030951 -0.017825 -0.704327 0.708977
1779361475.202652 12.146255 14.797588 0.307536 -0.030346 -0.017993 -0.706400 0.706933
1779361475.256833 12.148808 14.760436 0.307975 -0.030769 -0.017798 -0.708043 0.705275
1779361475.317541 12.148777 14.722735 0.309108 -0.025883 -0.018221 -0.708205 0.705297
1779361475.366695 12.151350 14.689502 0.305557 -0.026613 -0.010858 -0.708907 0.704716
1779361475.430686 12.147163 14.660987 0.301077 -0.025877 -0.019693 -0.710283 0.703165
1779361475.479306 12.146922 14.633080 0.305074 -0.024856 -0.028425 -0.711692 0.701476
1779361475.524647 12.148285 14.603943 0.306726 -0.029437 -0.026267 -0.714625 0.698394
1779361475.578403 12.148131 14.572933 0.307188 -0.035776 -0.023514 -0.718959 0.693733
1779361475.628764 12.146079 14.540019 0.307505 -0.036869 -0.020778 -0.724625 0.687843
1779361475.730489 12.146289 14.511636 0.305176 -0.042810 -0.018014 -0.731846 0.679886
1779361475.740116 12.146270 14.484601 0.305449 -0.043821 -0.014563 -0.734977 0.676518
1779361475.785100 12.144016 14.459666 0.309962 -0.034252 -0.018778 -0.738724 0.672875
1779361475.839829 12.141615 14.431888 0.308854 -0.030546 -0.017120 -0.742192 0.669272
1779361475.897318 12.140429 14.401318 0.308007 -0.027165 -0.014928 -0.743756 0.667732
1779361475.946944 12.137621 14.364698 0.308063 -0.027910 -0.017575 -0.744914 0.666344
1779361476.000259 12.133681 14.327448 0.310542 -0.025450 -0.019624 -0.745984 0.665188
1779361476.052855 12.132618 14.287263 0.314151 -0.020179 -0.016678 -0.746388 0.664996
1779361476.107579 12.127423 14.250267 0.310548 -0.025493 -0.027284 -0.749187 0.661306
1779361476.163541 12.123968 14.208923 0.308628 -0.029414 -0.032678 -0.752180 0.657490
1779361476.214478 12.117166 14.158663 0.313185 -0.039145 -0.026892 -0.753925 0.655241
1779361476.266925 12.113480 14.117203 0.305898 -0.024698 -0.023940 -0.761432 0.647332
1779361476.320223 12.111409 14.074121 0.306504 -0.029020 -0.027813 -0.773033 0.633091
1779361476.374788 12.099865 14.027881 0.305040 -0.035041 -0.030343 -0.779914 0.624168
1779361476.428115 12.089704 13.976395 0.307432 -0.039927 -0.033944 -0.785267 0.616936
1779361476.480993 12.078418 13.919982 0.319216 -0.036122 -0.032256 -0.790680 0.610311
1779361476.531160 12.066126 13.877493 0.307007 -0.009410 -0.028277 -0.792482 0.609167
1779361476.587605 12.051953 13.825618 0.310249 -0.008381 -0.030156 -0.797239 0.602852
1779361476.640897 12.035673 13.774671 0.314965 -0.019644 -0.028921 -0.802775 0.595257
1779361476.692506 12.014534 13.721560 0.313942 -0.014880 -0.023894 -0.806977 0.589912
1779361476.758235 12.000932 13.678823 0.305267 -0.009239 -0.016258 -0.811107 0.584599
1779361476.800301 11.983760 13.631893 0.307044 -0.019610 -0.021371 -0.812420 0.582352
1779361476.866371 11.970167 13.591577 0.309511 -0.024981 -0.021441 -0.812312 0.582293
1779361476.901912 11.950230 13.528395 0.301856 -0.019910 -0.012617 -0.810052 0.585885
1779361476.956353 11.933713 13.497166 0.304809 -0.018959 -0.019566 -0.801551 0.597305
1779361477.015828 11.922093 13.460649 0.309731 -0.020528 -0.020022 -0.795210 0.605655
1779361477.064822 11.913974 13.423259 0.312898 -0.029672 -0.012172 -0.790134 0.612094
1779361477.123422 11.903407 13.377928 0.315187 -0.034289 -0.007500 -0.784515 0.619116
1779361477.176775 11.897363 13.341635 0.304904 -0.034112 -0.002078 -0.781386 0.623111
1779361477.224858 11.890882 13.308679 0.305823 -0.031973 -0.003169 -0.777564 0.627982
1779361477.281049 11.885672 13.281754 0.310127 -0.031236 -0.006986 -0.773470 0.633025
1779361477.334095 11.880013 13.249138 0.309791 -0.032097 -0.007034 -0.769732 0.637522
1779361477.395038 11.874827 13.213866 0.309643 -0.032018 -0.008322 -0.766466 0.641433
1779361477.439533 11.868268 13.178897 0.310059 -0.026880 -0.010692 -0.763377 0.645305
1779361477.493958 11.861609 13.145276 0.302646 -0.028279 -0.008067 -0.761003 0.648081
1779361477.544794 11.855324 13.119096 0.305710 -0.027892 -0.017485 -0.757948 0.651484
1779361477.599441 11.851581 13.090492 0.307324 -0.027312 -0.023367 -0.757610 0.651717
1779361477.653611 11.848296 13.062072 0.307499 -0.033945 -0.021233 -0.758420 0.650535
1779361477.707496 11.843833 13.028095 0.307242 -0.039005 -0.018569 -0.758139 0.650661
1779361477.761304 11.839829 13.000916 0.308117 -0.036079 -0.015563 -0.757819 0.651280
1779361477.813037 11.839590 12.969951 0.306349 -0.038415 -0.005018 -0.759494 0.649359
1779361477.867083 11.838194 12.947903 0.311460 -0.031464 -0.004884 -0.757387 0.652189
1779361477.919025 11.834514 12.917236 0.310743 -0.029480 -0.004590 -0.756763 0.653008
1779361477.975722 11.832932 12.886131 0.310266 -0.028899 -0.003019 -0.755407 0.654611
1779361478.030015 11.829431 12.852860 0.309199 -0.026204 -0.004058 -0.753376 0.657055
1779361478.082697 11.824357 12.819304 0.308601 -0.017682 -0.006009 -0.751504 0.659465
1779361478.135422 11.818846 12.791018 0.305033 -0.013610 -0.002196 -0.750183 0.661087
1779361478.190956 11.813494 12.765800 0.306967 -0.012652 -0.006407 -0.748868 0.662567
1779361478.245814 11.810479 12.740927 0.306710 -0.009500 -0.012917 -0.744546 0.667378
1779361478.303450 11.808281 12.715513 0.305571 -0.011506 -0.014505 -0.736638 0.676034
1779361478.349257 11.804827 12.686362 0.303621 -0.012803 -0.019521 -0.727873 0.685314
1779361478.406442 11.805436 12.656957 0.303437 -0.016484 -0.007740 -0.722400 0.691235
1779361478.457039 11.804879 12.627948 0.308034 -0.009768 0.002046 -0.717664 0.696319
1779361478.511034 11.808499 12.603859 0.311727 -0.012248 0.001397 -0.709908 0.704186
1779361478.585441 11.811311 12.578605 0.313933 -0.016451 0.003728 -0.703456 0.710539
1779361478.616196 11.815914 12.549619 0.313294 -0.022856 0.002619 -0.698087 0.715643
1779361478.670043 11.820480 12.517581 0.310852 -0.025818 0.000617 -0.693707 0.719794
1779361478.725554 11.822989 12.482340 0.306942 -0.013989 -0.003070 -0.688412 0.725179
1779361478.776584 11.827841 12.452094 0.306191 -0.009815 0.006429 -0.681388 0.731828
1779361478.834878 11.827971 12.424565 0.311621 -0.006809 0.001228 -0.670920 0.741497
1779361478.882285 11.832299 12.399615 0.311867 -0.010963 -0.002013 -0.658295 0.752678
1779361478.935057 11.838342 12.372750 0.310687 -0.018363 -0.003218 -0.641461 0.766929
1779361478.988835 11.845599 12.344159 0.309366 -0.021890 -0.004966 -0.621858 0.782809
1779361479.038865 11.858146 12.312356 0.307103 -0.023062 0.011124 -0.604608 0.796111
1779361479.093358 11.866891 12.286800 0.311836 -0.017883 0.009240 -0.592893 0.805029
1779361479.148734 11.880059 12.263083 0.315128 -0.018232 0.010827 -0.577315 0.816246
1779361479.206595 11.893661 12.237725 0.315239 -0.024723 0.010089 -0.564178 0.825221
1779361479.254741 11.910220 12.209682 0.313040 -0.030229 0.007945 -0.552942 0.832634
1779361479.311587 11.923914 12.178865 0.308863 -0.013997 0.004864 -0.536078 0.844039
1779361479.364947 11.941577 12.153334 0.311628 -0.016603 0.014621 -0.514061 0.857468
1779361479.419798 11.953423 12.129814 0.315462 -0.014604 0.013290 -0.488054 0.872590
1779361479.477371 11.970148 12.110888 0.314466 -0.015936 0.010585 -0.461503 0.886932
1779361479.530636 11.989530 12.089739 0.312780 -0.019685 0.005962 -0.432448 0.901424
1779361479.585445 12.014297 12.065787 0.309104 -0.021752 0.006935 -0.399684 0.916369
1779361479.633758 12.036162 12.050081 0.310387 -0.023228 0.008878 -0.369459 0.928914
1779361479.686285 12.057207 12.036060 0.315753 -0.024526 0.008365 -0.333841 0.942273
1779361479.763079 12.080476 12.020463 0.318741 -0.024363 0.014558 -0.290966 0.956312
1779361479.794734 12.108933 12.006824 0.318105 -0.028711 0.013705 -0.245449 0.968888
1779361479.844747 12.135986 11.989366 0.313242 -0.025077 0.010638 -0.202673 0.978868
1779361479.900001 12.163347 11.978992 0.314297 -0.027285 0.014543 -0.160542 0.986545
1779361479.956244 12.186252 11.969306 0.316315 -0.028715 0.008578 -0.119643 0.992365
1779361480.012948 12.214493 11.964277 0.315910 -0.030648 -0.001926 -0.083772 0.996012
1779361480.058759 12.247638 11.960007 0.313669 -0.028275 -0.010906 -0.051207 0.998228
1779361480.121129 12.282282 11.967108 0.311132 -0.036457 0.000426 -0.036490 0.998669
1779361480.169330 12.310234 11.968614 0.312305 -0.035706 0.001284 -0.030405 0.998899
1779361480.219556 12.339386 11.971710 0.312230 -0.032084 -0.000169 -0.019153 0.999302
1779361480.272767 12.373643 11.976150 0.312260 -0.037330 -0.007431 -0.008590 0.999238
1779361480.326258 12.412496 11.981791 0.311183 -0.034852 -0.021126 0.000145 0.999169
1779361480.385923 12.458079 11.985985 0.309946 -0.012263 -0.014887 0.011274 0.999751
1779361480.431703 12.499571 11.987864 0.313522 -0.015474 0.002080 0.021875 0.999639
1779361480.484981 12.543774 11.992739 0.316047 -0.006258 0.003185 0.026120 0.999634
1779361480.539792 12.593378 11.997281 0.317830 -0.013342 0.000028 0.028324 0.999510
1779361480.593180 12.644927 11.994922 0.314014 -0.002094 -0.000803 0.032322 0.999475
1779361480.651739 12.685972 12.003855 0.312898 -0.010028 0.005630 0.033689 0.999366
1779361480.698355 12.738723 12.004722 0.314100 -0.008383 0.000383 0.038127 0.999238
1779361480.751292 12.785068 12.009444 0.314545 -0.007459 -0.007834 0.042221 0.999050
1779361480.806726 12.852992 12.021652 0.306680 -0.014569 -0.004849 0.044170 0.998906
1779361480.860251 12.888302 12.018562 0.305729 -0.001988 -0.009660 0.047338 0.998830
1779361480.918456 12.942743 12.024433 0.313215 0.001463 -0.018109 0.046195 0.998767
1779361480.966038 12.993762 12.027544 0.318615 -0.004762 -0.031661 0.045250 0.998462
1779361481.022356 13.045989 12.034602 0.312443 -0.015359 -0.017253 0.045132 0.998714
1779361481.068922 13.093930 12.037634 0.309745 -0.009252 -0.004056 0.044513 0.998958
1779361481.122890 13.152328 12.044271 0.310509 -0.009846 -0.014449 0.044962 0.998836
1779361481.175910 13.208311 12.051825 0.312625 -0.008247 -0.027651 0.049461 0.998359
1779361481.229331 13.281034 12.061004 0.302323 -0.002408 -0.026500 0.053215 0.998229
1779361481.286798 13.327563 12.066051 0.309145 0.011605 -0.009796 0.056341 0.998296
1779361481.339074 13.381494 12.072600 0.314552 0.010267 -0.013016 0.056141 0.998285
1779361481.390411 13.444471 12.076829 0.319898 0.001892 -0.022060 0.054990 0.998241
1779361481.442314 13.477232 12.079411 0.309496 0.000957 -0.006050 0.054635 0.998488
1779361481.499834 13.517010 12.085863 0.311560 -0.006286 0.004903 0.049828 0.998726
1779361481.549486 13.571385 12.090500 0.313446 -0.008434 0.003478 0.051980 0.998606
1779361481.602857 13.630538 12.094501 0.299450 -0.002379 0.007587 0.060583 0.998132
1779361481.656151 13.673180 12.106578 0.301431 -0.030282 0.002829 0.072487 0.996906
1779361481.712406 13.712016 12.104851 0.310863 -0.014463 0.004107 0.094989 0.995365
1779361481.762569 13.751133 12.118115 0.315360 -0.020359 0.003109 0.114138 0.993252
1779361481.819276 13.797305 12.134095 0.315615 -0.027344 0.000057 0.135122 0.990452
1779361481.869664 13.832941 12.143259 0.310979 -0.017269 -0.000906 0.151378 0.988325
1779361481.926820 13.866294 12.159678 0.313587 -0.029474 -0.000665 0.162234 0.986312
1779361481.981380 13.899759 12.173095 0.315939 -0.029213 -0.003711 0.175785 0.983988
1779361482.032711 13.936702 12.191051 0.314928 -0.031690 -0.013354 0.188167 0.981535
1779361482.082804 13.977015 12.211275 0.312705 -0.027963 -0.022502 0.197144 0.979717
1779361482.137679 14.020801 12.230654 0.310735 -0.012696 -0.000148 0.206440 0.978377
1779361482.191248 14.055330 12.250444 0.312543 -0.018718 0.005672 0.213195 0.976814
1779361482.244364 14.100824 12.273401 0.314400 -0.015467 0.003428 0.219574 0.975467
1779361482.298578 14.146852 12.299581 0.315627 -0.026276 -0.003080 0.222330 0.974612
1779361482.350880 14.194107 12.320572 0.308117 -0.010217 0.003398 0.225947 0.974080
1779361482.403219 14.225823 12.339575 0.313699 -0.015952 0.002830 0.227152 0.973725
1779361482.456281 14.262998 12.356331 0.316461 -0.016259 0.004077 0.232847 0.972369
1779361482.509222 14.305776 12.376095 0.314344 -0.011366 0.006887 0.237868 0.971206
1779361482.562818 14.345416 12.394978 0.304868 -0.018413 0.006748 0.240305 0.970499
1779361482.618987 14.376715 12.407255 0.306605 -0.009501 0.003599 0.241373 0.970379
1779361482.672773 14.404120 12.422380 0.313234 -0.004115 0.003790 0.242518 0.970131
1779361482.724202 14.431775 12.441136 0.314555 -0.010619 0.000048 0.241993 0.970220
1779361482.776186 14.461735 12.460291 0.312835 -0.019508 -0.000266 0.242533 0.969947
1779361482.845829 14.492805 12.474510 0.312084 -0.008235 -0.004674 0.243007 0.969978
1779361482.893273 14.519336 12.496001 0.314776 -0.018850 -0.006412 0.231036 0.972741
1779361482.946028 14.542302 12.508744 0.315934 -0.020163 -0.006172 0.218152 0.975687
1779361483.001810 14.569624 12.524337 0.314047 -0.024278 -0.007151 0.206847 0.978046
1779361483.053295 14.598962 12.540100 0.311865 -0.022821 -0.009769 0.197595 0.979970
1779361483.106146 14.623259 12.551243 0.309842 -0.017944 -0.012445 0.191304 0.981288
1779361483.159527 14.659533 12.562968 0.306485 -0.011220 0.004229 0.187432 0.982205
1779361483.211185 14.681339 12.568576 0.307978 -0.017007 0.000816 0.177834 0.983913
1779361483.267975 14.707203 12.575361 0.311442 -0.005961 -0.005630 0.160474 0.987006
1779361483.324578 14.734022 12.583120 0.312108 -0.006686 -0.008931 0.140665 0.989994
1779361483.370849 14.764530 12.591090 0.310111 -0.007877 -0.013662 0.126167 0.991884
1779361483.425761 14.791265 12.600871 0.307457 -0.013341 -0.010826 0.114803 0.993240
1779361483.478636 14.819205 12.609008 0.312505 -0.012486 -0.007640 0.104153 0.994454
1779361483.536131 14.842074 12.616067 0.315823 -0.009446 -0.007334 0.091969 0.995690
1779361483.585537 14.867683 12.621611 0.314760 -0.007711 -0.008075 0.082029 0.996567
1779361483.641825 14.899453 12.629983 0.312624 -0.008260 -0.011349 0.072353 0.997280
1779361483.692834 14.932839 12.637352 0.309334 -0.006247 -0.015159 0.065965 0.997687
1779361483.746692 14.966496 12.642407 0.308024 0.001507 -0.010246 0.062483 0.997992
1779361483.803257 15.009448 12.649084 0.309827 -0.001613 0.004325 0.060120 0.998181
1779361483.852494 15.046156 12.652080 0.312027 0.003050 -0.006030 0.054443 0.998494
1779361483.907574 15.083210 12.655808 0.313119 0.006833 -0.013918 0.047165 0.998767
1779361483.960038 15.129110 12.660254 0.314379 -0.002278 -0.016887 0.040368 0.999040
1779361484.012836 15.177500 12.662086 0.309983 -0.006650 -0.007615 0.036683 0.999276
1779361484.069405 15.214641 12.670306 0.310312 -0.008218 0.003447 0.032062 0.999446
1779361484.115331 15.253135 12.671515 0.310367 -0.012162 0.006268 0.029807 0.999462
1779361484.169502 15.300928 12.674140 0.309430 -0.009135 0.004794 0.023522 0.999670
1779361484.222536 15.344567 12.676424 0.299691 -0.014793 0.005529 0.012445 0.999798
1779361484.276385 15.378099 12.672462 0.299240 -0.010399 0.002284 0.005077 0.999931
1779361484.330148 15.413715 12.672580 0.310742 -0.001615 0.003043 0.000214 0.999994
1779361484.384758 15.448606 12.674750 0.315107 -0.005324 0.002821 -0.007537 0.999954
1779361484.436347 15.486563 12.675596 0.314468 -0.009475 0.002811 -0.014112 0.999852
1779361484.492298 15.526168 12.675032 0.311264 -0.002897 0.002078 -0.018483 0.999823
1779361484.556739 15.556361 12.678074 0.314137 -0.014368 0.002779 -0.023835 0.999609
1779361484.599127 15.582869 12.677336 0.315163 -0.012772 0.003861 -0.024971 0.999599
1779361484.652239 15.611837 12.676900 0.314829 -0.014917 0.002231 -0.027627 0.999505
1779361484.705701 15.645021 12.676639 0.312586 -0.014337 -0.000304 -0.028243 0.999498
1779361484.759240 15.680355 12.674312 0.309671 -0.011197 0.001130 -0.027520 0.999558
1779361484.813813 15.712687 12.672720 0.304935 -0.019277 0.004175 -0.028325 0.999404
1779361484.865061 15.738905 12.666815 0.307217 -0.008386 0.001064 -0.028577 0.999556
1779361484.923333 15.765913 12.663984 0.310681 -0.001465 -0.002504 -0.030099 0.999543
1779361484.972493 15.791927 12.663054 0.310610 -0.004465 -0.004916 -0.034077 0.999397
1779361485.025806 15.823626 12.660777 0.308838 -0.006901 -0.007243 -0.036436 0.999286
1779361485.079873 15.857060 12.659370 0.305698 -0.011720 -0.004027 -0.038107 0.999197
1779361485.134743 15.889837 12.657108 0.310340 -0.016660 0.001409 -0.042337 0.998964
1779361485.186134 15.913560 12.658745 0.314488 -0.018627 0.000322 -0.040793 0.998994
1779361485.246618 15.949687 12.656200 0.313746 -0.019277 -0.000601 -0.039445 0.999036
1779361485.296637 15.989422 12.656240 0.310816 -0.019286 -0.004276 -0.037950 0.999084
1779361485.349097 16.030821 12.653365 0.308240 -0.015160 -0.003728 -0.035315 0.999254
1779361485.400862 16.067289 12.649446 0.304855 -0.017611 0.004022 -0.034156 0.999253
1779361485.455626 16.101461 12.642359 0.307939 -0.008457 -0.000965 -0.032243 0.999444
1779361485.510488 16.134031 12.639264 0.311546 -0.000139 -0.005812 -0.035010 0.999370
1779361485.564613 16.167810 12.637771 0.311806 -0.005246 -0.007819 -0.038293 0.999222
1779361485.615313 16.208982 12.634491 0.310561 -0.010309 -0.008647 -0.038970 0.999150
1779361485.668900 16.245398 12.633154 0.308981 -0.016077 0.004730 -0.041580 0.998995
1779361485.725343 16.275013 12.634205 0.312941 -0.015030 0.006859 -0.045602 0.998823
1779361485.778644 16.306585 12.632936 0.314579 -0.017709 0.005734 -0.054629 0.998333
1779361485.829096 16.341686 12.632644 0.313001 -0.020020 0.003635 -0.065144 0.997668
1779361485.883389 16.376738 12.629468 0.310406 -0.017017 0.002054 -0.073099 0.997177
1779361485.937088 16.412296 12.623632 0.306477 -0.013058 0.003575 -0.080093 0.996695
1779361485.990025 16.443108 12.616045 0.305066 -0.014699 0.008557 -0.085412 0.996201
1779361486.041220 16.466633 12.609276 0.309070 -0.009185 0.002394 -0.090058 0.995891
1779361486.095990 16.494350 12.603730 0.311203 -0.003803 0.000180 -0.097007 0.995277
1779361486.148990 16.522549 12.597805 0.310266 -0.005490 -0.003022 -0.101941 0.994771
1779361486.206070 16.553455 12.591305 0.308100 -0.007173 -0.003796 -0.098303 0.995123
1779361486.258930 16.586105 12.586046 0.306842 -0.017660 0.009024 -0.087808 0.995940
1779361486.307894 16.613670 12.583475 0.311524 -0.019032 0.008862 -0.074518 0.996999
1779361486.362292 16.639187 12.582932 0.314900 -0.021538 0.003355 -0.062494 0.997807
1779361486.417904 16.669878 12.582622 0.315015 -0.026195 -0.002933 -0.051850 0.998307
1779361486.469413 16.705177 12.582912 0.312056 -0.027190 -0.008737 -0.043257 0.998656
1779361486.523875 16.739162 12.580167 0.307023 -0.011234 -0.006642 -0.034234 0.999329
1779361486.576158 16.771917 12.579626 0.310287 -0.012003 -0.002111 -0.025647 0.999597
1779361486.630455 16.803553 12.575339 0.313239 -0.007100 -0.008920 -0.020418 0.999727
1779361486.682849 16.838827 12.573623 0.313896 -0.005623 -0.011975 -0.019005 0.999732
1779361486.735381 16.880575 12.569593 0.313759 -0.006781 -0.021811 -0.016778 0.999598
1779361486.789099 16.924274 12.568367 0.312818 -0.024457 -0.000323 -0.019221 0.999516
1779361486.844071 16.960747 12.566186 0.315795 -0.010762 0.003565 -0.019736 0.999741
1779361486.900304 17.008707 12.566033 0.318634 -0.015282 -0.002379 -0.015995 0.999753
1779361486.950531 17.058228 12.565995 0.317799 -0.015605 -0.010437 -0.010841 0.999765
1779361487.002753 17.117500 12.569050 0.314288 -0.014321 -0.009011 -0.008081 0.999824
1779361487.059687 17.165287 12.568656 0.314817 -0.004162 0.007939 -0.004604 0.999949
1779361487.113440 17.213417 12.568325 0.318399 0.000868 0.002658 -0.003642 0.999989
1779361487.165644 17.267298 12.567225 0.319692 -0.005044 -0.006627 -0.004990 0.999953
1779361487.219092 17.326767 12.565351 0.314587 -0.010869 0.001792 -0.004652 0.999928
1779361487.273128 17.369675 12.562682 0.314392 -0.011159 0.018530 -0.008370 0.999731
1779361487.327940 17.428701 12.563180 0.317029 -0.017396 0.010493 -0.008539 0.999757
1779361487.382592 17.492262 12.562956 0.312773 -0.016185 0.001240 -0.004812 0.999857
1779361487.435781 17.534010 12.561007 0.307271 -0.015876 0.007023 -0.003347 0.999844
1779361487.488890 17.562670 12.557884 0.314128 -0.001606 0.011652 -0.001003 0.999930
1779361487.554648 17.617868 12.559125 0.317915 -0.003345 0.006589 -0.002479 0.999970
1779361487.599381 17.686918 12.556707 0.320288 -0.011798 0.003026 -0.002382 0.999923
1779361487.652512 17.729527 12.558175 0.311930 -0.010574 0.016662 -0.004711 0.999794
1779361487.704588 17.788137 12.557677 0.314167 -0.010850 0.013815 -0.006386 0.999825
1779361487.760175 17.846521 12.558340 0.315111 -0.013005 0.002181 -0.003680 0.999906
1779361487.812843 17.920599 12.560778 0.306657 -0.012661 0.004866 -0.001659 0.999907
1779361487.864739 17.967812 12.562016 0.312600 0.001637 0.009308 0.002353 0.999953
1779361487.936703 18.021770 12.563061 0.319194 0.003369 0.003884 0.002303 0.999984
1779361487.981111 18.080585 12.560439 0.321749 -0.006606 -0.007517 -0.000795 0.999950
1779361488.026448 18.136337 12.561038 0.314401 -0.013025 0.008835 -0.001400 0.999875
1779361488.082773 18.151714 12.554110 0.314795 -0.002599 0.018658 -0.002531 0.999819
1779361488.132453 18.208750 12.554651 0.317385 -0.008680 0.011683 -0.001176 0.999893
1779361488.187370 18.275551 12.554910 0.304032 -0.007733 0.003930 0.001904 0.999961
1779361488.246157 18.311346 12.556677 0.309462 -0.003437 0.015024 -0.002671 0.999878
1779361488.295110 18.367085 12.555225 0.314607 -0.000006 0.015996 -0.020487 0.999662
1779361488.349353 18.428173 12.549908 0.308594 -0.020108 0.013689 -0.051247 0.998390
1779361488.402912 18.483793 12.536945 0.304400 0.011274 0.011982 -0.076729 0.996916
1779361488.468337 18.523043 12.538279 0.310740 0.003019 0.003336 -0.104097 0.994557
1779361488.510676 18.576468 12.528589 0.313161 -0.000199 -0.009641 -0.119875 0.992742
1779361488.562602 18.639585 12.518796 0.313931 -0.003688 -0.023646 -0.132201 0.990934
1779361488.615524 18.691181 12.498078 0.305909 0.032293 0.005492 -0.137809 0.989917
1779361488.670720 18.744673 12.484780 0.314466 0.027932 0.013441 -0.148928 0.988362
1779361488.722712 18.795219 12.466249 0.318821 0.016954 0.003705 -0.161615 0.986701
1779361488.775795 18.855888 12.438709 0.309906 0.009597 0.000693 -0.172088 0.985035
1779361488.829629 18.885984 12.424990 0.310527 0.010603 0.019858 -0.180620 0.983295
1779361488.880301 18.942543 12.402557 0.312055 0.005226 0.011462 -0.188236 0.982043
1779361488.933899 18.996447 12.383201 0.313328 -0.004783 -0.002773 -0.192795 0.981224
1779361488.984633 19.056593 12.350998 0.303777 -0.005428 -0.010188 -0.208786 0.977893
1779361489.038004 19.103197 12.327261 0.311669 0.011017 0.004321 -0.233095 0.972382
1779361489.092056 19.153940 12.300910 0.316654 0.003756 0.001761 -0.265872 0.964000
1779361489.149491 19.205444 12.266427 0.311551 -0.013842 0.003258 -0.299163 0.954096
1779361489.198633 19.247932 12.234135 0.306815 0.015791 -0.009639 -0.324767 0.945613
1779361489.252238 19.290562 12.210787 0.313071 0.003924 -0.012068 -0.349437 0.936874
1779361489.306492 19.335995 12.178282 0.314811 -0.006210 -0.025841 -0.364810 0.930703
1779361489.361625 19.387445 12.137759 0.301460 -0.007367 -0.033279 -0.375542 0.926179
1779361489.413605 19.418640 12.091677 0.307801 0.038897 -0.007880 -0.378345 0.924814
1779361489.464697 19.459969 12.057579 0.315538 0.034654 -0.003727 -0.387093 0.921382
1779361489.522451 19.499798 12.012321 0.319315 0.020014 -0.009380 -0.399431 0.916497
1779361489.575654 19.538805 11.961366 0.309803 0.015671 -0.001754 -0.408732 0.912518
1779361489.632027 19.554262 11.947165 0.313292 0.016630 0.017364 -0.418954 0.907689
1779361489.685424 19.591900 11.903973 0.316123 0.006669 0.007971 -0.424252 0.905484
1779361489.739043 19.632708 11.853707 0.313527 -0.001340 -0.001916 -0.425318 0.905041
1779361489.793241 19.660015 11.816182 0.309296 0.002236 0.006368 -0.427309 0.904080
1779361489.846364 19.703281 11.766266 0.314932 0.010465 0.009205 -0.427513 0.903902
1779361489.900925 19.740471 11.721349 0.318421 0.002770 0.005142 -0.431386 0.902148
1779361489.952180 19.779997 11.668549 0.310058 -0.007292 0.007348 -0.434404 0.900659
1779361490.005831 19.789940 11.655105 0.310788 0.006492 0.012299 -0.438591 0.898579
1779361490.071241 19.825836 11.611621 0.313195 -0.003855 0.007186 -0.439625 0.898144
1779361490.112443 19.864670 11.563300 0.314340 -0.012270 0.000104 -0.437447 0.899161
1779361490.173139 19.905516 11.512523 0.308307 -0.011335 0.005725 -0.437677 0.899043
1779361490.219095 19.938091 11.470128 0.315979 0.003569 0.004716 -0.434000 0.900893
1779361490.273983 19.971334 11.428419 0.321113 0.001774 0.000119 -0.435465 0.900204
1779361490.325701 20.008947 11.375645 0.318082 -0.009957 -0.005100 -0.437380 0.899207
1779361490.378560 20.014126 11.370790 0.310658 -0.003106 0.013426 -0.439340 0.898215
1779361490.433304 20.048481 11.324172 0.314441 -0.002607 0.017299 -0.440501 0.897582
1779361490.485215 20.087095 11.276869 0.316122 -0.011765 0.008647 -0.439107 0.898317
1779361490.540308 20.132086 11.219048 0.303017 -0.008746 0.006593 -0.437369 0.899215
1779361490.592695 20.134048 11.210896 0.308255 -0.001292 0.011645 -0.435528 0.900099
1779361490.647483 20.168606 11.166635 0.314455 0.002576 0.008111 -0.436704 0.899565
1779361490.700217 20.205507 11.119446 0.317479 -0.009740 0.003643 -0.438409 0.898716
1779361490.754843 20.239466 11.071934 0.312447 -0.004383 0.009995 -0.438948 0.898446
1779361490.810772 20.252670 11.059753 0.313269 -0.002965 0.016327 -0.443029 0.896354
1779361490.862499 20.291370 11.013739 0.315699 -0.014029 0.009272 -0.442069 0.896824
1779361490.915483 20.333679 10.960970 0.305254 -0.017326 0.001485 -0.438475 0.898575
1779361490.969300 20.355726 10.926250 0.309676 -0.006758 0.012794 -0.436667 0.899507
1779361491.020631 20.400448 10.875257 0.316442 0.004077 0.009107 -0.434746 0.900498
1779361491.077302 20.438000 10.828440 0.319577 -0.004539 0.005346 -0.434989 0.900409
1779361491.129213 20.474855 10.773658 0.311998 -0.001951 0.006677 -0.439058 0.898432
1779361491.182308 20.480495 10.770754 0.315472 0.005161 0.003653 -0.459589 0.888110
1779361491.233947 20.517973 10.720383 0.316779 -0.013155 -0.001287 -0.481997 0.876073
1779361491.288889 20.550245 10.671520 0.315658 -0.022459 -0.013875 -0.498835 0.866295
1779361491.349439 20.582035 10.608765 0.302884 -0.002737 -0.008724 -0.513607 0.857977
1779361491.400063 20.605495 10.560267 0.309799 0.024948 0.004782 -0.523764 0.851485
1779361491.454650 20.628544 10.508703 0.317931 0.025232 -0.004265 -0.537692 0.842753
1779361491.508775 20.649527 10.450564 0.321076 0.008564 -0.007730 -0.552506 0.833429
1779361491.562764 20.662859 10.407093 0.311323 0.019240 0.003071 -0.562693 0.826436
1779361491.615588 20.658094 10.392778 0.312424 0.017824 0.007368 -0.573677 0.818855
1779361491.672114 20.678997 10.339722 0.314397 0.002572 0.001422 -0.580610 0.814177
1779361491.722545 20.694952 10.272294 0.304343 -0.002113 -0.004504 -0.595716 0.803180
1779361491.780869 20.702833 10.235463 0.310154 0.013022 -0.000402 -0.615339 0.788155
1779361491.834031 20.717468 10.177577 0.315117 0.010972 -0.001800 -0.636321 0.771345
1779361491.888225 20.726479 10.116070 0.317150 -0.000103 0.002595 -0.654840 0.755763
1779361491.939099 20.730453 10.060374 0.308196 0.018488 -0.008958 -0.667776 0.744079
1779361491.991794 20.738726 10.017801 0.311362 0.009308 -0.004692 -0.680970 0.732238
1779361492.045259 20.745502 9.961026 0.313881 -0.004898 -0.010536 -0.689174 0.724503
1779361492.098187 20.749445 9.897576 0.310555 -0.013731 -0.016763 -0.694949 0.718733
1779361492.147975 20.749136 9.832833 0.308078 0.019155 -0.013071 -0.698958 0.714787
1779361492.201764 20.751978 9.775084 0.316248 0.025844 -0.006315 -0.711510 0.702172
1779361492.260326 20.747063 9.715467 0.320942 0.012612 0.005419 -0.735832 0.677025
1779361492.312498 20.727106 9.662786 0.308707 0.024070 -0.010490 -0.760303 0.649038
1779361492.361640 20.722538 9.622339 0.308469 0.017125 -0.009952 -0.785605 0.618412
1779361492.414849 20.708250 9.562714 0.307730 0.008651 -0.009900 -0.802652 0.596303
1779361492.469684 20.691868 9.498774 0.297825 0.006126 -0.006872 -0.815953 0.578045
1779361492.525866 20.682627 9.472578 0.304969 0.030199 -0.020429 -0.821007 0.569752
1779361492.575690 20.663628 9.421066 0.312323 0.031213 -0.020275 -0.829919 0.556641
1779361492.633189 20.638771 9.372316 0.315947 0.017338 -0.017167 -0.839571 0.542702
1779361492.682643 20.605225 9.325841 0.309295 0.029402 -0.022666 -0.845748 0.532290
1779361492.738184 20.598465 9.303247 0.307741 0.023323 -0.010495 -0.852659 0.521842
1779361492.787946 20.572519 9.252623 0.311429 0.004999 -0.008847 -0.856557 0.515953
1779361492.844033 20.537298 9.184840 0.303380 0.000759 -0.007176 -0.859328 0.511375
1779361492.895987 20.530046 9.171739 0.309017 0.006839 -0.002050 -0.860648 0.509151
1779361492.947682 20.502750 9.125628 0.315556 0.011363 -0.008826 -0.863037 0.504936
1779361493.002958 20.473068 9.071221 0.318919 -0.000005 -0.001337 -0.866430 0.499297
1779361493.059276 20.438110 9.022502 0.311186 0.004362 0.004194 -0.868215 0.496151
1779361493.109671 20.420362 8.981459 0.311063 0.010247 0.009962 -0.871474 0.490233
1779361493.166101 20.392946 8.934420 0.313447 0.003675 0.006832 -0.871664 0.490043
1779361493.215063 20.366070 8.889085 0.308940 0.002352 0.005646 -0.869064 0.494662
1779361493.266217 20.344025 8.844037 0.304009 -0.003951 0.023806 -0.863591 0.503614
1779361493.320506 20.316204 8.816799 0.310255 -0.000691 0.006804 -0.853649 0.520803
1779361493.373306 20.301043 8.779332 0.315361 -0.002417 0.008271 -0.843101 0.537686
1779361493.426765 20.284216 8.739854 0.316243 -0.009006 0.007413 -0.831557 0.555318
1779361493.477328 20.268772 8.694924 0.312815 -0.009945 0.014996 -0.820886 0.570809
1779361493.532289 20.261604 8.662300 0.308657 -0.006667 0.023317 -0.814292 0.579948
1779361493.584645 20.255907 8.627450 0.314030 -0.014002 0.023527 -0.806368 0.590780
1779361493.639401 20.249140 8.588849 0.315113 -0.027307 0.023835 -0.798155 0.601361
1779361493.691808 20.244440 8.542934 0.312535 -0.042821 0.018243 -0.790488 0.610707
1779361493.745725 20.231203 8.489286 0.315869 -0.015174 0.004770 -0.783085 0.621712
1779361493.805445 20.227451 8.445269 0.317787 -0.013055 0.016614 -0.778911 0.626779
1779361493.857233 20.219658 8.397547 0.320645 -0.008179 0.014653 -0.776304 0.630135
1779361493.908475 20.209810 8.345675 0.321378 -0.016372 0.015503 -0.774469 0.632210
1779361493.961218 20.201857 8.303211 0.313695 -0.004065 0.013262 -0.772448 0.634927
1779361494.015296 20.195312 8.253014 0.314201 -0.004940 0.016159 -0.771924 0.635490
1779361494.078151 20.186550 8.202667 0.313991 -0.012437 0.012343 -0.768782 0.639271
1779361494.121046 20.176466 8.138946 0.311602 -0.015358 0.008101 -0.765699 0.642965
1779361494.175094 20.172401 8.100958 0.309846 -0.009030 0.015609 -0.764619 0.644231
1779361494.230074 20.162998 8.038863 0.314453 0.000563 0.005114 -0.761797 0.647795
1779361494.278762 20.157701 7.988574 0.317455 -0.011586 0.004152 -0.762687 0.646651
1779361494.332153 20.144690 7.925494 0.314790 -0.016648 0.006179 -0.761706 0.647679
1779361494.385732 20.137775 7.883043 0.309676 0.001605 0.014510 -0.762061 0.647341
1779361494.446628 20.130026 7.821523 0.311575 -0.006685 0.013360 -0.762702 0.646578
1779361494.506028 20.123037 7.763419 0.313419 -0.016471 0.006314 -0.760709 0.648853
1779361494.550393 20.107519 7.697056 0.302915 -0.017371 -0.000467 -0.765436 0.643277
1779361494.607508 20.095934 7.651376 0.311550 0.009536 -0.000695 -0.776410 0.630155
1779361494.655193 20.083965 7.594747 0.318070 0.005335 -0.000712 -0.790429 0.612531
1779361494.714943 20.066133 7.535051 0.321362 -0.007366 0.008127 -0.804343 0.594065
1779361494.761692 20.047689 7.488060 0.311581 0.010820 -0.007471 -0.812740 0.582479
1779361494.846307 20.037828 7.434687 0.314293 0.003760 -0.002084 -0.821067 0.570816
1779361494.882560 20.015753 7.365060 0.315393 -0.016745 -0.007244 -0.827115 0.561736
1779361494.935335 19.992064 7.303374 0.302576 -0.020534 -0.009977 -0.830335 0.556797
1779361494.992866 19.967033 7.252771 0.309939 0.016594 -0.009572 -0.831128 0.555751
1779361495.043230 19.947134 7.199120 0.315195 0.018249 -0.002721 -0.835090 0.549804
1779361495.096754 19.922016 7.144152 0.317387 0.006282 0.000897 -0.839657 0.543081
1779361495.149423 19.891249 7.097763 0.308655 0.014545 -0.002981 -0.842294 0.538814
1779361495.203120 19.889891 7.082376 0.311103 0.011880 0.005196 -0.846763 0.531812
1779361495.255215 19.865789 7.031215 0.314395 -0.007195 0.005922 -0.854401 0.519530
1779361495.312500 19.837744 6.975713 0.311273 -0.025174 -0.000886 -0.867212 0.497301
1779361495.373346 19.799925 6.926419 0.305991 0.007281 -0.016827 -0.879355 0.475814
1779361495.421932 19.772047 6.877824 0.313816 0.020463 -0.016827 -0.890942 0.453345
1779361495.474844 19.735407 6.829987 0.319304 0.012640 -0.006492 -0.905911 0.423230
1779361495.527477 19.695272 6.795921 0.310874 0.014042 -0.011941 -0.921863 0.387078
1779361495.578807 19.668478 6.760458 0.309805 0.006505 -0.016300 -0.941042 0.337835
1779361495.639650 19.632261 6.720488 0.307174 -0.005870 0.001190 -0.958711 0.284318
1779361495.685995 19.587772 6.697102 0.295269 -0.026454 -0.000287 -0.973866 0.225577
1779361495.737478 19.568237 6.702915 0.307738 0.015933 -0.051065 -0.982888 0.176266
1779361495.792611 19.519810 6.679133 0.321883 0.015900 -0.044988 -0.992285 0.114426
1779361495.845171 19.467709 6.668164 0.328487 0.014303 -0.017187 -0.998281 0.054181
1779361495.901154 19.418068 6.654607 0.313332 0.021869 -0.028997 -0.999333 0.003781
1779361495.955024 19.390072 6.654014 0.314185 0.011525 -0.007496 -0.999157 -0.038683
1779361496.004675 19.338799 6.643202 0.310299 -0.004225 -0.005180 -0.997368 -0.072198
1779361496.058951 19.277758 6.649172 0.308303 -0.019887 -0.005211 -0.995091 -0.096811
1779361496.113384 19.231821 6.662167 0.314945 0.006947 -0.048796 -0.992695 -0.110126
1779361496.166312 19.179567 6.669158 0.322494 0.010191 -0.052181 -0.990237 -0.128859
1779361496.215148 19.133663 6.686299 0.323604 0.008783 -0.035755 -0.988440 -0.147078
1779361496.270998 19.089916 6.705287 0.313700 0.012089 -0.051713 -0.985545 -0.160876
1779361496.322051 19.041348 6.721715 0.311111 0.013392 -0.034111 -0.983749 -0.175771
1779361496.381748 18.986959 6.742144 0.313101 0.003928 -0.019872 -0.982736 -0.183901
1779361496.430826 18.929672 6.761127 0.306153 0.006155 -0.005719 -0.981061 -0.193519
1779361496.485291 18.925087 6.772939 0.310235 0.006019 -0.016949 -0.980394 -0.196226
1779361496.544786 18.874624 6.793121 0.314555 0.004622 -0.014573 -0.979242 -0.202118
1779361496.597965 18.811934 6.823284 0.315389 0.001136 -0.004104 -0.977975 -0.208678
1779361496.648226 18.771954 6.837248 0.308800 0.014723 -0.004869 -0.976556 -0.214703
1779361496.701206 18.718164 6.859565 0.310640 0.008573 0.004864 -0.975757 -0.218633
1779361496.755396 18.663496 6.880836 0.312166 -0.005544 0.014638 -0.975733 -0.218404
1779361496.812196 18.598848 6.909904 0.302178 -0.010114 0.016272 -0.975752 -0.218040
1779361496.861094 18.559242 6.932940 0.309632 0.009505 -0.000176 -0.976142 -0.216926
1779361496.914642 18.507227 6.953420 0.315462 0.011588 -0.005145 -0.975770 -0.218431
1779361496.973982 18.450581 6.979837 0.317864 0.007625 0.005560 -0.975219 -0.221042
1779361497.040791 18.401079 7.005319 0.311477 0.009148 -0.006612 -0.974873 -0.222473
1779361497.087460 18.354954 7.021666 0.312430 0.014983 0.003551 -0.973985 -0.226087
1779361497.128645 18.302275 7.045314 0.314566 0.004956 0.010040 -0.974557 -0.223861
1779361497.187757 18.243822 7.072262 0.306427 -0.003065 0.012574 -0.975214 -0.220884
1779361497.240701 18.222284 7.086636 0.304972 0.015158 0.015295 -0.975231 -0.220140
1779361497.291967 18.190397 7.103098 0.313060 0.015446 0.005679 -0.976614 -0.214372
1779361497.345274 18.150805 7.112074 0.314944 0.017042 0.011648 -0.977985 -0.207651
1779361497.400427 18.103323 7.125219 0.314726 0.015335 0.022115 -0.980105 -0.196648
1779361497.459104 18.058725 7.142204 0.310454 0.015554 0.013686 -0.984021 -0.176842
1779361497.505155 18.027760 7.145573 0.313604 0.018132 0.024119 -0.987716 -0.153316
1779361497.558233 17.988850 7.155028 0.319086 0.015635 0.030832 -0.991483 -0.125568
1779361497.614551 17.947802 7.161657 0.317608 0.009633 0.033749 -0.994392 -0.099760
1779361497.665226 17.903727 7.172438 0.310632 0.010384 0.023031 -0.996558 -0.078950
1779361497.722197 17.868811 7.174823 0.311688 0.013809 0.023340 -0.997631 -0.063229
1779361497.768545 17.837986 7.180470 0.313688 0.004013 0.017088 -0.998639 -0.049114
1779361497.822291 17.799135 7.180728 0.315119 -0.001872 0.017770 -0.999106 -0.038310
1779361497.875214 17.752375 7.184850 0.315321 -0.009797 0.022366 -0.999299 -0.028378
1779361497.929837 17.715406 7.186211 0.312258 0.005947 0.021127 -0.999500 -0.022747
1779361497.983068 17.674362 7.186504 0.314403 0.006361 0.020193 -0.999657 -0.015400
1779361498.037635 17.623941 7.186112 0.315680 -0.000631 0.020019 -0.999784 -0.005482
1779361498.095260 17.565578 7.184929 0.314871 -0.010955 0.013551 -0.999841 0.003674
1779361498.148160 17.512041 7.181330 0.310953 0.007358 0.000953 -0.999922 0.010009
1779361498.203170 17.459885 7.178085 0.313955 0.011303 0.003908 -0.999792 0.016531
1779361498.257067 17.411108 7.176304 0.317683 0.004139 0.004072 -0.999813 0.018454
1779361498.309212 17.347830 7.174960 0.318702 -0.004017 0.012015 -0.999709 0.020545
1779361498.363188 17.302345 7.173485 0.311076 0.011693 0.010047 -0.999665 0.020789
1779361498.415905 17.247694 7.170232 0.311794 0.013106 0.013319 -0.999601 0.021190
1779361498.469906 17.191380 7.165298 0.312757 0.001697 0.014593 -0.999565 0.025580
1779361498.524452 17.126629 7.161739 0.300089 -0.007487 0.010855 -0.999442 0.030701
1779361498.582421 17.084871 7.163728 0.304020 0.008967 0.005626 -0.999344 0.034630
1779361498.629232 17.021778 7.158066 0.310637 0.009756 -0.002558 -0.999263 0.037025
1779361498.687402 16.964182 7.153279 0.315201 0.001251 0.003762 -0.999345 0.035972
1779361498.735396 16.899101 7.152400 0.308319 -0.003365 0.008331 -0.999322 0.035698
1779361498.789175 16.886316 7.150326 0.308635 0.013982 0.004093 -0.999329 0.033597
1779361498.844855 16.828978 7.146365 0.311780 0.007320 0.006498 -0.999392 0.033476
1779361498.901096 16.770176 7.141831 0.310585 -0.003374 0.009567 -0.999250 0.037360
1779361498.951525 16.710026 7.136401 0.302871 0.005261 0.013718 -0.999193 0.037387
1779361499.010722 16.690889 7.138060 0.307855 0.004268 0.005050 -0.999086 0.042239
1779361499.058566 16.651161 7.133011 0.314165 0.005650 0.000966 -0.998809 0.048455
1779361499.122682 16.607719 7.120347 0.314505 -0.001798 0.009550 -0.998155 0.059927
1779361499.176853 16.548542 7.109514 0.312494 0.002976 0.017362 -0.996143 0.085959
1779361499.228949 16.518902 7.097321 0.313335 0.007567 0.025548 -0.993725 0.108634
1779361499.283199 16.483231 7.086168 0.318991 0.001989 0.029368 -0.990170 0.136737
1779361499.335967 16.446131 7.071510 0.320846 -0.004691 0.034043 -0.985071 0.168685
1779361499.386873 16.401995 7.057804 0.314824 -0.005391 0.028398 -0.978493 0.204247
1779361499.441117 16.373516 7.043698 0.315780 0.000955 0.029944 -0.970618 0.238755
1779361499.497039 16.345150 7.031284 0.317184 -0.001144 0.026877 -0.960570 0.276733
1779361499.543224 16.321051 7.011200 0.316251 -0.007291 0.031620 -0.951293 0.306576
1779361499.595008 16.291279 6.985226 0.314160 -0.014522 0.034371 -0.942071 0.333332
1779361499.653421 16.266628 6.961365 0.307275 -0.011153 0.038038 -0.933636 0.356023
1779361499.705065 16.249098 6.937718 0.312336 -0.008797 0.039964 -0.928187 0.369857
1779361499.759156 16.224817 6.908124 0.315135 -0.014141 0.039653 -0.920189 0.389204
1779361499.810280 16.200031 6.872655 0.314855 -0.025020 0.033789 -0.912724 0.406408
1779361499.864512 16.173771 6.835242 0.307805 -0.022456 0.016651 -0.907039 0.420118
1779361499.920424 16.145153 6.795890 0.309749 -0.003003 0.018955 -0.900524 0.434382
1779361499.972948 16.117966 6.757666 0.313887 0.001816 0.008557 -0.896262 0.443439
1779361500.023960 16.089043 6.717015 0.316117 -0.003630 0.012474 -0.893982 0.447914
1779361500.078670 16.051996 6.669022 0.313850 -0.006419 0.015419 -0.891986 0.451754
1779361500.131764 16.033756 6.633899 0.312626 -0.000283 0.008126 -0.899165 0.437535
1779361500.190569 16.003672 6.598268 0.316144 -0.008902 0.008536 -0.909542 0.415428
1779361500.241294 15.970169 6.554167 0.316449 -0.027238 0.004312 -0.920435 0.389923
1779361500.290261 15.927117 6.512784 0.301693 -0.029449 -0.008064 -0.930432 0.365190
1779361500.345318 15.893471 6.490905 0.304346 0.013341 -0.019308 -0.935645 0.352162
1779361500.398123 15.856212 6.453007 0.313932 0.016410 -0.019530 -0.942606 0.332931
1779361500.454746 15.811381 6.420826 0.318425 0.009645 -0.008473 -0.949193 0.314434
1779361500.505547 15.763502 6.392510 0.309779 0.019069 -0.030243 -0.952820 0.301423
1779361500.558322 15.726746 6.360180 0.313528 0.010987 -0.011564 -0.957750 0.287159
1779361500.611249 15.681805 6.331715 0.316018 -0.000586 -0.006385 -0.960612 0.277821
1779361500.666153 15.629127 6.298001 0.310386 -0.006624 -0.004813 -0.962576 0.270889
1779361500.718209 15.595006 6.276198 0.312720 0.008453 -0.004765 -0.964089 0.265402
1779361500.771380 15.545977 6.247534 0.317495 0.016699 -0.010814 -0.965430 0.259902
1779361500.824300 15.499358 6.219303 0.319040 0.008601 -0.002583 -0.967340 0.253323
1779361500.876326 15.442676 6.196564 0.311681 0.012304 -0.000599 -0.968433 0.248969
1779361500.930307 15.410294 6.172356 0.311839 0.015629 0.000971 -0.969913 0.242949
1779361500.983285 15.358171 6.142583 0.314567 0.002379 0.004662 -0.970416 0.241384
1779361501.033925 15.305421 6.113695 0.314959 -0.008985 0.003934 -0.970258 0.241875
1779361501.097073 15.253865 6.086748 0.309886 0.003113 0.000779 -0.970403 0.241469
1779361501.142039 15.205987 6.058512 0.314994 0.010374 -0.007873 -0.969860 0.243316
1779361501.196980 15.157099 6.031239 0.318092 0.004377 -0.003283 -0.970654 0.240419
1779361501.248663 15.096669 6.001783 0.313808 -0.002226 0.005284 -0.971192 0.238230
1779361501.302831 15.090417 5.994261 0.311286 0.011599 -0.000498 -0.973572 0.228087
1779361501.357309 15.042178 5.970181 0.315196 0.002281 0.005531 -0.978329 0.206972
1779361501.408725 14.991369 5.944096 0.315427 -0.019034 0.009809 -0.983123 0.181691
1779361501.461828 14.931578 5.921072 0.296024 -0.029710 0.001252 -0.986732 0.159613
1779361501.517814 14.874005 5.910940 0.305428 0.016319 -0.026469 -0.988212 0.149902
1779361501.568653 14.822022 5.889864 0.316601 0.017296 -0.020837 -0.990864 0.132116
1779361501.621783 14.765924 5.878037 0.321427 0.008956 -0.010862 -0.993292 0.114773
1779361501.674263 14.708032 5.872604 0.310353 0.015088 -0.021688 -0.994471 0.101639
1779361501.728834 14.666770 5.861425 0.312636 0.008618 -0.016947 -0.996238 0.084544
1779361501.781667 14.612259 5.852546 0.316464 -0.007181 -0.004216 -0.998203 0.059336
1779361501.834763 14.561614 5.844406 0.296693 -0.023338 -0.000737 -0.999364 0.026943
1779361501.890931 14.521284 5.854055 0.305392 0.000459 -0.033707 -0.999431 0.000818
1779361501.953656 14.460227 5.851493 0.316262 0.012318 -0.039755 -0.998855 -0.023611
1779361501.995013 14.406400 5.856049 0.321187 0.010074 -0.028552 -0.998400 -0.047764
1779361502.048975 14.342230 5.868969 0.312957 0.015402 -0.017604 -0.997286 -0.069809
1779361502.101676 14.300538 5.874333 0.309361 0.012255 -0.024575 -0.995851 -0.086758
1779361502.171871 14.244941 5.882400 0.312697 0.001908 -0.013643 -0.994907 -0.099853
1779361502.210982 14.183817 5.895297 0.300054 -0.009189 -0.007638 -0.993955 -0.109137
1779361502.269888 14.135109 5.910124 0.304685 -0.000919 -0.010795 -0.993034 -0.117329
1779361502.315201 14.069553 5.923542 0.314417 0.006967 -0.027770 -0.992349 -0.120099
1779361502.372267 14.015265 5.938208 0.319341 0.004058 -0.021422 -0.991243 -0.130238
1779361502.421395 13.953123 5.960350 0.312597 0.002818 -0.012793 -0.990354 -0.137940
1779361502.474818 13.911652 5.971345 0.311361 0.016067 -0.006630 -0.989173 -0.145721
1779361502.527015 13.854976 5.987963 0.313916 0.009975 -0.001709 -0.988340 -0.151929
1779361502.581470 13.793914 6.005636 0.315488 -0.000746 0.004226 -0.988244 -0.152824
1779361502.634882 13.734795 6.021352 0.307774 0.004918 0.008324 -0.987861 -0.155038
1779361502.686498 13.732473 6.028174 0.311246 0.008787 -0.003235 -0.988069 -0.153731
1779361502.738111 13.678835 6.043898 0.316039 0.008827 -0.002283 -0.987628 -0.156550
1779361502.800194 13.613780 6.065584 0.317286 0.005940 0.008501 -0.987214 -0.159060
1779361502.850980 13.589432 6.074373 0.310178 0.012447 -0.000694 -0.986690 -0.162136
1779361502.909037 13.536302 6.087971 0.314949 0.007030 0.005915 -0.985782 -0.167779
1779361502.954944 13.480121 6.105012 0.315207 -0.006266 0.011209 -0.986101 -0.165651
1779361503.008029 13.413564 6.124807 0.303974 -0.010737 0.013285 -0.986284 -0.164170
1779361503.062965 13.364266 6.144733 0.313027 0.013024 -0.001678 -0.986814 -0.161326
1779361503.113903 13.309774 6.160745 0.318746 0.012502 -0.002681 -0.986816 -0.161338
1779361503.170226 13.251232 6.180978 0.320450 0.005300 0.006054 -0.986519 -0.163447
1779361503.221268 13.199223 6.203914 0.311613 0.005201 -0.007074 -0.986518 -0.163417
1779361503.274304 13.148222 6.213751 0.313612 0.011290 0.003022 -0.985963 -0.166555
1779361503.328323 13.092042 6.232450 0.315089 0.001993 0.009494 -0.986253 -0.164959
1779361503.380740 13.029674 6.253523 0.304962 -0.003369 0.010543 -0.986733 -0.161972
1779361503.439559 12.989391 6.267085 0.309923 0.009364 0.001669 -0.987098 -0.159837
1779361503.489564 12.931482 6.287163 0.315559 0.007460 -0.010932 -0.987393 -0.157733
1779361503.543930 12.873440 6.304703 0.318968 -0.001225 -0.000780 -0.986993 -0.160756
1779361503.594324 12.813982 6.330595 0.311298 0.003099 0.001255 -0.987029 -0.160510
1779361503.648794 12.771701 6.338697 0.312960 0.012784 -0.000645 -0.986571 -0.162831
1779361503.703381 12.716133 6.356773 0.315145 0.004617 0.005743 -0.986818 -0.161667
1779361503.756721 12.656957 6.375425 0.315868 -0.006441 0.007149 -0.987513 -0.157246
1779361503.808120 12.620192 6.387941 0.307176 0.004637 0.007308 -0.987644 -0.156476
1779361503.859785 12.587914 6.397982 0.313996 0.009837 -0.001961 -0.988201 -0.152832
1779361503.913367 12.535500 6.411738 0.318167 0.009995 0.005475 -0.987877 -0.154821
1779361503.964177 12.482967 6.421468 0.304524 0.012398 0.016029 -0.988313 -0.151085
1779361504.014114 12.441141 6.436739 0.304189 0.007505 -0.000216 -0.990487 -0.137405
1779361504.068071 12.404695 6.442455 0.311976 0.009248 0.009386 -0.992272 -0.123378
1779361504.128157 12.359513 6.453580 0.315940 0.007672 0.011584 -0.994575 -0.103089
1779361504.175234 12.314153 6.463027 0.313436 0.009867 0.008299 -0.996261 -0.085429
1779361504.228241 12.272164 6.473341 0.306654 0.003944 0.018834 -0.997177 -0.072580
1779361504.281295 12.239478 6.483171 0.313097 0.000687 0.002390 -0.998145 -0.060825
1779361504.335865 12.200027 6.485674 0.315502 -0.003559 0.001381 -0.998650 -0.051810
1779361504.387164 12.154494 6.491369 0.315485 -0.013638 0.006091 -0.998912 -0.044175
1779361504.441306 12.114508 6.494274 0.312616 0.000727 0.024150 -0.998937 -0.039262
1779361504.494423 12.071602 6.499516 0.315802 0.008381 0.015223 -0.999157 -0.037202
1779361504.547887 12.022987 6.501015 0.318426 0.000543 0.021400 -0.999274 -0.031510
1779361504.610859 11.969282 6.501164 0.317951 -0.011713 0.022578 -0.999367 -0.024861
1779361504.653624 11.906680 6.500178 0.311182 -0.008278 0.013389 -0.999690 -0.019298
1779361504.707526 11.859055 6.498273 0.313544 0.008922 0.001857 -0.999840 -0.015417
1779361504.772722 11.806478 6.498733 0.317090 0.008544 0.002880 -0.999866 -0.013663
1779361504.815678 11.745586 6.499861 0.318400 0.003498 0.014618 -0.999807 -0.012654
1779361504.867189 11.691486 6.502224 0.309775 0.005421 -0.002492 -0.999927 -0.010560
1779361504.924212 11.637541 6.499741 0.313633 0.002623 0.006314 -0.999883 -0.013707
1779361504.978767 11.581183 6.498806 0.316343 -0.001956 0.011461 -0.999877 -0.010540
1779361505.050209 11.521967 6.496970 0.317103 -0.013132 0.011801 -0.999821 -0.006838
1779361505.085040 11.476284 6.501939 0.308005 0.005663 -0.005094 -0.999965 -0.003458
1779361505.140241 11.416435 6.498813 0.313470 0.010796 -0.005952 -0.999924 -0.000810
1779361505.190252 11.359270 6.497872 0.316995 0.007131 -0.000606 -0.999973 -0.001832
1779361505.244745 11.293636 6.501279 0.304899 0.007778 0.009239 -0.999925 -0.002130
1779361505.309492 11.247684 6.499680 0.309302 0.006680 0.002673 -0.999964 -0.004471
1779361505.358078 11.190112 6.498766 0.314642 0.002569 0.007655 -0.999964 -0.002817
1779361505.406026 11.127554 6.498050 0.316484 -0.007186 0.009988 -0.999924 0.000535
1779361505.456740 11.077903 6.494235 0.309076 -0.000881 0.020096 -0.999797 0.000667
1779361505.511586 11.056077 6.497796 0.311877 0.004989 0.001258 -0.999982 0.003150
1779361505.564565 11.000700 6.495256 0.316001 0.001200 0.002921 -0.999992 0.002253
1779361505.618596 10.933544 6.496747 0.318993 -0.003474 0.011422 -0.999926 0.002303
1779361505.673687 10.888990 6.492286 0.311107 0.010175 0.011414 -0.999882 0.001190
1779361505.723804 10.828402 6.491667 0.313174 0.008601 0.010069 -0.999912 -0.000758
1779361505.777694 10.771239 6.489237 0.314240 -0.003848 0.013116 -0.999904 0.002511
1779361505.831447 10.690839 6.488629 0.302916 -0.004576 0.017269 -0.999832 0.004049
1779361505.884275 10.649731 6.488471 0.309229 0.010041 0.001826 -0.999925 0.006783
1779361505.938197 10.594901 6.485883 0.314896 0.008731 0.000426 -0.999936 0.007246
1779361505.990986 10.531284 6.485960 0.318195 0.001903 0.011042 -0.999919 0.005965
1779361506.047390 10.480825 6.486261 0.309007 0.006705 0.001277 -0.999959 0.005985
1779361506.097776 10.422010 6.482872 0.311085 0.007196 0.005393 -0.999949 0.004520
1779361506.154014 10.363956 6.480874 0.312936 -0.002766 0.008640 -0.999925 0.008177
1779361506.203087 10.298882 6.477619 0.305089 -0.006301 0.008858 -0.999886 0.010484
1779361506.254161 10.258850 6.477337 0.308803 0.006504 0.006277 -0.999871 0.013277
1779361506.315176 10.201550 6.475611 0.314127 0.006509 0.001954 -0.999881 0.013851
1779361506.366565 10.145882 6.471758 0.317086 -0.000837 0.010701 -0.999865 0.012467
1779361506.415009 10.088743 6.477390 0.304283 0.005469 0.003607 -0.999889 0.013371
1779361506.468424 10.042226 6.465208 0.311229 0.006247 0.005089 -0.999905 0.011185
1779361506.521683 10.001935 6.465858 0.313028 0.005950 0.006074 -0.999880 0.012972
1779361506.574991 9.953778 6.466994 0.308872 0.013473 0.004337 -0.999772 0.016007
1779361506.628198 9.914951 6.467453 0.301287 0.015212 0.015859 -0.999619 0.016713
1779361506.682280 9.885324 6.468805 0.303926 0.008918 0.020876 -0.999586 0.017676
1779361506.740068 9.864841 6.471304 0.308178 0.010137 0.009177 -0.999694 0.020605
1779361506.793345 9.846882 6.467067 0.312027 0.014754 0.011912 -0.999624 0.019825
1779361506.847164 9.827329 6.462066 0.311583 0.021611 0.019140 -0.999417 0.018234
1779361506.894835 9.813505 6.458628 0.310752 0.018914 0.012992 -0.999591 0.017076
1779361506.948425 9.799465 6.455576 0.310701 0.016236 0.014486 -0.999636 0.015935
1779361507.010180 9.786934 6.450673 0.308202 0.016079 0.017646 -0.999578 0.016533
1779361507.067478 9.780566 6.449368 0.309240 0.015305 0.020445 -0.999478 0.019768
1779361507.120866 9.775920 6.450130 0.309858 0.015904 0.018612 -0.999456 0.022124
1779361507.171811 9.771522 6.451018 0.310364 0.016498 0.015486 -0.999488 0.022619
1779361507.226678 9.767123 6.451285 0.310170 0.015382 0.014183 -0.999561 0.020999
1779361507.277688 9.761170 6.450341 0.310004 0.014209 0.015907 -0.999584 0.019426
1779361507.335536 9.755806 6.448889 0.309372 0.013456 0.017593 -0.999570 0.019206
1779361507.385331 9.751531 6.447453 0.307565 0.009532 0.019020 -0.999610 0.018088
1779361507.439923 9.748590 6.447466 0.307111 0.008632 0.020461 -0.999565 0.019387
1779361507.491214 9.746834 6.446771 0.307117 0.007801 0.022804 -0.999496 0.020674
1779361507.546480 9.745655 6.446120 0.307078 0.008082 0.022995 -0.999485 0.020860
1779361507.597884 9.745681 6.445639 0.307229 0.007660 0.023598 -0.999478 0.020718
1779361507.651254 9.745757 6.445530 0.307280 0.007631 0.023832 -0.999465 0.021045
1779361507.704844 9.745727 6.445587 0.307285 0.007617 0.023776 -0.999467 0.021031
1779361507.755975 9.745547 6.445668 0.307411 0.007743 0.023665 -0.999473 0.020847
1779361507.808753 9.745413 6.445654 0.307317 0.007887 0.023753 -0.999470 0.020817
1779361507.862931 9.745434 6.445562 0.307310 0.007979 0.023903 -0.999464 0.020901
1779361507.911350 9.745575 6.445429 0.307321 0.008002 0.024083 -0.999459 0.020908
1779361507.965164 9.745681 6.445377 0.307320 0.007983 0.024141 -0.999462 0.020716
1779361508.023073 9.745642 6.445378 0.307325 0.008041 0.024144 -0.999464 0.020619
1779361508.071723 9.745575 6.445372 0.307339 0.008145 0.024178 -0.999462 0.020606
1779361508.128967 9.745531 6.445326 0.307363 0.008216 0.024280 -0.999459 0.020596
1779361508.177953 9.745539 6.445215 0.307367 0.008275 0.024427 -0.999456 0.020548
1779361508.231546 9.745543 6.445140 0.307387 0.008302 0.024526 -0.999455 0.020456
1779361508.284885 9.745537 6.445147 0.307402 0.008363 0.024528 -0.999455 0.020458
1779361508.338151 9.745562 6.445177 0.307392 0.008389 0.024502 -0.999453 0.020544
1779361508.393874 9.745624 6.445143 0.307416 0.008443 0.024560 -0.999453 0.020475
1779361508.444801 9.745687 6.445045 0.307439 0.008472 0.024686 -0.999453 0.020335
1779361508.498896 9.745786 6.444989 0.307439 0.008497 0.024744 -0.999454 0.020184
1779361508.555529 9.745904 6.444966 0.307451 0.008603 0.024838 -0.999451 0.020185
1779361508.605113 9.746037 6.444921 0.307460 0.008645 0.024919 -0.999447 0.020248
1779361508.659570 9.746117 6.444892 0.307472 0.008681 0.024985 -0.999444 0.020286
1779361508.711474 9.746156 6.444865 0.307479 0.008706 0.025041 -0.999444 0.020227
1779361508.775942 9.746130 6.444835 0.307482 0.008760 0.025107 -0.999442 0.020207
1779361508.817281 9.746147 6.444784 0.307502 0.008783 0.025166 -0.999441 0.020186
1779361508.871516 9.746118 6.444721 0.307526 0.008850 0.025266 -0.999438 0.020169
1779361508.925265 9.746140 6.444695 0.307526 0.008866 0.025300 -0.999439 0.020095
1779361508.976273 9.746152 6.444701 0.307518 0.008884 0.025308 -0.999438 0.020133
1779361509.028195 9.746121 6.444682 0.307537 0.008991 0.025348 -0.999433 0.020236
1779361509.082555 9.746099 6.444626 0.307552 0.009082 0.025415 -0.999433 0.020137
1779361509.134924 9.746121 6.444575 0.307568 0.009154 0.025479 -0.999433 0.020021
1779361509.188431 9.746189 6.444559 0.307570 0.009205 0.025507 -0.999432 0.020001
1779361509.238189 9.746268 6.444541 0.307575 0.009270 0.025572 -0.999429 0.020043
1779361509.296091 9.746366 6.444499 0.307585 0.009318 0.025623 -0.999430 0.019913
1779361509.348348 9.746425 6.444459 0.307611 0.009389 0.025669 -0.999430 0.019793
1779361509.400093 9.746457 6.444415 0.307616 0.009410 0.025742 -0.999430 0.019698
1779361509.457027 9.746452 6.444420 0.307630 0.009465 0.025758 -0.999430 0.019650
1779361509.504846 9.746400 6.444339 0.307645 0.009580 0.025887 -0.999426 0.019652
1779361509.556154 9.746384 6.444315 0.307659 0.009614 0.025921 -0.999425 0.019639
1779361509.610130 9.746335 6.444290 0.307670 0.009698 0.025959 -0.999424 0.019569
1779361509.662055 9.746316 6.444256 0.307678 0.009758 0.026012 -0.999423 0.019535
1779361509.714658 9.746316 6.444232 0.307697 0.009816 0.026072 -0.999420 0.019594
1779361509.768711 9.746303 6.444160 0.307722 0.009891 0.026162 -0.999417 0.019570
1779361509.823758 9.746265 6.444109 0.307716 0.010001 0.026241 -0.999416 0.019477
1779361509.874053 9.744925 6.443875 0.307736 0.009959 0.026315 -0.999414 0.019494
1779361509.927050 9.741428 6.443310 0.307630 0.007295 0.024798 -0.999467 0.019961
1779361509.981955 9.734788 6.442630 0.307413 0.006811 0.024238 -0.999453 0.021446
1779361510.037493 9.724979 6.442025 0.306472 0.006850 0.023495 -0.999431 0.023207
1779361510.089195 9.712945 6.441519 0.304197 0.008069 0.021244 -0.999430 0.024949
1779361510.141317 9.698706 6.441433 0.301835 0.008891 0.018239 -0.999424 0.027201
1779361510.197337 9.685379 6.441890 0.300455 0.010960 0.015011 -0.999391 0.029531
1779361510.246818 9.672445 6.442637 0.300282 0.015564 0.012485 -0.999326 0.030824
1779361510.299935 9.662947 6.445405 0.301915 0.019228 0.012108 -0.999415 0.025551
1779361510.355226 9.646961 6.445757 0.302844 0.021993 0.012571 -0.999563 0.015224
1779361510.405346 9.625816 6.448211 0.300820 0.018219 0.010134 -0.999783 0.000121
1779361510.460336 9.603788 6.453267 0.297083 0.009071 0.009201 -0.999679 -0.021792
1779361510.513103 9.584636 6.457452 0.303496 0.004457 0.002971 -0.999079 -0.042574
1779361510.563278 9.561905 6.461875 0.307372 -0.003125 -0.002718 -0.998131 -0.060969
1779361510.616807 9.531545 6.468499 0.308768 -0.008175 0.001412 -0.996804 -0.079451
1779361510.666441 9.499102 6.477880 0.308477 -0.012732 0.003201 -0.995648 -0.092264
1779361510.722072 9.466249 6.486300 0.308861 0.002992 0.007528 -0.994169 -0.107527
1779361510.771725 9.438027 6.493627 0.313825 0.000853 0.007053 -0.992977 -0.118095
1779361510.824190 9.393339 6.504982 0.315002 -0.004220 0.010477 -0.991629 -0.128627
1779361510.879536 9.350217 6.514540 0.315066 -0.013647 0.014874 -0.988510 -0.149804
1779361510.939172 9.302192 6.531383 0.305821 -0.021797 0.012255 -0.982886 -0.182507
1779361510.984924 9.260460 6.549198 0.311782 0.003557 -0.006788 -0.976935 -0.213400
1779361511.037492 9.216610 6.570555 0.320554 0.002100 -0.013880 -0.969303 -0.245467
1779361511.091350 9.176177 6.594329 0.323608 0.001799 -0.003459 -0.962293 -0.271989
1779361511.145741 9.125294 6.628427 0.315245 -0.003144 -0.016092 -0.951667 -0.306692
1779361511.202398 9.093554 6.643578 0.318293 -0.004760 -0.004368 -0.934790 -0.355142
1779361511.253993 9.057089 6.671515 0.313658 -0.007628 0.005500 -0.918351 -0.395656
1779361511.307178 9.018421 6.707246 0.314050 -0.016830 0.008900 -0.904626 -0.425780
1779361511.360872 8.991651 6.746852 0.304664 -0.014829 -0.007147 -0.895772 -0.444209
1779361511.411702 8.956893 6.790366 0.313500 0.000916 -0.034209 -0.885900 -0.462611
1779361511.463928 8.929731 6.832490 0.320992 -0.006615 -0.026685 -0.874471 -0.484297
1779361511.524515 8.907193 6.883431 0.323174 -0.007313 -0.012377 -0.863686 -0.503825
1779361511.572425 8.900202 6.897489 0.308075 -0.003839 -0.034505 -0.852526 -0.521530
1779361511.625386 8.882603 6.932305 0.314158 -0.002769 -0.014079 -0.834035 -0.551525
1779361511.680777 8.862346 6.979155 0.317925 -0.008046 0.011171 -0.815352 -0.578801
1779361511.730865 8.841534 7.035539 0.291690 -0.022320 0.022415 -0.798314 -0.601411
1779361511.801203 8.842881 7.083161 0.303291 -0.023312 -0.030281 -0.789310 -0.612805
1779361511.836728 8.825450 7.131598 0.315793 -0.020524 -0.037334 -0.778020 -0.626793
1779361511.889912 8.817267 7.185567 0.321585 -0.017004 -0.021178 -0.764752 -0.643752
1779361511.947824 8.815698 7.254063 0.312636 -0.007684 -0.022603 -0.753187 -0.657374
1779361511.999438 8.811360 7.286015 0.311551 -0.002785 -0.032085 -0.743884 -0.667533
1779361512.050557 8.806108 7.342321 0.313459 -0.004386 -0.016564 -0.737038 -0.675634
1779361512.103817 8.802114 7.406604 0.306496 -0.008656 -0.004481 -0.732124 -0.681102
1779361512.161217 8.797886 7.448357 0.308290 0.000559 -0.004687 -0.728106 -0.685449
1779361512.211695 8.793849 7.509503 0.313241 -0.004289 -0.017810 -0.726320 -0.687112
1779361512.261083 8.790582 7.563015 0.316442 -0.004523 -0.010866 -0.721393 -0.692426
1779361512.313147 8.790757 7.631874 0.310711 0.003344 -0.001999 -0.717125 -0.696934
1779361512.366656 8.791554 7.647262 0.310458 0.007970 -0.012438 -0.712648 -0.701366
1779361512.430493 8.791410 7.701468 0.312580 0.004736 -0.001255 -0.703691 -0.710490
1779361512.477925 8.789678 7.759306 0.313271 -0.000480 0.015885 -0.687611 -0.725905
1779361512.526679 8.793866 7.820281 0.298747 -0.005921 0.021022 -0.666586 -0.745108
1779361512.583741 8.807934 7.860622 0.311726 -0.010724 -0.024001 -0.651945 -0.757810
1779361512.634478 8.815365 7.914268 0.319760 -0.010529 -0.023273 -0.635606 -0.771591
1779361512.689663 8.829829 7.972722 0.322418 -0.003022 -0.009359 -0.615602 -0.787996
1779361512.743946 8.849295 8.024213 0.313162 -0.027924 -0.022847 -0.589400 -0.807035
1779361512.792021 8.860180 8.072286 0.318333 -0.015942 -0.009721 -0.551328 -0.834079
1779361512.845081 8.875462 8.118912 0.312369 -0.006277 0.013717 -0.513817 -0.857767
1779361512.900725 8.903650 8.169101 0.293660 -0.014480 0.022457 -0.478903 -0.877461
1779361512.954466 8.926416 8.180601 0.302080 -0.031089 -0.035679 -0.459363 -0.886987
1779361513.006748 8.956615 8.227119 0.311832 -0.032874 -0.038839 -0.426555 -0.903029
1779361513.061674 8.998147 8.265686 0.316684 -0.009803 -0.025111 -0.379726 -0.924706
1779361513.114300 9.043358 8.292009 0.306475 -0.043117 -0.032961 -0.331224 -0.941990
1779361513.171993 9.069479 8.318360 0.301803 -0.023548 -0.029728 -0.287704 -0.956968
1779361513.222789 9.115139 8.348356 0.284644 -0.034450 -0.024484 -0.250718 -0.967137
1779361513.273881 9.109067 8.359979 0.291372 -0.026272 -0.014667 -0.210565 -0.977117
1779361513.330984 9.155768 8.381979 0.304106 -0.043039 -0.029723 -0.170366 -0.983992
1779361513.383226 9.208351 8.401371 0.316693 -0.016841 -0.027270 -0.107205 -0.993720
1779361513.444610 9.268612 8.408698 0.310742 -0.043283 -0.017043 -0.034187 -0.998332
1779361513.496887 9.300363 8.430875 0.310046 -0.014801 -0.012052 0.037382 -0.999119
1779361513.549391 9.317568 8.427845 0.289622 -0.004942 0.002633 0.103562 -0.994607
1779361513.600620 9.336433 8.381193 0.300618 -0.028742 0.010878 0.160351 -0.986582
1779361513.653113 9.362266 8.371065 0.309044 -0.055652 -0.025586 0.198662 -0.978152
1779361513.707400 9.411668 8.360248 0.322958 -0.062244 -0.023411 0.236105 -0.969449
1779361513.761944 9.457949 8.335963 0.327345 -0.032813 -0.023864 0.274435 -0.960749
1779361513.815524 9.499003 8.314275 0.308044 -0.050008 -0.020819 0.306861 -0.950212
1779361513.868104 9.531568 8.294975 0.302705 -0.025700 -0.015864 0.333918 -0.942118
1779361513.925116 9.578885 8.262636 0.290684 -0.025019 -0.009563 0.354033 -0.934849
1779361513.978726 9.566882 8.279164 0.293061 -0.013766 -0.005482 0.370961 -0.928530
1779361514.027123 9.603664 8.243163 0.304986 -0.042504 -0.008021 0.375997 -0.925611
1779361514.083403 9.644343 8.206392 0.313022 -0.033205 -0.008399 0.391134 -0.919696
1779361514.134712 9.680919 8.160707 0.307414 -0.024801 -0.014218 0.402813 -0.914836
1779361514.187830 9.707006 8.126646 0.302906 -0.037816 -0.004462 0.410237 -0.911184
1779361514.244215 9.742242 8.090878 0.309772 -0.022011 -0.003792 0.416407 -0.908904
1779361514.295903 9.775565 8.047806 0.308828 -0.020592 0.000276 0.412855 -0.910564
1779361514.347456 9.809351 8.015563 0.301585 -0.003378 -0.013597 0.405249 -0.914099
1779361514.401469 9.823790 7.983593 0.309522 -0.009337 -0.005427 0.388003 -0.921595
1779361514.455016 9.848240 7.964608 0.315193 -0.003766 -0.008213 0.371667 -0.928322
1779361514.507744 9.879333 7.940515 0.317661 0.006523 -0.005825 0.349350 -0.936951
1779361514.561356 9.919515 7.912786 0.313738 0.012245 -0.009212 0.323374 -0.946147
1779361514.613644 9.947730 7.897618 0.310485 0.016708 -0.023095 0.307083 -0.951256
1779361514.668395 9.974898 7.883910 0.314647 0.019125 -0.019383 0.294323 -0.955318
1779361514.719606 10.009398 7.868510 0.315828 0.032786 -0.011752 0.276993 -0.960240
1779361514.770798 10.050962 7.852765 0.312375 0.043126 0.001536 0.262992 -0.963833
1779361514.821478 10.093365 7.829914 0.309106 0.012092 -0.006315 0.246784 -0.968975
1779361514.886066 10.129320 7.817754 0.315228 0.016929 -0.015567 0.234582 -0.971824
1779361514.927191 10.171004 7.800102 0.319677 0.013462 -0.014303 0.227163 -0.973659
1779361514.981063 10.217360 7.780428 0.321000 0.022102 -0.008365 0.220911 -0.975008
1779361515.033433 10.258187 7.759052 0.315048 0.013995 -0.011410 0.215719 -0.976288
1779361515.087837 10.302442 7.743876 0.315625 0.016273 -0.017531 0.215263 -0.976263
1779361515.141618 10.351507 7.723771 0.316789 0.020454 -0.013833 0.209655 -0.977464
1779361515.196924 10.405508 7.702143 0.315636 0.019157 -0.000702 0.202554 -0.979083
1779361515.247293 10.465533 7.678911 0.310918 0.004804 -0.010719 0.197792 -0.980174
1779361515.312497 10.519071 7.659195 0.316048 0.001353 -0.017791 0.191949 -0.981243
1779361515.354552 10.569181 7.639321 0.319935 0.004125 -0.010743 0.191205 -0.981483
1779361515.407805 10.625859 7.615349 0.315964 0.014293 -0.004041 0.190575 -0.981560
1779361515.461055 10.628510 7.614159 0.308733 0.005482 -0.014817 0.189871 -0.981682
1779361515.516137 10.681371 7.596637 0.312399 0.011027 -0.010585 0.188244 -0.982003
1779361515.569270 10.733728 7.578178 0.314129 0.018102 -0.001337 0.183614 -0.982831
1779361515.620890 10.801566 7.552449 0.301496 0.017898 0.001562 0.180535 -0.983405
1779361515.673145 10.845561 7.536848 0.312266 0.008451 -0.008652 0.177625 -0.984024
1779361515.728413 10.894824 7.519937 0.319759 0.000494 -0.004354 0.175806 -0.984415
1779361515.784929 10.949626 7.501089 0.322788 0.010101 0.001637 0.178247 -0.983932
1779361515.834941 10.997905 7.478972 0.316940 -0.004510 -0.001602 0.187644 -0.982225
1779361515.887773 11.044639 7.469280 0.315132 -0.000038 -0.008318 0.201970 -0.979356
1779361515.940991 11.093275 7.450268 0.314837 0.010185 -0.004439 0.208778 -0.977900
1779361515.994181 11.148719 7.424272 0.300746 0.011301 0.005327 0.212834 -0.977008
1779361516.044456 11.181563 7.404468 0.304612 0.003387 -0.003958 0.218603 -0.975800
1779361516.096468 11.236603 7.380129 0.313296 -0.014435 -0.007240 0.220444 -0.975266
1779361516.151371 11.285282 7.356946 0.320534 -0.009833 0.001444 0.227598 -0.973705
1779361516.204344 11.340359 7.327668 0.323183 -0.002578 0.006799 0.234438 -0.972104
1779361516.256205 11.336303 7.332682 0.313313 -0.019373 -0.007150 0.250787 -0.967822
1779361516.310884 11.383343 7.306977 0.317190 -0.013618 -0.003489 0.281888 -0.959344
1779361516.370478 11.429563 7.279865 0.317931 0.002162 0.011901 0.316836 -0.948403
1779361516.427057 11.472649 7.245325 0.298537 0.000794 0.025886 0.354708 -0.934618
1779361516.474982 11.511278 7.201140 0.309445 -0.044676 -0.002400 0.379791 -0.923990
1779361516.524355 11.553660 7.165834 0.319675 -0.034339 -0.003147 0.414004 -0.909622
1779361516.586196 11.588709 7.119773 0.320452 -0.013806 -0.008449 0.452433 -0.891651
1779361516.634594 11.613654 7.076163 0.309410 -0.042091 0.018142 0.496173 -0.867013
1779361516.684742 11.641394 7.047647 0.310170 -0.012987 0.002291 0.548348 -0.836147
1779361516.739206 11.667707 7.006370 0.298092 0.009328 0.008556 0.590161 -0.807186
1779361516.791067 11.670227 6.984990 0.293438 -0.004390 0.025417 0.630638 -0.775649
1779361516.854193 11.674421 6.959162 0.309315 -0.046781 0.018251 0.662569 -0.747316
1779361516.897099 11.683134 6.916937 0.323581 -0.041738 0.011280 0.696123 -0.716619
1779361516.950884 11.694098 6.867378 0.308574 -0.029928 -0.006605 0.727844 -0.685058
1779361517.004582 11.691544 6.819257 0.311403 -0.042720 0.013776 0.749828 -0.660109
1779361517.054282 11.698852 6.796935 0.314350 -0.024604 0.007197 0.767787 -0.640192
1779361517.112263 11.696812 6.763911 0.313168 -0.012712 0.007282 0.782070 -0.623018
1779361517.167608 11.685972 6.720577 0.312354 -0.008646 0.015156 0.794453 -0.607075
1779361517.214750 11.671727 6.684322 0.307587 -0.011583 0.011013 0.803535 -0.595043
1779361517.270222 11.662364 6.657053 0.309897 -0.022098 0.002356 0.809964 -0.586059
1779361517.322911 11.650379 6.630633 0.314870 -0.022034 0.007427 0.817067 -0.576073
1779361517.375914 11.638980 6.599221 0.315058 -0.016231 0.003749 0.824065 -0.566250
1779361517.427608 11.625115 6.567791 0.312221 -0.013101 0.001041 0.826394 -0.562940
1779361517.487914 11.612855 6.532638 0.308574 -0.012428 -0.010981 0.823379 -0.567250
1779361517.537535 11.607338 6.503147 0.311057 -0.012886 -0.017362 0.822070 -0.568976
1779361517.587311 11.602030 6.478198 0.314799 -0.002940 -0.016525 0.820384 -0.571567
1779361517.641384 11.594993 6.446884 0.314741 0.007582 -0.017106 0.817867 -0.575103
1779361517.693883 11.589056 6.417607 0.312866 0.015986 -0.017502 0.815984 -0.577588
1779361517.766193 11.581912 6.388515 0.309165 0.017367 -0.015155 0.813864 -0.580599
1779361517.798371 11.568910 6.350639 0.307493 0.002464 -0.014303 0.810025 -0.586215
1779361517.850909 11.558355 6.321967 0.314061 0.001277 -0.007232 0.808208 -0.588851
1779361517.914210 11.547795 6.289558 0.315996 0.001494 0.000130 0.809376 -0.587288
1779361517.959046 11.533989 6.250112 0.316882 0.008605 0.000994 0.810222 -0.586059
1779361518.051912 11.520932 6.207343 0.313918 0.012320 -0.014074 0.810358 -0.585637
1779361518.061760 11.504761 6.173304 0.314069 -0.014721 -0.011956 0.813289 -0.581551
1779361518.116449 11.491271 6.132493 0.316803 -0.009657 -0.017472 0.813924 -0.580628
1779361518.169633 11.475552 6.088806 0.315429 -0.009995 -0.014397 0.811650 -0.583881
1779361518.220777 11.461096 6.044202 0.302533 -0.010731 -0.019659 0.810544 -0.585249
1779361518.281471 11.446056 6.012858 0.303006 -0.001471 -0.017010 0.810639 -0.585298
1779361518.327987 11.435372 5.978522 0.312566 -0.007614 -0.012973 0.808803 -0.587887
1779361518.381976 11.428858 5.944537 0.314646 -0.004239 -0.018815 0.809709 -0.586515
1779361518.436527 11.420000 5.909665 0.311615 -0.004026 -0.027194 0.809303 -0.586748
1779361518.487798 11.413020 5.879307 0.307244 0.000097 -0.016046 0.809215 -0.587294
1779361518.544527 11.411022 5.857987 0.311661 0.003965 -0.022508 0.808735 -0.587729
1779361518.596959 11.405666 5.840844 0.314974 0.001625 -0.023472 0.807988 -0.588729
1779361518.654890 11.400876 5.822769 0.316060 0.001426 -0.023395 0.808383 -0.588191
1779361518.702194 11.396444 5.803410 0.315665 0.003373 -0.025533 0.808513 -0.587915
1779361518.752928 11.392387 5.784967 0.313853 0.003675 -0.026673 0.808309 -0.588142
1779361518.812064 11.388113 5.764122 0.310762 0.003136 -0.025992 0.808015 -0.588580
1779361518.864262 11.383400 5.743742 0.306277 0.000864 -0.023845 0.807578 -0.589278
1779361518.913168 11.378435 5.721722 0.301657 0.002175 -0.024518 0.806844 -0.590251
1779361518.969914 11.372780 5.701552 0.305023 0.001322 -0.019595 0.805106 -0.592805
1779361519.019378 11.365817 5.684555 0.306612 0.002402 -0.012032 0.805547 -0.592405
1779361519.072272 11.360538 5.665557 0.306913 0.003258 -0.007475 0.806895 -0.590638
1779361519.124317 11.354890 5.645456 0.306032 0.009685 -0.006954 0.808420 -0.588486
1779361519.184802 11.347506 5.618341 0.303777 0.014925 -0.008166 0.809051 -0.587493
1779361519.234023 11.341472 5.593143 0.302203 0.014858 -0.013492 0.810145 -0.585885
1779361519.285220 11.337013 5.567604 0.307760 0.016518 -0.019231 0.811329 -0.584040
1779361519.339911 11.332623 5.543548 0.310217 0.011490 -0.018979 0.809409 -0.586826
1779361519.394007 11.326972 5.518675 0.310394 0.011825 -0.018710 0.808979 -0.587420
1779361519.455918 11.321752 5.488950 0.308158 0.015221 -0.018357 0.807819 -0.588948
1779361519.500719 11.315001 5.455389 0.305597 0.019005 -0.013135 0.807056 -0.590022
1779361519.553081 11.305900 5.423451 0.306044 0.005595 -0.004802 0.804685 -0.593657
1779361519.608128 11.295504 5.382925 0.309730 0.001976 -0.010727 0.802831 -0.596107
1779361519.661260 11.284601 5.351691 0.312528 0.006972 0.003106 0.803644 -0.595061
1779361519.714123 11.274753 5.315687 0.312955 0.008802 0.009488 0.805011 -0.593118
1779361519.764352 11.260882 5.274002 0.313606 0.016270 0.008501 0.805905 -0.591761
1779361519.817945 11.247953 5.229929 0.310059 0.010918 -0.012164 0.806671 -0.590775
1779361519.873226 11.232979 5.190554 0.314139 -0.002262 -0.006448 0.810080 -0.586279
1779361519.924398 11.219119 5.146381 0.316099 0.000897 -0.010657 0.809153 -0.587501
1779361519.979000 11.202552 5.095973 0.314853 0.003057 -0.005967 0.807448 -0.589900
1779361520.032856 11.192174 5.035469 0.311059 0.001248 -0.015878 0.807329 -0.589887
1779361520.092269 11.177105 5.006732 0.310346 -0.010203 -0.002988 0.806035 -0.591772
1779361520.141564 11.164386 4.964480 0.314544 -0.007363 -0.000375 0.807370 -0.590000
1779361520.192989 11.147793 4.913753 0.316333 0.004452 -0.000267 0.808124 -0.588996
1779361520.248125 11.129852 4.865785 0.312798 -0.005735 -0.009023 0.808441 -0.588481
1779361520.300968 11.117271 4.820110 0.311908 -0.009923 -0.017707 0.809642 -0.586574
1779361520.365991 11.102708 4.772353 0.313745 0.001679 -0.018665 0.808996 -0.587516
1779361520.408895 11.085937 4.716999 0.314015 0.012017 -0.010206 0.807353 -0.589859
1779361520.460755 11.067544 4.655962 0.310134 0.001983 -0.008267 0.806687 -0.590917
1779361520.515237 11.055798 4.605263 0.314462 -0.010639 -0.014633 0.804157 -0.594142
1779361520.568476 11.041879 4.555898 0.318244 -0.005932 -0.016005 0.805104 -0.592889
1779361520.620307 11.032763 4.500790 0.301197 0.002283 -0.024989 0.805647 -0.591864
1779361520.674300 11.016141 4.458241 0.303047 -0.009115 -0.002574 0.804768 -0.593514
1779361520.727769 11.009179 4.421405 0.311042 -0.003473 -0.011201 0.803883 -0.594672
1779361520.781344 10.995922 4.377630 0.314560 -0.001879 -0.012398 0.794853 -0.606672
1779361520.947374 10.982606 4.332290 0.311913 -0.009722 -0.013205 0.782925 -0.621900
1779361520.974864 10.976636 4.289559 0.305522 0.003764 -0.022362 0.766657 -0.641656
1779361520.986633 10.964542 4.263792 0.311815 -0.002730 -0.013595 0.749452 -0.661914
1779361521.001013 10.963270 4.229969 0.314980 0.000892 -0.017750 0.729749 -0.683484
1779361521.055169 10.963589 4.194130 0.314769 0.007702 -0.019450 0.710101 -0.703789
1779361521.175048 10.964444 4.155751 0.309939 0.011124 -0.024241 0.692594 -0.720834
1779361521.205483 10.971397 4.128218 0.310085 0.015214 -0.028296 0.682882 -0.729822
1779361521.214301 10.977138 4.098150 0.314388 0.015555 -0.027776 0.670946 -0.740823
1779361521.276688 10.983815 4.067655 0.313967 0.023170 -0.029296 0.658090 -0.752012
1779361521.354198 10.992740 4.034157 0.311498 0.028726 -0.027076 0.647771 -0.760812
1779361521.374135 10.997488 3.999498 0.305425 0.019750 -0.019685 0.638675 -0.768972
1779361521.432818 11.007657 3.969458 0.308540 0.014452 -0.026986 0.628876 -0.776903
1779361521.481596 11.011902 3.940553 0.312697 0.010559 -0.013217 0.622837 -0.782169
1779361521.540823 11.018544 3.913689 0.312968 0.010201 -0.006522 0.620816 -0.783863
1779361521.647946 11.026585 3.878722 0.311800 0.015729 0.000958 0.618965 -0.785261
1779361521.651897 11.035204 3.839999 0.310126 0.019136 0.005728 0.616074 -0.787435
1779361521.704038 11.044689 3.803839 0.312213 0.011121 -0.013326 0.616495 -0.787167
1779361521.751141 11.054037 3.772660 0.314461 0.007758 -0.014670 0.613743 -0.789332
1779361521.896111 11.066389 3.730545 0.315742 0.011299 -0.012304 0.610791 -0.791616
1779361521.903939 11.081334 3.684428 0.314550 0.013657 -0.005372 0.607087 -0.794500
1779361521.928020 11.100944 3.628142 0.310518 0.009638 -0.002609 0.604223 -0.796753
1779361521.961549 11.112775 3.590238 0.311074 -0.006064 -0.010738 0.601472 -0.798799
1779361522.096903 11.127239 3.542115 0.315031 -0.008172 -0.005369 0.600728 -0.799394
1779361522.136958 11.143177 3.489808 0.316166 0.001452 -0.003655 0.600854 -0.799349
1779361522.141376 11.156157 3.435246 0.312483 0.000771 -0.007836 0.599652 -0.800222
1779361522.174317 11.171544 3.403700 0.310654 -0.004006 -0.018385 0.601536 -0.798624
1779361522.339934 11.189065 3.345331 0.312666 0.003290 -0.016628 0.600478 -0.799462
1779361522.344032 11.208032 3.289395 0.313306 0.013450 -0.010356 0.597860 -0.801421
1779361522.360411 11.228344 3.229811 0.309289 0.008531 -0.013705 0.596457 -0.802483
1779361522.386117 11.225165 3.223336 0.312105 -0.008092 -0.013159 0.593257 -0.804865
1779361522.463452 11.242537 3.169828 0.316857 -0.005305 -0.011242 0.593415 -0.804801
1779361522.573837 11.265764 3.121458 0.296446 0.006455 -0.014177 0.593808 -0.804456
1779361522.578023 11.272340 3.093670 0.304690 -0.009343 -0.008896 0.593506 -0.804726
1779361522.602534 11.290404 3.048910 0.314815 0.002314 -0.012412 0.596682 -0.802378
1779361522.655896 11.308531 3.001290 0.317663 0.017371 -0.005376 0.594373 -0.803984
1779361522.808240 11.331597 2.943928 0.317483 0.026487 0.006110 0.591718 -0.805686
1779361522.812910 11.342576 2.892002 0.307461 -0.011477 0.002711 0.587759 -0.808951
1779361522.820372 11.362532 2.852706 0.313225 -0.006522 -0.011577 0.587042 -0.809447
1779361522.864683 11.383587 2.788088 0.319562 -0.003742 -0.008113 0.587670 -0.809051
1779361522.920374 11.405304 2.720981 0.309741 0.007643 -0.015552 0.588344 -0.808425
1779361523.070445 11.412595 2.704903 0.312318 0.000338 -0.020256 0.590722 -0.806621
1779361523.079353 11.432356 2.648106 0.316528 0.003040 -0.015592 0.591938 -0.805827
1779361523.090274 11.451620 2.592344 0.316368 0.009732 -0.004561 0.589020 -0.808047
1779361523.140508 11.473191 2.524968 0.309447 0.002558 -0.006080 0.587290 -0.809350
1779361523.281185 11.490173 2.478421 0.313515 -0.011301 -0.011262 0.583556 -0.811916
1779361523.302586 11.506723 2.427452 0.317899 -0.006173 -0.005174 0.584748 -0.811175
1779361523.307574 11.522955 2.366494 0.319608 0.005926 -0.001294 0.586682 -0.809795
1779361523.353992 11.528895 2.350862 0.308734 -0.002774 -0.013584 0.587444 -0.809146
1779361523.407063 11.542461 2.305847 0.311324 -0.000075 -0.016256 0.588118 -0.808612
1779361523.544911 11.559023 2.257580 0.313723 0.008865 -0.012879 0.587316 -0.809207
1779361523.548716 11.577654 2.177855 0.300640 0.005523 -0.008809 0.596638 -0.802444
1779361523.573993 11.581823 2.170135 0.308203 0.000701 -0.007894 0.613002 -0.790042
1779361523.628283 11.595428 2.114231 0.314227 -0.001056 -0.002692 0.630741 -0.775988
1779361523.760084 11.608484 2.054518 0.318023 0.010200 -0.005619 0.646826 -0.762549
1779361523.774869 11.615071 2.003583 0.312068 -0.006638 -0.001230 0.658679 -0.752393
1779361523.792194 11.626686 1.954469 0.315905 -0.001356 -0.005767 0.669385 -0.742892
1779361523.840877 11.634219 1.900433 0.315743 0.013586 0.001802 0.679695 -0.733367
1779361524.004559 11.639835 1.844386 0.313337 0.023012 0.010335 0.692080 -0.721380
1779361524.008559 11.633088 1.791120 0.306542 -0.009175 0.009651 0.703469 -0.710601
1779361524.028055 11.637073 1.741803 0.315669 -0.017690 -0.001692 0.715353 -0.698537
1779361524.058970 11.637136 1.693632 0.319005 -0.011879 -0.009131 0.726129 -0.687395
1779361524.110712 11.635287 1.642692 0.315897 -0.009889 -0.018699 0.734163 -0.678644
1779361524.236989 11.635759 1.599447 0.309314 -0.007004 -0.002556 0.740658 -0.671841
1779361524.242034 11.636948 1.562743 0.315010 -0.000746 -0.006858 0.747073 -0.664706
1779361524.278647 11.634858 1.522824 0.315883 0.008224 -0.005468 0.749796 -0.661595
1779361524.325755 11.631454 1.475231 0.313719 0.017554 0.000869 0.752765 -0.658055
1779361524.471653 11.625166 1.424498 0.308365 0.001762 0.009215 0.754134 -0.656654
1779361524.489424 11.618701 1.378953 0.311418 -0.007247 -0.003065 0.754763 -0.655950
1779361524.501608 11.611654 1.329997 0.316383 -0.009120 0.004409 0.757277 -0.653016
1779361524.541402 11.602917 1.275195 0.318832 0.003125 0.002574 0.760940 -0.648810
1779361524.594492 11.592985 1.222161 0.313449 -0.000098 -0.007073 0.763024 -0.646332
1779361524.747334 11.583941 1.195426 0.311756 -0.008286 -0.010512 0.766368 -0.642262
1779361524.750684 11.575227 1.145422 0.313559 -0.001053 -0.010511 0.766023 -0.642727
1779361524.758677 11.564687 1.084810 0.313864 0.002353 -0.007454 0.764375 -0.644725
1779361524.808054 11.557123 1.025427 0.310787 0.001144 -0.017559 0.764028 -0.644943
1779361524.946371 11.544448 0.975607 0.315362 -0.012685 -0.003534 0.762600 -0.646737
1779361524.979722 11.537659 0.923665 0.318480 -0.003359 -0.003864 0.764635 -0.644443
1779361524.982859 11.522463 0.860746 0.319266 0.005945 -0.005802 0.765685 -0.643162
1779361525.020569 11.518696 0.820785 0.310832 -0.010323 -0.017822 0.767444 -0.640785
1779361525.180021 11.508426 0.762314 0.311979 -0.006922 -0.017437 0.769902 -0.637886
1779361525.184862 11.499148 0.703958 0.312868 0.003769 -0.011419 0.768377 -0.639884
1779361525.204074 11.487077 0.632017 0.301657 0.004530 -0.007659 0.766696 -0.641949
1779361525.233156 11.478478 0.587636 0.309486 -0.008619 -0.007587 0.764590 -0.644415
1779361525.286377 11.469711 0.530850 0.315242 -0.006721 -0.003565 0.764337 -0.644773
1779361525.401126 11.458371 0.472446 0.317517 0.005844 -0.003541 0.765746 -0.643107
1779361525.403667 11.450943 0.438594 0.307782 -0.003088 -0.006079 0.766459 -0.642257
1779361525.451010 11.448519 0.404367 0.311238 -0.003075 -0.014577 0.768361 -0.639844
1779361525.499470 11.439907 0.349384 0.314012 0.006741 -0.013440 0.767491 -0.640883
1779361525.554038 11.429028 0.284415 0.310701 0.014266 -0.006481 0.765424 -0.643336
1779361525.611109 11.418758 0.242652 0.308367 -0.002804 -0.008832 0.764284 -0.644813
1779361525.656883 11.410951 0.178254 0.314773 -0.008796 -0.008280 0.763665 -0.645500
1779361525.709298 11.402466 0.124967 0.317659 -0.001314 -0.007701 0.765216 -0.643727
1779361525.766166 11.387753 0.055676 0.312337 0.004691 -0.012090 0.765718 -0.643046
1779361525.828055 11.384131 0.048218 0.310951 -0.010397 -0.009957 0.767399 -0.641008
1779361525.869794 11.376098 -0.006853 0.313656 0.000481 -0.008583 0.767518 -0.640970
1779361525.922699 11.365682 -0.067037 0.314727 0.010479 -0.002378 0.765333 -0.643544
1779361525.978482 11.356097 -0.140878 0.312099 0.003759 -0.005383 0.763925 -0.645272
1779361526.030563 11.349695 -0.185731 0.314732 -0.010805 -0.004450 0.763019 -0.646270
1779361526.088230 11.339044 -0.244715 0.318813 -0.006214 -0.001417 0.763955 -0.645238
1779361526.140233 11.327229 -0.305750 0.320038 0.007624 -0.003618 0.765196 -0.643742
1779361526.193961 11.327692 -0.320171 0.309505 -0.003208 -0.018150 0.766201 -0.642337
1779361526.248436 11.318230 -0.371439 0.312559 -0.002909 -0.016951 0.768433 -0.639699
1779361526.300263 11.311091 -0.428309 0.315093 0.011785 -0.011415 0.766734 -0.641755
1779361526.354445 11.299223 -0.494877 0.305257 0.019031 -0.004838 0.765014 -0.643714
1779361526.406292 11.284095 -0.554760 0.308881 -0.009060 -0.005744 0.769724 -0.638287
1779361526.458479 11.276339 -0.607302 0.315334 -0.014208 -0.004776 0.782412 -0.622581
1779361526.509824 11.262132 -0.664713 0.319764 0.000808 -0.018706 0.804433 -0.593749
1779361526.562199 11.234762 -0.715501 0.309578 -0.012557 0.004717 0.830621 -0.556676
1779361526.622530 11.226950 -0.755180 0.311890 -0.007377 -0.003051 0.854359 -0.519621
1779361526.670315 11.205914 -0.804053 0.304584 -0.005034 0.004822 0.870253 -0.492555
1779361526.720846 11.187004 -0.840753 0.293748 -0.001384 0.006593 0.879875 -0.475157
1779361526.773980 11.181184 -0.844141 0.298459 -0.029444 0.018589 0.888097 -0.458336
1779361526.827336 11.156346 -0.885768 0.309962 -0.035248 0.021606 0.895831 -0.442467
1779361526.882051 11.122386 -0.924758 0.314238 -0.025338 0.010216 0.904298 -0.426026
1779361526.934355 11.083581 -0.960069 0.300366 -0.035529 0.032889 0.909254 -0.413417
1779361526.996029 11.062261 -0.998169 0.305342 -0.022352 0.023273 0.916135 -0.399569
1779361527.040357 11.027369 -1.032604 0.309493 -0.013379 0.016815 0.919439 -0.392646
1779361527.092468 10.986547 -1.068205 0.297979 -0.014417 0.016115 0.922034 -0.386504
1779361527.148448 10.956216 -1.096023 0.302637 -0.006921 0.003541 0.925421 -0.378861
1779361527.198907 10.928726 -1.119348 0.311553 -0.010465 0.009271 0.928412 -0.371289
1779361527.256182 10.899676 -1.146001 0.316037 -0.006991 0.001920 0.935718 -0.352674
1779361527.308590 10.868114 -1.174514 0.315473 -0.003941 -0.010349 0.944056 -0.329599
1779361527.360400 10.837182 -1.193793 0.310592 -0.000036 0.002829 0.952374 -0.304921
1779361527.414437 10.817740 -1.216537 0.316743 0.003738 -0.008385 0.961736 -0.273823
1779361527.469430 10.794288 -1.232530 0.317366 0.005025 -0.013317 0.968154 -0.249949
1779361527.522345 10.768438 -1.250646 0.314966 0.005221 -0.013670 0.972833 -0.231046
1779361527.574859 10.738223 -1.267236 0.312540 0.007047 -0.009070 0.976818 -0.213762
1779361527.626914 10.707493 -1.280256 0.310079 0.008560 -0.002614 0.981132 -0.193132
1779361527.684375 10.681155 -1.290923 0.306026 0.002968 -0.009207 0.985524 -0.169261
1779361527.734419 10.656439 -1.294535 0.310381 0.000421 0.005692 0.989103 -0.147116
1779361527.791532 10.628920 -1.300261 0.313905 0.002148 0.012827 0.992199 -0.123984
1779361527.839630 10.600337 -1.304431 0.313268 0.006183 0.016939 0.994170 -0.106303
1779361527.895869 10.567407 -1.312157 0.312158 -0.001254 0.001908 0.996021 -0.089086
1779361527.946781 10.533841 -1.315090 0.312840 -0.006885 0.004958 0.996963 -0.077413
1779361528.000176 10.511542 -1.321072 0.316662 -0.001117 0.004863 0.997521 -0.070186
1779361528.053859 10.483727 -1.325109 0.317147 0.004468 0.003037 0.998026 -0.062563
1779361528.106671 10.451766 -1.330442 0.314656 0.012489 0.000438 0.998307 -0.056805
1779361528.162032 10.420137 -1.334937 0.312672 0.012269 -0.000273 0.998242 -0.057991
1779361528.213729 10.387024 -1.336491 0.308246 0.004841 -0.002567 0.998103 -0.061316
1779361528.264976 10.362700 -1.335995 0.310693 0.002482 -0.006724 0.997908 -0.064253
1779361528.317272 10.336400 -1.338612 0.311902 0.002243 -0.002706 0.997879 -0.065007
1779361528.370249 10.309777 -1.343924 0.311085 0.000352 -0.009733 0.998168 -0.059712
1779361528.427802 10.277753 -1.350396 0.309181 -0.000671 -0.022398 0.998426 -0.051409
1779361528.480049 10.247316 -1.351619 0.307602 0.003384 -0.015001 0.998912 -0.044035
1779361528.530719 10.221035 -1.359768 0.310497 0.000039 -0.030431 0.998872 -0.036447
1779361528.583457 10.195914 -1.362890 0.312124 -0.006117 -0.026671 0.999020 -0.034805
1779361528.636183 10.168929 -1.365337 0.311284 -0.010080 -0.027163 0.999077 -0.031709
1779361528.693476 10.137132 -1.368620 0.309546 -0.011261 -0.024970 0.999164 -0.030354
1779361528.745243 10.108654 -1.369553 0.307081 -0.011545 -0.018006 0.999314 -0.030237
1779361528.797040 10.072453 -1.374904 0.304792 -0.009053 -0.026932 0.999189 -0.028546
1779361528.859362 10.047102 -1.372448 0.308627 -0.006940 -0.013816 0.999527 -0.026591
1779361528.902841 10.020231 -1.374967 0.312453 -0.004618 -0.007132 0.999643 -0.025327
1779361528.957107 9.992545 -1.378299 0.313119 -0.003331 -0.008044 0.999716 -0.022200
1779361529.009471 9.958620 -1.380253 0.311812 0.000707 -0.010185 0.999730 -0.020878
1779361529.065825 9.927626 -1.382114 0.308415 -0.000843 -0.012654 0.999689 -0.021462
1779361529.117248 9.890925 -1.383913 0.310169 -0.005128 -0.019027 0.999680 -0.015878
1779361529.165348 9.859573 -1.385412 0.311788 -0.007126 -0.021191 0.999586 -0.018123
1779361529.222313 9.819843 -1.387036 0.311881 -0.004379 -0.021290 0.999556 -0.020366
1779361529.277281 9.767967 -1.387917 0.310199 -0.004143 -0.015561 0.999626 -0.022110
1779361529.350496 9.725288 -1.388767 0.305407 -0.005870 -0.025053 0.999412 -0.022667
1779361529.382139 9.693218 -1.385889 0.310668 -0.005348 -0.011232 0.999648 -0.023441
1779361529.436691 9.655565 -1.388558 0.313381 -0.004219 -0.012582 0.999831 -0.012704
1779361529.490785 9.617974 -1.391998 0.312706 -0.004112 -0.019234 0.999805 0.001706
1779361529.549870 9.575322 -1.393090 0.306605 -0.002871 -0.012849 0.999827 0.013168
1779361529.600492 9.547110 -1.398683 0.311301 -0.002666 -0.020241 0.999504 0.023964
1779361529.653271 9.520029 -1.399246 0.314856 -0.003562 -0.018535 0.999346 0.030849
1779361529.706731 9.490472 -1.398606 0.315010 -0.003558 -0.019603 0.999103 0.037378
1779361529.769101 9.456206 -1.397966 0.313232 -0.001424 -0.018678 0.998938 0.042100
1779361529.819013 9.421560 -1.395159 0.310464 -0.000076 -0.014472 0.998905 0.044492
1779361529.868893 9.389771 -1.392488 0.306508 -0.004274 -0.015924 0.998758 0.047018
1779361529.923806 9.360860 -1.384809 0.306407 -0.000903 -0.013263 0.998717 0.048858
1779361529.979916 9.335305 -1.381515 0.311108 0.003396 -0.006627 0.998634 0.051717
1779361530.032031 9.309733 -1.380060 0.311748 0.003821 -0.008860 0.998349 0.056631
1779361530.079962 9.279647 -1.376944 0.310413 0.006439 -0.010951 0.998081 0.060609
1779361530.136272 9.246261 -1.374254 0.307843 0.005105 -0.015171 0.997918 0.062479
1779361530.187774 9.215375 -1.371560 0.308365 0.003370 -0.019200 0.997548 0.067210
1779361530.241080 9.190011 -1.371368 0.312052 0.004669 -0.022131 0.997426 0.068038
1779361530.292683 9.166451 -1.369264 0.313329 0.004884 -0.018708 0.997554 0.067178
1779361530.349716 9.137415 -1.367484 0.312506 0.007381 -0.019007 0.997562 0.066741
1779361530.400984 9.105219 -1.365463 0.310071 0.010713 -0.018378 0.997608 0.065774
1779361530.453351 9.071076 -1.362548 0.307449 0.013503 -0.015022 0.997712 0.064525
1779361530.511264 9.035180 -1.357737 0.305954 0.002502 -0.003584 0.998058 0.062130
1779361530.558772 9.001702 -1.353361 0.310637 0.006213 -0.006737 0.998006 0.062449
1779361530.613034 8.966467 -1.348688 0.311864 0.014861 -0.000081 0.997813 0.064413
1779361530.668806 8.926499 -1.344537 0.312394 0.018435 -0.001517 0.997505 0.068131
1779361530.718525 8.879773 -1.336627 0.314233 0.018548 -0.008778 0.997404 0.069020
1779361530.774073 8.846231 -1.329419 0.310564 -0.000277 -0.001825 0.997283 0.073638
1779361530.827668 8.800696 -1.323952 0.313490 -0.001433 -0.009773 0.997055 0.076052
1779361530.882928 8.752851 -1.318596 0.314095 0.002531 -0.014110 0.997146 0.074129
1779361530.933648 8.695938 -1.310741 0.314191 0.010717 -0.009891 0.997367 0.071045
1779361530.987441 8.652514 -1.309215 0.310415 -0.006651 -0.003036 0.997549 0.069584
1779361531.042089 8.604590 -1.305678 0.314470 -0.014273 -0.007363 0.997191 0.073161
1779361531.096108 8.564770 -1.306084 0.310882 -0.018771 -0.019795 0.996073 0.084233
1779361531.149866 8.520612 -1.298181 0.299977 -0.023106 -0.012816 0.994654 0.099824
1779361531.199024 8.486198 -1.298865 0.303282 -0.007388 -0.014168 0.992474 0.121412
1779361531.252133 8.463511 -1.297772 0.308814 -0.013625 -0.022094 0.988586 0.148406
1779361531.308684 8.440863 -1.292765 0.311009 -0.015416 -0.020274 0.983942 0.176663
1779361531.359914 8.419724 -1.284414 0.311004 -0.018293 -0.014015 0.977930 0.207660
1779361531.413311 8.401355 -1.274903 0.307777 -0.023306 -0.007428 0.970121 0.241387
1779361531.469221 8.386918 -1.266470 0.306186 -0.018929 -0.016722 0.961229 0.274592
1779361531.519846 8.377536 -1.258861 0.309634 -0.015455 -0.009943 0.950388 0.310524
1779361531.573116 8.375065 -1.254998 0.313979 -0.008675 -0.000878 0.936444 0.350708
1779361531.625957 8.368579 -1.247235 0.316283 -0.002743 0.008764 0.920562 0.390488
1779361531.684862 8.362060 -1.241400 0.316421 -0.009530 0.001332 0.901442 0.432793
1779361531.733162 8.360180 -1.235313 0.315914 -0.008155 0.000737 0.881185 0.472700
1779361531.788799 8.356565 -1.228595 0.317158 -0.013067 -0.002539 0.859796 0.510464
1779361531.854128 8.347919 -1.223566 0.316227 -0.024426 -0.013205 0.834876 0.549738
1779361531.892597 8.344540 -1.218427 0.313821 -0.035490 -0.020094 0.806573 0.589726
1779361531.947350 8.344579 -1.212343 0.308775 -0.042951 -0.025678 0.778116 0.626125
1779361532.005347 8.344592 -1.209971 0.306190 -0.045987 -0.036730 0.748541 0.660471
1779361532.065682 8.348557 -1.203640 0.309544 -0.041670 -0.041719 0.710274 0.701452
1779361532.111730 8.345514 -1.201061 0.305128 -0.036555 -0.046382 0.676837 0.733760
1779361532.163126 8.345355 -1.203199 0.301494 -0.037928 -0.044363 0.640857 0.765438
1779361532.216777 8.346066 -1.204275 0.302717 -0.033159 -0.031136 0.605369 0.794644
1779361532.269485 8.341934 -1.204612 0.303316 -0.010515 -0.019626 0.564524 0.825116
1779361532.325038 8.332798 -1.203987 0.302674 -0.001109 -0.036635 0.517986 0.854603
1779361532.376398 8.328607 -1.196577 0.306911 -0.007665 -0.039211 0.477692 0.877618
1779361532.429991 8.326566 -1.192216 0.309216 -0.006468 -0.031119 0.429274 0.902615
1779361532.481658 8.321965 -1.183854 0.309058 -0.009761 -0.026897 0.378941 0.924979
1779361532.536380 8.319430 -1.181494 0.308876 -0.015760 -0.018325 0.336592 0.941341
1779361532.596099 8.318323 -1.178025 0.308389 -0.018204 -0.010730 0.286790 0.957761
1779361532.643511 8.317253 -1.176104 0.306405 -0.018193 -0.009304 0.235534 0.971651
1779361532.699476 8.314974 -1.176267 0.300153 -0.024642 -0.014593 0.185591 0.982210
1779361532.759667 8.316676 -1.176659 0.305120 -0.027063 -0.009407 0.144604 0.989075
1779361532.801982 8.318494 -1.174578 0.310750 -0.024766 -0.002986 0.107872 0.993852
1779361532.859591 8.317367 -1.171123 0.312322 -0.026655 0.001469 0.074500 0.996864
1779361532.914454 8.314870 -1.167754 0.312353 -0.028761 0.002782 0.033366 0.999025
1779361532.967229 8.312589 -1.167235 0.312424 -0.031934 -0.001066 -0.002498 0.999486
1779361533.020493 8.308237 -1.166093 0.311555 -0.033507 -0.006460 -0.050024 0.998165
1779361533.069939 8.302545 -1.166118 0.310671 -0.034511 -0.010147 -0.084974 0.995734
1779361533.131781 8.299466 -1.168284 0.309725 -0.032639 -0.010854 -0.114492 0.992829
1779361533.180426 8.295268 -1.169908 0.308136 -0.029695 -0.009138 -0.139358 0.989755
1779361533.233707 8.287776 -1.165327 0.304126 -0.032386 -0.009242 -0.161805 0.986248
1779361533.287685 8.286391 -1.162805 0.306833 -0.046455 -0.007384 -0.186444 0.981339
1779361533.341009 8.282707 -1.156075 0.303258 -0.047017 -0.012891 -0.202636 0.978040
1779361533.395016 8.285028 -1.151853 0.302466 -0.057655 -0.015562 -0.214325 0.974935
1779361533.446848 8.286037 -1.150805 0.301160 -0.054370 -0.018008 -0.227044 0.972199
1779361533.500477 8.288326 -1.146899 0.298955 -0.053915 -0.019142 -0.238254 0.969516
1779361533.553743 8.292213 -1.144288 0.297451 -0.055052 -0.021503 -0.247804 0.967006
1779361533.605702 8.295005 -1.143882 0.296930 -0.045508 -0.019336 -0.255690 0.965494
1779361533.660162 8.297023 -1.143918 0.298342 -0.036839 -0.015081 -0.258857 0.965095
1779361533.713742 8.299973 -1.145491 0.300972 -0.037198 -0.015135 -0.259077 0.965022
1779361533.769330 8.302277 -1.146811 0.302082 -0.036176 -0.012053 -0.258535 0.965249
1779361533.822513 8.303430 -1.147841 0.302700 -0.035341 -0.010825 -0.258015 0.965434
1779361533.880007 8.303128 -1.147889 0.302887 -0.034784 -0.010802 -0.257325 0.965638
1779361533.930129 8.301887 -1.147368 0.303047 -0.034314 -0.011474 -0.256735 0.965805
1779361533.981479 8.300727 -1.147001 0.303082 -0.033777 -0.012008 -0.256227 0.965952
1779361534.033764 8.299706 -1.146881 0.302791 -0.033297 -0.012597 -0.255731 0.966093
1779361534.090879 8.299145 -1.146838 0.302625 -0.033142 -0.012834 -0.255188 0.966238
1779361534.140932 8.299024 -1.146712 0.302557 -0.033224 -0.012728 -0.254538 0.966408
1779361534.193296 8.299076 -1.146599 0.302459 -0.033197 -0.012632 -0.254147 0.966513
1779361534.247965 8.299191 -1.146580 0.302398 -0.033130 -0.012591 -0.253810 0.966605
1779361534.300145 8.299301 -1.146595 0.302364 -0.033120 -0.012499 -0.253575 0.966668
1779361534.353853 8.299444 -1.146616 0.302311 -0.033137 -0.012272 -0.253325 0.966736
1779361534.406793 8.299504 -1.146618 0.302297 -0.033237 -0.012110 -0.253179 0.966773
1779361534.461147 8.299459 -1.146636 0.302347 -0.033309 -0.012128 -0.252907 0.966841
1779361534.513571 8.299383 -1.146628 0.302361 -0.033463 -0.012101 -0.252652 0.966903
1779361534.572067 8.299426 -1.146644 0.302387 -0.033593 -0.011999 -0.252412 0.966962
1779361534.620770 8.299554 -1.146734 0.302374 -0.033615 -0.011870 -0.252240 0.967008
1779361534.673748 8.299713 -1.146835 0.302323 -0.033650 -0.011673 -0.252129 0.967038
1779361534.727781 8.299882 -1.146855 0.302272 -0.033698 -0.011421 -0.251756 0.967136
1779361534.780774 8.299975 -1.146867 0.302234 -0.033698 -0.011330 -0.251597 0.967179
1779361534.833219 8.299965 -1.146838 0.302232 -0.033748 -0.011274 -0.251577 0.967183
1779361534.886634 8.299917 -1.146833 0.302267 -0.033740 -0.011258 -0.251478 0.967209
1779361534.944471 8.299884 -1.146840 0.302274 -0.033729 -0.011235 -0.251405 0.967229
1779361534.993490 8.299908 -1.146818 0.302280 -0.033826 -0.011177 -0.251275 0.967260
1779361535.047322 8.300009 -1.146830 0.302260 -0.033903 -0.011013 -0.251148 0.967292
1779361535.100675 8.300099 -1.146904 0.302219 -0.033904 -0.010877 -0.251165 0.967289
1779361535.153160 8.300189 -1.146914 0.302195 -0.033920 -0.010705 -0.250967 0.967342
1779361535.208265 8.300203 -1.146899 0.302208 -0.033957 -0.010645 -0.250857 0.967370
1779361535.259914 8.300219 -1.146863 0.302206 -0.034011 -0.010554 -0.250703 0.967409
1779361535.313548 8.300280 -1.146869 0.302190 -0.034059 -0.010468 -0.250654 0.967421
1779361535.368876 8.300335 -1.146871 0.302175 -0.034156 -0.010393 -0.250577 0.967438
1779361535.420006 8.300404 -1.146851 0.302156 -0.034225 -0.010307 -0.250468 0.967465
1779361535.472126 8.300448 -1.146800 0.302107 -0.034300 -0.010241 -0.250361 0.967491
1779361535.523832 8.300500 -1.146827 0.302112 -0.034302 -0.010166 -0.250359 0.967492
1779361535.576612 8.300507 -1.146857 0.302107 -0.034273 -0.010116 -0.250319 0.967504
1779361535.630590 8.300495 -1.146836 0.302134 -0.034289 -0.010091 -0.250232 0.967526
1779361535.683162 8.300514 -1.146802 0.302144 -0.034334 -0.010034 -0.250144 0.967548
1779361535.759007 8.300551 -1.146796 0.302119 -0.034385 -0.009981 -0.250129 0.967550
1779361535.787552 8.300602 -1.146824 0.302095 -0.034389 -0.009890 -0.250146 0.967547
1779361535.840482 8.300594 -1.146843 0.302105 -0.034411 -0.009876 -0.250176 0.967538
1779361535.893456 8.300611 -1.146783 0.302074 -0.034482 -0.009850 -0.250100 0.967556
1779361535.946962 8.300648 -1.146741 0.302053 -0.034535 -0.009783 -0.250005 0.967579
1779361536.006006 8.300692 -1.146791 0.302061 -0.034508 -0.009719 -0.250093 0.967558
1779361536.050812 8.300730 -1.146798 0.302062 -0.034545 -0.009647 -0.250110 0.967553
1779361536.105879 8.300739 -1.146787 0.302062 -0.034555 -0.009632 -0.250101 0.967555
1779361536.157056 8.300765 -1.146792 0.302102 -0.034553 -0.009594 -0.250046 0.967570
1779361536.210424 8.300814 -1.146811 0.302088 -0.034545 -0.009497 -0.249971 0.967590
1779361536.263476 8.300840 -1.146757 0.302039 -0.034630 -0.009414 -0.249962 0.967590
1779361536.316793 8.300849 -1.146784 0.302020 -0.034627 -0.009400 -0.249970 0.967589
1779361536.374638 8.300898 -1.146722 0.302046 -0.034701 -0.009319 -0.249756 0.967642
1779361536.420658 8.300981 -1.146716 0.302059 -0.034743 -0.009241 -0.249729 0.967648
1779361536.473949 8.301093 -1.146723 0.302070 -0.034723 -0.009161 -0.249599 0.967683
1779361536.529025 8.301134 -1.146719 0.302031 -0.034750 -0.009077 -0.249561 0.967693
1779361536.580498 8.301151 -1.146690 0.301995 -0.034804 -0.009020 -0.249571 0.967689
1779361536.641219 8.301151 -1.146640 0.302007 -0.034845 -0.009029 -0.249439 0.967721
1779361536.689594 8.301226 -1.146651 0.301995 -0.034865 -0.008924 -0.249468 0.967714
1779361536.743889 8.301229 -1.146652 0.301994 -0.034859 -0.008902 -0.249378 0.967738
1779361536.796843 8.301275 -1.146606 0.301983 -0.034928 -0.008833 -0.249313 0.967753
1779361536.851449 8.301284 -1.146597 0.301968 -0.034967 -0.008792 -0.249311 0.967752
