1778055130.584232 0.000000 0.000000 0.000000 0.00000000 0.00000000 0.00000000 1.00000000
1778055132.675939 -0.009299 0.001111 -0.012072 -0.00419626 -0.02343414 -0.01089868 0.99965717
1778055132.956191 -0.029853 0.001590 -0.021646 -0.00516635 -0.06105043 -0.01088529 0.99806195
1778055133.240190 -0.043537 0.001191 -0.021701 -0.00220200 -0.09810700 0.00383468 0.99516605
1778055133.515132 -0.069751 0.002701 -0.041419 -0.00967010 -0.14051233 0.00805175 0.98999896
1778055133.658193 -0.109827 0.001741 -0.066769 -0.00965941 -0.15456627 0.00793622 0.98790332
1778055133.797606 -0.136678 0.000067 -0.090208 -0.00840228 -0.18224968 0.00460780 0.98320559
1778055133.939770 -0.152587 -0.000925 -0.104304 -0.01226281 -0.22344948 0.00804056 0.97460520
1778055134.079459 -0.160922 -0.002881 -0.113038 -0.01507057 -0.26158401 0.00312761 0.96505798
1778055134.215533 -0.177959 -0.004082 -0.085767 -0.01157818 -0.28921005 0.00605054 0.95717652
1778055134.356405 -0.181847 -0.004335 -0.092027 -0.00259711 -0.31291963 -0.00190218 0.94977415
1778055134.508115 -0.216668 -0.005182 -0.051098 -0.00407400 -0.34574543 0.00823530 0.93828337
1778055134.642631 -0.267422 -0.005339 -0.051095 0.00237353 -0.36889309 0.01008769 0.92941406
1778055134.914524 -0.275366 -0.009560 -0.062862 0.00782118 -0.40717162 0.00718641 0.91328991
1778055135.197563 -0.399929 -0.014282 0.003775 0.00945192 -0.45574696 0.01494995 0.88993363
1778055135.480366 -0.413370 -0.014130 0.009995 0.01002662 -0.48070291 0.00972965 0.87677221
1778055135.762870 -0.554189 -0.018156 0.079345 0.01078408 -0.52005880 0.00999957 0.85400384
1778055135.762870 -0.554540 -0.018056 0.080062 0.01078761 -0.52001304 0.00997854 0.85403190
1778055136.321230 -0.562723 -0.016074 0.097679 0.00583372 -0.46851251 0.00552638 0.88342032
1778055136.737794 -0.683481 0.002928 0.408441 0.00537347 -0.41892403 0.00041215 0.90800530
1778055137.160535 -0.748605 -0.025047 0.266126 0.00201381 -0.35991996 0.02125216 0.93273893
1778055137.438731 -0.800839 -0.029168 0.329818 -0.00266058 -0.32232930 0.01112842 0.94655845
1778055137.867119 -0.900269 -0.024507 0.468817 0.00305924 -0.26881725 0.01775591 0.96302266
1778055138.286674 -0.954129 -0.024330 0.590067 -0.01125633 -0.23696013 0.01066106 0.97139566
1778055139.119798 -1.067847 -0.024633 0.768041 0.00685041 -0.20114141 0.01380508 0.97944098
1778055139.539655 -1.071371 -0.022862 0.829559 -0.02319668 -0.19184661 0.01363580 0.98105599
1778055141.494442 -1.071125 -0.021913 0.826295 -0.00891583 -0.15820477 0.00855070 0.98732905
1778055141.780698 -1.012977 -0.015375 0.845274 -0.00343581 -0.12240138 -0.00042353 0.99247464
1778055141.924366 -0.964888 -0.013889 0.852365 -0.00505750 -0.10332268 -0.00283485 0.99463099
1778055142.060546 -0.963819 -0.016333 0.903388 -0.00951413 -0.06807850 -0.01003287 0.99758415
1778055142.205126 -0.893579 -0.013364 0.885532 -0.01689755 -0.04402640 -0.00784333 0.99885666
1778055142.338037 -0.860123 -0.010906 0.875060 -0.02754187 0.00035673 -0.00999688 0.99957060
1778055142.479977 -0.848570 -0.012437 0.857942 -0.02536233 0.05807307 -0.01457599 0.99788367
1778055142.620643 -0.853340 -0.022913 0.846144 -0.01552108 0.08942564 -0.01481253 0.99576239
1778055142.620643 -0.851999 -0.023001 0.846501 -0.01530249 0.08967984 -0.01469165 0.99574470
1778055142.763867 -0.819213 -0.022671 0.866182 -0.01049704 0.10994661 -0.02905743 0.99345721
1778055143.043402 -0.787088 -0.020269 0.895427 -0.00514720 0.15728332 -0.03176004 0.98702926
1778055143.319008 -0.728361 -0.020421 0.949190 -0.00325272 0.18299092 -0.01896293 0.98292632
1778055143.611257 -0.652005 -0.024469 0.996539 -0.00780228 0.19742682 -0.02141385 0.98005266
1778055144.024876 -0.591232 -0.021627 1.055479 -0.00159804 0.21972790 -0.01431547 0.97545485
1778055144.437880 -0.554215 -0.018166 1.057586 -0.01505349 0.26042529 -0.04146261 0.96448583
1778055144.578663 -0.532701 -0.022158 1.032458 -0.01309646 0.29709201 -0.04104887 0.95387620
1778055144.720614 -0.519255 -0.028281 1.019011 -0.01203588 0.34009994 -0.03673433 0.93959447
1778055144.995698 -0.507679 -0.024666 1.038766 -0.00496564 0.29821017 -0.01819286 0.95431392
1778055145.140138 -0.535740 -0.024512 1.053448 -0.01233258 0.28313233 -0.02592353 0.95865112
1778055145.283296 -0.545229 -0.021276 1.072792 -0.01006988 0.25862001 -0.03197205 0.96539737
1778055145.559442 -0.570867 -0.019378 1.086208 -0.01409661 0.23108322 -0.04413462 0.97183021
1778055145.978727 -0.591227 -0.018407 1.127153 -0.00886524 0.19864643 -0.04099663 0.97917326
1778055146.259635 -0.607801 -0.015193 1.147938 -0.00165271 0.17087239 -0.02014448 0.98508583
1778055146.541174 -0.611722 -0.023722 1.197983 -0.00434990 0.14377678 -0.01702790 0.98945408
1778055146.833767 -0.638695 -0.021409 1.226159 0.00631161 0.11742033 0.00365114 0.99305554
1778055146.833767 -0.635298 -0.021630 1.226059 0.00636995 0.11747957 0.00377777 0.99304768
1778055147.106577 -0.640192 -0.021267 1.198478 0.00385406 0.10183475 -0.00657012 0.99477217
1778055147.798466 -0.620365 -0.018906 1.344351 -0.00119804 0.10103674 -0.00381643 0.99487465
1778055148.084508 -0.615670 -0.019338 1.362327 0.00061326 0.10371748 -0.00306676 0.99460188
1778055148.373476 -0.622221 -0.020010 1.391909 0.00320069 0.08825890 -0.00740723 0.99606489
1778055148.500041 -0.628348 -0.021731 1.375465 0.00477399 0.07184577 -0.00883153 0.99736523
1778055148.650257 -0.637838 -0.020914 1.381750 0.00436898 0.05186312 -0.00448263 0.99863459
1778055148.787490 -0.647100 -0.019925 1.397163 0.00304530 0.02706262 -0.00975819 0.99958147
1778055148.926433 -0.663847 -0.019489 1.394903 0.00238621 0.00330147 -0.00087431 0.99999132
1778055149.063616 -0.657693 -0.019976 1.358621 0.00314598 -0.02046318 0.01937720 0.99959786
1778055149.209065 -0.661018 -0.021580 1.365158 0.00303696 -0.03841780 0.02067759 0.99904319
1778055149.476321 -0.673848 -0.023722 1.355513 0.00599688 -0.05969383 0.02720935 0.99782781
1778055150.039690 -0.688983 -0.021795 1.400932 0.00351334 -0.04176322 -0.00799065 0.99908940
1778055150.458667 -0.705686 -0.021337 1.454761 0.00687241 -0.02029778 0.02164305 0.99953607
1778055151.094319 -0.741950 -0.027158 1.600373 0.01017964 -0.00329308 0.00533050 0.99992856
1778055151.517112 -0.772879 -0.022262 1.686403 0.00320313 0.01477667 0.00083323 0.99988534
1778055151.799879 -0.766075 -0.023596 1.692438 0.00489693 0.02898107 0.00174731 0.99956644
1778055151.799879 -0.766510 -0.023612 1.693013 0.00502170 0.02946315 0.00146697 0.99955218
1778055152.213410 -0.758075 -0.023537 1.668689 0.00483810 0.06212498 0.00707402 0.99803158
1778055152.493399 -0.768374 -0.023284 1.702602 0.00412068 0.08650158 -0.00267456 0.99623960
1778055152.912999 -0.774992 -0.024227 1.760828 0.00469305 0.11602063 0.00298200 0.99323124
1778055153.193120 -0.776877 -0.024327 1.757276 0.00362770 0.08802844 -0.00102309 0.99611083
1778055153.474297 -0.778383 -0.024449 1.744027 0.00605419 0.05252243 0.00643373 0.99858067
1778055154.597069 -0.779528 -0.026314 1.780872 0.01643962 0.07666639 0.00681363 0.99689798
1778055155.031878 -0.789050 -0.024604 1.825459 0.00736651 0.11228389 -0.00241959 0.99364592
1778055155.434890 -0.791621 -0.023938 1.897668 0.00493758 0.14536977 -0.00302883 0.98936044
1778055155.854926 -0.773135 -0.023587 1.950649 0.00535003 0.17161814 0.00044841 0.98514892
1778055156.273665 -0.751740 -0.019082 1.997876 -0.00276956 0.18702371 -0.00608521 0.98233265
1778055156.552865 -0.739481 -0.018795 2.011837 -0.00172057 0.22813572 -0.01401017 0.97352702
1778055156.695695 -0.735825 -0.017932 2.012025 -0.00265556 0.25325490 -0.01994459 0.96719032
1778055156.839822 -0.726564 -0.018269 2.005044 -0.00027136 0.26625542 -0.02138425 0.96366524
1778055156.975731 -0.720649 -0.018212 1.985152 -0.00025378 0.28094895 -0.03064770 0.95923321
1778055157.389313 -0.723121 -0.021738 1.976452 0.00367207 0.27497295 -0.02707232 0.96106372
1778055157.530995 -0.739293 -0.022511 1.992831 0.00644102 0.25796307 -0.02098183 0.96590545
1778055157.530995 -0.739854 -0.022528 1.993679 0.00662429 0.25811420 -0.02116669 0.96585980
1778055157.676910 -0.741771 -0.021861 1.990439 0.00964475 0.24187802 -0.01219515 0.97018209
1778055157.822654 -0.742081 -0.022283 1.991681 0.01230775 0.22155585 -0.00501244 0.97505713
1778055158.092908 -0.742839 -0.022505 1.988778 0.00645446 0.18866210 -0.00266996 0.98201722
1778055158.381003 -0.742786 -0.022746 1.995608 0.01132282 0.16572761 0.00445047 0.98609652
1778055158.799696 -0.739818 -0.022505 1.993213 0.01074489 0.13384350 -0.00762743 0.99091487
1778055159.073096 -0.740308 -0.022612 2.012036 0.01361775 0.11099335 0.00585162 0.99371062
1778055159.354521 -0.746344 -0.024404 2.026134 0.01103548 0.08916137 -0.00512717 0.99594286
1778055159.630182 -0.748957 -0.024128 2.047202 0.01195377 0.06730563 0.00828524 0.99762639
1778055160.072037 -0.753651 -0.022829 2.079665 0.00271979 0.08670524 0.00920591 0.99618776
1778055160.615254 -0.770070 -0.025008 2.147886 0.00817838 0.07113442 -0.00601252 0.99741509
1778055162.029316 -0.798777 -0.023008 2.307215 -0.00034620 0.07139746 -0.00695927 0.99742361
1778055163.134447 -0.819772 -0.026304 2.375427 0.00631366 0.02103092 0.00900911 0.99971830
1778055163.419685 -0.816613 -0.021487 2.365970 0.00029488 -0.01606656 0.00875178 0.99983258
1778055164.122884 -0.818378 -0.026548 2.393517 0.00689915 0.00938848 0.00531397 0.99991801
1778055164.550035 -0.827774 -0.025229 2.430722 0.00291829 0.04373515 -0.00169135 0.99903747
1778055165.238335 -0.845512 -0.027861 2.473433 0.00694985 0.02631266 -0.00687087 0.99960599
1778055165.238335 -0.841924 -0.027540 2.474702 0.00700058 0.02513096 -0.00651346 0.99963844
1778055165.660386 -0.836709 -0.027351 2.472933 0.00668527 0.05978238 0.00611800 0.99817030
1778055166.218395 -0.835479 -0.026918 2.498881 0.00422834 0.09482090 -0.00724200 0.99545903
1778055167.622485 -0.854302 -0.025519 2.611050 -0.00133133 0.08263510 -0.00242920 0.99657602
1778055168.973481 -0.866312 -0.027532 2.678513 0.00945723 0.05149604 -0.00477337 0.99861701
1778055170.186245 -0.876082 -0.023415 2.749949 0.00096105 0.08420028 -0.00477271 0.99643696
1778055170.421435 -0.870691 -0.021670 2.755870 -0.00426749 0.11370802 -0.00887084 0.99346544
1778055170.665560 -0.856779 -0.021814 2.750240 -0.00264160 0.13483653 -0.01246480 0.99078593
1778055170.772191 -0.849084 -0.022067 2.724901 -0.00075543 0.16463792 -0.01056168 0.98629723
1778055171.143259 -0.890717 -0.019048 2.706829 -0.00018154 0.20294076 -0.00347752 0.97918483
1778055171.379805 -0.797603 -0.023487 2.711167 0.00257468 0.21526499 -0.01302723 0.97646538
1778055171.614610 -0.771364 -0.022806 2.701552 -0.00102923 0.22336958 -0.01184504 0.97466131
1778055171.865803 -0.797415 -0.020572 2.638231 0.00887286 0.25531213 -0.01210717 0.96674216
1778055172.107647 -0.754852 -0.023784 2.727316 0.00180669 0.27816916 -0.01745373 0.96037181
1778055172.585345 -0.744177 -0.026551 2.748734 0.00663951 0.32127920 -0.01133386 0.94689341
1778055172.817470 -0.725166 -0.024010 2.754017 -0.00047785 0.32211858 -0.01222433 0.94662028
1778055173.847845 -0.695637 -0.018144 2.822865 -0.00235043 0.31664727 -0.02204131 0.94828433
1778055173.847845 -0.695191 -0.018187 2.822371 -0.00249070 0.31436948 -0.02206066 0.94904107
1778055174.270142 -0.692966 -0.017871 2.822165 0.00355001 0.27015104 -0.01109064 0.96274753
1778055174.684425 -0.694215 -0.017869 2.822718 0.00376787 0.22920828 -0.01594688 0.97323947
1778055174.826498 -0.695267 -0.018182 2.821947 0.00622382 0.20288235 -0.01654570 0.97904354
1778055174.969591 -0.699688 -0.018162 2.823050 0.00383353 0.17288968 -0.01208241 0.98485962
1778055175.107978 -0.702524 -0.018456 2.823275 0.00291765 0.13797849 -0.01019124 0.99037849
1778055175.253528 -0.706385 -0.018548 2.823712 -0.00403175 0.09387393 0.00262596 0.99557247
1778055175.388154 -0.706762 -0.018175 2.823146 0.00098278 0.04600390 0.01414297 0.99884065
1778055175.530496 -0.711358 -0.018809 2.822675 0.00354155 -0.00581982 0.01724795 0.99982803
1778055175.668613 -0.708122 -0.018772 2.820600 0.00994728 -0.04745731 0.01318441 0.99873672
1778055175.947609 -0.723890 -0.019683 2.821800 0.01244460 -0.10124393 0.00100387 0.99478329
1778055176.368649 -0.736876 -0.020568 2.825530 0.01092700 -0.16334786 0.00327022 0.98650260
1778055176.646594 -0.751225 -0.019702 2.831877 -0.00891826 -0.20208584 -0.02036022 0.97911554
1778055176.935265 -0.764086 -0.020747 2.833954 0.00997621 -0.23545223 -0.02829242 0.97142280
1778055177.629009 -0.810535 -0.021109 2.883178 0.00756623 -0.21070887 -0.00467761 0.97750839
1778055177.909719 -0.801607 -0.020836 2.886053 0.00907663 -0.18435772 -0.00534040 0.98280279
1778055178.048543 -0.782208 -0.022168 2.870378 0.01847413 -0.14992253 -0.00570557 0.98850867
1778055178.048543 -0.781818 -0.022151 2.864540 0.01874992 -0.14906727 -0.00508270 0.98863621
1778055178.190143 -0.781275 -0.022182 2.856142 0.01172833 -0.10141103 -0.01078730 0.99471699
1778055178.328152 -0.783088 -0.022068 2.847227 0.00890980 -0.04591089 -0.01153718 0.99883918
1778055178.467614 -0.782014 -0.021917 2.845759 0.00946669 -0.00569722 -0.00874251 0.99990074
1778055178.611753 -0.775778 -0.022050 2.842829 0.01444325 0.03279498 0.00052431 0.99935760
1778055178.770315 -0.761517 -0.021556 2.844083 0.01506997 0.06046499 -0.00777004 0.99802631
1778055179.038681 -0.753630 -0.020996 2.845136 0.01513917 0.08801413 -0.00092750 0.99600374
1778055179.310457 -0.739022 -0.019690 2.849609 0.01095646 0.11629878 -0.00060859 0.99315365
1778055179.732993 -0.691680 -0.019308 2.858471 0.00747121 0.14153724 -0.00509794 0.98989161
1778055180.285908 -0.688860 -0.017254 2.876621 0.01254473 0.20855238 -0.00427995 0.97792137
1778055180.570261 -0.670475 -0.015577 2.900105 0.00814291 0.24410396 -0.01768644 0.96955358
1778055180.853501 -0.640448 -0.014166 2.901174 0.01128476 0.26101190 -0.02021958 0.96505783
1778055181.127178 -0.606094 -0.016465 2.892901 0.01747433 0.27309635 -0.01043757 0.96177133
1778055181.269869 -0.588798 -0.014075 2.899848 0.00951060 0.28702308 -0.02031499 0.95766101
1778055181.548307 -0.574189 -0.013783 2.889152 0.00956996 0.31453666 -0.01478159 0.94908198
1778055181.823782 -0.524250 -0.015701 2.855051 0.01476501 0.29215649 -0.00879807 0.95621607
1778055182.106843 -0.479287 -0.018534 2.838649 0.00255287 0.27871519 -0.01807701 0.96020026
1778055182.106843 -0.478101 -0.018500 2.836929 0.00247655 0.27847985 -0.01807235 0.96026883
1778055182.393822 -0.475229 -0.018293 2.836184 0.00263356 0.29057830 -0.01316955 0.95675696
1778055182.669253 -0.454650 -0.016841 2.847910 0.00408815 0.30496553 -0.02185154 0.95210389
1778055182.810299 -0.446759 -0.017090 2.849320 0.00231263 0.30970929 -0.01522490 0.95070658
1778055182.949529 -0.436256 -0.016297 2.851940 0.00066234 0.31286944 -0.01500827 0.94967733
1778055183.087719 -0.429555 -0.016389 2.853529 0.00614241 0.32137856 -0.01500983 0.94681191
1778055183.367083 -0.415377 -0.016027 2.860552 0.00018341 0.33119889 -0.02184567 0.94330802
1778055183.790226 -0.397832 -0.015789 2.873544 -0.00045723 0.30945324 -0.02099717 0.95068270
1778055184.065333 -0.391693 -0.015640 2.884246 -0.00346816 0.29277773 -0.02121807 0.95593879
1778055184.353552 -0.384140 -0.016720 2.890962 0.00404978 0.27002544 -0.00728018 0.96281715
1778055184.630134 -0.378414 -0.016017 2.907394 -0.00057078 0.24962126 -0.01341416 0.96825046
1778055185.473634 -0.365871 -0.015041 2.944960 0.00193057 0.22080332 -0.00460345 0.97530558
1778055185.763597 -0.367776 -0.014597 2.955379 -0.00088534 0.20189459 -0.01403918 0.97930623
1778055186.173593 -0.359418 -0.014259 2.975520 0.00974588 0.20949450 -0.00568508 0.97774473
1778055186.583609 -0.354187 -0.014315 2.980698 -0.00033860 0.21691164 -0.00519393 0.97617737
1778055187.292571 -0.351892 -0.014512 2.979894 0.01655342 0.20195611 0.00507619 0.97924152
1778055187.719743 -0.345228 -0.013127 2.992582 0.00953185 0.20859032 -0.00827302 0.97792166
1778055187.719743 -0.344180 -0.013070 2.990386 0.00945894 0.20735193 -0.00829182 0.97818554
1778055188.276497 -0.346008 -0.013173 3.009953 0.01544615 0.16757445 -0.01421746 0.98563588
1778055188.971494 -0.347332 -0.013118 3.047998 0.00854661 0.14846883 -0.00235569 0.98887735
1778055189.250793 -0.349504 -0.013932 3.059957 0.00529459 0.12092594 -0.01869610 0.99247133
1778055189.682666 -0.351831 -0.014372 3.064625 0.01782308 0.14581023 -0.00780002 0.98912126
1778055189.955082 -0.347896 -0.013560 3.066757 0.00835160 0.16804307 -0.00046510 0.98574417
1778055190.933707 -0.351448 -0.012595 3.072942 0.00394899 0.11951492 -0.00299711 0.99282003
1778055191.216271 -0.348587 -0.012283 3.020382 0.00607897 0.05706704 -0.00264652 0.99834833
1778055191.352404 -0.343947 -0.010587 2.978752 0.01016373 0.01827453 0.00076321 0.99978105
1778055191.494090 -0.343497 -0.010986 2.994493 0.00676412 -0.05930593 0.01703031 0.99807165
1778055191.634006 -0.348531 -0.010035 2.973045 0.00058571 -0.08619804 0.01218598 0.99620332
1778055191.772108 -0.337322 -0.011203 2.948704 0.00040873 -0.16022033 0.00327338 0.98707576
1778055191.910119 -0.335240 -0.014170 2.961161 0.00802654 -0.23419222 0.00399852 0.97214895
1778055192.050276 -0.318646 -0.012725 2.919128 0.00630352 -0.29475049 0.00073899 0.95555317
1778055192.191803 -0.316713 -0.011982 2.904420 0.02745735 -0.35080603 -0.02635363 0.93567447
1778055192.328364 -0.311787 -0.011748 2.891762 0.01847064 -0.39999827 -0.00746502 0.91629935
1778055192.466453 -0.312835 -0.010382 2.884406 0.02518159 -0.40664650 -0.00053778 0.91323832
1778055192.466453 -0.313076 -0.010328 2.879706 0.02503781 -0.40974240 -0.00044813 0.91185749
1778055192.607038 -0.307730 -0.009948 2.876307 0.02488099 -0.40451067 -0.00350751 0.91418803
1778055192.752452 -0.314939 -0.010054 2.868022 0.02361987 -0.39637132 -0.00514190 0.91777200
1778055193.112254 -0.319168 -0.010245 2.858499 0.01845545 -0.37835108 -0.00586109 0.92545962
1778055193.238868 -0.326600 -0.010057 2.848733 0.01120759 -0.36230880 -0.00569712 0.93197332
1778055193.668753 -0.341485 -0.009896 2.840615 0.00447879 -0.40813901 -0.01026930 0.91285104
1778055193.884108 -0.345397 -0.009821 2.832934 0.01081183 -0.43696943 -0.01263450 0.89932263
1778055193.984465 -0.346846 -0.009911 2.826425 0.00995238 -0.45749175 -0.01091831 0.88909113
1778055194.219586 -0.359308 -0.009143 2.816606 0.00094890 -0.49070492 -0.00926123 0.87127608
1778055194.367148 -0.366586 -0.009360 2.809970 0.00316555 -0.51363435 -0.00478522 0.85799000
1778055194.498843 -0.371398 -0.009951 2.802576 0.00747251 -0.52828637 0.00210250 0.84903077
1778055194.641324 -0.374346 -0.011236 2.797514 0.00553596 -0.54584254 0.01471946 0.83774018
1778055194.920095 -0.389289 -0.010395 2.797059 0.01366012 -0.57694997 0.00093050 0.81666472
1778055195.197549 -0.400350 -0.010539 2.792198 0.01129570 -0.60793597 0.00303911 0.79389989
1778055195.767847 -0.441130 -0.011311 2.795578 0.01280882 -0.58576837 0.00347102 0.81036985
1778055196.327428 -0.469815 -0.012691 2.795213 0.01719544 -0.60240516 0.00351178 0.79799750
1778055196.745050 -0.515679 -0.011214 2.799026 0.01684403 -0.57310155 -0.00176328 0.81930933
1778055196.745050 -0.516126 -0.011051 2.785704 0.01677892 -0.57459812 -0.00175610 0.81826181
1778055197.727581 -0.539654 -0.011618 2.782281 0.01074074 -0.50950373 0.00792941 0.86036487
1778055198.144670 -0.570668 -0.012568 2.785925 0.01616414 -0.44743478 0.00056408 0.89417030
1778055198.429794 -0.586550 -0.013747 2.795031 0.00936688 -0.41272009 0.00709817 0.91078209
1778055198.701718 -0.598021 -0.012875 2.788622 0.01345163 -0.35372995 0.00288297 0.93524642
1778055199.124148 -0.607139 -0.015048 2.812781 0.01612363 -0.30627000 0.01880735 0.95162230
1778055199.969031 -0.623295 -0.016909 2.876719 0.01311784 -0.21137749 -0.00051851 0.97731633
1778055200.665476 -0.660804 -0.016742 2.894267 0.00608973 -0.25586490 -0.00873938 0.96665386
1778055201.647681 -0.701106 -0.017393 2.945506 0.00705999 -0.19573503 -0.00561097 0.98061535
1778055202.207615 -0.704878 -0.017270 2.965455 -0.00023014 -0.12354887 0.00849272 0.99230212
1778055202.637135 -0.687046 -0.017836 2.994203 0.00613727 -0.07827454 -0.00250422 0.99690981
1778055203.189760 -0.690439 -0.019050 3.030976 0.01511267 -0.01905320 -0.00843008 0.99966870
1778055203.746214 -0.686788 -0.019997 3.048717 0.00542488 0.02803940 -0.00109824 0.99959149
1778055204.307573 -0.704548 -0.018861 3.071059 -0.00307188 0.00120615 -0.01053068 0.99993910
1778055204.742571 -0.702683 -0.019270 3.088740 0.00700638 -0.04331921 -0.00555602 0.99902126
1778055205.146018 -0.715250 -0.016909 3.082164 -0.02184760 -0.08578485 0.01249957 0.99599568
1778055205.286680 -0.730182 -0.019121 3.086784 -0.01849069 -0.11545945 0.01612805 0.99300911
1778055205.286680 -0.730821 -0.019215 3.086259 -0.01910206 -0.11684915 0.01548568 0.99284520
1778055205.423023 -0.733574 -0.018993 3.084515 -0.01054759 -0.16534737 0.02346421 0.98589980
1778055205.565801 -0.741462 -0.018593 3.078374 -0.00027101 -0.21887533 0.02067611 0.97553371
1778055205.702933 -0.749455 -0.018852 3.072978 0.00051415 -0.27766912 0.02245727 0.96041411
1778055205.853174 -0.750983 -0.019363 3.069346 0.00669236 -0.35556466 0.01629595 0.93448565
1778055205.982530 -0.754419 -0.019523 3.061562 0.00675629 -0.40984167 -0.01820658 0.91194993
1778055206.412051 -0.758362 -0.018573 3.069670 0.00177550 -0.36105690 -0.04151739 0.93161745
1778055206.685100 -0.756346 -0.017970 3.071397 -0.00456053 -0.29741797 -0.03147306 0.95421758
1778055207.107212 -0.752663 -0.018767 3.081764 -0.01357045 -0.20940185 -0.02216605 0.97748421
1778055207.528004 -0.771104 -0.019518 3.086482 -0.00665185 -0.16915929 0.00607379 0.98554756
1778055208.236233 -0.754891 -0.018893 3.129011 0.00386901 -0.08649026 0.01777581 0.99608659
1778055209.212136 -0.757530 -0.018671 3.166300 0.00110523 -0.00152786 0.00008697 0.99999822
1778055210.610563 -0.769584 -0.017982 3.236560 -0.00627402 0.05088550 0.00710094 0.99865954
1778055211.025746 -0.765447 -0.016856 3.257575 0.00180787 0.11232540 -0.00794530 0.99363807
1778055211.308342 -0.754585 -0.015790 3.264186 0.00002739 0.14746800 -0.00559826 0.98905098
1778055211.447596 -0.751454 -0.016538 3.266470 0.00537666 0.16968328 0.00197262 0.98548201
1778055211.583473 -0.745213 -0.016645 3.261712 0.00759600 0.19376216 0.00513811 0.98100567
1778055211.583473 -0.745213 -0.016645 3.261712 0.00759600 0.19376216 0.00513811 0.98100567
1778055211.871975 -0.737725 -0.016524 3.265685 0.00586862 0.22599183 -0.00938641 0.97406630
1778055212.154398 -0.727188 -0.016102 3.272264 0.00408167 0.24095460 -0.01518284 0.97040904
1778055212.422578 -0.717409 -0.016223 3.278038 0.00327054 0.26752279 -0.01575322 0.96341720
1778055212.709443 -0.711352 -0.016324 3.280413 0.00183059 0.28779433 -0.00802496 0.95765687
1778055212.985995 -0.702242 -0.016783 3.286086 0.00708861 0.31268009 -0.00169005 0.94983054
1778055213.425506 -0.689372 -0.016622 3.294532 0.00099801 0.34292681 0.00108900 0.93936096
1778055213.694544 -0.682882 -0.016665 3.303516 -0.00421690 0.33246808 -0.02146419 0.94286080
1778055214.255949 -0.666163 -0.017482 3.316692 0.00801354 0.35224112 -0.00827074 0.93583843
1778055214.529265 -0.660762 -0.015977 3.321446 -0.01530347 0.36499838 -0.00065543 0.93088214
1778055215.508794 -0.662115 -0.016821 3.318958 -0.00466436 0.39108801 -0.01163148 0.92026796
1778055215.648746 -0.663999 -0.016246 3.314415 -0.00250436 0.42179671 -0.01145545 0.90661460
1778055215.791262 -0.657173 -0.016019 3.313808 0.00073918 0.45059025 -0.01014800 0.89267290
1778055215.931807 -0.654650 -0.015314 3.310476 -0.00642841 0.48068871 -0.02077943 0.87662150
1778055216.070840 -0.650141 -0.014784 3.308969 -0.01097494 0.49558353 -0.00622615 0.86846862
1778055216.208943 -0.643603 -0.014899 3.303889 -0.01664692 0.51632028 -0.01859428 0.85603184
1778055216.348628 -0.638362 -0.015946 3.298918 -0.01029777 0.53118292 -0.01775985 0.84700841
1778055216.348628 -0.638362 -0.015946 3.298918 -0.01029777 0.53118292 -0.01775985 0.84700841
1778055216.485184 -0.635038 -0.015982 3.295319 -0.00379477 0.51457499 -0.02342008 0.85711707
1778055216.625577 -0.630946 -0.016114 3.288098 -0.00954633 0.50738745 -0.02139800 0.86139942
1778055216.770113 -0.627160 -0.015800 3.284327 -0.01169492 0.52035539 -0.02106223 0.85360991
1778055216.906487 -0.626928 -0.016312 3.275176 -0.00552780 0.52678609 -0.01994273 0.84974593
1778055217.045175 -0.626234 -0.016136 3.270976 0.01182435 0.55168778 -0.00617258 0.83394405
1778055217.193460 -0.631122 -0.016053 3.258691 0.01083542 0.55579025 -0.00743715 0.83121867
1778055217.472991 -0.622650 -0.016426 3.250650 0.00387627 0.58290570 -0.01686170 0.81235559
1778055217.748782 -0.622229 -0.017295 3.237006 0.00048373 0.61552521 -0.01888607 0.78789072
1778055217.887538 -0.619337 -0.017284 3.226415 0.00198857 0.65748795 -0.02155325 0.75315410
1778055218.028093 -0.607027 -0.019198 3.199942 -0.00555537 0.66994157 -0.03191464 0.74170674
1778055218.170084 -0.608006 -0.018211 3.198286 -0.00810403 0.70791293 -0.02097305 0.70594174
1778055218.310118 -0.597618 -0.017065 3.194309 -0.00513542 0.73315858 -0.01285888 0.67991674
1778055218.588053 -0.581184 -0.017534 3.169042 0.01161349 0.75274280 -0.01443826 0.65805391
1778055218.879754 -0.576080 -0.018309 3.166402 -0.00073566 0.78616106 -0.01716311 0.61778287
1778055219.290560 -0.573209 -0.017825 3.161442 0.00597286 0.82006454 -0.01656413 0.57200009
1778055219.568335 -0.566292 -0.018252 3.165640 -0.00503145 0.85324048 -0.01218183 0.52135110
1778055219.568335 -0.566292 -0.018252 3.165640 -0.00503145 0.85324048 -0.01218183 0.52135110
1778055220.972507 -0.517038 -0.018404 3.135368 -0.01389698 0.88797486 -0.00607785 0.45964181
1778055221.526557 -0.502180 -0.018032 3.119899 0.00314598 0.93236895 0.01174560 0.36130360
1778055221.950024 -0.494549 -0.018856 3.104990 0.00389829 0.95469353 0.00096823 0.29756366
1778055223.630722 -0.467086 -0.017345 3.074597 -0.00134639 0.92941364 -0.00336131 0.36902191
1778055224.049522 -0.455113 -0.018344 3.068296 0.00010727 0.91204581 -0.00068441 0.41008775
1778055224.336917 -0.459470 -0.016831 3.075773 -0.00057556 0.89131412 -0.00858727 0.45330460
1778055224.887823 -0.451859 -0.017693 3.074150 -0.00488488 0.86148495 -0.00649471 0.50771807
1778055225.164796 -0.449499 -0.017636 3.075414 -0.00220016 0.81449901 -0.01547687 0.57995429
1778055225.445896 -0.449221 -0.018050 3.080974 -0.00970120 0.76661981 -0.02626568 0.64149050
1778055225.608181 -0.447012 -0.018578 3.081954 0.00603546 0.73951372 -0.01096607 0.67302509
1778055226.287777 -0.438774 -0.018640 3.079564 0.00722004 0.76792877 -0.01305181 0.64036156
1778055227.269153 -0.402819 -0.019459 3.067265 0.00411286 0.80420297 -0.01025510 0.59425205
1778055228.117013 -0.367908 -0.020216 3.055596 0.00300496 0.78211537 -0.00566036 0.62310069
1778055229.232331 -0.321070 -0.020606 3.047380 0.00151651 0.78731914 -0.00625210 0.61651211
1778055230.216707 -0.283855 -0.022549 3.028280 0.01231631 0.83134873 -0.00009801 0.55561461
1778055230.631827 -0.265691 -0.021372 3.013224 0.02480894 0.86001211 -0.00042378 0.50967000
1778055230.631827 -0.265691 -0.021372 3.013224 0.02480894 0.86001211 -0.00042378 0.50967000
1778055231.198127 -0.230359 -0.020373 3.007972 0.00425232 0.85598530 -0.00680173 0.51693793
1778055231.478534 -0.207689 -0.020765 3.006144 0.00200918 0.84668000 -0.01132324 0.53197813
1778055232.034897 -0.195015 -0.021099 2.993071 0.01382600 0.86487490 -0.00353358 0.50178458
1778055232.453586 -0.175166 -0.022688 2.991726 -0.00501663 0.86300586 -0.01680399 0.50488943
1778055232.732429 -0.180957 -0.021969 2.984481 -0.00966351 0.87319896 -0.01835884 0.48692211
1778055232.870694 -0.188270 -0.022342 2.979559 -0.00882840 0.88984077 -0.01271042 0.45600866
1778055233.026693 -0.196560 -0.021416 2.973145 -0.00873110 0.90651010 -0.00642454 0.42204494
1778055233.156839 -0.206170 -0.022009 2.967887 -0.00753831 0.92591831 -0.01555171 0.37732823
1778055233.294293 -0.215753 -0.021848 2.965840 -0.00223830 0.94824947 -0.01446717 0.31718864
1778055233.434413 -0.226160 -0.022162 2.966427 -0.01282886 0.96409925 -0.00978245 0.26505162
1778055233.575159 -0.225650 -0.021701 2.967567 -0.02150536 0.98306699 -0.00291979 0.18195682
1778055233.711245 -0.226796 -0.020898 2.978418 -0.02517541 0.99391259 -0.00742068 0.10699952
1778055233.855874 -0.228081 -0.020974 2.971194 -0.02511611 0.99669940 -0.00853582 0.07672434
1778055234.135322 -0.234471 -0.020833 2.955942 -0.02141164 0.99976878 0.00101258 0.00170525
1778055234.411313 -0.240126 -0.021188 2.952922 -0.00558735 0.99962305 0.00026666 -0.02687865
1778055235.114138 -0.230210 -0.019582 2.954710 -0.00853841 0.99966328 0.00886068 0.02284552
1778055235.114138 -0.230210 -0.019582 2.954710 -0.00853841 0.99966328 0.00886068 0.02284552
1778055235.396159 -0.227497 -0.019492 2.954598 -0.02275018 0.99788009 0.00649929 0.06062603
1778055235.535300 -0.221738 -0.019592 2.957047 -0.02603625 0.99620886 0.01017263 0.08238047
1778055235.676647 -0.209259 -0.019428 2.956599 -0.02224254 0.99402261 0.00647306 0.10668842
1778055235.816361 -0.202384 -0.019206 2.959649 -0.02379673 0.98795619 0.00503109 0.15281021
1778055235.952293 -0.188217 -0.018822 2.958121 -0.02159144 0.98261295 -0.00425391 0.18435698
1778055236.093343 -0.183257 -0.018686 2.962863 -0.03274280 0.97196733 -0.01199618 0.23251560
1778055236.237261 -0.171581 -0.018216 2.959997 -0.02619070 0.96092949 -0.00878546 0.27541130
1778055236.371597 -0.163136 -0.017592 2.963936 -0.03078135 0.95354757 -0.01141235 0.29944833
1778055236.529417 -0.158047 -0.017624 2.970938 -0.02716945 0.94278677 -0.00399014 0.33226347
1778055236.801095 -0.144269 -0.017622 2.973361 -0.01473334 0.92219322 -0.00165487 0.38644515
1778055237.216042 -0.121037 -0.015270 2.987048 -0.03792004 0.92251956 -0.02096589 0.38351031
1778055237.490449 -0.104377 -0.014415 2.990942 -0.04021130 0.90924247 -0.02062655 0.41380639
1778055237.771059 -0.103967 -0.015699 2.983229 -0.02876082 0.88405275 -0.02384918 0.46589137
1778055238.053427 -0.084838 -0.016375 2.999019 -0.02144285 0.88658330 -0.02635564 0.46131944
1778055238.329156 -0.077618 -0.016489 2.991473 -0.00188800 0.85466501 -0.02781859 0.51843059
1778055238.609770 -0.068503 -0.015293 2.987445 -0.02278266 0.82971701 -0.03460605 0.55664446
1778055238.609770 -0.068503 -0.015293 2.987445 -0.02278266 0.82971701 -0.03460605 0.55664446
1778055239.033108 -0.049934 -0.014402 2.984240 -0.02356309 0.79393291 -0.02916426 0.60684822
1778055239.588260 -0.036899 -0.015051 2.979452 0.00138650 0.78587822 -0.02039413 0.61804335
1778055239.867750 -0.024950 -0.014744 2.977756 -0.01688287 0.76819394 -0.03525263 0.63902292
1778055240.149677 -0.014909 -0.014557 2.976849 -0.00518161 0.73941549 -0.02389898 0.67280511
1778055240.441791 -0.007537 -0.014840 2.977293 -0.01755074 0.70641764 -0.03495277 0.70671380
1778055240.579877 -0.005664 -0.014812 2.978221 -0.00594678 0.68586100 -0.01806632 0.72748397
1778055240.869222 -0.001148 -0.014854 2.981265 0.00550852 0.64549970 -0.01253983 0.76363770
1778055240.999871 -0.001740 -0.015544 2.984238 -0.00187604 0.62162780 -0.02124272 0.78302242
1778055241.135342 0.001917 -0.016034 2.983968 -0.00436598 0.59597845 -0.02835588 0.80248774
1778055241.277264 0.004512 -0.015647 2.986330 0.00213197 0.56992441 -0.01763254 0.82150515
1778055241.416707 0.010212 -0.015386 2.987291 0.01947227 0.54062526 -0.00820865 0.84099808
1778055241.695549 0.013821 -0.015699 2.998733 0.00526490 0.52300592 -0.02470045 0.85195480
1778055241.981292 0.011489 -0.016024 3.003950 0.00380232 0.48969437 -0.00793822 0.87184973
1778055242.254079 0.012902 -0.016305 3.009251 0.00524687 0.46435556 -0.00726475 0.88560353
1778055243.102706 0.021910 -0.016614 3.009826 -0.00011254 0.50240978 -0.01926738 0.86441493
1778055243.529498 0.021282 -0.016482 3.010755 -0.01035649 0.53631878 -0.02804694 0.84348579
1778055243.529498 0.021164 -0.016498 3.010782 -0.01039957 0.53671388 -0.02800767 0.84323522
1778055245.491932 0.016549 -0.016283 3.012831 -0.00029526 0.50614139 -0.02372846 0.86212399
1778055245.765182 0.005026 -0.016061 3.019141 0.00142570 0.45080477 -0.02718860 0.89220727
1778055245.900489 0.001404 -0.016093 3.024342 0.00225209 0.42164504 -0.02455408 0.90642566
1778055246.042447 -0.005721 -0.016539 3.029830 0.00183975 0.39112382 -0.01893190 0.92014149
1778055246.179765 -0.012736 -0.016507 3.041845 0.00272695 0.36191017 -0.00478262 0.93219672
1778055246.322516 -0.012312 -0.016911 3.041833 0.00669681 0.31711533 0.00484097 0.94835098
1778055246.459686 -0.017563 -0.017482 3.045022 0.00160974 0.29666681 0.01051321 0.95492182
1778055246.736606 -0.023019 -0.018166 3.046620 0.00299541 0.26063461 0.00277015 0.96542890
1778055247.309432 -0.019732 -0.018173 3.043408 0.00228128 0.27102758 -0.02076435 0.96234489
1778055247.580010 -0.007423 -0.017446 3.041796 0.01388503 0.29620834 -0.01206430 0.95494622
1778055247.858511 -0.003107 -0.017819 3.042217 0.01252958 0.34255099 -0.01826780 0.93923805
1778055248.003709 -0.003920 -0.017482 3.042788 0.01333801 0.36741495 -0.01056405 0.92990147
1778055248.144206 -0.004328 -0.017054 3.041881 0.01270523 0.38294837 -0.00805006 0.92364729
1778055248.282198 0.000390 -0.016629 3.040218 0.01029755 0.40119130 -0.01587378 0.91579885
1778055248.423879 0.006943 -0.016859 3.039029 0.01295035 0.40716012 -0.00709726 0.91323740
1778055248.706996 0.013889 -0.016335 3.035524 0.00786212 0.43588837 -0.01188079 0.89988797
1778055248.706996 0.013889 -0.016335 3.035524 0.00786212 0.43588837 -0.01188079 0.89988797
1778055248.987073 0.011617 -0.016103 3.035078 0.01009227 0.45829049 -0.01053776 0.88868269
1778055249.133584 0.014199 -0.016159 3.034484 0.01587200 0.46974686 -0.00668799 0.88263313
1778055249.406369 0.030331 -0.016284 3.033402 0.00925271 0.48582696 -0.01476908 0.87388124
1778055249.686927 0.042674 -0.016184 3.033635 0.00885815 0.50298007 -0.01210981 0.86416777
1778055249.969226 0.056466 -0.016263 3.034024 0.01062237 0.52467821 -0.01643057 0.85107578
1778055250.249682 0.070403 -0.016173 3.033353 0.00728984 0.54498891 -0.01511573 0.83827529
1778055250.389704 0.078209 -0.016375 3.033145 0.00594654 0.55235220 -0.01798818 0.83339553
1778055250.668105 0.089353 -0.016752 3.027840 0.00524900 0.56614536 -0.01757959 0.82410123
1778055251.092745 0.110129 -0.016442 3.025342 0.01205390 0.59568417 -0.01580274 0.80297282
1778055251.525331 0.117692 -0.015628 3.027278 0.00156294 0.62977995 -0.01091136 0.77669538
1778055251.930496 0.123710 -0.015702 3.026429 -0.00000798 0.65593691 -0.03119527 0.75417082
1778055252.642155 0.126086 -0.016427 3.027366 0.01050711 0.63301504 -0.02581541 0.77363759
1778055253.052350 0.128287 -0.016746 3.028879 -0.00332858 0.59848987 -0.04158545 0.80004340
1778055253.333210 0.134614 -0.017368 3.031376 0.01464656 0.57571934 -0.02045110 0.81726034
1778055255.152920 0.181257 -0.017447 3.042187 -0.00363230 0.55530054 -0.02122280 0.83137098
1778055255.715058 0.200818 -0.018098 3.046721 0.01094012 0.58286008 -0.02601962 0.81208215
1778055255.715058 0.200818 -0.018098 3.046721 0.01094012 0.58286008 -0.02601962 0.81208215
1778055255.989058 0.215231 -0.017718 3.043631 0.00883599 0.59022618 -0.02302339 0.80686114
1778055256.419993 0.234196 -0.018435 3.035606 0.00797011 0.58761359 -0.03520897 0.80833599
1778055256.832249 0.238706 -0.018593 3.032842 0.00983521 0.58916150 -0.02727843 0.80749482
1778055257.113322 0.234970 -0.019206 3.039196 0.01271432 0.58503403 -0.02984553 0.81035966
1778055257.533128 0.230629 -0.018945 3.046358 0.01999253 0.57179004 -0.02008187 0.81991047
1778055257.822424 0.224714 -0.018829 3.048992 0.01800709 0.55345197 -0.01043946 0.83262097
1778055258.380076 0.232680 -0.017237 3.045768 0.00661083 0.56473577 -0.01460901 0.82511598
1778055258.651830 0.239934 -0.018074 3.044340 0.00143174 0.58118096 -0.02966550 0.81323220
1778055258.929497 0.246633 -0.019096 3.038890 0.01759397 0.58473441 -0.01120845 0.81095653
1778055259.353656 0.249807 -0.019861 3.029529 0.01368011 0.59637362 -0.02533864 0.80219032
1778055259.488492 0.251480 -0.019580 3.027766 0.01256008 0.59985394 -0.01623878 0.79984611
1778055259.776505 0.256062 -0.020267 3.022768 0.02767320 0.61956526 -0.01135961 0.78437494
1778055260.053013 0.259557 -0.020304 3.019700 0.02019472 0.63964171 -0.02231716 0.76808372
1778055260.616735 0.264821 -0.021132 3.017846 0.01592917 0.69157223 -0.01786265 0.72191068
1778055260.894550 0.267528 -0.020986 3.012896 0.02255760 0.69474410 -0.00695041 0.71886958
1778055261.173544 0.273108 -0.020634 3.009023 0.02899777 0.73399125 -0.00772591 0.67849561
1778055261.173544 0.272067 -0.020583 3.009222 0.02922439 0.72783071 -0.00768906 0.68509071
1778055261.458676 0.271739 -0.020769 3.009998 0.02718960 0.75488895 -0.00320935 0.65528094
1778055261.742996 0.272889 -0.020675 3.009453 0.03738015 0.78238903 0.00123950 0.62166599
1778055262.016376 0.274838 -0.020890 3.009249 0.03015248 0.81061735 0.00019230 0.58479937
1778055262.290271 0.275043 -0.020811 3.008524 0.04157118 0.82695912 0.00574990 0.56069367
1778055262.710354 0.277368 -0.020952 3.007880 0.03261996 0.79678997 0.00119819 0.60337405
1778055263.284636 0.272490 -0.020778 3.009922 0.02947027 0.81857577 0.00569926 0.57361375
1778055263.553130 0.273466 -0.020648 3.009638 0.03982955 0.83286743 0.00462650 0.55201816
1778055263.833527 0.276803 -0.020819 3.007501 0.03468139 0.81359721 0.01238598 0.58026146
1778055263.974945 0.276487 -0.020840 3.007131 0.03311700 0.80083869 0.00214734 0.59795990
1778055264.253088 0.275117 -0.020780 3.008124 0.03544677 0.77858017 -0.00440514 0.62652777
1778055264.676571 0.277358 -0.020833 3.007803 0.03013273 0.79689115 -0.00026078 0.60337090
1778055264.959946 0.281592 -0.020888 3.006412 0.01791758 0.82444122 -0.00525916 0.56563944
1778055265.097204 0.284480 -0.020907 3.003503 0.01403841 0.83860129 -0.01052822 0.54446299
1778055265.237778 0.285650 -0.020846 3.004287 0.01774813 0.86792813 -0.00848914 0.49630000
1778055265.378399 0.289058 -0.020855 3.002386 0.01524766 0.90329442 -0.00826903 0.42867040
1778055265.518217 0.286720 -0.020751 3.002426 0.00891621 0.92123162 -0.01216201 0.38872212
1778055265.518217 0.286720 -0.020751 3.002426 0.00891637 0.92123249 -0.01216166 0.38872006
1778055265.663566 0.286561 -0.020720 3.002071 0.00343187 0.93761129 -0.00424493 0.34764246
1778055265.805128 0.284932 -0.020727 3.002042 -0.00784666 0.94400666 -0.00470046 0.32979959
1778055265.940453 0.283238 -0.020758 3.000054 -0.02232787 0.94744717 -0.01335317 0.31885267
1778055266.077907 0.279693 -0.020785 2.998254 -0.02797861 0.94713913 -0.01456471 0.31926876
1778055266.221491 0.274651 -0.020949 2.996701 -0.03632483 0.94145644 -0.02054932 0.33454148
1778055266.356616 0.274161 -0.021111 2.992183 -0.02617958 0.94035288 -0.02545549 0.33823530
1778055266.493234 0.272339 -0.021549 2.988122 -0.03206977 0.93457655 -0.02718268 0.35326945
1778055267.058371 0.277246 -0.020858 2.988912 -0.02888339 0.92051398 -0.02110035 0.38906880
1778055267.342677 0.280010 -0.020840 2.990120 -0.02348694 0.89112544 -0.02271167 0.45257927
1778055267.479702 0.281092 -0.020676 2.988717 -0.00835894 0.86727620 -0.01956591 0.49737239
1778055267.616436 0.281115 -0.020461 2.990633 0.00357892 0.85166565 -0.02052701 0.52367113
1778055267.755797 0.284230 -0.020729 2.992755 -0.00411614 0.85551317 -0.01809337 0.51744846
1778055267.895814 0.285410 -0.020782 2.994819 0.00399368 0.84891985 -0.01456060 0.52830590
1778055268.038960 0.285908 -0.020745 2.995904 0.01114370 0.84127165 -0.01610009 0.54025792
1778055268.316821 0.287432 -0.020778 2.993562 0.01315711 0.81325046 -0.01690911 0.58151927
1778055268.459530 0.288562 -0.020914 2.993896 0.00868746 0.80689385 -0.02007364 0.59029136
1778055268.459530 0.288563 -0.020914 2.993896 0.00868502 0.80691300 -0.02007387 0.59026522
1778055268.601569 0.288551 -0.020911 2.993960 0.01126973 0.79199453 -0.02126376 0.61005370
1778055269.017741 0.288767 -0.020906 2.993996 -0.00264882 0.80352937 -0.02552273 0.59471180
1778055269.446960 0.289973 -0.020943 2.993284 0.00767253 0.84318756 -0.01827043 0.53725419
1778055269.858252 0.288785 -0.020895 2.993833 0.00792424 0.81517068 -0.01688674 0.57892038
1778055270.139372 0.288760 -0.020934 2.994032 0.00469832 0.79352852 -0.02014263 0.60818145
1778055270.278988 0.288676 -0.020930 2.993965 0.00380165 0.77316128 -0.02240742 0.63380209
1778055270.657077 0.288822 -0.020945 2.993807 0.01608450 0.74132835 -0.01765742 0.67071737
1778055270.771811 0.288699 -0.020951 2.993931 0.00513191 0.72817043 -0.02272148 0.68500017
1778055271.275088 0.289178 -0.020984 2.994024 0.01574785 0.76627847 -0.02504335 0.64182719
1778055271.407663 0.289902 -0.020926 2.993306 0.00605271 0.78024913 -0.02678397 0.62486580
1778055271.542243 0.289935 -0.020879 2.993487 0.00486440 0.81473038 -0.02163840 0.57941567
1778055271.685128 0.289745 -0.020855 2.993379 0.00661350 0.83071686 -0.01715366 0.55639151
1778055271.972909 0.290962 -0.020969 2.993147 0.02409229 0.87582588 -0.01148117 0.48188875
1778055272.116589 0.290833 -0.020946 2.993377 0.00972127 0.89219797 -0.01396759 0.45132382
1778055272.531604 0.291319 -0.021006 2.992710 0.01779195 0.91718162 -0.02065338 0.39753585
1778055272.948150 0.291433 -0.020953 2.992684 0.00811064 0.90064168 -0.01438329 0.43424867
1778055272.948150 0.291433 -0.020953 2.992684 0.00811059 0.90064135 -0.01438328 0.43424935
1778055273.228819 0.291846 -0.020908 2.992522 -0.00006603 0.88269141 -0.02237946 0.46941989
1778055273.800861 0.294087 -0.020973 2.990637 0.01376762 0.89375790 -0.01463166 0.44809953
1778055275.480289 0.294155 -0.020952 2.990318 -0.01777286 0.91753294 -0.02694777 0.39634738
1778055275.616023 0.292576 -0.020988 2.991284 -0.03699985 0.93602281 -0.03277719 0.34845081
1778055275.892188 0.291956 -0.020982 2.991697 -0.04913290 0.97666238 -0.02774402 0.20723617
1778055276.029096 0.291955 -0.021028 2.990038 -0.05931872 0.97905872 -0.03729116 0.19114049
1778055276.170151 0.290304 -0.021130 2.990434 -0.06072029 0.98326571 -0.03853154 0.16738252
1778055276.308946 0.289932 -0.021102 2.990741 -0.04643088 0.99089199 -0.03142396 0.12243269
1778055277.157436 0.289550 -0.020956 2.992049 -0.02842879 0.99416868 -0.03846113 0.09664977
1778055277.435487 0.307830 -0.021299 2.998314 0.01775253 0.96478243 0.00773253 -0.26233550
1778055277.568691 0.311468 -0.021383 2.997721 0.02014955 0.95035500 0.01011315 -0.31034995
1778055277.707912 0.310455 -0.021755 2.997863 0.01812332 0.94002637 0.01919536 -0.34007868
1778055277.848448 0.311033 -0.021999 2.997229 0.01239716 0.92634687 0.02395461 -0.37570462
1778055277.991677 0.310381 -0.021828 2.998722 0.00982931 0.92315454 0.01978808 -0.38379358
1778055278.272944 0.310069 -0.021950 2.998596 0.00241679 0.91269373 0.02093221 -0.40810067
1778055278.407759 0.309768 -0.021929 2.999384 0.00332210 0.91031610 0.02465740 -0.41316531
1778055278.407759 0.309768 -0.021929 2.999384 0.00332210 0.91031610 0.02465740 -0.41316531
1778055278.689125 0.310015 -0.021948 2.999597 0.01000805 0.89769125 0.01987159 -0.44006293
1778055278.829330 0.309896 -0.021934 2.999526 -0.00169453 0.89207468 0.02642098 -0.45111176
1778055279.107838 0.309370 -0.021883 2.999282 -0.00352414 0.88173285 0.02832530 -0.47088474
1778055279.384332 0.307528 -0.021776 2.998391 -0.00130009 0.87124698 0.02755386 -0.49006918
1778055279.667268 0.306976 -0.021751 2.998259 -0.00802230 0.85877669 0.03573071 -0.51103969
1778055279.944965 0.305947 -0.021687 2.998208 -0.00414901 0.84784170 0.03410966 -0.52913492
1778055280.225816 0.304420 -0.021597 2.998532 -0.00602122 0.83289894 0.03898431 -0.55201751
1778055280.627427 0.302910 -0.021624 2.999070 -0.00620578 0.82246995 0.03650244 -0.56760219
1778055281.140145 0.301138 -0.021547 2.998972 -0.00635091 0.84431951 0.03890738 -0.53438791
1778055281.279871 0.300430 -0.021480 2.998591 0.00106287 0.86030121 0.03576713 -0.50852868
1778055281.429116 0.300414 -0.021311 2.998265 0.00731053 0.87533725 0.02868828 -0.48260568
1778055281.558414 0.300399 -0.021391 2.998005 0.00770135 0.88618311 0.02850565 -0.46239336
1778055281.843640 0.300816 -0.021497 2.998158 -0.00503676 0.90337841 0.02916937 -0.42782149
1778055282.125178 0.300244 -0.021465 2.997992 0.02034868 0.91590870 0.01036920 -0.40073639
1778055282.399528 0.299942 -0.021447 2.997730 0.01520200 0.92560141 0.01488250 -0.37790137
1778055283.105396 0.297310 -0.021051 2.994607 0.00645951 0.91491362 0.02457123 -0.40284935
1778055283.105396 0.297310 -0.021051 2.994607 0.00645951 0.91491362 0.02457123 -0.40284935
1778055283.388782 0.296954 -0.021028 2.994479 0.00963402 0.90694262 0.02083993 -0.42062805
1778055283.666661 0.295909 -0.020956 2.994012 0.00294027 0.89911453 0.02608117 -0.43692584
1778055283.939739 0.294714 -0.020908 2.993583 0.00891698 0.89148709 0.02259507 -0.45239443
1778055284.223302 0.294305 -0.020838 2.993405 -0.00239979 0.88218632 0.03144178 -0.46984354
1778055284.781054 0.292264 -0.020735 2.993112 -0.00765664 0.87415902 0.03596860 -0.48424544
1778055285.624894 0.289872 -0.020454 2.991837 0.00148701 0.89013798 0.02635254 -0.45492604
1778055286.042137 0.288519 -0.020319 2.990814 -0.00533133 0.90325533 0.02784134 -0.42816615
1778055286.462489 0.287674 -0.020240 2.990202 0.00066205 0.89464074 0.02930693 -0.44582353
1778055286.879606 0.286605 -0.020142 2.989384 0.00266601 0.90507152 0.02687091 -0.42440122
1778055287.171180 0.285852 -0.020153 2.988813 -0.01174557 0.91353719 0.03021968 -0.40546099
1778055287.454075 0.285323 -0.020231 2.987829 0.00932939 0.92265681 0.01521253 -0.38520897
1778055287.731388 0.285141 -0.020190 2.986734 -0.00178641 0.93000946 0.02274572 -0.36682671
1778055288.007326 0.284814 -0.020250 2.985917 0.01437375 0.93757478 0.01358775 -0.34722082
1778055288.989721 0.283992 -0.020169 2.983418 0.00730639 0.94593912 0.01731579 -0.32379928
1778055289.545692 0.283170 -0.019910 2.982072 0.00824730 0.93836029 0.02490043 -0.34466202
1778055289.825786 0.282832 -0.019775 2.981633 0.01007469 0.93062416 0.02221351 -0.36516260
1778055289.825786 0.282832 -0.019775 2.981633 0.01007411 0.93062338 0.02221328 -0.36516463
1778055290.101951 0.282889 -0.019773 2.981618 -0.00264081 0.91813152 0.02768331 -0.39529885
1778055290.380790 0.283083 -0.019770 2.981645 -0.00450439 0.90272682 0.02717799 -0.42933129
1778055290.522616 0.283076 -0.019795 2.981632 0.00516751 0.89453878 0.02216061 -0.44641078
1778055290.680706 0.282637 -0.019779 2.981657 0.00317474 0.88771550 0.02329004 -0.45979199
1778055290.949408 0.281995 -0.019750 2.981769 -0.00749008 0.87583697 0.02247408 -0.48202533
1778055291.225423 0.280986 -0.019729 2.981889 -0.00033036 0.87006752 0.02253305 -0.49241717
1778055291.500899 0.280281 -0.019743 2.982022 -0.01443282 0.85854502 0.03481434 -0.51135125
1778055291.920941 0.278942 -0.019718 2.982497 -0.00037910 0.84512053 0.02419505 -0.53402784
1778055292.628774 0.277811 -0.019605 2.982853 -0.00540430 0.84856996 0.03167648 -0.52810645
1778055293.740593 0.277057 -0.019526 2.982859 -0.00703769 0.83547526 0.03758399 -0.54819614
1778055294.019982 0.276828 -0.019515 2.982970 -0.01515661 0.82313442 0.04201667 -0.56608710
1778055294.300523 0.276584 -0.019481 2.983178 -0.01886200 0.81040236 0.04663463 -0.58371007
1778055294.584811 0.275765 -0.019550 2.983668 -0.01532060 0.80111139 0.03893983 -0.59705068
1778055294.866540 0.274999 -0.019571 2.984216 -0.01670313 0.80102186 0.04192327 -0.59693167
1778055295.145303 0.274552 -0.019570 2.984374 -0.01686081 0.77566145 0.04168020 -0.62954570
1778055295.426546 0.273940 -0.019465 2.984717 -0.01832152 0.74136612 0.04549009 -0.66930655
1778055295.426546 0.273940 -0.019465 2.984717 -0.01832152 0.74136612 0.04549009 -0.66930655
1778055295.703628 0.274037 -0.019467 2.984675 -0.01779633 0.72282784 0.04620009 -0.68925231
1778055295.999427 0.273361 -0.019474 2.985047 0.02615042 -0.70214274 -0.05092088 0.70973150
1778055296.272654 0.272677 -0.019454 2.985458 0.02579133 -0.68004503 -0.05177905 0.73088474
1778055296.547077 0.272062 -0.019501 2.985849 0.01665090 -0.66583753 -0.03461201 0.74510747
1778055297.246956 0.270644 -0.019464 2.986642 0.02959084 -0.67959250 -0.06152322 0.73040626
1778055297.663993 0.269909 -0.019450 2.987064 -0.02199034 0.70769515 0.05123769 -0.70431435
1778055298.230324 0.269026 -0.019459 2.987538 -0.01801862 0.71008204 0.04563982 -0.70240717
1778055298.650278 0.267993 -0.019458 2.987939 -0.02073949 0.73899814 0.04825733 -0.67165680
1778055298.925806 0.267527 -0.019449 2.988070 -0.02264077 0.75524922 0.05087557 -0.65306790
1778055299.637550 0.266146 -0.019391 2.988571 -0.01346287 0.76318444 0.04295937 -0.64461054
1778055299.908131 0.265740 -0.019383 2.988642 -0.01819938 0.77805837 0.04564764 -0.62626691
1778055300.188641 0.265279 -0.019364 2.988676 -0.02391544 0.79297945 0.04984519 -0.60673479
1778055300.469077 0.265131 -0.019359 2.988590 -0.00672488 0.80677626 0.03306824 -0.58989264
1778055301.166727 0.264394 -0.019365 2.988642 -0.00548556 0.79110826 0.02870271 -0.61097773
1778055301.590816 0.263612 -0.019279 2.988886 -0.01415072 0.76976570 0.04219074 -0.63677348
1778055302.009214 0.262787 -0.019253 2.989220 -0.01789332 0.74356406 0.04757399 -0.66673011
1778055302.009214 0.262787 -0.019253 2.989220 -0.01789332 0.74356406 0.04757399 -0.66673011
1778055302.285352 0.262750 -0.019263 2.989272 -0.01238723 0.72345878 0.03953313 -0.68912342
1778055302.709312 0.261382 -0.019198 2.989742 -0.02396131 0.74458901 0.04801334 -0.66536289
1778055303.269233 0.260459 -0.019205 2.990264 -0.01963494 0.71972357 0.05290566 -0.69196347
1778055303.971089 0.258989 -0.019232 2.990846 -0.01449380 0.72848594 0.04342094 -0.68352965
1778055304.670825 0.257577 -0.019206 2.991589 0.01251897 -0.69807251 -0.03614903 0.71500440
1778055305.091905 0.256913 -0.019212 2.991864 -0.02030065 0.72025988 0.04741788 -0.69178402
1778055305.509148 0.256196 -0.019165 2.992309 0.01645781 -0.69574594 -0.05641065 0.71588027
1778055305.926796 0.255622 -0.019176 2.992527 -0.03476187 0.71461906 0.06658499 -0.69546938
1778055306.206634 0.255193 -0.019166 2.992761 -0.02767103 0.73501631 0.05673953 -0.67510441
1778055307.050619 0.254650 -0.019107 2.993106 0.03312062 -0.69870655 -0.07194146 0.71101098
1778055307.187839 0.254729 -0.019076 2.993145 0.03395466 -0.67782908 -0.07259246 0.73083866
1778055307.324453 0.254865 -0.019091 2.993141 0.02510932 -0.64591020 -0.05928135 0.76069393
1778055307.467648 0.254810 -0.019072 2.993180 0.03040242 -0.60894971 -0.06775525 0.78972474
1778055307.745606 0.254695 -0.019080 2.993313 0.02287281 -0.57092321 -0.05278040 0.81898581
1778055308.027966 0.254768 -0.019124 2.993477 0.02193319 -0.55105739 -0.04478251 0.83297612
1778055308.308753 0.254524 -0.019059 2.993619 0.02695587 -0.49912915 -0.06573819 0.86360984
1778055308.308753 0.254524 -0.019059 2.993619 0.02695587 -0.49912915 -0.06573819 0.86360984
1778055309.008624 0.254376 -0.019071 2.993738 0.03643202 -0.55145894 -0.06642706 0.83075459
1778055309.290034 0.254001 -0.019071 2.993973 0.02307967 -0.59776766 -0.04669664 0.79997536
1778055309.571500 0.253645 -0.019068 2.994186 0.03232350 -0.63309828 -0.06172764 0.77092896
1778055309.847630 0.253460 -0.019066 2.994247 0.02539627 -0.66992574 -0.04945757 0.74034349
1778055310.130735 0.253355 -0.019068 2.994244 0.02841498 -0.69638496 -0.05367605 0.71509403
1778055310.412789 0.253098 -0.019057 2.994337 -0.03013618 0.71426347 0.05183716 -0.69730367
1778055311.115977 0.252929 -0.019063 2.994440 0.02723614 -0.67623471 -0.05609326 0.73404247
1778055311.249643 0.252886 -0.019069 2.994492 0.03154106 -0.64308699 -0.06041025 0.76275480
1778055311.385300 0.252755 -0.019082 2.994639 0.03114311 -0.60661081 -0.05750486 0.79230463
1778055311.664103 0.252715 -0.019077 2.994740 0.01098360 -0.54930625 -0.03584274 0.83477979
1778055312.232356 0.252463 -0.019061 2.994791 0.01591564 -0.57833746 -0.04197136 0.81456177
1778055312.507658 0.252460 -0.019039 2.994771 0.02736694 -0.61844584 -0.06440156 0.78270571
1778055312.785783 0.252294 -0.019054 2.994816 0.02729062 -0.65242771 -0.05400502 0.75543151
1778055313.071475 0.252415 -0.019045 2.994713 0.02103417 -0.68744884 -0.04856633 0.72430171
1778055314.328539 0.251558 -0.019045 2.995032 -0.02958457 0.72293696 0.05241254 -0.68828761
1778055315.030277 0.251250 -0.019018 2.994967 -0.02759585 0.76039596 0.04900430 -0.64702011
1778055315.030277 0.251250 -0.019018 2.994967 -0.02759585 0.76039596 0.04900430 -0.64702011
1778055315.588176 0.250908 -0.019010 2.994937 -0.02812990 0.79682948 0.04586165 -0.60180412
1778055316.020126 0.250723 -0.019003 2.994819 -0.04837572 0.81752743 0.05672694 -0.57104356
1778055316.712436 0.250198 -0.018990 2.995039 -0.02067056 0.79325502 0.04108832 -0.60714986
1778055317.130131 0.249868 -0.019012 2.995258 -0.04371133 0.75481320 0.05152815 -0.65245016
1778055317.270052 0.249843 -0.019005 2.995302 -0.04099400 0.72717506 0.05538122 -0.68298524
1778055317.408514 0.249772 -0.018999 2.995454 0.02853398 -0.70425134 -0.05204067 0.70746564
1778055317.545407 0.249736 -0.019017 2.995566 0.03538140 -0.66799166 -0.05050219 0.74160962
1778055317.705811 0.249791 -0.019033 2.995613 0.01494596 -0.62467401 -0.01939674 0.78050161
1778055317.837754 0.249738 -0.019034 2.995712 0.02951006 -0.56668584 -0.04015288 0.82242572
1778055317.972582 0.249739 -0.019051 2.995798 0.02404992 -0.52539234 -0.04297460 0.84943374
1778055318.250310 0.249702 -0.019042 2.995923 0.01293002 -0.44239653 -0.03288277 0.89612323
1778055318.528409 0.249713 -0.019089 2.996030 0.00838790 -0.36180336 0.01120977 0.93214930
1778055318.808831 0.249582 -0.019098 2.996190 0.02203878 -0.26661638 -0.03815916 0.96279483
1778055319.232152 0.249483 -0.019107 2.996394 0.03276659 -0.19153950 -0.02591709 0.98059537
1778055319.519177 0.249421 -0.019124 2.996651 0.02132961 -0.15112845 -0.03668837 0.98760276
1778055320.491300 0.248626 -0.019122 2.997298 0.02931872 -0.15853936 -0.04549520 0.98586808
1778055320.491300 0.248626 -0.019122 2.997298 0.02931872 -0.15853936 -0.04549520 0.98586808
1778055321.335511 0.248581 -0.019122 2.997485 0.01920559 -0.10659511 -0.04622010 0.99304196
1778055321.476327 0.248624 -0.019128 2.997510 0.01737420 -0.06293074 -0.04326555 0.99692826
1778055321.610942 0.248670 -0.019135 2.997553 0.01837396 -0.02729426 -0.03586141 0.99881499
1778055321.749253 0.248729 -0.019133 2.997555 0.02221627 0.00222376 -0.04404996 0.99877980
1778055322.030914 0.248826 -0.019145 2.997566 0.02723044 0.03770056 -0.03931499 0.99814403
1778055322.588141 0.248660 -0.019146 2.997779 0.02472270 0.01552922 -0.02491248 0.99926323
1778055322.869078 0.248511 -0.019155 2.997951 0.02372329 -0.01185510 -0.04344194 0.99870389
1778055323.307185 0.248256 -0.019169 2.998252 0.02490761 -0.07396737 -0.03122582 0.99646043
1778055323.570638 0.248087 -0.019179 2.998440 0.02459122 -0.11417189 -0.05742291 0.99149516
1778055323.854218 0.247903 -0.019183 2.998617 0.02687183 -0.16658705 -0.05226438 0.98427389
1778055324.128790 0.247764 -0.019190 2.998738 0.03118337 -0.21609741 -0.06564200 0.97366351
1778055324.408967 0.247607 -0.019188 2.998841 0.03082711 -0.27958954 -0.06133091 0.95766273
1778055324.697678 0.247444 -0.019190 2.998953 0.03539396 -0.35530550 -0.04076524 0.93318994
1778055324.984457 0.247273 -0.019197 2.999016 0.05206469 -0.42076579 -0.08189755 0.90196353
1778055325.251414 0.247050 -0.019176 2.999032 0.04294156 -0.46707651 -0.05927389 0.88118225
1778055325.671363 0.246771 -0.019177 2.999097 0.05387951 -0.54187513 -0.07822967 0.83507393
1778055325.671363 0.246771 -0.019177 2.999097 0.05387951 -0.54187513 -0.07822967 0.83507393
1778055326.091295 0.246548 -0.019166 2.999138 0.04401745 -0.60055025 -0.05645150 0.79637622
1778055326.368381 0.246358 -0.019169 2.999122 0.04315088 -0.62122400 -0.05661290 0.78039332
1778055327.491879 0.245647 -0.019184 2.999579 0.03910180 -0.59908537 -0.05105623 0.79809838
1778055328.060665 0.245333 -0.019181 2.999792 0.04741454 -0.51394953 -0.06425155 0.85409571
1778055328.346752 0.245220 -0.019177 2.999920 0.03474923 -0.45731459 -0.04942671 0.88725016
1778055328.479082 0.245210 -0.019179 2.999959 0.03880611 -0.42331996 -0.04646019 0.90395561
1778055328.614574 0.245222 -0.019193 2.999986 0.02904195 -0.37765945 -0.02024900 0.92526747
1778055328.758120 0.245205 -0.019188 3.000033 0.03508725 -0.34151194 -0.04826685 0.93798123
1778055328.895753 0.245194 -0.019192 3.000068 0.02838947 -0.30851159 -0.03450733 0.95017045
1778055329.033937 0.245176 -0.019190 3.000081 0.02749717 -0.24865559 -0.03954286 0.96739375
1778055329.312924 0.245162 -0.019191 3.000123 0.03358796 -0.21384022 -0.06846123 0.97388771
1778055329.732315 0.245181 -0.019193 3.000141 0.03134438 -0.17709781 -0.05019937 0.98241230
1778055330.285459 0.245269 -0.019190 3.000082 0.02991161 -0.12058061 -0.06730408 0.98996756
1778055330.442284 0.245313 -0.019191 3.000032 0.02613156 -0.06539386 -0.04762646 0.99637970
1778055330.573013 0.245391 -0.019189 3.000010 0.02483720 -0.02942610 -0.03450409 0.99866245
1778055330.711531 0.245470 -0.019194 3.000005 0.01840981 0.02119918 -0.03154538 0.99910788
1778055330.711531 0.245470 -0.019194 3.000005 0.01840981 0.02119918 -0.03154538 0.99910788
1778055330.852867 0.245476 -0.019189 2.999982 0.02020148 0.06581634 -0.04900477 0.99642292
1778055330.997494 0.245488 -0.019193 2.999981 0.02354498 0.09270291 -0.05208010 0.99405204
1778055331.274283 0.245522 -0.019201 2.999954 0.02464193 0.13155380 -0.03484922 0.99038977
1778055331.843313 0.245474 -0.019198 3.000050 0.02910068 0.10338713 -0.02564940 0.99388448
1778055332.131662 0.245407 -0.019211 3.000229 0.02724141 0.07611923 -0.05336149 0.99529710
1778055332.394448 0.245308 -0.019221 3.000431 0.02854146 0.04383210 -0.04609047 0.99756694
1778055333.095128 0.245088 -0.019256 3.000922 0.02638353 0.01476897 -0.03642590 0.99887884
1778055333.373359 0.244962 -0.019262 3.001105 0.02687564 -0.01554302 -0.06373776 0.99748364
1778055333.792396 0.244792 -0.019286 3.001349 0.02904949 -0.00417811 -0.04829405 0.99840190
1778055334.080431 0.244786 -0.019295 3.001469 0.02321724 0.01724061 -0.04078607 0.99874933
1778055334.350752 0.244821 -0.019301 3.001471 0.02875550 0.04205396 -0.03139658 0.99820781
1778055335.623035 0.244554 -0.019417 3.002198 0.02875649 0.01698297 -0.03215468 0.99892478
1778055336.179810 0.244323 -0.019464 3.002737 0.02873268 0.04916056 -0.04347905 0.99743032
1778055336.461864 0.244400 -0.019453 3.002743 0.02290396 0.06944766 -0.02988331 0.99687483
1778055336.742890 0.244484 -0.019474 3.002870 0.02689448 0.11185644 -0.02576496 0.99302618
1778055337.021497 0.244447 -0.019435 3.002741 0.02579064 0.18860506 -0.03343103 0.98114491
1778055337.021497 0.244447 -0.019435 3.002741 0.02579064 0.18860506 -0.03343103 0.98114491
1778055337.171707 0.244445 -0.019433 3.002720 0.02539007 0.20989376 -0.03282110 0.97684325
1778055337.309524 0.244433 -0.019433 3.002717 0.02300903 0.23240673 -0.02718344 0.97196644
1778055337.584678 0.244516 -0.019435 3.002718 0.03034368 0.25242133 -0.01972056 0.96694045
1778055337.865652 0.244621 -0.019456 3.002896 0.02662340 0.27559940 -0.03075719 0.96041145
1778055338.150901 0.244698 -0.019465 3.002983 0.02891759 0.29291949 -0.03169780 0.95517391
1778055338.431705 0.244781 -0.019476 3.003020 0.02844200 0.30590458 -0.02736950 0.95124358
1778055338.710949 0.244858 -0.019493 3.003076 0.02904364 0.28271191 -0.02756789 0.95836864
1778055338.998847 0.244829 -0.019494 3.003194 0.02273270 0.26461977 -0.04127925 0.96320072
1778055339.272543 0.244857 -0.019488 3.003262 0.01493598 0.24116872 -0.03456820 0.96975234
1778055339.563063 0.244787 -0.019499 3.003260 0.02757483 0.22720855 -0.03531361 0.97281491
1778055339.714705 0.244723 -0.019497 3.003239 0.03141812 0.20797554 -0.03046933 0.97715439
1778055339.830222 0.244624 -0.019481 3.003198 0.03276111 0.18573523 -0.02682091 0.98168721
1778055339.967408 0.244464 -0.019452 3.003147 0.03328047 0.16041630 -0.01513207 0.98637216
1778055340.106538 0.244481 -0.019457 3.003157 0.03295850 0.11761324 -0.00587215 0.99249503
1778055340.248460 0.244464 -0.019455 3.003137 0.03798350 0.08407669 0.01181434 0.99566500
1778055340.388340 0.244417 -0.019462 3.003210 0.03506988 0.05120167 0.01153464 0.99800573
1778055340.388340 0.244417 -0.019462 3.003210 0.03506988 0.05120167 0.01153464 0.99800573
1778055340.528815 0.244378 -0.019460 3.003217 0.03133189 0.02996744 -0.00532306 0.99904551
1778055340.951791 0.244397 -0.019460 3.003215 0.02752962 0.03208719 -0.04785031 0.99795936
1778055341.087090 0.244505 -0.019456 3.003184 0.02712731 0.04031038 -0.03949939 0.99803756
1778055341.229810 0.244693 -0.019463 3.003174 0.02631437 0.04061818 -0.03558249 0.99819417
1778055341.368518 0.244886 -0.019468 3.003106 0.02897986 0.05726962 -0.03691930 0.99725489
1778055341.508312 0.245115 -0.019453 3.003086 0.03645524 0.08787772 -0.01399317 0.99536562
1778055341.646944 0.245086 -0.019467 3.003053 0.03365051 0.13409945 -0.02575156 0.99006153
1778055341.786432 0.245184 -0.019464 3.003002 0.03285076 0.16870160 -0.02026243 0.98491118
1778055341.930332 0.245384 -0.019468 3.003026 0.03202259 0.16922295 -0.01156812 0.98498950
1778055342.214649 0.245611 -0.019496 3.003104 0.03548136 0.19755724 -0.01265510 0.97956728
1778055342.353221 0.245765 -0.019508 3.002999 0.03410896 0.20604814 -0.02530576 0.97761974
1778055342.643928 0.245922 -0.019519 3.003234 0.03260302 0.22177599 -0.00685915 0.97452830
1778055342.773737 0.245926 -0.019543 3.003273 0.03667914 0.23381232 -0.01238611 0.97151069
1778055343.053795 0.246110 -0.019556 3.003372 0.03917718 0.24180455 -0.00088972 0.96953335
1778055343.332105 0.246092 -0.019584 3.003536 0.03991704 0.26704966 -0.00336790 0.96284981
1778055343.610623 0.246047 -0.019615 3.003745 0.04585467 0.28990923 0.00178780 0.95595334
1778055343.610623 0.246047 -0.019615 3.003745 0.04585467 0.28990923 0.00178780 0.95595334
1778055344.031435 0.246056 -0.019626 3.003811 0.03791745 0.26716546 -0.00971251 0.96285541
1778055344.320165 0.246046 -0.019646 3.003927 0.03024440 0.24453685 -0.02321534 0.96889012
1778055344.592877 0.246037 -0.019654 3.004004 0.03115764 0.21579204 -0.01701319 0.97579380
1778055344.870461 0.245962 -0.019672 3.004127 0.03027484 0.19990030 -0.03311744 0.97878830
1778055345.152253 0.245885 -0.019693 3.004236 0.03109997 0.17425570 -0.03142385 0.98370742
1778055345.434575 0.245858 -0.019703 3.004323 0.04412424 0.13957669 -0.01862603 0.98905231
1778055345.715948 0.245707 -0.019723 3.004484 0.04142629 0.12415739 -0.03818341 0.99066182
1778055345.992978 0.245441 -0.019750 3.004704 0.04462032 0.12684115 -0.01205564 0.99084560
1778055346.284046 0.245355 -0.019778 3.004828 0.03750319 0.09584235 -0.03630724 0.99402693
1778055346.553915 0.245183 -0.019787 3.004936 0.03909227 0.08616670 -0.01412010 0.99541334
1778055346.974531 0.245071 -0.019790 3.005069 0.04242652 0.06455491 -0.03417786 0.99642588
1778055347.682734 0.245149 -0.019805 3.005182 0.04040436 0.10551427 -0.02598971 0.99325664
1778055348.234598 0.245188 -0.019801 3.005244 0.03983378 0.14054562 -0.02190458 0.98903002
1778055349.214939 0.245184 -0.019833 3.005511 0.04096383 0.17378676 -0.02890894 0.98350618
1778055349.783294 0.245193 -0.019854 3.005661 0.03979305 0.23101881 -0.02544796 0.97180205
1778055350.066588 0.245245 -0.019864 3.005708 0.03678188 0.24746827 -0.02295101 0.96792551
1778055350.066588 0.245245 -0.019864 3.005708 0.03678188 0.24746827 -0.02295101 0.96792551
1778055350.339562 0.245379 -0.019870 3.005632 0.04122243 0.24395242 -0.01706874 0.96876033
1778055350.616970 0.245592 -0.019872 3.005553 0.03633291 0.24942562 -0.03628224 0.96703174
1778055350.898536 0.245768 -0.019869 3.005518 0.03844643 0.24746991 -0.03314471 0.96756496
1778055351.179227 0.245928 -0.019895 3.005463 0.04703583 0.24739173 -0.02640099 0.96741302
1778055351.474014 0.246095 -0.019895 3.005426 0.04315790 0.23919506 -0.03299117 0.96945072
1778055352.025277 0.246248 -0.019910 3.005454 0.03965176 0.22323525 -0.03880677 0.97318436
1778055352.438081 0.246371 -0.019895 3.005411 0.04211775 0.22534801 -0.04819641 0.97217358
1778055352.713981 0.246458 -0.019904 3.005458 0.04558588 0.21910408 -0.03910676 0.97385111
1778055352.996001 0.246537 -0.019921 3.005453 0.04995265 0.22348738 -0.03779189 0.97269209
1778055353.280823 0.246570 -0.019923 3.005444 0.04519746 0.24359710 -0.02035736 0.96860891
1778055353.557648 0.246645 -0.019946 3.005540 0.04549881 0.23113076 -0.01189132 0.97178548
1778055355.376770 0.246658 -0.019951 3.005497 0.04643328 0.24954418 -0.03414810 0.96664655
1778055355.656728 0.246733 -0.019954 3.005488 0.04973712 0.25060125 -0.03193020 0.96628448
1778055355.937233 0.246718 -0.019948 3.005520 0.04991684 0.25171024 -0.03212486 0.96598046
1778055356.217300 0.246675 -0.019975 3.005585 0.03347358 0.30077462 -0.02580576 0.95275821
1778055356.496307 0.246672 -0.019971 3.005605 0.03822061 0.35683835 -0.01127997 0.93331578
1778055356.496307 0.246672 -0.019971 3.005605 0.03822061 0.35683835 -0.01127997 0.93331578
1778055356.786297 0.246750 -0.019980 3.005611 0.04125096 0.36448739 -0.01092417 0.93023006
1778055357.074747 0.246811 -0.019985 3.005636 0.04325990 0.37129662 0.00302061 0.92750109
1778055357.623323 0.246901 -0.020018 3.005792 0.03888165 0.34850901 -0.01427130 0.93638989
1778055358.049019 0.246914 -0.020042 3.005925 0.04040857 0.33565674 -0.01403368 0.94101262
1778055358.342248 0.246907 -0.020052 3.006006 0.04234336 0.32745027 -0.01360699 0.94382107
1778055358.616370 0.246893 -0.020064 3.006060 0.03601342 0.31631807 -0.02375911 0.94767158
1778055359.172200 0.246885 -0.020059 3.006054 0.04025276 0.30446753 -0.01542852 0.95154674
1778055359.729375 0.246906 -0.020066 3.006052 0.04027665 0.31410932 -0.02219607 0.94827236
1778055359.869568 0.246923 -0.020068 3.006039 0.03975701 0.31358247 -0.01618215 0.94859030
1778055360.152430 0.246949 -0.020068 3.006021 0.04273083 0.32696484 -0.01257374 0.94398621
1778055360.299426 0.246976 -0.020070 3.006000 0.03959253 0.33072845 -0.01227665 0.94281515
1778055360.436203 0.246992 -0.020068 3.005972 0.04070832 0.33825900 -0.01183981 0.94009760
1778055360.572502 0.247023 -0.020068 3.005950 0.04061428 0.33887523 -0.01008204 0.93990021
1778055360.717624 0.247036 -0.020052 3.005905 0.03211993 0.35472253 -0.02645233 0.93404524
1778055360.856200 0.247077 -0.020048 3.005849 0.02876213 0.34893375 -0.03515965 0.93604582
1778055360.994484 0.247096 -0.020043 3.005836 0.03797074 0.36888029 -0.00635502 0.92867926
1778055360.994484 0.247096 -0.020043 3.005836 0.03797074 0.36888029 -0.00635502 0.92867926
1778055361.135785 0.247116 -0.020039 3.005779 0.03854991 0.34194931 -0.01564065 0.93879707
1778055361.279678 0.247130 -0.020041 3.005751 0.03843998 0.34727796 -0.01189338 0.93689857
1778055361.417166 0.247143 -0.020036 3.005722 0.04225723 0.35297875 -0.00766249 0.93464518
1778055361.556625 0.247160 -0.020046 3.005727 0.04153241 0.36552650 -0.00490891 0.92986093
1778055361.697210 0.247134 -0.020042 3.005750 0.06729246 0.39999467 0.02871142 0.91359271
1778055361.847501 0.247125 -0.020042 3.005771 0.08838755 0.42426185 0.05151768 0.89974188
1778055361.989456 0.247115 -0.020045 3.005784 0.08511598 0.45382395 0.03920064 0.88615033
1778055362.125442 0.247111 -0.020041 3.005786 0.09928736 0.43316977 0.05154014 0.89434310
1778055362.267960 0.247120 -0.020041 3.005766 0.08164783 0.42642783 0.04535697 0.89968643
1778055362.404760 0.247121 -0.020042 3.005772 0.09849303 0.41121142 0.03492840 0.90552985
1778055362.545824 0.247127 -0.020041 3.005773 0.08999893 0.44294654 0.01131048 0.89194766
1778055362.685001 0.247118 -0.020038 3.005776 0.11198649 0.45114200 0.02819670 0.88494907
1778055363.122963 0.247098 -0.020052 3.005807 0.22671250 0.48615475 0.25418746 0.80476315
1778055363.520975 0.247104 -0.020045 3.005800 0.20074820 0.54568231 0.24946056 0.77440325
1778055363.662637 0.247130 -0.020036 3.005789 0.18637312 0.51451869 0.24290746 0.80095664
1778055363.800818 0.247120 -0.020050 3.005814 0.18236634 0.51966978 0.25071222 0.79613392
1778055363.800818 0.247120 -0.020050 3.005814 0.18236634 0.51966978 0.25071222 0.79613392
1778055364.082610 0.247141 -0.020016 3.005775 0.17389917 0.52354241 0.23687767 0.79971957
1778055364.499702 0.247152 -0.019997 3.005755 0.18686738 0.54357620 0.25077631 0.77892024
1778055364.921379 0.247161 -0.019959 3.005712 0.19088677 0.54824125 0.26352789 0.77041990
1778055365.200537 0.247176 -0.019938 3.005690 0.19164671 0.55336148 0.28494287 0.75886110
1778055368.211296 0.247174 -0.019924 3.005673 0.19654263 0.58250475 0.27609069 0.73880521
1778055368.489502 0.247187 -0.019897 3.005640 0.20333554 0.59459974 0.29173986 0.72110585
1778055368.771095 0.247188 -0.019885 3.005630 0.18380328 0.61898248 0.30563892 0.69975845
1778055368.910938 0.247179 -0.019880 3.005627 0.19191298 0.60576753 0.39121151 0.66570914
1778055369.190436 0.247218 -0.019818 3.005548 0.19027450 0.58360565 0.30455043 0.72831936
1778055369.335063 0.247211 -0.019815 3.005562 0.18202946 0.62309535 0.29669456 0.70042116
1778055370.172244 0.247212 -0.019832 3.005556 0.18734798 0.58740500 0.30119692 0.72741770
1778055370.449776 0.247217 -0.019863 3.005594 0.19015129 0.59993356 0.26551495 0.73035883
1778055370.736227 0.247201 -0.019884 3.005623 0.20725217 0.57882451 0.27754426 0.73822619
1778055372.148372 0.247223 -0.019874 3.005612 0.18858082 0.59849686 0.27539616 0.72828273
1778055372.566579 0.247280 -0.019882 3.005620 0.20106148 0.57532848 0.27585149 0.74328822
1778055372.977756 0.247332 -0.019904 3.005641 0.19586541 0.56902626 0.26533551 0.75328808
1778055372.977756 0.247332 -0.019904 3.005641 0.19586541 0.56902626 0.26533551 0.75328808
1778055374.514910 0.247509 -0.019890 3.005610 0.20252523 0.58847839 0.26977398 0.73477801
1778055374.935520 0.247537 -0.019874 3.005594 0.21578886 0.62468338 0.28698937 0.69342840
1778055375.212321 0.247553 -0.019864 3.005581 0.20253146 0.65850158 0.28803844 0.66512445
1778055375.498897 0.247569 -0.019849 3.005564 0.20658663 0.67566326 0.29314660 0.64410107
1778055376.054387 0.247565 -0.019856 3.005570 0.20185083 0.63361749 0.29016980 0.68817629
1778055376.197943 0.247572 -0.019863 3.005583 0.20241199 0.61143119 0.28450311 0.71009807
1778055376.339050 0.247567 -0.019874 3.005598 0.20331482 0.58643641 0.27559881 0.73403046
1778055376.473909 0.247590 -0.019880 3.005597 0.18979159 0.54855554 0.25262178 0.77411124
1778055376.613159 0.247586 -0.019889 3.005606 0.17566009 0.51599082 0.22978543 0.80628510
1778055376.752589 0.247568 -0.019896 3.005618 0.16909351 0.48093526 0.21214016 0.83372970
1778055376.894829 0.247570 -0.019884 3.005602 0.18615373 0.39446664 0.21509680 0.87377126
1778055377.033438 0.247538 -0.019888 3.005608 0.18941094 0.36935722 0.20216624 0.88703301
1778055377.172541 0.247550 -0.019897 3.005616 0.18833763 0.35648311 0.18584125 0.89605344
1778055377.328177 0.247535 -0.019896 3.005615 0.18196716 0.34148287 0.15791824 0.90848183
1778055377.595847 0.247531 -0.019906 3.005621 0.18532729 0.32141252 0.15341743 0.91586619
1778055377.872124 0.247508 -0.019918 3.005632 0.18083674 0.29040295 0.13318585 0.93017511
1778055377.872124 0.247508 -0.019918 3.005632 0.18083674 0.29040295 0.13318585 0.93017511
1778055378.293251 0.247502 -0.019937 3.005650 0.18263436 0.26090991 0.09945310 0.94269814
1778055378.574953 0.247492 -0.019964 3.005673 0.19415390 0.23795022 0.11619585 0.94455412
1778055379.415284 0.247540 -0.020004 3.005711 0.18749092 0.26239581 0.12452059 0.93834440
1778055380.110035 0.247596 -0.020043 3.005747 0.18373613 0.29166176 0.13758625 0.92857120
1778055380.673901 0.247653 -0.020067 3.005770 0.18707751 0.32419483 0.16153181 0.91313043
1778055381.100961 0.247709 -0.020071 3.005771 0.19421799 0.34554046 0.18507138 0.89923843
1778055381.373400 0.247720 -0.020078 3.005776 0.18860860 0.37943392 0.19568969 0.88439937
1778055381.794372 0.247769 -0.020072 3.005764 0.19803245 0.40414456 0.21583259 0.86652560
1778055382.228023 0.247824 -0.020083 3.005775 0.19707108 0.45282957 0.23418438 0.83741629
1778055382.507022 0.247862 -0.020066 3.005750 0.20405378 0.46089692 0.24652019 0.82774627
1778055382.915326 0.247923 -0.020067 3.005748 0.19602527 0.48897726 0.26630510 0.80719076
1778055384.327177 0.248132 -0.020099 3.005764 0.20632032 0.52848508 0.27241410 0.77712676
1778055385.018035 0.248242 -0.020104 3.005763 0.18840876 0.50302953 0.24802000 0.80619446
1778055386.146286 0.248288 -0.020126 3.005786 0.17143773 0.43601611 0.20513467 0.85931299
1778055386.281289 0.248304 -0.020124 3.005778 0.17416855 0.47265927 0.22094700 0.83512930
1778055386.423615 0.248306 -0.020119 3.005771 0.18810947 0.50377953 0.24560027 0.80653674
1778055386.423615 0.248306 -0.020119 3.005771 0.18810947 0.50377953 0.24560027 0.80653674
1778055386.557424 0.248303 -0.020119 3.005771 0.19142961 0.55062778 0.26445449 0.76826270
1778055386.699057 0.248295 -0.020119 3.005771 0.21168330 0.58466003 0.30688017 0.72054659
1778055386.837224 0.248295 -0.020111 3.005764 0.21888553 0.61024261 0.31328865 0.69393321
1778055388.107885 0.248352 -0.020110 3.005759 0.19273728 0.57265293 0.27363912 0.74835994
1778055388.524827 0.248401 -0.020112 3.005758 0.20487777 0.52431056 0.26166303 0.78400000
1778055389.651014 0.248498 -0.020129 3.005772 0.19593296 0.46997639 0.24664170 0.82456069
1778055390.200373 0.248514 -0.020125 3.005764 0.20067419 0.51403237 0.26492611 0.79076846
1778055390.486315 0.248556 -0.020122 3.005759 0.19818495 0.54433259 0.26773919 0.76989641
1778055390.762775 0.248576 -0.020119 3.005757 0.19541868 0.57057209 0.27321506 0.74940814
1778055391.046901 0.248595 -0.020118 3.005753 0.20178384 0.60960283 0.28436272 0.71190275
1778055391.332844 0.248626 -0.020115 3.005748 0.20004048 0.64528987 0.29009987 0.67781034
1778055391.742216 0.248654 -0.020102 3.005734 0.20492842 0.69408507 0.29998871 0.62149580
1778055392.021760 0.248678 -0.020091 3.005722 0.20751489 0.72782495 0.30883257 0.57604762
1778055393.152485 0.248810 -0.020067 3.005683 0.19338670 0.64491023 0.28755230 0.68117990
1778055393.844011 0.248913 -0.020055 3.005659 0.20224543 0.58832454 0.28831772 0.72790378
1778055394.266878 0.248959 -0.020054 3.005654 0.18743869 0.54800683 0.25542120 0.77415455
1778055394.266878 0.248959 -0.020054 3.005654 0.18743869 0.54800683 0.25542120 0.77415455
1778055394.824264 0.249006 -0.020051 3.005650 0.19012611 0.52465928 0.26471596 0.78645417
1778055395.800249 0.249090 -0.020048 3.005642 0.17320649 0.57350515 0.26077290 0.75702632
1778055395.942994 0.249073 -0.020050 3.005644 0.18033844 0.61248594 0.27281293 0.71966112
1778055396.079379 0.249038 -0.020053 3.005649 0.18939132 0.64837735 0.28254312 0.68110728
1778055396.224828 0.249019 -0.020051 3.005650 0.18668405 0.67942149 0.28626243 0.64929910
1778055396.363828 0.249011 -0.020050 3.005650 0.20298751 0.69947588 0.30381518 0.61418719
1778055397.071064 0.249068 -0.020051 3.005647 0.19548814 0.67901419 0.30138706 0.64022650
1778055397.344231 0.249115 -0.020044 3.005638 0.17904826 0.64680876 0.27875654 0.68693154
1778055397.618239 0.249166 -0.020043 3.005631 0.20138028 0.61201441 0.28857422 0.70824378
1778055397.899938 0.249202 -0.020038 3.005625 0.19338738 0.58242161 0.27189564 0.74125512
1778055398.182688 0.249250 -0.020039 3.005620 0.19840335 0.54506123 0.26679098 0.76965378
1778055399.025340 0.249353 -0.020039 3.005616 0.19739932 0.52483754 0.27310718 0.78165947
1778055399.581450 0.249373 -0.020040 3.005614 0.19090918 0.55254008 0.27029055 0.76498116
1778055400.706456 0.249462 -0.020035 3.005606 0.19337465 0.59088815 0.28194928 0.73072706
1778055401.683964 0.249580 -0.020024 3.005587 0.18846382 0.60834091 0.27920534 0.71864255
1778055402.402349 0.249655 -0.020016 3.005570 0.18807984 0.58561539 0.26728482 0.74178124
1778055402.402349 0.249655 -0.020016 3.005570 0.18807984 0.58561539 0.26728482 0.74178124
1778055403.365767 0.249769 -0.020004 3.005551 0.18895214 0.56507702 0.26592603 0.75780499
1778055404.208767 0.249864 -0.020008 3.005545 0.19118514 0.54926644 0.26906100 0.76769837
1778055405.756396 0.249903 -0.019990 3.005528 0.18435194 0.56645441 0.26821100 0.75710410
1778055406.167595 0.249898 -0.019984 3.005524 0.17425017 0.60315034 0.26336724 0.73245084
1778055407.143660 0.249976 -0.019984 3.005514 0.19375749 0.58025365 0.26384392 0.74575474
1778055407.710651 0.250047 -0.019977 3.005500 0.19500711 0.55852459 0.28164508 0.75544594
1778055407.986018 0.250069 -0.019983 3.005505 0.18997052 0.54513481 0.27368983 0.76930691
1778055408.264643 0.250095 -0.019990 3.005513 0.18096620 0.53864304 0.25958034 0.78085400
1778055408.540653 0.250120 -0.019998 3.005516 0.19197321 0.52121138 0.26486761 0.78824497
1778055408.822277 0.250129 -0.020003 3.005524 0.18376473 0.50953161 0.24288957 0.80474389
1778055409.122586 0.250136 -0.020006 3.005527 0.19275116 0.47033852 0.23929798 0.82726365
1778055409.386193 0.250140 -0.020008 3.005530 0.18410907 0.42715823 0.21692885 0.85824331
1778055409.531693 0.250143 -0.020013 3.005533 0.18002420 0.40146016 0.20029764 0.87538671
1778055409.665274 0.250148 -0.020015 3.005534 0.18168978 0.37746279 0.18777342 0.88839845
1778055409.942685 0.250164 -0.020019 3.005537 0.18738949 0.33562995 0.17704580 0.90603118
1778055410.230394 0.250162 -0.020031 3.005546 0.18426576 0.31481287 0.14858024 0.91916424
1778055410.230394 0.250162 -0.020031 3.005546 0.18426576 0.31481287 0.14858024 0.91916424
1778055410.506526 0.250164 -0.020033 3.005549 0.19205833 0.28776833 0.15557825 0.92525585
1778055410.788777 0.250169 -0.020044 3.005561 0.18475205 0.27704197 0.13252122 0.93356979
1778055411.089023 0.250172 -0.020058 3.005576 0.19324773 0.26125656 0.13897681 0.93546019
1778055411.358761 0.250181 -0.020071 3.005589 0.19072524 0.24917467 0.12592328 0.94110531
1778055411.775081 0.250199 -0.020080 3.005597 0.19690129 0.26341184 0.14040596 0.93387914
1778055412.051362 0.250214 -0.020084 3.005602 0.18973014 0.27487641 0.14615344 0.93117378
1778055412.335778 0.250224 -0.020083 3.005600 0.19021448 0.28740662 0.15636902 0.92561580
1778055412.627868 0.250234 -0.020086 3.005602 0.18737467 0.30839006 0.16067219 0.91867881
1778055412.896685 0.250248 -0.020092 3.005608 0.18345378 0.33635347 0.17608949 0.90675440
1778055413.045387 0.250257 -0.020095 3.005610 0.19146032 0.34647249 0.19774468 0.89677020
1778055413.177584 0.250261 -0.020093 3.005608 0.18271585 0.36001568 0.19605791 0.89362460
1778055413.317013 0.250263 -0.020092 3.005606 0.18564414 0.37400632 0.19980019 0.88641718
1778055415.282176 0.250271 -0.020096 3.005610 0.18782607 0.35254856 0.18725785 0.89742151
1778055415.423894 0.250266 -0.020100 3.005614 0.19410546 0.33286772 0.18606082 0.90382715
1778055415.561500 0.250265 -0.020103 3.005616 0.20016043 0.30169253 0.18244159 0.91412936
1778055415.704212 0.250265 -0.020104 3.005617 0.20632525 0.27334480 0.17978162 0.92216651
1778055415.704212 0.250265 -0.020104 3.005617 0.20632525 0.27334480 0.17978162 0.92216651
1778055415.843918 0.250262 -0.020104 3.005617 0.20581772 0.25064746 0.17102070 0.93035845
1778055416.015145 0.250258 -0.020106 3.005620 0.19841868 0.24185894 0.15123197 0.93769034
1778055416.127172 0.250257 -0.020108 3.005622 0.19624720 0.23294648 0.14749822 0.94099269
1778055416.688578 0.250257 -0.020107 3.005622 0.19122180 0.24923994 0.11739987 0.94208861
1778055416.972905 0.250263 -0.020106 3.005620 0.19231952 0.26350256 0.12509374 0.93697981
1778055417.249254 0.250269 -0.020105 3.005619 0.18987609 0.27527408 0.12753589 0.93375899
1778055417.526756 0.250275 -0.020107 3.005620 0.17693102 0.29565385 0.14887506 0.92688750
1778055417.670649 0.250276 -0.020107 3.005620 0.18144804 0.31244338 0.15546524 0.91939453
1778055417.813247 0.250278 -0.020106 3.005618 0.18111928 0.33567968 0.17782872 0.90713390
1778055417.948014 0.250281 -0.020104 3.005617 0.17628177 0.35902294 0.17710459 0.89925593
1778055418.105313 0.250284 -0.020107 3.005619 0.16942288 0.39208722 0.18347783 0.88538092
1778055418.240382 0.250290 -0.020108 3.005619 0.16393936 0.40963406 0.19513136 0.87592670
1778055418.372336 0.250287 -0.020108 3.005620 0.15733918 0.43957619 0.20926477 0.85920045
1778055418.663684 0.250307 -0.020107 3.005617 0.17895963 0.46643461 0.23786722 0.83296542
1778055418.935344 0.250331 -0.020106 3.005618 0.17790097 0.51212835 0.24121323 0.80491737
1778055419.215379 0.250343 -0.020104 3.005615 0.18281125 0.53767605 0.24858042 0.78466062
1778055419.215379 0.250343 -0.020104 3.005615 0.18281125 0.53767605 0.24858042 0.78466062
1778055419.496493 0.250355 -0.020100 3.005611 0.20001934 0.57272016 0.25814310 0.75189495
1778055419.776323 0.250365 -0.020098 3.005608 0.19470575 0.60511319 0.27518221 0.72125062
1778055420.895598 0.250408 -0.020098 3.005605 0.17431844 0.55504148 0.25617663 0.77195568
1778055421.456048 0.250425 -0.020100 3.005606 0.17453958 0.51368642 0.23488266 0.80653105
1778055421.756699 0.250428 -0.020103 3.005608 0.18450803 0.47954179 0.23327863 0.82557710
1778055422.023176 0.250434 -0.020105 3.005611 0.17799102 0.45387648 0.21964509 0.84502744
1778055422.302612 0.250440 -0.020108 3.005614 0.17846083 0.42148425 0.20173011 0.86591438
1778055422.580436 0.250439 -0.020111 3.005618 0.18094397 0.39453433 0.18393522 0.88191257
1778055422.861200 0.250450 -0.020117 3.005623 0.17434256 0.37430521 0.17388573 0.89401568
1778055423.569803 0.250472 -0.020121 3.005627 0.17201161 0.33983826 0.16539051 0.90970762
1778055423.841494 0.250481 -0.020127 3.005632 0.16594639 0.32987529 0.14992663 0.91715107
1778055424.121657 0.250482 -0.020131 3.005635 0.16922157 0.30410979 0.14564936 0.92610343
1778055424.398049 0.250493 -0.020134 3.005638 0.17263526 0.28013959 0.13567369 0.93451138
1778055424.969835 0.250481 -0.020136 3.005639 0.17560717 0.25568848 0.12163967 0.94286230
1778055425.248349 0.250485 -0.020137 3.005641 0.18910020 0.23514724 0.12130753 0.94563808
1778055425.535306 0.250485 -0.020141 3.005645 0.17350958 0.22214589 0.09423395 0.95481181
1778055425.535306 0.250485 -0.020141 3.005645 0.17350958 0.22214589 0.09423395 0.95481181
1778055425.795609 0.250483 -0.020141 3.005646 0.17963394 0.20097850 0.08469407 0.95925294
1778055425.935362 0.250480 -0.020141 3.005646 0.18448760 0.18011789 0.07872643 0.96297665
1778055426.073482 0.250474 -0.020143 3.005649 0.18783633 0.15856302 0.07882364 0.96610668
1778055426.223501 0.250469 -0.020145 3.005651 0.18833312 0.13303586 0.06459663 0.97090647
1778055426.356998 0.250462 -0.020145 3.005652 0.19707314 0.11037672 0.06278978 0.97212993
1778055426.494421 0.250460 -0.020147 3.005653 0.20374432 0.07829246 0.06358760 0.97381475
1778055426.635035 0.250445 -0.020148 3.005656 0.20539975 0.07092634 0.06062188 0.97422040
1778055426.774784 0.250439 -0.020149 3.005658 0.20562694 0.04984029 0.03167794 0.97684698
1778055426.918320 0.250418 -0.020152 3.005660 0.19468905 0.05530366 0.01283688 0.97922055
1778055427.076684 0.250416 -0.020152 3.005661 0.20037279 0.01654123 -0.01110544 0.97951713
1778055427.204586 0.250411 -0.020152 3.005661 0.20917786 0.00053606 -0.03304469 0.97731898
1778055427.480271 0.250406 -0.020151 3.005661 0.21531325 -0.03164109 -0.04945045 0.97477880
1778055427.758249 0.250401 -0.020152 3.005662 0.22140814 -0.05054262 -0.06505737 0.97169513
1778055428.047711 0.250396 -0.020152 3.005663 0.23070200 -0.09703440 -0.09092774 0.96389473
1778055428.316711 0.250386 -0.020154 3.005666 0.25167090 -0.14378550 -0.10978228 0.95075514
1778055428.602879 0.250379 -0.020156 3.005667 0.26494434 -0.19504730 -0.14417159 0.93326074
1778055428.602879 0.250379 -0.020156 3.005667 0.26494434 -0.19504730 -0.14417159 0.93326074
1778055429.183289 0.250371 -0.020157 3.005669 0.28552158 -0.24336693 -0.14008875 0.91631060
1778055429.435975 0.250366 -0.020159 3.005670 0.29259708 -0.27719566 -0.17773367 0.89775289
1778055430.133138 0.250351 -0.020163 3.005676 0.27132391 -0.24779394 -0.15992492 0.91619077
1778055430.564908 0.250337 -0.020171 3.005684 0.26769854 -0.19665421 -0.15339664 0.93066325
1778055430.843386 0.250335 -0.020174 3.005688 0.25692218 -0.16620565 -0.13553953 0.94233524
1778055431.119200 0.250337 -0.020175 3.005689 0.24922847 -0.14212492 -0.11293567 0.95127872
1778055431.400388 0.250330 -0.020181 3.005696 0.24318904 -0.11097001 -0.10534926 0.95783416
1778055431.682594 0.250327 -0.020186 3.005700 0.23993992 -0.09070855 -0.08436232 0.96285191
1778055431.963591 0.250321 -0.020192 3.005707 0.23090437 -0.06096315 -0.07828852 0.96790370
1778055432.251497 0.250317 -0.020196 3.005712 0.23009742 -0.04339165 -0.05698212 0.97052840
1778055432.526669 0.250313 -0.020202 3.005718 0.22294932 -0.01435892 -0.05104468 0.97338680
1778055432.942616 0.250306 -0.020208 3.005725 0.22390084 -0.03318759 -0.07121214 0.97144008
1778055433.640563 0.250294 -0.020223 3.005741 0.22034252 -0.00755096 -0.04686039 0.97426704
1778055434.063407 0.250293 -0.020231 3.005749 0.22259252 0.01464131 -0.02512329 0.97447782
1778055434.906782 0.250287 -0.020247 3.005767 0.20903883 0.02229961 -0.02672185 0.97728780
1778055435.185433 0.250287 -0.020252 3.005772 0.21286568 0.03295117 -0.02061646 0.97630804
1778055435.185433 0.250287 -0.020252 3.005772 0.21286568 0.03295117 -0.02061646 0.97630804
1778055435.886696 0.250284 -0.020253 3.005773 0.21326077 0.02038481 -0.03024905 0.97631414
1778055436.036135 0.250277 -0.020252 3.005773 0.21635424 0.01310016 -0.03699316 0.97552588
1778055436.167323 0.250269 -0.020253 3.005775 0.22062110 -0.00329189 -0.04132691 0.97447811
1778055436.307653 0.250263 -0.020253 3.005775 0.22777206 -0.01807362 -0.03841324 0.97278860
1778055436.443401 0.250259 -0.020252 3.005775 0.23484139 -0.03558627 -0.03703951 0.97067565
1778055436.725326 0.250254 -0.020252 3.005774 0.23937784 -0.06118294 -0.06021916 0.96712385
1778055437.285991 0.250256 -0.020252 3.005775 0.23533498 -0.03832157 -0.06427729 0.96902907
1778055437.424618 0.250263 -0.020253 3.005776 0.23594817 -0.02985289 -0.06522983 0.96911420
1778055437.569912 0.250267 -0.020254 3.005777 0.23532213 -0.01983431 -0.04824363 0.97051669
1778055437.706881 0.250272 -0.020256 3.005778 0.23066259 -0.00177347 -0.05199928 0.97164175
1778055437.857753 0.250276 -0.020257 3.005779 0.23056551 0.01142338 -0.05187070 0.97160614
1778055437.994614 0.250277 -0.020260 3.005781 0.21998576 0.01717042 -0.03625417 0.97467793
1778055438.406360 0.250272 -0.020257 3.005779 0.22864078 0.00405190 -0.05157592 0.97213523
1778055438.543808 0.250268 -0.020257 3.005778 0.23127724 -0.01341953 -0.06506685 0.97061684
1778055438.683330 0.250258 -0.020255 3.005778 0.23547618 -0.02634234 -0.06759123 0.96916896
1778055438.822434 0.250253 -0.020254 3.005777 0.24291820 -0.06099889 -0.05866518 0.96634791
1778055438.822434 0.250253 -0.020254 3.005777 0.24291820 -0.06099889 -0.05866518 0.96634791
1778055438.969924 0.250251 -0.020252 3.005776 0.23741841 -0.08533327 -0.07395339 0.96482207
1778055439.104801 0.250247 -0.020252 3.005775 0.24379636 -0.10548840 -0.09257199 0.95961761
1778055439.245540 0.250242 -0.020252 3.005775 0.25034476 -0.11970138 -0.10732154 0.95471523
1778055439.544536 0.250239 -0.020253 3.005776 0.25616892 -0.13825376 -0.12245311 0.94882486
1778055439.805698 0.250247 -0.020253 3.005776 0.25911252 -0.10406561 -0.12043182 0.95264223
1778055439.941864 0.250250 -0.020254 3.005776 0.25147588 -0.08089959 -0.11087321 0.95808260
1778055440.082814 0.250253 -0.020255 3.005778 0.23452909 -0.06196839 -0.08437318 0.96645599
1778055440.228789 0.250253 -0.020257 3.005780 0.23372580 -0.04085300 -0.07254719 0.96873123
1778055440.365934 0.250258 -0.020258 3.005781 0.23468749 -0.03060328 -0.04842718 0.97038138
1778055440.505656 0.250267 -0.020261 3.005783 0.23338041 -0.02562627 -0.05898911 0.97025624
1778055440.645206 0.250271 -0.020261 3.005783 0.22483382 -0.00735665 -0.05467481 0.97283416
1778055440.782506 0.250274 -0.020262 3.005783 0.21816065 0.01426884 -0.03852335 0.97504784
1778055440.925759 0.250275 -0.020264 3.005784 0.21644865 0.02529480 -0.03219945 0.97543495
1778055441.061444 0.250276 -0.020266 3.005786 0.21505083 0.04880235 -0.01161264 0.97531360
1778055441.210835 0.250276 -0.020268 3.005788 0.21332632 0.07112771 -0.00773697 0.97435767
1778055441.349444 0.250277 -0.020270 3.005789 0.21015682 0.08284585 0.00643995 0.97412997
1778055441.349444 0.250277 -0.020270 3.005789 0.21015682 0.08284585 0.00643995 0.97412997
1778055441.497966 0.250279 -0.020270 3.005790 0.20842030 0.08950743 0.01632355 0.97379820
1778055441.766631 0.250284 -0.020273 3.005793 0.21054669 0.09666798 0.03536905 0.97214938
1778055441.911613 0.250288 -0.020275 3.005794 0.21125715 0.10075878 0.03611569 0.97155223
1778055442.186533 0.250290 -0.020277 3.005796 0.20677198 0.10627248 0.03797697 0.97185866
1778055442.604380 0.250292 -0.020277 3.005796 0.20206798 0.12361808 0.03713467 0.97082857
1778055442.748806 0.250294 -0.020275 3.005794 0.19985805 0.13801550 0.05511883 0.96848872
1778055442.882841 0.250298 -0.020273 3.005791 0.19744175 0.14750116 0.06134952 0.96721063
1778055443.046237 0.250302 -0.020272 3.005790 0.19239416 0.15703278 0.06631717 0.96639910
1778055443.181683 0.250305 -0.020272 3.005789 0.18783009 0.17640844 0.06255819 0.96420247
1778055443.319146 0.250315 -0.020269 3.005785 0.18916284 0.17546803 0.06084930 0.96422288
1778055443.455467 0.250322 -0.020270 3.005785 0.18870805 0.18714390 0.07490409 0.96112216
1778055443.593381 0.250329 -0.020267 3.005781 0.18414190 0.19091967 0.08463255 0.96045759
1778055443.726788 0.250333 -0.020267 3.005782 0.18226131 0.21699325 0.09162502 0.95462013
1778055443.872461 0.250331 -0.020267 3.005781 0.17987109 0.26151275 0.11282439 0.94155623
1778055444.011702 0.250328 -0.020266 3.005781 0.18647347 0.31343835 0.15730645 0.91773565
1778055444.151635 0.250327 -0.020265 3.005781 0.18458356 0.37054088 0.19045764 0.89014283
1778055444.151635 0.250327 -0.020265 3.005781 0.18458356 0.37054088 0.19045764 0.89014283
1778055444.291371 0.250326 -0.020265 3.005780 0.18566663 0.41464315 0.21339858 0.86490462
1778055445.142413 0.250327 -0.020265 3.005781 0.17943746 0.38108677 0.21094532 0.88208681
1778055445.411322 0.250329 -0.020266 3.005781 0.17170743 0.33663087 0.15378831 0.91298706
1778055445.834979 0.250328 -0.020266 3.005781 0.17667247 0.39137049 0.18841479 0.88324167
1778055445.972431 0.250327 -0.020266 3.005781 0.18218437 0.43842107 0.21457185 0.85355418
1778055446.111679 0.250330 -0.020265 3.005781 0.18134069 0.49160576 0.23009976 0.82005697
1778055446.253819 0.250340 -0.020265 3.005780 0.16502083 0.54631234 0.23414410 0.78707528
1778055446.394364 0.250342 -0.020264 3.005779 0.17409888 0.59126419 0.26581619 0.74124085
1778055446.536002 0.250348 -0.020263 3.005777 0.17585285 0.62959051 0.26573339 0.70857415
1778055446.695895 0.250350 -0.020262 3.005776 0.18345467 0.67345600 0.27382207 0.66168185
1778055446.812452 0.250352 -0.020262 3.005776 0.17997036 0.73991980 0.26323947 0.59231271
1778055446.964812 0.250356 -0.020261 3.005775 0.18651886 0.74433487 0.28754517 0.57314404
1778055447.251417 0.250360 -0.020260 3.005773 0.19645400 0.78250515 0.28956819 0.51501629
1778055447.513084 0.250363 -0.020258 3.005771 0.18891828 0.79599085 0.28373025 0.50020555
1778055447.796404 0.250363 -0.020257 3.005770 0.18309347 0.82543088 0.29450018 0.44543270
1778055448.078921 0.250365 -0.020257 3.005770 0.17172712 0.88693046 0.27013604 0.33300252
1778055448.078921 0.250365 -0.020257 3.005770 0.17172712 0.88693046 0.27013604 0.33300252
1778055448.357787 0.250366 -0.020257 3.005770 0.14207281 0.91358226 0.25973569 0.27878333
1778055448.648545 0.250373 -0.020255 3.005767 0.14213319 0.92337269 0.25311566 0.25122399
1778055448.920637 0.250377 -0.020253 3.005764 0.12181287 0.93263175 0.24460146 0.23564755
1778055449.201953 0.250377 -0.020251 3.005763 0.12194086 0.93567982 0.24603014 0.22159166
1778055449.894176 0.250390 -0.020249 3.005759 0.11927917 0.94029053 0.24157495 0.20800899
1778055450.328545 0.250400 -0.020247 3.005755 0.10731082 0.94236756 0.24646951 0.19919976
1778055450.736188 0.250406 -0.020245 3.005752 0.09915931 0.95166271 0.23616597 0.16950265
1778055451.156002 0.250403 -0.020245 3.005753 0.06706222 0.95855082 0.23928659 0.13937331
1778055451.301444 0.250402 -0.020245 3.005752 0.07815643 0.96177955 0.23801034 0.11055656
1778055451.438057 0.250401 -0.020244 3.005751 0.06091056 0.96653707 0.23708847 0.07671411
1778055451.577770 0.250398 -0.020244 3.005752 0.04805219 0.96901057 0.23692455 0.05075681
1778055451.715947 0.250397 -0.020246 3.005753 0.01327024 0.97430400 0.22437440 0.01455167
1778055451.868119 0.250396 -0.020245 3.005753 0.00874805 0.97665254 0.21461527 -0.00368439
1778055452.287911 0.250399 -0.020245 3.005752 0.03640074 0.97664316 0.21095965 0.01841614
1778055452.422265 0.250399 -0.020245 3.005752 0.04752261 0.97396181 0.21792955 0.04057962
1778055452.562466 0.250401 -0.020244 3.005751 0.06131188 0.97168286 0.22075397 0.05780101
1778055452.562466 0.250401 -0.020244 3.005751 0.06131188 0.97168286 0.22075397 0.05780101
1778055452.835472 0.250402 -0.020244 3.005752 0.06313265 0.96875368 0.22368102 0.08658743
1778055453.683802 0.250401 -0.020244 3.005751 0.05427666 0.97329355 0.21594246 0.05587995
1778055453.969419 0.250404 -0.020242 3.005749 0.03186216 0.97509854 0.21634045 0.03693856
1778055454.240761 0.250405 -0.020241 3.005748 0.02621781 0.97672618 0.21229676 0.01576991
1778055454.519098 0.250406 -0.020240 3.005746 0.01895776 0.97779859 0.20865687 -0.00358125
1778055454.936900 0.250409 -0.020238 3.005744 0.01967323 0.97703119 0.21198078 0.00933601
1778055455.357326 0.250412 -0.020236 3.005741 0.00683543 0.97732929 0.21144654 -0.00843119
1778055455.648264 0.250412 -0.020235 3.005740 0.00685134 0.97741282 0.21016126 -0.02120107
1778055455.925289 0.250412 -0.020234 3.005738 -0.00683109 0.97885468 0.20125276 -0.03597460
1778055456.205891 0.250412 -0.020233 3.005738 -0.00499436 0.97937197 0.19426861 -0.05536519
1778055456.478378 0.250413 -0.020231 3.005735 -0.01983762 0.97755451 0.19584546 -0.07508800
1778055456.896269 0.250412 -0.020230 3.005733 -0.02692651 0.97682768 0.19252567 -0.08953494
1778055458.515286 0.250412 -0.020225 3.005728 -0.03411084 0.97451107 0.19962179 -0.09651819
1778055458.930456 0.250412 -0.020223 3.005726 -0.03254504 0.97650691 0.19583773 -0.08380129
1778055459.914656 0.250413 -0.020219 3.005720 -0.02077166 0.97720827 0.19711378 -0.07601773
1778055461.033173 0.250416 -0.020214 3.005714 -0.01432697 0.97788448 0.20002144 -0.05939783
1778055461.033173 0.250416 -0.020214 3.005714 -0.01432697 0.97788448 0.20002144 -0.05939783
1778055461.449651 0.250416 -0.020214 3.005714 -0.03080722 0.97615361 0.20240689 -0.07215605
1778055461.725436 0.250416 -0.020212 3.005712 -0.03330236 0.97582668 0.19669085 -0.08925217
1778055462.015044 0.250414 -0.020212 3.005712 -0.04803386 0.97449321 0.19489083 -0.10036577
1778055462.158577 0.250412 -0.020212 3.005712 -0.05038641 0.97374302 0.19416774 -0.10763195
1778055462.303391 0.250411 -0.020211 3.005712 -0.05283920 0.97350299 0.18924221 -0.11699290
1778055462.438881 0.250409 -0.020212 3.005712 -0.04907499 0.97346965 0.18303330 -0.12824703
1778055462.571968 0.250408 -0.020211 3.005712 -0.06468875 0.97117483 0.18410031 -0.13690103
1778055462.715758 0.250406 -0.020212 3.005712 -0.06646249 0.97051318 0.18193405 -0.14348138
1778055462.852542 0.250406 -0.020211 3.005712 -0.06188223 0.96954555 0.18390447 -0.14943616
1778055463.129333 0.250404 -0.020211 3.005711 -0.07124322 0.96748474 0.17785590 -0.16512105
1778055463.411136 0.250400 -0.020210 3.005711 -0.08733236 0.96375558 0.18174997 -0.17468600
1778055463.841620 0.250396 -0.020210 3.005710 -0.09954487 0.95928022 0.17802026 -0.19539977
1778055464.253367 0.250392 -0.020209 3.005710 -0.11633602 0.95180723 0.18441731 -0.21568305
1778055464.811966 0.250389 -0.020208 3.005709 -0.11394748 0.95541247 0.18194958 -0.20272479
1778055465.382027 0.250385 -0.020206 3.005707 -0.11359710 0.94958952 0.19845194 -0.21445808
1778055466.216247 0.250383 -0.020206 3.005707 -0.12889950 0.94721087 0.18735874 -0.22599376
1778055466.216247 0.250383 -0.020206 3.005707 -0.12889950 0.94721087 0.18735874 -0.22599376
1778055466.634145 0.250382 -0.020206 3.005707 -0.11052806 0.95298846 0.18442487 -0.21350410
1778055467.052495 0.250380 -0.020205 3.005706 -0.10408577 0.95770067 0.18798151 -0.19141196
1778055467.479090 0.250378 -0.020204 3.005705 -0.08999448 0.96299107 0.18740639 -0.17154601
1778055468.034619 0.250376 -0.020203 3.005704 -0.09026170 0.96042296 0.19065965 -0.18190507
1778055469.022073 0.250375 -0.020202 3.005703 -0.09883027 0.95661757 0.18450812 -0.20266268
1778055469.305025 0.250374 -0.020202 3.005703 -0.12266261 0.95095567 0.18769304 -0.21309276
1778055469.995352 0.250370 -0.020201 3.005702 -0.11345304 0.95445003 0.18651261 -0.20338781
1778055470.271524 0.250368 -0.020201 3.005701 -0.09552658 0.95986797 0.18239831 -0.19041798
1778055470.552706 0.250367 -0.020200 3.005700 -0.09811894 0.96169001 0.18661962 -0.17520880
1778055470.837593 0.250367 -0.020199 3.005700 -0.07668280 0.96627737 0.18440635 -0.16254872
1778055471.268591 0.250366 -0.020198 3.005699 -0.07460467 0.96900110 0.18583123 -0.14469888
1778055471.674424 0.250365 -0.020197 3.005698 -0.06865719 0.96955917 0.18776371 -0.14137185
1778055471.953006 0.250365 -0.020197 3.005697 -0.07871947 0.96626486 0.19165325 -0.15298531
1778055472.370164 0.250364 -0.020197 3.005697 -0.08450155 0.96414020 0.18752992 -0.16770714
1778055472.667671 0.250364 -0.020197 3.005697 -0.09176894 0.96247421 0.18422949 -0.17686535
1778055472.797081 0.250363 -0.020197 3.005698 -0.10017198 0.95945689 0.19123011 -0.18121561
1778055472.797081 0.250363 -0.020197 3.005698 -0.10017198 0.95945689 0.19123011 -0.18121561
1778055473.353644 0.250363 -0.020197 3.005698 -0.09251898 0.95859670 0.19596858 -0.18474017
1778055473.920989 0.250358 -0.020196 3.005697 -0.10324292 0.95813242 0.18785754 -0.18982282
1778055474.413967 0.250355 -0.020196 3.005696 -0.11148867 0.95527482 0.17709523 -0.20894394
1778055474.924767 0.250353 -0.020195 3.005696 -0.10582250 0.95762959 0.18438406 -0.19429279
1778055475.407961 0.250354 -0.020194 3.005695 -0.08615186 0.96215700 0.18150894 -0.18408224
1778055475.537829 0.250354 -0.020194 3.005694 -0.08978588 0.96213942 0.18816805 -0.17555348
1778055475.891515 0.250355 -0.020193 3.005693 -0.07868227 0.96579466 0.18582413 -0.16284706
1778055476.252473 0.250353 -0.020193 3.005694 -0.10170747 0.96082989 0.18485779 -0.17969170
1778055476.467704 0.250352 -0.020194 3.005694 -0.11325070 0.95500986 0.18162553 -0.20528667
1778055476.725417 0.250351 -0.020194 3.005695 -0.09934294 0.95285077 0.18143241 -0.22201050
1778055477.102660 0.250351 -0.020195 3.005695 -0.12804239 0.94811026 0.18218752 -0.22693567
1778055477.811678 0.250351 -0.020194 3.005696 -0.12283788 0.95038994 0.17954895 -0.22233307
1778055478.056151 0.250351 -0.020194 3.005695 -0.11551787 0.95452604 0.18623015 -0.20212369
1778055478.427490 0.250351 -0.020194 3.005695 -0.11732984 0.95326261 0.18017622 -0.21227488
1778055478.548729 0.250350 -0.020194 3.005695 -0.12272466 0.95117384 0.18109515 -0.21774188
1778055478.813899 0.250350 -0.020195 3.005696 -0.13313945 0.94447345 0.18293781 -0.23828041
1778055478.813899 0.250350 -0.020195 3.005696 -0.13313945 0.94447345 0.18293781 -0.23828041
1778055479.374764 0.250350 -0.020195 3.005696 -0.14762038 0.93672653 0.18040122 -0.26116475
1778055479.654453 0.250349 -0.020195 3.005696 -0.14406411 0.93481933 0.17238900 -0.27502797
1778055480.088974 0.250347 -0.020195 3.005696 -0.14854415 0.93195138 0.18362721 -0.27510418
1778055481.052397 0.250342 -0.020194 3.005696 -0.13682380 0.94220739 0.18097712 -0.24651930
1778055481.333941 0.250341 -0.020194 3.005695 -0.12655318 0.94753959 0.17577212 -0.23506845
1778055481.756857 0.250339 -0.020193 3.005695 -0.12172213 0.95214055 0.17870875 -0.21604462
1778055482.035659 0.250339 -0.020193 3.005695 -0.10295379 0.95708623 0.17722371 -0.20488586
1778055482.318948 0.250338 -0.020193 3.005694 -0.10123794 0.95910619 0.18239539 -0.19130636
1778055482.594012 0.250337 -0.020192 3.005694 -0.08512712 0.96357561 0.17945456 -0.17908514
1778055482.876832 0.250337 -0.020192 3.005693 -0.08377469 0.96511835 0.18240304 -0.16809966
1778055483.720139 0.250337 -0.020191 3.005692 -0.07068367 0.96699931 0.18420910 -0.16119294
1778055483.998640 0.250337 -0.020191 3.005692 -0.06393641 0.96933786 0.18275541 -0.15131662
1778055484.273957 0.250338 -0.020191 3.005692 -0.06481271 0.96950226 0.18650821 -0.14518738
1778055484.557146 0.250339 -0.020190 3.005691 -0.05401873 0.96939948 0.19538995 -0.13845354
1778055485.548510 0.250339 -0.020190 3.005690 -0.06025637 0.97213183 0.18436297 -0.13167826
1778055485.956457 0.250339 -0.020189 3.005690 -0.05957759 0.97305297 0.19188823 -0.11312533
1778055485.956457 0.250339 -0.020189 3.005690 -0.05957759 0.97305297 0.19188823 -0.11312533
1778055486.233876 0.250339 -0.020189 3.005689 -0.04610741 0.97569616 0.18913312 -0.10059710
1778055486.515567 0.250340 -0.020188 3.005689 -0.04603815 0.97623271 0.19283900 -0.08754031
1778055486.792729 0.250340 -0.020188 3.005688 -0.02883133 0.97777414 0.19376565 -0.07470847
1778055487.077888 0.250341 -0.020188 3.005687 -0.03614322 0.97810682 0.19518429 -0.06248042
1778055487.372406 0.250342 -0.020187 3.005687 -0.02124061 0.97914671 0.19533740 -0.05161253
1778055487.648532 0.250342 -0.020187 3.005687 -0.01960440 0.97920798 0.19868799 -0.03592319
1778055487.912774 0.250343 -0.020187 3.005686 -0.02225029 0.97807000 0.20642965 -0.01645590
1778055488.192408 0.250344 -0.020187 3.005686 0.00108939 0.97856204 0.20574977 -0.00906579
1778055488.332161 0.250344 -0.020187 3.005686 0.01126256 0.97857886 0.20537142 0.00889673
1778055488.474099 0.250344 -0.020187 3.005686 0.02366796 0.97806863 0.20461436 0.03089580
1778055488.616250 0.250344 -0.020187 3.005686 0.05734440 0.97504695 0.20659876 0.05755008
1778055488.758694 0.250345 -0.020187 3.005686 0.07012327 0.96790755 0.22279726 0.09273121
1778055488.894544 0.250345 -0.020187 3.005686 0.08223440 0.96280870 0.22542556 0.12417818
1778055489.047653 0.250345 -0.020187 3.005686 0.08517731 0.95607878 0.22719971 0.16443383
1778055489.186392 0.250346 -0.020187 3.005686 0.09080850 0.95238298 0.22969542 0.17877495
1778055489.328493 0.250346 -0.020187 3.005686 0.08526470 0.95356851 0.22827387 0.17699737
1778055489.328493 0.250346 -0.020187 3.005686 0.08526470 0.95356851 0.22827387 0.17699737
1778055489.473743 0.250346 -0.020187 3.005686 0.08453792 0.95072215 0.23291974 0.18635751
1778055489.876362 0.250346 -0.020187 3.005686 0.05829644 0.95848167 0.22627044 0.16345063
1778055490.020387 0.250346 -0.020187 3.005686 0.05628811 0.96262831 0.22017216 0.14731802
1778055490.164727 0.250345 -0.020187 3.005686 0.06380023 0.96411969 0.22002068 0.13414043
1778055490.305756 0.250345 -0.020187 3.005686 0.05822720 0.96477302 0.22348564 0.12600307
1778055490.441630 0.250345 -0.020187 3.005686 0.04651023 0.96655367 0.21804567 0.12675519
1778055490.576339 0.250345 -0.020186 3.005686 0.04759318 0.96715223 0.22362678 0.11109691
1778055490.730299 0.250345 -0.020187 3.005686 0.03916474 0.97002323 0.22142680 0.09214782
1778055491.019598 0.250345 -0.020186 3.005685 0.04477844 0.97469697 0.20846855 0.06709382
1778055491.283159 0.250345 -0.020186 3.005685 0.02680321 0.97703211 0.20607481 0.04714880
1778055491.561652 0.250346 -0.020186 3.005685 0.02415595 0.97924676 0.20013823 0.02090385
1778055491.843266 0.250346 -0.020186 3.005684 0.00383105 0.97997959 0.19896020 0.00633716
1778055492.122664 0.250346 -0.020185 3.005684 0.00269737 0.98079305 0.19487852 -0.00775159
1778055492.400270 0.250346 -0.020185 3.005684 0.00792933 0.98217280 0.18653858 -0.02184189
1778055492.694571 0.250346 -0.020185 3.005684 -0.00650279 0.98067012 0.19261626 -0.03380537
1778055492.968312 0.250347 -0.020185 3.005683 -0.01046643 0.98007588 0.19274710 -0.04680045
1778055492.968312 0.250347 -0.020185 3.005683 -0.01046643 0.98007588 0.19274710 -0.04680045
1778055493.254340 0.250346 -0.020184 3.005683 -0.02231113 0.97922246 0.19468912 -0.05217016
1778055493.662268 0.250346 -0.020184 3.005682 -0.02580408 0.97937737 0.19033071 -0.06267636
1778055493.940765 0.250347 -0.020184 3.005682 -0.02481464 0.97940481 0.19426006 -0.04912722
1778055494.219716 0.250348 -0.020183 3.005681 -0.02540684 0.97993854 0.19231710 -0.04570655
1778055494.961889 0.250348 -0.020183 3.005680 -0.01387613 0.97927373 0.19639851 -0.04751885
1778055495.532515 0.250348 -0.020183 3.005681 -0.03635517 0.97861289 0.19066675 -0.06812713
1778055495.764322 0.250348 -0.020183 3.005681 -0.04260907 0.97763943 0.18871617 -0.08241247
1778055496.053128 0.250348 -0.020183 3.005681 -0.03145834 0.97991410 0.18255694 -0.07383563
1778055496.403782 0.250349 -0.020182 3.005680 -0.02562073 0.98093123 0.18848572 -0.03988266
1778055496.585100 0.250349 -0.020182 3.005680 -0.01990921 0.98006271 0.19521799 -0.03115529
1778055496.695360 0.250350 -0.020182 3.005680 -0.01710577 0.98026117 0.19397791 -0.03417595
1778055496.852306 0.250350 -0.020182 3.005680 -0.00785952 0.98083119 0.19428891 -0.01265785
1778055497.005097 0.250350 -0.020182 3.005680 -0.01559134 0.97908889 0.20070807 -0.02929381
1778055497.135228 0.250350 -0.020182 3.005680 -0.01353956 0.97883685 0.20197266 -0.03003581
1778055497.270804 0.250350 -0.020182 3.005680 0.00112529 0.98030277 0.19748132 -0.00251755
1778055497.524427 0.250351 -0.020182 3.005680 -0.00308096 0.97894398 0.20377245 0.01166110
1778055497.524427 0.250351 -0.020182 3.005680 -0.00308096 0.97894398 0.20377245 0.01166110
1778055497.807153 0.250351 -0.020182 3.005680 0.00532421 0.97866688 0.20270384 0.03307498
1778055498.189941 0.250352 -0.020182 3.005679 0.01334913 0.97741123 0.20528913 0.04842999
1778055498.471802 0.250352 -0.020182 3.005679 0.01410046 0.97465161 0.20846134 0.07999552
1778055498.823222 0.250353 -0.020182 3.005679 0.04325836 0.96760209 0.21844362 0.11898441
1778055499.073118 0.250353 -0.020181 3.005679 0.06636053 0.95822594 0.23151446 0.15427372
1778055499.381374 0.250354 -0.020181 3.005679 0.08147459 0.94812266 0.24154777 0.18994730
1778055500.327459 0.250356 -0.020181 3.005678 0.08879170 0.94161470 0.25032253 0.20692128
1778055500.762041 0.250356 -0.020181 3.005678 0.11363136 0.92812340 0.24597183 0.25528948
1778055501.001847 0.250356 -0.020181 3.005678 0.14286253 0.90698740 0.25818985 0.30050317
1778055501.292338 0.250356 -0.020181 3.005678 0.16802680 0.86958070 0.27671687 0.37285945
1778055501.666348 0.250357 -0.020181 3.005678 0.12420492 0.86556781 0.30751495 0.37523334
1778055501.940278 0.250357 -0.020181 3.005677 0.12265717 0.90120614 0.26443570 0.32071245
1778055502.249588 0.250358 -0.020181 3.005677 0.14463172 0.92162313 0.24935444 0.25983616
1778055502.499711 0.250358 -0.020180 3.005677 0.11351831 0.93601587 0.23908794 0.23200180
1778055502.990696 0.250359 -0.020180 3.005677 0.10269175 0.91845756 0.24885444 0.28976125
1778055503.392865 0.250360 -0.020180 3.005677 0.15318242 0.86505344 0.27130776 0.39320452
1778055503.392865 0.250360 -0.020180 3.005677 0.15318242 0.86505344 0.27130776 0.39320452
1778055503.764567 0.250360 -0.020180 3.005676 0.13362127 0.88018048 0.27152957 0.36564925
1778055504.101131 0.250360 -0.020180 3.005676 0.13705024 0.89057207 0.26082495 0.34650970
1778055504.547685 0.250361 -0.020180 3.005676 0.11016707 0.91857162 0.24181085 0.29260368
1778055504.818708 0.250361 -0.020179 3.005676 0.11421313 0.92999353 0.23701450 0.25669346
1778055505.152083 0.250361 -0.020179 3.005675 0.12227758 0.91875255 0.23489052 0.29286242
1778055505.440505 0.250361 -0.020179 3.005675 0.13871765 0.91193622 0.23191365 0.30878116
1778055505.764583 0.250361 -0.020179 3.005675 0.15095547 0.88979262 0.26281826 0.34118630
1778055506.134762 0.250362 -0.020179 3.005675 0.15872222 0.88587871 0.25298947 0.35499648
1778055506.522701 0.250362 -0.020179 3.005675 0.14419932 0.89435228 0.24315351 0.34672313
1778055506.774415 0.250362 -0.020179 3.005675 0.15473338 0.89283974 0.23895503 0.34899178
1778055507.132122 0.250363 -0.020179 3.005675 0.13793467 0.87108858 0.23552024 0.40830006
1778055507.421093 0.250363 -0.020179 3.005675 0.19125881 0.84103835 0.25268711 0.43843333
1778055507.551892 0.250363 -0.020179 3.005675 0.14969808 0.86001706 0.24881951 0.41958312
1778055507.849711 0.250364 -0.020179 3.005675 0.13201328 0.84588476 0.25035316 0.45207826
1778055508.551599 0.250364 -0.020179 3.005675 0.14556444 0.86892713 0.23960468 0.40788016
1778055508.797137 0.250364 -0.020179 3.005675 0.15520969 0.88869998 0.23141649 0.36409985
1778055508.797137 0.250364 -0.020179 3.005675 0.15520969 0.88869998 0.23141649 0.36409985
1778055509.242234 0.250365 -0.020179 3.005675 0.13923274 0.88567979 0.22007380 0.38438662
1778055509.353159 0.250365 -0.020179 3.005675 0.15477309 0.87317621 0.23473167 0.39813268
1778055509.642427 0.250365 -0.020179 3.005675 0.16491593 0.85639137 0.23822562 0.42736999
1778055509.819554 0.250365 -0.020179 3.005675 0.16669480 0.83092939 0.24442600 0.47119541
1778055509.926938 0.250365 -0.020179 3.005675 0.15856889 0.83371923 0.23689355 0.47291606
1778055510.190962 0.250365 -0.020179 3.005675 0.17104436 0.74502089 0.25091219 0.59391142
1778055510.330034 0.250365 -0.020179 3.005675 0.16642098 0.69872206 0.23274415 0.65568414
1778055510.622458 0.250365 -0.020179 3.005675 0.17833352 0.63000323 0.22487105 0.72161354
1778055510.917244 0.250365 -0.020179 3.005675 0.17562851 0.60155081 0.20951930 0.75059504
1778055511.329475 0.250365 -0.020179 3.005675 0.15788926 0.64387259 0.19589137 0.72258262
1778055511.731348 0.250365 -0.020179 3.005675 0.16212975 0.60989720 0.18490426 0.75335898
1778055512.031741 0.250365 -0.020179 3.005675 0.15284670 0.57366373 0.16173246 0.78828321
1778055512.891284 0.250366 -0.020179 3.005675 0.14738076 0.54493037 0.14744719 0.81215093
1778055513.387721 0.250366 -0.020179 3.005675 0.14338514 0.49312072 0.13406824 0.84752485
1778055513.518197 0.250366 -0.020179 3.005675 0.14582043 0.45258802 0.12791326 0.87036698
1778055513.646428 0.250366 -0.020179 3.005675 0.14924049 0.40950220 0.11424594 0.89273909
1778055513.646428 0.250366 -0.020179 3.005675 0.14924049 0.40950220 0.11424594 0.89273909
1778055513.786939 0.250366 -0.020179 3.005675 0.15121353 0.37268879 0.10076376 0.90999132
1778055513.897054 0.250366 -0.020179 3.005675 0.14999219 0.34098792 0.08301743 0.92430389
1778055514.119220 0.250366 -0.020179 3.005675 0.16120037 0.28962450 0.08802481 0.93935282
1778055514.262556 0.250366 -0.020179 3.005675 0.16120972 0.26738738 0.07115896 0.94733934
1778055514.387062 0.250366 -0.020179 3.005675 0.16353236 0.25218485 0.06493169 0.95154813
1778055514.553065 0.250366 -0.020179 3.005675 0.16126260 0.24586310 0.05759341 0.95405907
1778055514.676778 0.250365 -0.020179 3.005675 0.15178948 0.25123858 0.03584711 0.95527698
1778055514.833622 0.250365 -0.020179 3.005675 0.15611172 0.25371563 0.05699005 0.95289540
1778055514.950740 0.250365 -0.020179 3.005675 0.16081591 0.23485829 0.04616918 0.95752192
1778055515.135737 0.250365 -0.020179 3.005675 0.15980351 0.22880044 0.04637244 0.95914691
1778055515.246701 0.250365 -0.020179 3.005675 0.16056584 0.20418886 0.03453116 0.96505602
1778055515.374914 0.250365 -0.020179 3.005675 0.16150706 0.17804001 0.02431762 0.97037409
1778055515.657836 0.250365 -0.020179 3.005675 0.16282501 0.15783650 0.01130758 0.97388284
1778055515.942028 0.250365 -0.020179 3.005675 0.15895987 0.14155561 0.01077915 0.97702486
1778055516.223815 0.250365 -0.020179 3.005675 0.16128814 0.12368748 -0.00347004 0.97911976
1778055516.643947 0.250365 -0.020179 3.005676 0.16420374 0.14711094 0.00205849 0.97539288
1778055516.643947 0.250365 -0.020179 3.005676 0.16420374 0.14711094 0.00205849 0.97539288
1778055516.954501 0.250365 -0.020179 3.005676 0.16486210 0.16108448 0.00848598 0.97303662
1778055517.227798 0.250365 -0.020180 3.005676 0.16601761 0.17086642 0.01241406 0.97112755
1778055517.493545 0.250365 -0.020180 3.005676 0.16132258 0.18290915 0.01771765 0.96964187
1778055518.611245 0.250365 -0.020180 3.005676 0.16766863 0.17370225 0.02311492 0.97014456
1778055519.640935 0.250365 -0.020180 3.005676 0.16976486 0.16383741 0.02078449 0.97154784
1778055520.024331 0.250365 -0.020180 3.005676 0.16614595 0.17408930 0.01560192 0.97048700
1778055520.136600 0.250365 -0.020180 3.005676 0.16527509 0.18651104 0.02101131 0.96822327
1778055520.355797 0.250365 -0.020180 3.005676 0.16769994 0.20583094 0.03526010 0.96346618
1778055520.500499 0.250366 -0.020180 3.005676 0.16569770 0.21389331 0.04015861 0.96186341
1778055520.642112 0.250366 -0.020180 3.005675 0.16217861 0.21570415 0.03240689 0.96235108
1778055520.772282 0.250366 -0.020180 3.005675 0.16275303 0.22308057 0.02983094 0.96065427
1778055520.907985 0.250366 -0.020180 3.005675 0.16059636 0.24010667 0.03304299 0.95679975
1778055521.048268 0.250366 -0.020180 3.005675 0.16200479 0.26824309 0.04258664 0.94867617
1778055521.189561 0.250366 -0.020180 3.005675 0.15786487 0.27742472 0.04950258 0.94639511
1778055521.328723 0.250366 -0.020180 3.005675 0.16015853 0.29902180 0.05989845 0.93880104
1778055521.480419 0.250367 -0.020180 3.005675 0.16151035 0.30782454 0.06394435 0.93545154
1778055521.480419 0.250367 -0.020180 3.005675 0.16151035 0.30782454 0.06394435 0.93545154
1778055521.617617 0.250367 -0.020179 3.005675 0.16535652 0.32783971 0.08153970 0.92656874
1778055521.766371 0.250367 -0.020179 3.005675 0.16786190 0.34103078 0.08834567 0.92071463
1778055522.193884 0.250367 -0.020180 3.005675 0.16156541 0.31667754 0.07374501 0.93175835
1778055522.320409 0.250367 -0.020180 3.005675 0.16243183 0.29003596 0.08130979 0.93961894
1778055522.460531 0.250367 -0.020180 3.005675 0.15885473 0.27934494 0.06476762 0.94474162
1778055522.607069 0.250367 -0.020180 3.005675 0.15927191 0.26743402 0.04854103 0.94908128
1778055522.750397 0.250366 -0.020180 3.005675 0.15996255 0.26035452 0.03383356 0.95156860
1778055522.926280 0.250366 -0.020180 3.005676 0.16108869 0.25085214 0.03433277 0.95391032
1778055523.172502 0.250366 -0.020180 3.005676 0.16185027 0.23518181 0.04467268 0.95733921
1778055523.430298 0.250366 -0.020180 3.005676 0.16354456 0.22360808 0.05027740 0.95954405
1778055523.714686 0.250366 -0.020180 3.005676 0.16561327 0.21270439 0.02285245 0.96270808
1778055524.033967 0.250366 -0.020180 3.005676 0.16911651 0.20910018 0.02538747 0.96282511
1778055524.406421 0.250366 -0.020180 3.005676 0.16839412 0.21129587 0.00388659 0.96279924
1778055524.967411 0.250366 -0.020180 3.005676 0.16540148 0.20837269 0.02112517 0.96373072
1778055525.247707 0.250366 -0.020180 3.005676 0.16466420 0.19058665 0.01421673 0.96765713
1778055525.528350 0.250366 -0.020180 3.005676 0.16267669 0.18476013 0.00493830 0.96921391
1778055525.528350 0.250366 -0.020180 3.005676 0.16267669 0.18476013 0.00493830 0.96921391
1778055526.242299 0.250366 -0.020180 3.005676 0.16643998 0.16115602 -0.00978489 0.97274392
1778055526.511494 0.250366 -0.020180 3.005676 0.16664931 0.14725628 -0.01227652 0.97488096
1778055526.803575 0.250366 -0.020180 3.005676 0.16833979 0.13570888 -0.00795633 0.97631015
1778055526.949623 0.250366 -0.020180 3.005676 0.16647438 0.12722469 -0.00522194 0.97778980
1778055527.835488 0.250366 -0.020180 3.005677 0.16594939 0.13808490 -0.01211714 0.97634345
1778055528.353196 0.250366 -0.020180 3.005677 0.16563752 0.12660669 -0.02102614 0.97780001
1778055528.645951 0.250366 -0.020180 3.005677 0.16886649 0.11173941 -0.02124896 0.97905408
1778055528.893865 0.250366 -0.020181 3.005677 0.16878631 0.09715785 -0.03252498 0.98031304
1778055529.209800 0.250366 -0.020181 3.005677 0.17028969 0.08428033 -0.04146969 0.98090698
1778055529.739079 0.250366 -0.020181 3.005677 0.17016012 0.10015258 -0.03743024 0.97959888
1778055530.013761 0.250366 -0.020181 3.005677 0.17205411 0.11321120 -0.02658122 0.97819939
1778055530.295176 0.250366 -0.020181 3.005677 0.16781845 0.12131691 -0.02242400 0.97806766
1778055530.567511 0.250366 -0.020181 3.005677 0.17211833 0.13911905 -0.02195895 0.97495588
1778055530.732292 0.250366 -0.020181 3.005677 0.17421416 0.15313270 -0.01412173 0.97262551
1778055530.845269 0.250366 -0.020181 3.005677 0.17111523 0.16043989 -0.01775110 0.97193802
1778055530.964366 0.250366 -0.020181 3.005677 0.17036833 0.17720609 -0.00133249 0.96931463
1778055530.964366 0.250366 -0.020181 3.005677 0.17036833 0.17720609 -0.00133249 0.96931463
1778055531.122591 0.250366 -0.020181 3.005677 0.16888360 0.19389485 0.01003980 0.96632413
1778055531.276844 0.250366 -0.020181 3.005677 0.16690215 0.20318636 0.02095063 0.96458284
1778055531.580679 0.250366 -0.020181 3.005677 0.17551362 0.21739114 0.03737191 0.95944745
1778055531.833039 0.250366 -0.020181 3.005677 0.17527646 0.23412710 0.04236032 0.95533673
1778055533.822879 0.250367 -0.020181 3.005677 0.17267534 0.20982271 0.02757281 0.96197578
1778055534.514775 0.250367 -0.020181 3.005677 0.17719799 0.19766310 0.02527604 0.96379007
1778055535.210733 0.250367 -0.020181 3.005677 0.17659698 0.20427393 0.03915209 0.96205654
1778055536.310577 0.250367 -0.020181 3.005677 0.17627064 0.21827264 0.03690022 0.95912673
1778055536.687399 0.250367 -0.020181 3.005677 0.18076647 0.22726163 0.05131038 0.95553277
1778055537.262158 0.250367 -0.020181 3.005677 0.17853978 0.20842667 0.04069579 0.96074228
1778055537.579757 0.250367 -0.020181 3.005678 0.17415221 0.18630217 0.02663594 0.96656766
1778055537.725514 0.250367 -0.020181 3.005678 0.17775224 0.17716873 0.01128917 0.96792972
1778055537.854542 0.250367 -0.020181 3.005678 0.17777906 0.16213723 0.01407419 0.97051947
1778055538.004397 0.250367 -0.020181 3.005678 0.18343184 0.14816155 0.01698891 0.97165441
1778055538.129227 0.250367 -0.020181 3.005678 0.17500024 0.14129972 0.00280078 0.97437234
1778055538.272664 0.250367 -0.020181 3.005678 0.17610731 0.13039367 -0.00581669 0.97567918
1778055538.272664 0.250367 -0.020181 3.005678 0.17610731 0.13039367 -0.00581669 0.97567918
1778055538.417068 0.250367 -0.020181 3.005678 0.17733098 0.12102187 -0.01394332 0.97658231
1778055538.567999 0.250367 -0.020181 3.005678 0.17973445 0.11013156 -0.01258547 0.97744983
1778055538.824259 0.250367 -0.020181 3.005678 0.18010274 0.09789984 -0.01862004 0.97858669
1778055539.110705 0.250367 -0.020181 3.005678 0.18122219 0.09099624 -0.02740140 0.97883981
1778055539.254778 0.250367 -0.020181 3.005678 0.18297717 0.08198282 -0.02445664 0.97938759
1778055539.602768 0.250367 -0.020181 3.005678 0.18237595 0.07040485 -0.03048095 0.98023114
1778055539.903939 0.250367 -0.020181 3.005678 0.18332076 0.05591212 -0.03948701 0.98066718
1778055540.587760 0.250367 -0.020181 3.005678 0.18237405 0.05050633 -0.04362218 0.98096173
1778055540.924759 0.250367 -0.020181 3.005678 0.18769177 0.02770389 -0.04959927 0.98058360
1778055541.115553 0.250367 -0.020181 3.005678 0.18859545 0.01604440 -0.05256460 0.98051583
1778055541.301336 0.250367 -0.020181 3.005678 0.19104127 -0.01221865 -0.05415912 0.98001058
1778055541.434017 0.250367 -0.020181 3.005678 0.18739226 -0.02728899 -0.05611504 0.98030126
1778055541.586856 0.250367 -0.020181 3.005678 0.19106448 -0.03827659 -0.06774842 0.97848833
1778055542.087192 0.250367 -0.020181 3.005678 0.19408600 -0.02781234 -0.07483898 0.97773014
1778055542.380711 0.250367 -0.020181 3.005678 0.19468720 -0.01664237 -0.05306937 0.97928727
1778055542.566423 0.250367 -0.020181 3.005678 0.19359981 -0.00486483 -0.06215465 0.97909767
1778055542.566423 0.250367 -0.020181 3.005678 0.19359981 -0.00486483 -0.06215465 0.97909767
1778055542.846627 0.250367 -0.020181 3.005678 0.19106924 0.01072050 -0.05313309 0.98007882
1778055543.126545 0.250367 -0.020181 3.005678 0.19200454 0.02103305 -0.03637101 0.98049427
1778055543.453580 0.250367 -0.020181 3.005678 0.18858697 0.03856594 -0.04025672 0.98047286
1778055544.156908 0.250367 -0.020181 3.005678 0.19163913 0.03464221 -0.04321409 0.97990148
1778055544.453812 0.250367 -0.020181 3.005678 0.19350595 0.01976113 -0.04750047 0.97974928
1778055544.877103 0.250367 -0.020181 3.005678 0.18884287 0.03155252 -0.04066492 0.98065752
1778055545.291898 0.250367 -0.020181 3.005678 0.18665000 0.04955250 -0.02927532 0.98073915
1778055545.433484 0.250367 -0.020181 3.005678 0.18379836 0.05855172 -0.02977560 0.98076668
1778055545.722195 0.250367 -0.020181 3.005678 0.18494480 0.06915757 -0.02308363 0.98004071
1778055546.012467 0.250367 -0.020181 3.005678 0.18223218 0.08335245 -0.02225371 0.97946341
1778055546.125686 0.250367 -0.020181 3.005678 0.18163145 0.09777825 -0.02026550 0.97828357
1778055546.286931 0.250367 -0.020181 3.005678 0.17990766 0.11448083 -0.01100970 0.97693713
1778055546.422648 0.250367 -0.020181 3.005678 0.18203779 0.12763951 -0.00252618 0.97496873
1778055546.549523 0.250367 -0.020181 3.005678 0.17914547 0.14588045 0.01003023 0.97289526
1778055546.718021 0.250367 -0.020181 3.005678 0.17758985 0.16470002 0.01978726 0.97002279
1778055546.827591 0.250367 -0.020181 3.005678 0.17819280 0.17346829 0.02370934 0.96829435
1778055546.827591 0.250367 -0.020181 3.005678 0.17819280 0.17346829 0.02370934 0.96829435
1778055547.037379 0.250367 -0.020181 3.005678 0.17884646 0.19280613 0.03559655 0.96414347
1778055547.628205 0.250367 -0.020181 3.005678 0.18134168 0.17707481 0.03764594 0.96661393
1778055547.889207 0.250367 -0.020181 3.005678 0.17825370 0.16641251 0.00966189 0.96976242
1778055548.204437 0.250367 -0.020182 3.005678 0.18045631 0.14756360 0.00898848 0.97240923
1778055548.449149 0.250367 -0.020182 3.005678 0.18125123 0.13245837 0.00250059 0.97447243
1778055548.740816 0.250367 -0.020182 3.005678 0.18164627 0.11864363 -0.01051854 0.97612380
1778055549.101107 0.250367 -0.020182 3.005678 0.18216965 0.13624139 0.00159902 0.97378126
1778055549.231617 0.250367 -0.020182 3.005678 0.17446666 0.13952151 0.01415219 0.97462549
1778055549.518887 0.250367 -0.020182 3.005678 0.18246158 0.15375477 0.02288976 0.97084669
1778055550.134557 0.250367 -0.020182 3.005678 0.17440764 0.13165338 0.00091888 0.97583222
1778055550.421662 0.250367 -0.020182 3.005678 0.17985633 0.11627129 -0.00632975 0.97677665
1778055550.682055 0.250367 -0.020182 3.005678 0.18358851 0.10071266 0.00197942 0.97782836
1778055551.072083 0.250367 -0.020182 3.005678 0.18467983 0.08291101 -0.02517353 0.97897161
1778055551.472930 0.250367 -0.020182 3.005678 0.18791847 0.09868989 -0.01333952 0.97712282
1778055551.731519 0.250367 -0.020182 3.005678 0.19055148 0.10918626 -0.00029917 0.97558618
1778055552.094498 0.250367 -0.020182 3.005678 0.17491503 0.13337251 0.00096314 0.97550786
1778055552.094498 0.250367 -0.020182 3.005678 0.17491503 0.13337251 0.00096314 0.97550786
1778055552.402431 0.250367 -0.020182 3.005678 0.17643865 0.15116290 0.00932577 0.97259046
1778055552.691040 0.250367 -0.020182 3.005678 0.17910283 0.16514417 0.01472269 0.96975916
1778055552.831652 0.250367 -0.020182 3.005678 0.18413411 0.16474143 0.02476568 0.96868031
1778055553.516439 0.250367 -0.020182 3.005678 0.18583292 0.17439954 0.02938834 0.96653363
1778055553.645804 0.250367 -0.020182 3.005678 0.18274308 0.18254824 0.03867001 0.96529049
1778055553.922533 0.250367 -0.020182 3.005678 0.16440856 0.19530230 0.06210111 0.96486802
1778055554.072924 0.250367 -0.020182 3.005678 0.16256131 0.19414231 0.08815007 0.96338577
1778055554.216418 0.250367 -0.020182 3.005678 0.16159576 0.19108545 0.09879107 0.96312693
1778055554.348508 0.250367 -0.020182 3.005678 0.14917471 0.18190176 0.12805952 0.96346220
1778055554.459873 0.250367 -0.020182 3.005678 0.15391085 0.15610754 0.09611654 0.97092919
1778055554.603479 0.250367 -0.020182 3.005678 0.15107350 0.18310043 0.09631417 0.96663055
1778055554.770594 0.250367 -0.020182 3.005678 0.15761322 0.20995942 0.10284134 0.95942627
1778055554.903517 0.250367 -0.020182 3.005678 0.16248231 0.25119020 0.09068163 0.94988411
1778055555.025130 0.250367 -0.020182 3.005678 0.16376003 0.43180825 0.14437459 0.87514585
1778055555.196922 0.250367 -0.020182 3.005678 0.16623638 0.49856439 0.15364293 0.83677528
1778055555.298539 0.250367 -0.020182 3.005678 0.17683037 0.52048035 0.21128992 0.80820035
1778055555.298539 0.250367 -0.020182 3.005678 0.17683037 0.52048035 0.21128992 0.80820035
1778055555.508031 0.250367 -0.020182 3.005678 0.18637341 0.56954086 0.21527783 0.77106655
1778055555.732541 0.250367 -0.020182 3.005678 0.20643196 0.68538085 0.24964771 0.65216176
1778055555.864618 0.250367 -0.020182 3.005678 0.20846515 0.75585358 0.24525525 0.57015569
1778055556.133717 0.250367 -0.020182 3.005678 0.17316325 0.79846594 0.21301786 0.53580782
1778055556.288640 0.250367 -0.020182 3.005678 0.17580109 0.82815687 0.21596198 0.48642635
1778055556.552917 0.250367 -0.020182 3.005678 0.13804362 0.87828606 0.19440324 0.41444534
1778055556.840418 0.250367 -0.020182 3.005678 0.13722141 0.90610226 0.20427951 0.34412042
1778055557.111648 0.250367 -0.020182 3.005678 0.13290084 0.92255713 0.19643447 0.30436691
1778055557.540004 0.250367 -0.020181 3.005678 0.11607117 0.93801549 0.19460225 0.26226778
1778055557.986985 0.250367 -0.020181 3.005678 0.12860002 0.92416678 0.20641804 0.29456646
1778055558.262118 0.250368 -0.020181 3.005678 0.12773838 0.91180105 0.20675799 0.33098774
1778055558.542124 0.250368 -0.020181 3.005678 0.14544995 0.89590701 0.20077825 0.36862315
1778055558.833037 0.250368 -0.020181 3.005678 0.15687407 0.86841628 0.19917552 0.42611360
1778055559.041156 0.250368 -0.020181 3.005678 0.18324378 0.82251855 0.20985108 0.49583009
1778055559.326679 0.250368 -0.020181 3.005678 0.17285812 0.79253262 0.19846624 0.55011206
1778055559.598337 0.250368 -0.020181 3.005678 0.20866918 0.71739127 0.21044778 0.63049082
1778055559.598337 0.250368 -0.020181 3.005678 0.20866918 0.71739127 0.21044778 0.63049082
1778055560.152478 0.250368 -0.020181 3.005678 0.19896543 0.67232009 0.20023650 0.68432726
1778055560.420439 0.250368 -0.020181 3.005678 0.21585058 0.62259397 0.20506775 0.72369364
1778055561.116508 0.250368 -0.020181 3.005678 0.19889487 0.58560194 0.18338578 0.76412097
1778055561.981805 0.250368 -0.020181 3.005678 0.20702269 0.65258313 0.19559835 0.70215252
1778055562.144279 0.250368 -0.020181 3.005678 0.21292162 0.71851359 0.20698560 0.62893526
1778055562.278932 0.250368 -0.020181 3.005678 0.19808880 0.80019063 0.21843787 0.52224581
1778055562.382651 0.250368 -0.020181 3.005678 0.17912167 0.85003157 0.22549483 0.44103723
1778055562.494902 0.250368 -0.020181 3.005678 0.16027605 0.87920753 0.21238921 0.39521707
1778055562.642101 0.250368 -0.020181 3.005678 0.12902541 0.92439545 0.19572747 0.30089244
1778055562.843287 0.250368 -0.020181 3.005678 0.10140356 0.95015133 0.19280884 0.22305722
1778055562.951764 0.250368 -0.020181 3.005678 0.09901258 0.96529127 0.19309609 0.14533817
1778055563.089313 0.250368 -0.020181 3.005678 0.08852120 0.97037038 0.18725279 0.12442557
1778055563.259007 0.250368 -0.020181 3.005678 0.08218878 0.97395195 0.18666586 0.09908814
1778055563.379416 0.250368 -0.020181 3.005678 0.07812174 0.97810108 0.18166595 0.06490571
1778055563.481261 0.250368 -0.020181 3.005678 0.07035040 0.97926081 0.18395924 0.04751941
1778055564.239666 0.250368 -0.020181 3.005678 0.06994408 0.97928304 0.18192705 0.05490988
1778055564.239666 0.250368 -0.020181 3.005678 0.06994408 0.97928304 0.18192705 0.05490988
1778055564.353744 0.250368 -0.020181 3.005678 0.06610420 0.98026093 0.18049043 0.04628120
1778055564.497747 0.250368 -0.020181 3.005678 0.06581579 0.98088420 0.17956091 0.03594916
1778055564.770091 0.250368 -0.020181 3.005678 0.05461673 0.98172093 0.18043794 0.02613758
1778055565.146275 0.250368 -0.020181 3.005678 0.05831806 0.98199590 0.17687865 0.03157513
1778055565.291449 0.250368 -0.020181 3.005678 0.06584547 0.98141213 0.17553690 0.04100485
1778055565.425761 0.250368 -0.020181 3.005678 0.07648946 0.97983043 0.17699096 0.05249655
1778055565.545480 0.250368 -0.020181 3.005678 0.08554740 0.97857816 0.17805885 0.05797828
1778055565.727442 0.250368 -0.020181 3.005678 0.08833555 0.97711300 0.18276352 0.06359646
1778055565.903378 0.250368 -0.020181 3.005678 0.09145690 0.97534137 0.18334243 0.08203901
1778055566.052639 0.250368 -0.020181 3.005678 0.09521078 0.97379151 0.18055749 0.10031949
1778055566.167746 0.250368 -0.020181 3.005678 0.09710954 0.96843543 0.18477123 0.13624294
1778055566.327395 0.250368 -0.020181 3.005678 0.11631284 0.96128238 0.19001654 0.16217653
1778055566.455562 0.250368 -0.020182 3.005678 0.11431464 0.96411176 0.18341458 0.15420688
1778055566.625896 0.250368 -0.020182 3.005678 0.13793484 0.94753567 0.19282522 0.21440283
1778055566.731461 0.250368 -0.020182 3.005678 0.13665439 0.94668063 0.19632090 0.21582279
1778055566.886824 0.250368 -0.020182 3.005678 0.15463124 0.92248863 0.19669411 0.29396486
1778055566.886824 0.250368 -0.020182 3.005678 0.15463124 0.92248863 0.19669411 0.29396486
1778055567.028120 0.250368 -0.020182 3.005678 0.15338345 0.91140621 0.19232555 0.32988349
1778055567.303434 0.250368 -0.020182 3.005678 0.16127565 0.89515874 0.19212805 0.36846684
1778055567.514285 0.250368 -0.020182 3.005678 0.14434085 0.88431011 0.18840078 0.40207773
1778055567.796417 0.250368 -0.020182 3.005678 0.17744840 0.85217200 0.20382115 0.44807576
1778055568.101500 0.250368 -0.020182 3.005678 0.18777447 0.82405740 0.20178976 0.49492529
1778055568.355796 0.250368 -0.020182 3.005678 0.20277423 0.79234913 0.19945044 0.53970825
1778055569.015495 0.250368 -0.020182 3.005678 0.20750639 0.72427961 0.20272157 0.62551108
1778055569.169880 0.250368 -0.020182 3.005678 0.20313104 0.68653039 0.18902037 0.67207523
1778055569.286302 0.250368 -0.020182 3.005678 0.19549215 0.63633495 0.17551613 0.72529631
1778055569.404737 0.250368 -0.020182 3.005678 0.18534310 0.58100989 0.15168596 0.77786041
1778055569.554506 0.250368 -0.020182 3.005678 0.17537226 0.54351552 0.13608312 0.80951642
1778055569.744631 0.250368 -0.020182 3.005678 0.17872883 0.50496600 0.13341700 0.83382567
1778055569.860656 0.250368 -0.020182 3.005678 0.17929311 0.42312696 0.12609670 0.87915708
1778055570.347897 0.250368 -0.020182 3.005678 0.19540502 0.44476992 0.12286908 0.86538996
1778055570.551341 0.250368 -0.020182 3.005678 0.19045120 0.41095412 0.11159547 0.88452898
1778055570.693956 0.250368 -0.020182 3.005678 0.18643857 0.36176742 0.09098648 0.90889298
1778055570.693956 0.250368 -0.020182 3.005678 0.18643857 0.36176742 0.09098648 0.90889298
1778055571.080151 0.250368 -0.020182 3.005678 0.18284996 0.35909149 0.09199893 0.91057970
1778055571.250909 0.250368 -0.020182 3.005678 0.18156684 0.36809373 0.08933866 0.90750157
1778055571.368582 0.250368 -0.020182 3.005678 0.18196070 0.41391467 0.10266277 0.88601654
1778055571.505876 0.250368 -0.020182 3.005678 0.18723326 0.42565280 0.11527305 0.87776735
1778055571.796029 0.250368 -0.020182 3.005678 0.18694546 0.44392134 0.11476647 0.86880026
1778055571.919239 0.250368 -0.020182 3.005678 0.18747280 0.48384953 0.11892100 0.84652311
1778055572.080020 0.250368 -0.020182 3.005678 0.18658096 0.52495674 0.13461981 0.81944217
1778055572.232801 0.250368 -0.020182 3.005678 0.20129115 0.57351554 0.16113585 0.77755839
1778055572.372537 0.250368 -0.020182 3.005678 0.19367080 0.64123979 0.16378553 0.72420815
1778055572.490272 0.250368 -0.020182 3.005678 0.18441875 0.71808912 0.17806221 0.64701746
1778055572.640248 0.250368 -0.020182 3.005678 0.18706643 0.76908581 0.18753438 0.58167347
1778055572.788206 0.250368 -0.020181 3.005678 0.19924056 0.80305729 0.20071693 0.52451397
1778055573.070324 0.250368 -0.020181 3.005678 0.17017577 0.86537480 0.19346499 0.42981153
1778055573.763513 0.250368 -0.020182 3.005678 0.17803657 0.84475984 0.20454088 0.46135325
1778055574.261341 0.250369 -0.020181 3.005678 0.19748243 0.84466571 0.19359650 0.45832403
1778055574.960610 0.250369 -0.020181 3.005678 0.18097828 0.78654827 0.18451852 0.56084008
1778055574.960610 0.250369 -0.020181 3.005678 0.18097828 0.78654827 0.18451852 0.56084008
1778055575.362510 0.250369 -0.020181 3.005678 0.20747399 0.80485979 0.19231075 0.52170090
1778055575.642723 0.250369 -0.020181 3.005678 0.19339091 0.83168813 0.19783028 0.48141249
1778055575.949412 0.250369 -0.020181 3.005678 0.20572823 0.84594488 0.19700593 0.45082350
1778055576.210809 0.250369 -0.020181 3.005678 0.17949371 0.87045840 0.18878696 0.41766454
1778055576.482200 0.250369 -0.020181 3.005678 0.16969733 0.88461371 0.18639102 0.39232614
1778055576.780156 0.250369 -0.020181 3.005678 0.17756769 0.88148814 0.18406349 0.39694962
1778055577.055347 0.250369 -0.020181 3.005678 0.16702891 0.87939547 0.18424910 0.40597686
1778055577.286613 0.250369 -0.020181 3.005678 0.15890787 0.88604819 0.17999584 0.39657079
1778055577.505278 0.250369 -0.020181 3.005678 0.17186238 0.87727868 0.18331999 0.40894893
1778055578.328654 0.250369 -0.020181 3.005678 0.17997317 0.87343354 0.17328411 0.41796666
1778055578.572437 0.250369 -0.020181 3.005678 0.16761214 0.88568287 0.17368461 0.39661780
1778055578.867028 0.250369 -0.020181 3.005678 0.20462091 0.85353655 0.19686302 0.43686450
1778055579.277130 0.250369 -0.020181 3.005678 0.19557089 0.81080360 0.19123145 0.51747472
1778055579.634408 0.250369 -0.020181 3.005678 0.18246732 0.81144170 0.17516585 0.52686333
1778055579.942950 0.250369 -0.020181 3.005678 0.18984829 0.86613704 0.17806837 0.42668011
1778055580.187427 0.250369 -0.020181 3.005678 0.13868864 0.90607971 0.17640595 0.35870037
1778055580.187427 0.250369 -0.020181 3.005678 0.13868864 0.90607971 0.17640595 0.35870037
1778055580.469815 0.250369 -0.020181 3.005678 0.14327416 0.92116372 0.18279741 0.31227396
1778055580.761962 0.250370 -0.020181 3.005677 0.15462773 0.93417447 0.17957390 0.26676121
1778055581.059456 0.250370 -0.020181 3.005677 0.12006145 0.94757697 0.17548991 0.23850875
1778055581.330704 0.250370 -0.020181 3.005677 0.10268548 0.95595342 0.17542257 0.21174434
1778055581.594006 0.250370 -0.020181 3.005677 0.10372697 0.96242923 0.17239367 0.18234887
1778055583.060684 0.250370 -0.020181 3.005677 0.10085651 0.96603959 0.17308028 0.16321361
1778055583.556265 0.250370 -0.020181 3.005677 0.09788951 0.96050187 0.17003148 0.19734006
1778055584.110700 0.250370 -0.020181 3.005677 0.10040346 0.96572304 0.16829261 0.17022265
1778055584.391817 0.250370 -0.020181 3.005677 0.08214020 0.97038376 0.16868895 0.15215907
1778055584.693169 0.250370 -0.020181 3.005677 0.08434324 0.97405319 0.16751664 0.12666794
1778055584.957966 0.250370 -0.020181 3.005677 0.07609398 0.97727171 0.17107014 0.09942190
1778055585.109471 0.250370 -0.020181 3.005677 0.06239474 0.98004583 0.16860256 0.08479529
1778055585.240217 0.250370 -0.020181 3.005677 0.06675265 0.98123241 0.16755557 0.06820691
1778055585.377690 0.250370 -0.020181 3.005677 0.06597056 0.98277383 0.16394405 0.05409087
1778055585.529644 0.250370 -0.020181 3.005677 0.05227419 0.98426470 0.16458417 0.03744933
1778055585.686605 0.250370 -0.020181 3.005677 0.04232151 0.98574373 0.16159564 0.02012574
1778055585.686605 0.250370 -0.020181 3.005677 0.04232151 0.98574373 0.16159564 0.02012574
1778055585.794026 0.250370 -0.020181 3.005677 0.04274488 0.98552770 0.16377997 0.00917372
1778055586.084072 0.250370 -0.020181 3.005677 0.04206063 0.98612967 0.16003354 -0.01297874
1778055586.420452 0.250370 -0.020181 3.005677 0.02952779 0.98612063 0.16088996 -0.02843634
1778055586.718535 0.250370 -0.020181 3.005677 0.03345006 0.98596797 0.15790123 -0.04260818
1778055587.124965 0.250370 -0.020181 3.005677 0.02175785 0.98547306 0.15822288 -0.05774922
1778055587.642599 0.250370 -0.020181 3.005677 0.00738465 0.98405272 0.15936729 -0.07866242
1778055588.046124 0.250370 -0.020181 3.005677 0.01259108 0.98311358 0.15744804 -0.09240819
1778055588.339899 0.250370 -0.020181 3.005677 0.00384315 0.98328330 0.16104357 -0.08487727
1778055588.615314 0.250370 -0.020181 3.005677 0.01115152 0.98424560 0.15994359 -0.07452716
1778055588.891701 0.250370 -0.020181 3.005677 0.00509210 0.98464253 0.16345870 -0.06110991
1778055589.162005 0.250370 -0.020181 3.005677 0.02499877 0.98583526 0.15953540 -0.04530295
1778055589.561200 0.250370 -0.020181 3.005677 0.02488931 0.98621379 0.16086128 -0.02977468
1778055590.107870 0.250370 -0.020181 3.005677 0.03329431 0.98643806 0.16068479 -0.00344084
1778055590.524745 0.250370 -0.020181 3.005677 0.04440253 0.98625356 0.15854645 0.01397709
1778055591.068987 0.250370 -0.020181 3.005677 0.04225650 0.98667742 0.15678436 -0.01003627
1778055591.563909 0.250370 -0.020181 3.005677 0.03730965 0.98619660 0.15795199 -0.03279381
1778055591.563909 0.250370 -0.020181 3.005677 0.03730965 0.98619660 0.15795199 -0.03279382
1778055591.834316 0.250370 -0.020181 3.005677 0.02805685 0.98550605 0.16098543 -0.04554486
1778055592.111397 0.250370 -0.020181 3.005677 0.02258447 0.98510411 0.15977820 -0.05942027
1778055592.401130 0.250370 -0.020181 3.005677 0.01115050 0.98406671 0.16129650 -0.07397176
1778055592.665261 0.250370 -0.020181 3.005677 0.00867060 0.98244312 0.16295265 -0.09042546
1778055592.956398 0.250370 -0.020181 3.005677 0.00722212 0.98205673 0.15546005 -0.10651097
1778055593.229557 0.250370 -0.020181 3.005677 -0.00826044 0.98025710 0.15871857 -0.11762738
1778055593.519441 0.250370 -0.020181 3.005677 -0.00292796 0.97910573 0.15719801 -0.12896581
1778055593.987332 0.250370 -0.020181 3.005677 -0.00123910 0.98007989 0.16155426 -0.11550799
1778055594.282295 0.250370 -0.020181 3.005677 0.00099780 0.98170276 0.16084437 -0.10192048
1778055594.589306 0.250370 -0.020181 3.005677 0.00136402 0.98270390 0.16332653 -0.08726756
1778055595.156633 0.250370 -0.020181 3.005677 0.02480894 0.98424231 0.15752728 -0.07639863
1778055595.503308 0.250370 -0.020181 3.005677 0.01880026 0.98551656 0.15852622 -0.05721099
1778055595.761136 0.250370 -0.020181 3.005677 0.03090082 0.98620672 0.15621641 -0.04514291
1778055596.137666 0.250370 -0.020181 3.005677 0.02186659 0.98502463 0.16108973 -0.05743197
1778055596.543693 0.250370 -0.020181 3.005677 0.01643360 0.98415834 0.16022234 -0.07410190
1778055596.841280 0.250370 -0.020181 3.005677 0.01080007 0.98276919 0.16412763 -0.08432205
1778055596.841280 0.250370 -0.020181 3.005677 0.01080007 0.98276919 0.16412763 -0.08432205
1778055597.116276 0.250370 -0.020181 3.005677 0.00811139 0.98257013 0.15766086 -0.09814886
1778055597.995258 0.250370 -0.020181 3.005677 0.01043360 0.98193708 0.17054529 -0.08127129
1778055598.262678 0.250370 -0.020181 3.005677 -0.00267354 0.98446981 0.16413254 -0.06222994
1778055598.679626 0.250370 -0.020181 3.005677 0.00586159 0.98483041 0.15531432 -0.07715027
1778055599.046984 0.250370 -0.020181 3.005677 -0.00992694 0.98340510 0.15625359 -0.09165523
1778055599.386818 0.250370 -0.020181 3.005677 -0.00302459 0.98274927 0.15123951 -0.10640181
1778055600.226276 0.250370 -0.020181 3.005677 -0.00772815 0.98266622 0.16335014 -0.08731612
1778055600.542885 0.250370 -0.020181 3.005677 0.00175239 0.98407366 0.16202735 -0.07309656
1778055600.804488 0.250370 -0.020181 3.005677 0.01743006 0.98602337 0.15541709 -0.05744248
1778055601.028983 0.250370 -0.020181 3.005677 0.01755407 0.98645878 0.15849434 -0.03834674
1778055601.297037 0.250370 -0.020181 3.005677 0.02481062 0.98728813 0.15613198 -0.01641319
1778055601.596872 0.250370 -0.020181 3.005677 0.02875545 0.98692184 0.15860476 0.00171340
1778055601.870293 0.250370 -0.020181 3.005677 0.03749159 0.98663647 0.15782011 0.01535155
1778055602.405218 0.250370 -0.020181 3.005677 0.04065484 0.98559897 0.15763023 0.04576643
1778055602.709250 0.250370 -0.020181 3.005677 0.04476865 0.98306511 0.15932731 0.07869921
1778055602.969888 0.250370 -0.020181 3.005677 0.04722233 0.98001675 0.16374696 0.10258730
1778055602.969888 0.250370 -0.020181 3.005677 0.04722233 0.98001675 0.16374696 0.10258729
1778055603.194396 0.250370 -0.020181 3.005677 0.08026804 0.97303536 0.17271931 0.13010486
1778055604.146743 0.250370 -0.020181 3.005677 0.06383150 0.98002250 0.15606543 0.10547519
1778055604.562053 0.250370 -0.020181 3.005677 0.06056735 0.98314727 0.15677671 0.07193123
1778055605.064149 0.250370 -0.020181 3.005677 0.05874636 0.98433438 0.16304111 0.03243912
1778055605.503113 0.250370 -0.020181 3.005677 0.03157061 0.98781182 0.15114243 0.01967425
1778055605.870722 0.250370 -0.020181 3.005677 0.04294862 0.98818106 0.14708630 0.00438424
1778055606.096032 0.250370 -0.020181 3.005677 0.03124064 0.98688244 0.15835236 -0.00340602
1778055607.250057 0.250370 -0.020181 3.005677 0.02493647 0.98672815 0.15859280 -0.02437323
1778055607.599480 0.250370 -0.020181 3.005677 0.03113946 0.98664255 0.15625895 -0.03391102
1778055607.873027 0.250370 -0.020181 3.005676 0.01545655 0.98638428 0.15926794 -0.03795884
1778055608.161267 0.250370 -0.020181 3.005676 0.01526304 0.98579184 0.15956776 -0.05019574
1778055608.974726 0.250370 -0.020181 3.005676 0.00610628 0.98597814 0.16270258 -0.03657449
1778055609.988942 0.250370 -0.020181 3.005676 0.00625619 0.98465134 0.16439619 -0.05827950
1778055610.090611 0.250370 -0.020181 3.005676 0.00159750 0.98416607 0.16388884 -0.06749110
1778055610.310297 0.250370 -0.020181 3.005676 0.00687981 0.98222767 0.16110635 -0.09605323
1778055610.460732 0.250370 -0.020181 3.005676 0.00046601 0.98101451 0.16150035 -0.10736831
1778055610.460732 0.250370 -0.020181 3.005676 0.00046601 0.98101451 0.16150035 -0.10736831
1778055610.600501 0.250370 -0.020181 3.005676 0.00392361 0.97825250 0.16680836 -0.12321377
1778055610.936077 0.250370 -0.020181 3.005676 -0.00787828 0.97656393 0.16314008 -0.14016470
1778055611.222734 0.250370 -0.020181 3.005676 -0.03090747 0.97458318 0.16233207 -0.15126353
1778055611.536242 0.250370 -0.020181 3.005676 -0.03063169 0.97291562 0.16027928 -0.16372980
1778055611.726483 0.250370 -0.020181 3.005676 -0.03055038 0.97063621 0.14926233 -0.18615259
1778055612.052640 0.250370 -0.020181 3.005676 -0.03348238 0.97130866 0.15642461 -0.17598227
1778055612.428476 0.250370 -0.020181 3.005676 -0.02347764 0.97569762 0.15734775 -0.15068056
1778055612.696633 0.250370 -0.020181 3.005676 -0.01211957 0.97729596 0.16387736 -0.13375323
1778055612.957264 0.250370 -0.020181 3.005676 -0.01152197 0.98009889 0.16290752 -0.11284751
1778055613.264184 0.250370 -0.020181 3.005676 -0.01197314 0.98275106 0.16170001 -0.08893880
1778055613.539247 0.250370 -0.020181 3.005676 0.01234365 0.98497626 0.15770819 -0.06926415
1778055614.148208 0.250370 -0.020181 3.005676 0.01324297 0.98597121 0.15971684 -0.04664693
1778055614.854082 0.250370 -0.020181 3.005676 0.02261281 0.98698649 0.15738849 -0.02398298
1778055615.271101 0.250370 -0.020181 3.005676 0.03508204 0.98665595 0.15888736 -0.00583947
1778055616.389805 0.250370 -0.020181 3.005676 0.03400225 0.98737270 0.15448663 0.00853652
1778055617.097552 0.250370 -0.020181 3.005676 0.04152979 0.98522263 0.16219246 0.03612819
1778055617.097552 0.250370 -0.020181 3.005676 0.04152979 0.98522263 0.16219246 0.03612819
1778055617.373810 0.250370 -0.020181 3.005676 0.03704160 0.98463611 0.16340905 0.04916437
1778055617.651732 0.250370 -0.020181 3.005676 0.05568159 0.98234075 0.16384016 0.07115207
1778055617.904838 0.250370 -0.020181 3.005676 0.06031174 0.98116786 0.15936259 0.09097086
1778055618.163229 0.250370 -0.020181 3.005676 0.05602279 0.97928973 0.15679595 0.11518724
1778055618.445249 0.250370 -0.020181 3.005676 0.08686264 0.97249746 0.15930600 0.14603141
1778055618.673839 0.250370 -0.020181 3.005676 0.07757735 0.96878912 0.16475658 0.16818045
1778055618.912891 0.250370 -0.020181 3.005676 0.10147937 0.95997105 0.16739470 0.20034103
1778055619.193300 0.250370 -0.020181 3.005676 0.10246320 0.95069680 0.16524638 0.24159990
1778055619.475389 0.250370 -0.020181 3.005676 0.11502075 0.93568460 0.16930162 0.28740480
1778055619.746957 0.250371 -0.020181 3.005676 0.11979826 0.91891006 0.16800646 0.33619415
1778055620.035889 0.250371 -0.020181 3.005676 0.14069547 0.88846491 0.17184978 0.40162489
1778055620.529450 0.250371 -0.020181 3.005676 0.12884554 0.91385609 0.17605875 0.34244589
1778055620.941560 0.250371 -0.020181 3.005676 0.11156495 0.93621455 0.16748517 0.28810467
1778055621.935997 0.250371 -0.020181 3.005676 0.13368844 0.90324304 0.17486694 0.36837611
1778055622.085488 0.250371 -0.020181 3.005676 0.14252540 0.88358382 0.16978244 0.41248038
1778055622.229593 0.250371 -0.020181 3.005676 0.14995574 0.84037501 0.16567531 0.49379633
1778055622.229593 0.250371 -0.020181 3.005676 0.14995574 0.84037501 0.16567531 0.49379633
1778055622.364470 0.250371 -0.020181 3.005676 0.16538392 0.79406298 0.16601482 0.56084866
1778055622.506245 0.250371 -0.020181 3.005676 0.18474013 0.73949424 0.18086881 0.62153505
1778055622.622655 0.250371 -0.020181 3.005676 0.18235801 0.67127875 0.17384077 0.69707229
1778055622.771046 0.250371 -0.020181 3.005676 0.18778208 0.61636367 0.16695790 0.74629671
1778055622.919505 0.250371 -0.020181 3.005676 0.18730384 0.56098517 0.13987768 0.79413295
1778055623.066526 0.250371 -0.020181 3.005676 0.17875828 0.52300601 0.12342160 0.82418280
1778055623.355502 0.250371 -0.020181 3.005676 0.14980660 0.47443531 0.07087784 0.86454928
1778055623.491676 0.250371 -0.020181 3.005676 0.14899667 0.50205945 0.08352213 0.84779735
1778055623.599843 0.250371 -0.020181 3.005676 0.14704224 0.53962849 0.08854658 0.82422034
1778055623.753495 0.250371 -0.020181 3.005676 0.15764357 0.58019463 0.11749820 0.79039033
1778055623.900779 0.250371 -0.020181 3.005676 0.16385391 0.62821249 0.12340516 0.75051458
1778055624.017729 0.250371 -0.020181 3.005676 0.18073211 0.66367980 0.14391991 0.71144367
1778055624.268120 0.250371 -0.020181 3.005676 0.16995063 0.70132651 0.13468151 0.67905729
1778055624.522223 0.250371 -0.020181 3.005676 0.16956094 0.74999598 0.14566372 0.62252486
1778055624.972616 0.250371 -0.020181 3.005676 0.17638575 0.80378960 0.15805783 0.54573627
1778055625.222415 0.250371 -0.020181 3.005676 0.15141564 0.84621076 0.15710427 0.48612642
1778055625.222415 0.250371 -0.020181 3.005676 0.15141564 0.84621076 0.15710427 0.48612642
1778055625.669460 0.250371 -0.020181 3.005676 0.16138963 0.87748182 0.15826198 0.42300377
1778055625.917202 0.250371 -0.020181 3.005676 0.14500757 0.89624927 0.16316132 0.38611973
1778055626.199290 0.250371 -0.020181 3.005676 0.15229105 0.90738389 0.16575132 0.35494846
1778055626.828236 0.250371 -0.020181 3.005676 0.15619063 0.88019470 0.16841603 0.41532856
1778055627.111535 0.250371 -0.020181 3.005676 0.14824064 0.85517178 0.16125002 0.46979183
1778055627.410340 0.250371 -0.020181 3.005676 0.16802704 0.82000689 0.16475371 0.52173924
1778055627.661186 0.250371 -0.020181 3.005676 0.16638701 0.78016516 0.15567239 0.58260089
1778055627.887762 0.250371 -0.020181 3.005676 0.17091705 0.74430406 0.15104324 0.62768207
1778055628.158965 0.250371 -0.020181 3.005676 0.19331234 0.67491679 0.15782849 0.69441187
1778055628.462058 0.250371 -0.020181 3.005676 0.18223248 0.62131112 0.13958042 0.74918697
1778055628.727347 0.250371 -0.020181 3.005676 0.18432172 0.57680043 0.13116136 0.78493532
1778055629.002915 0.250371 -0.020181 3.005676 0.17869447 0.53919563 0.12131097 0.81401475
1778055629.290940 0.250371 -0.020181 3.005676 0.17842736 0.49365995 0.10376776 0.84480518
1778055629.579590 0.250371 -0.020181 3.005676 0.18954914 0.44508966 0.09968091 0.86949987
1778055630.292192 0.250371 -0.020181 3.005676 0.16824437 0.49363898 0.10311870 0.84698343
1778055630.509774 0.250371 -0.020181 3.005676 0.18428980 0.53686010 0.13281690 0.81251350
1778055630.509774 0.250371 -0.020181 3.005676 0.18428980 0.53686010 0.13281690 0.81251350
1778055630.742474 0.250371 -0.020181 3.005676 0.18887681 0.58010149 0.14676059 0.77863286
1778055630.885831 0.250371 -0.020181 3.005676 0.18488352 0.62368605 0.15432231 0.74365208
1778055631.027828 0.250371 -0.020181 3.005676 0.17564710 0.67058743 0.14845091 0.70528216
1778055631.162839 0.250371 -0.020181 3.005676 0.17458007 0.71438239 0.15697094 0.65919627
1778055631.307747 0.250371 -0.020181 3.005676 0.17405289 0.75950958 0.16338971 0.60510709
1778055631.605771 0.250371 -0.020181 3.005676 0.15187400 0.83854035 0.16392294 0.49690406
1778055631.722339 0.250371 -0.020181 3.005676 0.14873398 0.85682055 0.17071099 0.46324347
1778055632.019504 0.250371 -0.020181 3.005676 0.15699729 0.88147696 0.16754253 0.41264964
1778055632.306234 0.250371 -0.020181 3.005676 0.14030832 0.89287508 0.16761428 0.39369166
1778055632.579015 0.250371 -0.020181 3.005676 0.13753340 0.90619013 0.17319766 0.36042554
1778055632.859450 0.250371 -0.020181 3.005676 0.14770401 0.91101876 0.15373387 0.35297911
1778055633.164820 0.250371 -0.020181 3.005676 0.13944206 0.91090855 0.15721594 0.35508403
1778055633.751401 0.250371 -0.020181 3.005676 0.15540242 0.83485185 0.16820277 0.50057996
1778055633.985598 0.250371 -0.020181 3.005676 0.15749470 0.77622377 0.17153854 0.58587251
1778055634.129793 0.250371 -0.020181 3.005676 0.16469040 0.73082827 0.17509711 0.63883341
1778055634.260702 0.250371 -0.020181 3.005676 0.16545460 0.68863135 0.15808868 0.68805494
1778055634.260702 0.250371 -0.020181 3.005676 0.16545460 0.68863135 0.15808868 0.68805494
1778055634.389588 0.250371 -0.020181 3.005676 0.16537241 0.66165763 0.14746771 0.71632005
1778055634.665274 0.250371 -0.020181 3.005676 0.17162057 0.62885301 0.14601323 0.74415752
1778055634.942786 0.250371 -0.020181 3.005676 0.16618366 0.60633495 0.13647054 0.76558259
1778055635.226127 0.250371 -0.020181 3.005676 0.17507323 0.57929492 0.14252277 0.78323306
1778055635.512610 0.250371 -0.020181 3.005676 0.18973267 0.55256701 0.14558553 0.79842098
1778055635.793408 0.250371 -0.020181 3.005676 0.18070219 0.54732036 0.12235982 0.80796981
1778055636.066174 0.250371 -0.020181 3.005676 0.20203209 0.51617586 0.14207994 0.82009683
1778055636.342569 0.250371 -0.020181 3.005676 0.18702909 0.54547688 0.13661012 0.80548915
1778055636.626886 0.250371 -0.020181 3.005676 0.19071415 0.56831818 0.14576781 0.78701608
1778055637.204770 0.250371 -0.020181 3.005676 0.18400991 0.60080661 0.14465397 0.76436051
1778055637.478825 0.250371 -0.020181 3.005676 0.16340135 0.65446113 0.13153220 0.72641579
1778055637.623186 0.250371 -0.020181 3.005676 0.14986977 0.67281231 0.12120606 0.71426307
1778055637.751340 0.250371 -0.020181 3.005676 0.16840776 0.70508839 0.14885494 0.67255587
1778055637.892220 0.250371 -0.020181 3.005676 0.17419764 0.73353711 0.16446079 0.63602762
1778055638.025821 0.250371 -0.020181 3.005676 0.16687841 0.77544038 0.17672896 0.58276126
1778055638.167258 0.250371 -0.020181 3.005676 0.16112491 0.81224618 0.17801741 0.53160579
1778055638.167258 0.250371 -0.020181 3.005676 0.16112491 0.81224618 0.17801741 0.53160579
1778055638.306043 0.250371 -0.020181 3.005676 0.16715652 0.83413093 0.17817626 0.49450734
1778055638.442136 0.250371 -0.020181 3.005676 0.15981808 0.85090483 0.17514207 0.46876904
1778055638.589329 0.250371 -0.020181 3.005676 0.15176797 0.86605210 0.17338085 0.44368831
1778055638.865031 0.250371 -0.020181 3.005676 0.14207026 0.88448380 0.16983534 0.41068286
1778055639.300220 0.250371 -0.020181 3.005676 0.14536256 0.89463048 0.17472837 0.38467653
1778055641.257493 0.250371 -0.020181 3.005676 0.13695834 0.89510916 0.16765618 0.38976070
1778055641.395087 0.250371 -0.020181 3.005676 0.14603559 0.88049917 0.16943849 0.41795384
1778055641.533887 0.250371 -0.020181 3.005676 0.14971298 0.86328817 0.16842033 0.45161283
1778055641.672452 0.250371 -0.020181 3.005676 0.15663742 0.84025476 0.16876632 0.49087125
1778055641.805420 0.250371 -0.020181 3.005676 0.17580854 0.81224322 0.17510954 0.52790999
1778055641.945152 0.250371 -0.020181 3.005676 0.19423748 0.77934495 0.18718336 0.56555781
1778055642.086907 0.250371 -0.020181 3.005676 0.18852114 0.75832954 0.18540524 0.59583638
1778055642.228594 0.250371 -0.020181 3.005676 0.18943357 0.73249433 0.17840871 0.62907656
1778055642.366773 0.250371 -0.020181 3.005676 0.18860616 0.70679256 0.17063933 0.66011681
1778055642.650123 0.250371 -0.020181 3.005676 0.18287181 0.67415709 0.16179150 0.69706070
1778055643.211899 0.250371 -0.020181 3.005676 0.17004749 0.68577152 0.15275292 0.69099046
1778055643.211899 0.250371 -0.020181 3.005676 0.17004749 0.68577152 0.15275292 0.69099046
1778055643.481001 0.250371 -0.020181 3.005676 0.18515922 0.70432049 0.16441773 0.66529356
1778055643.766641 0.250371 -0.020181 3.005676 0.18609223 0.73264589 0.16897350 0.63249319
1778055644.193044 0.250371 -0.020181 3.005676 0.18830271 0.75586107 0.17110209 0.60327456
1778055644.616231 0.250371 -0.020181 3.005676 0.16559335 0.78541984 0.17201412 0.57105662
1778055644.897004 0.250371 -0.020181 3.005676 0.18022329 0.80083963 0.17510413 0.54361199
1778055645.168520 0.250371 -0.020181 3.005676 0.17124626 0.82359498 0.16832661 0.51384063
1778055645.587566 0.250371 -0.020181 3.005676 0.17632719 0.84461422 0.17618432 0.47380863
1778055646.295233 0.250371 -0.020181 3.005676 0.14521246 0.86492025 0.17464848 0.44757593
1778055646.568835 0.250371 -0.020181 3.005676 0.13620545 0.89072810 0.17418615 0.39712808
1778055646.849910 0.250371 -0.020181 3.005676 0.11897045 0.91054579 0.17253900 0.35634630
1778055647.824945 0.250371 -0.020181 3.005676 0.13366907 0.89653420 0.17324666 0.38515530
1778055648.810424 0.250371 -0.020181 3.005676 0.15561884 0.87415450 0.18006428 0.42333620
1778055649.657432 0.250371 -0.020181 3.005676 0.14138323 0.88785636 0.17593970 0.40095771
1778055650.083750 0.250371 -0.020181 3.005676 0.14186603 0.90297294 0.17584243 0.36550422
1778055650.497556 0.250371 -0.020181 3.005676 0.14547422 0.89043587 0.17846272 0.39257136
1778055650.910278 0.250371 -0.020181 3.005676 0.13249037 0.87141632 0.16888669 0.44108638
1778055650.910278 0.250371 -0.020181 3.005676 0.13249037 0.87141632 0.16888669 0.44108638
1778055651.196077 0.250371 -0.020181 3.005676 0.16482728 0.84448003 0.17717052 0.47780337
1778055651.480589 0.250371 -0.020181 3.005676 0.15112582 0.82256335 0.16764057 0.52196471
1778055652.182113 0.250371 -0.020181 3.005676 0.14955795 0.82416008 0.17686526 0.51682809
1778055652.731555 0.250371 -0.020181 3.005676 0.16579993 0.80700430 0.17800921 0.53811445
1778055653.591702 0.250371 -0.020181 3.005676 0.15277879 0.85469479 0.18153701 0.46173560
1778055654.696623 0.250371 -0.020181 3.005676 0.13910478 0.88488933 0.18397878 0.40468821
1778055655.264229 0.250371 -0.020181 3.005676 0.11252547 0.91591233 0.17718111 0.34212495
1778055655.398246 0.250371 -0.020181 3.005676 0.11446954 0.93281970 0.17981348 0.29053614
1778055655.542024 0.250371 -0.020181 3.005676 0.10224566 0.95021538 0.17914453 0.23354613
1778055655.673201 0.250371 -0.020181 3.005676 0.08544490 0.96298321 0.17647417 0.18498480
1778055655.805763 0.250371 -0.020181 3.005676 0.06388914 0.97466638 0.16684037 0.13456567
1778055655.948511 0.250371 -0.020181 3.005676 0.03796728 0.98459011 0.15968014 0.06035778
1778055656.087566 0.250371 -0.020181 3.005676 0.03306256 0.98599584 0.16097371 0.02839958
1778055656.228017 0.250371 -0.020181 3.005676 0.02844939 0.98600547 0.16424594 -0.00266819
1778055656.368531 0.250371 -0.020181 3.005676 0.01466563 0.98619543 0.16178931 -0.03205784
1778055656.510915 0.250371 -0.020181 3.005676 -0.00053295 0.98505238 0.16190425 -0.05880940
1778055656.510915 0.250371 -0.020181 3.005676 -0.00053295 0.98505238 0.16190426 -0.05880940
1778055656.789679 0.250371 -0.020181 3.005676 0.00040300 0.98472589 0.15952545 -0.06975946
1778055657.080947 0.250371 -0.020181 3.005676 0.00046962 0.98385309 0.15916843 -0.08184309
1778055657.508275 0.250371 -0.020181 3.005676 -0.00160584 0.98252493 0.16154440 -0.09244239
1778055657.773944 0.250371 -0.020181 3.005676 0.00259471 0.98295266 0.15744050 -0.09492012
1778055658.047495 0.250371 -0.020181 3.005676 -0.01711004 0.98165819 0.15934083 -0.10327121
1778055658.470371 0.250371 -0.020181 3.005676 -0.01114518 0.98260839 0.16040310 -0.09288371
1778055658.746773 0.250371 -0.020181 3.005676 -0.00690247 0.98383725 0.15995605 -0.08019156
1778055658.899121 0.250371 -0.020181 3.005676 -0.00273184 0.98482874 0.16054334 -0.06580829
1778055659.322481 0.250371 -0.020181 3.005676 0.00832620 0.98580025 0.15905078 -0.05321088
1778055659.456264 0.250371 -0.020181 3.005676 0.02020756 0.98599997 0.15870218 -0.04700359
1778055659.588984 0.250371 -0.020181 3.005676 0.02362782 0.98609974 0.16062393 -0.03534097
1778055659.729409 0.250371 -0.020181 3.005676 0.02009324 0.98626191 0.16186890 -0.02611825
1778055659.864827 0.250371 -0.020181 3.005676 0.01396894 0.98691246 0.16044081 -0.00821053
1778055660.010756 0.250371 -0.020181 3.005676 0.03120129 0.98595685 0.16379043 0.00939500
1778055660.151537 0.250371 -0.020181 3.005676 0.04012798 0.98545720 0.16292897 0.02679571
1778055660.287936 0.250371 -0.020181 3.005676 0.04795959 0.98496872 0.16365656 0.02744134
1778055660.287936 0.250371 -0.020181 3.005676 0.04795959 0.98496872 0.16365656 0.02744134
1778055660.587114 0.250371 -0.020181 3.005676 0.03593172 0.98401823 0.16098027 0.06709986
1778055660.862034 0.250371 -0.020181 3.005676 0.06810724 0.98061512 0.15793973 0.09386390
1778055661.277512 0.250371 -0.020181 3.005676 0.05267640 0.97556785 0.15554737 0.14593694
1778055661.552180 0.250371 -0.020181 3.005676 0.09392732 0.96787637 0.15665388 0.17277892
1778055661.834338 0.250371 -0.020181 3.005676 0.09397991 0.95953021 0.15972486 0.21203189
1778055662.545551 0.250371 -0.020181 3.005676 0.09716774 0.96473031 0.16789169 0.17795012
1778055663.092710 0.250371 -0.020181 3.005676 0.08716138 0.96262167 0.15839255 0.20167848
1778055664.072610 0.250371 -0.020181 3.005676 0.07941335 0.96890431 0.16017632 0.17105993
1778055664.504005 0.250371 -0.020181 3.005676 0.07641809 0.97683897 0.15927565 0.12073599
1778055664.775596 0.250371 -0.020181 3.005676 0.05465326 0.98149482 0.15914772 0.09139443
1778055665.187270 0.250371 -0.020181 3.005676 0.05247121 0.98498342 0.15514189 0.05463904
1778055665.609186 0.250371 -0.020181 3.005676 0.03161410 0.98729229 0.15289258 0.02963672
1778055666.048877 0.250371 -0.020181 3.005676 0.02330302 0.98836116 0.15031212 -0.00233717
1778055666.600789 0.250371 -0.020181 3.005676 0.03007350 0.98648823 0.15849307 0.02857453
1778055667.011496 0.250371 -0.020181 3.005676 0.04094067 0.98445130 0.15863447 0.06336095
1778055667.437102 0.250371 -0.020181 3.005676 0.05384193 0.98035012 0.15791862 0.10524447
1778055667.437102 0.250371 -0.020181 3.005676 0.05384193 0.98035012 0.15791862 0.10524447
1778055667.861127 0.250371 -0.020181 3.005676 0.08910961 0.96701194 0.15272596 0.18336350
1778055668.283616 0.250371 -0.020181 3.005676 0.09897594 0.94425366 0.16770926 0.26544754
1778055668.698286 0.250371 -0.020181 3.005676 0.09513034 0.90821540 0.15934563 0.37510528
1778055669.112007 0.250371 -0.020181 3.005676 0.15834869 0.84639984 0.16463421 0.48107024
1778055670.520957 0.250371 -0.020181 3.005676 0.15288522 0.78832738 0.17127427 0.57081623
1778055671.354276 0.250371 -0.020181 3.005676 0.11748046 0.84701688 0.17256735 0.48885709
1778055671.636257 0.250371 -0.020181 3.005676 0.10643739 0.90496737 0.16267719 0.37847229
1778055671.921477 0.250371 -0.020181 3.005676 0.09607134 0.94762232 0.16368807 0.25688218
1778055672.203125 0.250371 -0.020181 3.005676 0.06581368 0.97356053 0.15785337 0.15142907
1778055672.476205 0.250371 -0.020181 3.005676 0.05047194 0.98171138 0.15641579 0.09607002
1778055672.752275 0.250371 -0.020181 3.005676 0.02674545 0.98752176 0.14990055 0.04019046
1778055673.030583 0.250371 -0.020181 3.005676 0.03319818 0.98642267 0.16073471 0.00570514
1778055673.328233 0.250371 -0.020181 3.005676 0.04058839 0.98751886 0.14960666 -0.02787333
1778055673.752119 0.250371 -0.020181 3.005676 0.01576515 0.98609166 0.15466106 -0.05877631
1778055674.017314 0.250371 -0.020181 3.005676 0.00882068 0.98646280 0.14399234 -0.07797142
1778055674.288415 0.250371 -0.020181 3.005676 -0.00469445 0.98323209 0.15072823 -0.10253596
1778055674.288415 0.250371 -0.020181 3.005676 -0.00469445 0.98323209 0.15072823 -0.10253596
1778055674.568528 0.250371 -0.020181 3.005676 0.00145117 0.98275150 0.14685831 -0.11238339
1778055674.853390 0.250371 -0.020181 3.005676 -0.01097325 0.98174778 0.14898325 -0.11770672
1778055675.135822 0.250371 -0.020181 3.005676 -0.00803094 0.98145735 0.14980890 -0.11930745
1778055675.410597 0.250371 -0.020181 3.005676 -0.00665568 0.98114675 0.14923209 -0.12262358
1778055675.686655 0.250371 -0.020181 3.005676 -0.01019277 0.98086643 0.15324079 -0.11964285
1778055675.827418 0.250371 -0.020181 3.005676 -0.01133079 0.98062214 0.15494606 -0.11934632
1778055675.966382 0.250371 -0.020181 3.005676 -0.01235852 0.98121900 0.15365703 -0.11595717
1778055676.250842 0.250371 -0.020181 3.005676 -0.01855052 0.98150671 0.15341524 -0.11297887
1778055676.528336 0.250371 -0.020181 3.005676 -0.02309991 0.98182457 0.15390500 -0.10862851
1778055676.811779 0.250371 -0.020181 3.005676 -0.00818381 0.98167684 0.15585341 -0.10933126
1778055676.948669 0.250371 -0.020181 3.005676 -0.01820913 0.98152555 0.15295130 -0.11349858
1778055677.087861 0.250371 -0.020181 3.005676 -0.02315274 0.98071979 0.15340203 -0.11882952
1778055677.225166 0.250371 -0.020181 3.005676 -0.01523011 0.98061207 0.15150034 -0.12335179
1778055677.369322 0.250371 -0.020181 3.005676 -0.01596115 0.98059834 0.15039398 -0.12471480
1778055677.649172 0.250371 -0.020181 3.005676 -0.01494841 0.98048902 0.15393263 -0.12133661
1778055677.927415 0.250371 -0.020181 3.005676 -0.01628410 0.97927294 0.15313201 -0.13156722
1778055677.927415 0.250371 -0.020181 3.005676 -0.01628409 0.97927293 0.15313200 -0.13156729
1778055678.209773 0.250371 -0.020181 3.005676 -0.02141870 0.97779390 0.15326863 -0.14131192
1778055678.490571 0.250371 -0.020181 3.005676 -0.02646928 0.97699503 0.15163260 -0.14760637
1778055678.633983 0.250371 -0.020181 3.005676 -0.02807508 0.97622630 0.15458530 -0.14932310
1778055678.912511 0.250371 -0.020181 3.005676 -0.03636014 0.97499986 0.15294694 -0.15703648
1778055679.188993 0.250371 -0.020181 3.005676 -0.02827039 0.97413891 0.15510375 -0.16185487
1778055679.885773 0.250371 -0.020181 3.005676 -0.01899806 0.97529628 0.15583912 -0.15540401
1778055680.171447 0.250371 -0.020181 3.005676 -0.02973886 0.97552395 0.16166158 -0.14606218
1778055680.445975 0.250371 -0.020181 3.005676 -0.02221861 0.97722817 0.15915672 -0.13856611
1778055681.290581 0.250371 -0.020181 3.005676 -0.01470516 0.97959453 0.15793190 -0.12343354
1778055681.567757 0.250371 -0.020181 3.005676 -0.01081238 0.98107280 0.15792063 -0.11153624
1778055681.849273 0.250371 -0.020181 3.005676 0.00066390 0.98319561 0.15377186 -0.09838783
1778055682.128337 0.250371 -0.020181 3.005676 0.00633087 0.98413353 0.15613097 -0.08404897
1778055682.688898 0.250371 -0.020181 3.005676 0.00988659 0.98375046 0.16045146 -0.07995385
1778055683.113012 0.250371 -0.020181 3.005676 0.00838640 0.98558720 0.15830500 -0.05905138
1778055683.393087 0.250371 -0.020181 3.005676 0.01296821 0.98666739 0.15486911 -0.04832017
1778055683.812226 0.250371 -0.020181 3.005676 0.01791571 0.98681637 0.15540155 -0.04150699
1778055683.812226 0.250371 -0.020181 3.005676 0.01791571 0.98681637 0.15540156 -0.04150699
1778055684.371389 0.250371 -0.020181 3.005676 0.02196221 0.98682309 0.15847442 -0.02415986
1778055684.650444 0.250371 -0.020181 3.005676 0.01184049 0.98758553 0.15637106 -0.00909484
