# camera_optical trajectory from onboard odometry (NOT ground truth)
1778055130.584232 0.293389 0.002046 0.329537 0.495001 -0.493777 0.508780 -0.502296
1778055130.717675 0.293360 0.002146 0.329608 0.495028 -0.493661 0.508833 -0.502329
1778055130.859242 0.293340 0.002216 0.329617 0.495087 -0.493604 0.508766 -0.502396
1778055131.000397 0.293356 0.002170 0.329620 0.495055 -0.493647 0.508736 -0.502416
1778055131.136767 0.293300 0.002218 0.329671 0.495051 -0.493566 0.508740 -0.502495
1778055131.275258 0.293266 0.002192 0.329697 0.495019 -0.493559 0.508727 -0.502546
1778055131.417015 0.293295 0.002150 0.329682 0.494993 -0.493617 0.508754 -0.502488
1778055131.556029 0.293330 0.002322 0.329641 0.495168 -0.493513 0.508710 -0.502461
1778055131.695243 0.293289 0.002265 0.329688 0.495083 -0.493522 0.508737 -0.502509
1778055131.833475 0.293280 0.002197 0.329697 0.495024 -0.493569 0.508701 -0.502558
1778055131.975898 0.293291 0.002235 0.329680 0.495070 -0.493555 0.508683 -0.502544
1778055132.112354 0.293364 0.002109 0.329632 0.495012 -0.493701 0.508653 -0.502489
1778055132.257386 0.288965 0.003771 0.328626 0.496988 -0.491080 0.509376 -0.502374
1778055132.412595 0.284811 0.019812 0.320696 0.514687 -0.477204 0.500504 -0.506823
1778055132.539888 0.287784 0.035066 0.316024 0.530304 -0.463998 0.488636 -0.514508
1778055132.675939 0.290138 0.051724 0.312834 0.547545 -0.450475 0.470514 -0.525246
1778055132.825549 0.286476 0.081584 0.314942 0.573012 -0.418205 0.442833 -0.548325
1778055132.956191 0.283341 0.104081 0.315213 0.583782 -0.400393 0.418985 -0.568626
1778055133.097574 0.280494 0.127707 0.314398 0.593817 -0.383441 0.395991 -0.586128
1778055133.240190 0.276108 0.151873 0.307236 0.612186 -0.366098 0.376041 -0.591434
1778055133.378783 0.264289 0.183937 0.299510 0.627678 -0.342956 0.345817 -0.607299
1778055133.515132 0.252930 0.216134 0.301442 0.648409 -0.303861 0.310770 -0.625025
1778055133.658193 0.241903 0.260025 0.302559 0.671092 -0.252876 0.264169 -0.644906
1778055133.797606 0.227065 0.301970 0.301078 0.690058 -0.206896 0.211556 -0.660498
1778055133.939770 0.201143 0.342446 0.291510 0.708913 -0.156134 0.167459 -0.667100
1778055134.079459 0.181026 0.382622 0.291064 0.711293 -0.121304 0.128810 -0.680261
1778055134.215533 0.155295 0.416800 0.299594 0.713205 -0.076411 0.100845 -0.689441
1778055134.356405 0.125160 0.461017 0.297119 0.716100 -0.043902 0.053163 -0.694585
1778055134.508115 0.099186 0.502664 0.299855 0.713032 -0.008924 0.014920 -0.700916
1778055134.642631 0.078208 0.535506 0.302787 -0.705429 -0.013424 0.014651 0.708502
1778055134.777875 0.043869 0.576289 0.303065 0.706670 0.044387 -0.035060 -0.705279
1778055134.914524 0.005684 0.615014 0.309476 -0.697874 -0.077979 0.056069 0.709752
1778055135.054517 -0.027977 0.665056 0.305462 -0.698067 -0.096030 0.092263 0.703540
1778055135.197563 -0.056528 0.712561 0.309933 -0.690439 -0.108826 0.122782 0.704539
1778055135.342170 -0.098404 0.764173 0.301974 0.695167 0.138338 -0.129723 -0.693381
1778055135.480366 -0.147959 0.805972 0.309266 -0.686274 -0.165678 0.151081 0.691920
1778055135.619164 -0.192960 0.865635 0.305147 -0.684909 -0.181694 0.169528 0.684944
1778055135.762870 -0.216764 0.929500 0.308461 -0.685198 -0.173006 0.160539 0.689058
1778055135.897564 -0.245597 1.006350 0.307785 0.691707 0.165691 -0.141153 -0.688595
1778055136.050394 -0.263745 1.075981 0.304056 0.701010 0.147135 -0.129682 -0.685652
1778055136.183177 -0.276903 1.147483 0.301137 0.701146 0.131690 -0.114994 -0.691251
1778055136.321230 -0.278583 1.215736 0.308235 0.702889 0.102440 -0.106095 -0.695842
1778055136.459075 -0.279776 1.288852 0.306596 0.703131 0.088624 -0.079128 -0.701065
1778055136.603320 -0.280335 1.357361 0.312623 0.706102 0.071602 -0.056526 -0.702209
1778055136.737794 -0.279737 1.421064 0.311039 0.705558 0.052837 -0.040748 -0.705504
1778055136.877256 -0.271676 1.498643 0.301846 0.707933 0.037606 -0.018144 -0.705044
1778055137.019002 -0.251831 1.560075 0.313139 -0.705284 -0.003311 0.013201 0.708794
1778055137.160535 -0.228033 1.629953 0.310977 -0.703968 0.015624 -0.010601 0.709980
1778055137.302629 -0.207384 1.701918 0.313555 0.709762 -0.031848 0.035369 -0.702832
1778055137.438731 -0.186515 1.773566 0.310261 0.705287 -0.050050 0.052674 -0.705189
1778055137.586049 -0.156082 1.846670 0.307079 0.704703 -0.068800 0.068268 -0.702851
1778055137.722724 -0.120284 1.903009 0.313049 -0.697740 0.092305 -0.086568 0.705084
1778055137.867119 -0.077784 1.975614 0.308888 0.701080 -0.108481 0.112879 -0.695685
1778055138.012981 -0.037913 2.043966 0.311094 0.697253 -0.128168 0.131118 -0.692979
1778055138.145163 -0.006306 2.119306 0.300146 0.702397 -0.128302 0.133843 -0.687215
1778055138.286674 0.011159 2.190730 0.305915 0.701460 -0.120138 0.112948 -0.693371
1778055138.421929 0.027118 2.274217 0.308610 0.700352 -0.100568 0.109241 -0.698183
1778055138.562057 0.051646 2.339966 0.306260 0.706061 -0.100255 0.125503 -0.689692
1778055138.700361 0.088445 2.418124 0.303288 0.703229 -0.115748 0.129772 -0.689370
1778055138.839482 0.132530 2.483878 0.309192 0.695140 -0.134951 0.139453 -0.692186
1778055138.978119 0.183232 2.546278 0.314867 -0.685302 0.156059 -0.157151 0.693766
1778055139.119798 0.236388 2.610672 0.314136 0.688639 -0.173209 0.178175 -0.681196
1778055139.259583 0.276799 2.663346 0.306181 0.693347 -0.183545 0.182559 -0.672498
1778055139.401313 0.291939 2.691602 0.295380 0.705664 -0.179942 0.171191 -0.663591
1778055139.539655 0.288200 2.692575 0.299016 0.699791 -0.175063 0.172649 -0.670699
1778055139.688441 0.284514 2.690428 0.302494 0.696533 -0.173678 0.172251 -0.674542
1778055139.822708 0.285420 2.688970 0.302613 0.696383 -0.174172 0.173681 -0.674203
1778055139.962149 0.285329 2.687782 0.302519 0.696392 -0.174557 0.174496 -0.673884
1778055140.100207 0.285213 2.686834 0.302590 0.696190 -0.174841 0.174720 -0.673961
1778055140.240076 0.285222 2.686469 0.302627 0.696079 -0.174993 0.174548 -0.674081
1778055140.386448 0.285027 2.685967 0.302662 0.695999 -0.175059 0.174506 -0.674157
1778055140.517636 0.284956 2.685406 0.302713 0.695797 -0.175261 0.174272 -0.674373
1778055140.659206 0.284765 2.684945 0.302723 0.695745 -0.175285 0.174005 -0.674489
1778055140.796336 0.285848 2.683863 0.303048 0.695474 -0.175982 0.175238 -0.674268
1778055140.941057 0.290616 2.679906 0.303933 0.694119 -0.181242 0.180937 -0.672765
1778055141.082068 0.295161 2.675453 0.304748 0.692262 -0.188221 0.187577 -0.670941
1778055141.222396 0.300511 2.670434 0.305102 0.690752 -0.195867 0.196364 -0.667787
1778055141.355678 0.307413 2.665859 0.305869 0.687762 -0.207438 0.205734 -0.664550
1778055141.494442 0.326447 2.656258 0.308726 0.678029 -0.236115 0.230034 -0.656971
1778055141.638174 0.364375 2.636895 0.311280 0.662479 -0.275995 0.277182 -0.638841
1778055141.780698 0.408180 2.609615 0.310595 0.640376 -0.323135 0.323232 -0.617270
1778055141.924366 0.445973 2.574040 0.306345 0.614356 -0.371023 0.370368 -0.589691
1778055142.060546 0.478468 2.529501 0.296714 0.585603 -0.422468 0.408275 -0.558481
1778055142.205126 0.508935 2.484416 0.289279 0.553788 -0.473642 0.449101 -0.517002
1778055142.338037 0.531924 2.442106 0.278150 0.514756 -0.512273 0.490377 -0.481801
1778055142.479977 0.554637 2.400985 0.295179 -0.476251 0.532291 -0.530031 0.457075
1778055142.620643 0.584547 2.361765 0.305697 0.441217 -0.550040 0.566801 -0.426051
1778055142.763867 0.612748 2.337470 0.308920 0.427338 -0.564481 0.591954 -0.385140
1778055142.900858 0.639735 2.297166 0.310727 0.388686 -0.584841 0.611035 -0.365405
1778055143.043402 0.668827 2.255470 0.300928 0.367399 -0.608932 0.612248 -0.345503
1778055143.186135 0.693815 2.209815 0.307443 0.340011 -0.614468 0.628961 -0.333512
1778055143.319008 0.716606 2.161786 0.314830 0.307207 -0.625485 0.638081 -0.327484
1778055143.467257 0.753843 2.106177 0.312942 0.300456 -0.635613 0.648260 -0.292370
1778055143.611257 0.790920 2.060103 0.318146 0.282835 -0.638702 0.660206 -0.276030
1778055143.748807 0.832534 2.003366 0.307443 0.269009 -0.648873 0.661733 -0.262120
1778055143.882259 0.860777 1.951198 0.313976 0.254653 -0.652430 0.665140 -0.258990
1778055144.024876 0.914025 1.900083 0.316212 0.263997 -0.640847 0.671552 -0.261989
1778055144.158799 0.939930 1.861114 0.305727 0.257070 -0.663746 0.663828 -0.229539
1778055144.298971 0.926999 1.820740 0.304136 0.218635 -0.678105 0.678322 -0.179588
1778055144.437880 0.894275 1.797360 0.313436 0.163457 -0.690884 0.691742 -0.132116
1778055144.578663 0.851649 1.781182 0.315148 0.098787 -0.699949 0.703501 -0.073477
1778055144.720614 0.866808 1.778389 0.311810 0.108195 -0.699841 0.700554 -0.087977
1778055144.859772 0.893261 1.785370 0.313180 -0.133246 0.696082 -0.693972 0.126954
1778055144.995698 0.921347 1.799449 0.310108 -0.177361 0.689919 -0.684861 0.153365
1778055145.140138 0.945763 1.811471 0.311840 0.214384 -0.677586 0.679122 -0.183603
1778055145.283296 0.964107 1.819577 0.309141 0.247858 -0.667479 0.672824 -0.200865
1778055145.422579 0.977879 1.826761 0.307353 0.269419 -0.659566 0.667911 -0.215129
1778055145.559442 0.989546 1.833478 0.307464 0.286209 -0.651610 0.664883 -0.226758
1778055145.696525 1.002406 1.839302 0.306716 0.301123 -0.644079 0.659439 -0.244187
1778055145.842398 1.027706 1.845505 0.305508 0.321902 -0.633363 0.649104 -0.271833
1778055145.978727 1.062849 1.842235 0.301992 0.334197 -0.627775 0.633332 -0.305125
1778055146.121842 1.101022 1.834721 0.305221 0.350189 -0.616557 0.623092 -0.330123
1778055146.259635 1.146958 1.830887 0.300579 0.363293 -0.606680 0.615078 -0.348766
1778055146.405499 1.199198 1.836238 0.303503 0.384810 -0.593928 0.603208 -0.367847
1778055146.541174 1.260888 1.835506 0.304953 0.402348 -0.579032 0.592071 -0.390245
1778055146.678664 1.318086 1.832056 0.309801 0.411784 -0.568289 0.575141 -0.420351
1778055146.833767 1.378274 1.828651 0.306972 0.429326 -0.556571 0.567001 -0.429439
1778055146.972422 1.448039 1.843895 0.309644 0.453765 -0.539126 0.553496 -0.443941
1778055147.106577 1.524949 1.855665 0.307415 0.474674 -0.521305 0.540115 -0.459568
1778055147.247995 1.594593 1.859101 0.308395 0.482905 -0.516180 0.520490 -0.479010
1778055147.388019 1.672571 1.839656 0.309920 0.479566 -0.516985 0.537835 -0.462034
1778055147.524270 1.740645 1.821047 0.311156 0.471009 -0.533173 0.541140 -0.448380
1778055147.665405 1.829073 1.791365 0.302863 -0.455000 0.550938 -0.543428 0.440600
1778055147.798466 1.896080 1.760182 0.308682 -0.438467 0.558497 -0.553441 0.435352
1778055147.946260 1.970408 1.745957 0.301709 -0.448062 0.555035 -0.553183 0.430309
1778055148.084508 2.008736 1.754083 0.305338 -0.455356 0.548068 -0.544116 0.442956
1778055148.223623 2.024928 1.774726 0.309893 0.479454 -0.523696 0.532967 -0.460230
1778055148.373476 2.035250 1.817162 0.313852 0.512938 -0.485521 0.507461 -0.493607
1778055148.500041 2.044238 1.864600 0.310997 0.547658 -0.450937 0.469898 -0.525284
1778055148.650257 2.040913 1.922887 0.303631 0.590695 -0.401875 0.424123 -0.556503
1778055148.787490 2.027802 1.973364 0.297733 0.624849 -0.356357 0.376122 -0.584043
1778055148.926433 2.003116 2.023181 0.292481 0.642300 -0.320153 0.308715 -0.624218
1778055149.063616 1.979813 2.052253 0.294521 0.661994 -0.282897 0.270899 -0.639021
1778055149.209065 1.961258 2.072075 0.300068 0.670090 -0.253010 0.242890 -0.654194
1778055149.344529 1.947399 2.086160 0.302584 0.675187 -0.234487 0.224879 -0.662245
1778055149.476321 1.944303 2.090646 0.302085 0.677583 -0.227371 0.222221 -0.663175
1778055149.620922 1.943812 2.092015 0.301806 0.677983 -0.226378 0.221518 -0.663341
1778055149.762840 1.943329 2.093357 0.301532 0.678375 -0.225404 0.220828 -0.663503
1778055149.904119 1.942847 2.094692 0.301259 0.678763 -0.224433 0.220141 -0.663663
1778055150.039690 1.942384 2.095971 0.300996 0.679135 -0.223501 0.219481 -0.663815
1778055150.182983 1.941893 2.097322 0.300718 0.679527 -0.222516 0.218783 -0.663975
1778055150.318213 1.941429 2.098595 0.300456 0.679896 -0.221586 0.218124 -0.664126
1778055150.458667 1.940946 2.099916 0.300183 0.680278 -0.220620 0.217440 -0.664280
1778055150.577139 2.046797 2.167757 0.297455 0.674020 -0.251017 0.279575 -0.636023
1778055150.738055 2.299663 2.285078 0.312366 -0.621798 0.334428 -0.325828 0.628777
1778055150.853979 2.459344 2.370118 0.311626 -0.613163 0.338150 -0.355125 0.619332
1778055150.954104 2.546778 2.412189 0.320512 -0.608214 0.341089 -0.363895 0.617507
1778055151.094319 2.620359 2.442311 0.319187 0.606333 -0.348374 0.379419 -0.605836
1778055151.238537 2.702021 2.467180 0.307106 0.606648 -0.372080 0.379958 -0.590904
1778055151.376898 2.786104 2.484087 0.304299 0.599014 -0.384512 0.398027 -0.578711
1778055151.517112 2.852546 2.491840 0.309310 0.583816 -0.408616 0.404055 -0.573525
1778055151.653831 2.925973 2.498863 0.310797 0.572119 -0.417896 0.424060 -0.564107
1778055151.799879 2.985659 2.499883 0.310716 0.566146 -0.433200 0.438525 -0.547277
1778055151.935151 3.066303 2.499731 0.300371 0.556295 -0.451370 0.448884 -0.534138
1778055152.073142 3.130485 2.491864 0.307448 0.539746 -0.463097 0.463243 -0.528793
1778055152.213410 3.199026 2.477656 0.311537 0.520252 -0.478023 0.480659 -0.519422
1778055152.352249 3.271443 2.463687 0.311868 0.514371 -0.489317 0.498073 -0.497910
1778055152.493399 3.340932 2.451235 0.311777 0.500220 -0.501993 0.511308 -0.486155
1778055152.633288 3.419076 2.432105 0.303804 0.488853 -0.513437 0.522321 -0.473905
1778055152.776474 3.485287 2.411564 0.310991 0.471532 -0.527656 0.528775 -0.468651
1778055152.912999 3.528698 2.428219 0.303549 -0.500562 0.514494 -0.510288 0.473645
1778055153.053473 3.536575 2.451655 0.305059 0.520358 -0.492652 0.493343 -0.493086
1778055153.193120 3.534876 2.483832 0.300376 0.544164 -0.469299 0.465224 -0.516925
1778055153.341183 3.530784 2.519149 0.301471 0.560319 -0.443365 0.440180 -0.543794
1778055153.474297 3.526436 2.538771 0.303434 0.571412 -0.427570 0.425976 -0.556073
1778055153.616030 3.524287 2.557336 0.306079 0.580819 -0.411036 0.418829 -0.564164
1778055153.751684 3.526750 2.566864 0.308340 0.582205 -0.405030 0.419197 -0.566799
1778055153.895814 3.545811 2.562745 0.308223 0.572020 -0.417031 0.427110 -0.562543
1778055154.032482 3.567762 2.558473 0.308789 0.563033 -0.424593 0.440360 -0.555696
1778055154.173692 3.607050 2.553428 0.303972 0.552687 -0.440373 0.446921 -0.548516
1778055154.316063 3.642921 2.539491 0.310260 -0.534518 0.452295 -0.460940 0.545210
1778055154.456024 3.680875 2.519757 0.317442 -0.514034 0.462793 -0.482312 0.537556
1778055154.597069 3.733645 2.504845 0.314248 0.511032 -0.477794 0.499875 -0.510572
1778055154.739522 3.786031 2.490007 0.312080 0.494981 -0.492180 0.512980 -0.499604
1778055154.873907 3.843761 2.472319 0.300365 0.487759 -0.506536 0.522695 -0.481978
1778055155.031878 3.902861 2.442659 0.309065 0.462181 -0.528059 0.531002 -0.474951
1778055155.163350 3.959175 2.411031 0.309748 0.448037 -0.537087 0.549417 -0.457101
1778055155.295845 4.015520 2.383559 0.314095 0.440670 -0.551739 0.559991 -0.433364
1778055155.434890 4.076202 2.350750 0.309833 0.423200 -0.566169 0.567976 -0.421614
1778055155.577977 4.140360 2.311657 0.304383 0.414436 -0.571073 0.582884 -0.402946
1778055155.715794 4.190615 2.271531 0.311293 0.391714 -0.586601 0.589555 -0.393554
1778055155.854926 4.250746 2.223803 0.310371 0.381332 -0.593611 0.602979 -0.372328
1778055155.998843 4.321001 2.192566 0.317067 0.386989 -0.593132 0.600686 -0.370959
1778055156.133345 4.368028 2.145115 0.301742 -0.377371 0.611186 -0.600732 0.350947
1778055156.273665 4.375366 2.099990 0.302001 -0.338548 0.634538 -0.617736 0.318039
1778055156.412098 4.352045 2.073605 0.302998 -0.296634 0.652805 -0.641778 0.271984
1778055156.552865 4.324126 2.047999 0.307073 -0.251948 0.671150 -0.660741 0.222489
1778055156.695695 4.300065 2.024561 0.309725 -0.213861 0.679920 -0.677430 0.181829
1778055156.839822 4.280058 2.007010 0.312167 0.182887 -0.682132 0.694128 -0.139405
1778055156.975731 4.255354 1.987850 0.304774 0.154061 -0.684413 0.703383 -0.114441
1778055157.112090 4.264201 1.989268 0.308105 0.164351 -0.678623 0.702991 -0.135146
1778055157.253187 4.299888 1.992016 0.306847 0.197017 -0.668759 0.698558 -0.161129
1778055157.389313 4.338139 2.000272 0.310019 0.229209 -0.657450 0.688526 -0.202867
1778055157.530995 4.379983 2.002081 0.306462 0.256476 -0.647618 0.670043 -0.256621
1778055157.676910 4.417188 2.011850 0.306368 0.288019 -0.634571 0.652800 -0.297015
1778055157.822654 4.460211 2.023377 0.296031 0.322698 -0.623402 0.635344 -0.321831
1778055157.953830 4.503815 2.033697 0.302556 0.350633 -0.611343 0.620029 -0.344790
1778055158.092908 4.559047 2.033125 0.303352 0.374675 -0.594371 0.609028 -0.368004
1778055158.233531 4.607697 2.026884 0.307264 0.389251 -0.583289 0.592004 -0.397228
1778055158.381003 4.661832 2.021970 0.306230 0.409045 -0.569345 0.582174 -0.411826
1778055158.550554 4.721021 2.028120 0.306493 0.433761 -0.556018 0.569987 -0.421675
1778055158.667240 4.781871 2.038797 0.311104 0.452042 -0.534502 0.563560 -0.438596
1778055158.799696 4.843482 2.043599 0.308202 0.466908 -0.529380 0.535990 -0.463108
1778055158.935142 4.900642 2.049649 0.310711 0.477448 -0.513758 0.526244 -0.480795
1778055159.073096 4.969635 2.064619 0.304399 0.500053 -0.502163 0.513251 -0.484100
1778055159.216781 5.033443 2.091040 0.315473 0.517484 -0.477968 0.504226 -0.499514
1778055159.354521 5.109048 2.119936 0.307842 0.531297 -0.465147 0.484101 -0.516728
1778055159.495080 5.175348 2.143092 0.313313 0.538617 -0.454788 0.463108 -0.537206
1778055159.630182 5.252575 2.140905 0.314810 -0.529459 0.459899 -0.476561 0.530147
1778055159.792703 5.338176 2.133678 0.312794 0.526129 -0.479388 0.483298 -0.509704
1778055159.927349 5.423323 2.125198 0.303848 0.515655 -0.494951 0.488294 -0.500692
1778055160.072037 5.505502 2.120952 0.309689 0.506291 -0.498650 0.491732 -0.503207
1778055160.205122 5.583197 2.129334 0.312863 -0.508379 0.488423 -0.489769 0.512952
1778055160.342384 5.664234 2.145462 0.311343 0.526796 -0.479662 0.483149 -0.508898
1778055160.477090 5.753276 2.178422 0.315823 0.538684 -0.455183 0.477725 -0.523839
1778055160.615254 5.831287 2.207525 0.307438 0.551678 -0.446081 0.452987 -0.539876
1778055160.755875 5.914696 2.226635 0.312231 0.550995 -0.438936 0.453005 -0.546376
1778055160.895544 5.995844 2.235025 0.308463 0.551117 -0.451126 0.458248 -0.531756
1778055161.039008 6.084174 2.238977 0.303805 0.543297 -0.465714 0.460956 -0.524841
1778055161.175477 6.167946 2.233212 0.306504 0.529461 -0.475890 0.471345 -0.520608
1778055161.320467 6.256377 2.221123 0.311411 0.514631 -0.486964 0.487366 -0.510387
1778055161.457038 6.335994 2.221068 0.311542 0.517828 -0.487585 0.490360 -0.503648
1778055161.601337 6.429153 2.235777 0.309810 0.525921 -0.480398 0.480155 -0.511933
1778055161.742017 6.511474 2.253483 0.307734 0.537042 -0.468317 0.470238 -0.520713
1778055161.875412 6.588384 2.268275 0.305762 0.544777 -0.462660 0.473655 -0.514602
1778055162.029316 6.684867 2.267248 0.308326 0.536570 -0.473677 0.481434 -0.505909
1778055162.169033 6.776871 2.260308 0.301778 0.525324 -0.487435 0.485419 -0.500810
1778055162.304569 6.855157 2.250908 0.311644 0.509668 -0.496293 0.491964 -0.501899
1778055162.444344 6.944271 2.260624 0.309434 0.516666 -0.485529 0.491074 -0.506127
1778055162.576572 6.999806 2.268517 0.305657 0.532846 -0.484484 0.474656 -0.506015
1778055162.715659 7.030557 2.286627 0.300000 0.559517 -0.468540 0.446678 -0.517580
1778055162.860130 7.029080 2.315350 0.304413 0.578178 -0.435168 0.425352 -0.543521
1778055162.997792 7.021391 2.343067 0.306986 0.588105 -0.409142 0.402796 -0.569641
1778055163.134447 7.016528 2.367064 0.306630 0.599723 -0.390755 0.376940 -0.587843
1778055163.280845 7.005012 2.402442 0.292679 0.629123 -0.362541 0.348894 -0.592487
1778055163.419685 6.999445 2.419421 0.291260 0.636937 -0.344520 0.334544 -0.603074
1778055163.563495 7.015834 2.415764 0.291451 0.631543 -0.350452 0.351154 -0.595842
1778055163.710263 7.040727 2.413263 0.286435 0.626461 -0.366396 0.359752 -0.586412
1778055163.839746 7.075876 2.418279 0.291052 0.615092 -0.368837 0.379365 -0.584553
1778055163.980372 7.119712 2.421159 0.296254 0.598215 -0.386998 0.390327 -0.583109
1778055164.122884 7.167303 2.419085 0.302118 0.583769 -0.401156 0.410122 -0.574533
1778055164.256363 7.228862 2.421061 0.308248 0.574977 -0.409579 0.433473 -0.560132
1778055164.401620 7.289843 2.422757 0.303659 0.567090 -0.432054 0.440679 -0.545473
1778055164.550035 7.369953 2.429991 0.300194 0.559192 -0.442265 0.447253 -0.540065
1778055164.678117 7.427512 2.453686 0.304592 0.562932 -0.438362 0.431113 -0.552348
1778055164.817338 7.498462 2.492045 0.304615 0.575209 -0.419811 0.423597 -0.559874
1778055164.957709 7.563451 2.525828 0.307825 0.587462 -0.404477 0.418749 -0.562082
1778055165.100752 7.645998 2.554917 0.307799 0.581765 -0.403417 0.426585 -0.562876
1778055165.238335 7.720609 2.569896 0.306655 0.577533 -0.413326 0.425550 -0.560825
1778055165.397984 7.814740 2.569464 0.318094 -0.547933 0.429535 -0.442300 0.565367
1778055165.522882 7.892625 2.575312 0.313578 0.549011 -0.447799 0.451289 -0.542588
1778055165.660386 7.976195 2.577797 0.309418 0.537531 -0.459528 0.461082 -0.536001
1778055165.802433 8.057964 2.570422 0.306587 0.529388 -0.472100 0.474137 -0.521599
1778055165.940305 8.129115 2.569594 0.303828 0.527474 -0.480696 0.483380 -0.506998
1778055166.078099 8.197304 2.563309 0.311127 0.517463 -0.484018 0.500675 -0.497276
1778055166.218395 8.258382 2.550436 0.306484 0.508258 -0.500910 0.505782 -0.484714
1778055166.359083 8.341105 2.541905 0.300932 0.502919 -0.506275 0.510593 -0.479639
1778055166.501229 8.412860 2.542739 0.308335 -0.498869 0.505402 -0.497470 0.498218
1778055166.652440 8.496385 2.550915 0.311380 0.509124 -0.488518 0.497327 -0.504786
1778055166.777390 8.567977 2.570477 0.312817 0.527755 -0.474252 0.493503 -0.503005
1778055166.918593 8.657721 2.599528 0.307955 0.539454 -0.460544 0.481722 -0.514619
1778055167.060709 8.732457 2.600564 0.313368 0.528845 -0.468678 0.478093 -0.521624
1778055167.212145 8.825750 2.592525 0.312432 0.521057 -0.476895 0.491573 -0.509341
1778055167.336635 8.890792 2.587278 0.315003 0.518326 -0.487184 0.496071 -0.497899
1778055167.485981 8.999731 2.602486 0.301360 0.528347 -0.482010 0.485093 -0.503189
1778055167.622485 9.077177 2.619137 0.308841 0.530571 -0.474572 0.469596 -0.522260
1778055167.759717 9.163590 2.636270 0.307611 0.538977 -0.461806 0.471060 -0.523776
1778055167.897434 9.240860 2.641110 0.308363 0.540360 -0.468444 0.473697 -0.513987
1778055168.035973 9.330080 2.637197 0.299598 0.533858 -0.479158 0.478546 -0.506357
1778055168.178929 9.409506 2.624591 0.309709 0.514766 -0.491559 0.487074 -0.506108
1778055168.367474 9.515306 2.624065 0.304652 0.520619 -0.490548 0.488470 -0.499716
1778055168.627124 9.680532 2.661507 0.305526 0.538745 -0.466265 0.473854 -0.517507
1778055168.862898 9.762979 2.690292 0.312413 0.547528 -0.448166 0.460954 -0.535613
1778055168.973481 9.869590 2.736877 0.306727 0.569630 -0.430952 0.446044 -0.539302
1778055169.119613 9.895869 2.750395 0.308341 0.575391 -0.422859 0.443478 -0.541704
1778055169.228138 10.009550 2.781517 0.303842 0.572301 -0.425434 0.439699 -0.546024
1778055169.369201 10.117509 2.784448 0.311844 0.551961 -0.442252 0.447263 -0.547456
1778055169.499494 10.162876 2.787339 0.305301 0.554557 -0.445800 0.454619 -0.535771
1778055169.694475 10.255297 2.786894 0.293244 0.559934 -0.470022 0.443449 -0.518561
1778055169.795544 10.289891 2.781832 0.290347 0.552873 -0.475475 0.451392 -0.514296
1778055169.942500 10.313103 2.773813 0.291698 0.538215 -0.480967 0.471120 -0.506993
1778055170.186245 10.359384 2.728574 0.292040 -0.495250 0.524935 -0.513320 0.464406
1778055170.421435 10.403359 2.682526 0.303092 0.466621 -0.543433 0.555714 -0.422052
1778055170.665560 10.456068 2.611653 0.294381 -0.415009 0.588972 -0.582933 0.375591
1778055170.772191 10.493325 2.543573 0.306901 0.361739 -0.610467 0.610862 -0.351174
1778055170.903261 10.506856 2.509203 0.308873 -0.339934 0.621964 -0.621290 0.334072
1778055171.143259 10.534313 2.435196 0.307905 0.306620 -0.640330 0.648094 -0.275564
1778055171.258080 10.545758 2.387386 0.306934 0.270510 -0.649244 0.667254 -0.245110
1778055171.379805 10.554227 2.338491 0.297429 0.246587 -0.666679 0.667622 -0.221392
1778055171.614610 10.543511 2.248151 0.313217 0.184442 -0.673902 0.692324 -0.180345
1778055171.865803 10.547373 2.149068 0.312731 0.143466 -0.687421 0.700617 -0.126513
1778055172.107647 10.557233 2.051842 0.304019 0.108888 -0.692274 0.706729 -0.097133
1778055172.332165 10.548333 1.975238 0.312107 0.073074 -0.692939 0.712615 -0.081706
1778055172.585345 10.527410 1.833609 0.316907 0.036944 -0.700729 0.712009 -0.025647
1778055172.817470 10.505645 1.703799 0.305412 0.007652 -0.702892 0.711245 0.003957
1778055172.937499 10.488834 1.646555 0.314208 -0.015330 -0.700333 0.713600 0.008605
1778055173.060262 10.489640 1.579052 0.317319 -0.004822 -0.696546 0.717478 0.005054
1778055173.280845 10.516523 1.458916 0.318516 0.031258 -0.701300 0.712152 -0.006423
1778055173.427291 10.546570 1.354843 0.309967 0.055646 -0.702672 0.708544 -0.033476
1778055173.580337 10.577186 1.277425 0.311313 0.076131 -0.698821 0.709115 -0.054848
1778055173.711379 10.613594 1.206510 0.309829 0.100567 -0.699888 0.704091 -0.065571
1778055173.847845 10.653201 1.145851 0.312498 -0.122251 0.699290 -0.698509 0.090182
1778055173.998749 10.698245 1.074559 0.300971 -0.143378 0.699278 -0.690527 0.116728
1778055174.128313 10.735911 1.023516 0.310434 0.159271 -0.690010 0.691479 -0.142746
1778055174.270142 10.783730 0.969827 0.307553 0.180162 -0.682324 0.690141 -0.160251
1778055174.405593 10.818208 0.947278 0.304833 -0.198548 0.683466 -0.680718 0.173424
1778055174.548332 10.848216 0.950269 0.307688 0.235327 -0.672081 0.672250 -0.202504
1778055174.684425 10.882223 0.969772 0.311216 0.275608 -0.653011 0.661947 -0.243809
1778055174.826498 10.923313 0.996504 0.308986 0.325160 -0.632995 0.637612 -0.295025
1778055174.969591 10.959160 1.038339 0.303480 0.381678 -0.604975 0.607253 -0.345789
1778055175.107978 10.979801 1.083641 0.301655 -0.427023 0.581872 -0.566344 0.397908
1778055175.253528 10.998523 1.155422 0.292755 -0.482461 0.536919 -0.503741 0.474546
1778055175.388154 11.001974 1.212430 0.296955 0.528918 -0.489756 0.460011 -0.518435
1778055175.530496 10.995115 1.255806 0.304987 0.560657 -0.442497 0.425924 -0.555382
1778055175.668613 10.982955 1.291242 0.302927 0.588924 -0.409316 0.402781 -0.568680
1778055175.807926 10.971361 1.312683 0.304050 0.604363 -0.380888 0.381442 -0.586661
1778055175.947609 10.963468 1.325805 0.303134 0.613415 -0.363340 0.364714 -0.598907
1778055176.094416 10.959759 1.339326 0.302157 0.622832 -0.346916 0.348738 -0.608367
1778055176.227478 10.958043 1.362021 0.299881 0.636274 -0.325048 0.321294 -0.621506
1778055176.368649 10.958090 1.394773 0.297806 0.650742 -0.299073 0.295408 -0.632316
1778055176.507020 10.962888 1.431095 0.284947 0.678711 -0.275123 0.275825 -0.622559
1778055176.646594 10.971796 1.477894 0.281123 0.686174 -0.254991 0.255571 -0.631529
1778055176.802140 10.980500 1.529688 0.298550 0.683900 -0.218798 0.247201 -0.650615
1778055176.935265 11.002673 1.585489 0.298465 0.686187 -0.205705 0.219791 -0.662212
1778055177.077700 11.043376 1.621874 0.310524 0.672574 -0.219452 0.227303 -0.669192
1778055177.212836 11.094327 1.663111 0.312323 -0.662851 0.229841 -0.246364 0.668660
1778055177.356328 11.148708 1.708470 0.313989 0.664238 -0.247027 0.261809 -0.655151
1778055177.489520 11.201252 1.747548 0.308087 0.658417 -0.266447 0.270918 -0.649690
1778055177.629009 11.264500 1.783438 0.304026 0.650056 -0.278620 0.292159 -0.643771
1778055177.767558 11.315720 1.798477 0.306283 0.641324 -0.308320 0.312529 -0.629260
1778055177.909719 11.367597 1.799749 0.313544 0.618279 -0.336089 0.350929 -0.617757
1778055178.048543 11.407767 1.781213 0.310138 0.603528 -0.375321 0.392684 -0.583684
1778055178.190143 11.445685 1.747173 0.303411 0.573726 -0.422465 0.434505 -0.550970
1778055178.328152 11.483492 1.715251 0.299577 0.543083 -0.461167 0.470579 -0.520520
1778055178.467614 11.509453 1.672258 0.311179 0.502375 -0.497058 0.503869 -0.496657
1778055178.611753 11.540283 1.628044 0.314920 0.470575 -0.523012 0.542050 -0.459564
1778055178.770315 11.567202 1.609139 0.314716 0.453155 -0.541525 0.546309 -0.450498
1778055178.888094 11.584297 1.589964 0.314968 0.434442 -0.552275 0.562324 -0.435940
1778055179.038681 11.611005 1.558968 0.308292 0.415116 -0.569181 0.573843 -0.417631
1778055179.169427 11.625989 1.527389 0.303118 -0.398364 0.585866 -0.583588 0.396853
1778055179.310457 11.643230 1.494318 0.296920 -0.376471 0.601294 -0.594729 0.378170
1778055179.451234 11.660318 1.460300 0.299855 -0.349592 0.619244 -0.602573 0.362254
1778055179.589663 11.690518 1.415884 0.302921 0.337642 -0.622886 0.624425 -0.328792
1778055179.732993 11.722568 1.370705 0.306396 -0.326569 0.633037 -0.632719 0.303782
1778055179.871668 11.755229 1.324145 0.302837 -0.308139 0.642463 -0.641039 0.285237
1778055180.010277 11.789248 1.269083 0.298045 0.289824 -0.649695 0.649787 -0.267722
1778055180.154694 11.807936 1.210278 0.308010 0.256418 -0.658253 0.659272 -0.257514
1778055180.285908 11.823149 1.151475 0.309564 0.232068 -0.663970 0.670918 -0.234854
1778055180.425502 11.841152 1.091556 0.309665 0.218561 -0.675393 0.675638 -0.198968
1778055180.570261 11.854072 1.034037 0.311825 0.190314 -0.678720 0.687588 -0.174191
1778055180.709102 11.863192 0.971542 0.299963 0.165891 -0.687972 0.690618 -0.149072
1778055180.853501 11.855406 0.915698 0.307479 0.134613 -0.690536 0.699732 -0.124152
1778055180.989832 11.840353 0.863003 0.313555 0.096068 -0.692366 0.707765 -0.102320
1778055181.127178 11.825606 0.801621 0.311466 0.074467 -0.700138 0.707997 -0.054784
1778055181.269869 11.811141 0.754094 0.313077 0.043840 -0.702949 0.709379 -0.026881
1778055181.408822 11.794403 0.699676 0.306556 0.012788 -0.702665 0.711391 -0.004495
1778055181.548307 11.768650 0.644176 0.302992 -0.008758 -0.702173 0.711522 0.024750
1778055181.686611 11.733224 0.600867 0.312602 -0.047369 -0.696451 0.714599 0.045392
1778055181.823782 11.696884 0.554384 0.311172 -0.065200 -0.696690 0.709413 0.084294
1778055181.968753 11.664937 0.499582 0.316113 -0.089853 -0.694378 0.705062 0.112489
1778055182.106843 11.633970 0.445853 0.314724 -0.113243 -0.687135 0.705322 0.132448
1778055182.245869 11.599715 0.402359 0.304465 -0.130222 -0.691525 0.695976 0.143013
1778055182.393822 11.554646 0.370842 0.316188 -0.155403 -0.677000 0.700414 0.164138
1778055182.532188 11.503867 0.325966 0.313016 -0.171393 -0.675435 0.690900 0.192534
1778055182.669253 11.459795 0.281703 0.313503 -0.195807 -0.675049 0.681151 0.204943
1778055182.810299 11.407314 0.231082 0.305072 -0.216118 -0.672336 0.673874 0.217143
1778055182.949529 11.350730 0.189027 0.310237 -0.233989 -0.660679 0.673520 0.234784
1778055183.087719 11.289799 0.152429 0.317474 -0.250688 -0.650095 0.668804 0.259295
1778055183.225121 11.230799 0.105643 0.316889 -0.255078 -0.655401 0.655940 0.274093
1778055183.367083 11.183779 0.034925 0.319750 -0.241866 -0.659422 0.663436 0.257907
1778055183.511317 11.136463 -0.037914 0.313862 -0.228614 -0.665764 0.669217 0.237998
1778055183.645013 11.106111 -0.109677 0.316402 0.204654 0.673772 -0.673059 -0.226142
1778055183.790226 11.076191 -0.188645 0.312163 0.181150 0.685568 -0.671993 -0.213557
1778055183.926101 11.054904 -0.263139 0.310885 0.160419 0.691761 -0.676708 -0.194420
1778055184.065333 11.028263 -0.348480 0.304151 0.142545 0.697082 -0.682803 -0.165942
1778055184.212655 11.015472 -0.419471 0.312230 -0.128940 -0.693539 0.695334 0.137438
1778055184.353552 10.999791 -0.501911 0.305501 0.105452 0.703887 -0.691178 -0.125280
1778055184.490711 10.999805 -0.587096 0.314774 0.078515 0.704417 -0.697407 -0.106094
1778055184.630134 10.986833 -0.678935 0.305009 0.065668 0.708039 -0.697148 -0.091397
1778055184.768958 10.959216 -0.743112 0.313496 0.081723 0.701780 -0.700191 -0.102753
1778055184.909946 10.941927 -0.820153 0.312422 0.076127 0.704356 -0.697795 -0.105690
1778055185.050476 10.935504 -0.890079 0.315564 0.065963 0.707448 -0.697572 -0.092518
1778055185.185670 10.935507 -0.969736 0.305219 0.050039 0.710589 -0.697705 -0.075942
1778055185.327494 10.938272 -1.037213 0.309456 0.038014 0.709688 -0.701677 -0.050474
1778055185.473634 10.948427 -1.122384 0.308080 0.012408 0.708431 -0.704741 -0.036210
1778055185.608688 10.963031 -1.194954 0.310355 -0.009337 0.711873 -0.701856 -0.023392
1778055185.763597 10.960272 -1.289564 0.304589 -0.002228 0.710479 -0.703403 -0.020956
1778055185.886977 10.944044 -1.358678 0.310782 -0.015395 -0.705984 0.707804 0.019052
1778055186.037908 10.924678 -1.452028 0.311077 -0.022328 -0.704409 0.708374 0.038921
1778055186.173593 10.920098 -1.523441 0.310024 0.019488 0.714260 -0.698972 -0.029842
1778055186.310551 10.899533 -1.573180 0.298133 0.034538 0.723897 -0.687908 -0.039531
1778055186.450453 10.889963 -1.582151 0.302652 0.048034 0.722117 -0.688128 -0.052160
1778055186.583609 10.885588 -1.577620 0.306303 0.059081 0.714291 -0.693545 -0.072750
1778055186.728925 10.880742 -1.577449 0.307349 0.066763 0.711263 -0.695467 -0.077285
1778055186.873552 10.888874 -1.597363 0.308941 0.054089 0.707156 -0.702533 -0.058747
1778055187.009002 10.897126 -1.624794 0.309194 0.042172 0.706339 -0.705514 -0.039458
1778055187.153867 10.907929 -1.662881 0.312249 -0.029278 -0.698601 0.714636 0.019874
1778055187.292571 10.906980 -1.720563 0.304617 0.023184 0.708569 -0.704613 -0.030215
1778055187.432038 10.901511 -1.772315 0.305845 0.026787 0.706955 -0.705694 -0.038635
1778055187.581668 10.884966 -1.846941 0.302770 -0.037766 -0.704984 0.706581 0.048111
1778055187.719743 10.876130 -1.914015 0.309528 -0.039205 -0.703211 0.709084 0.034022
1778055187.858620 10.876608 -1.987341 0.313326 -0.027485 -0.696881 0.716268 0.023681
1778055187.991774 10.887540 -2.066789 0.309731 0.005326 0.708286 -0.705615 -0.020271
1778055188.131583 10.911923 -2.148607 0.316530 0.021300 -0.701938 0.711875 0.007973
1778055188.276497 10.922009 -2.236639 0.307742 -0.024716 0.709109 -0.704648 0.004928
1778055188.407730 10.915799 -2.310999 0.313784 0.016244 -0.704505 0.709488 0.005986
1778055188.550380 10.912278 -2.396078 0.311971 -0.008405 0.709885 -0.704089 -0.015813
1778055188.695750 10.922730 -2.481843 0.309401 -0.015644 0.712910 -0.701080 -0.001234
1778055188.831505 10.938321 -2.564017 0.306093 -0.029555 0.713395 -0.699970 0.015376
1778055188.971494 10.963874 -2.649257 0.308580 -0.051575 0.710315 -0.701317 0.030777
1778055189.112728 10.992912 -2.732428 0.307256 -0.072262 0.711028 -0.698276 0.040349
1778055189.250793 11.008749 -2.816933 0.308401 -0.070441 0.707064 -0.702662 0.036939
1778055189.404576 11.014859 -2.908938 0.305756 -0.056612 0.710228 -0.700833 0.034714
1778055189.530668 11.002954 -2.981839 0.314212 0.031163 -0.703285 0.709707 -0.027120
1778055189.682666 10.988913 -3.068205 0.310128 -0.013943 0.711625 -0.702405 0.004825
1778055189.813675 10.975550 -3.133864 0.307819 0.008194 0.715371 -0.698670 -0.006119
1778055189.955082 10.956546 -3.179534 0.299060 0.020082 0.719970 -0.693254 -0.025282
1778055190.102039 10.959696 -3.189756 0.296525 0.017384 0.720226 -0.693127 -0.023414
1778055190.231237 10.968996 -3.186736 0.300432 0.008306 0.716956 -0.696898 -0.015434
1778055190.367732 10.978725 -3.176844 0.299939 -0.003764 0.716750 -0.697309 -0.003920
1778055190.508531 10.988289 -3.168067 0.298325 -0.018618 0.718194 -0.695574 0.005352
1778055190.651273 10.995248 -3.160818 0.297276 -0.028202 0.718218 -0.695016 0.017870
1778055190.788466 11.014747 -3.148779 0.292868 -0.056449 0.722133 -0.688086 0.043288
1778055190.933707 11.037981 -3.125056 0.292532 -0.094786 0.720623 -0.682370 0.078032
1778055191.071560 11.056729 -3.099621 0.292864 -0.132567 0.715013 -0.676548 0.116042
1778055191.216271 11.080448 -3.069377 0.292050 -0.184746 0.700303 -0.669151 0.166375
1778055191.352404 11.112152 -3.053614 0.290869 -0.228097 0.690410 -0.650374 0.219818
1778055191.494090 11.157808 -3.023564 0.276210 -0.286727 0.678285 -0.622724 0.264446
1778055191.634006 11.185578 -2.993402 0.285208 -0.337444 0.652051 -0.610749 0.296558
1778055191.772108 11.214011 -2.951323 0.289847 -0.385003 0.617859 -0.596491 0.337966
1778055191.910119 11.239893 -2.911088 0.290396 -0.427391 0.590424 -0.573137 0.374501
1778055192.050276 11.266084 -2.863968 0.275047 -0.476528 0.568422 -0.534652 0.404925
1778055192.191803 11.284673 -2.811098 0.278218 -0.507574 0.531031 -0.500819 0.457772
1778055192.328364 11.287613 -2.773672 0.284379 0.540795 -0.492988 0.471025 -0.492584
1778055192.466453 11.285435 -2.735591 0.294469 0.565309 -0.450346 0.443663 -0.529884
1778055192.607038 11.279837 -2.690426 0.294387 0.595184 -0.407200 0.400774 -0.565088
1778055192.752452 11.267767 -2.654917 0.292971 0.617350 -0.370710 0.360104 -0.593109
1778055192.888249 11.248426 -2.621408 0.287073 0.636818 -0.343628 0.319330 -0.611891
1778055193.112254 11.195557 -2.557973 0.275256 0.674967 -0.287383 0.259625 -0.628033
1778055193.238868 11.162602 -2.519244 0.274075 0.699528 -0.249111 0.238863 -0.625739
1778055193.380355 11.150964 -2.507736 0.275548 0.702812 -0.239125 0.225426 -0.630918
1778055193.531942 11.110286 -2.446905 0.277751 0.712631 -0.185893 0.180760 -0.651864
1778055193.668753 11.088088 -2.425414 0.286400 0.712321 -0.144351 0.163476 -0.667111
1778055193.884108 11.074603 -2.403969 0.288373 0.714318 -0.116165 0.141156 -0.675522
1778055193.984465 11.061513 -2.368757 0.282892 0.720651 -0.093224 0.107919 -0.678472
1778055194.095093 11.042978 -2.334504 0.279023 0.730395 -0.061686 0.083840 -0.675047
1778055194.219586 11.026917 -2.310329 0.286093 0.726653 -0.036708 0.054818 -0.683829
1778055194.367148 11.009259 -2.266308 0.299043 0.714450 -0.014062 0.020539 -0.699244
1778055194.498843 11.000512 -2.221733 0.312342 -0.702037 0.010325 0.015984 0.711886
1778055194.641324 10.976678 -2.163396 0.305230 0.706865 0.017249 -0.025337 -0.706684
1778055194.778759 10.942489 -2.098390 0.304877 -0.704851 -0.052552 0.030819 0.706734
1778055194.920095 10.905637 -2.040001 0.312782 -0.697865 -0.081096 0.052009 0.709720
1778055195.061065 10.867161 -1.970224 0.308095 -0.698122 -0.095686 0.086085 0.704315
1778055195.197549 10.844494 -1.905916 0.315454 -0.693163 -0.098096 0.096805 0.707482
1778055195.341556 10.837528 -1.819623 0.313762 -0.695948 -0.086360 0.076427 0.708772
1778055195.485885 10.830615 -1.741683 0.314946 -0.702824 -0.070306 0.061783 0.705180
1778055195.625947 10.826601 -1.659145 0.307487 0.706341 0.054048 -0.050990 -0.703961
1778055195.767847 10.829376 -1.571974 0.315131 -0.702508 -0.037154 0.045770 0.709230
1778055195.907565 10.814955 -1.486771 0.313361 -0.701214 -0.046590 0.049269 0.709719
1778055196.052832 10.787703 -1.407337 0.316318 -0.703202 -0.066876 0.054581 0.705730
1778055196.184604 10.752555 -1.319907 0.317801 -0.695573 -0.080963 0.066658 0.710760
1778055196.327428 10.735660 -1.236551 0.315093 -0.699629 -0.076329 0.063434 0.707580
1778055196.466943 10.730010 -1.142371 0.312991 -0.701984 -0.062278 0.048024 0.707837
1778055196.608043 10.726912 -1.061391 0.316976 0.706980 0.047128 -0.030168 -0.705017
1778055196.745050 10.716472 -0.969970 0.304682 0.714077 0.040767 -0.036194 -0.697941
1778055196.885001 10.699260 -0.892913 0.308607 0.708559 0.048663 -0.053994 -0.701897
1778055197.032747 10.684334 -0.797903 0.308278 0.705941 0.056191 -0.046350 -0.704515
1778055197.174273 10.679251 -0.725014 0.310213 0.709152 0.049466 -0.034090 -0.702491
1778055197.308752 10.677849 -0.633229 0.304969 0.710646 0.036024 -0.026216 -0.702138
1778055197.442984 10.689825 -0.555000 0.312231 0.707513 0.015911 -0.016596 -0.706326
1778055197.589600 10.705886 -0.472589 0.308445 0.708815 0.000589 0.009091 -0.705335
1778055197.727581 10.720756 -0.405714 0.314109 0.708579 -0.015642 0.030198 -0.704811
1778055197.869904 10.742758 -0.339749 0.307921 0.710243 -0.038798 0.046195 -0.701367
1778055198.004780 10.771580 -0.278283 0.302220 0.707721 -0.055467 0.068740 -0.700949
1778055198.144670 10.803429 -0.235755 0.308306 0.703123 -0.086798 0.085570 -0.700544
1778055198.286797 10.844672 -0.184724 0.304617 0.700250 -0.110771 0.115533 -0.695724
1778055198.429794 10.879463 -0.142634 0.310665 0.697673 -0.131243 0.147889 -0.688590
1778055198.569277 10.919112 -0.099566 0.307098 0.690664 -0.158811 0.170400 -0.684636
1778055198.701718 10.962256 -0.058185 0.300790 0.685632 -0.177125 0.191123 -0.679712
1778055198.844293 11.010625 -0.028033 0.308631 -0.673238 0.205627 -0.205633 0.679841
1778055198.980478 11.059772 0.001751 0.312477 -0.660938 0.226511 -0.223113 0.679760
1778055199.124148 11.119986 0.043520 0.312954 0.663343 -0.242438 0.251217 -0.661884
1778055199.262861 11.171993 0.079561 0.313023 -0.653575 0.260582 -0.268188 0.658036
1778055199.410770 11.236905 0.120344 0.303046 0.649300 -0.273150 0.287855 -0.648798
1778055199.545631 11.293376 0.144011 0.311914 -0.635464 0.297728 -0.296000 0.648018
1778055199.683032 11.358565 0.170740 0.312950 -0.627675 0.309080 -0.318967 0.639338
1778055199.824736 11.426627 0.202091 0.316840 0.624778 -0.325311 0.338108 -0.624106
1778055199.969031 11.498237 0.238920 0.313261 -0.617497 0.339020 -0.347288 0.618995
1778055200.108674 11.562139 0.292124 0.306125 0.629648 -0.328657 0.333506 -0.619921
1778055200.245652 11.614256 0.350602 0.306731 0.638339 -0.311531 0.323928 -0.624934
1778055200.385542 11.667220 0.414524 0.310505 0.646905 -0.290576 0.313775 -0.631367
1778055200.525801 11.715075 0.480840 0.308159 0.659445 -0.271679 0.291787 -0.637325
1778055200.665476 11.769963 0.553543 0.305076 0.663603 -0.256691 0.270249 -0.648619
1778055200.805634 11.821433 0.601813 0.311654 0.658554 -0.259723 0.272811 -0.651479
1778055200.945376 11.893071 0.662581 0.311236 0.658935 -0.267266 0.287144 -0.641812
1778055201.101104 11.969885 0.716280 0.303390 0.655945 -0.289002 0.289051 -0.634557
1778055201.230080 12.040411 0.756541 0.301750 0.649921 -0.299291 0.304373 -0.628797
1778055201.365653 12.108228 0.791477 0.308088 0.640081 -0.316564 0.321468 -0.621886
1778055201.508944 12.181402 0.826009 0.312300 0.631382 -0.327885 0.342831 -0.613446
1778055201.647681 12.251705 0.851726 0.307013 0.625767 -0.348406 0.354396 -0.601192
1778055201.782809 12.325909 0.872129 0.301502 0.616652 -0.363301 0.369160 -0.592852
1778055201.928761 12.386009 0.875767 0.310328 0.597407 -0.386760 0.380150 -0.590768
1778055202.064765 12.449357 0.876049 0.305133 0.585473 -0.407547 0.399002 -0.576129
1778055202.207615 12.508043 0.872734 0.308282 0.572050 -0.426992 0.428325 -0.554053
1778055202.351445 12.566022 0.866465 0.305221 0.551088 -0.447646 0.450850 -0.540972
1778055202.487882 12.626171 0.854295 0.299184 0.537509 -0.460807 0.473926 -0.523580
1778055202.637135 12.677989 0.828975 0.308600 -0.509199 0.485688 -0.489244 0.515231
1778055202.768408 12.729690 0.805152 0.309299 0.494138 -0.499015 0.509265 -0.497455
1778055202.918835 12.793744 0.783092 0.314006 0.483176 -0.513384 0.528904 -0.472482
1778055203.055588 12.851325 0.765511 0.315462 0.463960 -0.521643 0.546562 -0.462493
1778055203.189760 12.911037 0.741860 0.303497 0.452707 -0.537234 0.551879 -0.449295
1778055203.333722 12.961991 0.707982 0.313265 0.429265 -0.551032 0.560809 -0.444509
1778055203.464813 13.017384 0.668722 0.315440 0.413558 -0.557349 0.579384 -0.427371
1778055203.605648 13.077229 0.629093 0.316733 0.404564 -0.575288 0.584780 -0.404232
1778055203.746214 13.151749 0.598961 0.310755 -0.405585 0.581944 -0.577078 0.404751
1778055203.890697 13.234764 0.584948 0.306996 -0.423318 0.571224 -0.567464 0.415319
1778055204.028715 13.317376 0.580594 0.304476 0.446353 -0.555247 0.562626 -0.419429
1778055204.166393 13.395755 0.579945 0.309708 0.461813 -0.541564 0.553958 -0.431936
1778055204.307573 13.487076 0.580428 0.301466 -0.479698 0.533936 -0.533234 0.447731
1778055204.446256 13.568519 0.584944 0.309407 0.485694 -0.517813 0.521171 -0.473658
1778055204.597143 13.655299 0.593973 0.313212 0.495994 -0.499433 0.515916 -0.488250
1778055204.742571 13.735030 0.582193 0.312650 0.493403 -0.510528 0.520906 -0.473890
1778055204.879009 13.802935 0.571015 0.281835 -0.504564 0.524663 -0.507455 0.461123
1778055205.010497 13.833322 0.600011 0.284483 0.538159 -0.499732 0.465429 -0.493993
1778055205.146018 13.832224 0.637828 0.290541 0.569357 -0.459059 0.426964 -0.531788
1778055205.286680 13.814543 0.681052 0.297854 0.594681 -0.411462 0.381681 -0.575651
1778055205.423023 13.780687 0.730568 0.300412 0.628256 -0.345518 0.332914 -0.612438
1778055205.565801 13.743729 0.775993 0.304344 0.654452 -0.285455 0.272015 -0.645149
1778055205.702933 13.701415 0.818101 0.306353 0.677965 -0.215858 0.213349 -0.669515
1778055205.853174 13.638327 0.854639 0.298498 0.710565 -0.125751 0.151168 -0.675598
1778055205.982530 13.620773 0.866984 0.285451 0.722344 -0.112796 0.130797 -0.669618
1778055206.123410 13.651184 0.865631 0.285342 0.716377 -0.141493 0.160685 -0.664051
1778055206.273103 13.687256 0.860463 0.287587 0.709252 -0.164812 0.202924 -0.654691
1778055206.412051 13.737616 0.845172 0.285184 0.699591 -0.208227 0.246889 -0.637385
1778055206.555838 13.771729 0.834904 0.284047 0.686915 -0.246123 0.271606 -0.627536
1778055206.685100 13.800117 0.833244 0.280992 0.680209 -0.274257 0.304281 -0.607875
1778055206.824609 13.829374 0.834971 0.282045 0.669809 -0.297084 0.336705 -0.591377
1778055206.966712 13.863920 0.829977 0.283541 0.649356 -0.335086 0.348993 -0.586735
1778055207.107212 13.904236 0.830643 0.296218 0.625795 -0.353089 0.371872 -0.587724
1778055207.248219 13.943653 0.831815 0.294488 0.613038 -0.371519 0.383901 -0.582046
1778055207.392865 13.990034 0.830722 0.301731 0.593897 -0.396136 0.394854 -0.578319
1778055207.528004 14.048194 0.834886 0.303228 0.586347 -0.404208 0.419299 -0.563028
1778055207.672183 14.107537 0.837159 0.301743 0.579375 -0.420725 0.433961 -0.546802
1778055207.807081 14.173341 0.837473 0.295716 0.565486 -0.441449 0.439185 -0.540800
1778055207.948885 14.241421 0.829947 0.305970 0.544683 -0.453035 0.455373 -0.539180
1778055208.086416 14.297319 0.816914 0.313695 -0.524520 0.467184 -0.470151 0.534393
1778055208.236233 14.357183 0.823186 0.306244 0.529334 -0.473144 0.473783 -0.521027
1778055208.371934 14.390182 0.823244 0.312235 0.522149 -0.478242 0.483608 -0.514556
1778055208.515093 14.433969 0.817511 0.316636 0.507687 -0.483671 0.503284 -0.504996
1778055208.656057 14.488154 0.810066 0.305615 0.502625 -0.501205 0.502408 -0.493709
1778055208.794797 14.537429 0.789013 0.307320 0.485613 -0.508557 0.517379 -0.487718
1778055208.928089 14.586481 0.763490 0.315392 0.466003 -0.520765 0.530940 -0.479320
1778055209.071043 14.652729 0.732691 0.312077 0.463851 -0.529664 0.549500 -0.449832
1778055209.212136 14.726608 0.717011 0.313525 0.462880 -0.537847 0.545984 -0.445381
1778055209.346239 14.814453 0.715405 0.303068 0.475802 -0.530797 0.532097 -0.456880
1778055209.491776 14.888224 0.722066 0.307179 -0.484908 0.520875 -0.517987 0.474599
1778055209.630569 14.971843 0.721487 0.309003 0.493002 -0.509446 0.522142 -0.474112
1778055209.769370 15.052811 0.708787 0.307299 0.491528 -0.518878 0.523332 -0.463992
1778055209.904909 15.133973 0.689646 0.301270 0.483313 -0.527190 0.528119 -0.457788
1778055210.062541 15.222123 0.653377 0.312675 -0.456388 0.541998 -0.537412 0.457314
1778055210.195493 15.298547 0.620896 0.309208 0.447248 -0.550246 0.550984 -0.440016
1778055210.327890 15.361538 0.591907 0.314667 0.434135 -0.560037 0.563507 -0.424671
1778055210.471415 15.440633 0.553268 0.306219 -0.420182 0.573088 -0.570599 0.411624
1778055210.610563 15.489975 0.515734 0.311078 0.402657 -0.579948 0.582247 -0.403133
1778055210.746879 15.545384 0.467566 0.308947 0.386608 -0.593104 0.596507 -0.378077
1778055210.891192 15.584928 0.423964 0.314211 0.365373 -0.604159 0.614964 -0.351161
1778055211.025746 15.608208 0.379465 0.307926 -0.338308 0.625797 -0.623678 0.323962
1778055211.173598 15.633914 0.323428 0.300426 -0.310553 0.639720 -0.639252 0.292697
1778055211.308342 15.645688 0.272359 0.307861 0.275040 -0.649601 0.655020 -0.270779
1778055211.447596 15.642766 0.224558 0.314703 0.232886 -0.659568 0.667998 -0.253993
1778055211.583473 15.643542 0.160674 0.311583 0.209522 -0.673465 0.680061 -0.200155
1778055211.742020 15.646220 0.108689 0.314501 0.176165 -0.678749 0.692970 -0.167503
1778055211.871975 15.654419 0.058968 0.304418 0.155310 -0.689712 0.691107 -0.150160
1778055212.008939 15.653609 0.006264 0.303902 0.142271 -0.687444 0.701681 -0.121750
1778055212.154398 15.644380 -0.046183 0.311504 0.107463 -0.692850 0.704753 -0.108325
1778055212.285004 15.638290 -0.106985 0.311075 0.091221 -0.694350 0.709057 -0.082435
1778055212.422578 15.638760 -0.167797 0.314892 0.078341 -0.699802 0.707551 -0.059255
1778055212.567076 15.632778 -0.235357 0.308689 0.053480 -0.704232 0.706502 -0.045297
1778055212.709443 15.621372 -0.303496 0.303751 0.039952 -0.705224 0.707385 -0.025864
1778055212.847908 15.602472 -0.360253 0.312646 0.010239 -0.702292 0.711658 -0.014958
1778055212.985995 15.581190 -0.429984 0.312324 -0.003082 -0.702344 0.711727 0.012196
1778055213.129396 15.561864 -0.502483 0.317274 -0.023079 -0.704946 0.708167 0.031920
1778055213.267906 15.546341 -0.582681 0.308568 0.038035 0.706636 -0.705544 -0.037767
1778055213.425506 15.549894 -0.667740 0.307426 0.022487 0.707436 -0.706064 -0.022411
1778055213.560512 15.562558 -0.748555 0.309794 0.004668 -0.704921 0.709013 0.019115
1778055213.694544 15.570599 -0.826771 0.311203 -0.016201 0.708511 -0.705360 -0.014752
1778055213.835708 15.566838 -0.913089 0.308875 -0.007639 0.707559 -0.706388 -0.017836
1778055213.970178 15.550340 -0.990314 0.311904 -0.005848 -0.704493 0.709310 0.023118
1778055214.111131 15.525169 -1.065405 0.320241 -0.032085 -0.696112 0.716536 0.031238
1778055214.255949 15.498643 -1.142535 0.314261 0.046143 0.705978 -0.704672 -0.053886
1778055214.389669 15.483920 -1.197071 0.299014 0.047742 0.722743 -0.687584 -0.050915
1778055214.529265 15.482649 -1.214986 0.297387 0.045933 0.726092 -0.684803 -0.041549
1778055214.670681 15.488735 -1.213736 0.304431 0.039725 0.715592 -0.695716 -0.048261
1778055214.810966 15.494796 -1.212275 0.308094 0.037819 0.713437 -0.698299 -0.044234
1778055214.962699 15.494248 -1.213580 0.307859 0.038220 0.713668 -0.698086 -0.043519
1778055215.086675 15.494484 -1.213661 0.307788 0.038050 0.713753 -0.697991 -0.043787
1778055215.231124 15.482910 -1.214144 0.309788 0.049759 0.712350 -0.697917 -0.054714
1778055215.378339 15.457222 -1.211710 0.312642 0.081942 0.709829 -0.693711 -0.090515
1778055215.508794 15.419454 -1.202450 0.315637 0.132119 0.701731 -0.686710 -0.136190
1778055215.648746 15.374669 -1.187226 0.316656 0.187082 0.687366 -0.676146 -0.188029
1778055215.791262 15.336367 -1.167480 0.312911 0.225450 0.676176 -0.661210 -0.234006
1778055215.931807 15.284120 -1.135197 0.296128 0.278887 0.670013 -0.631114 -0.273862
1778055216.070840 15.228442 -1.105408 0.295820 0.307629 0.653119 -0.612710 -0.321538
1778055216.208943 15.174839 -1.068805 0.309759 0.349290 0.620280 -0.603662 -0.358945
1778055216.348628 15.113584 -1.022249 0.315258 0.383932 0.593458 -0.581661 -0.402583
1778055216.485184 15.064522 -0.980073 0.309075 0.420296 0.576042 -0.548309 -0.436903
1778055216.625577 15.007722 -0.937049 0.297034 0.459234 0.554063 -0.517744 -0.462665
1778055216.770113 14.971276 -0.892901 0.301758 0.491322 0.517119 -0.487593 -0.503432
1778055216.906487 14.969455 -0.848901 0.312955 0.531173 0.468411 -0.465334 -0.530953
1778055217.045175 14.976821 -0.806136 0.313578 0.565748 0.428361 -0.430306 -0.557918
1778055217.193460 14.981113 -0.779329 0.312542 0.585477 0.401623 -0.401996 -0.578200
1778055217.327586 14.984149 -0.758200 0.310544 -0.595442 -0.385003 0.371994 0.599034
1778055217.472991 14.988926 -0.738098 0.310609 -0.605618 -0.367839 0.352688 0.611173
1778055217.610156 14.995890 -0.714249 0.312571 -0.623059 -0.338329 0.324831 0.625952
1778055217.748782 15.009164 -0.674137 0.315977 -0.643588 -0.293213 0.277157 0.650388
1778055217.887538 15.023431 -0.634132 0.318623 -0.655847 -0.255708 0.223503 0.674184
1778055218.028093 15.039266 -0.598959 0.313373 -0.677604 -0.215121 0.181160 0.679527
1778055218.170084 15.048141 -0.555946 0.302047 0.692190 0.175443 -0.150794 -0.683633
1778055218.310118 15.052168 -0.516151 0.304438 -0.692395 -0.147939 0.127707 0.694546
1778055218.447371 15.068968 -0.479292 0.310106 -0.695229 -0.109602 0.112648 0.701395
1778055218.588053 15.081029 -0.430596 0.308803 -0.699066 -0.088970 0.082720 0.704662
1778055218.730157 15.083577 -0.380553 0.311701 -0.700843 -0.072687 0.056755 0.707329
1778055218.879754 15.085032 -0.323767 0.312571 -0.694636 -0.051900 0.035870 0.716590
1778055219.013077 15.089717 -0.271467 0.302682 -0.705221 -0.039499 0.024558 0.707460
1778055219.151558 15.105660 -0.219298 0.311879 -0.701107 -0.015776 0.010723 0.712801
1778055219.290560 15.125953 -0.153733 0.313440 -0.699241 0.001817 -0.016438 0.714694
1778055219.430473 15.145121 -0.088819 0.316334 -0.703314 0.018248 -0.040736 0.709476
1778055219.568335 15.169223 -0.022388 0.308484 0.707401 -0.044774 0.050649 -0.703572
1778055219.706662 15.198477 0.050802 0.306075 0.704995 -0.057464 0.074422 -0.702952
1778055219.849154 15.218103 0.113589 0.312129 0.704130 -0.071448 0.079072 -0.702028
1778055219.988061 15.222439 0.196365 0.306717 0.708155 -0.051161 0.071656 -0.700546
1778055220.128143 15.215342 0.273259 0.315303 0.706144 -0.031003 0.056540 -0.705126
1778055220.272348 15.213368 0.367068 0.306790 0.706894 -0.022278 0.044635 -0.705559
1778055220.406637 15.231134 0.439822 0.315006 -0.703266 0.034453 -0.047799 0.708480
1778055220.549162 15.253259 0.529366 0.314806 -0.702004 0.048482 -0.062660 0.707753
1778055220.697428 15.277197 0.609661 0.312961 0.708991 -0.064236 0.080531 -0.697654
1778055220.831177 15.309563 0.685939 0.304423 0.707944 -0.076530 0.099303 -0.695052
1778055220.972507 15.342436 0.742361 0.312068 0.702200 -0.103894 0.106799 -0.696215
1778055221.107402 15.379113 0.799131 0.309753 0.698244 -0.123708 0.125548 -0.693823
1778055221.249543 15.416710 0.845967 0.311207 0.696489 -0.140227 0.158594 -0.685629
1778055221.389035 15.461960 0.887266 0.301406 0.694866 -0.172115 0.177625 -0.675268
1778055221.526557 15.513225 0.922253 0.302713 0.681420 -0.195724 0.207540 -0.674007
1778055221.669366 15.558395 0.933209 0.310354 -0.664721 0.233194 -0.223096 0.673791
1778055221.812861 15.587464 0.959464 0.303100 0.668853 -0.234004 0.237962 -0.664268
1778055221.950024 15.606293 0.982488 0.308057 -0.662501 0.238073 -0.252850 0.663688
1778055222.091362 15.632197 1.001370 0.311224 -0.653063 0.249621 -0.266696 0.663379
1778055222.233878 15.674850 1.031724 0.304831 -0.649156 0.267223 -0.272052 0.658161
1778055222.376554 15.729432 1.051113 0.315606 -0.634792 0.284395 -0.284429 0.659741
1778055222.515785 15.790837 1.074354 0.318374 -0.624606 0.293059 -0.312291 0.653037
1778055222.656293 15.841358 1.126525 0.316981 -0.637344 0.291118 -0.306591 0.644240
1778055222.790012 15.892148 1.189172 0.314817 -0.644511 0.278915 -0.296243 0.647342
1778055222.932522 15.937524 1.250123 0.313391 -0.652058 0.266960 -0.273033 0.654986
1778055223.070474 15.976382 1.318679 0.308438 0.663822 -0.244202 0.262744 -0.656256
1778055223.216153 16.009114 1.385941 0.311573 0.672561 -0.224681 0.248812 -0.659752
1778055223.349623 16.037117 1.457269 0.310007 0.680012 -0.202487 0.231849 -0.665454
1778055223.488806 16.064786 1.526318 0.304023 0.685335 -0.186158 0.205082 -0.673500
1778055223.630722 16.078710 1.585494 0.307504 0.686581 -0.169873 0.180900 -0.683392
1778055223.768587 16.090813 1.643027 0.299302 0.691605 -0.158391 0.168386 -0.684282
1778055223.908744 16.088451 1.667482 0.300299 0.698016 -0.149886 0.163524 -0.680858
1778055224.049522 16.071528 1.672299 0.303159 0.700438 -0.129997 0.145470 -0.686532
1778055224.187223 16.049252 1.679037 0.303638 0.704730 -0.104883 0.121412 -0.691096
1778055224.336917 16.027322 1.686028 0.301591 0.710507 -0.078886 0.092425 -0.693119
1778055224.479345 16.012934 1.691559 0.303499 0.709632 -0.065684 0.084150 -0.696438
1778055224.614828 16.011924 1.693969 0.304745 0.710475 -0.071143 0.085421 -0.694886
1778055224.751623 16.001520 1.699629 0.301567 0.714085 -0.056615 0.074786 -0.693747
1778055224.887823 15.975269 1.708695 0.297969 0.714526 -0.032637 0.045726 -0.697350
1778055225.027333 15.942062 1.711875 0.298438 0.713833 0.003568 0.012971 -0.700187
1778055225.164796 15.905092 1.714277 0.305061 0.707185 0.049218 -0.006746 -0.705281
1778055225.308738 15.870321 1.721976 0.303657 0.706729 0.083027 -0.041468 -0.701371
1778055225.445896 15.824557 1.723257 0.297790 0.706673 0.102663 -0.090388 -0.694193
1778055225.608181 15.794835 1.717584 0.302772 0.698019 0.131456 -0.110386 -0.695200
1778055225.727887 15.795747 1.730084 0.304705 -0.697109 -0.118853 0.105738 0.699094
1778055225.869491 15.798591 1.763596 0.306602 -0.695438 -0.105089 0.092211 0.704854
1778055226.012929 15.806506 1.790823 0.301202 0.702255 0.087704 -0.083638 -0.701534
1778055226.153530 15.813042 1.847532 0.298738 -0.702823 -0.073261 0.061474 0.704907
1778055226.287777 15.818952 1.897429 0.305180 -0.704663 -0.047884 0.056743 0.705647
1778055226.429519 15.807254 1.961794 0.310252 -0.698084 -0.053402 0.058367 0.711632
1778055226.567367 15.779862 2.029991 0.312902 -0.702124 -0.074502 0.061994 0.705428
1778055226.710381 15.763044 2.104394 0.313739 -0.698068 -0.073286 0.061601 0.709602
1778055226.849615 15.759031 2.187431 0.308363 -0.704421 -0.062622 0.054867 0.704882
1778055226.986748 15.766202 2.259879 0.313331 -0.701489 -0.042980 0.040541 0.710227
1778055227.126292 15.775415 2.345211 0.310792 0.708136 0.029657 -0.017452 -0.705237
1778055227.269153 15.783885 2.424113 0.310133 0.710550 0.010233 -0.004195 -0.703560
1778055227.411386 15.794804 2.513873 0.303523 0.709860 -0.003303 0.007641 -0.704293
1778055227.548578 15.797606 2.587915 0.314191 -0.703857 0.008863 0.016559 0.710093
1778055227.706573 15.789374 2.684813 0.309301 0.710953 0.011109 -0.017101 -0.702944
1778055227.840889 15.764129 2.761985 0.316418 0.707673 0.039009 -0.018519 -0.705220
1778055227.977687 15.731456 2.853943 0.304550 0.709904 0.058349 -0.042799 -0.700571
1778055228.117013 15.722127 2.934742 0.309951 0.707072 0.054562 -0.044307 -0.703640
1778055228.250413 15.718922 3.020884 0.306803 0.709200 0.047070 -0.029358 -0.702822
1778055228.390192 15.703888 3.099489 0.306638 0.713556 0.050196 -0.035288 -0.697907
1778055228.528000 15.679356 3.191369 0.305853 0.710365 0.060740 -0.051668 -0.699302
1778055228.668828 15.654740 3.269597 0.309465 0.707257 0.072795 -0.070815 -0.699624
1778055228.808007 15.639460 3.350821 0.308361 0.708017 0.075350 -0.058864 -0.699692
1778055228.950371 15.624501 3.437121 0.312037 0.706774 0.069655 -0.046253 -0.702481
1778055229.089094 15.609440 3.529938 0.303746 0.709631 0.066059 -0.053391 -0.699435
1778055229.232331 15.592376 3.607137 0.312912 -0.701227 -0.064557 0.076657 0.705859
1778055229.373466 15.571998 3.692609 0.308695 0.703408 0.072376 -0.073629 -0.703248
1778055229.506633 15.557021 3.770416 0.312858 0.704971 0.066641 -0.061036 -0.703456
1778055229.659875 15.546287 3.871774 0.308663 -0.703950 -0.055423 0.048282 0.706436
1778055229.794675 15.555205 3.948634 0.311637 -0.704208 -0.033392 0.044110 0.707835
1778055229.933755 15.569540 4.032768 0.310849 -0.703438 -0.019318 0.017778 0.710272
1778055230.075693 15.583594 4.113693 0.314600 0.709319 -0.002183 0.000535 -0.704884
1778055230.216707 15.600173 4.200854 0.310000 0.708076 -0.022482 0.013387 -0.705651
1778055230.351323 15.625006 4.276747 0.308406 0.707620 -0.040002 0.027798 -0.704913
1778055230.494510 15.657214 4.356537 0.311992 -0.703450 0.058677 -0.051014 0.706479
1778055230.631827 15.686188 4.436742 0.310760 0.709557 -0.065723 0.072371 -0.697834
1778055230.772618 15.694998 4.526404 0.307815 0.714492 -0.055236 0.056460 -0.695171
1778055230.912869 15.696296 4.611638 0.304826 0.714722 -0.040049 0.032777 -0.697492
1778055231.054652 15.684753 4.703523 0.301558 0.716028 -0.006964 0.027987 -0.697476
1778055231.198127 15.666417 4.783395 0.308221 0.714623 0.017298 0.014847 -0.699139
1778055231.342137 15.647286 4.876875 0.304482 0.711746 0.032691 -0.002763 -0.701671
1778055231.478534 15.651067 4.955420 0.313787 -0.706021 -0.019842 0.005804 0.707889
1778055231.616450 15.660950 5.041725 0.313156 -0.704432 -0.007840 -0.009045 0.709670
1778055231.757422 15.672185 5.118602 0.314666 0.710412 -0.006875 0.024986 -0.703309
1778055231.893956 15.689351 5.212322 0.306088 0.712866 -0.026982 0.033072 -0.700000
1778055232.034897 15.697026 5.296298 0.308143 0.710113 -0.025110 0.023590 -0.703244
1778055232.175647 15.692767 5.383350 0.312256 -0.705090 0.011493 -0.015492 0.708855
1778055232.312117 15.678862 5.465335 0.310454 0.711252 0.014169 0.015843 -0.702616
1778055232.453586 15.685608 5.537410 0.302747 0.720483 0.007520 0.020224 -0.693137
1778055232.591585 15.719878 5.560603 0.306623 0.714987 -0.033175 0.065798 -0.695244
1778055232.732429 15.762314 5.551803 0.309177 0.708589 -0.085960 0.117850 -0.690379
1778055232.870694 15.815000 5.535092 0.300529 0.700720 -0.149288 0.174966 -0.675345
1778055233.026693 15.870748 5.497434 0.312255 0.670397 -0.216955 0.248172 -0.664762
1778055233.156839 15.917260 5.453488 0.318603 -0.639821 0.286041 -0.301198 0.646598
1778055233.294293 15.953558 5.406847 0.316445 0.611804 -0.343818 0.370336 -0.608552
1778055233.434413 15.983016 5.348592 0.314192 0.579851 -0.403864 0.431234 -0.560985
1778055233.575159 15.996066 5.294817 0.313445 0.537556 -0.458445 0.479913 -0.520140
1778055233.711245 15.992709 5.243430 0.311728 0.496222 -0.499202 0.523715 -0.479879
1778055233.855874 15.983984 5.201871 0.308703 0.462858 -0.532491 0.551724 -0.444765
1778055233.995660 15.970720 5.174135 0.303283 0.435279 -0.560594 0.568736 -0.415701
1778055234.135322 15.948686 5.147430 0.298859 -0.407452 0.586088 -0.580352 0.392013
1778055234.272250 15.938217 5.133549 0.303040 -0.371145 0.601677 -0.596117 0.380632
1778055234.411313 15.954729 5.147464 0.309183 -0.380333 0.594839 -0.591162 0.389925
1778055234.555246 15.978668 5.155089 0.307097 -0.402203 0.584945 -0.582790 0.395509
1778055234.691400 16.009816 5.160519 0.303269 0.424727 -0.572192 0.574620 -0.402511
1778055234.832207 16.049158 5.175306 0.292879 -0.443699 0.562530 -0.558585 0.417940
1778055234.981218 16.092213 5.192173 0.285666 -0.460558 0.556078 -0.536182 0.437233
1778055235.114138 16.138838 5.211890 0.291325 0.484369 -0.531301 0.536303 -0.442137
1778055235.256240 16.182800 5.241529 0.292690 -0.509290 0.511786 -0.506852 0.470955
1778055235.396159 16.221905 5.276564 0.292300 0.546600 -0.479134 0.470419 -0.500365
1778055235.535300 16.248541 5.322593 0.292225 0.579268 -0.431845 0.430245 -0.541154
1778055235.676647 16.251839 5.377455 0.297399 0.615436 -0.379111 0.378400 -0.578210
1778055235.816361 16.249328 5.441338 0.299435 0.641572 -0.319026 0.330197 -0.614473
1778055235.952293 16.235891 5.495324 0.308532 0.662952 -0.259828 0.287159 -0.640721
1778055236.093343 16.209637 5.562108 0.304634 0.687871 -0.202349 0.215008 -0.663069
1778055236.237261 16.181382 5.610737 0.301351 0.704931 -0.142745 0.165321 -0.674808
1778055236.371597 16.146019 5.651692 0.293514 0.714882 -0.095269 0.108321 -0.684203
1778055236.529417 16.112674 5.692477 0.289591 0.725408 -0.054285 0.060140 -0.683535
1778055236.661214 16.088649 5.736853 0.291791 0.721661 -0.018862 0.021003 -0.691671
1778055236.801095 16.065847 5.772460 0.293190 0.721870 0.006824 -0.014369 -0.691846
1778055236.933024 16.032577 5.815441 0.292850 0.718097 0.049957 -0.032095 -0.693405
1778055237.076469 16.001693 5.857021 0.301481 0.709831 0.083305 -0.050956 -0.697570
1778055237.216042 15.965964 5.896712 0.304259 0.703997 0.115693 -0.068876 -0.697323
1778055237.360076 15.925211 5.945365 0.297988 0.703077 0.134025 -0.108586 -0.689876
1778055237.490449 15.905308 5.970806 0.305027 0.694668 0.142092 -0.133815 -0.692343
1778055237.636834 15.862823 6.026337 0.304910 -0.686682 -0.163350 0.155060 0.691188
1778055237.771059 15.813725 6.061765 0.307293 -0.681907 -0.191879 0.170115 0.685016
1778055237.908397 15.759168 6.099392 0.311085 -0.667904 -0.214421 0.191738 0.686415
1778055238.053427 15.707160 6.139084 0.310866 -0.665417 -0.231427 0.225475 0.672921
1778055238.190311 15.657672 6.177658 0.314899 -0.653097 -0.239700 0.255262 0.671453
1778055238.329156 15.594912 6.215430 0.307729 -0.654005 -0.268903 0.260857 0.657208
1778055238.481932 15.527765 6.244622 0.318172 -0.637738 -0.293765 0.280071 0.654639
1778055238.609770 15.454766 6.279431 0.309101 -0.633991 -0.310754 0.304573 0.639314
1778055238.764938 15.381175 6.309290 0.311352 -0.622322 -0.330158 0.326972 0.629921
1778055238.890726 15.309656 6.335730 0.306513 -0.613786 -0.353212 0.333205 0.622481
1778055239.033108 15.233784 6.354538 0.311346 -0.603870 -0.372837 0.348301 0.612388
1778055239.174539 15.157541 6.399202 0.307488 -0.608449 -0.361746 0.349071 0.614067
1778055239.310438 15.100045 6.448522 0.311875 -0.614796 -0.346013 0.348239 0.617277
1778055239.452177 15.026710 6.494781 0.313981 -0.609448 -0.344265 0.354503 0.619986
1778055239.588260 14.950402 6.518474 0.311643 -0.609002 -0.366724 0.349763 0.610161
1778055239.732204 14.859569 6.537670 0.313243 -0.591671 -0.379610 0.368169 0.608501
1778055239.867750 14.791914 6.550845 0.310464 -0.586067 -0.394661 0.388533 0.591447
1778055240.012878 14.713367 6.563359 0.309547 -0.572858 -0.410067 0.404376 0.583232
1778055240.149677 14.649225 6.562274 0.307726 -0.563096 -0.431791 0.409999 0.573045
1778055240.295320 14.586284 6.552639 0.314303 -0.544009 -0.450460 0.426343 0.565129
1778055240.441791 14.501796 6.537715 0.305508 -0.529695 -0.472792 0.458178 0.534756
1778055240.579877 14.451508 6.521715 0.308524 -0.511489 -0.486322 0.486196 0.515250
1778055240.724686 14.394401 6.492633 0.299378 0.488215 0.511451 -0.505823 -0.494173
1778055240.869222 14.347499 6.451545 0.306815 0.456895 0.537522 -0.526786 -0.474144
1778055240.999871 14.312008 6.409860 0.313033 0.426198 0.560116 -0.546497 -0.453836
1778055241.135342 14.265653 6.365411 0.308026 0.405528 0.578679 -0.570974 -0.417931
1778055241.277264 14.227684 6.327888 0.311985 -0.385599 -0.586002 0.597763 0.388064
1778055241.416707 14.188030 6.276997 0.303614 0.363067 0.608195 -0.599649 -0.372428
1778055241.559831 14.158259 6.223635 0.311962 0.332728 0.618262 -0.616026 -0.357151
1778055241.695549 14.123290 6.174102 0.307061 -0.321117 -0.627881 0.630385 0.324444
1778055241.841427 14.104650 6.126715 0.301664 0.304729 0.640136 -0.638475 -0.299525
1778055241.981292 14.109787 6.078947 0.293793 0.282270 0.657632 -0.637965 -0.284332
1778055242.122320 14.132972 6.051367 0.300545 0.259954 0.664969 -0.650216 -0.259729
1778055242.254079 14.142536 6.038518 0.302225 0.250072 0.666861 -0.656124 -0.249524
1778055242.406098 14.145740 6.015642 0.298990 0.258104 0.670618 -0.646919 -0.255243
1778055242.538203 14.156841 5.996093 0.294169 0.269004 0.670086 -0.636236 -0.271710
1778055242.678787 14.167294 5.982711 0.302724 0.281381 0.661745 -0.631744 -0.289512
1778055242.819942 14.165327 5.968516 0.307073 0.301567 0.641289 -0.638115 -0.301025
1778055242.958555 14.153960 5.961973 0.308829 0.313110 0.637978 -0.626837 -0.319407
1778055243.102706 14.140514 5.959001 0.309100 0.334679 0.627593 -0.618513 -0.334003
1778055243.243190 14.124660 5.951790 0.307422 0.338575 0.624095 -0.607035 -0.356905
1778055243.383184 14.114330 5.955320 0.306000 0.346213 0.622765 -0.597421 -0.367952
1778055243.529498 14.112331 5.961050 0.305757 0.352727 0.618450 -0.593662 -0.375059
1778055243.669216 14.118677 5.945836 0.306872 0.342619 0.624975 -0.603535 -0.357442
1778055243.801658 14.120630 5.937385 0.305721 0.339310 0.626818 -0.604621 -0.355530
1778055243.943863 14.120102 5.938602 0.305878 0.340805 0.625759 -0.602762 -0.359104
1778055244.080493 14.117781 5.943612 0.304996 0.343636 0.624667 -0.599686 -0.363432
1778055244.218735 14.114187 5.949023 0.304936 0.346255 0.622618 -0.595341 -0.371515
1778055244.360464 14.115440 5.940559 0.305801 0.340840 0.626454 -0.600855 -0.361051
1778055244.498700 14.118845 5.935391 0.306456 0.341037 0.625365 -0.605161 -0.355518
1778055244.640103 14.115276 5.934972 0.308355 0.347834 0.616412 -0.601702 -0.370139
1778055244.779398 14.104896 5.936920 0.307426 0.356113 0.610668 -0.594861 -0.382632
1778055244.918792 14.099181 5.938786 0.305401 0.361201 0.611625 -0.592552 -0.379908
1778055245.063908 14.096568 5.931884 0.305801 0.359059 0.610399 -0.598520 -0.374518
1778055245.197746 14.101010 5.911812 0.306162 0.338811 0.621072 -0.608149 -0.360043
1778055245.348273 14.121267 5.891537 0.304760 0.310498 0.638947 -0.620800 -0.331581
1778055245.491932 14.149402 5.865302 0.308987 0.269556 0.655957 -0.638640 -0.298661
1778055245.628604 14.178128 5.830498 0.309560 0.226942 0.672217 -0.656213 -0.256917
1778055245.765182 14.211932 5.794145 0.306870 0.177641 0.688338 -0.672462 -0.205982
1778055245.900489 14.253766 5.763907 0.299899 0.125768 0.702812 -0.684664 -0.146539
1778055246.042447 14.307654 5.741704 0.295419 0.069123 0.715137 -0.691882 -0.071416
1778055246.179765 14.380963 5.735605 0.291439 -0.001648 0.714448 -0.699496 0.016319
1778055246.322516 14.433425 5.735807 0.292507 -0.054213 0.717200 -0.690052 0.080702
1778055246.459686 14.466989 5.747135 0.299184 -0.098488 0.709660 -0.687538 0.118213
1778055246.598355 14.499632 5.759969 0.301526 -0.138943 0.699123 -0.686011 0.145983
1778055246.736606 14.514302 5.768679 0.301604 -0.160624 0.694301 -0.680953 0.168666
1778055246.881416 14.507351 5.756351 0.304482 -0.155141 0.692455 -0.688125 0.151396
1778055247.015418 14.491419 5.727558 0.303025 0.131539 -0.695708 0.696441 -0.116868
1778055247.156026 14.465906 5.704525 0.303047 0.100431 -0.700105 0.702204 -0.081710
1778055247.309432 14.434177 5.668071 0.300074 0.061048 -0.705148 0.705294 -0.039983
1778055247.444668 14.403886 5.635633 0.304945 0.025041 -0.703567 0.710130 -0.009080
1778055247.580010 14.366275 5.614375 0.312476 -0.019074 -0.699262 0.714273 0.021993
1778055247.719960 14.333443 5.581432 0.315062 -0.042833 -0.697099 0.712413 0.068455
1778055247.858511 14.306066 5.551396 0.315313 -0.078650 -0.696922 0.706964 0.091190
1778055248.003709 14.275563 5.512004 0.305958 -0.107695 -0.696945 0.699578 0.115156
1778055248.144206 14.239465 5.479481 0.306001 -0.125026 -0.693086 0.695354 0.143120
1778055248.282198 14.201856 5.456665 0.309005 -0.159133 -0.685744 0.692280 0.158681
1778055248.423879 14.154974 5.428833 0.310650 -0.185317 -0.675823 0.688825 0.185581
1778055248.561430 14.107111 5.392717 0.311340 0.204279 0.677291 -0.672892 -0.216249
1778055248.706996 14.059836 5.359544 0.309298 0.229162 0.667964 -0.667126 -0.237175
1778055248.859876 13.999687 5.319667 0.301303 0.247460 0.661569 -0.658050 -0.260885
1778055248.987073 13.954117 5.301408 0.309018 -0.273049 -0.648631 0.656206 0.272242
1778055249.133584 13.891366 5.277001 0.309749 -0.290932 -0.637767 0.647274 0.299415
1778055249.269034 13.833107 5.252756 0.313307 0.306993 0.635671 -0.632273 -0.319231
1778055249.406369 13.776507 5.230188 0.311842 -0.326830 -0.625387 0.625471 0.332955
1778055249.550313 13.707261 5.205605 0.302064 0.341917 0.619684 -0.614969 -0.347703
1778055249.686927 13.648750 5.193581 0.309881 -0.361908 -0.604799 0.612006 0.358734
1778055249.827259 13.576996 5.180506 0.308489 0.372159 0.597683 -0.596907 -0.384675
1778055249.969226 13.510952 5.166822 0.313175 0.388795 0.591076 -0.581930 -0.401030
1778055250.107078 13.442162 5.154734 0.309635 0.405484 0.578363 -0.574151 -0.414040
1778055250.249682 13.367752 5.149573 0.304811 0.418904 0.569563 -0.562920 -0.428063
1778055250.389704 13.298822 5.155121 0.312767 -0.439798 -0.548805 0.557965 0.440529
1778055250.529491 13.221604 5.160454 0.309328 0.452969 0.542298 -0.539917 -0.457407
1778055250.668105 13.150512 5.164740 0.313750 0.467855 0.532349 -0.527346 -0.468640
1778055250.819610 13.060124 5.174864 0.303823 0.483392 0.520678 -0.514366 -0.480265
1778055250.950607 12.994871 5.189473 0.309986 -0.495323 -0.505401 0.507002 0.492111
1778055251.092745 12.913109 5.208078 0.310119 -0.503659 -0.495439 0.489833 0.510815
1778055251.233137 12.846867 5.214665 0.306342 0.512749 0.502218 -0.483992 -0.500617
1778055251.374934 12.809100 5.234964 0.298802 0.530505 0.495272 -0.467940 -0.504284
1778055251.525331 12.805257 5.243841 0.303224 0.533636 0.484279 -0.454416 -0.523653
1778055251.651377 12.810194 5.249658 0.307418 -0.537377 -0.472338 0.445134 0.538496
1778055251.793325 12.810492 5.261276 0.308918 0.547019 0.460036 -0.436411 -0.546519
1778055251.930496 12.808915 5.267142 0.308518 0.552051 0.453019 -0.430551 -0.551941
1778055252.073172 12.793021 5.254826 0.309563 -0.538163 -0.461987 0.447723 0.544511
1778055252.221553 12.772099 5.249474 0.305187 -0.530649 -0.469844 0.455049 0.539063
1778055252.352030 12.756930 5.245021 0.303750 -0.525337 -0.472061 0.465944 0.532986
1778055252.492165 12.743076 5.238521 0.305352 -0.518733 -0.476815 0.478598 0.523935
1778055252.642155 12.703090 5.224684 0.305348 -0.499278 -0.494424 0.484326 0.521243
1778055252.774518 12.657818 5.204671 0.306682 0.487644 0.511824 -0.493644 -0.506513
1778055252.911480 12.602222 5.180334 0.310112 0.466346 0.524798 -0.508671 -0.498360
1778055253.052350 12.540125 5.156301 0.304508 0.459606 0.536992 -0.528969 -0.469675
1778055253.191412 12.486431 5.133616 0.312669 -0.445018 -0.538596 0.552434 0.454632
1778055253.333210 12.418647 5.101504 0.307996 0.427344 0.559389 -0.553136 -0.445535
1778055253.469546 12.357923 5.066146 0.312431 0.417010 0.570668 -0.557587 -0.435359
1778055253.610318 12.272959 5.046905 0.311001 -0.428190 -0.556956 0.557676 0.442098
1778055253.765401 12.190093 5.046973 0.317100 -0.441992 -0.543268 0.552940 0.451398
1778055253.896186 12.115829 5.038988 0.319847 -0.441559 -0.533854 0.560456 0.453778
1778055254.038487 12.042447 5.012464 0.312332 0.440954 0.557601 -0.544963 -0.444585
1778055254.186245 11.949520 4.968364 0.307041 0.425078 0.571160 -0.554349 -0.431024
1778055254.320412 11.881362 4.940526 0.310473 0.418563 0.572651 -0.571944 -0.412015
1778055254.457094 11.801695 4.922953 0.311872 0.417631 0.570225 -0.568234 -0.421352
1778055254.594048 11.722139 4.911147 0.312568 0.426668 0.569307 -0.554205 -0.432089
1778055254.733153 11.629891 4.895116 0.302746 0.436046 0.568058 -0.545421 -0.435534
1778055254.872247 11.552983 4.868093 0.307880 0.429857 0.569385 -0.556599 -0.425701
1778055255.012294 11.471147 4.827851 0.305637 0.411422 0.583423 -0.560204 -0.420144
1778055255.152920 11.400886 4.793858 0.311466 0.398682 0.589225 -0.565930 -0.416641
1778055255.294509 11.316774 4.769981 0.306961 0.404697 0.584668 -0.564119 -0.419706
1778055255.428249 11.241009 4.760503 0.310867 0.415532 0.572148 -0.564257 -0.426138
1778055255.573325 11.161002 4.758244 0.316746 -0.429019 -0.553861 0.560761 0.441279
1778055255.715058 11.079471 4.757811 0.315248 0.446762 0.549657 -0.541633 -0.452675
1778055255.850239 11.004499 4.757723 0.312789 0.460446 0.538854 -0.531908 -0.463357
1778055255.989058 10.922663 4.764159 0.303718 0.469498 0.530489 -0.519498 -0.477782
1778055256.139544 10.845936 4.779817 0.311611 0.488302 0.510930 -0.508853 -0.491508
1778055256.287065 10.764305 4.798006 0.314209 -0.495876 -0.500293 0.490596 0.512961
1778055256.419993 10.711673 4.810665 0.309895 0.512081 0.497747 -0.481887 -0.507746
1778055256.556430 10.683335 4.825763 0.299531 0.525135 0.496471 -0.471175 -0.505711
1778055256.696569 10.683218 4.828806 0.306369 0.523370 0.485941 -0.465461 -0.522773
1778055256.832249 10.684604 4.803446 0.315241 -0.501289 -0.498102 0.488865 0.511483
1778055256.973132 10.682578 4.777399 0.318610 0.477672 0.515895 -0.512490 -0.492986
1778055257.113322 10.679529 4.749383 0.319254 0.456012 0.534420 -0.533677 -0.470784
1778055257.252687 10.678499 4.726018 0.317341 -0.438177 -0.548085 0.551879 0.450593
1778055257.397769 10.678693 4.707982 0.316591 -0.427548 -0.557188 0.567163 0.430198
1778055257.533128 10.683142 4.690269 0.316497 -0.417719 -0.565738 0.581158 0.409521
1778055257.677758 10.693066 4.665976 0.308116 0.397552 0.588642 -0.588479 -0.386194
1778055257.822424 10.686128 4.663595 0.298485 0.396550 0.594793 -0.583146 -0.385890
1778055257.964294 10.661821 4.667613 0.292959 0.404475 0.588523 -0.576031 -0.397780
1778055258.094760 10.635409 4.670623 0.290830 0.420363 0.580899 -0.568764 -0.402938
1778055258.232998 10.607682 4.670599 0.282497 0.439306 0.580493 -0.549843 -0.409524
1778055258.380076 10.562230 4.674575 0.282697 0.448070 0.571097 -0.533397 -0.434246
1778055258.509935 10.518540 4.683561 0.292033 0.455921 0.556546 -0.525328 -0.454338
1778055258.651830 10.459700 4.700906 0.294943 0.472770 0.535374 -0.516700 -0.472107
1778055258.790573 10.412017 4.726175 0.301219 0.501644 0.508126 -0.505116 -0.484787
1778055258.929497 10.365677 4.755512 0.304200 0.522950 0.482443 -0.490713 -0.502964
1778055259.071900 10.313546 4.790336 0.305460 0.540140 0.469264 -0.454124 -0.530859
1778055259.210353 10.273272 4.818840 0.309437 -0.551415 -0.444771 0.430583 0.559213
1778055259.353656 10.227996 4.853242 0.297214 0.575500 0.424230 -0.408735 -0.567243
1778055259.488492 10.194794 4.895475 0.302049 -0.580706 -0.403580 0.387211 0.591584
1778055259.636723 10.169734 4.945343 0.310708 -0.600065 -0.366124 0.374054 0.604945
1778055259.776505 10.133848 4.998490 0.306919 -0.613110 -0.354004 0.337309 0.620484
1778055259.917279 10.099596 5.038202 0.313131 -0.621775 -0.333460 0.317055 0.633780
1778055260.053013 10.058477 5.084784 0.306034 -0.631786 -0.313529 0.302774 0.640994
1778055260.194672 10.032208 5.133077 0.304638 -0.642004 -0.298712 0.289081 0.644232
1778055260.332795 10.016103 5.184785 0.314354 -0.641932 -0.270831 0.276177 0.662042
1778055260.472435 9.984554 5.247123 0.310769 -0.654457 -0.257813 0.246621 0.666631
1778055260.616735 9.955761 5.307169 0.309342 -0.665769 -0.234340 0.232641 0.669114
1778055260.751082 9.926657 5.371218 0.300855 0.672998 0.221747 -0.214173 -0.672334
1778055260.894550 9.909312 5.434458 0.309440 -0.677093 -0.196560 0.202139 0.679741
1778055261.031203 9.893763 5.502309 0.311072 -0.678830 -0.180068 0.179116 0.688972
1778055261.173544 9.875163 5.572792 0.313707 -0.687363 -0.165886 0.152174 0.690549
1778055261.309847 9.857269 5.643056 0.310336 -0.691098 -0.145652 0.137064 0.694538
1778055261.458676 9.846373 5.720571 0.305487 -0.693403 -0.128600 0.120936 0.698590
1778055261.598805 9.848706 5.793312 0.313603 -0.695281 -0.098758 0.107184 0.703806
1778055261.742996 9.849929 5.879372 0.310249 -0.702091 -0.085791 0.074815 0.702931
1778055261.881661 9.848835 5.948607 0.315806 -0.703321 -0.066043 0.062164 0.705063
1778055262.016376 9.849804 6.036135 0.306499 0.706133 0.049830 -0.044668 -0.704909
1778055262.153108 9.850543 6.110110 0.312396 -0.703755 -0.039496 0.041319 0.708140
1778055262.290271 9.832120 6.187946 0.315019 -0.697191 -0.051976 0.054998 0.712880
1778055262.433757 9.802509 6.267571 0.312789 0.705029 0.074880 -0.061179 -0.702555
1778055262.574750 9.762778 6.353821 0.314304 -0.698188 -0.096952 0.079906 0.704804
1778055262.710354 9.747533 6.433688 0.312681 -0.698970 -0.096018 0.086442 0.703384
1778055262.863377 9.735593 6.523401 0.312771 -0.699472 -0.088782 0.070023 0.705658
1778055263.011075 9.728976 6.609781 0.311982 0.706898 0.072003 -0.056094 -0.701402
1778055263.130452 9.728388 6.691254 0.304887 0.711579 0.055272 -0.046292 -0.698897
1778055263.284636 9.737992 6.784481 0.311211 0.708095 0.031572 -0.034959 -0.704544
1778055263.420205 9.732872 6.871130 0.312797 -0.704458 -0.035097 0.030710 0.708212
1778055263.553130 9.714825 6.949636 0.311030 0.710515 0.051217 -0.034172 -0.700983
1778055263.700130 9.694687 7.032085 0.301582 0.715663 0.071466 -0.051753 -0.692850
1778055263.833527 9.683320 7.075690 0.301122 0.708199 0.090310 -0.071046 -0.696599
1778055263.974945 9.680266 7.095230 0.311826 -0.696006 -0.101018 0.100419 0.703766
1778055264.114156 9.673534 7.129669 0.308469 -0.694332 -0.129136 0.106878 0.699860
1778055264.253088 9.668772 7.172788 0.301739 0.704596 0.122087 -0.114700 -0.689553
1778055264.392817 9.667070 7.234918 0.299075 0.702075 0.113436 -0.104898 -0.695140
1778055264.529980 9.664765 7.281442 0.300746 0.705800 0.103374 -0.087529 -0.695341
1778055264.676571 9.663851 7.316923 0.295931 0.710132 0.093417 -0.073753 -0.693935
1778055264.835908 9.690225 7.325986 0.301691 0.708857 0.075803 -0.041949 -0.700012
1778055264.959946 9.722283 7.333201 0.306006 0.707531 0.051892 -0.015780 -0.704597
1778055265.097204 9.763409 7.335527 0.310462 -0.706283 -0.008237 -0.009476 0.707818
1778055265.237778 9.804792 7.334028 0.313057 -0.702600 0.041580 -0.054383 0.708284
1778055265.378399 9.844474 7.327042 0.310902 -0.699490 0.087239 -0.104940 0.701492
1778055265.518217 9.889129 7.308725 0.297638 0.702625 -0.136387 0.143650 -0.683433
1778055265.663566 9.939519 7.296466 0.293865 0.697257 -0.181070 0.191650 -0.666571
1778055265.805128 9.991828 7.287015 0.301301 0.683425 -0.214682 0.243922 -0.653716
1778055265.940453 10.046423 7.261643 0.300862 0.672690 -0.259586 0.285108 -0.631519
1778055266.077907 10.116442 7.231661 0.294688 0.658869 -0.302633 0.320455 -0.609601
1778055266.221491 10.180064 7.203321 0.309637 0.623881 -0.341476 0.349346 -0.610020
1778055266.356616 10.247237 7.175242 0.311841 0.606429 -0.367815 0.379108 -0.594334
1778055266.493234 10.300066 7.165467 0.312086 0.600830 -0.389134 0.383084 -0.583802
1778055266.642879 10.341478 7.199044 0.299816 0.627001 -0.358314 0.354970 -0.593698
1778055266.774682 10.350662 7.242542 0.295668 0.647838 -0.318518 0.314719 -0.616283
1778055266.920965 10.334129 7.301916 0.292145 0.677099 -0.256119 0.266714 -0.636242
1778055267.058371 10.315930 7.350655 0.302279 0.688076 -0.198488 0.220682 -0.662158
1778055267.197391 10.293911 7.402564 0.305055 0.702561 -0.140759 0.176434 -0.674882
1778055267.342677 10.275963 7.450671 0.303546 0.709392 -0.098769 0.125086 -0.686558
1778055267.479702 10.256378 7.486836 0.305878 0.706313 -0.067430 0.076993 -0.700463
1778055267.616436 10.232682 7.528150 0.295222 0.716454 -0.033555 0.055685 -0.694598
1778055267.755797 10.203631 7.564321 0.299193 0.716264 -0.003831 0.023939 -0.697408
1778055267.895814 10.182372 7.614137 0.299126 0.711330 0.019396 -0.003743 -0.702580
1778055268.038960 10.166526 7.658154 0.306502 -0.705147 -0.033288 0.036249 0.707351
1778055268.178608 10.147637 7.707953 0.303308 0.706163 0.056579 -0.045013 -0.704349
1778055268.316821 10.110771 7.759843 0.306973 -0.702834 -0.083401 0.064795 0.703470
1778055268.459530 10.070304 7.820936 0.306459 -0.696940 -0.108586 0.086978 0.703505
1778055268.601569 10.041168 7.879297 0.309036 -0.695205 -0.118864 0.116036 0.699354
1778055268.745284 10.031688 7.957842 0.311262 -0.693797 -0.108849 0.096717 0.705297
1778055268.877739 10.025822 8.024318 0.312087 0.703450 0.096619 -0.076619 -0.699966
1778055269.017741 10.018084 8.111787 0.304783 0.708617 0.076247 -0.065444 -0.698402
1778055269.162289 10.020447 8.191435 0.307780 0.706384 0.059738 -0.049551 -0.703561
1778055269.300553 10.025787 8.267630 0.311969 0.707007 0.040058 -0.032758 -0.705310
1778055269.446960 10.025308 8.274066 0.311640 0.707056 0.040221 -0.032274 -0.705275
1778055269.579566 10.024788 8.278375 0.311347 0.707121 0.040585 -0.032253 -0.705190
1778055269.755233 10.024099 8.284083 0.310958 0.707207 0.041067 -0.032226 -0.705077
1778055269.858252 10.023694 8.287430 0.310730 0.707257 0.041350 -0.032209 -0.705011
1778055270.000585 10.023136 8.292054 0.310415 0.707327 0.041741 -0.032187 -0.704919
1778055270.139372 10.022592 8.296564 0.310107 0.707394 0.042122 -0.032165 -0.704829
1778055270.278988 10.022044 8.301100 0.309798 0.707462 0.042505 -0.032143 -0.704739
1778055270.474657 9.981628 8.453413 0.311344 0.706691 0.068352 -0.046663 -0.702665
1778055270.657077 9.833143 8.750843 0.310725 0.694382 0.147852 -0.120632 -0.693846
1778055270.771811 9.694072 8.926202 0.305956 0.682507 0.200058 -0.174835 -0.680878
1778055270.889634 9.573796 9.082528 0.306651 0.681259 0.204111 -0.180998 -0.679312
1778055270.990020 9.565632 9.130078 0.313608 -0.683468 -0.181909 0.168264 0.686636
1778055271.124714 9.562170 9.184687 0.318791 -0.683476 -0.152410 0.133488 0.701294
1778055271.275088 9.577480 9.226323 0.314831 -0.698989 -0.113892 0.091910 0.699997
1778055271.407663 9.598686 9.264710 0.307784 0.707040 0.074706 -0.055390 -0.701032
1778055271.542243 9.612861 9.306352 0.298125 0.713566 0.046287 -0.030395 -0.698397
1778055271.685128 9.633340 9.356680 0.302542 0.709670 0.019001 -0.008165 -0.704231
1778055271.832874 9.662775 9.394836 0.310378 -0.703874 0.019430 -0.000645 0.710059
1778055271.972909 9.688634 9.451927 0.308104 0.707801 -0.029939 0.041094 -0.704579
1778055272.116589 9.704032 9.502300 0.313250 -0.700777 0.044632 -0.064072 0.709094
1778055272.249776 9.725578 9.557373 0.303665 -0.703045 0.067203 -0.068683 0.704623
1778055272.388548 9.762638 9.604316 0.316507 -0.690677 0.089914 -0.084087 0.712608
1778055272.531604 9.785448 9.669205 0.313885 -0.694799 0.082689 -0.093941 0.708231
1778055272.670831 9.782829 9.742343 0.316163 -0.701618 0.063333 -0.082169 0.704961
1778055272.811459 9.778147 9.830697 0.309085 0.706351 -0.040870 0.063474 -0.703825
1778055272.948150 9.770314 9.906056 0.312210 -0.704720 0.023466 -0.041246 0.707897
1778055273.091116 9.757026 9.992171 0.308891 0.708419 0.003380 0.030060 -0.705143
1778055273.228819 9.748440 10.066249 0.313287 0.709439 0.009573 0.018499 -0.704459
1778055273.371079 9.758927 10.157811 0.307133 0.709865 -0.002598 0.023908 -0.703927
1778055273.510715 9.777570 10.227326 0.315391 -0.704292 0.024510 -0.025407 0.709032
1778055273.685495 9.778222 10.294178 0.302729 0.712870 -0.027964 0.031865 -0.700014
1778055273.800861 9.772220 10.301795 0.306323 0.713154 -0.025260 0.032779 -0.699785
1778055273.936605 9.769000 10.299290 0.308186 0.714109 -0.022469 0.034617 -0.698817
1778055274.073546 9.766607 10.300752 0.306703 0.715266 -0.022462 0.036154 -0.697555
1778055274.210490 9.765966 10.300743 0.306779 0.715058 -0.023939 0.035003 -0.697778
1778055274.354861 9.766215 10.300831 0.306765 0.715074 -0.024214 0.034811 -0.697762
1778055274.491367 9.766029 10.300838 0.306781 0.715093 -0.024207 0.034975 -0.697734
1778055274.629352 9.766212 10.300813 0.306837 0.715017 -0.024532 0.035026 -0.697798
1778055274.768393 9.766090 10.300944 0.306716 0.715160 -0.024401 0.035189 -0.697648
1778055274.907177 9.765972 10.300942 0.306665 0.715186 -0.024351 0.035328 -0.697616
1778055275.051649 9.766107 10.301069 0.306838 0.715088 -0.024683 0.035487 -0.697696
1778055275.193982 9.781115 10.303778 0.307161 0.715460 -0.040371 0.058698 -0.695012
1778055275.332241 9.805884 10.305848 0.307167 0.711839 -0.074940 0.105083 -0.690382
1778055275.480289 9.840105 10.297387 0.309759 0.701145 -0.118791 0.168956 -0.682450
1778055275.616023 9.880540 10.278109 0.309288 0.687545 -0.166514 0.231466 -0.667815
1778055275.750651 9.924917 10.243995 0.296375 0.674935 -0.246949 0.263807 -0.643338
1778055275.892188 9.965227 10.207776 0.299624 0.643752 -0.313357 0.327970 -0.616301
1778055276.029096 9.995558 10.168415 0.308296 0.610756 -0.369569 0.394004 -0.578927
1778055276.170151 10.012997 10.125387 0.301134 0.576025 -0.430637 0.425703 -0.549111
1778055276.308946 10.017564 10.114035 0.300796 0.557062 -0.453101 0.426305 -0.550132
1778055276.446075 10.013769 10.125682 0.306040 0.559645 -0.442982 0.426068 -0.555906
1778055276.589170 10.009599 10.134306 0.311174 0.560463 -0.435341 0.427985 -0.559633
1778055276.730464 10.019249 10.120701 0.312616 -0.546461 0.452750 -0.443099 0.547778
1778055276.867274 10.033331 10.092311 0.312207 0.526116 -0.479627 0.477288 -0.515127
1778055277.016745 10.048641 10.051182 0.312586 0.497667 -0.508786 0.516599 -0.476015
1778055277.157436 10.058465 10.001291 0.307298 0.461051 -0.544239 0.556431 -0.426170
1778055277.291964 10.062092 9.960257 0.302120 0.429317 -0.574284 0.579884 -0.386808
1778055277.435487 10.059747 9.923784 0.296406 0.400132 -0.599652 0.600080 -0.346722
1778055277.568691 10.050800 9.851932 0.280493 -0.325126 0.647831 -0.624207 0.291502
1778055277.707912 10.043062 9.806403 0.298280 -0.269666 0.655369 -0.652880 0.267431
1778055277.848448 10.035376 9.754633 0.308015 0.217529 -0.666023 0.674977 -0.231303
1778055277.991677 10.037011 9.710206 0.310595 0.198547 -0.674098 0.688771 -0.178232
1778055278.129094 10.037452 9.691118 0.311275 0.180644 -0.678432 0.693564 -0.161453
1778055278.272944 10.035398 9.627953 0.309205 0.142990 -0.687539 0.699913 -0.130257
1778055278.407759 10.021459 9.579796 0.312414 0.114136 -0.686920 0.709231 -0.110025
1778055278.548387 10.006040 9.540619 0.312973 0.082974 -0.695206 0.708203 -0.090847
1778055278.689125 9.995675 9.486792 0.314213 0.066406 -0.695684 0.712447 -0.063514
1778055278.829330 9.990911 9.428852 0.316942 0.052613 -0.700834 0.710343 -0.038415
1778055278.969800 9.983934 9.371425 0.315381 0.031633 -0.699136 0.713928 -0.022704
1778055279.107838 9.975714 9.305956 0.305507 0.017342 -0.702794 0.711167 -0.004672
1778055279.248558 9.967532 9.276937 0.308602 0.008220 -0.701494 0.712628 -0.000133
1778055279.384332 9.966589 9.274315 0.309107 0.006797 -0.701378 0.712757 0.000349
1778055279.524969 9.965613 9.271601 0.309628 0.005323 -0.701257 0.712888 0.000848
1778055279.667268 9.964625 9.268858 0.310154 0.003831 -0.701133 0.713019 0.001353
1778055279.809302 9.963638 9.266122 0.310679 0.002343 -0.701007 0.713148 0.001857
1778055279.944965 9.962696 9.263511 0.311178 0.000921 -0.700885 0.713270 0.002338
1778055280.090891 9.961682 9.260705 0.311714 -0.000609 -0.700752 0.713399 0.002856
1778055280.225816 9.960744 9.258113 0.312209 -0.002023 -0.700627 0.713517 0.003335
1778055280.373625 9.868174 8.994495 0.307746 -0.073398 -0.702145 0.704298 0.074629
1778055280.515455 9.758425 8.813689 0.311175 0.124777 0.697236 -0.694488 -0.126410
1778055280.627427 9.630175 8.628691 0.313466 -0.173799 -0.680999 0.691194 0.168184
1778055280.739262 9.578097 8.512399 0.308315 0.157967 0.692161 -0.684289 -0.166457
1778055280.858705 9.575754 8.459288 0.315899 0.131273 0.693849 -0.691286 -0.153186
1778055281.010873 9.584890 8.399276 0.309283 0.094453 0.701222 -0.697668 -0.112362
1778055281.140145 9.605645 8.364759 0.304273 0.055086 0.710231 -0.698470 -0.068383
1778055281.279871 9.642994 8.332480 0.302140 0.009988 0.711477 -0.702473 -0.015244
1778055281.429116 9.681641 8.296001 0.298189 -0.027989 0.712973 -0.700182 0.025129
1778055281.558414 9.715705 8.266490 0.303693 -0.063778 0.707725 -0.701875 0.049287
1778055281.702819 9.758169 8.230425 0.305929 0.101107 -0.700360 0.702842 -0.072708
1778055281.843640 9.792212 8.187815 0.305724 -0.119011 0.698124 -0.698044 0.105796
1778055281.984299 9.820277 8.151079 0.311765 0.126163 -0.688382 0.700521 -0.139581
1778055282.125178 9.849611 8.108959 0.309500 0.141056 -0.683895 0.699126 -0.153670
1778055282.266455 9.905855 8.062061 0.310939 0.174319 -0.683696 0.688599 -0.167342
1778055282.399528 9.954824 8.013622 0.314418 0.193982 -0.673120 0.691003 -0.178310
1778055282.539608 9.988701 7.948213 0.311825 0.184712 -0.678963 0.688858 -0.174256
1778055282.679529 10.006791 7.874929 0.318886 0.165499 -0.678551 0.697478 -0.160324
1778055282.819933 10.027408 7.799287 0.314369 0.153197 -0.689677 0.694221 -0.137595
1778055282.959592 10.046570 7.721430 0.310257 -0.132854 0.697529 -0.693335 0.122842
1778055283.105396 10.057832 7.636289 0.304948 -0.115732 0.699855 -0.696907 0.105501
1778055283.258096 10.059146 7.557182 0.314365 0.089617 -0.700703 0.702094 -0.089710
1778055283.388782 10.058906 7.476929 0.311268 -0.077212 0.703902 -0.703066 0.065264
1778055283.535293 10.058885 7.400396 0.314939 -0.058688 0.706491 -0.703731 0.046793
1778055283.666661 10.054778 7.314950 0.305713 -0.037857 0.710354 -0.701943 0.035225
1778055283.803385 10.042627 7.237537 0.313356 0.017754 -0.706501 0.707221 -0.019498
1778055283.939739 10.027184 7.152105 0.311355 0.004791 -0.706974 0.707175 0.008324
1778055284.083475 10.013706 7.073294 0.312987 0.009044 0.709339 -0.704209 -0.029087
1778055284.223302 10.014990 6.982448 0.307936 0.006067 0.711400 -0.702382 -0.023088
1778055284.363660 9.998254 6.901013 0.312255 0.021216 0.708651 -0.704701 -0.027554
1778055284.501496 9.979044 6.816357 0.310392 0.031793 0.708575 -0.703541 -0.044042
1778055284.642035 9.957882 6.738166 0.313064 0.043716 0.710441 -0.699492 -0.063831
1778055284.781054 9.929043 6.651978 0.303422 0.064100 0.712756 -0.695016 -0.069444
1778055284.920287 9.917946 6.566052 0.307155 0.059664 0.709111 -0.700258 -0.056930
1778055285.059347 9.918066 6.476848 0.306362 0.037295 0.709762 -0.701316 -0.054793
1778055285.219018 9.928044 6.389952 0.311342 0.015572 0.712338 -0.700269 -0.044218
1778055285.347375 9.942839 6.300917 0.306227 -0.001532 0.711293 -0.702544 -0.022170
1778055285.490767 9.956398 6.224169 0.309552 -0.016979 0.707756 -0.706239 0.004495
1778055285.624894 9.977056 6.140492 0.312788 0.035509 -0.700954 0.711941 -0.023304
1778055285.757276 9.993281 6.088211 0.308018 -0.053319 0.709074 -0.702568 0.027721
1778055285.904103 10.040361 5.976169 0.311289 0.076631 -0.703027 0.705127 -0.051736
1778055286.042137 10.043681 5.897238 0.312700 0.060876 -0.703523 0.706339 -0.049343
1778055286.186361 10.040212 5.808432 0.314710 0.044810 -0.702002 0.709988 -0.033211
1778055286.320438 10.037916 5.727492 0.313211 -0.037049 0.709564 -0.703393 0.019621
1778055286.462489 10.055492 5.633999 0.305412 -0.042959 0.713142 -0.698824 0.035038
1778055286.599555 10.073377 5.557093 0.308350 -0.054960 0.708769 -0.701218 0.054039
1778055286.739836 10.105469 5.480825 0.306719 -0.080724 0.706866 -0.699930 0.062622
1778055286.879606 10.141450 5.414464 0.310601 -0.105229 0.704936 -0.697740 0.071769
1778055287.026449 10.189410 5.341117 0.310868 0.129263 -0.697222 0.699381 -0.089661
1778055287.171180 10.233967 5.274297 0.305335 -0.145733 0.696812 -0.691753 0.121213
1778055287.309515 10.273547 5.217066 0.312495 0.154059 -0.683806 0.697405 -0.149337
1778055287.454075 10.326893 5.150528 0.309426 0.179021 -0.685897 0.686727 -0.160945
1778055287.585751 10.382103 5.101776 0.315316 0.202109 -0.676971 0.685307 -0.176681
1778055287.731388 10.447443 5.039910 0.306931 0.218956 -0.674428 0.674768 -0.204677
1778055287.868113 10.498030 4.994100 0.312017 0.229772 -0.666398 0.670724 -0.230755
1778055288.007326 10.546064 4.925919 0.311680 0.231918 -0.664871 0.674577 -0.221600
1778055288.146122 10.582053 4.862601 0.309206 -0.222940 0.676271 -0.671083 0.206402
1778055288.285699 10.637926 4.781387 0.297519 -0.222503 0.681813 -0.666705 0.202801
1778055288.425149 10.690170 4.718813 0.308664 -0.222271 0.674859 -0.666017 0.227118
1778055288.562186 10.750027 4.661274 0.309487 0.240206 -0.665532 0.666293 -0.235419
1778055288.700818 10.813586 4.616933 0.313494 0.265102 -0.658640 0.660513 -0.244206
1778055288.841882 10.892483 4.568248 0.311998 0.282446 -0.647248 0.655701 -0.267114
1778055288.989721 10.952780 4.514054 0.312774 0.282241 -0.647285 0.652235 -0.275594
1778055289.132304 11.011549 4.438853 0.310005 0.276287 -0.651789 0.658669 -0.254935
1778055289.265433 11.053640 4.387130 0.310057 -0.265178 0.663825 -0.657098 0.239245
1778055289.402398 11.094716 4.320721 0.300528 -0.247702 0.674857 -0.656577 0.228295
1778055289.545692 11.123520 4.253167 0.306608 -0.227413 0.677840 -0.664900 0.216158
1778055289.683754 11.143210 4.190207 0.306759 -0.206710 0.685701 -0.669888 0.195794
1778055289.825786 11.157300 4.129987 0.306045 -0.188201 0.688285 -0.680442 0.166859
1778055289.958547 11.157109 4.084110 0.303598 -0.162183 0.696751 -0.685813 0.133776
1778055290.101951 11.152634 4.030350 0.299170 -0.124665 0.702311 -0.693137 0.103821
1778055290.236898 11.137293 3.977647 0.295045 -0.093944 0.703307 -0.701141 0.070254
1778055290.380790 11.107474 3.929713 0.306879 -0.048541 0.705868 -0.705344 0.043393
1778055290.522616 11.074232 3.881387 0.309716 0.011488 -0.705861 0.708208 -0.008282
1778055290.680706 11.048351 3.833680 0.312828 -0.014452 -0.705817 0.707816 0.024703
1778055290.808127 11.027591 3.792640 0.316379 -0.037723 -0.695758 0.715371 0.052367
1778055290.949408 11.004795 3.744501 0.304242 -0.055560 -0.703279 0.705460 0.068095
1778055291.081178 10.976375 3.708669 0.308024 -0.075610 -0.696629 0.708563 0.083244
1778055291.225423 10.940580 3.665276 0.315324 -0.091223 -0.687262 0.711467 0.114736
1778055291.361919 10.910630 3.621907 0.314390 -0.107008 -0.694488 0.697198 0.141955
1778055291.500899 10.877426 3.568245 0.311539 0.130885 0.692446 -0.691498 -0.158800
1778055291.646824 10.834071 3.510175 0.308381 -0.153580 -0.685409 0.690256 0.173707
1778055291.781659 10.786244 3.465981 0.312551 -0.178224 -0.677563 0.689177 0.184880
1778055291.920941 10.731797 3.425325 0.319329 -0.202615 -0.661495 0.693180 0.202169
1778055292.062545 10.670034 3.371592 0.315876 -0.220139 -0.666444 0.674568 0.228799
1778055292.202221 10.631253 3.310561 0.319056 -0.210612 -0.666916 0.676868 0.229599
1778055292.344822 10.589633 3.230625 0.304778 0.196968 0.682684 -0.672509 -0.207069
1778055292.487512 10.561328 3.158592 0.307156 0.180054 0.685457 -0.679326 -0.190383
1778055292.628774 10.535827 3.082751 0.304289 0.161004 0.696249 -0.676191 -0.179113
1778055292.767744 10.509959 3.036435 0.293980 0.166360 0.712588 -0.661526 -0.164093
1778055292.917434 10.497386 3.017593 0.291200 0.161634 0.715108 -0.661017 -0.159849
1778055293.059544 10.493905 3.017014 0.293068 0.161687 0.709749 -0.662848 -0.175344
1778055293.193932 10.489604 3.023514 0.299218 0.171915 0.701787 -0.663692 -0.193527
1778055293.322560 10.478665 3.030882 0.301262 0.191584 0.695638 -0.660673 -0.207111
1778055293.463167 10.465710 3.039042 0.302564 0.210312 0.689883 -0.655675 -0.223428
1778055293.602342 10.454885 3.050380 0.304209 0.229583 0.682674 -0.652355 -0.235966
1778055293.740593 10.435930 3.060346 0.305874 0.251583 0.671970 -0.647405 -0.256960
1778055293.882546 10.407263 3.054390 0.306953 0.266096 0.664572 -0.639573 -0.280150
1778055294.019982 10.378375 3.048651 0.302062 0.289622 0.658574 -0.629753 -0.292934
1778055294.162801 10.335335 3.036519 0.294482 0.301368 0.650671 -0.620902 -0.316679
1778055294.300523 10.296293 3.026451 0.299322 0.316054 0.638482 -0.618895 -0.330786
1778055294.445499 10.246464 3.023653 0.306818 0.339561 0.618484 -0.615838 -0.350600
1778055294.584811 10.186597 3.012429 0.310681 0.350676 0.609666 -0.602388 -0.377442
1778055294.723240 10.135426 3.001028 0.310050 0.371113 0.601899 -0.590925 -0.388331
1778055294.866540 10.066513 2.986539 0.303380 0.391160 0.590286 -0.582599 -0.398917
1778055295.005131 10.002968 2.982451 0.306793 0.403527 0.578672 -0.573621 -0.416250
1778055295.145303 9.938474 2.985848 0.313048 -0.424417 -0.558507 0.568479 0.429852
1778055295.284819 9.864975 2.988804 0.311501 0.438470 0.551953 -0.549540 -0.448438
1778055295.426546 9.798570 2.990926 0.315349 -0.453543 -0.538695 0.539636 0.461412
1778055295.562866 9.722329 2.994235 0.306224 0.467344 0.530359 -0.526448 -0.472400
1778055295.703628 9.653345 3.006254 0.312483 -0.478977 -0.513132 0.518660 0.488127
1778055295.843385 9.581873 3.022915 0.314658 -0.488265 -0.503045 0.499172 0.509284
1778055295.999427 9.503080 3.041871 0.318836 -0.502312 -0.488551 0.482525 0.525518
1778055296.138610 9.427858 3.062037 0.314990 -0.518833 -0.472575 0.472917 0.532761
1778055296.272654 9.353091 3.090055 0.310987 -0.529606 -0.458890 0.463061 0.542689
1778055296.412315 9.282068 3.111035 0.321369 -0.532703 -0.444928 0.469113 0.546077
1778055296.547077 9.200948 3.113697 0.316961 -0.528032 -0.463383 0.466125 0.537760
1778055296.690122 9.116062 3.100324 0.322631 -0.507610 -0.479548 0.475064 0.535426
1778055296.822522 9.028570 3.099239 0.311024 -0.510907 -0.485709 0.476089 0.525738
1778055296.965653 8.949496 3.117109 0.320308 -0.513281 -0.475134 0.473217 0.535589
1778055297.105638 8.859650 3.132436 0.312432 -0.518384 -0.480709 0.463472 0.534220
1778055297.246956 8.775541 3.132094 0.315948 -0.514517 -0.485392 0.475100 0.523399
1778055297.387118 8.677429 3.128555 0.309399 -0.504006 -0.496642 0.488982 0.510118
1778055297.529686 8.590464 3.113414 0.311744 0.490272 0.509903 -0.500265 -0.499367
1778055297.663993 8.510992 3.112743 0.314368 0.489840 0.510541 -0.494352 -0.504996
1778055297.805191 8.419250 3.121869 0.307261 0.503107 0.506063 -0.486267 -0.504310
1778055297.952098 8.325148 3.126353 0.305877 0.502569 0.503605 -0.494000 -0.499770
1778055298.089247 8.243973 3.118849 0.313900 0.491497 0.505914 -0.505444 -0.496999
1778055298.230324 8.156912 3.103610 0.309577 0.479268 0.524999 -0.504544 -0.490013
1778055298.367348 8.075321 3.073467 0.318222 0.455649 0.535798 -0.518652 -0.486112
1778055298.524138 7.982217 3.039591 0.310861 0.445405 0.549497 -0.538969 -0.457363
1778055298.650278 7.913554 3.013206 0.314634 -0.431689 -0.553028 0.555756 0.446028
1778055298.790387 7.835280 2.977631 0.309932 0.417550 0.574373 -0.555055 -0.433200
1778055298.925806 7.763211 2.928870 0.315239 0.395672 0.585156 -0.568394 -0.421858
1778055299.067955 7.679285 2.900379 0.308395 0.403308 0.581085 -0.570936 -0.416791
1778055299.205658 7.597158 2.889704 0.317850 -0.417287 -0.566117 0.569927 0.424931
1778055299.345040 7.511249 2.869826 0.308737 0.421383 0.574448 -0.559217 -0.423937
1778055299.496390 7.427249 2.834413 0.313978 0.411348 0.579494 -0.567757 -0.415489
1778055299.637550 7.349206 2.797807 0.309765 0.399832 0.586675 -0.580658 -0.398476
1778055299.773166 7.287273 2.750498 0.310236 0.378078 0.602215 -0.586534 -0.387778
1778055299.908131 7.231519 2.704148 0.309316 0.357750 0.614742 -0.592009 -0.378989
1778055300.048999 7.173523 2.648653 0.309286 0.337672 0.627405 -0.601337 -0.361571
1778055300.188641 7.117067 2.592415 0.302405 0.324245 0.635802 -0.614524 -0.336127
1778055300.328056 7.070136 2.541463 0.308567 0.308685 0.637455 -0.632191 -0.314164
1778055300.469077 7.014846 2.481532 0.307098 0.293217 0.646074 -0.633539 -0.308612
1778055300.611072 6.956638 2.438654 0.311313 0.303014 0.641247 -0.629816 -0.316726
1778055300.745826 6.887989 2.396213 0.307873 0.315428 0.632587 -0.628064 -0.325383
1778055300.882971 6.817492 2.368254 0.310651 -0.331412 -0.623090 0.625260 0.333129
1778055301.026234 6.740514 2.344144 0.313781 -0.348011 -0.607860 0.621877 0.350232
1778055301.166727 6.666797 2.320433 0.314312 0.364702 0.607975 -0.601868 -0.367579
1778055301.307039 6.598368 2.301205 0.313317 0.379436 0.597251 -0.595140 -0.380957
1778055301.459087 6.511397 2.284365 0.306338 0.394743 0.589396 -0.582516 -0.396819
1778055301.590816 6.441368 2.278238 0.312415 -0.411989 -0.574297 0.575912 0.410820
1778055301.726295 6.364693 2.272898 0.309630 0.423700 0.568058 -0.560088 -0.429058
1778055301.867041 6.290229 2.268435 0.311587 0.438805 0.558109 -0.547295 -0.443207
1778055302.009214 6.204855 2.267164 0.303273 0.453972 0.547766 -0.536788 -0.453565
1778055302.149234 6.130018 2.276572 0.313947 -0.470163 -0.527623 0.533034 0.465227
1778055302.285352 6.052317 2.262376 0.310215 0.459131 0.536384 -0.534471 -0.464577
1778055302.429400 5.971860 2.233824 0.309428 0.446770 0.553608 -0.535560 -0.455072
1778055302.569317 5.888186 2.196060 0.310707 0.427093 0.561646 -0.549246 -0.447742
1778055302.709312 5.804792 2.177544 0.313705 0.430204 0.560247 -0.550675 -0.444752
1778055302.849172 5.718666 2.171496 0.311872 0.437406 0.552928 -0.541912 -0.457469
1778055302.988304 5.639122 2.165458 0.314103 0.452367 0.546718 -0.526227 -0.468561
1778055303.128003 5.556063 2.164298 0.307210 0.468160 0.535589 -0.519823 -0.473027
1778055303.269233 5.469723 2.176238 0.309585 0.483691 0.517842 -0.516605 -0.480627
1778055303.410878 5.385315 2.185144 0.312735 -0.489444 -0.507690 0.511391 0.491096
1778055303.546243 5.304505 2.173967 0.311902 0.483683 0.523092 -0.505866 -0.486339
1778055303.691461 5.207189 2.146615 0.314202 0.466036 0.531613 -0.518463 -0.481034
1778055303.826993 5.129274 2.125159 0.310379 0.456741 0.542110 -0.534447 -0.460295
1778055303.971089 5.037131 2.112524 0.310909 0.451341 0.543828 -0.530916 -0.467622
1778055304.112766 4.959307 2.109808 0.310568 0.466331 0.539452 -0.515215 -0.475480
1778055304.247530 4.870322 2.108390 0.305219 0.480266 0.529352 -0.510017 -0.478554
1778055304.386517 4.789884 2.119833 0.307513 0.491769 0.513371 -0.507176 -0.487222
1778055304.531186 4.701036 2.126032 0.314911 -0.492716 -0.504005 0.509261 0.493825
1778055304.670825 4.619253 2.115001 0.311440 0.488518 0.519676 -0.504212 -0.486886
1778055304.808676 4.526785 2.088209 0.316374 0.466341 0.527652 -0.518030 -0.485546
1778055304.953234 4.444234 2.076307 0.310908 0.466624 0.532664 -0.523949 -0.473295
1778055305.091905 4.352589 2.078801 0.312148 0.470501 0.528221 -0.512173 -0.487124
1778055305.237641 4.266028 2.085783 0.310256 0.488045 0.520614 -0.498114 -0.492601
1778055305.369708 4.180920 2.097380 0.301065 0.506441 0.509498 -0.492324 -0.491473
1778055305.509148 4.096519 2.093448 0.309601 0.498776 0.508269 -0.504164 -0.488573
1778055305.649318 4.008573 2.082699 0.310307 0.484640 0.516712 -0.510946 -0.486896
1778055305.787421 3.925211 2.063209 0.311113 0.471090 0.536016 -0.507889 -0.482504
1778055305.926796 3.834842 2.030300 0.308210 0.453298 0.546126 -0.523737 -0.471134
1778055306.068428 3.751007 2.014040 0.308143 0.453208 0.548362 -0.529569 -0.462016
1778055306.206634 3.661341 2.011109 0.309942 0.458816 0.540853 -0.522979 -0.472714
1778055306.349687 3.579578 2.014012 0.309280 0.474742 0.535532 -0.510315 -0.476869
1778055306.488564 3.494954 2.009012 0.294138 0.477761 0.541231 -0.507558 -0.470317
1778055306.632055 3.449819 1.997641 0.291004 0.470792 0.553506 -0.499206 -0.471994
1778055306.775446 3.435254 1.991710 0.295565 0.477281 0.547840 -0.494819 -0.476685
1778055306.917152 3.434983 2.017921 0.302121 0.506135 0.518969 -0.474111 -0.499717
1778055307.050619 3.437580 2.046067 0.305765 0.532458 0.489135 -0.446348 -0.527266
1778055307.187839 3.440605 2.075878 0.309694 0.560438 0.450032 -0.421901 -0.552612
1778055307.324453 3.445621 2.100041 0.308337 0.580331 0.422662 -0.395003 -0.573189
1778055307.467648 3.453142 2.121675 0.306771 0.599530 0.394518 -0.377535 -0.585138
1778055307.613620 3.459943 2.129077 0.309269 0.607903 0.374881 -0.362316 -0.598870
1778055307.745606 3.462144 2.137747 0.307372 0.616714 0.360207 -0.352801 -0.604522
1778055307.889903 3.457522 2.154446 0.309372 0.624341 0.342802 -0.338344 -0.614986
1778055308.027966 3.442393 2.181671 0.309971 -0.626883 -0.334570 0.313072 0.630132
1778055308.169111 3.423231 2.213709 0.308599 0.638427 0.318940 -0.294505 -0.635574
1778055308.308753 3.400588 2.253220 0.302943 -0.644136 -0.299043 0.280199 0.645872
1778055308.447620 3.354593 2.289059 0.295042 0.642109 0.305594 -0.286453 -0.642069
1778055308.592079 3.308582 2.316754 0.301729 -0.635503 -0.305994 0.308339 0.638303
1778055308.734104 3.245283 2.347540 0.303374 -0.622240 -0.330832 0.311243 0.637569
1778055308.870969 3.176599 2.371531 0.311151 -0.614579 -0.348360 0.328910 0.626703
1778055309.008624 3.099116 2.395390 0.307867 -0.604213 -0.368248 0.345338 0.616491
1778055309.150430 3.024350 2.417872 0.308827 -0.596409 -0.381443 0.372999 0.599724
1778055309.290034 2.952061 2.433183 0.313149 -0.578791 -0.396953 0.387490 0.597730
1778055309.427724 2.874560 2.444469 0.311070 -0.572316 -0.420517 0.392482 0.584447
1778055309.571500 2.783562 2.449406 0.308716 -0.559311 -0.440262 0.410271 0.570104
1778055309.707078 2.701307 2.456539 0.306644 -0.551191 -0.450170 0.434120 0.552337
1778055309.847630 2.622718 2.456121 0.313759 -0.534499 -0.457693 0.457110 0.543947
1778055309.987597 2.539280 2.452631 0.308969 -0.523846 -0.481004 0.460372 0.531299
1778055310.130735 2.450232 2.437931 0.314333 -0.504836 -0.496315 0.475616 0.522112
1778055310.268924 2.372704 2.441269 0.305333 -0.507213 -0.497530 0.474884 0.519312
1778055310.412789 2.336930 2.433530 0.299965 -0.509185 -0.511342 0.464267 0.513533
1778055310.545648 2.328312 2.426513 0.301263 0.512800 0.508212 -0.468400 -0.509273
1778055310.689932 2.330908 2.430801 0.303396 0.513866 0.503213 -0.471402 -0.510391
1778055310.829327 2.327430 2.442747 0.305324 0.524367 0.492675 -0.457700 -0.522323
1778055310.969009 2.325403 2.464634 0.307762 0.547544 0.466222 -0.437215 -0.540070
1778055311.115977 2.329336 2.489549 0.308516 0.571845 0.434730 -0.407876 -0.563596
1778055311.249643 2.337633 2.516971 0.310312 0.594989 0.396055 -0.379236 -0.587630
1778055311.385300 2.347313 2.540666 0.306552 0.613386 0.372378 -0.349474 -0.602462
1778055311.526092 2.358199 2.557560 0.305575 0.632226 0.338259 -0.339978 -0.608511
1778055311.664103 2.357057 2.559567 0.308810 0.633586 0.326965 -0.335235 -0.615858
1778055311.808708 2.336325 2.552392 0.311098 0.624217 0.337733 -0.340521 -0.616713
1778055311.941928 2.303890 2.555736 0.304174 0.618247 0.351937 -0.349049 -0.609980
1778055312.082453 2.259998 2.555850 0.294594 0.611989 0.367972 -0.364366 -0.597749
1778055312.232356 2.208432 2.552448 0.290341 0.600114 0.393657 -0.368450 -0.590883
1778055312.370070 2.151245 2.550963 0.294757 0.587326 0.414625 -0.379116 -0.582586
1778055312.507658 2.091284 2.551706 0.298114 -0.572570 -0.433146 0.394611 0.573437
1778055312.645910 2.019134 2.554644 0.296642 -0.559307 -0.444937 0.417894 0.560866
1778055312.785783 1.961381 2.556101 0.307571 0.547887 0.446193 -0.450705 -0.545524
1778055312.926243 1.907076 2.549988 0.299899 0.538984 0.466959 -0.457889 -0.530833
1778055313.071475 1.871278 2.525881 0.303172 0.521688 0.491756 -0.465260 -0.519183
1778055313.211899 1.835497 2.531888 0.310951 -0.522924 -0.482624 0.462936 0.528503
1778055313.366401 1.795411 2.546793 0.311734 -0.533541 -0.466198 0.455857 0.538691
1778055313.489543 1.746353 2.567012 0.302814 0.546653 0.459137 -0.444210 -0.541333
1778055313.632939 1.689569 2.583905 0.301950 0.546603 0.456443 -0.451674 -0.537471
1778055313.782414 1.624350 2.591770 0.301087 -0.535364 -0.460720 0.458274 0.539544
1778055313.908997 1.567615 2.579115 0.297461 0.532258 0.483906 -0.456417 -0.523659
1778055314.048862 1.511140 2.567418 0.296609 0.520634 0.496827 -0.468528 -0.512430
1778055314.193662 1.459759 2.552907 0.297541 0.501725 0.510773 -0.484084 -0.503036
1778055314.328539 1.430156 2.534486 0.298290 0.492149 0.523470 -0.499341 -0.484176
1778055314.472505 1.383958 2.509632 0.295993 0.473741 0.538302 -0.510923 -0.474087
1778055314.610311 1.336754 2.485698 0.302303 0.456172 0.551420 -0.521445 -0.464691
1778055314.754400 1.272822 2.475061 0.305635 0.453681 0.546972 -0.522209 -0.471479
1778055314.891924 1.205704 2.454682 0.298051 0.450124 0.556123 -0.531138 -0.453881
1778055315.030277 1.144052 2.433225 0.307784 -0.442040 -0.551313 0.552252 0.442347
1778055315.170023 1.070211 2.400435 0.304028 0.425312 0.566231 -0.556289 -0.434782
1778055315.309282 1.006808 2.361067 0.310291 0.409429 0.581732 -0.563773 -0.419661
1778055315.452156 0.930063 2.310002 0.304337 0.390967 0.593483 -0.577075 -0.402377
1778055315.588176 0.867596 2.268620 0.309878 0.378825 0.598684 -0.596443 -0.377260
1778055315.728650 0.804038 2.219895 0.309385 0.357559 0.607775 -0.605945 -0.368229
1778055315.878231 0.738267 2.155000 0.313373 0.332712 0.626986 -0.605928 -0.359224
1778055316.020126 0.670238 2.099309 0.314407 0.330698 0.619794 -0.615613 -0.357093
1778055316.152479 0.600321 2.067103 0.314554 0.347390 0.614242 -0.612689 -0.355863
1778055316.293416 0.517388 2.043448 0.314336 -0.360279 -0.603972 0.604248 0.374568
1778055316.438207 0.437767 2.022713 0.315433 0.381232 0.598327 -0.589502 -0.386206
1778055316.571569 0.356510 2.004087 0.306493 0.401453 0.589100 -0.580384 -0.393638
1778055316.712436 0.287397 1.996201 0.305604 0.410686 0.580013 -0.570366 -0.411831
1778055316.849863 0.222217 1.995647 0.304244 0.429487 0.571791 -0.550920 -0.430212
1778055316.991352 0.162344 2.003622 0.312417 0.443644 0.551996 -0.534257 -0.461573
1778055317.130131 0.125785 2.028195 0.309055 0.475304 0.530574 -0.504858 -0.487541
1778055317.270052 0.090104 2.059968 0.297667 0.511590 0.502147 -0.476176 -0.509294
1778055317.408514 0.059257 2.101451 0.303100 -0.534704 -0.465868 0.447152 0.545082
1778055317.545407 0.046368 2.156562 0.313118 -0.570008 -0.413605 0.420424 0.572071
1778055317.705811 0.029169 2.218095 0.314608 -0.594297 -0.376814 0.372196 0.605221
1778055317.837754 0.013137 2.259397 0.313646 -0.617596 -0.348518 0.336344 0.619664
1778055317.972582 0.004634 2.297215 0.309879 -0.633024 -0.323281 0.305746 0.633474
1778055318.116831 -0.011349 2.345717 0.298996 0.650894 0.291105 -0.281082 -0.642330
1778055318.250310 -0.025392 2.394127 0.301129 -0.653390 -0.267539 0.259516 0.658905
1778055318.390805 -0.023589 2.444954 0.309860 -0.662562 -0.223749 0.250777 0.669372
1778055318.528409 -0.033437 2.499702 0.307600 -0.670848 -0.214551 0.211613 0.677607
1778055318.668426 -0.049676 2.547998 0.312178 -0.676461 -0.196279 0.190722 0.683740
1778055318.808831 -0.069019 2.603957 0.309168 -0.675131 -0.181104 0.172120 0.694099
1778055318.949538 -0.076691 2.661972 0.305316 -0.686015 -0.165241 0.160071 0.690258
1778055319.087086 -0.073491 2.719763 0.314943 -0.680617 -0.137504 0.143406 0.705187
1778055319.232152 -0.078021 2.791494 0.309774 -0.691743 -0.124647 0.110272 0.702705
1778055319.369168 -0.086548 2.856506 0.311767 -0.695812 -0.103587 0.096871 0.704082
1778055319.519177 -0.093242 2.939262 0.303337 -0.700550 -0.089935 0.075270 0.703901
1778055319.654378 -0.090265 3.008606 0.310680 -0.698931 -0.063799 0.073855 0.708499
1778055319.794389 -0.109335 3.082028 0.318832 -0.688979 -0.074355 0.083705 0.716081
1778055319.936750 -0.150523 3.155318 0.314314 -0.699397 -0.101452 0.085499 0.702311
1778055320.074648 -0.197510 3.230184 0.317637 -0.688593 -0.125244 0.099490 0.707287
1778055320.211009 -0.243357 3.301432 0.311419 -0.692355 -0.143568 0.127271 0.695583
1778055320.349373 -0.288101 3.369459 0.313169 -0.684071 -0.160629 0.145083 0.696561
1778055320.491300 -0.332960 3.438679 0.309792 -0.688165 -0.174884 0.146416 0.688772
1778055320.631657 -0.362075 3.497963 0.301102 0.697548 0.176380 -0.145166 -0.679149
1778055320.775471 -0.375932 3.524753 0.294787 0.701076 0.181846 -0.150939 -0.672787
1778055320.911939 -0.369885 3.527877 0.300196 0.699067 0.176185 -0.145521 -0.677560
1778055321.061492 -0.346773 3.536688 0.304451 0.704881 0.144949 -0.122141 -0.683531
1778055321.201372 -0.313012 3.549177 0.306547 0.712125 0.104850 -0.081425 -0.689387
1778055321.335511 -0.275032 3.560806 0.306595 0.717560 0.062523 -0.039269 -0.692572
1778055321.476327 -0.237706 3.566357 0.307541 0.717667 0.016895 -0.000530 -0.696181
1778055321.610942 -0.210164 3.567331 0.308803 0.712653 -0.018419 0.038447 -0.700220
1778055321.749253 -0.182781 3.563561 0.308377 0.706938 -0.037037 0.083389 -0.701365
1778055321.893259 -0.158698 3.561496 0.314691 -0.698951 0.070819 -0.093167 0.705530
1778055322.030914 -0.143269 3.574111 0.315114 -0.697383 0.077250 -0.113333 0.703452
1778055322.171625 -0.152069 3.613992 0.316285 -0.697640 0.064156 -0.097546 0.706871
1778055322.308088 -0.157790 3.658188 0.314867 -0.701030 0.054068 -0.073157 0.707306
1778055322.447870 -0.160495 3.716119 0.309279 -0.702415 0.040421 -0.051595 0.708744
1778055322.588141 -0.169988 3.770768 0.313106 -0.699382 0.024117 -0.029575 0.713729
1778055322.729461 -0.181221 3.840871 0.309296 -0.703732 0.000522 -0.020905 0.710158
1778055322.869078 -0.205136 3.910858 0.314806 -0.705727 -0.025915 -0.002680 0.708005
1778055323.006842 -0.223594 3.967281 0.311846 -0.704658 -0.039735 0.014337 0.708289
1778055323.190581 -0.251500 4.054766 0.311116 -0.703859 -0.059765 0.046875 0.706268
1778055323.307185 -0.288788 4.136764 0.309342 -0.698837 -0.088252 0.064865 0.706846
1778055323.429882 -0.323355 4.196237 0.311347 0.701499 0.110888 -0.077845 -0.699673
1778055323.570638 -0.371412 4.268617 0.307922 0.698455 0.133372 -0.102460 -0.695611
1778055323.712732 -0.411015 4.329749 0.306939 0.694569 0.150767 -0.127583 -0.691785
1778055323.854218 -0.456097 4.382178 0.307226 -0.687425 -0.167669 0.151464 0.690212
1778055323.993262 -0.508550 4.433229 0.305863 -0.683614 -0.193694 0.163310 0.684459
1778055324.128790 -0.560270 4.470705 0.311583 -0.674921 -0.219383 0.183819 0.680120
1778055324.267934 -0.619827 4.513293 0.302873 -0.669463 -0.239090 0.212185 0.670547
1778055324.408967 -0.670631 4.544282 0.305563 0.661528 0.257321 -0.246247 -0.659947
1778055324.555673 -0.727748 4.570970 0.307897 -0.646051 -0.276425 0.276630 0.655502
1778055324.697678 -0.791306 4.588229 0.302979 -0.638991 -0.310816 0.289296 0.641398
1778055324.841670 -0.855112 4.590314 0.312545 -0.615471 -0.346245 0.313057 0.635063
1778055324.984457 -0.926541 4.597075 0.307940 -0.605603 -0.369235 0.345981 0.614172
1778055325.110763 -0.977399 4.600564 0.311328 -0.593299 -0.386296 0.371619 0.600559
1778055325.251414 -1.041279 4.602488 0.307295 -0.577847 -0.404408 0.393393 0.589736
1778055325.390668 -1.101621 4.597917 0.305697 -0.568418 -0.428313 0.404561 0.574264
1778055325.529513 -1.162815 4.586330 0.309697 -0.547103 -0.449550 0.422487 0.565764
1778055325.671363 -1.232404 4.576453 0.301275 -0.540569 -0.464259 0.447078 0.540713
1778055325.813868 -1.291164 4.567264 0.306906 -0.524168 -0.475030 0.469768 0.528121
1778055325.951739 -1.357629 4.554223 0.304502 -0.506920 -0.489751 0.483061 0.519450
1778055326.091295 -1.419297 4.536247 0.308907 0.496311 0.508184 -0.492565 -0.502796
1778055326.230848 -1.491522 4.508803 0.311124 0.474616 0.523271 -0.509665 -0.491089
1778055326.368381 -1.562466 4.483224 0.306327 0.462884 0.538873 -0.525332 -0.468381
1778055326.517043 -1.632305 4.467233 0.308084 0.457996 0.540337 -0.531073 -0.465012
1778055326.658664 -1.719199 4.467543 0.307766 0.469898 0.534674 -0.514123 -0.478538
1778055326.794383 -1.795431 4.470579 0.305392 0.483781 0.526097 -0.505419 -0.483456
1778055326.933193 -1.881327 4.481018 0.305678 0.493694 0.512052 -0.498802 -0.495244
1778055327.079477 -1.960512 4.495983 0.313986 0.507611 0.494544 -0.496854 -0.500893
1778055327.216504 -2.053018 4.501535 0.304744 0.510019 0.501646 -0.485657 -0.502363
1778055327.353129 -2.127326 4.505285 0.311917 -0.510255 -0.492963 0.481619 0.514462
1778055327.491879 -2.214729 4.518505 0.302961 -0.519349 -0.483013 0.471982 0.523649
1778055327.630993 -2.275093 4.544040 0.308861 -0.531921 -0.468556 0.462900 0.532202
1778055327.769604 -2.336888 4.572727 0.305429 -0.543455 -0.455880 0.441327 0.549600
1778055327.908410 -2.388161 4.601943 0.311508 -0.557266 -0.438122 0.419713 0.566874
1778055328.060665 -2.428859 4.635902 0.307958 -0.578102 -0.414284 0.397470 0.579814
1778055328.195613 -2.469699 4.677861 0.298425 0.599104 0.387644 -0.376641 -0.590718
1778055328.346752 -2.499406 4.732066 0.305924 -0.612319 -0.354884 0.351430 0.612878
1778055328.479082 -2.511602 4.782413 0.311996 0.628988 0.314468 -0.333756 -0.627767
1778055328.614574 -2.528635 4.836133 0.308418 0.643604 0.297867 -0.289411 -0.642876
1778055328.758120 -2.535994 4.873788 0.307570 0.660483 0.266728 -0.265982 -0.649517
1778055328.895753 -2.534902 4.909296 0.301532 0.670490 0.240998 -0.240576 -0.659156
1778055329.033937 -2.527337 4.925986 0.298831 0.672842 0.236450 -0.212943 -0.667855
1778055329.173889 -2.520797 4.928709 0.300444 0.675497 0.229235 -0.199395 -0.671860
1778055329.312924 -2.514904 4.930216 0.301151 0.678745 0.220377 -0.191748 -0.673774
1778055329.457669 -2.506338 4.932429 0.301710 0.681987 0.211301 -0.181726 -0.676181
1778055329.587725 -2.492064 4.937989 0.304916 0.685450 0.187997 -0.176724 -0.680870
1778055329.732315 -2.498236 4.938683 0.305018 0.683354 0.194530 -0.183474 -0.679355
1778055329.879299 -2.504597 4.937850 0.306123 0.681672 0.198780 -0.186389 -0.679021
1778055330.011648 -2.494403 4.947560 0.307001 0.687059 0.182601 -0.167934 -0.682939
1778055330.162631 -2.466417 4.965868 0.308256 0.698271 0.142592 -0.121604 -0.690867
1778055330.285459 -2.435261 4.974875 0.308516 0.707200 0.099045 -0.088419 -0.694435
1778055330.442284 -2.380393 4.977000 0.305584 0.715533 0.027862 -0.034621 -0.697164
1778055330.573013 -2.331968 4.980549 0.298761 0.723738 -0.025015 0.022431 -0.689257
1778055330.711531 -2.285734 4.982042 0.294455 0.718494 -0.065824 0.084980 -0.687177
1778055330.852867 -2.257790 4.976033 0.305660 0.708944 -0.101664 0.124771 -0.686655
1778055330.997494 -2.231891 4.969189 0.309198 0.700618 -0.140889 0.156771 -0.681695
1778055331.133994 -2.218010 4.965026 0.310184 0.693550 -0.165507 0.174712 -0.679022
1778055331.274283 -2.209733 4.972665 0.311652 0.690986 -0.167988 0.185058 -0.678286
1778055331.411440 -2.208929 5.000664 0.311060 0.695216 -0.154751 0.167329 -0.681709
1778055331.553366 -2.197007 5.047523 0.307157 0.692933 -0.143042 0.150150 -0.690534
1778055331.692195 -2.192655 5.098350 0.305517 0.696068 -0.129315 0.125749 -0.694949
1778055331.843313 -2.193811 5.163193 0.305646 0.699708 -0.097613 0.115982 -0.698161
1778055331.982326 -2.197957 5.227599 0.310544 0.704167 -0.071711 0.100395 -0.699233
1778055332.131662 -2.204981 5.303301 0.308017 0.706218 -0.047704 0.077624 -0.702108
1778055332.258916 -2.210734 5.372120 0.306065 0.706935 -0.032157 0.050691 -0.704726
1778055332.394448 -2.217904 5.435712 0.313306 -0.699392 0.019758 -0.027061 0.713953
1778055332.533350 -2.209138 5.513925 0.312558 -0.701809 0.018526 -0.034369 0.711295
1778055332.673187 -2.199379 5.587329 0.309173 0.710776 -0.024297 0.039098 -0.701910
1778055332.813922 -2.201027 5.679280 0.300172 0.714733 -0.013501 0.027519 -0.698725
1778055332.955828 -2.208512 5.758041 0.304961 0.711939 -0.006562 0.007906 -0.702166
1778055333.095128 -2.226972 5.846287 0.305683 0.711250 0.022592 0.001858 -0.702573
1778055333.236257 -2.247446 5.919862 0.310372 0.711249 0.045247 -0.012781 -0.701366
1778055333.373359 -2.270689 6.011482 0.303087 0.711179 0.059763 -0.028467 -0.699888
1778055333.513029 -2.271356 6.090362 0.312506 0.707794 0.044517 -0.028880 -0.704423
1778055333.648746 -2.269636 6.177070 0.311195 -0.706605 -0.033679 0.016365 0.706617
1778055333.792396 -2.262857 6.258491 0.312206 0.712938 0.018050 0.000224 -0.700994
1778055333.943698 -2.247842 6.352030 0.301793 0.715029 -0.002251 0.011527 -0.698996
1778055334.080431 -2.224781 6.426914 0.311626 0.709462 -0.027625 0.021666 -0.703868
1778055334.213698 -2.198113 6.503531 0.311124 0.706747 -0.042369 0.047097 -0.704625
1778055334.350752 -2.177443 6.571380 0.313623 0.707577 -0.055028 0.071377 -0.700865
1778055334.494439 -2.161115 6.650167 0.313266 0.704728 -0.059768 0.081851 -0.702201
1778055334.634783 -2.158084 6.739439 0.305219 0.710300 -0.046463 0.058929 -0.699888
1778055334.778179 -2.160715 6.820627 0.310928 -0.703845 0.029873 -0.044989 0.708298
1778055334.915953 -2.158531 6.903478 0.310969 0.707252 -0.024326 0.046429 -0.705016
1778055335.053989 -2.148026 6.979682 0.308475 0.710357 -0.030140 0.050277 -0.701397
1778055335.197140 -2.131692 7.079052 0.303442 0.711360 -0.036090 0.047017 -0.700324
1778055335.333892 -2.126502 7.148154 0.315529 -0.703495 0.033909 -0.033127 0.709118
1778055335.495765 -2.129843 7.261708 0.308457 0.710123 -0.014446 0.023703 -0.703531
1778055335.623035 -2.138981 7.338363 0.318444 -0.704602 0.001057 -0.027211 0.709080
1778055335.761651 -2.133677 7.431360 0.310978 -0.704588 0.011356 -0.029013 0.708933
1778055335.898028 -2.115162 7.503962 0.314994 -0.704826 0.027710 -0.037405 0.707851
1778055336.038930 -2.089692 7.577737 0.312428 -0.702345 0.042906 -0.058858 0.708100
1778055336.179810 -2.066432 7.635942 0.314674 0.706469 -0.064331 0.077764 -0.700511
1778055336.316965 -2.033497 7.687825 0.305291 0.707933 -0.095445 0.094216 -0.693429
1778055336.461864 -1.991187 7.729498 0.302386 0.700132 -0.115693 0.130774 -0.692336
1778055336.604833 -1.946530 7.743554 0.308961 0.689000 -0.160711 0.159953 -0.688380
1778055336.742890 -1.892361 7.756486 0.308489 0.680990 -0.196739 0.208386 -0.673885
1778055336.884730 -1.842883 7.767808 0.310023 0.671485 -0.229305 0.252082 -0.658013
1778055337.021497 -1.802839 7.770329 0.307920 0.659058 -0.262901 0.286217 -0.643899
1778055337.171707 -1.752235 7.779644 0.295946 0.649658 -0.297927 0.310169 -0.626881
1778055337.309524 -1.707055 7.780959 0.297897 0.638263 -0.313123 0.336052 -0.617773
1778055337.447645 -1.663768 7.774712 0.307716 0.615392 -0.344359 0.355700 -0.613341
1778055337.584678 -1.607959 7.777907 0.309069 0.603329 -0.354728 0.389405 -0.598771
1778055337.724983 -1.555693 7.785400 0.311788 0.594628 -0.378889 0.398946 -0.586262
1778055337.865652 -1.495225 7.795582 0.307196 0.582097 -0.396440 0.412497 -0.577792
1778055338.009871 -1.425641 7.801394 0.304737 0.572181 -0.408120 0.430323 -0.566453
1778055338.150901 -1.362279 7.796123 0.312279 -0.551021 0.432527 -0.438390 0.563125
1778055338.289755 -1.289581 7.796858 0.312058 -0.546349 0.438407 -0.453676 0.550890
1778055338.431705 -1.222969 7.825028 0.316449 0.562921 -0.426629 0.441904 -0.553018
1778055338.568265 -1.145245 7.863758 0.314673 0.572129 -0.409322 0.429477 -0.566281
1778055338.710949 -1.084484 7.904298 0.312378 0.588241 -0.392182 0.411980 -0.574838
1778055338.859238 -1.030765 7.952446 0.304384 0.605536 -0.373070 0.397730 -0.579617
1778055338.998847 -0.977002 8.003383 0.308134 0.621520 -0.350764 0.380890 -0.587878
1778055339.138319 -0.926843 8.039333 0.294806 0.636351 -0.348011 0.357728 -0.588198
1778055339.272543 -0.909118 8.056773 0.296276 0.634789 -0.338701 0.353645 -0.597712
1778055339.408173 -0.921419 8.078297 0.304650 0.642463 -0.308225 0.329815 -0.619243
1778055339.563063 -0.946671 8.114476 0.310145 0.658198 -0.264993 0.285063 -0.644433
1778055339.714705 -0.982665 8.156586 0.309767 0.677167 -0.213060 0.225901 -0.667097
1778055339.830222 -1.025988 8.185331 0.298960 0.693920 -0.170951 0.158557 -0.681257
1778055339.967408 -1.076055 8.217163 0.297312 0.706465 -0.113912 0.086603 -0.693132
1778055340.106538 -1.111330 8.222196 0.301461 0.705302 -0.076299 0.025716 -0.704320
1778055340.248460 -1.143877 8.218272 0.299776 0.710279 -0.032952 -0.013977 -0.703009
1778055340.388340 -1.167425 8.216965 0.296817 0.714680 0.009092 -0.038141 -0.698351
1778055340.528815 -1.192177 8.218911 0.298381 0.715261 0.042012 -0.050492 -0.695764
1778055340.672868 -1.187381 8.226213 0.300070 0.713919 0.049038 -0.027615 -0.697963
1778055340.824398 -1.164945 8.245416 0.299585 0.715008 0.028217 -0.003546 -0.698538
1778055340.951791 -1.131507 8.264676 0.296963 0.716247 -0.012868 0.027646 -0.697180
1778055341.087090 -1.091092 8.286251 0.291244 0.714734 -0.059778 0.070171 -0.693295
1778055341.229810 -1.036566 8.296652 0.300784 0.705385 -0.103667 0.128293 -0.689367
1778055341.368518 -0.973366 8.289890 0.309362 0.687222 -0.172050 0.180506 -0.682307
1778055341.508312 -0.918909 8.289429 0.311588 0.675274 -0.215925 0.240009 -0.663157
1778055341.646944 -0.877654 8.284081 0.309049 0.659589 -0.262413 0.281888 -0.645462
1778055341.786432 -0.834464 8.285640 0.300448 0.648259 -0.296354 0.309325 -0.629486
1778055341.930332 -0.792513 8.279237 0.304720 0.631053 -0.318920 0.336910 -0.621734
1778055342.072348 -0.753761 8.269730 0.308665 0.615438 -0.346663 0.361645 -0.608502
1778055342.214649 -0.706212 8.267099 0.310847 0.601097 -0.363130 0.394433 -0.592657
1778055342.353221 -0.661430 8.271592 0.307112 0.595656 -0.387920 0.405376 -0.574788
1778055342.500730 -0.602055 8.276461 0.300847 0.582039 -0.411190 0.415670 -0.565130
1778055342.643928 -0.538742 8.276023 0.304299 0.566582 -0.422231 0.433647 -0.559157
1778055342.773737 -0.484326 8.264405 0.312290 -0.542589 0.445839 -0.443056 0.557249
1778055342.913301 -0.419463 8.251540 0.310743 0.536043 -0.457223 0.465892 -0.535304
1778055343.053795 -0.354859 8.245576 0.316271 0.524516 -0.471356 0.480239 -0.521609
1778055343.199742 -0.280152 8.238575 0.311904 -0.509567 0.484720 -0.493071 0.512122
1778055343.332105 -0.212155 8.223126 0.309622 0.499477 -0.495088 0.506086 -0.499287
1778055343.472480 -0.149148 8.200059 0.315742 0.479067 -0.510572 0.518477 -0.490910
1778055343.610623 -0.069009 8.186290 0.311033 0.486928 -0.513474 0.520677 -0.477640
1778055343.750562 0.011906 8.196281 0.319099 0.498892 -0.499323 0.512238 -0.489280
1778055343.892525 0.103827 8.210278 0.311113 0.512242 -0.483595 0.503536 -0.500195
1778055344.031435 0.176577 8.232683 0.313173 0.528442 -0.470607 0.488921 -0.510132
1778055344.187577 0.265067 8.264497 0.311233 0.549480 -0.453911 0.472662 -0.518293
1778055344.320165 0.339715 8.291006 0.303949 0.567414 -0.443138 0.451899 -0.526742
1778055344.461116 0.416481 8.321858 0.300817 0.576742 -0.427751 0.432944 -0.544938
1778055344.592877 0.473965 8.357889 0.303738 0.585099 -0.411760 0.417552 -0.560146
1778055344.734356 0.534742 8.401756 0.302044 0.600460 -0.389737 0.407139 -0.567266
1778055344.870461 0.583730 8.449280 0.310748 0.611071 -0.365746 0.396054 -0.579624
1778055345.014623 0.643610 8.506077 0.300910 0.620984 -0.354163 0.365169 -0.596321
1778055345.152253 0.686454 8.548674 0.308992 0.621899 -0.337104 0.344855 -0.616991
1778055345.291840 0.733736 8.596995 0.308372 -0.625293 0.320461 -0.329143 0.630856
1778055345.434575 0.772328 8.653778 0.308929 0.642904 -0.300466 0.314061 -0.630683
1778055345.575224 0.806617 8.718436 0.313901 0.649218 -0.270686 0.303819 -0.642603
1778055345.715948 0.843980 8.783886 0.306639 0.661391 -0.256829 0.270552 -0.650694
1778055345.852479 0.871787 8.836072 0.310330 -0.661955 0.241251 -0.248909 0.664573
1778055345.992978 0.903555 8.903239 0.304556 0.673405 -0.221268 0.233752 -0.665527
1778055346.137842 0.912673 8.958873 0.311128 0.682886 -0.195829 0.215754 -0.669901
1778055346.284046 0.942943 9.049204 0.307193 0.686378 -0.176759 0.193536 -0.678370
1778055346.415172 0.961795 9.120676 0.305595 0.693030 -0.159608 0.165076 -0.683363
1778055346.553915 0.976841 9.194603 0.306273 0.692993 -0.136775 0.150836 -0.691594
1778055346.696759 0.988429 9.276540 0.308320 0.703280 -0.113598 0.137033 -0.688269
1778055346.839289 1.008108 9.357305 0.309974 0.699030 -0.109739 0.133573 -0.693882
1778055346.974531 1.043471 9.432558 0.306563 0.700136 -0.125682 0.135580 -0.689660
1778055347.116047 1.089354 9.495648 0.313914 -0.690074 0.146677 -0.150539 0.692547
1778055347.257865 1.109657 9.538826 0.305344 0.695899 -0.154682 0.158131 -0.683222
1778055347.397208 1.120637 9.547189 0.307442 0.691787 -0.166635 0.176400 -0.680108
1778055347.535700 1.135987 9.554025 0.308527 0.688348 -0.181423 0.190913 -0.675881
1778055347.682734 1.164039 9.568374 0.305693 0.687144 -0.199052 0.209820 -0.666474
1778055347.810148 1.195630 9.588393 0.296530 0.685789 -0.222141 0.221288 -0.656794
1778055347.966535 1.231048 9.616202 0.294190 0.678458 -0.227836 0.244305 -0.654294
1778055348.103113 1.254906 9.635040 0.296373 0.672053 -0.237261 0.247307 -0.656422
1778055348.234598 1.285134 9.642777 0.303035 -0.657832 0.261623 -0.250420 0.660378
1778055348.376621 1.327483 9.659088 0.306233 -0.650198 0.272603 -0.268890 0.656223
1778055348.514614 1.378682 9.698647 0.311373 0.652697 -0.272629 0.284976 -0.646876
1778055348.653877 1.420106 9.758472 0.310315 0.655468 -0.259836 0.276716 -0.652898
1778055348.792863 1.462893 9.811879 0.309357 0.660041 -0.252520 0.263152 -0.656758
1778055348.935648 1.519975 9.856036 0.309983 0.655333 -0.261970 0.273995 -0.653328
1778055349.074512 1.585996 9.905287 0.312748 0.654283 -0.272668 0.290819 -0.642643
1778055349.214939 1.652630 9.948618 0.305685 0.651609 -0.292276 0.295900 -0.634368
1778055349.351754 1.727519 9.989755 0.305267 0.642247 -0.304410 0.311339 -0.630810
1778055349.516706 1.807755 10.023170 0.310610 0.630066 -0.325813 0.327636 -0.624114
1778055349.648651 1.878069 10.052522 0.312982 0.625434 -0.336868 0.352061 -0.609431
1778055349.783294 1.935759 10.073238 0.312973 0.616536 -0.353627 0.367927 -0.599550
1778055349.923834 2.001398 10.088731 0.298660 0.610873 -0.374342 0.379581 -0.585338
1778055350.066588 2.053941 10.080069 0.305659 0.587404 -0.398664 0.399344 -0.580127
1778055350.198949 2.102942 10.063690 0.306858 0.570830 -0.424590 0.425640 -0.559202
1778055350.339562 2.146650 10.039023 0.307735 0.553680 -0.445405 0.463657 -0.529221
1778055350.477184 2.179299 10.014410 0.306044 0.533677 -0.475085 0.490380 -0.499010
1778055350.616970 2.212951 9.989120 0.300657 0.505566 -0.499346 0.515548 -0.478819
1778055350.757365 2.248549 9.961972 0.293798 0.489747 -0.520706 0.528255 -0.458212
1778055350.898536 2.278943 9.928297 0.302657 0.462515 -0.535522 0.548334 -0.445675
1778055351.037559 2.310257 9.889096 0.313470 0.429504 -0.550669 0.572068 -0.430149
1778055351.179227 2.353838 9.851026 0.313986 0.415364 -0.563801 0.591841 -0.399155
1778055351.323667 2.393548 9.814395 0.311307 0.390873 -0.584653 0.601233 -0.379365
1778055351.474014 2.435785 9.773169 0.304491 0.367429 -0.602185 0.608539 -0.363386
1778055351.605754 2.466660 9.743602 0.296473 0.370771 -0.602569 0.613774 -0.350316
1778055351.741771 2.474311 9.732421 0.301075 0.363254 -0.607421 0.617400 -0.343371
1778055351.888787 2.485425 9.714252 0.303041 0.354911 -0.614609 0.621183 -0.332305
1778055352.025277 2.502152 9.681705 0.304696 0.335999 -0.624988 0.627710 -0.320118
1778055352.165062 2.521484 9.645250 0.303877 0.324385 -0.631354 0.639399 -0.295526
1778055352.297746 2.538388 9.614478 0.304325 0.312907 -0.635008 0.651018 -0.273914
1778055352.438081 2.560589 9.574834 0.303521 0.293024 -0.642073 0.658115 -0.262230
1778055352.580991 2.590337 9.522830 0.295806 0.278260 -0.650665 0.661599 -0.247979
1778055352.713981 2.610360 9.468586 0.307340 0.246900 -0.656099 0.670916 -0.241758
1778055352.859543 2.637877 9.397716 0.311215 0.231375 -0.658627 0.682827 -0.215460
1778055352.996001 2.661734 9.338585 0.313825 0.214672 -0.670904 0.681830 -0.197260
1778055353.136442 2.688267 9.264776 0.303987 -0.193116 0.683062 -0.679610 0.185101
1778055353.280823 2.709346 9.191934 0.307561 0.174087 -0.684927 0.686589 -0.170778
1778055353.425131 2.733860 9.144133 0.296793 -0.171312 0.693653 -0.680617 0.162040
1778055353.557648 2.742932 9.129366 0.300325 -0.168851 0.689087 -0.684849 0.166223
1778055353.715039 2.749256 9.126749 0.304846 0.173399 -0.685334 0.688052 -0.163814
1778055353.837031 2.755782 9.123883 0.306295 0.176387 -0.683605 0.688689 -0.165165
1778055353.981264 2.758942 9.123024 0.306640 0.177406 -0.683528 0.687785 -0.168131
1778055354.118876 2.761071 9.124051 0.306911 0.178683 -0.683154 0.687297 -0.170279
1778055354.256279 2.763022 9.124884 0.307018 0.180152 -0.682853 0.686653 -0.172523
1778055354.396080 2.763411 9.124244 0.307250 0.180965 -0.682437 0.686649 -0.173333
1778055354.534244 2.765625 9.126854 0.307018 0.185678 -0.681139 0.686577 -0.173740
1778055354.683947 2.767700 9.128775 0.308013 0.188297 -0.680232 0.686734 -0.173854
1778055354.825052 2.767539 9.128785 0.308012 0.188419 -0.680244 0.686631 -0.174080
1778055354.958201 2.766245 9.128238 0.308070 0.186479 -0.680778 0.687086 -0.172278
1778055355.105262 2.756545 9.121930 0.308749 0.176271 -0.684077 0.690539 -0.155317
1778055355.247112 2.742239 9.112942 0.310825 0.157741 -0.688550 0.695685 -0.130532
1778055355.376770 2.726158 9.104177 0.313038 0.134003 -0.692236 0.701169 -0.105903
1778055355.519633 2.710713 9.098050 0.315252 0.110323 -0.694518 0.706269 -0.081598
1778055355.656728 2.699401 9.093332 0.316738 0.095595 -0.695106 0.709728 -0.063048
1778055355.796211 2.688343 9.087676 0.313461 0.081525 -0.697377 0.710298 -0.049957
1778055355.937233 2.674189 9.078125 0.310469 -0.062963 0.706442 -0.704098 0.034961
1778055356.078397 2.658600 9.060128 0.304806 -0.035412 0.713384 -0.699658 0.017569
1778055356.217300 2.647835 9.025854 0.297526 -0.019270 0.715540 -0.698271 -0.007047
1778055356.357520 2.636332 8.985300 0.301343 -0.000269 0.710112 -0.703809 -0.019842
1778055356.496307 2.610018 8.952908 0.307579 -0.031439 -0.703710 0.709144 0.030310
1778055356.651002 2.579411 8.895899 0.309732 -0.043933 -0.700638 0.709187 0.065033
1778055356.786297 2.555633 8.844758 0.310569 0.063359 0.704580 -0.702093 -0.081344
1778055356.925119 2.528227 8.772480 0.301962 0.081561 0.706795 -0.697387 -0.086252
1778055357.074747 2.522698 8.694216 0.300458 0.070236 0.709779 -0.697722 -0.066820
1778055357.214675 2.523846 8.620120 0.303258 0.049045 0.708543 -0.701521 -0.058566
1778055357.343039 2.531008 8.546093 0.308987 0.024935 0.709600 -0.702357 -0.050405
1778055357.493485 2.546787 8.460743 0.309252 -0.000498 0.709103 -0.704473 -0.029854
1778055357.623323 2.559517 8.383358 0.307776 -0.016444 0.708351 -0.705657 -0.004093
1778055357.766799 2.578258 8.309664 0.313014 0.032077 -0.702153 0.711055 -0.018786
1778055357.904592 2.603079 8.231888 0.306655 -0.057120 0.706697 -0.704533 0.030807
1778055358.049019 2.637108 8.162910 0.314161 0.081109 -0.701588 0.706139 -0.050625
1778055358.186101 2.670703 8.087651 0.302478 -0.102058 0.704234 -0.698683 0.074034
1778055358.342248 2.705787 8.033193 0.303421 -0.129511 0.702740 -0.692997 0.095594
1778055358.473143 2.730107 8.003128 0.300504 -0.156746 0.700586 -0.686519 0.115330
1778055358.616370 2.736946 7.991555 0.299336 -0.175087 0.695658 -0.682562 0.139695
1778055358.751614 2.734160 7.990467 0.298201 -0.172355 0.697834 -0.679935 0.144951
1778055358.895514 2.740233 7.995927 0.299305 -0.170723 0.696704 -0.680793 0.148250
1778055359.026567 2.743773 7.998029 0.299887 -0.171581 0.696022 -0.680533 0.151616
1778055359.172200 2.744512 7.998477 0.300187 -0.171154 0.696090 -0.680302 0.152824
1778055359.309236 2.745477 7.999218 0.300177 -0.171337 0.696028 -0.680141 0.153614
1778055359.449015 2.735031 7.994774 0.302345 -0.160142 0.698118 -0.683893 0.138839
1778055359.588236 2.713368 7.983816 0.306719 -0.141099 0.700166 -0.690658 0.113357
1778055359.729375 2.693941 7.975399 0.308067 -0.123156 0.702098 -0.694510 0.097710
1778055359.869568 2.680911 7.970700 0.308351 -0.105432 0.704330 -0.696706 0.086041
1778055360.036871 2.656041 7.962506 0.311522 -0.063773 0.709337 -0.700327 0.048129
1778055360.152430 2.630983 7.959893 0.311811 -0.028088 0.711019 -0.702507 0.012144
1778055360.299426 2.596283 7.962552 0.309909 0.009836 0.712053 -0.701547 -0.026766
1778055360.436203 2.555355 7.969407 0.308992 0.045639 0.711338 -0.698396 -0.064482
1778055360.572502 2.502931 7.978930 0.306010 0.081353 0.712073 -0.686825 -0.120854
1778055360.717624 2.446878 7.999964 0.306796 0.121794 0.706069 -0.676180 -0.171501
1778055360.856200 2.391054 8.023856 0.301526 0.174864 0.698352 -0.663933 -0.202287
1778055360.994484 2.356664 8.044001 0.309614 0.216936 0.680828 -0.656500 -0.241702
1778055361.135785 2.324620 8.065402 0.313249 0.261137 0.662248 -0.645915 -0.275734
1778055361.279678 2.297902 8.089013 0.313843 0.301350 0.643115 -0.629653 -0.314846
1778055361.417166 2.270537 8.111604 0.311725 0.338962 0.628547 -0.602670 -0.356122
1778055361.556625 2.241923 8.133046 0.303152 0.385525 0.606953 -0.578117 -0.385694
1778055361.697210 2.212711 8.151224 0.302037 0.420733 0.578169 -0.555860 -0.423938
1778055361.847501 2.188339 8.172192 0.304611 0.465016 0.546183 -0.527411 -0.455282
1778055361.989456 2.163863 8.190181 0.309040 0.487982 0.517945 -0.494371 -0.499203
1778055362.125442 2.145642 8.211165 0.309146 -0.521217 -0.487662 0.460403 0.527776
1778055362.267960 2.128886 8.234195 0.305966 -0.553493 -0.442149 0.434869 0.555913
1778055362.404760 2.133446 8.253867 0.308245 0.580526 0.408447 -0.406941 -0.574943
1778055362.545824 2.138419 8.279847 0.309918 0.610106 0.365987 -0.376346 -0.593454
1778055362.685001 2.140389 8.298257 0.309525 0.622605 0.345379 -0.334678 -0.617306
1778055362.821724 2.140302 8.315557 0.309149 -0.631113 -0.327743 0.299606 0.636016
1778055362.958262 2.145617 8.326857 0.310370 -0.636774 -0.314716 0.278409 0.646500
1778055363.122963 2.153244 8.335513 0.311009 -0.642685 -0.300784 0.258043 0.655666
1778055363.246166 2.159784 8.340503 0.311389 -0.647490 -0.290963 0.242682 0.661213
1778055363.384587 2.169919 8.347692 0.308278 -0.658459 -0.270563 0.222232 0.666213
1778055363.520975 2.187072 8.358935 0.306218 -0.671322 -0.227539 0.198562 0.676850
1778055363.662637 2.205969 8.367469 0.303186 0.690381 0.187249 -0.165763 -0.678848
1778055363.800818 2.218013 8.369719 0.300290 0.702058 0.159094 -0.138582 -0.680146
1778055363.939376 2.229373 8.371118 0.300167 0.700217 0.152192 -0.102144 -0.690000
1778055364.082610 2.246935 8.372482 0.300141 0.702363 0.136388 -0.081294 -0.693884
1778055364.223330 2.259910 8.372617 0.302087 0.702417 0.113168 -0.065947 -0.699610
1778055364.362910 2.272815 8.373972 0.303092 0.703257 0.093433 -0.056718 -0.702484
1778055364.499702 2.286885 8.375485 0.305150 -0.704273 -0.074461 0.046642 0.704471
1778055364.640064 2.298899 8.374078 0.304611 0.708873 0.053921 -0.034024 -0.702448
1778055364.782534 2.311384 8.370822 0.304067 0.712600 0.033909 -0.015865 -0.700571
1778055364.921379 2.321543 8.370226 0.302301 0.716417 0.020998 0.001717 -0.697354
1778055365.061439 2.339278 8.372506 0.293200 0.724905 -0.009900 0.006908 -0.688743
1778055365.200537 2.346446 8.369616 0.294044 0.719655 -0.018369 0.028387 -0.693508
1778055365.341675 2.346452 8.363766 0.297953 0.715200 -0.027445 0.037009 -0.697400
1778055365.484559 2.335321 8.363253 0.299791 0.713227 -0.015424 0.021763 -0.700425
1778055365.585254 2.329261 8.363621 0.300820 0.712113 -0.008143 0.012741 -0.701902
1778055365.688339 2.327054 8.363236 0.301233 0.711493 -0.005724 0.008857 -0.702614
1778055365.828725 2.331488 8.361348 0.300981 0.711191 -0.011704 0.013493 -0.702772
1778055365.970324 2.338212 8.358472 0.301671 0.710898 -0.019773 0.019694 -0.702741
1778055366.108953 2.345250 8.356197 0.302475 0.711031 -0.027961 0.027879 -0.702051
1778055366.252897 2.338085 8.356129 0.301606 0.711359 -0.020094 0.021306 -0.702219
1778055366.387532 2.330376 8.356879 0.301925 0.711639 -0.010301 0.013577 -0.702338
1778055366.531702 2.331504 8.357141 0.300935 0.711657 -0.013005 0.015847 -0.702228
1778055366.671411 2.337088 8.355219 0.300673 0.711512 -0.018839 0.020715 -0.702116
1778055366.808878 2.342711 8.353082 0.301350 0.711612 -0.025738 0.026906 -0.701585
1778055366.950478 2.336104 8.353573 0.301242 0.711849 -0.018251 0.020784 -0.701787
1778055367.091593 2.327712 8.355130 0.302550 0.712432 -0.007699 0.013263 -0.701573
1778055367.233269 2.329699 8.355022 0.301133 0.712442 -0.011615 0.016126 -0.701450
1778055367.368576 2.334905 8.353467 0.300032 0.712472 -0.017111 0.021453 -0.701164
1778055367.509892 2.339747 8.352118 0.300738 0.712475 -0.023227 0.027458 -0.700775
1778055367.654571 2.333178 8.353415 0.301095 0.712570 -0.015323 0.020550 -0.701132
1778055367.791026 2.328648 8.355983 0.304031 0.711299 -0.006146 0.019518 -0.702592
1778055367.932777 2.341058 8.359023 0.306109 0.711238 -0.019735 0.040336 -0.701515
1778055368.071266 2.361654 8.355090 0.307665 0.710237 -0.048303 0.061992 -0.699563
1778055368.211296 2.385726 8.347348 0.309775 0.706725 -0.077832 0.070211 -0.699681
1778055368.347889 2.411470 8.344694 0.307725 0.709083 -0.101863 0.090876 -0.691785
1778055368.489502 2.432824 8.342803 0.304512 0.710981 -0.123458 0.118508 -0.682071
1778055368.631266 2.458876 8.336542 0.297871 0.722293 -0.152617 0.142154 -0.659389
1778055368.771095 2.492789 8.328173 0.273463 0.752068 -0.217720 0.116585 -0.611064
1778055368.910938 2.513244 8.345769 0.273272 0.747515 -0.221607 0.085191 -0.620366
1778055369.049228 2.561716 8.334554 0.285905 0.713938 -0.184602 0.164618 -0.655069
1778055369.190436 2.605645 8.305045 0.264012 0.706687 -0.206083 0.217604 -0.640914
1778055369.335063 2.614610 8.300097 0.273626 0.707080 -0.218998 0.224112 -0.633917
1778055369.473828 2.623303 8.303779 0.286327 0.708783 -0.219632 0.225142 -0.631426
1778055369.615041 2.632239 8.312678 0.285265 0.715840 -0.221361 0.208542 -0.628556
1778055369.752950 2.624701 8.325836 0.286187 0.719593 -0.214871 0.179556 -0.635434
1778055369.889543 2.607612 8.337900 0.289395 0.719856 -0.195439 0.164019 -0.645529
1778055370.030254 2.585853 8.348081 0.296388 0.711772 -0.168587 0.160244 -0.662782
1778055370.172244 2.558936 8.358667 0.305042 0.693968 -0.138240 0.160099 -0.688235
1778055370.309949 2.537825 8.365798 0.308290 0.700884 -0.114402 0.137896 -0.690405
1778055370.449776 2.510772 8.373686 0.307035 0.702508 -0.101608 0.104584 -0.696578
1778055370.591498 2.479899 8.374795 0.311899 -0.702083 0.082240 -0.079348 0.702866
1778055370.736227 2.458559 8.371737 0.312658 -0.701442 0.068145 -0.065229 0.706457
1778055370.880934 2.464580 8.368812 0.311583 -0.699339 0.078144 -0.078058 0.706205
1778055371.015673 2.471447 8.365888 0.311554 -0.697578 0.088572 -0.088011 0.705546
1778055371.152513 2.476513 8.361494 0.312151 -0.697930 0.096347 -0.101079 0.702421
1778055371.294810 2.479721 8.356543 0.311162 0.700040 -0.102939 0.113397 -0.697488
1778055371.437985 2.466991 8.355063 0.307308 0.704979 -0.091672 0.109669 -0.694675
1778055371.577404 2.461134 8.358764 0.305615 0.706833 -0.085888 0.107265 -0.693905
1778055371.715283 2.469073 8.373501 0.305765 0.706186 -0.088134 0.114853 -0.693068
1778055371.852367 2.488419 8.400056 0.303706 0.704345 -0.095876 0.127314 -0.691735
1778055372.003451 2.505335 8.437640 0.296939 0.709362 -0.102388 0.123958 -0.686263
1778055372.148372 2.512765 8.486473 0.292814 0.709251 -0.087514 0.113960 -0.690157
1778055372.288661 2.512740 8.534625 0.296911 0.708248 -0.082931 0.082677 -0.696183
1778055372.433721 2.508141 8.591187 0.299923 0.706328 -0.062534 0.070254 -0.701608
1778055372.566579 2.497162 8.646629 0.307367 0.707347 -0.035936 0.061655 -0.703255
1778055372.697513 2.480690 8.703912 0.311874 -0.704113 0.014390 -0.045036 0.708512
1778055372.836295 2.480083 8.767544 0.303987 0.708454 -0.015468 0.036744 -0.704630
1778055372.977756 2.500319 8.826455 0.317627 -0.698760 0.029643 -0.042488 0.713478
1778055373.119030 2.523698 8.897968 0.312221 -0.701723 0.038377 -0.063559 0.708571
1778055373.259365 2.535122 8.973574 0.312954 0.708625 -0.044736 0.051070 -0.702311
1778055373.395161 2.535838 9.062330 0.304183 0.712470 -0.032067 0.039137 -0.699876
1778055373.535094 2.525613 9.140010 0.305491 0.715069 -0.014792 0.022946 -0.698521
1778055373.673515 2.508582 9.222399 0.304719 0.713623 0.014183 0.016566 -0.700190
1778055373.816010 2.496558 9.299228 0.315814 -0.706213 -0.025115 -0.018450 0.707313
1778055373.970395 2.496398 9.392270 0.311003 -0.705770 -0.010232 -0.011690 0.708271
1778055374.100347 2.514177 9.461184 0.318083 -0.701593 0.009614 -0.014706 0.712361
1778055374.235627 2.536739 9.535141 0.312247 -0.703553 0.023771 -0.039051 0.709171
1778055374.378404 2.554468 9.600043 0.315962 -0.705198 0.042812 -0.055392 0.705545
1778055374.514910 2.577147 9.668774 0.311334 -0.701219 0.063999 -0.070265 0.706582
1778055374.657626 2.609161 9.729786 0.307301 0.702196 -0.081216 0.087839 -0.701861
1778055374.796614 2.647176 9.778416 0.312025 -0.695388 0.109055 -0.106393 0.702298
1778055374.935520 2.689051 9.832427 0.307672 0.696268 -0.125680 0.135720 -0.693538
1778055375.074780 2.724047 9.876551 0.312378 0.693498 -0.147217 0.157441 -0.687459
1778055375.212321 2.766127 9.927581 0.306027 0.687317 -0.171799 0.173061 -0.684201
1778055375.356352 2.817911 9.974373 0.304923 0.680963 -0.189964 0.195119 -0.679803
1778055375.498897 2.866482 10.004851 0.310665 -0.669919 0.216687 -0.211654 0.677833
1778055375.647101 2.891621 10.043958 0.301899 0.677958 -0.215499 0.215923 -0.668813
1778055375.781363 2.872555 10.066890 0.305322 0.687161 -0.182575 0.185472 -0.678289
1778055375.920976 2.836176 10.085986 0.302173 0.701180 -0.137914 0.146872 -0.683926
1778055376.054387 2.783406 10.110104 0.295172 0.714828 -0.081089 0.096851 -0.687797
1778055376.197943 2.731980 10.122099 0.296574 0.719668 -0.023021 0.040847 -0.692733
1778055376.339050 2.674701 10.128898 0.298318 0.716824 0.042049 -0.005334 -0.695964
1778055376.473909 2.615650 10.126978 0.293065 0.712930 0.110175 -0.048137 -0.690851
1778055376.613159 2.554264 10.118099 0.286927 0.702909 0.178731 -0.104457 -0.680487
1778055376.752589 2.490087 10.088208 0.281872 0.689212 0.221195 -0.209798 -0.657300
1778055376.894829 2.447169 10.057093 0.287640 0.669953 0.269969 -0.271608 -0.636010
1778055377.033438 2.423585 10.030241 0.300021 0.646394 0.308659 -0.307088 -0.626580
1778055377.172541 2.402964 9.999924 0.299787 0.625558 0.352942 -0.322067 -0.616751
1778055377.328177 2.393574 9.981529 0.301184 0.609555 0.373226 -0.351946 -0.604383
1778055377.461520 2.383030 9.964677 0.300224 -0.593258 -0.396378 0.369818 0.595117
1778055377.595847 2.361502 9.944227 0.297373 0.578180 0.421652 -0.398023 -0.574018
1778055377.733304 2.332887 9.924729 0.295113 0.561486 0.447853 -0.422106 -0.553161
1778055377.872124 2.303050 9.909192 0.289225 0.550665 0.473943 -0.433083 -0.533466
1778055378.014097 2.260085 9.885368 0.290622 0.534944 0.483566 -0.455927 -0.521660
1778055378.156031 2.219371 9.859659 0.303584 -0.505003 -0.503492 0.471108 0.519158
1778055378.293251 2.166843 9.835125 0.305378 0.490900 0.514318 -0.493423 -0.501028
1778055378.436051 2.109570 9.811262 0.311146 -0.476104 -0.520343 0.522950 0.478636
1778055378.574953 2.055779 9.796505 0.315534 -0.463170 -0.519005 0.542579 0.470867
1778055378.714171 1.982658 9.795913 0.311277 0.471349 0.523652 -0.521459 -0.481351
1778055378.856076 1.918738 9.798719 0.308871 0.484367 0.517281 -0.512942 -0.484458
1778055378.991736 1.832361 9.808137 0.303554 0.494437 0.507620 -0.502336 -0.495493
1778055379.152886 1.745933 9.826756 0.310740 0.512988 0.488642 -0.492830 -0.505164
1778055379.279012 1.673487 9.844015 0.308209 0.520307 0.480476 -0.478809 -0.518811
1778055379.415284 1.597886 9.862871 0.313414 -0.531020 -0.471761 0.459871 0.532895
1778055379.555773 1.507064 9.876692 0.305638 0.534642 0.469730 -0.457093 -0.533458
1778055379.691679 1.429407 9.897198 0.306971 0.539745 0.462234 -0.457758 -0.534297
1778055379.834683 1.341738 9.923323 0.307952 -0.544150 -0.453417 0.444013 0.548785
1778055379.974097 1.268271 9.947245 0.311797 -0.554749 -0.446898 0.426662 0.557221
1778055380.110035 1.187611 9.981315 0.302874 0.570978 0.432296 -0.418462 -0.558564
1778055380.254290 1.119354 10.022150 0.309171 0.579385 0.413686 -0.408889 -0.570953
1778055380.394211 1.058251 10.060348 0.307410 0.588459 0.402931 -0.389638 -0.582705
1778055380.534621 0.998105 10.102610 0.311386 0.597573 0.387087 -0.371517 -0.595856
1778055380.673901 0.950578 10.142553 0.306202 0.611015 0.370973 -0.355110 -0.602442
1778055380.824974 0.899076 10.196201 0.301466 -0.615979 -0.354490 0.335777 0.618191
1778055380.958098 0.871265 10.244399 0.308002 0.631332 0.322008 -0.326812 -0.625240
1778055381.100961 0.838498 10.300375 0.302102 0.643342 0.307022 -0.294456 -0.636510
1778055381.234568 0.810332 10.347616 0.308805 0.651653 0.287399 -0.270399 -0.647791
1778055381.373400 0.780599 10.398519 0.307540 -0.656123 -0.264140 0.252101 0.660438
1778055381.513366 0.754644 10.455398 0.298750 -0.663294 -0.247261 0.233874 0.666487
1778055381.655388 0.742985 10.510099 0.308355 -0.669849 -0.216842 0.224201 0.673806
1778055381.794372 0.729085 10.572015 0.308381 -0.673580 -0.199895 0.198532 0.683314
1778055381.934840 0.710215 10.635451 0.312207 -0.683209 -0.185563 0.171419 0.685133
1778055382.075238 0.690284 10.698459 0.310084 -0.684985 -0.165443 0.156336 0.692086
1778055382.228023 0.676407 10.765952 0.302817 -0.689700 -0.149839 0.140168 0.694417
1778055382.367578 0.673870 10.839746 0.312205 -0.691319 -0.118395 0.126683 0.701436
1778055382.507022 0.672059 10.917294 0.311716 -0.695179 -0.105252 0.097012 0.704441
1778055382.642812 0.668154 10.980289 0.315418 -0.701491 -0.087918 0.081143 0.702564
1778055382.775479 0.648030 11.062637 0.305148 0.707784 0.084939 -0.083258 -0.696344
1778055382.915326 0.617920 11.134673 0.304771 0.705309 0.104062 -0.095173 -0.694732
1778055383.053432 0.575853 11.205377 0.303067 0.700874 0.133281 -0.098742 -0.693730
1778055383.194386 0.534107 11.273747 0.308818 0.696222 0.147585 -0.112089 -0.693491
1778055383.334374 0.504553 11.353511 0.309642 -0.693277 -0.142222 0.109556 0.697952
1778055383.472939 0.484659 11.432512 0.307766 0.697916 0.128999 -0.108065 -0.696129
1778055383.615187 0.479342 11.513591 0.315260 -0.693123 -0.102953 0.099017 0.706525
1778055383.758996 0.471691 11.589951 0.313392 0.702822 0.089858 -0.076499 -0.701509
1778055383.895677 0.465354 11.670540 0.314344 -0.702520 -0.070239 0.061374 0.705525
1778055384.044396 0.467520 11.755534 0.305881 -0.705413 -0.055509 0.041249 0.705415
1778055384.194482 0.482224 11.828409 0.316143 -0.702517 -0.025784 0.029666 0.710581
1778055384.327177 0.493885 11.912252 0.310536 0.707769 0.017960 -0.009372 -0.706154
1778055384.464038 0.481247 11.991112 0.316038 0.709099 0.030827 -0.020377 -0.704140
1778055384.595815 0.462699 12.077922 0.307381 0.708257 0.046849 -0.036535 -0.703450
1778055384.740688 0.433823 12.152142 0.307885 0.709393 0.071411 -0.053306 -0.699157
1778055384.874356 0.403387 12.220495 0.306786 0.705876 0.096122 -0.065162 -0.698751
1778055385.018035 0.368022 12.286002 0.307157 0.706215 0.118974 -0.084349 -0.692814
1778055385.155651 0.327548 12.351162 0.295737 0.704287 0.142022 -0.103417 -0.687833
1778055385.297047 0.291845 12.400089 0.304905 0.696992 0.150842 -0.137572 -0.687403
1778055385.437443 0.240509 12.459050 0.303325 0.689262 0.177349 -0.153313 -0.685537
1778055385.577415 0.191205 12.506069 0.309360 0.682814 0.201108 -0.167192 -0.682179
1778055385.719095 0.126209 12.564115 0.306667 -0.675098 -0.222109 0.190501 0.677215
1778055385.868960 0.076532 12.610289 0.303186 0.673777 0.236816 -0.207510 -0.668492
1778055386.001400 0.069256 12.648094 0.299162 0.692548 0.214642 -0.163921 -0.668906
1778055386.146286 0.099623 12.668241 0.304388 0.705224 0.159329 -0.110721 -0.681919
1778055386.281289 0.143675 12.681878 0.310278 0.709348 0.092843 -0.065365 -0.695652
1778055386.423615 0.194940 12.687719 0.306452 0.714413 0.027710 -0.003254 -0.699168
1778055386.557424 0.236297 12.686663 0.299506 0.717841 -0.038684 0.022812 -0.694757
1778055386.699057 0.261801 12.683102 0.299697 0.709302 -0.087151 0.060121 -0.696909
1778055386.837224 0.278524 12.681665 0.307265 0.705406 -0.100238 0.103530 -0.694000
1778055386.977884 0.301424 12.676721 0.310669 0.700454 -0.124918 0.125029 -0.691467
1778055387.122134 0.300939 12.685197 0.311454 0.700352 -0.120466 0.128261 -0.691769
1778055387.257772 0.297523 12.711819 0.307732 0.704779 -0.107679 0.117004 -0.691376
1778055387.398335 0.293373 12.747401 0.299240 0.713832 -0.091423 0.101062 -0.686929
1778055387.536834 0.289528 12.798296 0.293629 0.714615 -0.066757 0.088763 -0.690644
1778055387.679828 0.283921 12.841858 0.296743 0.712596 -0.058709 0.061517 -0.696402
1778055387.836791 0.270216 12.914429 0.301977 0.708360 -0.029400 0.043306 -0.703908
1778055387.967318 0.253363 12.970113 0.306977 0.711072 -0.004602 0.030071 -0.702461
1778055388.107885 0.229375 13.034029 0.310896 -0.705709 -0.024415 -0.013313 0.707956
1778055388.247841 0.205870 13.099332 0.304333 0.709560 0.040667 -0.021658 -0.703137
1778055388.382113 0.187481 13.151356 0.309570 -0.701965 -0.053692 0.048207 0.708546
1778055388.524827 0.159681 13.215804 0.303398 -0.702518 -0.076711 0.061278 0.704860
1778055388.664938 0.122320 13.267508 0.308165 0.702624 0.101918 -0.080113 -0.699653
1778055388.801185 0.078203 13.330375 0.307525 -0.695794 -0.123068 0.103317 0.700036
1778055388.941291 0.044903 13.384345 0.308988 0.694164 0.139133 -0.131514 -0.693889
1778055389.082318 0.003917 13.440068 0.311416 -0.683393 -0.153801 0.153293 0.697008
1778055389.223588 -0.027744 13.477852 0.300172 0.693630 0.161036 -0.152847 -0.685260
1778055389.370004 -0.028845 13.493463 0.302904 0.696553 0.153315 -0.141649 -0.686472
1778055389.512473 -0.023731 13.513871 0.303526 0.700868 0.136105 -0.128995 -0.688200
1778055389.651014 -0.024944 13.545965 0.303093 0.704696 0.119037 -0.110116 -0.690730
1778055389.787099 -0.033294 13.587437 0.300276 0.706234 0.105392 -0.097728 -0.693235
1778055389.923928 -0.031190 13.639036 0.296955 0.710155 0.091940 -0.082834 -0.693084
1778055390.065089 -0.022084 13.691042 0.303205 0.707470 0.066919 -0.069977 -0.700080
1778055390.200373 -0.009892 13.749846 0.310899 -0.700707 -0.042881 0.053442 0.710152
1778055390.339808 0.000836 13.818134 0.309358 0.708666 0.031633 -0.021366 -0.704511
1778055390.486315 0.012324 13.889335 0.309005 0.709291 0.011751 -0.003455 -0.704810
1778055390.619272 0.029272 13.961047 0.300843 0.710878 -0.003142 0.013937 -0.703170
1778055390.762775 0.053873 14.022643 0.308895 0.708159 -0.029315 0.026929 -0.704930
1778055390.901691 0.080601 14.086239 0.306365 0.706831 -0.043623 0.050709 -0.704213
1778055391.046901 0.105843 14.151303 0.311102 0.708054 -0.061651 0.076653 -0.699273
1778055391.194608 0.135386 14.219469 0.306349 0.704718 -0.082393 0.093481 -0.698459
1778055391.332844 0.171618 14.278178 0.304406 0.701834 -0.099302 0.108815 -0.696941
1778055391.485097 0.220973 14.334851 0.311782 -0.690832 0.131580 -0.121073 0.700556
1778055391.606592 0.264159 14.383888 0.304908 0.694239 -0.143993 0.146890 -0.689726
1778055391.742216 0.304992 14.435942 0.314055 0.689695 -0.161164 0.164821 -0.686427
1778055391.880759 0.351908 14.491847 0.306525 0.686941 -0.180236 0.175584 -0.681760
1778055392.021760 0.408400 14.547852 0.309934 -0.678740 0.197588 -0.192780 0.680520
1778055392.162203 0.453343 14.607028 0.313570 -0.675728 0.196084 -0.200445 0.681736
1778055392.304219 0.484675 14.680188 0.310534 0.687256 -0.179267 0.192882 -0.677008
1778055392.441425 0.508960 14.765452 0.315996 0.686771 -0.155440 0.182064 -0.686321
1778055392.583921 0.534603 14.845904 0.309698 0.694131 -0.139355 0.155362 -0.688931
1778055392.726102 0.551664 14.922639 0.313132 -0.691995 0.122273 -0.138149 0.697931
1778055392.860669 0.566884 15.007526 0.309567 0.704338 -0.101667 0.125516 -0.691244
1778055393.006816 0.571016 15.103338 0.311366 0.706116 -0.077436 0.103512 -0.696196
1778055393.152485 0.590056 15.192040 0.308634 0.706525 -0.076996 0.083895 -0.698467
1778055393.295445 0.608901 15.283774 0.308317 0.706863 -0.069436 0.086269 -0.698628
1778055393.422888 0.612621 15.353109 0.308314 0.712352 -0.056810 0.079416 -0.694997
1778055393.564688 0.613163 15.450148 0.302131 0.716406 -0.042670 0.056294 -0.694098
1778055393.705705 0.609867 15.527205 0.306816 0.711404 -0.024620 0.033105 -0.701571
1778055393.844011 0.597659 15.605989 0.310243 -0.706498 0.003300 -0.016853 0.707507
1778055393.978424 0.581687 15.679624 0.309776 0.711813 0.021224 0.008844 -0.701993
1778055394.122249 0.551711 15.762889 0.312504 0.706951 0.046450 -0.009350 -0.705674
1778055394.266878 0.524005 15.842748 0.304703 0.710534 0.061911 -0.043017 -0.699613
1778055394.404890 0.495929 15.916095 0.309949 -0.702153 -0.077280 0.065437 0.704788
1778055394.541657 0.482709 15.995140 0.312124 -0.703771 -0.074627 0.055441 0.704318
1778055394.691153 0.478156 16.084740 0.304201 0.713500 0.059262 -0.045642 -0.696650
1778055394.824264 0.483374 16.166191 0.302895 0.710698 0.045388 -0.032295 -0.701289
1778055394.972366 0.498206 16.250044 0.312790 0.707954 0.016254 -0.022670 -0.705708
1778055395.115884 0.498175 16.340257 0.307364 0.715124 0.021407 -0.013989 -0.698529
1778055395.258992 0.481066 16.424425 0.315602 0.707082 0.035961 -0.021535 -0.705888
1778055395.387437 0.466070 16.497329 0.306437 0.710126 0.054507 -0.027230 -0.701434
1778055395.525228 0.463286 16.534913 0.295801 0.724458 0.053386 -0.012055 -0.687143
1778055395.662230 0.492746 16.543591 0.300825 0.726358 0.012331 0.031937 -0.686464
1778055395.800249 0.527981 16.541651 0.307454 0.719799 -0.039713 0.072528 -0.689240
1778055395.942994 0.563192 16.537732 0.310555 0.709239 -0.093293 0.112601 -0.689636
1778055396.079379 0.591681 16.529466 0.307050 0.704879 -0.130989 0.149722 -0.680861
1778055396.224828 0.614306 16.517032 0.305997 0.693693 -0.177350 0.168301 -0.677504
1778055396.363828 0.622883 16.509923 0.306467 0.685539 -0.197659 0.189311 -0.674632
1778055396.502404 0.617995 16.521212 0.306610 0.685216 -0.191425 0.182843 -0.678531
1778055396.645944 0.612612 16.547937 0.306721 0.688069 -0.175463 0.170878 -0.683062
1778055396.790783 0.606559 16.585852 0.302616 0.693457 -0.156192 0.155278 -0.686010
1778055396.931716 0.599257 16.628271 0.297648 0.702757 -0.135905 0.141638 -0.683813
1778055397.071064 0.594893 16.687306 0.302237 0.707336 -0.103866 0.132775 -0.686483
1778055397.204688 0.592610 16.747588 0.304576 0.710369 -0.079972 0.119440 -0.688995
1778055397.344231 0.591695 16.823160 0.297420 0.712494 -0.061584 0.094500 -0.692553
1778055397.480630 0.591053 16.883525 0.307322 0.706199 -0.053834 0.060718 -0.703347
1778055397.618239 0.587348 16.953547 0.312317 -0.697841 0.038800 -0.038761 0.714150
1778055397.759794 0.570028 17.031615 0.311629 0.708720 -0.008709 0.032135 -0.704704
1778055397.899938 0.543193 17.117360 0.314936 -0.701285 -0.019081 -0.015017 0.712467
1778055398.042419 0.521073 17.192504 0.311963 -0.706040 -0.034422 0.018274 0.707099
1778055398.182688 0.497612 17.274166 0.314746 -0.698728 -0.052145 0.037207 0.712513
1778055398.320658 0.470412 17.346758 0.310836 0.708454 0.070839 -0.048391 -0.700523
1778055398.462474 0.453808 17.435010 0.314423 -0.701266 -0.065038 0.038705 0.708870
1778055398.609970 0.452271 17.527497 0.309588 0.708340 0.048364 -0.037338 -0.703222
1778055398.757209 0.447407 17.607388 0.318263 -0.694790 -0.043406 0.047768 0.716311
1778055398.888573 0.429905 17.678777 0.305048 0.711813 0.052648 -0.050048 -0.698602
1778055399.025340 0.427457 17.729205 0.296759 0.727613 0.049433 -0.053379 -0.682119
1778055399.161435 0.434388 17.741543 0.299107 0.727837 0.044752 -0.039137 -0.683168
1778055399.300825 0.438847 17.738307 0.303033 0.719989 0.037475 -0.018739 -0.692720
1778055399.441692 0.447349 17.741482 0.305726 0.716811 0.025028 -0.007481 -0.696778
1778055399.581450 0.442417 17.759508 0.306476 0.713649 0.026694 -0.011199 -0.699905
1778055399.719986 0.423060 17.791314 0.303152 0.711794 0.040295 -0.029786 -0.700599
1778055399.862513 0.412420 17.820568 0.293752 0.719473 0.044696 -0.038904 -0.691988
1778055400.001700 0.417277 17.868528 0.287148 0.720418 0.039573 -0.030642 -0.691732
1778055400.141574 0.429972 17.915592 0.300915 0.711813 0.020272 -0.025723 -0.701605
1778055400.291898 0.446025 17.991169 0.303306 0.709280 0.010556 0.003254 -0.704841
1778055400.424191 0.458457 18.058863 0.307556 0.714058 -0.002670 0.025206 -0.699628
1778055400.566580 0.474799 18.138860 0.303762 0.711412 -0.023712 0.035813 -0.701461
1778055400.706456 0.489305 18.215140 0.305503 0.709737 -0.029102 0.031706 -0.703151
1778055400.843543 0.495050 18.287810 0.310161 -0.705744 0.031569 -0.023816 0.707362
1778055400.981002 0.514235 18.371971 0.307246 0.711288 -0.034537 0.043652 -0.700693
1778055401.120421 0.528123 18.452750 0.310264 0.709763 -0.040968 0.053453 -0.701214
1778055401.265756 0.532731 18.549602 0.299247 0.713958 -0.027084 0.045544 -0.698180
1778055401.406168 0.541724 18.628598 0.308457 0.710902 -0.032881 0.042162 -0.701256
1778055401.547400 0.561808 18.714841 0.308607 0.711539 -0.037885 0.063019 -0.698788
1778055401.683964 0.583453 18.790812 0.308536 0.712497 -0.053091 0.073065 -0.695838
1778055401.823430 0.597587 18.883816 0.299964 0.715140 -0.050080 0.066729 -0.693984
1778055401.963150 0.603516 18.954654 0.308364 0.710537 -0.046047 0.049536 -0.700403
1778055402.105568 0.601910 19.054219 0.304871 0.714910 -0.021522 0.044774 -0.697450
1778055402.274053 0.588429 19.158727 0.313545 0.707192 -0.003579 0.036368 -0.706076
1778055402.402349 0.595300 19.237415 0.304187 0.712396 -0.016392 0.029181 -0.700979
1778055402.523906 0.619204 19.311691 0.315493 -0.702641 0.033357 -0.036588 0.709820
1778055402.661387 0.638706 19.396981 0.307007 0.710168 -0.045858 0.047534 -0.700927
1778055402.803918 0.639841 19.483584 0.317985 -0.705569 0.034565 -0.040638 0.706630
1778055402.940670 0.635408 19.574506 0.308623 0.709162 -0.020514 0.026517 -0.704248
1778055403.084195 0.622719 19.658578 0.311269 0.710327 0.000437 0.012715 -0.703757
1778055403.221541 0.618022 19.745517 0.310652 0.710666 0.006212 0.016812 -0.703302
1778055403.365767 0.624001 19.831792 0.309724 0.712850 0.000500 0.027273 -0.700786
1778055403.502426 0.641372 19.918399 0.302608 0.712237 -0.013761 0.036011 -0.700880
1778055403.642519 0.651013 19.993657 0.316636 -0.702929 0.027775 -0.015154 0.710556
1778055403.803457 0.648015 20.084424 0.311082 0.711531 -0.011389 0.016142 -0.702377
1778055403.927607 0.629407 20.163138 0.317454 -0.705694 -0.013509 -0.009895 0.708319
1778055404.079754 0.605459 20.258660 0.308881 0.710624 0.035420 -0.016283 -0.702492
1778055404.208767 0.588805 20.319605 0.304590 0.712609 0.045368 -0.024414 -0.699667
1778055404.345146 0.578159 20.353177 0.296503 0.722145 0.042986 -0.023258 -0.690013
1778055404.484934 0.576715 20.352000 0.300334 0.720555 0.043186 -0.027698 -0.691498
1778055404.622173 0.574359 20.350155 0.301031 0.718561 0.046234 -0.033248 -0.693129
1778055404.757392 0.571051 20.350503 0.301083 0.718396 0.048959 -0.035429 -0.693005
1778055404.901690 0.569622 20.350849 0.299273 0.718053 0.050881 -0.037199 -0.693129
1778055405.039753 0.569298 20.350964 0.299145 0.717974 0.051565 -0.037445 -0.693147
1778055405.183507 0.571602 20.351168 0.299784 0.717894 0.049668 -0.034850 -0.693503
1778055405.328265 0.584642 20.354856 0.302231 0.718335 0.035652 -0.014312 -0.694636
1778055405.464992 0.599382 20.359722 0.301899 0.720129 0.013100 0.008069 -0.693670
1778055405.622582 0.618512 20.361863 0.301591 0.720806 -0.013073 0.040655 -0.691820
1778055405.756396 0.631247 20.362599 0.302183 0.719633 -0.028905 0.062843 -0.690900
1778055405.889454 0.639720 20.364347 0.302498 0.719093 -0.036951 0.080317 -0.689267
1778055406.026444 0.649032 20.368151 0.301325 0.718867 -0.044925 0.095795 -0.687048
1778055406.167595 0.647954 20.377786 0.301449 0.721216 -0.044352 0.086916 -0.685803
1778055406.306607 0.642721 20.414625 0.299267 0.721453 -0.042370 0.075309 -0.687051
1778055406.450677 0.653050 20.461536 0.293406 0.718578 -0.051538 0.080342 -0.688864
1778055406.583144 0.670648 20.507523 0.298865 0.711037 -0.068495 0.078956 -0.695342
1778055406.726253 0.680631 20.562626 0.307957 -0.700689 0.066379 -0.069266 0.706987
1778055406.864697 0.685333 20.629758 0.306588 0.709237 -0.051969 0.066464 -0.699903
1778055407.004909 0.673367 20.707069 0.314835 -0.703279 0.025130 -0.056724 0.708202
1778055407.143660 0.672299 20.788887 0.305429 0.709262 -0.021210 0.040064 -0.703485
1778055407.288862 0.688766 20.859175 0.315645 -0.702748 0.030432 -0.044282 0.709407
1778055407.427474 0.704380 20.943718 0.310545 0.707490 -0.034881 0.052830 -0.703882
1778055407.585180 0.705859 21.039687 0.309202 0.712860 -0.028200 0.035842 -0.699822
1778055407.710651 0.699517 21.120673 0.304281 0.714291 -0.013537 0.021313 -0.699393
1778055407.847590 0.682094 21.198970 0.306118 0.714663 0.009447 0.007687 -0.699363
1778055407.986018 0.662427 21.277763 0.309848 0.712217 0.033402 -0.003597 -0.701155
1778055408.126309 0.636840 21.359587 0.305859 0.714732 0.056235 -0.024538 -0.696702
1778055408.264643 0.610959 21.437067 0.301630 0.711630 0.072624 -0.051568 -0.696885
1778055408.403535 0.578754 21.498594 0.307014 0.705847 0.089621 -0.076334 -0.698514
1778055408.540653 0.540754 21.561914 0.304134 0.703212 0.113900 -0.089417 -0.696078
1778055408.681351 0.497546 21.617199 0.310475 0.698227 0.140546 -0.107697 -0.693633
1778055408.822277 0.452063 21.673212 0.301796 0.695017 0.160583 -0.132456 -0.688200
1778055408.962365 0.411236 21.715677 0.305348 0.688233 0.177116 -0.171251 -0.682377
1778055409.122586 0.359491 21.753022 0.301156 0.679540 0.205100 -0.198750 -0.675765
1778055409.243278 0.307806 21.776402 0.303136 -0.668347 -0.235984 0.216307 0.671443
1778055409.386193 0.249214 21.787026 0.309719 -0.653601 -0.274030 0.247239 0.660747
1778055409.531693 0.184855 21.800577 0.304591 -0.642124 -0.305029 0.283895 0.643458
1778055409.665274 0.132702 21.809545 0.309928 -0.625642 -0.326885 0.323410 0.630177
1778055409.801797 0.082073 21.816542 0.302960 0.618414 0.348047 -0.345299 -0.614163
1778055409.942685 0.024728 21.811358 0.304051 -0.602011 -0.377888 0.361206 0.603584
1778055410.088895 -0.040149 21.804802 0.308088 -0.579737 -0.401202 0.388878 0.593056
1778055410.230394 -0.100970 21.804797 0.309114 -0.567685 -0.420291 0.413671 0.574426
1778055410.368791 -0.160289 21.805471 0.307299 -0.557534 -0.431626 0.434801 0.560182
1778055410.506526 -0.220558 21.798285 0.301257 -0.548326 -0.455685 0.436795 0.548544
1778055410.648883 -0.280097 21.777777 0.309725 -0.524380 -0.475745 0.452678 0.542010
1778055410.788777 -0.352243 21.758637 0.303239 -0.511246 -0.490473 0.476869 0.520250
1778055410.929486 -0.417216 21.742352 0.310181 -0.496739 -0.499505 0.502886 0.500850
1778055411.089023 -0.502500 21.719329 0.305321 0.479976 0.519003 -0.511994 -0.487977
1778055411.220264 -0.561294 21.695012 0.312534 0.470172 0.530164 -0.520128 -0.476792
1778055411.358761 -0.642876 21.689504 0.312506 -0.473270 -0.517555 0.518539 0.489153
1778055411.491301 -0.715878 21.695870 0.311208 -0.487747 -0.510540 0.513289 0.487838
1778055411.633627 -0.795153 21.716155 0.317252 -0.495938 -0.490799 0.505290 0.507783
1778055411.775081 -0.870110 21.732405 0.313760 -0.513292 -0.488807 0.480170 0.516755
1778055411.913311 -0.944902 21.750545 0.310697 0.528162 0.473404 -0.469630 -0.525719
1778055412.051362 -1.014032 21.775500 0.302906 0.539041 0.465486 -0.453248 -0.536025
1778055412.197016 -1.071855 21.805916 0.307544 0.555279 0.446805 -0.439930 -0.546345
1778055412.335778 -1.130448 21.838714 0.307759 -0.562527 -0.431608 0.421955 0.565006
1778055412.477819 -1.180227 21.870644 0.310042 -0.577047 -0.417866 0.396290 0.579102
1778055412.627868 -1.232089 21.908256 0.303546 0.593023 0.396807 -0.380205 -0.588483
1778055412.767641 -1.281690 21.956419 0.303416 0.603364 0.376371 -0.362802 -0.602222
1778055412.896685 -1.310536 22.000604 0.310363 0.617584 0.344148 -0.356059 -0.611043
1778055413.045387 -1.348719 22.059006 0.303306 0.633072 0.328533 -0.319594 -0.623816
1778055413.177584 -1.378436 22.104650 0.311829 -0.639007 -0.306087 0.292423 0.642238
1778055413.317013 -1.406537 22.140442 0.305085 0.647854 0.297263 -0.283825 -0.641375
1778055413.470406 -1.416484 22.149422 0.300452 0.647769 0.307958 -0.285163 -0.635798
1778055413.598287 -1.414257 22.146515 0.302338 0.644368 0.309254 -0.286823 -0.637875
1778055413.739650 -1.413728 22.147560 0.302287 0.644092 0.309617 -0.285779 -0.638446
1778055413.880974 -1.413909 22.147554 0.302281 0.643714 0.310331 -0.285799 -0.638471
1778055414.023080 -1.413943 22.147609 0.302279 0.643696 0.310326 -0.285799 -0.638492
1778055414.161446 -1.413984 22.147563 0.302288 0.643650 0.310395 -0.285746 -0.638529
1778055414.312859 -1.413975 22.147584 0.302342 0.643651 0.310369 -0.285724 -0.638550
1778055414.450741 -1.413911 22.147623 0.302330 0.643664 0.310292 -0.285710 -0.638580
1778055414.590266 -1.413935 22.147589 0.302365 0.643621 0.310304 -0.285626 -0.638656
1778055414.728460 -1.413887 22.147568 0.302413 0.643584 0.310272 -0.285650 -0.638698
1778055414.867464 -1.413863 22.147577 0.302436 0.643569 0.310227 -0.285617 -0.638749
1778055415.003757 -1.418942 22.141080 0.303251 0.638470 0.320078 -0.294400 -0.635008
1778055415.141809 -1.439698 22.115836 0.309595 -0.616972 -0.352370 0.333775 0.619496
1778055415.282176 -1.464238 22.080947 0.313849 -0.592292 -0.387856 0.382706 0.593544
1778055415.423894 -1.483133 22.039940 0.315083 0.566349 0.420661 -0.441229 -0.554626
1778055415.561500 -1.489687 22.001292 0.314928 0.537720 0.448778 -0.496067 -0.513198
1778055415.704212 -1.482724 21.958692 0.313854 -0.507584 -0.486394 0.532426 0.471489
1778055415.843918 -1.475444 21.912051 0.299848 -0.469743 -0.532241 0.554042 0.434853
1778055416.015145 -1.471134 21.874852 0.301612 -0.433841 -0.562333 0.576385 0.404158
1778055416.127172 -1.467037 21.857061 0.305657 -0.416014 -0.575043 0.585442 0.391811
1778055416.279112 -1.471185 21.861398 0.304248 -0.417955 -0.574765 0.576415 0.403367
1778055416.413562 -1.493462 21.879086 0.300992 0.427302 0.565259 -0.560922 -0.428090
1778055416.553563 -1.518855 21.898809 0.296607 0.442071 0.552105 -0.540703 -0.455404
1778055416.688578 -1.539898 21.925457 0.293862 0.460691 0.537140 -0.518277 -0.480243
1778055416.827906 -1.560001 21.951244 0.296479 0.485434 0.508812 -0.506630 -0.498789
1778055416.972905 -1.586059 21.972115 0.299845 -0.506651 -0.489740 0.489357 0.513799
1778055417.109614 -1.630221 21.991861 0.305334 -0.512058 -0.480779 0.466214 0.537859
1778055417.249254 -1.673139 22.015355 0.304897 -0.530921 -0.470110 0.445745 0.546288
1778055417.388256 -1.719251 22.051751 0.294401 0.559026 0.448507 -0.427173 -0.551231
1778055417.526756 -1.755203 22.093965 0.302257 -0.573483 -0.417651 0.405482 0.576428
1778055417.670649 -1.764960 22.136663 0.306769 0.601175 0.378277 -0.375245 -0.595555
1778055417.813247 -1.768486 22.192382 0.307253 -0.624049 -0.343631 0.318805 0.625175
1778055417.948014 -1.760751 22.231178 0.305554 -0.643758 -0.309879 0.272694 0.644352
1778055418.105313 -1.746676 22.267810 0.299784 0.668434 0.275943 -0.221998 -0.654040
1778055418.240382 -1.734927 22.299520 0.291776 0.682022 0.244093 -0.189964 -0.662705
1778055418.372336 -1.738277 22.332917 0.287283 0.688733 0.215481 -0.174793 -0.669822
1778055418.510131 -1.729270 22.371258 0.301069 0.688778 0.177234 -0.164301 -0.683505
1778055418.663684 -1.725809 22.421825 0.304442 -0.688389 -0.154849 0.136648 0.695320
1778055418.790337 -1.731007 22.468990 0.306473 -0.695090 -0.137553 0.113328 0.696481
1778055418.935344 -1.734730 22.524803 0.305322 -0.695607 -0.113154 0.095972 0.702934
1778055419.072385 -1.735704 22.584413 0.300363 -0.699107 -0.096273 0.079333 0.704051
1778055419.215379 -1.727253 22.641780 0.308781 -0.698895 -0.068993 0.068939 0.708543
1778055419.352165 -1.714960 22.706514 0.311255 -0.697192 -0.049299 0.044659 0.713791
1778055419.496493 -1.704814 22.777280 0.313856 -0.704541 -0.034021 0.020608 0.708548
1778055419.630470 -1.693386 22.846712 0.311390 -0.705029 -0.012680 0.007743 0.709022
1778055419.776323 -1.676153 22.926772 0.306959 -0.704715 0.000789 -0.012987 0.709371
1778055419.930822 -1.656273 23.003681 0.314425 -0.702753 0.020045 -0.025981 0.710677
1778055420.066780 -1.659973 23.086035 0.308537 0.709840 0.000448 0.024120 -0.703949
1778055420.200052 -1.677802 23.161314 0.317247 -0.705393 -0.017896 -0.011789 0.708492
1778055420.335763 -1.699821 23.250464 0.305936 0.707358 0.032773 -0.015012 -0.705936
1778055420.476903 -1.719851 23.325859 0.313344 -0.701447 -0.047173 0.042124 0.709911
1778055420.617805 -1.726395 23.411424 0.310666 -0.703871 -0.054793 0.033751 0.707407
1778055420.761193 -1.754329 23.495378 0.311825 0.707768 0.071772 -0.040864 -0.701601
1778055420.895598 -1.781582 23.584702 0.300922 0.711835 0.082971 -0.058808 -0.694945
1778055421.038269 -1.802791 23.649535 0.298547 0.713866 0.089709 -0.053453 -0.692453
1778055421.177383 -1.828773 23.695168 0.301183 0.707417 0.101272 -0.072353 -0.695752
1778055421.318258 -1.852948 23.722252 0.305971 0.702139 0.120092 -0.087362 -0.696381
1778055421.456048 -1.886318 23.760628 0.302601 0.698185 0.138341 -0.107867 -0.694092
1778055421.595596 -1.920290 23.800628 0.303818 0.692183 0.154700 -0.141388 -0.690623
1778055421.756699 -1.956441 23.843464 0.308273 -0.680062 -0.165395 0.171563 0.693345
1778055421.887601 -1.998390 23.882234 0.303356 0.683130 0.192148 -0.175200 -0.682435
1778055422.023176 -2.045787 23.913350 0.312476 -0.670400 -0.215687 0.193631 0.683044
1778055422.157947 -2.103063 23.956864 0.307382 -0.664915 -0.235714 0.216684 0.674815
1778055422.302612 -2.157110 23.995301 0.312811 -0.657276 -0.250934 0.244318 0.667329
1778055422.442727 -2.219056 24.035623 0.309410 -0.647534 -0.271400 0.259158 0.663233
1778055422.580436 -2.281801 24.071231 0.312095 -0.644971 -0.294240 0.270995 0.651151
1778055422.718871 -2.356741 24.107628 0.311319 -0.633784 -0.312184 0.291087 0.645079
1778055422.861200 -2.414716 24.163983 0.311335 -0.637956 -0.305183 0.294693 0.642675
1778055423.013682 -2.475533 24.223263 0.312534 -0.639001 -0.300460 0.287790 0.646977
1778055423.140327 -2.542097 24.265417 0.310667 0.640380 0.312903 -0.290568 -0.638417
1778055423.291430 -2.622873 24.308550 0.305392 0.636639 0.325443 -0.307958 -0.627645
1778055423.421275 -2.692059 24.340692 0.305010 0.626763 0.343088 -0.323029 -0.620574
1778055423.569803 -2.765004 24.359803 0.299213 0.617150 0.368415 -0.331087 -0.611374
1778055423.700473 -2.834049 24.378039 0.306662 -0.603611 -0.384451 0.349416 0.604780
1778055423.841494 -2.906568 24.393455 0.300631 0.595954 0.403761 -0.366524 -0.589471
1778055423.974731 -2.973200 24.404608 0.300927 0.581900 0.417049 -0.392553 -0.577378
1778055424.121657 -3.037838 24.407113 0.305295 0.568406 0.426813 -0.419601 -0.564518
1778055424.262089 -3.092507 24.405985 0.295817 0.563182 0.437470 -0.429180 -0.554301
1778055424.398049 -3.121352 24.403910 0.303072 0.559078 0.442648 -0.431005 -0.552928
1778055424.536527 -3.146571 24.399012 0.307893 0.553604 0.448527 -0.438446 -0.547824
1778055424.677476 -3.184879 24.387881 0.309528 0.547362 0.457118 -0.453536 -0.534550
1778055424.815780 -3.236997 24.372314 0.308451 -0.528218 -0.473726 0.465372 0.529148
1778055424.969835 -3.299966 24.356084 0.307269 0.514072 0.489687 -0.488383 -0.507364
1778055425.103194 -3.355300 24.345640 0.311522 -0.499046 -0.491399 0.511936 0.497395
1778055425.248349 -3.422683 24.324302 0.304226 0.484489 0.518287 -0.506231 -0.490285
1778055425.386734 -3.478808 24.302963 0.304628 0.472710 0.533958 -0.513542 -0.477188
1778055425.535306 -3.512695 24.290594 0.301354 0.467449 0.548794 -0.517834 -0.460614
1778055425.659162 -3.509481 24.262544 0.306632 0.434534 0.566174 -0.545493 -0.439390
1778055425.795609 -3.497839 24.219023 0.310598 0.397704 0.588897 -0.579972 -0.398326
1778055425.935362 -3.473430 24.169264 0.301416 0.353469 0.622229 -0.612859 -0.335105
1778055426.073482 -3.446851 24.122998 0.300026 0.302862 0.648622 -0.639541 -0.280270
1778055426.223501 -3.410687 24.081257 0.302303 -0.246913 -0.667318 0.669628 0.212885
1778055426.356998 -3.365418 24.056882 0.303256 -0.203143 -0.677369 0.693621 0.137095
1778055426.494421 -3.318503 24.050913 0.302400 -0.140476 -0.693537 0.703403 0.067064
1778055426.635035 -3.250150 24.042045 0.305063 0.051409 0.707466 -0.704875 -0.000526
1778055426.774784 -3.176883 24.034826 0.292912 -0.038128 0.718291 -0.692647 0.053325
1778055426.918320 -3.133949 24.039352 0.296385 -0.092819 0.711506 -0.688592 0.104808
1778055427.076684 -3.088524 24.052218 0.304615 -0.149715 0.693984 -0.689745 0.142207
1778055427.204586 -3.059313 24.059137 0.305275 -0.179862 0.688379 -0.681936 0.169550
1778055427.341988 -3.023591 24.071693 0.298150 -0.204922 0.682791 -0.670194 0.206501
1778055427.480271 -3.005961 24.080970 0.301337 -0.226326 0.674607 -0.667328 0.219896
1778055427.617856 -2.992357 24.087766 0.303788 -0.240272 0.669580 -0.661343 0.237817
1778055427.758249 -2.962699 24.095062 0.308114 -0.270789 0.655905 -0.654520 0.260892
1778055427.894011 -2.926352 24.094198 0.307183 -0.288734 0.648502 -0.641944 0.289802
1778055428.047711 -2.882259 24.088011 0.304536 -0.313378 0.635760 -0.631695 0.313951
1778055428.176715 -2.844906 24.085615 0.306283 0.330701 -0.622064 0.625555 -0.335193
1778055428.316711 -2.794748 24.079153 0.300418 0.351038 -0.613322 0.616903 -0.346465
1778055428.455860 -2.750146 24.081780 0.305480 0.371315 -0.601569 0.606787 -0.363386
1778055428.602879 -2.709108 24.067031 0.302813 -0.379026 0.603220 -0.597778 0.367595
1778055428.756694 -2.677500 24.063666 0.302410 0.388965 -0.589325 0.595903 -0.382495
1778055428.879792 -2.651069 24.063423 0.301385 0.395226 -0.584502 0.584576 -0.400530
1778055429.025723 -2.614011 24.065666 0.310823 0.400137 -0.568344 0.580093 -0.424697
1778055429.183289 -2.553097 24.068812 0.307548 0.429396 -0.557016 0.571600 -0.422642
1778055429.307102 -2.497871 24.080303 0.313755 0.446769 -0.540450 0.559857 -0.441443
1778055429.435975 -2.429313 24.086801 0.308977 0.460659 -0.530285 0.543617 -0.459426
1778055429.575591 -2.371213 24.075175 0.314135 0.456538 -0.531022 0.542284 -0.464239
1778055429.716539 -2.291156 24.044826 0.313143 0.447035 -0.538318 0.556326 -0.448192
1778055429.859011 -2.222541 24.017877 0.312441 0.439415 -0.555555 0.559911 -0.429853
1778055429.995409 -2.147125 23.983566 0.303038 -0.424928 0.571900 -0.562045 0.420086
1778055430.133138 -2.085045 23.945957 0.308686 -0.409645 0.577834 -0.575721 0.408466
1778055430.274985 -2.025622 23.908518 0.307131 0.401682 -0.587204 0.587742 -0.385231
1778055430.420628 -1.964043 23.864968 0.314086 0.384476 -0.594162 0.604496 -0.365697
1778055430.564908 -1.912588 23.819391 0.308302 -0.364837 0.610264 -0.609877 0.350031
1778055430.708122 -1.863372 23.769828 0.305158 0.349607 -0.615609 0.623191 -0.332315
1778055430.843386 -1.829400 23.717519 0.310235 -0.317852 0.631724 -0.628208 0.324423
1778055430.988139 -1.790336 23.658835 0.305635 -0.300699 0.641720 -0.638998 0.299094
1778055431.119200 -1.758100 23.612344 0.312041 -0.285904 0.649770 -0.647986 0.275994
1778055431.259254 -1.722145 23.558518 0.309187 0.266179 -0.654648 0.658641 -0.258413
1778055431.400388 -1.692117 23.499446 0.302122 0.253000 -0.660286 0.665548 -0.238871
1778055431.541478 -1.673108 23.441790 0.308923 0.224119 -0.668332 0.670955 -0.230050
1778055431.682594 -1.650330 23.373048 0.306654 0.210371 -0.673437 0.679448 -0.201437
1778055431.823475 -1.630973 23.313055 0.311772 -0.192946 0.682189 -0.681112 0.182965
1778055431.963591 -1.607105 23.237798 0.303150 -0.171559 0.689608 -0.682630 0.170364
1778055432.100304 -1.593575 23.173894 0.305587 -0.157000 0.689883 -0.688831 0.157875
1778055432.251497 -1.586001 23.096913 0.312466 0.131654 -0.689455 0.698331 -0.140187
1778055432.387341 -1.577362 23.017098 0.313814 0.120856 -0.696422 0.698213 -0.113525
1778055432.526669 -1.545252 22.941877 0.314541 -0.128877 0.696919 -0.694754 0.122527
1778055432.672426 -1.500193 22.860514 0.309227 -0.145033 0.694783 -0.690258 0.140662
1778055432.805022 -1.449045 22.799063 0.306066 -0.174038 0.691407 -0.685781 0.146191
1778055432.942616 -1.404507 22.734225 0.312881 0.187066 -0.685946 0.686465 -0.152481
1778055433.081176 -1.365942 22.658579 0.312543 0.182912 -0.684351 0.690537 -0.146170
1778055433.223707 -1.333279 22.575135 0.305745 -0.166944 0.691554 -0.687243 0.146900
1778055433.390708 -1.322322 22.496798 0.315717 0.138202 -0.686666 0.699464 -0.141914
1778055433.501509 -1.307550 22.415311 0.308584 -0.125290 0.698774 -0.694626 0.116241
1778055433.640563 -1.290298 22.334628 0.316668 0.108698 -0.693635 0.705406 -0.097249
1778055433.782747 -1.278047 22.245816 0.305785 -0.091781 0.701685 -0.701373 0.085389
1778055433.921722 -1.279711 22.174112 0.312700 0.069552 -0.700745 0.706055 -0.074875
1778055434.063407 -1.279259 22.076473 0.307826 -0.060974 0.706667 -0.702844 0.053984
1778055434.212656 -1.249990 21.985172 0.313903 -0.076208 0.705840 -0.701090 0.066750
1778055434.356482 -1.222927 21.897326 0.308114 -0.088959 0.704395 -0.699445 0.081800
1778055434.484997 -1.204200 21.815767 0.306900 -0.092022 0.708040 -0.697056 0.065761
1778055434.622559 -1.197460 21.732824 0.309387 -0.078961 0.709115 -0.698475 0.055265
1778055434.760499 -1.199397 21.640203 0.301315 -0.057483 0.716816 -0.693241 0.047837
1778055434.906782 -1.204266 21.557920 0.309500 -0.038540 0.711532 -0.700803 0.033333
1778055435.045545 -1.210179 21.469628 0.308923 -0.027756 0.712017 -0.701536 0.010408
1778055435.185433 -1.219358 21.387853 0.314400 -0.010188 0.711144 -0.702893 -0.010576
1778055435.325296 -1.228696 21.310513 0.290508 -0.005006 0.726634 -0.686768 -0.018103
1778055435.466047 -1.225380 21.282529 0.289180 -0.016676 0.726134 -0.687189 -0.014919
1778055435.603989 -1.212796 21.279172 0.293986 -0.028287 0.722710 -0.690572 -0.000482
1778055435.749878 -1.177202 21.284641 0.299665 -0.066845 0.716495 -0.692840 0.046248
1778055435.886696 -1.130560 21.292340 0.299951 -0.118598 0.710224 -0.686668 0.100011
1778055436.036135 -1.089658 21.305799 0.302970 -0.162398 0.698475 -0.679114 0.156726
1778055436.167323 -1.062027 21.322017 0.304793 -0.187831 0.688033 -0.671752 0.200200
1778055436.307653 -1.037233 21.347205 0.304955 -0.217926 0.673817 -0.662534 0.243983
1778055436.443401 -1.025651 21.359802 0.300596 -0.245536 0.667105 -0.649349 0.270239
1778055436.585690 -1.007638 21.382745 0.302146 -0.281166 0.652286 -0.641294 0.290192
1778055436.725326 -1.006581 21.389800 0.302019 -0.294586 0.644472 -0.637132 0.303213
1778055436.867824 -1.011432 21.368782 0.302555 -0.286549 0.646919 -0.646828 0.284602
1778055437.005233 -1.010653 21.337843 0.299872 0.271296 -0.654438 0.655474 -0.261653
1778055437.143844 -1.017463 21.308222 0.297756 -0.251490 0.664748 -0.661461 0.239441
1778055437.285991 -1.027670 21.269394 0.297242 0.222686 -0.671282 0.675061 -0.209962
1778055437.424618 -1.045028 21.220830 0.306552 0.173440 -0.683329 0.686265 -0.178946
1778055437.569912 -1.061817 21.180931 0.307194 0.147722 -0.690694 0.695815 -0.130235
1778055437.706881 -1.085789 21.137339 0.311875 0.111406 -0.694152 0.706368 -0.082378
1778055437.857753 -1.103749 21.107450 0.305074 -0.080615 0.707963 -0.698929 0.061549
1778055437.994614 -1.101007 21.094957 0.300324 -0.088800 0.710002 -0.695679 0.063581
1778055438.128138 -1.080035 21.102085 0.306200 -0.112034 0.702415 -0.698015 0.082685
1778055438.268521 -1.047301 21.112104 0.312981 0.150301 -0.692248 0.694980 -0.123310
1778055438.406360 -1.010905 21.126476 0.312739 0.203020 -0.681247 0.682636 -0.169393
1778055438.543808 -0.976183 21.148813 0.312240 0.251133 -0.664812 0.665347 -0.228628
1778055438.683330 -0.943402 21.177858 0.310956 -0.288470 0.646713 -0.637323 0.303919
1778055438.822434 -0.905995 21.225432 0.294667 -0.353375 0.628508 -0.595893 0.353575
1778055438.969924 -0.881538 21.272707 0.296748 -0.404361 0.594061 -0.572354 0.394960
1778055439.104801 -0.867616 21.304803 0.300727 -0.438283 0.567216 -0.552801 0.424953
1778055439.245540 -0.858719 21.325421 0.302496 -0.460106 0.546739 -0.540580 0.444017
1778055439.389495 -0.853818 21.331747 0.304981 -0.464885 0.541879 -0.535820 0.450717
1778055439.544536 -0.854345 21.297816 0.309287 0.439255 -0.560018 0.567257 -0.414312
1778055439.667463 -0.857351 21.256518 0.314519 0.407274 -0.576919 0.596605 -0.381255
1778055439.805698 -0.867399 21.204253 0.316017 0.365169 -0.606119 0.622932 -0.333508
1778055439.941864 -0.884038 21.151504 0.299527 -0.315191 0.649533 -0.629171 0.287931
1778055440.082814 -0.895787 21.102935 0.299442 -0.272160 0.664093 -0.651310 0.246383
1778055440.228789 -0.919782 21.053991 0.307398 -0.207210 0.682334 -0.669140 0.209129
1778055440.365934 -0.948666 21.008716 0.309607 -0.164133 0.691797 -0.687131 0.149427
1778055440.505656 -0.981264 20.969340 0.308940 -0.114274 0.706325 -0.692863 0.089371
1778055440.645206 -1.014034 20.936398 0.301518 -0.062794 0.712369 -0.697874 0.039471
1778055440.782506 -1.042941 20.903424 0.299830 -0.029365 0.714445 -0.699048 0.006210
1778055440.925759 -1.082628 20.877236 0.308419 0.013943 0.709393 -0.703977 -0.031364
1778055441.061444 -1.117487 20.844925 0.314457 -0.042828 -0.701186 0.707698 0.075280
1778055441.210835 -1.153620 20.814704 0.312824 0.086069 0.700924 -0.699925 -0.106788
1778055441.349444 -1.189214 20.780613 0.302984 0.120145 0.698656 -0.692767 -0.132363
1778055441.497966 -1.232635 20.742505 0.303203 -0.143313 -0.688512 0.692294 0.161687
1778055441.633031 -1.275716 20.724759 0.310852 -0.180630 -0.677222 0.691051 0.176613
1778055441.766631 -1.327128 20.698718 0.311280 -0.202896 -0.671653 0.680995 0.209668
1778055441.911613 -1.369266 20.669160 0.312858 -0.221284 -0.669759 0.670256 0.230681
1778055442.049395 -1.391654 20.648247 0.303052 0.225352 0.678762 -0.661235 -0.226423
1778055442.186533 -1.394250 20.644551 0.303952 0.219794 0.679466 -0.661559 -0.228813
1778055442.329238 -1.404320 20.653970 0.306264 0.235535 0.673788 -0.654543 -0.249214
1778055442.469578 -1.428885 20.671722 0.309181 0.269853 0.661893 -0.639360 -0.283364
1778055442.604380 -1.462654 20.707000 0.313263 0.330825 0.630817 -0.622757 -0.323725
1778055442.748806 -1.493398 20.755734 0.311623 0.389437 0.598353 -0.588635 -0.379239
1778055442.882841 -1.516496 20.801997 0.304224 0.443449 0.568602 -0.548583 -0.423204
1778055443.046237 -1.534832 20.865719 0.300776 0.493956 0.521698 -0.491931 -0.491775
1778055443.181683 -1.532472 20.919310 0.311640 -0.536133 -0.468703 0.443909 0.543897
1778055443.319146 -1.518435 20.971742 0.313260 -0.579146 -0.408096 0.394657 0.585059
1778055443.455467 -1.492953 21.029965 0.305268 0.628089 0.344612 -0.330415 -0.614469
1778055443.593381 -1.464835 21.077879 0.303168 0.652759 0.288054 -0.268378 -0.647227
1778055443.726788 -1.431920 21.111145 0.311692 0.672569 0.230302 -0.208748 -0.671592
1778055443.872461 -1.387816 21.140373 0.314512 -0.689039 -0.158339 0.148069 0.691541
1778055444.011702 -1.349497 21.157723 0.309791 0.703992 0.106072 -0.099803 -0.695114
1778055444.151635 -1.320625 21.170926 0.304826 0.709253 0.073368 -0.063514 -0.698243
1778055444.291371 -1.308725 21.177794 0.306933 0.711521 0.051789 -0.042402 -0.699470
1778055444.433078 -1.302203 21.179486 0.306354 0.713567 0.036645 -0.027254 -0.699097
1778055444.572181 -1.308012 21.181933 0.307040 0.712010 0.043231 -0.032642 -0.700077
1778055444.725798 -1.326185 21.197481 0.304164 0.711348 0.061149 -0.048222 -0.698513
1778055444.865719 -1.351114 21.223521 0.293090 0.714114 0.081708 -0.070652 -0.691645
1778055444.996302 -1.376217 21.242540 0.283694 0.718095 0.099083 -0.095857 -0.682154
1778055445.142413 -1.418783 21.261196 0.281766 0.715283 0.140372 -0.103740 -0.676686
1778055445.277325 -1.467985 21.289163 0.291628 0.700745 0.173110 -0.128010 -0.680149
1778055445.411322 -1.502420 21.320221 0.296958 0.694798 0.189798 -0.149112 -0.677494
1778055445.551640 -1.497143 21.358428 0.292302 0.705946 0.164204 -0.130232 -0.676548
1778055445.691385 -1.465610 21.383961 0.297482 0.707215 0.115751 -0.087375 -0.691964
1778055445.834979 -1.418395 21.403049 0.303069 0.713493 0.055849 -0.036367 -0.697486
1778055445.972431 -1.365646 21.427010 0.308340 0.715119 0.007291 0.022440 -0.698605
1778055446.111679 -1.312522 21.441621 0.297755 0.720484 -0.038638 0.085242 -0.687127
1778055446.253819 -1.268050 21.453360 0.291444 0.719684 -0.091998 0.117597 -0.678058
1778055446.394364 -1.232640 21.472650 0.288663 0.710916 -0.126959 0.151582 -0.674909
1778055446.536002 -1.196168 21.484862 0.300623 0.695336 -0.163559 0.184327 -0.675115
1778055446.695895 -1.148196 21.509864 0.313657 0.675754 -0.189686 0.230502 -0.673976
1778055446.812452 -1.107891 21.522500 0.304414 0.674557 -0.228502 0.245889 -0.657494
1778055446.964812 -1.055586 21.547039 0.301337 0.663267 -0.253840 0.271691 -0.649482
1778055447.103768 -1.008309 21.564300 0.306847 0.647129 -0.284490 0.286781 -0.646565
1778055447.251417 -0.950165 21.576153 0.307709 -0.633252 0.308541 -0.317068 0.635029
1778055447.379122 -0.901040 21.589257 0.312639 0.626258 -0.321615 0.345736 -0.620347
1778055447.513084 -0.849516 21.597860 0.308993 0.616267 -0.349415 0.359509 -0.607353
1778055447.657991 -0.784313 21.610415 0.299276 0.605900 -0.373284 0.374107 -0.594633
1778055447.796404 -0.723088 21.614051 0.306335 0.588679 -0.390335 0.393140 -0.588674
1778055447.938195 -0.661360 21.612068 0.309867 -0.570170 0.410844 -0.412461 0.579645
1778055448.078921 -0.595663 21.611646 0.311930 0.565311 -0.422268 0.437296 -0.557571
1778055448.217356 -0.536863 21.610995 0.312460 0.551449 -0.441488 0.449442 -0.546804
1778055448.357787 -0.477417 21.610203 0.303853 0.541298 -0.458386 0.454265 -0.539001
1778055448.505968 -0.404895 21.597840 0.308587 -0.523652 0.472207 -0.473132 0.528162
1778055448.648545 -0.337287 21.580871 0.309488 -0.509001 0.485390 -0.491898 0.513177
1778055448.781864 -0.275143 21.566418 0.313149 0.502836 -0.494869 0.508794 -0.493345
1778055448.920637 -0.208594 21.551724 0.314261 0.486612 -0.508764 0.522280 -0.481239
1778055449.063983 -0.134402 21.530159 0.306187 0.472705 -0.523877 0.529741 -0.470614
1778055449.201953 -0.073816 21.502987 0.314480 0.451126 -0.536222 0.539397 -0.466907
1778055449.337997 -0.008076 21.473468 0.315867 0.441263 -0.542320 0.552451 -0.453843
1778055449.478538 0.071935 21.465495 0.314584 0.458620 -0.538770 0.541682 -0.453844
1778055449.601630 0.142915 21.467702 0.317458 0.470419 -0.526689 0.536561 -0.461960
1778055449.755785 0.240329 21.475366 0.314049 0.487218 -0.513222 0.519902 -0.478460
1778055449.894176 0.319295 21.484699 0.311925 0.498878 -0.500742 0.515373 -0.484529
1778055450.042898 0.410786 21.475121 0.311205 0.496716 -0.510729 0.518890 -0.472421
1778055450.181801 0.494574 21.458521 0.304840 -0.486504 0.524483 -0.518456 0.468439
1778055450.328545 0.575818 21.431025 0.315175 -0.463948 0.534089 -0.532252 0.464983
1778055450.462640 0.657934 21.399811 0.313884 0.452202 -0.542486 0.545537 -0.451234
1778055450.602093 0.729702 21.370005 0.314866 0.444608 -0.554975 0.556268 -0.429992
1778055450.736188 0.785955 21.349666 0.298439 -0.452018 0.566205 -0.547741 0.418414
1778055450.874798 0.796550 21.332169 0.299840 -0.437237 0.578246 -0.559210 0.402169
1778055451.016709 0.782001 21.308372 0.302531 -0.406717 0.595431 -0.589088 0.364716
1778055451.156002 0.753636 21.263167 0.308564 -0.338358 0.630906 -0.613096 0.334043
1778055451.301444 0.716738 21.213080 0.307460 -0.273911 0.663448 -0.639893 0.274493
1778055451.438057 0.681006 21.171019 0.296731 -0.216684 0.693037 -0.655230 0.208376
1778055451.577770 0.639140 21.138174 0.298670 -0.162104 0.701731 -0.679357 0.140603
1778055451.715947 0.592444 21.121677 0.312407 -0.098914 0.705296 -0.696793 0.085162
1778055451.868119 0.588756 21.121341 0.312818 -0.093480 0.704282 -0.699031 0.081259
1778055451.999653 0.619927 21.124881 0.313988 -0.119569 0.700227 -0.694337 0.115243
1778055452.150562 0.668684 21.140324 0.315138 -0.164908 0.689067 -0.686731 0.162458
1778055452.287911 0.714292 21.161176 0.306938 -0.215233 0.682773 -0.667071 0.206186
1778055452.422265 0.747528 21.182550 0.304118 -0.247263 0.670698 -0.655302 0.244140
1778055452.562466 0.764766 21.195777 0.307728 -0.272873 0.657872 -0.651417 0.261534
1778055452.698364 0.776724 21.207285 0.306369 -0.295378 0.649999 -0.644354 0.273974
1778055452.835472 0.785993 21.215746 0.306572 -0.312267 0.642044 -0.639528 0.285083
1778055452.977720 0.793421 21.212310 0.307763 0.311373 -0.640000 0.641721 -0.285729
1778055453.117254 0.803197 21.189479 0.305066 0.299033 -0.645991 0.647152 -0.272889
1778055453.254575 0.810579 21.160190 0.298557 -0.281465 0.657197 -0.647072 0.264891
1778055453.396310 0.830660 21.119591 0.301008 0.265341 -0.654114 0.661737 -0.252651
1778055453.536042 0.845064 21.079690 0.307075 0.240697 -0.660731 0.667042 -0.246078
1778055453.683802 0.865520 21.016805 0.310272 0.226031 -0.662862 0.680043 -0.216944
1778055453.823024 0.887438 20.960223 0.312035 0.211992 -0.674873 0.679646 -0.194132
1778055453.969419 0.914278 20.887609 0.304552 -0.191080 0.683826 -0.680880 0.179645
1778055454.112186 0.933767 20.812485 0.307867 0.172073 -0.685285 0.688169 -0.164919
1778055454.240761 0.942858 20.748349 0.314094 0.147654 -0.688016 0.693695 -0.153687
1778055454.375894 0.954401 20.667032 0.312451 0.136068 -0.694208 0.695361 -0.126625
1778055454.519098 0.985638 20.591360 0.317916 0.139548 -0.693155 0.695188 -0.129519
1778055454.658063 1.031390 20.511110 0.308430 -0.152883 0.691479 -0.690493 0.147320
1778055454.797268 1.070002 20.439912 0.309699 -0.162184 0.691822 -0.688245 0.146276
1778055454.936900 1.097440 20.361910 0.308748 -0.158213 0.694421 -0.689945 0.129321
1778055455.079337 1.118554 20.277903 0.302256 -0.143496 0.704580 -0.684387 0.120789
1778055455.224676 1.126342 20.202741 0.300034 -0.129476 0.701144 -0.693550 0.103059
1778055455.357326 1.127262 20.147307 0.306982 -0.101951 0.705648 -0.693812 0.101446
1778055455.518174 1.125541 20.073720 0.302135 -0.083202 0.709900 -0.695223 0.076047
1778055455.648264 1.124097 20.022947 0.308853 -0.069439 0.708582 -0.700392 0.050401
1778055455.788135 1.119867 19.961661 0.308760 0.046869 -0.703302 0.708740 -0.029264
1778055455.925289 1.106957 19.901385 0.301899 0.026984 -0.705594 0.708028 -0.010263
1778055456.072916 1.080935 19.848956 0.311925 -0.006927 -0.700668 0.713452 0.001776
1778055456.205891 1.050604 19.786585 0.310727 -0.028121 -0.700550 0.712347 0.031638
1778055456.339553 1.029289 19.730140 0.314399 -0.044987 -0.703732 0.707027 0.053390
1778055456.478378 1.005113 19.666686 0.312663 -0.064923 -0.698780 0.708857 0.070806
1778055456.617231 0.975157 19.602727 0.304211 -0.077313 -0.701006 0.703029 0.091453
1778055456.757321 0.942242 19.551008 0.310292 -0.102866 -0.696639 0.702360 0.103943
1778055456.896269 0.900459 19.485595 0.311527 -0.113980 -0.693608 0.699191 0.130568
1778055457.042862 0.865120 19.429875 0.314381 0.131598 0.695476 -0.691258 -0.145458
1778055457.184035 0.839576 19.354926 0.304692 0.129060 0.702069 -0.687005 -0.135891
1778055457.299957 0.820783 19.284628 0.305698 0.116869 0.701493 -0.692132 -0.123303
1778055457.404227 0.812994 19.228973 0.307209 0.102883 0.703156 -0.693836 -0.116525
1778055457.553433 0.802470 19.150894 0.308322 0.082008 0.708096 -0.693375 -0.105386
1778055457.671601 0.787265 19.112170 0.297454 0.085558 0.721053 -0.680856 -0.095905
1778055457.810081 0.785123 19.101752 0.299300 0.080579 0.720003 -0.683009 -0.092743
1778055457.948802 0.792396 19.102356 0.305261 0.076570 0.711687 -0.692092 -0.092993
1778055458.099949 0.779918 19.088388 0.308130 0.086506 0.706540 -0.694726 -0.103317
1778055458.241989 0.760073 19.059247 0.307403 0.099004 0.701974 -0.695736 -0.115687
1778055458.373414 0.741077 19.033351 0.296683 0.112402 0.710415 -0.684439 -0.119245
1778055458.515286 0.729043 18.983578 0.293167 0.100275 0.710087 -0.688155 -0.110289
1778055458.658260 0.723315 18.931699 0.302947 0.095261 0.703973 -0.698300 -0.087885
1778055458.790769 0.721550 18.865172 0.306964 0.069402 0.703129 -0.702570 -0.084790
1778055458.930456 0.729057 18.797248 0.311120 0.044899 0.708412 -0.700688 -0.071928
1778055459.070754 0.717378 18.714651 0.308719 -0.047984 -0.703062 0.705592 0.074441
1778055459.215269 0.693672 18.641580 0.310398 -0.061276 -0.702657 0.705085 0.073304
1778055459.349268 0.659496 18.575489 0.318933 -0.080654 -0.690135 0.714437 0.082389
1778055459.493452 0.645168 18.490720 0.312956 0.073025 0.704731 -0.701109 -0.080418
1778055459.631159 0.641386 18.400699 0.313868 0.056064 0.705041 -0.703423 -0.070503
1778055459.771580 0.638861 18.319737 0.311785 0.043175 0.706675 -0.704624 -0.047448
1778055459.914656 0.646119 18.231968 0.310299 0.016450 0.707132 -0.705893 -0.037526
1778055460.057950 0.657098 18.146689 0.310103 -0.001566 0.712498 -0.701234 -0.024807
1778055460.195829 0.651644 18.055594 0.305764 0.003781 0.712441 -0.701279 -0.024940
1778055460.342930 0.632122 17.968180 0.310711 0.020637 0.707925 -0.705394 -0.028884
1778055460.470360 0.613280 17.892027 0.313613 -0.032682 -0.703298 0.709105 0.038384
1778055460.608890 0.608861 17.805480 0.311215 0.022156 0.711687 -0.701224 -0.035994
1778055460.747745 0.616486 17.707591 0.310811 0.006362 0.709253 -0.704535 -0.023432
1778055460.891526 0.620300 17.623174 0.312754 0.002074 0.708777 -0.705415 -0.004530
1778055461.033173 0.614022 17.531787 0.308060 0.001416 0.711736 -0.702065 -0.023124
1778055461.168780 0.599756 17.461824 0.308533 0.016641 0.716963 -0.696036 -0.034934
1778055461.309378 0.576626 17.386938 0.299064 0.031329 0.719063 -0.692322 -0.051545
1778055461.449651 0.547551 17.338640 0.304900 0.064786 0.712213 -0.695855 -0.065895
1778055461.582579 0.514281 17.296686 0.303416 0.089501 0.710692 -0.691716 -0.091846
1778055461.725436 0.473873 17.259297 0.308965 0.115356 0.702896 -0.689369 -0.131910
1778055461.865779 0.435411 17.239981 0.305087 0.150516 0.698143 -0.679624 -0.167487
1778055462.015044 0.382645 17.216262 0.296628 0.192931 0.688971 -0.667797 -0.205290
1778055462.158577 0.327255 17.208943 0.306087 0.235070 0.667710 -0.662502 -0.244939
1778055462.303391 0.274120 17.213689 0.312784 -0.279120 -0.644340 0.655814 0.277173
1778055462.438881 0.216778 17.211844 0.312194 0.303582 0.635916 -0.633786 -0.319006
1778055462.571968 0.175645 17.207285 0.314025 -0.331315 -0.619396 0.622169 0.345666
1778055462.715758 0.125042 17.200343 0.303828 -0.359723 -0.609052 0.609950 0.357234
1778055462.852542 0.076373 17.202904 0.306928 -0.371226 -0.596040 0.599870 0.383514
1778055462.991621 0.033675 17.210724 0.311193 -0.395638 -0.578197 0.593047 0.396805
1778055463.129333 -0.027060 17.214918 0.310032 -0.407289 -0.570823 0.573078 0.424097
1778055463.273400 -0.086727 17.212966 0.313617 0.424373 0.562739 -0.558541 -0.437338
1778055463.411136 -0.153751 17.213093 0.305380 0.442935 0.551743 -0.548433 -0.445656
1778055463.549307 -0.220429 17.219239 0.306976 0.451974 0.539766 -0.537561 -0.464112
1778055463.710476 -0.293044 17.235125 0.312967 -0.469119 -0.519348 0.526522 0.482679
1778055463.841620 -0.359944 17.249239 0.312684 0.481158 0.514892 -0.505607 -0.497729
1778055463.974797 -0.425685 17.264372 0.312694 -0.498611 -0.500856 0.494527 0.505939
1778055464.111580 -0.506601 17.283304 0.304411 -0.510493 -0.490950 0.481120 0.516612
1778055464.253367 -0.579576 17.290235 0.310279 0.514719 0.483544 -0.488648 -0.512321
1778055464.392819 -0.660330 17.283407 0.312617 -0.497993 -0.494609 0.497516 0.509748
1778055464.532886 -0.739963 17.264372 0.314827 0.483089 0.516247 -0.497653 -0.502450
1778055464.672421 -0.826282 17.237590 0.313945 0.465518 0.526690 -0.513573 -0.492069
1778055464.811966 -0.909697 17.217991 0.311559 0.460989 0.533531 -0.525850 -0.475726
1778055464.951121 -1.000625 17.217445 0.311709 0.466934 0.528820 -0.516764 -0.485053
1778055465.093493 -1.074264 17.220646 0.310351 0.482082 0.525124 -0.503905 -0.487772
1778055465.234056 -1.130307 17.224146 0.285768 0.492527 0.537530 -0.493325 -0.474457
1778055465.382027 -1.142309 17.218953 0.290165 0.488861 0.540405 -0.499677 -0.468295
1778055465.526420 -1.140790 17.218340 0.299556 0.483391 0.533866 -0.507984 -0.472517
1778055465.663158 -1.152366 17.222439 0.303285 0.487019 0.526469 -0.509185 -0.475787
1778055465.795438 -1.179254 17.230098 0.305397 0.498240 0.514616 -0.502494 -0.484177
1778055465.930554 -1.219024 17.238468 0.303734 0.500359 0.508798 -0.491568 -0.499125
1778055466.074125 -1.268788 17.252340 0.305866 -0.508265 -0.499982 0.473823 0.516891
1778055466.216247 -1.329604 17.251796 0.299727 -0.509076 -0.503607 0.475570 0.510935
1778055466.350694 -1.396655 17.243246 0.299093 0.500536 0.508395 -0.490013 -0.500885
1778055466.492107 -1.463792 17.228117 0.303096 0.489472 0.515957 -0.504200 -0.489886
1778055466.634145 -1.541697 17.206099 0.307306 0.468863 0.532522 -0.511025 -0.485224
1778055466.772569 -1.607108 17.179089 0.312709 0.450467 0.547951 -0.519447 -0.476449
1778055466.912218 -1.692338 17.144502 0.303310 0.439216 0.560352 -0.537657 -0.451685
1778055467.052495 -1.756522 17.115720 0.310099 0.424880 0.564086 -0.560511 -0.432564
1778055467.205629 -1.833462 17.076617 0.306396 0.402681 0.581432 -0.564970 -0.424964
1778055467.353642 -1.902604 17.027805 0.315383 0.385341 0.593271 -0.578007 -0.406754
1778055467.479090 -1.969900 16.987346 0.310641 0.380094 0.596980 -0.586285 -0.394226
1778055467.621034 -2.051996 16.966415 0.315399 0.395248 0.585506 -0.583463 -0.400665
1778055467.755217 -2.131132 16.950374 0.311264 0.402580 0.582469 -0.569011 -0.418193
1778055467.895388 -2.194808 16.941030 0.306317 0.421861 0.583022 -0.557847 -0.413432
1778055468.034619 -2.223896 16.937055 0.299275 0.425905 0.591169 -0.555407 -0.400809
1778055468.172832 -2.224125 16.932439 0.302674 0.418980 0.589347 -0.560156 -0.404168
1778055468.316755 -2.230182 16.929922 0.306713 0.418696 0.578379 -0.563527 -0.415462
1778055468.449507 -2.254084 16.929265 0.305100 0.423670 0.572000 -0.558071 -0.426470
1778055468.592020 -2.280822 16.932240 0.300177 0.433191 0.565485 -0.549729 -0.436315
1778055468.736283 -2.313888 16.940607 0.295027 0.451414 0.552245 -0.539282 -0.447688
1778055468.877258 -2.343076 16.948305 0.294737 0.467238 0.542216 -0.530615 -0.454025
1778055469.022073 -2.396267 16.961129 0.303644 0.478687 0.526792 -0.513692 -0.479030
1778055469.165470 -2.455134 16.975541 0.302997 0.489532 0.520644 -0.490952 -0.498250
1778055469.305025 -2.520275 16.994579 0.298119 0.507850 0.508228 -0.478591 -0.504721
1778055469.435973 -2.591648 17.003316 0.301658 -0.507320 -0.500385 0.483691 0.508216
1778055469.574227 -2.659208 16.994119 0.304299 0.505439 0.502777 -0.499691 -0.491991
1778055469.712454 -2.742246 16.974259 0.304143 0.485336 0.520503 -0.504209 -0.489182
1778055469.853009 -2.814224 16.947669 0.310687 0.465091 0.536993 -0.514639 -0.480079
1778055469.995352 -2.903859 16.916744 0.302049 0.447620 0.553527 -0.527423 -0.463756
1778055470.134689 -2.969067 16.890036 0.309110 0.436828 0.557113 -0.552078 -0.440473
1778055470.271524 -3.039363 16.854937 0.307745 0.417003 0.569612 -0.561961 -0.431104
1778055470.413473 -3.100185 16.813567 0.313051 0.397923 0.587616 -0.566882 -0.418341
1778055470.552706 -3.170059 16.758324 0.309106 0.378214 0.598841 -0.582342 -0.399025
1778055470.690083 -3.226572 16.715145 0.309041 0.365590 0.607242 -0.600116 -0.370759
1778055470.837593 -3.282545 16.666843 0.310697 -0.346235 -0.611695 0.615862 0.355899
1778055470.989907 -3.339718 16.604888 0.309509 0.324786 0.632981 -0.614669 -0.340635
1778055471.122279 -3.383467 16.543603 0.312497 0.300173 0.640262 -0.626124 -0.328526
1778055471.268591 -3.436940 16.471765 0.307099 0.287642 0.650077 -0.638773 -0.294332
1778055471.400272 -3.495015 16.432757 0.310635 0.295367 0.643362 -0.638527 -0.301870
1778055471.532154 -3.559883 16.392908 0.309954 0.306469 0.641604 -0.626580 -0.319090
1778055471.674424 -3.622070 16.360995 0.302786 0.329305 0.639401 -0.614352 -0.324493
1778055471.810981 -3.674108 16.345045 0.293807 0.338175 0.633328 -0.604573 -0.345000
1778055471.953006 -3.699640 16.348716 0.300972 0.354171 0.621675 -0.598147 -0.360974
1778055472.091503 -3.710214 16.359564 0.303390 0.371204 0.611500 -0.590476 -0.373649
1778055472.231466 -3.718277 16.375021 0.303963 0.382333 0.605175 -0.579796 -0.389130
1778055472.370164 -3.722634 16.399646 0.305660 0.397027 0.592750 -0.574632 -0.401018
1778055472.508694 -3.729012 16.430391 0.309984 0.403453 0.583535 -0.566595 -0.419146
1778055472.667671 -3.748713 16.470731 0.297209 0.425715 0.582369 -0.539311 -0.434461
1778055472.797081 -3.768105 16.489345 0.295327 0.436438 0.575071 -0.530905 -0.443796
1778055472.947516 -3.793359 16.467508 0.293290 0.431531 0.579304 -0.537270 -0.435349
1778055473.082508 -3.818266 16.454073 0.285642 0.430525 0.586522 -0.541481 -0.421235
1778055473.216681 -3.843726 16.452492 0.278253 0.437085 0.584528 -0.538958 -0.420485
1778055473.353644 -3.871521 16.449074 0.270257 0.449690 0.584698 -0.523633 -0.426281
1778055473.567019 -3.938303 16.447374 0.288835 0.449793 0.568555 -0.515121 -0.457255
1778055473.809393 -4.045514 16.457885 0.298155 0.468499 0.536869 -0.515352 -0.476123
1778055473.920989 -4.102680 16.476281 0.311669 -0.488756 -0.509825 0.520685 0.479670
1778055474.036015 -4.125546 16.482706 0.313805 -0.492215 -0.502518 0.520165 0.484384
1778055474.142918 -4.205422 16.503350 0.312881 -0.505099 -0.496187 0.489135 0.509333
1778055474.289745 -4.243661 16.508517 0.316575 -0.502684 -0.489389 0.486217 0.520962
1778055474.413967 -4.353206 16.505376 0.310285 -0.501290 -0.497103 0.500123 0.501472
1778055474.535334 -4.391510 16.502501 0.311717 -0.495812 -0.498429 0.507595 0.498082
1778055474.729993 -4.499640 16.478773 0.308581 0.478162 0.524972 -0.510075 -0.485375
1778055474.924767 -4.589194 16.437492 0.312942 0.450212 0.543772 -0.527711 -0.472380
1778055475.040924 -4.656688 16.404179 0.309428 0.433129 0.559301 -0.552869 -0.440360
1778055475.169357 -4.688420 16.382329 0.308052 -0.422888 -0.565539 0.567602 0.423273
1778055475.407961 -4.751355 16.324349 0.300679 0.391529 0.590590 -0.583330 -0.397031
1778055475.537829 -4.800336 16.251296 0.313414 0.341913 0.615754 -0.602190 -0.375911
1778055475.642983 -4.825261 16.219001 0.307449 0.336063 0.623322 -0.612173 -0.351817
1778055475.891515 -4.884661 16.176411 0.305550 0.339469 0.630673 -0.601179 -0.354395
1778055476.126803 -4.907446 16.210345 0.308032 0.391520 0.601884 -0.566829 -0.403921
1778055476.252473 -4.925048 16.275892 0.310130 0.462916 0.540329 -0.522561 -0.469769
1778055476.365381 -4.926464 16.303229 0.307412 0.487018 0.520499 -0.496265 -0.495596
1778055476.467704 -4.926434 16.349140 0.292389 0.544938 0.477346 -0.469594 -0.504643
1778055476.610878 -4.927726 16.371162 0.292359 0.564846 0.450451 -0.453200 -0.522162
1778055476.725417 -4.929524 16.412982 0.307013 0.576079 0.423257 -0.410333 -0.566228
1778055476.846286 -4.930340 16.416708 0.308247 0.576712 0.421538 -0.406602 -0.569547
1778055477.102660 -4.920374 16.457186 0.311467 -0.588836 -0.394713 0.360998 0.605933
1778055477.229149 -4.914355 16.469980 0.313830 -0.599796 -0.375110 0.350834 0.613558
1778055477.332027 -4.919770 16.465157 0.311383 -0.597266 -0.380501 0.352725 0.611618
1778055477.587520 -4.967189 16.429564 0.300926 -0.563147 -0.431545 0.401052 0.579475
1778055477.811678 -4.993185 16.400144 0.295150 -0.540853 -0.465116 0.439001 0.546282
1778055478.056151 -5.025885 16.346367 0.289155 0.503121 0.519966 -0.465632 -0.509599
1778055478.326627 -5.011530 16.385604 0.301644 -0.529589 -0.475901 0.444966 0.543194
1778055478.427490 -4.999695 16.428917 0.308290 -0.563636 -0.433925 0.401727 0.576748
1778055478.548729 -4.990516 16.449108 0.307686 -0.582553 -0.409915 0.375101 0.593213
1778055478.698087 -4.984100 16.460945 0.306466 -0.591594 -0.396838 0.361114 0.601775
1778055478.813899 -4.979081 16.472235 0.306609 -0.599068 -0.384817 0.351696 0.607736
1778055478.972836 -4.974018 16.485369 0.307480 -0.608019 -0.370314 0.336789 0.616241
1778055479.105522 -4.985511 16.508972 0.304860 -0.619476 -0.350273 0.325501 0.622581
1778055479.209437 -4.999577 16.532697 0.303551 -0.624714 -0.340851 0.313076 0.628916
1778055479.374764 -5.024537 16.573368 0.305864 -0.632289 -0.315702 0.296850 0.642201
1778055479.522237 -5.041192 16.613694 0.309220 -0.642673 -0.287288 0.287882 0.649277
1778055479.654453 -5.069598 16.669244 0.312920 -0.645763 -0.274625 0.264729 0.661430
1778055479.804369 -5.108212 16.724891 0.310800 -0.657345 -0.269335 0.248197 0.658600
1778055479.933433 -5.169488 16.770049 0.302536 0.654935 0.284863 -0.258325 -0.650524
1778055480.088974 -5.238284 16.815213 0.306493 0.647221 0.296048 -0.283209 -0.642848
1778055480.226497 -5.302362 16.859245 0.305778 -0.639520 -0.310943 0.283002 0.643614
1778055480.389434 -5.360813 16.918472 0.308616 0.645814 0.302653 -0.273258 -0.645489
1778055480.498363 -5.413654 16.977236 0.302582 0.651609 0.294262 -0.269035 -0.645318
1778055480.654181 -5.481978 17.034422 0.308294 0.647453 0.292911 -0.290351 -0.640862
1778055480.771323 -5.537791 17.072887 0.312541 -0.636413 -0.302849 0.298158 0.643710
1778055480.910771 -5.611813 17.108764 0.309755 -0.630030 -0.328048 0.300910 0.636318
1778055481.052397 -5.693258 17.133589 0.317997 -0.607629 -0.346947 0.319229 0.639146
1778055481.192544 -5.770716 17.158998 0.315184 -0.604779 -0.362029 0.348124 0.618051
1778055481.333941 -5.844378 17.182930 0.319438 -0.590470 -0.369819 0.373256 0.612584
1778055481.475569 -5.923008 17.198389 0.309447 -0.587863 -0.397228 0.375242 0.596507
1778055481.622197 -6.007908 17.204006 0.314915 -0.568626 -0.416992 0.390722 0.591708
1778055481.756857 -6.095807 17.211543 0.306005 -0.562978 -0.433756 0.412745 0.569695
1778055481.902647 -6.173698 17.213154 0.309266 -0.549758 -0.444840 0.434061 0.558099
1778055482.035659 -6.256229 17.210255 0.304259 -0.537348 -0.467084 0.439422 0.547721
1778055482.178302 -6.339855 17.198203 0.309306 -0.521430 -0.484698 0.454508 0.535352
1778055482.318948 -6.427546 17.187734 0.301647 -0.509177 -0.498880 0.473626 0.517238
1778055482.456953 -6.497645 17.174085 0.308466 0.496863 0.505458 -0.496409 -0.501217
1778055482.594012 -6.576794 17.154815 0.304771 0.479625 0.525202 -0.502620 -0.491422
1778055482.749328 -6.663988 17.124203 0.312457 0.461352 0.540594 -0.519702 -0.474155
1778055482.876832 -6.743762 17.096896 0.303399 0.450799 0.552873 -0.532530 -0.455548
1778055483.017771 -6.823128 17.086099 0.308297 0.454151 0.549351 -0.529966 -0.459453
1778055483.158551 -6.905800 17.075548 0.306337 0.456847 0.549611 -0.521461 -0.466151
1778055483.297726 -6.970476 17.067529 0.290931 0.467406 0.561327 -0.514732 -0.448882
1778055483.462559 -6.990765 17.052634 0.295289 0.455127 0.568733 -0.527725 -0.436931
1778055483.586006 -6.984859 17.035624 0.302669 0.435666 0.572503 -0.546725 -0.428401
1778055483.720139 -6.977459 17.015807 0.306928 0.417110 0.580627 -0.563325 -0.414193
1778055483.859587 -6.973902 16.997582 0.308629 0.402222 0.589871 -0.576264 -0.397731
1778055483.998640 -6.968982 16.980725 0.307791 0.389027 0.599514 -0.587109 -0.380190
1778055484.135603 -6.965212 16.961507 0.300044 0.368532 0.617353 -0.589627 -0.367967
1778055484.273957 -6.969797 16.935777 0.290553 0.355384 0.636279 -0.591397 -0.345111
1778055484.414885 -6.981904 16.899090 0.285310 0.340919 0.647750 -0.601037 -0.320856
1778055484.557146 -7.006966 16.858234 0.293616 0.315376 0.653555 -0.615387 -0.307738
1778055484.696238 -7.045919 16.822079 0.297695 0.305264 0.651220 -0.622250 -0.309083
1778055484.836570 -7.108702 16.791600 0.303776 0.313613 0.638237 -0.624100 -0.323727
1778055484.974910 -7.166547 16.771426 0.309876 -0.333856 -0.623596 0.624932 0.330345
1778055485.116074 -7.232937 16.734726 0.305974 0.334186 0.627798 -0.616851 -0.337171
1778055485.252574 -7.286866 16.684668 0.313997 0.321520 0.632788 -0.621234 -0.332072
1778055485.402667 -7.352490 16.616553 0.307129 0.307479 0.639193 -0.631233 -0.313740
1778055485.548510 -7.398276 16.557349 0.308338 0.291724 0.647251 -0.639136 -0.295751
1778055485.682194 -7.444018 16.493376 0.304277 0.267653 0.658723 -0.640801 -0.289517
1778055485.816382 -7.485864 16.418903 0.308705 0.247923 0.670004 -0.645603 -0.269862
1778055485.956457 -7.532603 16.334216 0.299365 0.226942 0.678742 -0.652595 -0.248849
1778055486.093501 -7.563843 16.268154 0.309157 0.215486 0.675871 -0.668539 -0.223203
1778055486.233876 -7.595247 16.186043 0.305826 0.191935 0.684012 -0.671896 -0.209391
1778055486.374962 -7.617532 16.106407 0.312204 0.169657 0.691798 -0.675179 -0.191744
1778055486.515567 -7.642541 16.017484 0.303401 0.151072 0.696762 -0.680693 -0.168396
1778055486.656321 -7.657071 15.941841 0.306175 0.134891 0.699428 -0.688153 -0.138019
1778055486.792729 -7.667687 15.856592 0.302798 0.106240 0.703103 -0.691336 -0.128115
1778055486.935903 -7.667318 15.775496 0.311603 0.080941 0.706732 -0.693714 -0.112870
1778055487.077888 -7.666251 15.682979 0.303449 0.063412 0.709235 -0.697081 -0.083920
1778055487.230403 -7.659492 15.600557 0.306197 0.044246 0.708270 -0.702247 -0.056965
1778055487.372406 -7.647636 15.513162 0.304331 0.019552 0.709395 -0.703176 -0.043812
1778055487.505962 -7.628419 15.435433 0.311534 -0.001368 0.710112 -0.703694 -0.023534
1778055487.648532 -7.606795 15.351725 0.298968 -0.021955 0.714732 -0.699051 0.002128
1778055487.776938 -7.594785 15.316094 0.298275 -0.046376 0.717529 -0.694981 0.001566
1778055487.912774 -7.577838 15.301844 0.294224 -0.046599 0.722240 -0.689793 0.019576
1778055488.052984 -7.551413 15.307306 0.300204 -0.074732 0.715098 -0.692398 0.060289
1778055488.192408 -7.513176 15.311180 0.305659 -0.118613 0.705000 -0.691334 0.104708
1778055488.332161 -7.468540 15.322211 0.308093 -0.172851 0.690146 -0.684498 0.159010
1778055488.474099 -7.429713 15.347397 0.308749 -0.216372 0.673974 -0.666484 0.233967
1778055488.616250 -7.379032 15.390021 0.294545 -0.288387 0.660100 -0.627761 0.294986
1778055488.758694 -7.340392 15.435702 0.297803 -0.346605 0.627226 -0.606505 0.344389
1778055488.894544 -7.321144 15.460927 0.300822 -0.378073 0.607191 -0.590757 0.373345
1778055489.047653 -7.296719 15.502051 0.305938 -0.423665 0.571008 -0.567280 0.415513
1778055489.186392 -7.286730 15.526161 0.303923 -0.451091 0.554805 -0.550283 0.431158
1778055489.328493 -7.277974 15.554664 0.296517 -0.474654 0.538421 -0.532149 0.449025
1778055489.473743 -7.271605 15.545958 0.296258 -0.469447 0.541672 -0.541030 0.439884
1778055489.605884 -7.258538 15.520617 0.293209 0.456363 -0.553064 0.558961 -0.416433
1778055489.742896 -7.252292 15.490821 0.292724 0.434267 -0.569602 0.577182 -0.392207
1778055489.876362 -7.247390 15.460543 0.295738 0.402263 -0.586625 0.597501 -0.370200
1778055490.020387 -7.244181 15.424895 0.301119 0.367058 -0.607214 0.611507 -0.350170
1778055490.164727 -7.234782 15.383772 0.299719 -0.340511 0.627837 -0.625003 0.315030
1778055490.305756 -7.218561 15.343161 0.304700 0.319991 -0.632962 0.646557 -0.280942
1778055490.441630 -7.206833 15.300308 0.298928 -0.292061 0.653835 -0.646743 0.262533
1778055490.576339 -7.187267 15.252930 0.298837 -0.268914 0.660079 -0.656926 0.245824
1778055490.730299 -7.170283 15.197351 0.305543 -0.231027 0.668808 -0.666648 0.234313
1778055490.865945 -7.159792 15.146374 0.306476 0.209087 -0.672764 0.677709 -0.210669
1778055491.019598 -7.140860 15.084814 0.309654 0.195332 -0.680301 0.683646 -0.177944
1778055491.152341 -7.125719 15.032253 0.309180 0.174244 -0.684918 0.688673 -0.162035
1778055491.283159 -7.111590 14.973135 0.302371 0.156725 -0.690356 0.690601 -0.148038
1778055491.421330 -7.108332 14.915641 0.308349 0.135470 -0.691308 0.696664 -0.135646
1778055491.561652 -7.109491 14.853884 0.311470 0.110149 -0.691565 0.703804 -0.119435
1778055491.703899 -7.106449 14.779848 0.309161 0.100751 -0.699572 0.702729 -0.081364
1778055491.843266 -7.101340 14.716718 0.314357 0.079074 -0.698397 0.708452 -0.063917
1778055491.996451 -7.100085 14.643864 0.305604 0.058143 -0.700920 0.709173 -0.049040
1778055492.122664 -7.109285 14.591178 0.309903 0.039039 -0.701338 0.710532 -0.041773
1778055492.261254 -7.129659 14.525627 0.315649 0.012936 -0.694570 0.718927 -0.023434
1778055492.400270 -7.146479 14.455358 0.313132 0.002018 -0.704415 0.709726 0.009208
1778055492.551272 -7.164387 14.379443 0.314761 -0.021648 -0.703274 0.710066 0.027271
1778055492.694571 -7.187938 14.302410 0.304468 0.040165 0.707076 -0.704791 -0.041232
1778055492.836796 -7.219744 14.234249 0.313071 -0.064193 -0.701841 0.707158 0.056796
1778055492.968312 -7.253621 14.165043 0.306919 0.074191 0.704494 -0.700773 -0.084272
1778055493.113771 -7.289289 14.093015 0.313458 0.095729 0.703812 -0.696515 -0.101748
1778055493.254340 -7.331203 14.015740 0.303419 0.115513 0.702928 -0.692255 -0.115469
1778055493.387893 -7.373889 13.952994 0.311318 0.135645 0.695847 -0.693719 -0.127086
1778055493.520204 -7.420309 13.889378 0.310468 0.146076 0.692424 -0.690078 -0.151668
1778055493.662268 -7.447882 13.811488 0.313401 0.132910 0.699054 -0.686592 -0.149165
1778055493.804688 -7.468923 13.717502 0.306715 0.115056 0.702708 -0.689067 -0.134721
1778055493.940765 -7.481873 13.635799 0.311086 0.100525 0.703623 -0.694344 -0.112678
1778055494.084484 -7.488177 13.542370 0.309015 0.076548 0.704838 -0.698701 -0.095711
1778055494.219716 -7.506758 13.470183 0.311785 0.075145 0.708690 -0.694852 -0.096401
1778055494.374222 -7.536750 13.387434 0.301151 0.084316 0.711666 -0.690102 -0.100904
1778055494.514688 -7.578277 13.298426 0.313408 0.103818 0.701748 -0.695542 -0.113986
1778055494.680080 -7.599411 13.205230 0.308332 0.092610 0.704627 -0.694497 -0.112239
1778055494.801105 -7.611023 13.172545 0.306418 0.100380 0.713940 -0.685277 -0.103001
1778055494.961889 -7.615963 13.156474 0.305180 0.093585 0.715321 -0.684815 -0.102891
1778055495.084816 -7.615241 13.156615 0.307190 0.092682 0.711007 -0.689172 -0.104506
1778055495.232959 -7.623187 13.159413 0.309551 0.104309 0.707298 -0.689464 -0.116144
1778055495.358284 -7.659551 13.163464 0.314186 0.146365 0.699490 -0.680771 -0.160757
1778055495.532515 -7.678415 13.168485 0.313302 0.170597 0.695652 -0.671197 -0.190943
1778055495.636516 -7.692982 13.172883 0.313099 0.196725 0.688167 -0.664996 -0.213321
1778055495.764322 -7.689113 13.164783 0.312313 0.193389 0.687256 -0.668746 -0.207506
1778055495.920580 -7.673894 13.142128 0.308007 0.162787 0.695541 -0.676171 -0.180323
1778055496.053128 -7.649388 13.110996 0.301764 0.124618 0.707924 -0.679671 -0.146159
1778055496.200445 -7.631498 13.095426 0.298423 0.092904 0.714084 -0.681944 -0.128085
1778055496.403782 -7.594730 13.068008 0.294924 0.039016 0.721046 -0.687812 -0.074061
1778055496.585100 -7.552904 13.040273 0.294752 -0.010374 0.721522 -0.692151 -0.014999
1778055496.695360 -7.489347 12.997781 0.297843 -0.079649 0.711504 -0.694217 0.074032
1778055496.852306 -7.455904 12.978013 0.292002 -0.111673 0.711442 -0.687379 0.094287
1778055497.005097 -7.405989 12.952627 0.297186 -0.148590 0.702532 -0.682966 0.133895
1778055497.135228 -7.364033 12.918856 0.298042 -0.175949 0.691528 -0.680036 0.168471
1778055497.270804 -7.345667 12.903838 0.301359 -0.185196 0.686613 -0.677783 0.186750
1778055497.413015 -7.288437 12.856817 0.294766 -0.217441 0.682463 -0.667214 0.204427
1778055497.524427 -7.243845 12.839075 0.301878 -0.241154 0.671900 -0.665041 0.219352
1778055497.677393 -7.203065 12.820635 0.306817 0.258476 -0.657101 0.668414 -0.233733
1778055497.807153 -7.131680 12.781156 0.307965 0.279410 -0.649608 0.650755 -0.276510
1778055497.913935 -7.098505 12.764452 0.309100 0.287101 -0.642463 0.647715 -0.292028
1778055498.024335 -7.051847 12.742645 0.304664 0.304225 -0.635842 0.642677 -0.300197
1778055498.189941 -7.004954 12.726362 0.306114 0.322120 -0.631961 0.634016 -0.308037
1778055498.319614 -6.886957 12.699628 0.306674 0.354840 -0.611577 0.617500 -0.344610
1778055498.471802 -6.824944 12.687872 0.309669 0.372638 -0.599902 0.605401 -0.367082
1778055498.596168 -6.794231 12.681697 0.310747 0.377513 -0.593163 0.602089 -0.378327
1778055498.705828 -6.714355 12.669624 0.305298 0.402588 -0.581697 0.591444 -0.386970
1778055498.823222 -6.667411 12.670412 0.310667 0.415156 -0.576155 0.579484 -0.399862
1778055498.970650 -6.584733 12.673754 0.307311 -0.430915 0.565762 -0.561138 0.423497
1778055499.073118 -6.551223 12.677875 0.305883 -0.442137 0.556289 -0.555639 0.431653
1778055499.235741 -6.479599 12.697600 0.301873 -0.468162 0.539866 -0.532934 0.453156
1778055499.381374 -6.413285 12.710922 0.303577 0.487290 -0.518792 0.526722 -0.464723
1778055499.492113 -6.350930 12.728977 0.306641 0.505685 -0.502731 0.513023 -0.477861
1778055499.696698 -6.266484 12.719934 0.302167 0.495296 -0.508316 0.520025 -0.475259
1778055499.851055 -6.195910 12.696037 0.312764 0.471881 -0.522393 0.526053 -0.477182
1778055499.982747 -6.101194 12.660244 0.310994 0.459515 -0.538243 0.539908 -0.455675
1778055500.203347 -6.022359 12.635582 0.301562 -0.455083 0.557451 -0.534939 0.442705
1778055500.327459 -5.994203 12.638800 0.296884 -0.469686 0.553309 -0.525931 0.443442
1778055500.483494 -5.991984 12.663990 0.305577 -0.483301 0.527964 -0.519935 0.466199
1778055500.604786 -5.990226 12.680979 0.308362 -0.493152 0.513893 -0.508857 0.483508
1778055500.762041 -5.986025 12.717706 0.309620 0.517662 -0.487600 0.478696 -0.514900
1778055500.898158 -5.986617 12.740063 0.310734 -0.529706 0.473395 -0.458818 0.533662
1778055501.001847 -5.989701 12.756428 0.311257 -0.537538 0.463466 -0.442779 0.547904
1778055501.108137 -5.997472 12.775346 0.305743 -0.553993 0.450121 -0.424877 0.556743
1778055501.292338 -5.985867 12.793363 0.290840 0.571726 -0.443171 0.413378 -0.553035
1778055501.399399 -5.949934 12.792490 0.285573 0.568663 -0.453316 0.416040 -0.545928
1778055501.529830 -5.907784 12.796079 0.269622 0.575472 -0.468284 0.421457 -0.521456
1778055501.666348 -5.852854 12.791513 0.278385 0.563078 -0.470037 0.449193 -0.510132
1778055501.804519 -5.804959 12.790969 0.293216 0.543700 -0.470550 0.467379 -0.514325
1778055501.940278 -5.723300 12.777044 0.302093 0.520100 -0.483088 0.484840 -0.510933
1778055502.088342 -5.664592 12.755760 0.310443 -0.492035 0.505489 -0.491623 0.510578
1778055502.249588 -5.628931 12.744857 0.310153 -0.486558 0.510235 -0.501220 0.501697
1778055502.364469 -5.538732 12.717889 0.315503 -0.476129 0.523406 -0.522265 0.476011
1778055502.499711 -5.453026 12.712611 0.308657 -0.480051 0.521666 -0.521586 0.474725
1778055502.637975 -5.381934 12.719304 0.305432 -0.493066 0.513296 -0.506595 0.486595
1778055502.741361 -5.359124 12.722623 0.304997 -0.497502 0.508962 -0.504995 0.488292
1778055502.882095 -5.260528 12.743115 0.307940 0.518020 -0.486408 0.500285 -0.494750
1778055502.990696 -5.185698 12.768893 0.309018 0.535593 -0.470667 0.486912 -0.504510
1778055503.178845 -5.083875 12.803046 0.303853 0.548296 -0.455675 0.457923 -0.531072
1778055503.279408 -5.013712 12.829385 0.311046 -0.550042 0.440866 -0.446813 0.550863
1778055503.392865 -4.961550 12.835574 0.308411 0.549477 -0.442902 0.453161 -0.544572
1778055503.508042 -4.892439 12.841822 0.309195 0.548050 -0.455507 0.459396 -0.530198
1778055503.643285 -4.807693 12.843434 0.299942 0.540877 -0.470703 0.464438 -0.519797
1778055503.764567 -4.734139 12.834528 0.304980 0.526686 -0.480700 0.476004 -0.514732
1778055503.966661 -4.653470 12.819207 0.306353 0.510596 -0.495530 0.491338 -0.502322
1778055504.101131 -4.565418 12.801747 0.312644 0.496040 -0.509253 0.513986 -0.480024
1778055504.256702 -4.500454 12.782239 0.305299 -0.480014 0.526514 -0.523670 0.467054
1778055504.372564 -4.466720 12.767841 0.299995 0.475097 -0.531708 0.533655 -0.454732
1778055504.547685 -4.403373 12.719721 0.310610 -0.436061 0.556555 -0.553289 0.440418
1778055504.667345 -4.357953 12.680895 0.304925 -0.423072 0.572472 -0.568562 0.412340
1778055504.818708 -4.309936 12.648312 0.311429 -0.402663 0.583828 -0.583371 0.395835
1778055504.939101 -4.261518 12.616139 0.309442 0.386246 -0.589212 0.596887 -0.383887
1778055505.044167 -4.235149 12.595669 0.302799 0.381011 -0.595604 0.599763 -0.374661
1778055505.152083 -4.192004 12.550241 0.309064 0.358646 -0.606388 0.608845 -0.364656
1778055505.316731 -4.143786 12.491335 0.310997 0.337297 -0.614163 0.625108 -0.343911
1778055505.440505 -4.103800 12.447071 0.310828 0.331043 -0.627075 0.629254 -0.318163
1778055505.573226 -4.062407 12.406393 0.302748 -0.321748 0.641119 -0.621746 0.314446
1778055505.764583 -4.019868 12.387601 0.296607 -0.343484 0.629760 -0.618444 0.320856
1778055505.887317 -4.003639 12.385017 0.295051 -0.345006 0.624327 -0.615164 0.335798
1778055506.031521 -3.986670 12.393452 0.291126 -0.359452 0.617653 -0.602637 0.355143
1778055506.134762 -3.970757 12.403351 0.286586 -0.373577 0.612610 -0.593455 0.364636
1778055506.289671 -3.942602 12.424264 0.291926 -0.394350 0.594501 -0.588473 0.380469
1778055506.398282 -3.937499 12.428237 0.294206 -0.398047 0.589983 -0.587323 0.385396
1778055506.522701 -3.916121 12.438028 0.297504 -0.407972 0.580024 -0.577295 0.404798
1778055506.627882 -3.857548 12.446469 0.301053 0.428877 -0.555737 0.562753 -0.436497
1778055506.774415 -3.811034 12.457181 0.306005 0.440326 -0.535162 0.555569 -0.459410
1778055506.947216 -3.754460 12.479690 0.306206 0.470294 -0.521228 0.540470 -0.463721
1778055507.132122 -3.661137 12.510673 0.302270 0.493960 -0.504273 0.506125 -0.495529
1778055507.249603 -3.603031 12.525899 0.311575 -0.500432 0.486681 -0.489629 0.522469
1778055507.421093 -3.537552 12.550330 0.296637 0.533986 -0.473348 0.477844 -0.512314
1778055507.551892 -3.478437 12.587429 0.297427 0.558491 -0.450134 0.462904 -0.520756
1778055507.692587 -3.419729 12.624776 0.304348 0.567173 -0.426318 0.449064 -0.543057
1778055507.849711 -3.356645 12.664415 0.305492 0.577243 -0.413229 0.420624 -0.564897
1778055507.950322 -3.315349 12.688022 0.302562 0.584824 -0.407130 0.414494 -0.566057
1778055508.095563 -3.280070 12.696356 0.303321 0.575287 -0.415761 0.424398 -0.562205
1778055508.211466 -3.257191 12.698589 0.304171 0.573169 -0.419890 0.437473 -0.551168
1778055508.357981 -3.226192 12.694745 0.301947 0.563350 -0.436478 0.444160 -0.542996
1778055508.551599 -3.161635 12.692664 0.300289 0.545052 -0.453929 0.457703 -0.536074
1778055508.683650 -3.100050 12.683283 0.305533 0.530003 -0.467026 0.471015 -0.528326
1778055508.797137 -3.038173 12.672153 0.311755 -0.511177 0.478170 -0.481550 0.527409
1778055508.955794 -2.982943 12.680661 0.308664 0.522690 -0.473576 0.480981 -0.520747
1778055509.088736 -2.890411 12.718615 0.319371 0.536178 -0.447242 0.482209 -0.529114
1778055509.242234 -2.825032 12.748256 0.309558 0.549973 -0.442510 0.455192 -0.542693
1778055509.353159 -2.774706 12.774444 0.314126 -0.556792 0.429031 -0.439130 0.559535
1778055509.495908 -2.722260 12.813281 0.304194 0.575310 -0.409203 0.423177 -0.567885
1778055509.642427 -2.688121 12.864808 0.307347 0.599600 -0.383533 0.396395 -0.579873
1778055509.819554 -2.669588 12.905137 0.307913 0.620416 -0.352395 0.372728 -0.593275
1778055509.926938 -2.683063 12.935157 0.298433 0.649620 -0.320091 0.327857 -0.606667
1778055510.061691 -2.703023 12.945700 0.295782 0.661471 -0.303743 0.300794 -0.616214
1778055510.190962 -2.768361 12.961540 0.289969 0.684600 -0.257030 0.255022 -0.632631
1778055510.330034 -2.815960 12.967685 0.286537 0.689440 -0.244614 0.213857 -0.647380
1778055510.473731 -2.853389 12.984932 0.287104 0.695130 -0.215486 0.198901 -0.656353
1778055510.622458 -2.864670 13.010925 0.292017 0.695779 -0.191822 0.184722 -0.667063
1778055510.800224 -2.868057 13.050583 0.292019 0.702389 -0.170261 0.152735 -0.674042
1778055510.917244 -2.853283 13.069222 0.288392 0.705990 -0.170343 0.166556 -0.666949
1778055511.050476 -2.831316 13.087682 0.289382 0.701599 -0.177132 0.184922 -0.664972
1778055511.187157 -2.808700 13.096667 0.286043 0.700259 -0.194538 0.197823 -0.657767
1778055511.329475 -2.804573 13.122837 0.285122 0.701767 -0.189438 0.189298 -0.660154
1778055511.467584 -2.808150 13.149528 0.286973 0.700710 -0.175290 0.186360 -0.665994
1778055511.592451 -2.819160 13.182202 0.285112 0.701297 -0.159039 0.169690 -0.673865
1778055511.731348 -2.826054 13.211183 0.285774 0.705483 -0.145238 0.145371 -0.678283
1778055511.903720 -2.837179 13.248882 0.289823 0.707870 -0.118437 0.135553 -0.683021
1778055512.031741 -2.844829 13.292116 0.296068 0.707226 -0.097069 0.119822 -0.689966
1778055512.164740 -2.837288 13.325188 0.296019 0.710166 -0.098323 0.122354 -0.686314
1778055512.313784 -2.826348 13.346698 0.291482 0.710765 -0.107217 0.123607 -0.684134
1778055512.458269 -2.823271 13.374075 0.292665 0.708071 -0.099539 0.111708 -0.690108
1778055512.584583 -2.825044 13.412794 0.292819 0.707834 -0.090657 0.094194 -0.694175
1778055512.755044 -2.831321 13.449621 0.283494 0.717102 -0.078579 0.099898 -0.685281
1778055512.891284 -2.838394 13.462514 0.280980 0.719309 -0.076048 0.103856 -0.682660
1778055513.013579 -2.847227 13.463169 0.285923 0.720104 -0.067169 0.096314 -0.683858
1778055513.154483 -2.863955 13.465538 0.288719 0.721982 -0.043715 0.075927 -0.686343
1778055513.275704 -2.893225 13.469276 0.289726 0.725236 -0.007216 0.038366 -0.687392
1778055513.387721 -2.919432 13.471032 0.290637 0.725437 0.025546 0.007454 -0.687774
1778055513.518197 -2.933657 13.471252 0.291481 0.724410 0.042109 -0.008808 -0.688026
1778055513.646428 -3.005666 13.463802 0.293102 0.714492 0.120368 -0.087025 -0.683695
1778055513.786939 -3.050949 13.451378 0.290911 0.704557 0.169487 -0.129573 -0.676820
1778055513.897054 -3.113759 13.426574 0.284493 0.688374 0.237401 -0.202419 -0.654835
1778055514.018070 -3.145042 13.404605 0.280560 0.675053 0.267138 -0.251503 -0.640069
1778055514.119220 -3.191924 13.359664 0.286058 0.644621 0.329905 -0.301527 -0.620247
1778055514.262556 -3.237292 13.320190 0.293601 0.614540 0.375316 -0.355022 -0.596187
1778055514.387062 -3.276679 13.280312 0.295609 0.589529 0.416527 -0.391190 -0.570904
1778055514.553065 -3.303492 13.237824 0.284267 0.562677 0.472359 -0.402353 -0.546245
1778055514.676778 -3.331515 13.166892 0.282924 0.513860 0.518823 -0.476552 -0.489559
1778055514.833622 -3.329100 13.111976 0.294685 0.460913 0.553413 -0.523926 -0.454747
1778055514.950740 -3.315052 13.054574 0.294528 0.414648 0.587104 -0.567089 -0.402227
1778055515.135737 -3.302580 13.011297 0.295892 0.375034 0.611257 -0.593029 -0.366102
1778055515.246701 -3.293834 12.986336 0.298948 0.344790 0.627378 -0.609518 -0.340594
1778055515.374914 -3.285182 12.965696 0.302713 0.321347 0.636886 -0.622657 -0.321576
1778055515.535300 -3.282560 12.939155 0.297750 0.295825 0.651435 -0.629578 -0.302904
1778055515.657836 -3.288304 12.907410 0.290904 0.280290 0.663026 -0.639112 -0.270869
1778055515.815659 -3.286182 12.876291 0.286369 0.260375 0.678259 -0.640193 -0.249643
1778055515.942028 -3.288993 12.838899 0.293818 0.230110 0.683439 -0.652860 -0.231807
1778055516.074799 -3.298916 12.798780 0.298139 0.208461 0.684321 -0.664833 -0.215049
1778055516.223815 -3.318481 12.740022 0.304262 0.194038 0.681175 -0.680680 -0.187148
1778055516.352214 -3.356268 12.698079 0.310181 -0.201861 -0.674410 0.681045 0.201499
1778055516.495279 -3.407916 12.643452 0.312295 0.208763 0.674132 -0.671215 -0.226792
1778055516.643947 -3.463678 12.589817 0.306952 0.230205 0.673339 -0.661557 -0.236563
1778055516.790706 -3.524780 12.540695 0.303658 0.242375 0.666830 -0.657141 -0.254476
1778055516.954501 -3.586825 12.501961 0.306904 0.267223 0.659971 -0.647264 -0.272175
1778055517.071052 -3.627740 12.479420 0.308407 0.280302 0.650321 -0.645398 -0.286313
1778055517.227798 -3.687951 12.453159 0.311400 0.300769 0.642462 -0.629996 -0.316048
1778055517.345299 -3.740755 12.437065 0.303480 0.326490 0.634439 -0.619360 -0.327542
1778055517.493545 -3.816057 12.421743 0.306650 0.348945 0.613775 -0.611866 -0.356564
1778055517.623005 -3.846169 12.413399 0.304929 0.360307 0.610893 -0.604636 -0.362497
1778055517.772940 -3.862427 12.398841 0.303116 0.359134 0.616850 -0.599795 -0.361613
1778055517.907395 -3.859651 12.394595 0.304133 0.356371 0.617896 -0.603288 -0.356718
1778055518.099803 -3.852708 12.377152 0.302063 0.343503 0.625651 -0.612143 -0.340364
1778055518.236126 -3.856079 12.341448 0.305560 0.319678 0.635114 -0.624761 -0.322660
1778055518.351736 -3.856699 12.328831 0.306840 0.309868 0.640027 -0.631857 -0.308389
1778055518.483798 -3.863803 12.306657 0.307472 0.292359 0.645726 -0.641299 -0.293767
1778055518.611245 -3.869585 12.286536 0.303143 -0.280669 -0.648708 0.651423 0.275774
1778055518.741632 -3.878396 12.278580 0.303005 -0.280160 -0.648423 0.653558 0.271882
1778055518.887000 -3.886751 12.292024 0.303010 0.287607 0.648162 -0.642822 -0.289737
1778055519.045128 -3.889709 12.306188 0.302373 0.294237 0.643697 -0.639592 -0.300001
1778055519.155565 -3.886613 12.309527 0.303079 0.293371 0.644539 -0.642423 -0.292908
1778055519.275530 -3.876773 12.302897 0.305239 -0.286688 -0.646422 0.647328 0.284457
1778055519.384532 -3.869796 12.296619 0.307415 -0.279711 -0.647930 0.651320 0.278802
1778055519.521707 -3.865457 12.292781 0.308477 -0.275546 -0.649083 0.653844 0.274325
1778055519.640935 -3.861382 12.290924 0.310121 -0.273011 -0.649762 0.654459 0.273782
1778055519.764822 -3.861624 12.292427 0.310420 -0.273793 -0.649406 0.653955 0.275049
1778055519.876074 -3.872422 12.302404 0.312013 -0.288264 -0.644510 0.645178 0.291988
1778055520.024331 -3.904286 12.346712 0.316174 0.351353 0.615671 -0.611215 -0.352018
1778055520.136600 -3.925437 12.386908 0.318752 -0.401462 -0.582523 0.589365 0.390056
1778055520.252407 -3.936799 12.414261 0.316808 -0.428486 -0.565032 0.568639 0.416879
1778055520.355797 -3.948657 12.459856 0.312818 0.470265 0.536154 -0.532751 -0.455595
1778055520.500499 -3.959354 12.518370 0.299297 0.518956 0.502127 -0.480230 -0.497928
1778055520.642112 -3.957285 12.561563 0.305458 0.547195 0.462665 -0.440845 -0.540532
1778055520.772282 -3.951196 12.598676 0.307459 0.574473 0.428174 -0.399189 -0.572098
1778055520.907985 -3.927198 12.657520 0.310391 -0.616922 -0.354833 0.334234 0.617891
1778055521.048268 -3.894414 12.705431 0.300138 0.656557 0.296410 -0.271667 -0.638178
1778055521.189561 -3.864908 12.740352 0.300590 0.672742 0.243995 -0.224574 -0.661401
1778055521.328723 -3.837620 12.764664 0.308401 0.685586 0.197658 -0.177417 -0.677810
1778055521.480419 -3.810067 12.783857 0.310085 0.696226 0.150091 -0.144599 -0.686901
1778055521.617617 -3.794601 12.791681 0.310202 0.700474 0.127632 -0.121542 -0.691573
1778055521.766371 -3.787638 12.798486 0.308900 0.705178 0.115225 -0.109293 -0.691015
1778055521.882681 -3.815144 12.805566 0.308802 0.698477 0.148810 -0.126756 -0.688418
1778055522.034981 -3.850575 12.814558 0.303126 0.692162 0.182099 -0.160370 -0.679730
1778055522.193884 -3.909606 12.810016 0.294966 0.682939 0.237962 -0.223858 -0.653343
1778055522.320409 -3.951019 12.791393 0.292024 0.662663 0.291267 -0.260209 -0.639009
1778055522.460531 -3.980524 12.770222 0.290359 0.645892 0.326157 -0.291450 -0.625702
1778055522.607069 -4.013722 12.729289 0.297767 -0.610182 -0.378447 0.333273 0.611053
1778055522.750397 -4.037965 12.695907 0.296165 0.593874 0.405934 -0.365359 -0.590799
1778055522.926280 -4.053334 12.680469 0.294239 0.588367 0.420256 -0.382050 -0.575541
1778055523.039429 -4.096505 12.656139 0.288866 0.573022 0.441345 -0.416513 -0.550797
1778055523.172502 -4.131830 12.650468 0.285172 0.564986 0.451445 -0.434844 -0.536563
1778055523.316224 -4.167053 12.635107 0.284623 0.554467 0.467483 -0.453484 -0.518053
1778055523.430298 -4.203862 12.616315 0.279385 0.537343 0.490176 -0.459187 -0.510037
1778055523.572796 -4.246500 12.594323 0.295992 0.512002 0.498773 -0.477914 -0.510566
1778055523.714686 -4.313340 12.567954 0.307910 0.479661 0.514160 -0.497799 -0.507702
1778055523.842008 -4.334535 12.561410 0.307632 0.477529 0.516618 -0.504919 -0.500128
1778055524.033967 -4.451534 12.522801 0.312666 -0.456646 -0.531386 0.540061 0.466302
1778055524.135086 -4.528091 12.492399 0.308283 0.440231 0.556864 -0.535482 -0.457558
1778055524.265300 -4.567800 12.463824 0.315956 0.425140 0.563986 -0.545164 -0.451632
1778055524.406421 -4.671249 12.420630 0.311176 0.428164 0.562776 -0.551760 -0.442176
1778055524.547770 -4.750755 12.417387 0.321563 0.437736 0.548767 -0.546426 -0.456795
1778055524.699686 -4.831277 12.395519 0.311984 0.437032 0.560253 -0.543358 -0.447081
1778055524.830032 -4.913025 12.360338 0.311222 0.430317 0.567987 -0.553160 -0.431547
1778055524.967411 -4.980531 12.328859 0.305658 0.415711 0.578643 -0.566596 -0.413915
1778055525.103155 -5.024792 12.292313 0.304788 0.398758 0.593325 -0.575978 -0.396494
1778055525.247707 -5.067164 12.245029 0.301716 0.373408 0.607309 -0.589378 -0.379968
1778055525.384651 -5.093484 12.221947 0.303122 0.362072 0.618256 -0.590825 -0.370930
1778055525.528350 -5.105127 12.217373 0.303651 0.359498 0.617816 -0.590940 -0.373972
1778055525.720088 -5.103883 12.216711 0.305448 0.356255 0.617386 -0.593214 -0.374183
1778055525.899101 -5.101928 12.202481 0.306792 0.340189 0.624608 -0.602202 -0.362615
1778055526.058106 -5.092830 12.179342 0.308452 0.315454 0.635057 -0.617118 -0.341111
1778055526.242299 -5.077289 12.143682 0.307396 0.279069 0.654347 -0.636132 -0.298809
1778055526.394871 -5.064618 12.122644 0.306080 0.256426 0.664606 -0.647292 -0.271214
1778055526.511494 -5.059331 12.113884 0.305279 0.248534 0.667565 -0.651945 -0.259914
1778055526.638787 -5.044996 12.093864 0.306337 0.231197 0.672557 -0.663232 -0.233107
1778055526.803575 -5.018624 12.068647 0.296342 0.202435 0.688911 -0.668105 -0.195082
1778055526.949623 -5.008618 12.048962 0.291796 0.181486 0.696869 -0.670280 -0.179332
1778055527.074136 -5.014495 12.022753 0.289795 0.171095 0.700996 -0.671382 -0.169047
1778055527.233167 -5.042809 11.993379 0.295087 0.182064 0.691285 -0.675881 -0.179339
1778055527.388321 -5.082060 11.955437 0.297736 0.192471 0.687218 -0.669253 -0.206852
1778055527.511010 -5.122378 11.914287 0.306726 0.198744 0.679797 -0.666379 -0.233058
1778055527.690799 -5.163164 11.879237 0.303894 0.220587 0.678471 -0.657277 -0.242908
1778055527.835488 -5.239142 11.788163 0.302509 0.231658 0.674311 -0.659502 -0.238110
1778055527.997839 -5.273887 11.724053 0.305439 0.225685 0.674065 -0.667059 -0.223011
1778055528.124370 -5.305992 11.647933 0.303655 0.202632 0.683293 -0.667090 -0.216891
1778055528.234830 -5.318156 11.602714 0.311010 0.185777 0.686315 -0.671357 -0.209137
1778055528.353196 -5.324833 11.577327 0.312990 0.177042 0.685913 -0.675146 -0.205810
1778055528.479379 -5.357273 11.449090 0.307888 0.151250 0.693591 -0.685801 -0.160414
1778055528.645951 -5.372369 11.381231 0.307872 -0.135509 -0.692774 0.693321 0.144941
1778055528.769773 -5.379433 11.297000 0.306461 0.112157 0.702034 -0.691125 -0.130058
1778055528.893865 -5.377101 11.210136 0.312575 0.082352 0.701114 -0.699069 -0.113842
1778055529.060416 -5.373933 11.118891 0.306434 0.063062 0.707105 -0.699852 -0.078947
1778055529.209800 -5.379992 11.056913 0.310441 -0.059046 -0.703160 0.704985 0.071243
1778055529.312328 -5.400764 10.991559 0.310066 0.065770 0.703531 -0.702151 -0.087762
1778055529.449801 -5.429829 10.909389 0.308786 0.086634 0.707464 -0.694374 -0.099167
1778055529.586312 -5.471396 10.827965 0.301774 0.104971 0.705178 -0.691842 -0.114276
1778055529.739079 -5.507394 10.777417 0.310152 0.130277 0.698567 -0.692915 -0.122067
1778055529.883760 -5.550847 10.723129 0.305750 0.146603 0.695798 -0.686822 -0.150493
1778055530.013761 -5.581934 10.689701 0.309633 0.164575 0.693547 -0.679780 -0.172645
1778055530.172698 -5.603213 10.666112 0.299653 0.172236 0.698707 -0.671336 -0.177346
1778055530.295176 -5.620327 10.665561 0.300496 0.185676 0.689937 -0.669938 -0.201727
1778055530.435701 -5.643738 10.669584 0.304269 0.214107 0.677300 -0.665087 -0.230398
1778055530.567511 -5.691291 10.683928 0.307622 0.260381 0.660222 -0.648327 -0.275646
1778055530.732292 -5.734295 10.705695 0.309044 0.299659 0.644546 -0.622120 -0.328224
1778055530.845269 -5.769908 10.720259 0.311775 0.334211 0.629006 -0.599039 -0.365798
1778055530.964366 -5.793410 10.729442 0.309509 0.353306 0.619317 -0.587805 -0.382238
1778055531.122591 -5.850144 10.750546 0.291729 0.397017 0.601873 -0.562228 -0.405001
1778055531.276844 -5.881866 10.778353 0.298875 0.408917 0.584500 -0.553586 -0.429755
1778055531.457467 -5.894843 10.810329 0.306013 0.431036 0.563999 -0.548698 -0.441637
1778055531.580679 -5.900030 10.850107 0.308990 0.446660 0.548286 -0.538701 -0.457906
1778055531.731514 -5.909318 10.889704 0.303527 0.466544 0.539066 -0.516901 -0.473877
1778055531.833039 -5.926015 10.910458 0.299741 0.476679 0.531457 -0.503925 -0.486200
1778055531.993483 -5.959012 10.909949 0.297563 0.480221 0.527400 -0.501234 -0.489901
1778055532.108288 -5.988060 10.898396 0.290128 0.477734 0.533727 -0.508198 -0.478164
1778055532.262530 -6.017310 10.885780 0.279805 0.477281 0.542991 -0.517188 -0.458127
1778055532.403361 -6.031132 10.867879 0.266997 0.462640 0.564361 -0.514205 -0.450615
1778055532.582765 -6.037699 10.859678 0.283284 0.448902 0.571814 -0.522442 -0.445612
1778055532.756401 -6.064532 10.860667 0.293979 0.448404 0.560824 -0.521174 -0.461289
1778055532.893361 -6.102115 10.854296 0.300755 0.453814 0.546287 -0.523958 -0.470203
1778055533.018244 -6.152390 10.858631 0.298578 0.465436 0.539895 -0.517078 -0.473829
1778055533.119543 -6.185571 10.859544 0.300887 0.465527 0.533461 -0.521006 -0.476714
1778055533.238159 -6.227888 10.855324 0.303138 0.462215 0.536125 -0.526626 -0.470736
1778055533.401291 -6.281161 10.846618 0.305246 0.447070 0.543178 -0.537880 -0.464513
1778055533.525531 -6.318378 10.840266 0.307651 0.434488 0.560044 -0.537435 -0.456874
1778055533.648578 -6.362184 10.832628 0.302094 0.420914 0.579355 -0.542240 -0.439494
1778055533.822879 -6.435031 10.827898 0.295664 0.404042 0.593127 -0.557407 -0.417430
1778055533.933426 -6.478850 10.834908 0.306622 0.412093 0.577314 -0.568841 -0.416303
1778055534.068313 -6.540317 10.825460 0.303685 0.405861 0.584653 -0.560600 -0.423302
1778055534.230726 -6.600482 10.786255 0.312458 0.390325 0.588585 -0.572064 -0.417082
1778055534.373045 -6.665279 10.741117 0.305449 0.383341 0.595636 -0.586206 -0.393230
1778055534.514775 -6.726254 10.700098 0.312608 -0.368069 -0.598847 0.601759 0.379202
1778055534.633751 -6.799160 10.673675 0.309666 0.371424 0.600452 -0.592890 -0.387277
1778055534.787127 -6.865474 10.652718 0.308288 0.385882 0.601226 -0.581372 -0.389396
1778055534.913842 -6.945093 10.631198 0.299896 0.398290 0.595730 -0.574213 -0.395917
1778055535.056563 -7.026038 10.618134 0.308562 0.413827 0.580744 -0.569954 -0.408211
1778055535.210733 -7.082494 10.604818 0.308093 0.414863 0.578524 -0.565235 -0.416784
1778055535.336267 -7.194649 10.551875 0.315187 0.396042 0.589686 -0.567744 -0.416038
1778055535.476115 -7.240008 10.526363 0.312636 0.391441 0.591328 -0.574155 -0.409207
1778055535.613156 -7.345923 10.493416 0.310282 0.400878 0.586821 -0.571006 -0.410962
1778055535.756497 -7.387369 10.473790 0.298592 0.408148 0.589253 -0.566029 -0.407195
1778055535.885175 -7.396282 10.476433 0.307773 0.411249 0.582869 -0.563222 -0.417036
1778055536.037008 -7.417705 10.478973 0.309608 0.418131 0.575333 -0.555376 -0.430948
1778055536.176348 -7.448916 10.482922 0.307643 0.433309 0.565493 -0.546527 -0.440192
1778055536.310577 -7.499033 10.483168 0.300726 0.448666 0.553398 -0.537493 -0.451166
1778055536.441210 -7.540701 10.486885 0.297727 0.454498 0.545427 -0.530361 -0.463314
1778055536.550781 -7.592897 10.492668 0.304612 0.465879 0.532558 -0.531230 -0.465976
1778055536.687399 -7.641925 10.486926 0.313393 -0.457503 -0.523685 0.547141 0.465920
1778055536.831065 -7.715856 10.463078 0.307901 0.448989 0.547791 -0.534984 -0.460572
1778055536.937187 -7.766284 10.433355 0.315682 0.427190 0.555555 -0.545212 -0.460012
1778055537.086179 -7.838734 10.392812 0.308984 0.419080 0.568503 -0.564366 -0.427395
1778055537.262158 -7.886867 10.363009 0.312991 -0.403568 -0.571972 0.586025 0.408113
1778055537.440821 -7.953325 10.295775 0.305700 0.372555 0.605991 -0.591308 -0.379911
1778055537.579757 -7.979956 10.252501 0.313337 0.340123 0.616499 -0.604859 -0.372008
1778055537.725514 -8.014484 10.193252 0.309302 0.316482 0.633044 -0.625146 -0.329069
1778055537.854542 -8.032697 10.141771 0.308380 -0.288564 -0.643799 0.646275 0.290831
1778055538.004397 -8.045147 10.084964 0.296757 0.260001 0.666866 -0.646863 -0.263167
1778055538.129227 -8.045515 10.042113 0.301768 0.230407 0.675783 -0.655990 -0.244758
1778055538.272664 -8.042295 9.975127 0.304585 0.183887 0.685944 -0.671394 -0.211888
1778055538.417068 -8.042999 9.924474 0.303697 0.161345 0.693298 -0.680447 -0.174059
1778055538.567999 -8.045939 9.856266 0.303099 0.138412 0.694418 -0.693911 -0.130821
1778055538.691722 -8.043807 9.815890 0.296638 0.120589 0.703943 -0.689558 -0.120133
1778055538.824259 -8.031565 9.753431 0.305652 0.085618 0.706231 -0.695144 -0.103355
1778055538.963298 -8.019623 9.691138 0.307480 0.057320 0.704253 -0.702426 -0.085672
1778055539.110705 -8.005248 9.622377 0.307990 0.039801 0.707067 -0.704596 -0.044907
1778055539.254778 -7.995083 9.561122 0.309536 -0.025713 -0.700028 0.713435 0.017635
1778055539.386106 -7.978217 9.502380 0.301712 0.002816 0.709818 -0.704335 -0.007949
1778055539.495834 -7.959596 9.462804 0.309292 -0.013730 0.708316 -0.705743 0.005211
1778055539.602768 -7.941465 9.420799 0.313882 0.032416 -0.702121 0.711191 -0.013513
1778055539.773804 -7.896238 9.315617 0.308085 -0.062732 0.705463 -0.703960 0.053177
1778055539.903939 -7.868982 9.261278 0.309172 0.081108 -0.699568 0.706848 -0.066278
1778055540.018459 -7.835498 9.187947 0.308834 0.097305 -0.701855 0.701968 -0.071920
1778055540.189540 -7.816265 9.110514 0.306283 -0.089889 0.705565 -0.699325 0.071004
1778055540.297425 -7.808660 9.027476 0.301932 -0.077828 0.706514 -0.700409 0.064864
1778055540.416111 -7.808727 9.007782 0.305780 -0.072751 0.704891 -0.702716 0.063453
1778055540.587760 -7.781018 8.946579 0.303854 -0.080082 0.712051 -0.693981 0.070426
1778055540.763732 -7.740090 8.959005 0.308630 -0.124212 0.700033 -0.693501 0.116543
1778055540.924759 -7.674711 8.976047 0.306180 -0.188626 0.686262 -0.680600 0.173922
1778055541.115553 -7.628461 8.996276 0.301745 -0.233524 0.674646 -0.663462 0.223913
1778055541.301336 -7.571273 9.027202 0.283920 -0.291412 0.669934 -0.625348 0.274241
1778055541.434017 -7.541482 9.051527 0.287683 -0.323244 0.650148 -0.617494 0.302527
1778055541.586856 -7.533854 9.046431 0.295079 -0.324484 0.640546 -0.629078 0.297779
1778055541.706363 -7.524769 9.032383 0.296919 -0.313596 0.641873 -0.636433 0.290876
1778055541.844802 -7.511661 9.003715 0.298038 0.299984 -0.645064 0.646028 -0.276679
1778055541.956204 -7.510428 8.987665 0.296050 -0.287445 0.651976 -0.647844 0.269444
1778055542.087192 -7.495627 8.948986 0.297032 0.266443 -0.654704 0.659917 -0.254715
1778055542.221908 -7.483083 8.905123 0.302488 -0.235022 0.665885 -0.664766 0.243820
1778055542.380711 -7.464411 8.853829 0.302935 0.222581 -0.667838 0.676069 -0.217674
1778055542.566423 -7.438881 8.790868 0.308813 0.206544 -0.677583 0.680233 -0.188426
1778055542.692544 -7.416746 8.727322 0.304220 0.183592 -0.682340 0.686104 -0.173112
1778055542.846627 -7.401506 8.669421 0.301529 0.171635 -0.685936 0.689403 -0.157344
1778055542.971057 -7.397285 8.598635 0.309607 0.137164 -0.689556 0.695810 -0.146789
1778055543.126545 -7.389601 8.518971 0.307898 0.125173 -0.694819 0.699289 -0.112041
1778055543.293175 -7.380101 8.441641 0.313687 0.102806 -0.699347 0.701202 -0.093060
1778055543.453580 -7.372193 8.355856 0.304993 -0.082736 0.702808 -0.702345 0.076983
1778055543.610569 -7.372552 8.271893 0.312677 0.061722 -0.701412 0.706399 -0.072195
1778055543.750240 -7.352567 8.205786 0.313034 0.073349 -0.695499 0.710194 -0.080781
1778055543.901395 -7.306556 8.123370 0.315035 0.104020 -0.699658 0.701420 -0.087575
1778055544.037305 -7.269200 8.066204 0.315704 0.120569 -0.690607 0.706030 -0.100233
1778055544.156908 -7.222990 7.995602 0.311127 0.140465 -0.693452 0.695424 -0.125615
1778055544.299559 -7.171569 7.921031 0.312394 0.158614 -0.684485 0.696635 -0.144988
1778055544.453812 -7.131204 7.842273 0.312119 -0.159477 0.692919 -0.689411 0.138355
1778055544.604223 -7.097437 7.756313 0.306805 -0.149661 0.695105 -0.690601 0.132294
1778055544.754105 -7.078928 7.660469 0.312346 -0.125660 0.696840 -0.694980 0.125008
1778055544.877103 -7.071872 7.598788 0.311408 0.112193 -0.697014 0.699734 -0.109343
1778055545.006183 -7.062073 7.528169 0.312777 -0.098715 0.702774 -0.699321 0.085527
1778055545.138688 -7.058159 7.460042 0.311363 -0.077169 0.705766 -0.700860 0.068805
1778055545.291898 -7.067121 7.402302 0.299839 -0.062200 0.710976 -0.698907 0.046609
1778055545.433484 -7.092566 7.374910 0.301022 -0.044243 0.712691 -0.699875 0.017021
1778055545.584463 -7.115968 7.378473 0.303887 -0.021679 0.710494 -0.703263 0.012263
1778055545.722195 -7.126404 7.382682 0.302933 -0.008660 0.712730 -0.701373 0.004105
1778055545.869523 -7.156160 7.387763 0.300313 0.014645 0.713699 -0.699193 -0.039363
1778055546.012467 -7.192892 7.390393 0.306101 0.060479 0.709432 -0.697238 -0.083108
1778055546.125686 -7.234235 7.398370 0.308184 0.116260 0.704264 -0.687248 -0.134851
1778055546.286931 -7.281960 7.419220 0.310267 0.186478 0.685741 -0.676435 -0.193443
1778055546.422648 -7.323606 7.448871 0.305103 0.244624 0.673813 -0.650757 -0.250301
1778055546.549523 -7.365497 7.483654 0.299153 0.303883 0.650252 -0.626804 -0.303223
1778055546.718021 -7.385142 7.501880 0.303239 0.337274 0.630335 -0.611351 -0.339372
1778055546.827591 -7.398249 7.519535 0.305514 0.362980 0.615972 -0.592395 -0.371338
1778055546.933290 -7.404165 7.527431 0.306618 0.378514 0.605043 -0.587798 -0.380977
1778055547.037379 -7.413214 7.535150 0.310763 0.387867 0.594791 -0.580800 -0.398062
1778055547.222623 -7.438246 7.506581 0.308963 0.376850 0.604396 -0.592021 -0.377095
1778055547.323383 -7.473576 7.478100 0.304015 0.365767 0.607668 -0.601336 -0.367899
1778055547.465745 -7.507292 7.439917 0.304707 -0.353026 -0.614117 0.614912 0.346577
1778055547.628205 -7.548852 7.392401 0.307542 0.326242 0.625628 -0.620766 -0.341767
1778055547.788672 -7.583094 7.349259 0.311875 0.306234 0.638205 -0.622587 -0.333617
1778055547.889207 -7.632275 7.282136 0.305636 0.285974 0.652399 -0.629438 -0.310488
1778055548.026582 -7.671090 7.232972 0.303050 0.273896 0.657127 -0.640395 -0.288199
1778055548.204437 -7.710412 7.175671 0.313690 -0.259325 -0.652327 0.662133 0.262299
1778055548.329106 -7.759024 7.095423 0.307974 0.235428 0.668094 -0.661100 -0.247326
1778055548.449149 -7.783272 7.026789 0.317266 -0.208165 -0.670517 0.671160 0.237947
1778055548.593163 -7.825232 6.947635 0.308089 0.200732 0.677245 -0.671434 -0.224105
1778055548.740816 -7.870894 6.906319 0.321213 -0.214379 -0.666710 0.676263 0.228489
1778055548.864622 -7.949679 6.842663 0.317065 -0.230043 -0.664697 0.664917 0.251282
1778055548.975336 -7.968084 6.829216 0.317798 0.240137 0.664926 -0.660061 -0.254022
1778055549.101107 -8.033385 6.791009 0.302009 0.265736 0.669200 -0.643944 -0.258634
1778055549.231617 -8.097807 6.782996 0.297812 0.278883 0.664219 -0.633236 -0.282930
1778055549.357939 -8.113488 6.801057 0.301316 0.296924 0.651342 -0.635159 -0.290108
1778055549.518887 -8.133283 6.842650 0.302381 0.310339 0.644039 -0.627049 -0.309375
1778055549.655549 -8.139112 6.856243 0.292527 0.304277 0.662987 -0.619723 -0.289495
1778055549.789086 -8.143212 6.866650 0.288236 0.283350 0.675875 -0.621448 -0.276962
1778055549.952968 -8.140184 6.878823 0.291984 0.261494 0.679190 -0.637155 -0.253686
1778055550.134557 -8.134140 6.883657 0.297996 0.225336 0.681479 -0.656265 -0.232649
1778055550.282116 -8.132071 6.863696 0.295470 0.211774 0.684245 -0.663292 -0.216802
1778055550.421662 -8.124957 6.835206 0.293799 0.197805 0.687789 -0.673244 -0.185908
1778055550.543262 -8.119616 6.825487 0.293373 0.189460 0.690749 -0.676523 -0.171134
1778055550.682055 -8.113602 6.788250 0.300692 0.161938 0.690511 -0.688730 -0.150403
1778055550.859742 -8.110368 6.747690 0.305640 0.142116 0.694135 -0.692439 -0.136044
1778055550.962039 -8.124058 6.704521 0.299676 0.134494 0.701454 -0.686091 -0.138390
1778055551.072083 -8.138523 6.693374 0.291904 0.134149 0.711066 -0.673799 -0.149614
1778055551.213279 -8.157425 6.695212 0.297067 0.146690 0.696796 -0.682738 -0.163788
1778055551.340457 -8.169857 6.691587 0.300743 0.160521 0.688427 -0.686809 -0.169098
1778055551.472930 -8.192723 6.684330 0.303862 -0.180791 -0.680239 0.687459 0.178858
1778055551.596014 -8.234923 6.679007 0.306724 -0.210667 -0.669891 0.682626 0.202206
1778055551.731519 -8.249461 6.676132 0.305727 -0.218231 -0.671232 0.675904 0.212080
1778055551.845114 -8.285774 6.668305 0.302476 0.237892 0.672127 -0.657474 -0.243681
1778055551.978929 -8.321918 6.659373 0.292572 0.259496 0.676876 -0.635856 -0.264929
1778055552.094498 -8.356174 6.653467 0.288509 0.273990 0.670791 -0.625089 -0.290229
1778055552.240785 -8.392432 6.636387 0.293814 0.296529 0.656977 -0.623210 -0.303416
1778055552.402431 -8.462835 6.597355 0.297315 0.313843 0.636343 -0.621741 -0.331674
1778055552.542651 -8.520133 6.584901 0.301404 0.331370 0.628643 -0.615045 -0.341646
1778055552.691040 -8.555683 6.581718 0.306246 -0.347084 -0.611273 0.616537 0.354627
1778055552.831652 -8.577051 6.568217 0.302691 0.343887 0.616067 -0.613774 -0.354238
1778055552.951182 -8.574666 6.562309 0.303233 0.341756 0.619742 -0.611208 -0.354328
1778055553.098340 -8.576877 6.562915 0.306949 0.342941 0.618219 -0.608389 -0.360639
1778055553.217768 -8.588995 6.575182 0.309738 0.359211 0.609544 -0.598274 -0.376154
1778055553.396696 -8.602898 6.600861 0.313591 -0.379792 -0.592836 0.594420 0.388546
1778055553.516439 -8.625043 6.660620 0.315416 -0.426543 -0.561712 0.569728 0.421843
1778055553.645804 -8.632446 6.700469 0.309545 0.459865 0.550899 -0.540841 -0.438778
1778055553.755567 -8.646187 6.750427 0.288080 0.515519 0.541504 -0.499285 -0.437867
1778055553.922533 -8.666262 6.799055 0.278502 0.565505 0.514407 -0.473292 -0.437703
1778055554.072924 -8.684773 6.863106 0.277352 0.601505 0.483088 -0.458402 -0.441231
1778055554.216418 -8.698742 6.928010 0.230138 0.657994 0.455755 -0.430239 -0.417404
1778055554.348508 -8.690450 7.008270 0.204642 0.661062 0.402306 -0.404946 -0.486996
1778055554.459873 -8.688201 7.066853 0.229872 0.691194 0.356408 -0.331980 -0.533865
1778055554.603479 -8.666410 7.108019 0.256687 0.707216 0.287110 -0.274277 -0.584966
1778055554.770594 -8.638285 7.128085 0.276266 0.707700 0.240522 -0.219748 -0.626914
1778055554.903517 -8.581791 7.151812 0.290985 0.706920 0.169991 -0.136910 -0.672772
1778055555.025130 -8.562640 7.157320 0.291511 0.710543 0.146918 -0.110665 -0.679188
1778055555.196922 -8.456986 7.166771 0.278692 0.735707 0.022911 -0.025892 -0.676417
1778055555.298539 -8.432526 7.168867 0.285531 0.725945 -0.009330 0.011697 -0.687590
1778055555.508031 -8.401596 7.164408 0.288722 0.728173 -0.059964 0.051344 -0.680832
1778055555.617276 -8.354194 7.129535 0.299814 0.713357 -0.130253 0.109841 -0.679772
1778055555.732541 -8.336123 7.117948 0.306340 0.703343 -0.149366 0.132197 -0.682292
1778055555.864618 -8.314796 7.108884 0.307262 0.693558 -0.168245 0.178323 -0.677400
1778055555.972245 -8.306854 7.107257 0.306781 0.690978 -0.171459 0.194562 -0.674757
1778055556.133717 -8.286629 7.105259 0.306570 0.682856 -0.194269 0.218037 -0.669647
1778055556.288640 -8.242392 7.096600 0.311348 -0.657745 0.255964 -0.259698 0.659098
1778055556.430164 -8.210810 7.107669 0.310119 0.653198 -0.266920 0.299234 -0.642297
1778055556.552917 -8.180893 7.119682 0.311303 0.649604 -0.284097 0.324755 -0.625969
1778055556.708540 -8.128927 7.131490 0.305809 0.635746 -0.320224 0.337791 -0.615777
1778055556.840418 -8.089296 7.141522 0.305029 0.631383 -0.329523 0.350620 -0.608141
1778055557.005174 -8.038235 7.147873 0.310009 0.611096 -0.356665 0.369502 -0.602345
1778055557.111648 -7.992875 7.158183 0.311568 0.602691 -0.362082 0.389985 -0.594619
1778055557.283561 -7.939692 7.172450 0.299749 0.602073 -0.376402 0.400456 -0.579193
1778055557.428713 -7.865435 7.170543 0.293173 0.589608 -0.415231 0.402901 -0.563575
1778055557.540004 -7.834727 7.178453 0.290634 0.589845 -0.419184 0.402688 -0.560545
1778055557.716054 -7.751834 7.244876 0.297788 0.595365 -0.401838 0.386490 -0.578526
1778055557.836901 -7.684078 7.298001 0.301042 0.607814 -0.377111 0.383289 -0.584328
1778055557.986985 -7.653289 7.327929 0.304844 0.617470 -0.362062 0.379167 -0.586408
1778055558.114090 -7.559870 7.408461 0.299549 0.631835 -0.335481 0.353161 -0.602921
1778055558.262118 -7.501842 7.466373 0.310345 0.633644 -0.317690 0.333007 -0.621831
1778055558.380077 -7.459728 7.515066 0.306458 0.641890 -0.300994 0.323891 -0.626478
1778055558.542124 -7.409181 7.592404 0.311154 0.652744 -0.273836 0.307761 -0.635784
1778055558.686418 -7.362998 7.665908 0.303641 0.659801 -0.260626 0.280113 -0.646740
1778055558.833037 -7.330122 7.727643 0.308546 0.665005 -0.244720 0.255332 -0.657789
1778055558.938237 -7.297843 7.792243 0.308766 0.668443 -0.224644 0.241684 -0.666564
1778055559.041156 -7.282555 7.831051 0.303713 0.676801 -0.212331 0.236828 -0.663903
1778055559.170130 -7.258608 7.917008 0.312081 0.682803 -0.184252 0.217434 -0.672721
1778055559.326679 -7.236280 7.990161 0.302006 0.690383 -0.168434 0.189440 -0.677579
1778055559.436012 -7.225259 8.042420 0.308248 0.689566 -0.155716 0.157596 -0.689504
1778055559.598337 -7.212745 8.091124 0.299152 0.700528 -0.151193 0.155117 -0.679955
1778055559.760764 -7.214968 8.104925 0.300666 0.699524 -0.145180 0.152996 -0.682774
1778055559.873185 -7.216630 8.119877 0.303175 0.700914 -0.136129 0.145255 -0.684901
1778055560.021070 -7.220027 8.167792 0.306419 0.702169 -0.113104 0.128068 -0.691205
1778055560.152478 -7.222972 8.219321 0.302346 0.703594 -0.097790 0.098860 -0.696864
1778055560.311355 -7.228505 8.257212 0.305141 -0.701083 0.080462 -0.076202 0.704416
1778055560.420439 -7.231321 8.296494 0.298384 0.706147 -0.069029 0.073790 -0.700819
1778055560.589369 -7.235151 8.310023 0.295230 0.713131 -0.070737 0.074322 -0.693481
1778055560.702525 -7.239882 8.315294 0.297929 0.711257 -0.063648 0.072704 -0.696259
1778055560.844137 -7.243505 8.323732 0.300210 0.711445 -0.057700 0.066026 -0.697250
1778055560.987025 -7.260009 8.369269 0.307400 0.709054 -0.034465 0.045902 -0.702814
1778055561.116508 -7.271181 8.408978 0.304483 0.708877 -0.021081 0.021716 -0.704683
1778055561.307104 -7.273413 8.424844 0.302865 0.711001 -0.016041 0.022951 -0.702633
1778055561.458756 -7.269811 8.418913 0.304371 0.710198 -0.018279 0.027450 -0.703229
1778055561.586483 -7.265189 8.415338 0.305491 0.709969 -0.021818 0.032632 -0.703138
1778055561.709782 -7.233016 8.411834 0.308308 0.709991 -0.058280 0.075636 -0.697708
1778055561.850971 -7.188360 8.398910 0.312048 0.700098 -0.120361 0.119631 -0.693588
1778055561.981805 -7.139890 8.379577 0.310836 0.687037 -0.182671 0.174556 -0.681280
1778055562.144279 -7.081787 8.342015 0.300867 0.673652 -0.259801 0.246262 -0.646570
1778055562.278932 -7.046368 8.312768 0.293868 0.658347 -0.303621 0.298535 -0.620702
1778055562.382651 -7.016847 8.275983 0.303550 0.624837 -0.354729 0.359550 -0.595374
1778055562.494902 -7.007206 8.262009 0.305278 0.613942 -0.372679 0.382609 -0.581202
1778055562.642101 -6.987340 8.202841 0.310229 0.560759 -0.438778 0.453222 -0.536296
1778055562.843287 -6.979247 8.124438 0.297645 -0.499640 0.518810 -0.508822 0.471483
1778055562.951764 -6.978109 8.108465 0.301115 -0.481577 0.529499 -0.524681 0.460895
1778055563.089313 -7.000257 8.010350 0.310327 -0.374901 0.604970 -0.602101 0.361849
1778055563.259007 -7.025081 7.971036 0.310263 -0.323430 0.634448 -0.626453 0.316899
1778055563.379416 -7.067577 7.915487 0.299966 -0.256539 0.670744 -0.653747 0.238546
1778055563.481261 -7.060266 7.916474 0.301558 -0.259007 0.667025 -0.656580 0.238528
1778055563.664805 -7.049950 7.928360 0.309055 -0.267587 0.658497 -0.658253 0.247952
1778055563.794328 -7.047732 7.930951 0.310195 0.269801 -0.656740 0.658172 -0.250419
1778055563.936718 -7.048835 7.928433 0.311144 0.265362 -0.658424 0.659329 -0.247683
1778055564.067775 -7.052637 7.924506 0.311906 -0.257435 0.661513 -0.661443 0.242120
1778055564.239666 -7.080931 7.903055 0.316090 -0.215540 0.676161 -0.674122 0.204714
1778055564.353744 -7.106916 7.885651 0.319535 -0.175350 0.685828 -0.683563 0.177857
1778055564.497747 -7.122556 7.874997 0.319295 -0.155988 0.691398 -0.688211 0.154926
1778055564.665814 -7.146631 7.856471 0.317760 -0.126455 0.699323 -0.694287 0.113676
1778055564.770091 -7.152119 7.851177 0.316856 -0.116332 0.699946 -0.697914 0.097256
1778055564.986718 -7.122030 7.860702 0.320397 0.153746 -0.691324 0.693474 -0.132389
1778055565.146275 -7.064686 7.892863 0.323544 0.218872 -0.667885 0.680565 -0.207020
1778055565.291449 -7.005988 7.931865 0.321316 0.279088 -0.645307 0.653120 -0.281288
1778055565.425761 -6.977190 7.957004 0.316761 -0.311720 0.632708 -0.630408 0.324188
1778055565.545480 -6.946433 8.000900 0.308764 -0.369840 0.608036 -0.594029 0.375020
1778055565.727442 -6.915892 8.078839 0.298584 -0.449792 0.556311 -0.541234 0.441895
1778055565.903378 -6.905978 8.175924 0.310325 -0.526437 0.475065 -0.460501 0.533964
1778055566.052639 -6.916144 8.232794 0.300125 0.580839 -0.426538 0.419127 -0.552290
1778055566.167746 -6.936557 8.296137 0.299910 0.617101 -0.362874 0.355375 -0.601014
1778055566.327395 -6.967164 8.346578 0.304443 0.648047 -0.297016 0.293710 -0.636829
1778055566.455562 -7.004631 8.382786 0.302809 0.675467 -0.243777 0.239957 -0.653252
1778055566.625896 -7.065841 8.428692 0.295485 0.699230 -0.168872 0.157043 -0.676681
1778055566.731461 -7.100280 8.445589 0.299517 0.706550 -0.122205 0.117936 -0.686982
1778055566.886824 -7.138896 8.460939 0.304737 0.709775 -0.071061 0.074953 -0.696815
1778055567.028120 -7.155928 8.466424 0.306177 0.710630 -0.052108 0.057055 -0.699310
1778055567.168819 -7.176172 8.469762 0.307697 0.710937 -0.033489 0.036874 -0.701489
1778055567.303434 -7.198929 8.473124 0.300738 0.715865 0.009997 0.022646 -0.697800
1778055567.404487 -7.212770 8.478920 0.297080 0.716393 0.030661 0.009431 -0.696959
1778055567.514285 -7.232934 8.493578 0.295359 0.716336 0.048685 -0.026093 -0.695565
1778055567.676618 -7.256848 8.514655 0.295950 0.712535 0.067714 -0.056829 -0.696045
1778055567.796417 -7.287641 8.550373 0.304579 -0.699430 -0.088543 0.095038 0.702798
1778055567.946124 -7.311105 8.576277 0.295843 0.703213 0.107722 -0.099644 -0.695671
1778055568.101500 -7.362847 8.615407 0.304805 -0.690700 -0.142000 0.121552 0.698566
1778055568.220567 -7.410621 8.659995 0.303103 -0.685622 -0.161561 0.153564 0.692992
1778055568.355796 -7.448975 8.699187 0.310803 -0.676992 -0.175325 0.182385 0.691144
1778055568.493525 -7.466139 8.719089 0.309264 -0.675571 -0.181127 0.185773 0.690134
1778055568.598450 -7.490862 8.742802 0.298385 0.687456 0.188571 -0.178897 -0.678115
1778055568.726736 -7.495835 8.740434 0.298119 0.690290 0.188829 -0.178329 -0.675309
1778055568.844741 -7.510418 8.729035 0.299895 0.681738 0.210325 -0.201752 -0.671039
1778055569.015495 -7.546601 8.707456 0.303300 0.662993 0.260256 -0.236838 -0.660769
1778055569.169880 -7.572244 8.686718 0.302415 0.650411 0.294793 -0.267241 -0.647028
1778055569.286302 -7.598579 8.659081 0.299274 -0.632253 -0.337044 0.294664 0.632321
1778055569.404737 -7.632498 8.616141 0.291586 -0.605277 -0.393754 0.332267 0.606791
1778055569.554506 -7.647344 8.594345 0.285692 -0.590106 -0.422931 0.350009 0.591945
1778055569.744631 -7.690733 8.491772 0.275926 0.527846 0.499377 -0.463032 -0.507546
1778055569.860656 -7.691948 8.478450 0.282634 0.517761 0.506171 -0.466841 -0.507714
1778055570.058495 -7.693672 8.462905 0.297719 -0.499800 -0.508627 0.480546 0.510464
1778055570.196360 -7.694906 8.438830 0.301270 0.479608 0.526718 -0.499564 -0.492931
1778055570.347897 -7.695174 8.416646 0.301471 0.461478 0.544474 -0.518681 -0.470698
1778055570.551341 -7.685111 8.353208 0.301382 0.393448 0.594837 -0.570227 -0.407686
1778055570.693956 -7.682070 8.350295 0.301723 0.393277 0.598436 -0.570153 -0.402658
1778055570.811887 -7.678703 8.344329 0.299347 0.391494 0.602006 -0.569883 -0.399443
1778055570.970964 -7.679362 8.339733 0.295972 0.396519 0.601027 -0.566575 -0.400664
1778055571.080151 -7.689082 8.376496 0.305327 0.433964 0.571332 -0.541347 -0.438404
1778055571.250909 -7.696313 8.418810 0.307861 0.476850 0.534490 -0.502935 -0.483726
1778055571.368582 -7.696267 8.444356 0.308565 -0.502900 -0.506981 0.481840 0.507831
1778055571.505876 -7.694264 8.443181 0.307251 -0.505908 -0.504880 0.481791 0.506982
1778055571.654471 -7.690637 8.472450 0.309087 -0.528094 -0.476676 0.453988 0.536462
1778055571.796029 -7.676969 8.516963 0.309185 -0.556938 -0.434134 0.404720 0.580990
1778055571.919239 -7.655678 8.561673 0.302361 -0.596709 -0.388789 0.357090 0.604375
1778055572.080020 -7.634084 8.595766 0.305661 0.626911 0.329944 -0.325470 -0.626250
1778055572.232801 -7.597490 8.658012 0.313819 -0.657266 -0.257250 0.234923 0.668308
1778055572.372537 -7.535494 8.717398 0.302032 0.690456 0.183319 -0.157801 -0.681736
1778055572.490272 -7.484581 8.737927 0.303203 0.701183 0.127208 -0.106482 -0.693413
1778055572.640248 -7.456029 8.745438 0.302946 0.707662 0.091461 -0.087328 -0.695143
1778055572.788206 -7.406109 8.760109 0.298544 0.715799 0.035959 -0.025174 -0.696926
1778055572.923899 -7.391648 8.763338 0.301274 0.716943 0.012214 0.002830 -0.697019
1778055573.070324 -7.389469 8.761837 0.301913 0.715716 -0.000264 0.007244 -0.698354
1778055573.213365 -7.404261 8.774662 0.298879 0.716454 0.015040 -0.007359 -0.697433
1778055573.322975 -7.414482 8.800127 0.291713 0.720510 0.021979 -0.022401 -0.692734
1778055573.494311 -7.433304 8.835188 0.283904 0.724240 0.027281 -0.046728 -0.687422
1778055573.622755 -7.456466 8.859933 0.282841 0.725932 0.047999 -0.050957 -0.684194
1778055573.763513 -7.489495 8.936258 0.301658 0.709648 0.067907 -0.053037 -0.699268
1778055573.883793 -7.492430 8.982144 0.304499 0.706339 0.064549 -0.047710 -0.703308
1778055573.999300 -7.490172 9.029506 0.303222 0.706612 0.056259 -0.042231 -0.704095
1778055574.106941 -7.486071 9.063573 0.303377 0.707580 0.048002 -0.037787 -0.703988
1778055574.261341 -7.472779 9.174193 0.311033 0.707275 0.026323 -0.023609 -0.706054
1778055574.384543 -7.493797 9.265331 0.315948 -0.704655 -0.044130 0.029933 0.707543
1778055574.522799 -7.516450 9.342952 0.308872 -0.703876 -0.058066 0.046657 0.706406
1778055574.660565 -7.542214 9.414971 0.310888 -0.703173 -0.074158 0.064768 0.704169
1778055574.819398 -7.577085 9.492220 0.304414 0.704408 0.100822 -0.069885 -0.699114
1778055574.960610 -7.623803 9.590979 0.311480 -0.698119 -0.112407 0.079096 0.702665
1778055575.106503 -7.636366 9.639927 0.305733 0.701823 0.101566 -0.085908 -0.699820
1778055575.223671 -7.644084 9.739997 0.315799 -0.697183 -0.081933 0.076892 0.708033
1778055575.362510 -7.645750 9.828536 0.310893 -0.703868 -0.068189 0.056044 0.704825
1778055575.540017 -7.646323 9.927802 0.311728 0.707205 0.043015 -0.037149 -0.704720
1778055575.642723 -7.642401 9.992392 0.302761 0.711212 0.030437 -0.026426 -0.701821
1778055575.784865 -7.627375 10.060775 0.311442 0.707679 0.008997 -0.014077 -0.706337
1778055575.949412 -7.608728 10.141307 0.309289 0.707112 -0.005302 0.012218 -0.706976
1778055576.061600 -7.590185 10.207286 0.314801 0.709098 -0.023472 0.033581 -0.703919
1778055576.210809 -7.565220 10.278250 0.304802 0.712837 -0.046811 0.047987 -0.698119
1778055576.345054 -7.533051 10.335849 0.304580 0.708397 -0.062704 0.073627 -0.699158
1778055576.482200 -7.497790 10.377725 0.308104 0.704974 -0.093655 0.094844 -0.696595
1778055576.611599 -7.459544 10.417907 0.307431 0.699695 -0.116401 0.125899 -0.693561
1778055576.780156 -7.422210 10.446684 0.310254 0.696843 -0.141994 0.162549 -0.683978
1778055576.927623 -7.377598 10.475271 0.303578 0.689508 -0.178974 0.191923 -0.675065
1778055577.055347 -7.321587 10.503792 0.300637 0.676148 -0.208703 0.227391 -0.668999
1778055577.185380 -7.270566 10.513500 0.309547 -0.658323 0.249401 -0.247466 0.665711
1778055577.286613 -7.246708 10.518275 0.312884 -0.648437 0.264777 -0.254984 0.666638
1778055577.401826 -7.186456 10.536229 0.309230 0.647291 -0.282188 0.295841 -0.643322
1778055577.505278 -7.158639 10.547222 0.312538 0.639353 -0.296309 0.308960 -0.638727
1778055577.622323 -7.125760 10.565346 0.309190 0.637187 -0.301800 0.312979 -0.636360
1778055577.755604 -7.113514 10.574061 0.302781 0.646888 -0.294816 0.307494 -0.632508
1778055577.884661 -7.124422 10.583495 0.307803 0.651119 -0.274533 0.295199 -0.643065
1778055578.023082 -7.133884 10.595507 0.311012 0.656083 -0.257530 0.280242 -0.651689
1778055578.170675 -7.145163 10.609883 0.313042 0.662362 -0.238936 0.258036 -0.661516
1778055578.328654 -7.154907 10.620099 0.313113 0.668237 -0.223761 0.241459 -0.667149
1778055578.468430 -7.166711 10.637670 0.308927 0.679242 -0.198993 0.221186 -0.670902
1778055578.572437 -7.171362 10.655525 0.301761 0.689586 -0.185978 0.207099 -0.668576
1778055578.756365 -7.183413 10.684914 0.292314 0.700960 -0.172541 0.173349 -0.669952
1778055578.867028 -7.168722 10.735687 0.283696 0.709249 -0.168246 0.150808 -0.667769
1778055579.036186 -7.159036 10.750544 0.282410 0.711528 -0.165943 0.153039 -0.665409
1778055579.160229 -7.150478 10.770090 0.288328 0.709414 -0.149664 0.159410 -0.670016
1778055579.277130 -7.138890 10.777771 0.291713 0.703713 -0.155531 0.170458 -0.671969
1778055579.386779 -7.123073 10.787098 0.292662 0.699357 -0.163520 0.181373 -0.671762
1778055579.507199 -7.097712 10.798988 0.294112 0.692025 -0.177755 0.198489 -0.670899
1778055579.634408 -7.067623 10.804614 0.292139 0.686949 -0.198656 0.218882 -0.663873
1778055579.793526 -7.034056 10.814405 0.293856 0.675328 -0.230150 0.233948 -0.660479
1778055579.942950 -6.993993 10.832193 0.296501 0.669551 -0.248799 0.259437 -0.649994
1778055580.048569 -6.960911 10.847786 0.301745 0.661824 -0.257124 0.278498 -0.646773
1778055580.187427 -6.909619 10.872138 0.302028 0.658283 -0.277227 0.300426 -0.632102
1778055580.330387 -6.848521 10.902320 0.297342 0.649348 -0.299775 0.310321 -0.626245
1778055580.469815 -6.794543 10.920417 0.305514 0.634948 -0.317135 0.323937 -0.625565
1778055580.605206 -6.732721 10.935090 0.309420 -0.618163 0.341998 -0.337872 0.621896
1778055580.761962 -6.678635 10.948869 0.304575 0.618458 -0.352823 0.358743 -0.603597
1778055580.887293 -6.622518 10.954372 0.307498 0.608391 -0.372630 0.378450 -0.589731
1778055581.059456 -6.582693 10.937827 0.296112 0.604635 -0.395570 0.386334 -0.573312
1778055581.167063 -6.557200 10.916540 0.296147 0.598893 -0.401702 0.403590 -0.563096
1778055581.330704 -6.531112 10.903318 0.299397 0.581038 -0.415221 0.421175 -0.559105
1778055581.474185 -6.496199 10.903853 0.300129 0.564714 -0.437685 0.435896 -0.547289
1778055581.594006 -6.463887 10.901206 0.301955 0.558360 -0.442210 0.453633 -0.535632
1778055581.754833 -6.400962 10.904374 0.308012 0.555942 -0.445929 0.468971 -0.521673
1778055581.891382 -6.322417 10.933356 0.293517 0.569921 -0.441260 0.445087 -0.531392
1778055582.017693 -6.272301 10.955443 0.299534 0.571281 -0.432326 0.431692 -0.548064
1778055582.148448 -6.215568 10.990993 0.302461 0.582299 -0.412994 0.424613 -0.556837
1778055582.249592 -6.181737 11.010056 0.305028 0.583935 -0.405053 0.420990 -0.563666
1778055582.401007 -6.099444 11.035453 0.308846 0.584754 -0.407771 0.429878 -0.554067
1778055582.508220 -6.013178 11.050747 0.303001 0.575564 -0.417958 0.436692 -0.550761
1778055582.655545 -5.934914 11.048320 0.315790 -0.551564 0.436033 -0.441023 0.557809
1778055582.797927 -5.845171 11.044741 0.313872 -0.540543 0.448748 -0.458810 0.543996
1778055582.930828 -5.765622 11.059573 0.313641 0.547726 -0.451109 0.455184 -0.537870
1778055583.060684 -5.687852 11.083663 0.308735 0.553831 -0.446973 0.442881 -0.545292
1778055583.197578 -5.611134 11.111938 0.311644 0.561658 -0.432493 0.429924 -0.559157
1778055583.301580 -5.556013 11.139008 0.311616 0.571653 -0.416582 0.425951 -0.564126
1778055583.413021 -5.500217 11.170878 0.308627 0.586231 -0.404003 0.418667 -0.563766
1778055583.556265 -5.418249 11.207802 0.311218 0.589130 -0.398369 0.417581 -0.565556
1778055583.692357 -5.332780 11.226761 0.301889 0.585213 -0.408395 0.418296 -0.561931
1778055583.832675 -5.307839 11.227785 0.310524 0.575808 -0.412617 0.418578 -0.568318
1778055583.968483 -5.178012 11.226227 0.308674 0.558226 -0.437760 0.442964 -0.548209
1778055584.110700 -5.098265 11.230704 0.314591 0.544544 -0.448474 0.459705 -0.539458
1778055584.253971 -5.015039 11.226882 0.302836 0.540187 -0.462033 0.470918 -0.522456
1778055584.391817 -4.956758 11.214923 0.309920 0.523464 -0.479159 0.479185 -0.516501
1778055584.539908 -4.885095 11.196018 0.306854 0.507217 -0.495652 0.498155 -0.498901
1778055584.693169 -4.838846 11.176535 0.309566 0.494301 -0.512319 0.520653 -0.471293
1778055584.825719 -4.800014 11.144331 0.300773 -0.469430 0.542648 -0.534026 0.447197
1778055584.957966 -4.766233 11.103650 0.298709 0.442633 -0.560125 0.562339 -0.417265
1778055585.109471 -4.748776 11.047274 0.307222 -0.393782 0.590472 -0.589863 0.385151
1778055585.240217 -4.739525 10.993951 0.308417 0.358454 -0.611447 0.615924 -0.343920
1778055585.377690 -4.728762 10.949564 0.311334 0.331058 -0.626106 0.634668 -0.309174
1778055585.529644 -4.720294 10.898652 0.309957 0.287113 -0.644649 0.656047 -0.267575
1778055585.686605 -4.713537 10.852454 0.301091 -0.261726 0.661495 -0.659897 0.241783
1778055585.794026 -4.715075 10.813026 0.304502 0.239128 -0.665450 0.672555 -0.218320
1778055585.937546 -4.722139 10.770770 0.309160 0.200148 -0.676462 0.681210 -0.195687
1778055586.084072 -4.721529 10.719471 0.311771 0.179995 -0.676449 0.695930 -0.160313
1778055586.238226 -4.714160 10.659807 0.310129 0.152821 -0.689883 0.694697 -0.134551
1778055586.420452 -4.706599 10.610203 0.304868 0.133873 -0.695110 0.695745 -0.121820
1778055586.579315 -4.708865 10.509799 0.311615 0.093741 -0.694415 0.706208 -0.101348
1778055586.718535 -4.716572 10.459604 0.315259 0.074208 -0.691662 0.713028 -0.087678
1778055586.848783 -4.721680 10.392523 0.313883 0.064364 -0.700165 0.709043 -0.053699
1778055586.985317 -4.727774 10.327409 0.315904 0.042915 -0.699741 0.712136 -0.037183
1778055587.124965 -4.735630 10.253085 0.304284 0.031212 -0.704046 0.709282 -0.016230
1778055587.262399 -4.753872 10.190968 0.312892 0.003513 -0.701191 0.712922 -0.007754
1778055587.371283 -4.767740 10.148131 0.313768 -0.006749 -0.699669 0.714398 0.007250
1778055587.481206 -4.788458 10.080076 0.315204 -0.018919 -0.702859 0.710338 0.032430
1778055587.642599 -4.812592 9.999835 0.314012 -0.042327 -0.703335 0.707930 0.048616
1778055587.759618 -4.840389 9.922461 0.306212 -0.054429 -0.702814 0.706015 0.068069
1778055587.897154 -4.874322 9.860116 0.316282 -0.079352 -0.696981 0.708393 0.078104
1778055588.046124 -4.892526 9.773253 0.311135 0.067614 0.703660 -0.702891 -0.078964
1778055588.201783 -4.894489 9.701580 0.317802 0.052403 0.704305 -0.704305 -0.071854
1778055588.339899 -4.890326 9.584012 0.311538 -0.028377 -0.704843 0.707249 0.046801
1778055588.475462 -4.883492 9.527360 0.314750 -0.015468 -0.704265 0.709178 0.028942
1778055588.615314 -4.865250 9.435212 0.308073 -0.013841 0.708177 -0.705659 -0.018411
1778055588.745308 -4.840926 9.358794 0.312203 -0.037467 0.708793 -0.704416 -0.002707
1778055588.891701 -4.812164 9.267959 0.302871 -0.057818 0.709261 -0.702188 0.023190
1778055589.035259 -4.790473 9.206514 0.311138 0.066228 -0.703434 0.705567 -0.054495
1778055589.162005 -4.771682 9.160180 0.313136 0.078302 -0.697995 0.708767 -0.065735
1778055589.307418 -4.719283 9.058007 0.313527 0.112539 -0.699954 0.700155 -0.084747
1778055589.411195 -4.697368 9.023412 0.314847 0.123576 -0.695969 0.701135 -0.093624
1778055589.561200 -4.641656 8.929201 0.311593 0.146384 -0.691634 0.695740 -0.127121
1778055589.676637 -4.602810 8.877440 0.314076 0.158111 -0.684840 0.696269 -0.145616
1778055589.802358 -4.580008 8.847748 0.311667 0.169074 -0.683199 0.694231 -0.150651
1778055589.963622 -4.522407 8.781428 0.311994 0.194510 -0.683290 0.684748 -0.162484
1778055590.107870 -4.419903 8.674984 0.306243 -0.223880 0.674634 -0.672578 0.205875
1778055590.226740 -4.367380 8.627571 0.311818 0.233962 -0.665326 0.671031 -0.228738
1778055590.373802 -4.306015 8.563905 0.310087 0.245870 -0.663484 0.668815 -0.228087
1778055590.524745 -4.258873 8.499606 0.312657 0.234658 -0.666784 0.672650 -0.218808
1778055590.634810 -4.216421 8.423975 0.307487 0.218565 -0.672725 0.674421 -0.211720
1778055590.805782 -4.187400 8.330192 0.319264 0.187780 -0.672816 0.686442 -0.202125
1778055590.910929 -4.170803 8.273672 0.317400 0.174198 -0.675091 0.690941 -0.191067
1778055591.068987 -4.136187 8.178614 0.314028 -0.160919 0.690092 -0.687901 0.157066
1778055591.194258 -4.108144 8.094648 0.305278 -0.144156 0.695208 -0.689055 0.145286
1778055591.394705 -4.098365 8.006414 0.314326 0.118561 -0.694832 0.697604 -0.128452
1778055591.563909 -4.090495 7.905259 0.308082 -0.101235 0.702622 -0.697966 0.094434
1778055591.681667 -4.090424 7.837416 0.311923 -0.080722 0.706920 -0.698474 0.076687
1778055591.834316 -4.096363 7.767881 0.301775 -0.061460 0.711117 -0.698047 0.057147
1778055591.973699 -4.106921 7.722573 0.303531 -0.046686 0.708477 -0.703258 0.036186
1778055592.111397 -4.136699 7.660826 0.306592 -0.003633 0.709503 -0.704661 0.006769
1778055592.265741 -4.157192 7.620244 0.305617 0.010793 0.710628 -0.703164 -0.021274
1778055592.401130 -4.193406 7.557866 0.306371 0.047814 0.710717 -0.699365 -0.059022
1778055592.529538 -4.209214 7.528408 0.300067 0.063243 0.711269 -0.696699 -0.068611
1778055592.665261 -4.252520 7.463908 0.302845 0.091514 0.701346 -0.700240 -0.096970
1778055592.842009 -4.276697 7.439365 0.307037 -0.111619 -0.695941 0.701344 0.106410
1778055592.956398 -4.339285 7.367405 0.308629 0.133972 0.693348 -0.691976 -0.149963
1778055593.104240 -4.372525 7.320711 0.312581 0.150213 0.689717 -0.688716 -0.165523
1778055593.229557 -4.411064 7.268821 0.307534 -0.167990 -0.684982 0.686734 0.176001
1778055593.386371 -4.461312 7.218179 0.308293 -0.187242 -0.680885 0.683197 0.185954
1778055593.519441 -4.505419 7.165419 0.315513 -0.195247 -0.670496 0.691204 0.185877
1778055593.693799 -4.537193 7.095686 0.307852 0.180085 0.686438 -0.679561 -0.185927
1778055593.871395 -4.573104 6.965222 0.306093 0.151616 0.694306 -0.686422 -0.154198
1778055593.987332 -4.584449 6.912680 0.309969 0.131641 0.697004 -0.690820 -0.140082
1778055594.143821 -4.587535 6.833234 0.303798 0.104046 0.703263 -0.693896 -0.114468
1778055594.282295 -4.587314 6.788690 0.303890 0.087110 0.706643 -0.694126 -0.106098
1778055594.440835 -4.579019 6.713594 0.307907 0.055179 0.711994 -0.695444 -0.079856
1778055594.589306 -4.587853 6.667257 0.295267 0.050778 0.721454 -0.687174 -0.068692
1778055594.734510 -4.587500 6.653316 0.299446 0.045402 0.714249 -0.695755 -0.060926
1778055594.868173 -4.581565 6.636816 0.301328 0.039160 0.711155 -0.700526 -0.044596
1778055595.030747 -4.566377 6.601229 0.303982 -0.026747 -0.706429 0.707202 0.010417
1778055595.156633 -4.562342 6.585895 0.304802 -0.021954 -0.703254 0.710600 0.000108
1778055595.309510 -4.532238 6.519930 0.302224 -0.016491 0.708838 -0.705091 0.011152
1778055595.503308 -4.496602 6.452134 0.307377 0.048239 -0.702453 0.709206 -0.035487
1778055595.621793 -4.473883 6.402287 0.306732 0.065174 -0.702920 0.705672 -0.060686
1778055595.761136 -4.466124 6.332274 0.312537 0.060271 -0.698540 0.710237 -0.063022
1778055595.886047 -4.470255 6.263388 0.309885 -0.050509 0.706739 -0.704480 0.040948
1778055595.992434 -4.472511 6.204120 0.309314 -0.035913 0.711812 -0.700722 0.031979
1778055596.137666 -4.480381 6.116818 0.302949 -0.021062 0.712389 -0.701288 0.015955
1778055596.267889 -4.498961 6.033833 0.311196 0.006151 0.710154 -0.704007 0.004168
1778055596.376729 -4.510415 5.991659 0.310817 0.014310 0.708340 -0.705677 -0.008382
1778055596.543693 -4.536151 5.908130 0.309592 0.032029 0.712774 -0.699638 -0.037861
1778055596.683626 -4.557740 5.869714 0.306068 0.043716 0.715124 -0.695669 -0.052267
1778055596.841280 -4.568455 5.855157 0.300857 0.050199 0.718347 -0.691700 -0.054853
1778055597.003368 -4.650219 5.820010 0.301891 0.090919 0.712929 -0.690241 -0.083867
1778055597.116276 -4.683704 5.844620 0.301116 0.111033 0.707468 -0.690260 -0.103449
1778055597.234146 -4.706974 5.853857 0.301224 0.115445 0.709321 -0.685314 -0.117814
1778055597.388662 -4.725806 5.835715 0.293366 0.092085 0.718796 -0.680751 -0.106911
1778055597.516972 -4.722431 5.810467 0.288898 0.082023 0.722357 -0.680964 -0.088097
1778055597.698191 -4.711223 5.793904 0.285957 0.075294 0.724410 -0.682195 -0.064581
1778055597.812014 -4.707763 5.790226 0.285067 0.072235 0.725716 -0.681491 -0.060737
1778055597.995258 -4.669042 5.700584 0.297454 0.002337 0.720518 -0.692416 -0.037522
1778055598.106569 -4.663940 5.688825 0.298373 -0.004394 0.719432 -0.693704 -0.034251
1778055598.262678 -4.657072 5.634581 0.289072 -0.019181 0.728467 -0.684696 -0.012589
1778055598.469948 -4.690310 5.590798 0.300912 0.019513 0.710716 -0.702430 -0.033086
1778055598.577462 -4.707312 5.567670 0.305408 -0.039827 -0.705660 0.706108 0.043235
1778055598.679626 -4.726068 5.536380 0.308099 -0.047844 -0.700870 0.708699 0.065108
1778055598.782825 -4.742237 5.501312 0.309255 0.055843 0.704908 -0.702265 -0.082520
1778055598.934816 -4.761385 5.461711 0.310639 0.074420 0.703426 -0.700269 -0.096320
1778055599.046984 -4.790943 5.394318 0.306396 -0.095757 -0.696729 0.702074 0.111762
1778055599.221432 -4.830416 5.342128 0.308165 -0.117824 -0.695704 0.698324 0.120239
1778055599.386818 -4.874790 5.293941 0.316724 -0.137594 -0.680035 0.706956 0.137237
1778055599.563150 -4.937864 5.195785 0.315530 0.148503 0.691362 -0.690407 -0.152659
1778055599.690203 -4.962518 5.123630 0.308319 0.142182 0.696888 -0.688577 -0.141397
1778055599.803915 -4.972399 5.083197 0.307275 0.131418 0.699219 -0.689547 -0.135452
1778055599.989740 -4.981374 4.963408 0.302386 0.094393 0.708927 -0.689457 -0.114723
1778055600.121687 -4.978909 4.920816 0.304356 0.072115 0.714216 -0.688459 -0.103528
1778055600.226276 -4.976424 4.871188 0.299532 0.051903 0.719567 -0.686943 -0.087402
1778055600.391141 -4.968535 4.812774 0.297591 0.029209 0.716586 -0.694509 -0.057526
1778055600.542885 -4.955787 4.770675 0.302050 0.016891 0.713029 -0.700721 -0.017152
1778055600.681085 -4.940054 4.726415 0.304930 0.002812 -0.706692 0.707473 -0.007812
1778055600.804488 -4.915597 4.683932 0.301456 -0.032590 0.709070 -0.704119 0.019347
1778055600.915690 -4.868946 4.627685 0.310838 -0.075755 0.704243 -0.703857 0.053744
1778055601.028983 -4.848010 4.599638 0.311762 0.095095 -0.698535 0.706384 -0.063465
1778055601.154238 -4.837159 4.583253 0.306839 -0.096443 0.702385 -0.700497 0.081602
1778055601.297037 -4.775521 4.510443 0.309984 0.133824 -0.690720 0.697774 -0.134569
1778055601.430543 -4.725828 4.466957 0.303737 -0.166888 0.690617 -0.688173 0.147019
1778055601.596872 -4.680933 4.435297 0.308050 0.190478 -0.679767 0.688323 -0.166871
1778055601.762099 -4.617563 4.380507 0.308438 0.214003 -0.674159 0.675691 -0.207737
1778055601.870293 -4.583621 4.352798 0.304415 -0.227268 0.671565 -0.670725 0.217895
1778055601.975783 -4.562956 4.337511 0.296205 -0.228202 0.677017 -0.664544 0.218984
1778055602.140342 -4.520001 4.350249 0.302686 -0.256574 0.664102 -0.659323 0.241725
1778055602.282185 -4.498649 4.363111 0.305234 -0.280186 0.653553 -0.652966 0.260766
1778055602.405218 -4.463336 4.396065 0.305085 0.332180 -0.628323 0.634218 -0.304358
1778055602.552553 -4.440637 4.425424 0.301457 0.372486 -0.609904 0.611846 -0.338993
1778055602.709250 -4.416574 4.466814 0.293511 0.420114 -0.585377 0.588866 -0.366162
1778055602.821141 -4.399013 4.491315 0.295937 -0.439249 0.570625 -0.568698 0.397530
1778055602.969888 -4.378869 4.532485 0.283505 -0.464337 0.557541 -0.530161 0.438713
1778055603.086285 -4.372139 4.560279 0.288625 -0.477300 0.539463 -0.518755 0.460497
1778055603.194396 -4.370697 4.566493 0.292316 -0.482455 0.528302 -0.521911 0.464483
1778055603.318513 -4.370623 4.571165 0.298049 0.484322 -0.521484 0.524467 -0.467356
1778055603.433096 -4.370210 4.573690 0.298858 0.486553 -0.518824 0.524475 -0.467989
1778055603.607115 -4.372011 4.569040 0.299985 0.483057 -0.521137 0.529271 -0.463622
1778055603.721036 -4.373830 4.555662 0.302814 0.471394 -0.529769 0.540052 -0.453295
1778055603.857013 -4.377417 4.535755 0.308521 0.452763 -0.543464 0.554863 -0.437926
1778055604.009690 -4.387239 4.507745 0.312001 0.420706 -0.569465 0.573938 -0.411474
1778055604.146743 -4.396028 4.493173 0.313138 0.397717 -0.585211 0.586437 -0.394260
1778055604.302544 -4.404385 4.479158 0.312482 -0.375597 0.598766 -0.598392 0.377270
1778055604.438742 -4.408003 4.466008 0.309324 -0.363038 0.608639 -0.606001 0.361282
1778055604.562053 -4.410247 4.444679 0.309829 0.347950 -0.617432 0.619461 -0.337605
1778055604.701567 -4.407282 4.408330 0.298299 -0.315245 0.646801 -0.615312 0.321963
1778055604.825870 -4.398578 4.391140 0.299291 -0.302409 0.648970 -0.625053 0.310960
1778055604.930705 -4.388713 4.364025 0.301232 -0.280677 0.659452 -0.633117 0.292413
1778055605.064149 -4.372466 4.327210 0.302416 -0.268992 0.662175 -0.644063 0.272672
1778055605.200294 -4.349501 4.281108 0.309345 -0.257900 0.664132 -0.655822 0.249626
1778055605.306340 -4.331266 4.251322 0.314787 0.246624 -0.659165 0.670777 -0.233959
1778055605.503113 -4.294900 4.174640 0.306618 0.223485 -0.669269 0.674557 -0.217041
1778055605.652436 -4.286996 4.114141 0.317980 0.192252 -0.668289 0.688704 -0.205222
1778055605.870722 -4.265554 4.029827 0.312258 0.176844 -0.682728 0.688581 -0.168712
1778055605.982788 -4.247369 3.968647 0.309894 -0.160050 0.689453 -0.689069 0.155634
1778055606.096032 -4.224261 3.883517 0.302678 -0.146960 0.694788 -0.689577 0.141971
1778055606.271449 -4.193944 3.827255 0.307576 -0.148943 0.691859 -0.687766 0.161635
1778055606.390240 -4.136294 3.745240 0.307038 0.177104 -0.685259 0.687179 -0.163828
1778055606.500723 -4.119575 3.708192 0.310070 -0.172971 0.689317 -0.684698 0.161593
1778055606.664509 -4.065599 3.601674 0.309100 0.165294 -0.686518 0.691529 -0.152181
1778055606.797500 -4.054930 3.565150 0.304179 -0.159975 0.691489 -0.688693 0.148167
1778055606.964748 -4.044293 3.476702 0.314405 0.131523 -0.691012 0.697462 -0.136935
1778055607.098807 -4.031920 3.362445 0.310829 -0.109948 0.703187 -0.694758 0.103689
1778055607.250057 -4.025967 3.301554 0.312336 -0.094070 0.702504 -0.699501 0.091309
1778055607.374350 -4.021704 3.230432 0.302768 -0.081757 0.706655 -0.698792 0.075127
1778055607.485258 -4.025402 3.176533 0.310357 -0.063930 0.705335 -0.702793 0.067069
1778055607.599480 -4.036913 3.085141 0.309587 0.043960 -0.705496 0.706456 -0.035528
1778055607.730482 -4.043646 3.016748 0.311839 -0.029674 0.711073 -0.702367 0.013255
1778055607.873027 -4.052758 2.940569 0.309019 -0.011649 0.710959 -0.703133 -0.002324
1778055607.989691 -4.069110 2.866370 0.301910 0.001871 0.710586 -0.703360 -0.018671
1778055608.161267 -4.101750 2.781830 0.313729 -0.036559 -0.704198 0.708478 0.028775
1778055608.290491 -4.116370 2.712336 0.306817 0.033977 0.711097 -0.700859 -0.044532
1778055608.424793 -4.112504 2.618398 0.315997 0.016018 0.709250 -0.704191 -0.028691
1778055608.586222 -4.106358 2.530975 0.309183 -0.000217 0.709270 -0.704837 -0.011837
1778055608.690776 -4.092261 2.465398 0.313844 -0.016614 0.708689 -0.705303 0.005655
1778055608.832896 -4.070964 2.383777 0.307933 -0.042811 0.710655 -0.702052 0.016146
1778055608.974726 -4.043916 2.293299 0.306840 -0.062604 0.713459 -0.697299 0.028844
1778055609.118560 -4.039849 2.195639 0.300858 -0.053204 0.711631 -0.699982 0.027854
1778055609.236423 -4.044769 2.147682 0.311530 -0.036619 0.707707 -0.704919 0.029990
1778055609.399447 -4.050949 2.033734 0.304585 -0.025004 0.713888 -0.699707 0.012161
1778055609.543188 -4.054988 1.979205 0.294469 -0.023020 0.731419 -0.681196 0.021645
1778055609.707118 -4.059941 1.963985 0.298208 -0.020972 0.731466 -0.681095 0.025054
1778055609.817653 -4.080065 1.965788 0.301775 0.000494 0.722971 -0.690619 -0.018942
1778055609.988942 -4.111753 1.968472 0.305079 0.045456 0.719387 -0.690037 -0.065310
1778055610.090611 -4.144452 1.974023 0.307842 0.092434 0.711962 -0.689430 -0.096191
1778055610.195776 -4.165204 1.979076 0.307829 0.122776 0.706225 -0.686916 -0.119663
1778055610.310297 -4.192091 1.991906 0.306264 0.157759 0.700549 -0.678180 -0.156253
1778055610.460732 -4.231372 2.008069 0.292884 0.208100 0.696931 -0.660244 -0.187241
1778055610.600501 -4.245706 2.010458 0.294039 0.220880 0.689020 -0.658485 -0.207028
1778055610.776294 -4.259120 2.007581 0.296404 0.239166 0.681046 -0.652828 -0.229762
1778055610.936077 -4.282607 1.999671 0.294401 0.252162 0.678504 -0.640676 -0.256088
1778055611.093064 -4.316296 1.983594 0.303810 0.260442 0.666244 -0.638995 -0.282799
1778055611.222734 -4.361750 1.966901 0.299728 0.285185 0.659505 -0.628231 -0.298411
1778055611.390428 -4.421616 1.942210 0.297803 0.301195 0.646142 -0.625170 -0.317718
1778055611.536242 -4.477590 1.928705 0.307781 -0.327916 -0.624493 0.628940 0.326977
1778055611.726483 -4.554679 1.898587 0.308814 0.332384 0.622299 -0.620100 -0.343135
1778055611.840740 -4.602818 1.849317 0.313201 0.314691 0.634150 -0.622492 -0.333658
1778055611.948630 -4.639709 1.807507 0.312622 0.303808 0.637968 -0.629828 -0.322511
1778055612.052640 -4.680768 1.759965 0.309857 0.290554 0.644618 -0.637520 -0.305965
1778055612.154946 -4.692640 1.743426 0.311333 0.286391 0.646317 -0.641755 -0.297330
1778055612.291695 -4.744163 1.661397 0.307757 0.256325 0.659858 -0.647810 -0.281473
1778055612.428476 -4.775471 1.596593 0.310983 0.234673 0.672054 -0.652718 -0.259291
1778055612.575399 -4.799639 1.547036 0.306900 0.221293 0.678676 -0.657051 -0.242306
1778055612.696633 -4.834649 1.468089 0.304459 0.200450 0.687524 -0.665461 -0.210459
1778055612.806341 -4.837658 1.449361 0.305183 0.195514 0.689058 -0.668075 -0.201618
1778055612.957264 -4.856078 1.336314 0.303206 0.146783 0.699725 -0.676130 -0.178012
1778055613.129900 -4.856427 1.282283 0.305357 0.122357 0.705522 -0.680420 -0.155873
1778055613.264184 -4.858378 1.194101 0.298104 0.097266 0.709821 -0.687642 -0.117654
1778055613.383831 -4.857981 1.156080 0.303954 0.086326 0.708274 -0.694077 -0.095665
1778055613.539247 -4.854270 1.076749 0.305924 -0.065207 -0.701856 0.706501 0.063273
1778055613.645758 -4.849144 1.041356 0.297489 0.053664 0.712634 -0.696909 -0.059923
1778055613.763785 -4.846738 1.019933 0.297778 0.051170 0.717475 -0.691957 -0.061695
1778055613.879706 -4.845312 1.014035 0.299258 0.045662 0.716059 -0.693742 -0.062429
1778055614.020607 -4.835647 1.011598 0.301599 0.037097 0.714414 -0.696602 -0.054601
1778055614.148208 -4.824067 1.007196 0.303772 0.025932 0.713237 -0.699083 -0.043631
1778055614.289686 -4.809914 0.996597 0.306668 0.008124 0.710352 -0.703070 -0.032045
1778055614.443010 -4.811313 0.983141 0.303671 0.009005 0.713445 -0.700160 -0.026282
1778055614.567324 -4.805907 0.982709 0.303548 0.004328 0.713238 -0.700643 -0.019313
1778055614.746348 -4.791751 0.983366 0.304130 -0.009539 0.712107 -0.701976 -0.006584
1778055614.854082 -4.778103 0.981938 0.304803 -0.023456 0.712838 -0.700845 0.011364
1778055614.992388 -4.762195 0.981565 0.304616 -0.040031 0.713712 -0.698472 0.033900
1778055615.141205 -4.746365 0.982166 0.304312 -0.054926 0.712911 -0.697336 0.049635
1778055615.271101 -4.734456 0.982670 0.303105 -0.063958 0.712332 -0.696296 0.060531
1778055615.413320 -4.720737 0.983985 0.300994 -0.072853 0.711421 -0.694841 0.075956
1778055615.580103 -4.724739 0.971437 0.303485 -0.067231 0.707416 -0.699668 0.074211
1778055615.698386 -4.731306 0.950276 0.304952 -0.055543 0.705732 -0.702851 0.069690
1778055615.854678 -4.740371 0.919012 0.298972 -0.047168 0.714704 -0.695890 0.052055
1778055615.974555 -4.726055 0.878844 0.289785 -0.061492 0.720558 -0.689105 0.046355
1778055616.110469 -4.699987 0.839784 0.300250 -0.077502 0.712068 -0.695701 0.054334
1778055616.252091 -4.664347 0.781741 0.310386 0.096816 -0.697610 0.706113 -0.073285
1778055616.389805 -4.634445 0.717103 0.310530 0.103810 -0.697624 0.701579 -0.101646
1778055616.538550 -4.616986 0.651303 0.314693 0.101177 -0.692208 0.706812 -0.105016
1778055616.666006 -4.581484 0.574593 0.307970 -0.123850 0.701628 -0.693991 0.103707
1778055616.812487 -4.528057 0.498200 0.310538 -0.144590 0.695320 -0.693465 0.121367
1778055616.948805 -4.482105 0.428747 0.302126 -0.162136 0.695799 -0.684884 0.143208
1778055617.097552 -4.431865 0.370730 0.301912 -0.179929 0.690892 -0.681590 0.160404
1778055617.248526 -4.369713 0.303634 0.306501 -0.206191 0.685121 -0.676578 0.174171
1778055617.373810 -4.314421 0.254781 0.306124 -0.225716 0.680067 -0.670918 0.190867
1778055617.514692 -4.247526 0.195175 0.302385 -0.240467 0.672765 -0.663988 0.220642
1778055617.651732 -4.200457 0.160622 0.308836 -0.250576 0.664374 -0.660659 0.243615
1778055617.792579 -4.116708 0.103833 0.305828 -0.280724 0.654966 -0.652406 0.258031
1778055617.904838 -4.076409 0.085930 0.312900 0.294037 -0.646853 0.650718 -0.267749
1778055618.017145 -4.001583 0.053738 0.312541 0.312348 -0.633404 0.647196 -0.287009
1778055618.163229 -3.929084 0.020755 0.307911 0.330805 -0.627843 0.629751 -0.315903
1778055618.287500 -3.862376 -0.005422 0.309037 0.336948 -0.617120 0.623153 -0.342505
1778055618.445249 -3.792795 -0.025393 0.303740 0.364561 -0.611041 0.612300 -0.344694
1778055618.571167 -3.710425 -0.034571 0.312239 0.386785 -0.591881 0.606140 -0.364236
1778055618.673839 -3.653333 -0.043470 0.303603 0.396411 -0.588880 0.592274 -0.381169
1778055618.774351 -3.597837 -0.047857 0.305590 0.409491 -0.578613 0.578702 -0.403272
1778055618.912891 -3.530033 -0.052889 0.307978 0.421371 -0.563798 0.571416 -0.421973
1778055619.067634 -3.444232 -0.050600 0.309397 0.447385 -0.550327 0.556634 -0.432603
1778055619.193300 -3.387222 -0.042298 0.314688 0.462354 -0.533858 0.550601 -0.445043
1778055619.341392 -3.300639 -0.029806 0.304946 0.479301 -0.523216 0.526776 -0.467999
1778055619.475389 -3.231425 -0.017070 0.306281 -0.493706 0.509191 -0.508727 0.488033
1778055619.607509 -3.163689 -0.002338 0.304805 0.507159 -0.493364 0.501880 -0.497492
1778055619.746957 -3.085603 0.027404 0.311975 0.526700 -0.473353 0.488461 -0.509833
1778055619.904319 -2.993296 0.062635 0.308960 0.538199 -0.456450 0.471137 -0.529174
1778055620.035889 -2.919215 0.071205 0.314097 0.535324 -0.458649 0.471996 -0.529424
1778055620.175022 -2.849059 0.071578 0.311294 0.531098 -0.464655 0.482124 -0.519217
1778055620.363278 -2.733440 0.065624 0.309725 0.517629 -0.489474 0.492274 -0.500142
1778055620.529450 -2.645309 0.050527 0.304744 0.503935 -0.503690 0.502059 -0.490185
1778055620.662724 -2.570429 0.029261 0.310427 -0.486768 0.519864 -0.511932 0.480338
1778055620.808696 -2.486872 0.003488 0.309456 0.475679 -0.528315 0.529492 -0.462872
1778055620.941560 -2.425437 -0.016073 0.313489 0.464499 -0.538409 0.540429 -0.449770
1778055621.089538 -2.329216 -0.026753 0.301630 -0.470065 0.539612 -0.532713 0.451747
1778055621.249898 -2.244892 -0.024132 0.305981 -0.477931 0.529051 -0.520852 0.469467
1778055621.375276 -2.167893 -0.015836 0.304098 0.495015 -0.512359 0.517448 -0.474022
1778055621.522450 -2.110965 -0.018449 0.299358 -0.503687 0.521887 -0.499907 0.473314
1778055621.660637 -2.092217 -0.016569 0.300021 -0.510516 0.516339 -0.494633 0.477604
1778055621.812648 -2.092334 0.012699 0.306566 0.527467 -0.484446 0.483397 -0.503407
1778055621.935997 -2.093439 0.040629 0.309675 0.546433 -0.458386 0.463526 -0.525772
1778055622.085488 -2.096989 0.090269 0.310155 0.581223 -0.412791 0.421162 -0.560718
1778055622.229593 -2.110630 0.133360 0.307948 0.607681 -0.371718 0.374322 -0.593661
1778055622.364470 -2.142530 0.186398 0.303828 0.641912 -0.320480 0.297960 -0.629652
1778055622.506245 -2.180740 0.233558 0.292497 0.671229 -0.261513 0.239964 -0.650754
1778055622.622655 -2.226764 0.274232 0.299599 0.689780 -0.197655 0.177219 -0.673594
1778055622.771046 -2.266071 0.299048 0.308441 0.696738 -0.138279 0.132597 -0.691270
1778055622.919505 -2.297160 0.312134 0.309291 0.704204 -0.102551 0.103622 -0.694869
1778055623.066526 -2.323209 0.319367 0.307032 0.710586 -0.061432 0.086566 -0.695557
1778055623.194084 -2.329137 0.324169 0.304409 0.715029 -0.043739 0.089797 -0.691923
1778055623.355502 -2.305679 0.328009 0.298596 0.715244 -0.067311 0.112892 -0.686404
1778055623.491676 -2.269646 0.333621 0.297713 0.709240 -0.100996 0.147035 -0.682025
1778055623.599843 -2.229022 0.336580 0.295342 0.701583 -0.146158 0.172863 -0.675676
1778055623.753495 -2.192543 0.346063 0.299966 0.686794 -0.173894 0.205503 -0.675162
1778055623.900779 -2.150728 0.346559 0.306624 0.671738 -0.218316 0.229696 -0.669586
1778055624.017729 -2.107816 0.348520 0.310941 -0.657095 0.250712 -0.259120 0.661987
1778055624.121220 -2.074490 0.355009 0.311984 -0.650210 0.263196 -0.288448 0.651730
1778055624.268120 -2.036951 0.366628 0.313379 0.642213 -0.290220 0.309743 -0.638275
1778055624.380467 -1.998553 0.374231 0.310841 -0.627272 0.313100 -0.331165 0.631529
1778055624.522223 -1.957156 0.386660 0.300013 0.625878 -0.333739 0.339313 -0.617869
1778055624.670411 -1.907361 0.389154 0.302446 0.614818 -0.348780 0.357791 -0.610194
1778055624.793959 -1.853577 0.384351 0.310229 -0.592713 0.372602 -0.381283 0.603724
1778055624.972616 -1.786070 0.391593 0.308527 0.588732 -0.388248 0.409300 -0.578906
1778055625.075130 -1.739236 0.398074 0.311989 0.576124 -0.404859 0.423025 -0.570281
1778055625.222415 -1.678759 0.407266 0.307835 -0.562673 0.419349 -0.436514 0.563028
1778055625.375630 -1.609047 0.402305 0.307236 0.552570 -0.439342 0.445814 -0.550359
1778055625.513935 -1.554365 0.390341 0.314028 -0.531698 0.453923 -0.463110 0.544775
1778055625.669460 -1.480493 0.378348 0.311376 0.524810 -0.468848 0.482243 -0.521726
1778055625.800536 -1.420064 0.371193 0.314374 0.512669 -0.485174 0.492655 -0.508987
1778055625.917202 -1.351600 0.361300 0.307272 -0.499831 0.500258 -0.499224 0.500686
1778055626.061539 -1.279528 0.339220 0.311608 -0.482257 0.513740 -0.511381 0.491924
1778055626.199290 -1.215216 0.325508 0.314992 0.474468 -0.516648 0.518384 -0.489114
1778055626.344594 -1.135006 0.333734 0.309657 -0.495995 0.510330 -0.506402 0.486939
1778055626.521395 -1.044292 0.358263 0.318818 0.509403 -0.481713 0.507835 -0.500565
1778055626.723573 -0.941748 0.388885 0.312741 0.529386 -0.469508 0.474660 -0.523461
1778055626.828236 -0.863904 0.416856 0.309437 0.543889 -0.449649 0.465214 -0.534394
1778055626.983145 -0.791178 0.455360 0.311320 0.563701 -0.433162 0.448381 -0.541818
1778055627.111535 -0.727814 0.492829 0.308851 0.574635 -0.417256 0.433415 -0.554836
1778055627.248376 -0.666686 0.530233 0.307056 0.585216 -0.402196 0.407874 -0.573934
1778055627.410340 -0.615214 0.567389 0.307600 0.591836 -0.386795 0.392969 -0.587959
1778055627.522819 -0.557574 0.618566 0.305286 0.609268 -0.366136 0.379730 -0.592066
1778055627.661186 -0.524935 0.657761 0.310939 0.618942 -0.348460 0.365169 -0.601779
1778055627.773557 -0.485639 0.702881 0.307398 0.627478 -0.332191 0.349429 -0.611408
1778055627.887762 -0.449445 0.745207 0.303304 0.635105 -0.318835 0.325709 -0.623618
1778055628.023305 -0.415208 0.803190 0.301876 0.644159 -0.297013 0.294598 -0.640355
1778055628.158965 -0.387795 0.862367 0.296545 0.656809 -0.271305 0.274460 -0.647817
1778055628.305663 -0.373508 0.925766 0.307391 0.670250 -0.238727 0.249879 -0.656761
1778055628.462058 -0.361507 0.988111 0.309138 0.677168 -0.206858 0.229992 -0.667650
1778055628.569949 -0.350601 1.044821 0.305670 0.684737 -0.187164 0.198770 -0.675718
1778055628.727347 -0.340724 1.108412 0.309935 -0.682404 0.167620 -0.166869 0.691653
1778055628.864760 -0.333607 1.173122 0.301025 0.694875 -0.144974 0.152204 -0.687724
1778055629.002915 -0.335616 1.229068 0.308361 0.699010 -0.121886 0.134548 -0.691683
1778055629.141038 -0.336428 1.305160 0.306261 0.700647 -0.097544 0.112737 -0.697760
1778055629.290940 -0.337224 1.375535 0.306783 0.703984 -0.078427 0.081016 -0.701208
1778055629.430932 -0.338961 1.432882 0.308342 -0.701184 0.063645 -0.063412 0.707297
1778055629.579590 -0.346481 1.515488 0.304653 0.712683 -0.036517 0.052329 -0.698577
1778055629.716018 -0.342315 1.559736 0.296752 0.723270 -0.037522 0.043789 -0.688154
1778055629.843673 -0.331545 1.568034 0.300486 0.721195 -0.044463 0.063218 -0.688407
1778055629.983016 -0.317748 1.562299 0.302829 0.716187 -0.066570 0.086583 -0.689310
1778055630.085503 -0.308722 1.561025 0.304141 0.714535 -0.079678 0.095406 -0.688469
1778055630.186097 -0.284003 1.559293 0.306327 0.710687 -0.111201 0.121918 -0.683882
1778055630.292192 -0.269206 1.553721 0.307201 0.706629 -0.132371 0.135387 -0.681780
1778055630.394498 -0.247422 1.544199 0.309538 0.695584 -0.170881 0.150006 -0.681513
1778055630.509774 -0.234784 1.537743 0.308136 0.693298 -0.184859 0.167798 -0.676024
1778055630.611629 -0.220277 1.531100 0.305848 0.690477 -0.201231 0.188203 -0.668825
1778055630.742474 -0.196736 1.519567 0.301844 0.681997 -0.232525 0.222005 -0.656906
1778055630.885831 -0.154377 1.498677 0.294300 0.664175 -0.277107 0.279194 -0.635716
1778055631.027828 -0.119393 1.475937 0.301891 0.640841 -0.319530 0.322888 -0.618843
1778055631.162839 -0.078751 1.441688 0.306890 0.610010 -0.370809 0.372404 -0.593047
1778055631.307747 -0.044027 1.413160 0.311874 0.584916 -0.400398 0.419341 -0.567193
1778055631.427750 -0.018059 1.393424 0.308791 0.568516 -0.433910 0.440906 -0.542323
1778055631.605771 0.023305 1.368240 0.298731 0.543531 -0.468499 0.468043 -0.515769
1778055631.722339 0.058152 1.350896 0.297328 0.525610 -0.483380 0.490215 -0.499767
1778055631.876207 0.086718 1.330858 0.301887 0.504026 -0.500482 0.502147 -0.493280
1778055632.019504 0.119882 1.299846 0.308491 0.476069 -0.517527 0.519782 -0.485129
1778055632.195791 0.190429 1.265706 0.307814 0.465352 -0.534945 0.543689 -0.449093
1778055632.306234 0.226808 1.250312 0.309620 0.452866 -0.538373 0.559226 -0.438559
1778055632.459747 0.290474 1.221196 0.295995 -0.442924 0.558982 -0.558473 0.423633
1778055632.579015 0.325788 1.190794 0.307911 0.422903 -0.563281 0.569291 -0.424000
1778055632.704313 0.370543 1.148579 0.315047 0.396566 -0.571042 0.585444 -0.417016
1778055632.859450 0.435314 1.103250 0.312649 0.396104 -0.583193 0.594400 -0.386880
1778055633.002521 0.504513 1.078127 0.313000 0.400457 -0.581866 0.586354 -0.396553
1778055633.164820 0.576618 1.057916 0.307084 0.416011 -0.573437 0.576767 -0.406750
1778055633.275401 0.639950 1.056358 0.304259 0.437523 -0.561794 0.564880 -0.416979
1778055633.411276 0.701608 1.071183 0.303049 0.463501 -0.540346 0.552794 -0.433142
1778055633.589631 0.750881 1.105288 0.305602 0.500736 -0.512953 0.517016 -0.467801
1778055633.751401 0.792756 1.156697 0.302789 0.544116 -0.469679 0.470180 -0.512124
1778055633.861257 0.801115 1.177750 0.299963 0.564215 -0.450905 0.450690 -0.524618
1778055633.985598 0.802558 1.243192 0.285541 0.604709 -0.405277 0.386921 -0.566012
1778055634.129793 0.788323 1.271603 0.290535 0.621392 -0.375343 0.368261 -0.580839
1778055634.260702 0.763739 1.313904 0.295989 0.643402 -0.325949 0.330517 -0.608727
1778055634.389588 0.753964 1.342465 0.296864 0.653204 -0.299922 0.306605 -0.623991
1778055634.526989 0.747042 1.366792 0.295148 0.664096 -0.280229 0.284270 -0.632170
1778055634.665274 0.736190 1.387236 0.290108 0.676859 -0.252119 0.263363 -0.639483
1778055634.803564 0.728986 1.402505 0.286057 0.687006 -0.232770 0.246527 -0.642702
1778055634.942786 0.712860 1.427858 0.280306 0.695961 -0.210199 0.222201 -0.649678
1778055635.086750 0.696639 1.459708 0.280106 0.702254 -0.190793 0.187765 -0.659683
1778055635.226127 0.693591 1.492240 0.285630 0.706778 -0.168950 0.168108 -0.666078
1778055635.371409 0.694411 1.534616 0.291030 0.700824 -0.152640 0.147835 -0.680949
1778055635.512610 0.690121 1.587120 0.295745 0.703868 -0.129501 0.130078 -0.686206
1778055635.661969 0.679906 1.652801 0.303022 0.699786 -0.091125 0.116341 -0.698899
1778055635.793408 0.674571 1.716449 0.304582 -0.702609 0.078699 -0.078666 0.702822
1778055635.930813 0.679057 1.779645 0.311938 -0.693707 0.069495 -0.057673 0.714573
1778055636.066174 0.705386 1.840602 0.302926 0.705117 -0.079556 0.080778 -0.699969
1778055636.199201 0.726284 1.896714 0.307081 0.704777 -0.089158 0.096709 -0.697129
1778055636.342569 0.759164 1.961766 0.297479 0.705596 -0.104532 0.110973 -0.692021
1778055636.484425 0.797164 2.007011 0.303333 0.700644 -0.127023 0.129029 -0.690155
1778055636.626886 0.829691 2.042819 0.300882 0.699294 -0.155076 0.152720 -0.680894
1778055636.764829 0.830656 2.055288 0.301976 0.699113 -0.155097 0.151266 -0.681399
1778055636.918571 0.832168 2.051501 0.303502 0.698396 -0.159859 0.154110 -0.680395
1778055637.049845 0.836172 2.047570 0.302038 0.698623 -0.173642 0.177959 -0.670899
1778055637.204770 0.843514 2.043869 0.301975 0.692176 -0.196516 0.217084 -0.659658
1778055637.335084 0.858317 2.037042 0.303966 0.682730 -0.216864 0.263386 -0.646125
1778055637.478825 0.875338 2.025638 0.304392 0.673066 -0.245438 0.311568 -0.624234
1778055637.623186 0.885823 2.010983 0.304381 0.649343 -0.298870 0.330514 -0.616272
1778055637.751340 0.891650 1.993159 0.299981 0.623121 -0.356784 0.359369 -0.596053
1778055637.892220 0.889221 1.978501 0.296302 0.605638 -0.405127 0.390058 -0.562965
1778055638.025821 0.875258 1.968201 0.299076 0.578105 -0.442162 0.428583 -0.535355
1778055638.167258 0.867243 1.958508 0.301511 0.538276 -0.479635 0.459536 -0.518687
1778055638.306043 0.860289 1.930599 0.307279 0.507724 -0.503703 0.502099 -0.486205
1778055638.442136 0.860671 1.898347 0.311088 0.480117 -0.530553 0.531109 -0.453789
1778055638.589329 0.862944 1.879918 0.311512 0.457683 -0.548744 0.550964 -0.431097
1778055638.735291 0.863440 1.870917 0.310262 0.443049 -0.558690 0.563224 -0.417555
1778055638.865031 0.861701 1.861187 0.308411 0.432723 -0.567455 0.571542 -0.405075
1778055639.021611 0.858170 1.851739 0.307301 0.424871 -0.574769 0.577448 -0.394562
1778055639.149800 0.851210 1.842596 0.305254 -0.410827 0.586612 -0.578774 0.390035
1778055639.300220 0.846780 1.834703 0.304402 -0.397117 0.593522 -0.589995 0.376744
1778055639.435258 0.848118 1.831280 0.304588 -0.392048 0.596855 -0.594749 0.369237
1778055639.571223 0.855298 1.847082 0.306001 -0.403918 0.588169 -0.586017 0.384046
1778055639.708502 0.857416 1.854318 0.306108 0.404625 -0.585721 0.587048 -0.385465
1778055639.846168 0.861630 1.852203 0.307389 0.404574 -0.585102 0.590592 -0.381021
1778055639.982141 0.865308 1.843675 0.306327 0.402099 -0.587683 0.595445 -0.372009
1778055640.122482 0.863435 1.839396 0.306436 0.397398 -0.590881 0.598881 -0.366437
1778055640.265198 0.860522 1.841391 0.306316 0.397837 -0.590303 0.598002 -0.368322
1778055640.402299 0.860340 1.852439 0.304566 0.406051 -0.584415 0.594091 -0.375016
1778055640.543347 0.856676 1.856567 0.307393 0.403938 -0.583745 0.595637 -0.375889
1778055640.692303 0.854944 1.851554 0.307793 0.400603 -0.586084 0.598559 -0.371148
1778055640.827469 0.851925 1.846741 0.308661 0.395223 -0.589182 0.601053 -0.367965
1778055640.972476 0.852733 1.854481 0.308277 0.399294 -0.586268 0.594796 -0.378248
1778055641.117164 0.859417 1.872361 0.310212 0.418626 -0.572070 0.583916 -0.395639
1778055641.257493 0.870905 1.905961 0.313842 0.452826 -0.546012 0.559723 -0.428403
1778055641.395087 0.879460 1.947418 0.314241 0.490950 -0.513922 0.528202 -0.464602
1778055641.533887 0.883144 1.992553 0.315396 0.528714 -0.474773 0.491730 -0.503243
1778055641.672452 0.879099 2.044016 0.313126 0.562289 -0.433500 0.440342 -0.549552
1778055641.805420 0.863971 2.091926 0.308967 0.591252 -0.398459 0.377657 -0.590785
1778055641.945152 0.838004 2.150277 0.287346 0.636753 -0.350096 0.317980 -0.608988
1778055642.086907 0.808125 2.190788 0.295907 0.659908 -0.290703 0.280018 -0.633721
1778055642.228594 0.776711 2.225221 0.301892 0.677945 -0.233671 0.237722 -0.655192
1778055642.366773 0.753984 2.245433 0.304052 0.686904 -0.199080 0.201948 -0.669139
1778055642.518977 0.727886 2.263240 0.299874 0.700829 -0.164534 0.175015 -0.671668
1778055642.650123 0.706700 2.276168 0.295346 0.706614 -0.140081 0.152871 -0.676538
1778055642.795346 0.723149 2.277792 0.291768 0.705441 -0.148621 0.169017 -0.672085
1778055642.931777 0.746899 2.282708 0.287265 0.704949 -0.161096 0.188535 -0.664492
1778055643.070468 0.767401 2.282019 0.289471 0.697440 -0.177101 0.209461 -0.662071
1778055643.211899 0.793244 2.289332 0.290517 0.689560 -0.195208 0.223059 -0.660792
1778055643.345760 0.821000 2.291592 0.296890 0.678082 -0.212600 0.236748 -0.662538
1778055643.481001 0.848858 2.288275 0.302378 0.665585 -0.236667 0.250197 -0.662108
1778055643.621977 0.866097 2.285109 0.303543 0.659326 -0.255604 0.272360 -0.652515
1778055643.766641 0.881006 2.286093 0.303820 0.651892 -0.268322 0.291843 -0.646427
1778055643.902709 0.894322 2.282182 0.304822 -0.642196 0.282213 -0.307829 0.642792
1778055644.042888 0.904325 2.277615 0.304353 -0.635532 0.297311 -0.319826 0.636724
1778055644.193044 0.912988 2.272715 0.304995 0.632382 -0.304811 0.336102 -0.627869
1778055644.328312 0.933653 2.268504 0.304694 0.628904 -0.318407 0.351510 -0.616066
1778055644.478761 0.962822 2.261730 0.295839 0.626600 -0.346300 0.359758 -0.598350
1778055644.616231 1.004287 2.270568 0.288387 0.614644 -0.358519 0.376387 -0.593304
1778055644.755008 1.051203 2.277911 0.301058 -0.593575 0.372283 -0.388658 0.598347
1778055644.897004 1.106424 2.274649 0.312027 -0.569061 0.392255 -0.407594 0.596802
1778055645.035406 1.180312 2.279292 0.319195 -0.565612 0.402026 -0.431397 0.576503
1778055645.168520 1.247723 2.284602 0.316388 -0.559566 0.421898 -0.438667 0.562547
1778055645.306457 1.329042 2.289540 0.312549 -0.549343 0.436433 -0.450498 0.552087
1778055645.446111 1.402877 2.284890 0.323129 -0.530556 0.451240 -0.462817 0.548355
1778055645.587566 1.475334 2.293346 0.325591 -0.532023 0.446948 -0.471884 0.542692
1778055645.727391 1.556663 2.306086 0.314600 0.539526 -0.455679 0.469248 -0.530165
1778055645.864270 1.611194 2.308360 0.296575 0.552312 -0.467941 0.457201 -0.516672
1778055646.007708 1.626570 2.298992 0.299677 0.545533 -0.476213 0.465619 -0.508738
1778055646.146029 1.623589 2.280409 0.302933 0.526408 -0.491650 0.488868 -0.492120
1778055646.295233 1.622284 2.251028 0.305212 -0.499392 0.518558 -0.511287 0.469352
1778055646.428083 1.620303 2.216372 0.305493 -0.474208 0.542078 -0.535670 0.440835
1778055646.568835 1.618452 2.181873 0.306070 -0.445402 0.565091 -0.554867 0.417626
1778055646.714365 1.616146 2.149903 0.303981 -0.428883 0.579537 -0.576600 0.384356
1778055646.849910 1.610038 2.113186 0.297128 -0.413999 0.595644 -0.586477 0.360358
1778055647.001251 1.624427 2.094416 0.299223 0.399508 -0.596804 0.598524 -0.354947
1778055647.127067 1.651538 2.100628 0.295164 -0.409518 0.591911 -0.589097 0.367290
1778055647.266605 1.683865 2.103829 0.284666 -0.426063 0.591519 -0.570600 0.378143
1778055647.404720 1.727862 2.101996 0.278600 -0.438704 0.581971 -0.560170 0.393774
1778055647.544415 1.782166 2.105695 0.293090 -0.440795 0.568737 -0.550405 0.423430
1778055647.684222 1.851091 2.108679 0.299235 0.459522 -0.545106 0.549935 -0.435053
1778055647.824945 1.917238 2.117493 0.306871 0.479813 -0.525643 0.541085 -0.448003
1778055647.969305 2.002175 2.115810 0.305543 0.482203 -0.518952 0.536236 -0.458934
1778055648.108140 2.067444 2.095377 0.316959 0.463558 -0.528718 0.539488 -0.463167
1778055648.257051 2.155356 2.070799 0.309861 0.463276 -0.535594 0.542425 -0.451985
1778055648.399981 2.239341 2.065160 0.313938 -0.472197 0.533844 -0.532613 0.456470
1778055648.529366 2.328282 2.067963 0.304509 0.485070 -0.522973 0.523512 -0.465984
1778055648.677876 2.410834 2.074999 0.310992 -0.493414 0.509721 -0.508645 0.487861
1778055648.810424 2.492045 2.088622 0.307481 0.510914 -0.493039 0.501034 -0.494817
1778055648.950679 2.566525 2.100033 0.311850 0.520661 -0.486472 0.497585 -0.494637
1778055649.093070 2.662122 2.097384 0.304564 0.514382 -0.492678 0.501191 -0.491413
1778055649.233822 2.736335 2.082877 0.308797 -0.500827 0.504570 -0.503956 0.490520
1778055649.373663 2.816724 2.061807 0.308918 0.487091 -0.512155 0.520567 -0.479009
1778055649.510903 2.890374 2.042145 0.313844 0.476802 -0.527644 0.528826 -0.463243
1778055649.657432 2.976590 2.017972 0.309209 -0.460760 0.539655 -0.539335 0.453422
1778055649.791692 3.049056 1.986184 0.307628 -0.448112 0.549937 -0.549519 0.441354
1778055649.925930 3.110026 1.952770 0.313125 0.429541 -0.560009 0.562192 -0.431074
1778055650.083750 3.202581 1.924010 0.308411 -0.437080 0.563821 -0.563506 0.416568
1778055650.216566 3.288847 1.916895 0.312023 0.446740 -0.552684 0.556983 -0.429807
1778055650.358443 3.370844 1.910479 0.308732 -0.457738 0.543412 -0.541406 0.449509
1778055650.497556 3.451990 1.915249 0.310346 0.472164 -0.527218 0.531582 -0.465320
1778055650.629217 3.527249 1.923715 0.306708 0.495034 -0.514167 0.523510 -0.465307
1778055650.767435 3.608169 1.946458 0.312562 0.511161 -0.491995 0.514905 -0.481174
1778055650.910278 3.686123 1.966148 0.302604 0.524497 -0.482716 0.492267 -0.499561
1778055651.049499 3.755177 1.985194 0.307719 0.529149 -0.470687 0.474825 -0.522490
1778055651.196077 3.837764 2.012038 0.305073 0.548730 -0.454000 0.462761 -0.527855
1778055651.326484 3.901748 2.049178 0.314241 0.561873 -0.432350 0.452803 -0.540686
1778055651.480589 3.988096 2.096921 0.304617 0.573652 -0.420657 0.426281 -0.558798
1778055651.613768 4.054992 2.122282 0.310853 0.573348 -0.418301 0.419269 -0.566135
1778055651.763786 4.143875 2.140626 0.309300 0.569295 -0.424292 0.431826 -0.556243
1778055651.896187 4.220086 2.154122 0.307883 0.567467 -0.436474 0.439685 -0.542355
1778055652.029471 4.304988 2.161735 0.300464 0.557819 -0.449128 0.448027 -0.535158
1778055652.182113 4.383604 2.163547 0.309387 0.544210 -0.460483 0.455568 -0.533150
1778055652.328094 4.475817 2.186609 0.301021 0.558542 -0.446767 0.455984 -0.529630
1778055652.457025 4.543116 2.214608 0.310900 0.563327 -0.436605 0.445526 -0.541799
1778055652.597543 4.631086 2.254841 0.306652 0.571052 -0.422791 0.430493 -0.556617
1778055652.731555 4.702936 2.274829 0.309068 0.572738 -0.420886 0.422785 -0.562209
1778055652.871686 4.786647 2.290743 0.306154 0.570960 -0.424927 0.433985 -0.552358
1778055653.014078 4.867523 2.301588 0.309755 0.564113 -0.437563 0.442712 -0.542513
1778055653.158510 4.961669 2.305989 0.301400 0.554105 -0.453213 0.450260 -0.533696
1778055653.294971 5.041989 2.302122 0.311002 0.536840 -0.468481 0.459280 -0.530462
1778055653.434355 5.133182 2.294526 0.307317 0.528486 -0.477152 0.478842 -0.513555
1778055653.591702 5.226465 2.307247 0.312632 0.532920 -0.473429 0.478711 -0.512540
1778055653.722128 5.313688 2.327928 0.302086 0.544531 -0.462943 0.471371 -0.516701
1778055653.861698 5.393418 2.336038 0.307437 0.539664 -0.467606 0.466335 -0.522149
1778055653.989115 5.475677 2.338582 0.306682 0.533041 -0.471489 0.476766 -0.516003
1778055654.138958 5.565471 2.333390 0.306771 0.528062 -0.483846 0.487049 -0.499827
1778055654.268747 5.647299 2.323527 0.299903 0.517114 -0.494506 0.494866 -0.493118
1778055654.409258 5.727553 2.303782 0.311379 -0.495832 0.510849 -0.501290 0.491826
1778055654.549586 5.815965 2.292931 0.304712 -0.500749 0.511717 -0.506294 0.480690
1778055654.696623 5.895076 2.294953 0.310671 0.507936 -0.504338 0.501478 -0.485967
1778055654.830348 5.947768 2.293116 0.295695 0.519127 -0.506100 0.492354 -0.481619
1778055654.977621 5.955721 2.272017 0.304078 -0.505961 0.517114 -0.511778 0.463335
1778055655.115203 5.945227 2.235974 0.304324 -0.469372 0.548471 -0.544357 0.427253
1778055655.264229 5.929548 2.180702 0.303279 -0.414694 0.591239 -0.575197 0.384204
1778055655.398246 5.905614 2.127849 0.299305 -0.356008 0.630802 -0.606203 0.328429
1778055655.542024 5.876992 2.079464 0.291688 -0.296914 0.660533 -0.639337 0.258433
1778055655.673201 5.820126 2.037759 0.296677 -0.228890 0.678856 -0.670358 0.193349
1778055655.805763 5.764377 2.009060 0.310378 -0.157945 0.692646 -0.691978 0.128303
1778055655.948511 5.700700 1.992523 0.313611 0.081410 -0.703098 0.703862 -0.060029
1778055656.087566 5.643285 1.983975 0.304710 -0.010856 0.714926 -0.699116 -0.000079
1778055656.228017 5.598446 1.979195 0.304836 0.035642 0.711690 -0.699131 -0.058681
1778055656.368531 5.566042 1.983093 0.308257 0.078153 0.707616 -0.694608 -0.103396
1778055656.510915 5.538532 1.988373 0.311773 0.119570 0.698227 -0.692461 -0.136673
1778055656.654801 5.521124 1.993270 0.312121 0.141252 0.693935 -0.687278 -0.161714
1778055656.789679 5.503415 2.000443 0.308071 0.170224 0.692973 -0.678717 -0.173654
1778055656.932882 5.482398 2.005010 0.305891 0.191930 0.686170 -0.673053 -0.198326
1778055657.080947 5.462811 1.995911 0.305033 0.207828 0.677694 -0.669332 -0.222560
1778055657.218124 5.440142 1.987268 0.306528 0.223787 0.673827 -0.663646 -0.235479
1778055657.353621 5.400604 1.975981 0.293727 0.250028 0.673334 -0.650382 -0.247204
1778055657.508275 5.354236 1.952089 0.300623 0.274998 0.655161 -0.651797 -0.265142
1778055657.638524 5.310357 1.933087 0.307268 -0.290492 -0.643626 0.648450 0.284379
1778055657.773944 5.253419 1.905369 0.311871 0.295529 0.638966 -0.636469 -0.315106
1778055657.915296 5.199157 1.879437 0.311952 0.312366 0.632356 -0.627113 -0.330578
1778055658.047495 5.144529 1.831204 0.303668 0.313359 0.637130 -0.627125 -0.320290
1778055658.188344 5.094019 1.778503 0.305342 0.299926 0.641109 -0.637326 -0.304695
1778055658.329445 5.050065 1.715045 0.304083 0.274742 0.652592 -0.639507 -0.299451
1778055658.470371 5.022693 1.656126 0.309186 0.251972 0.661632 -0.649132 -0.278174
1778055658.606539 5.010502 1.597997 0.311129 0.213231 0.678489 -0.657417 -0.248976
1778055658.746773 5.014595 1.550443 0.303648 0.168676 0.693211 -0.669671 -0.206271
1778055658.899121 5.011154 1.532247 0.305486 0.150121 0.697275 -0.673105 -0.195454
1778055659.034681 5.018790 1.524143 0.304389 0.133667 0.698422 -0.681544 -0.172733
1778055659.183146 5.044438 1.497476 0.301919 0.101986 0.704205 -0.690204 -0.131574
1778055659.322481 5.081205 1.465251 0.296259 0.061849 0.714408 -0.693966 -0.064857
1778055659.456264 5.128067 1.450728 0.295437 0.011819 0.723751 -0.689823 -0.013742
1778055659.588984 5.177558 1.445285 0.288715 -0.055014 0.721164 -0.689741 0.033943
1778055659.729409 5.236632 1.440942 0.296571 -0.130413 0.710207 -0.686007 0.089409
1778055659.864827 5.286844 1.441930 0.297129 -0.185407 0.699450 -0.673926 0.149057
1778055660.010756 5.337000 1.442558 0.295412 -0.230500 0.683167 -0.661388 0.206683
1778055660.151537 5.376990 1.441249 0.293141 -0.257950 0.674098 -0.647933 0.243385
1778055660.287936 5.416622 1.447243 0.296406 -0.292534 0.656010 -0.640509 0.271704
1778055660.438143 5.470840 1.453611 0.297844 -0.333378 0.634555 -0.627656 0.303723
1778055660.587114 5.525129 1.449677 0.299403 -0.355618 0.619908 -0.612092 0.338517
1778055660.715099 5.561775 1.444760 0.305351 -0.363944 0.606307 -0.604436 0.366869
1778055660.862034 5.616354 1.437014 0.295274 -0.387396 0.600935 -0.590823 0.373804
1778055660.998113 5.670456 1.439993 0.302389 0.409577 -0.580986 0.589978 -0.382920
1778055661.138871 5.727879 1.449515 0.307444 0.431739 -0.560690 0.581416 -0.401477
1778055661.277512 5.795981 1.454390 0.303548 0.444314 -0.553191 0.557915 -0.430461
1778055661.417196 5.853199 1.457891 0.312189 0.451190 -0.537273 0.547427 -0.456168
1778055661.552180 5.920078 1.462045 0.304293 0.468729 -0.528507 0.535890 -0.462381
1778055661.692902 5.984453 1.480461 0.311060 0.488728 -0.512526 0.521817 -0.475571
1778055661.834338 6.060171 1.501360 0.310676 0.502700 -0.492695 0.511999 -0.492344
1778055661.973629 6.138483 1.492236 0.312866 0.498179 -0.501596 0.511167 -0.488802
1778055662.111129 6.217689 1.476362 0.312174 0.490096 -0.507322 0.526698 -0.474362
1778055662.249951 6.291595 1.457901 0.315168 0.479446 -0.522652 0.532966 -0.461426
1778055662.402577 6.382153 1.429331 0.305174 -0.464706 0.540491 -0.537997 0.449974
1778055662.545551 6.462286 1.410094 0.311515 -0.454002 0.545790 -0.534248 0.458885
1778055662.680267 6.540234 1.401863 0.314549 -0.455168 0.537015 -0.531486 0.471125
1778055662.830884 6.632363 1.407846 0.312141 0.481599 -0.524001 0.528089 -0.463257
1778055662.956216 6.713769 1.425806 0.316767 0.491401 -0.500175 0.529334 -0.477656
1778055663.092710 6.797367 1.441887 0.311479 0.505738 -0.495132 0.501158 -0.497910
1778055663.232918 6.879081 1.446820 0.314210 0.505558 -0.486198 0.503282 -0.504707
1778055663.372665 6.959812 1.441541 0.312803 0.506153 -0.498502 0.505028 -0.490154
1778055663.508834 7.041015 1.432225 0.304990 -0.498847 0.511974 -0.506251 0.482436
1778055663.648156 7.114389 1.412981 0.305935 -0.487151 0.518601 -0.518327 0.474421
1778055663.789965 7.182885 1.389514 0.308985 -0.472087 0.532292 -0.529785 0.461657
1778055663.928323 7.243048 1.367423 0.310216 0.461624 -0.538705 0.543923 -0.448161
1778055664.072610 7.301860 1.340967 0.310064 0.446249 -0.554313 0.556115 -0.429342
1778055664.223204 7.362880 1.307621 0.300883 -0.428848 0.570567 -0.564585 0.414470
1778055664.357100 7.413118 1.264189 0.307418 -0.404362 0.581645 -0.580698 0.401210
1778055664.504005 7.454027 1.218357 0.309130 -0.377642 0.596627 -0.593175 0.386738
1778055664.643129 7.497799 1.171656 0.308494 -0.365757 0.610506 -0.608108 0.351724
1778055664.775596 7.533569 1.137106 0.312326 0.345527 -0.613478 0.625122 -0.336865
1778055664.911191 7.577710 1.095159 0.299181 -0.333193 0.627552 -0.625496 0.322360
1778055665.049244 7.603755 1.049831 0.306139 0.313621 -0.633309 0.634544 -0.312916
1778055665.187270 7.632206 0.994444 0.313632 0.286594 -0.634320 0.651062 -0.302689
1778055665.328220 7.670137 0.936154 0.309915 0.281109 -0.647735 0.655992 -0.266631
1778055665.464649 7.702369 0.886600 0.312472 0.260874 -0.654198 0.662864 -0.254127
1778055665.609186 7.743394 0.818496 0.303422 0.245322 -0.662611 0.666858 -0.236778
1778055665.748328 7.767496 0.757559 0.311853 0.220990 -0.667992 0.672560 -0.229377
1778055665.907809 7.794336 0.679429 0.312936 0.202635 -0.669453 0.684158 -0.206638
1778055666.048877 7.841496 0.614181 0.312634 -0.216089 0.675497 -0.675436 0.201981
1778055666.187568 7.901939 0.547069 0.309405 -0.226956 0.671676 -0.671289 0.216133
1778055666.320600 7.949398 0.501255 0.309348 -0.241647 0.667907 -0.663120 0.236176
1778055666.465080 8.012931 0.455043 0.304065 -0.266465 0.660547 -0.656686 0.247867
1778055666.600789 8.066273 0.423917 0.309196 0.288156 -0.651657 0.653910 -0.254385
1778055666.731310 8.135962 0.392553 0.307985 0.311171 -0.640678 0.647026 -0.272144
1778055666.871387 8.201540 0.362792 0.301252 -0.325548 0.634443 -0.633569 0.300152
1778055667.011496 8.257595 0.339074 0.307940 0.331422 -0.623217 0.626127 -0.331247
1778055667.150949 8.326584 0.313185 0.304351 0.349840 -0.614928 0.616878 -0.344873
1778055667.291903 8.396914 0.301143 0.311232 0.375943 -0.601596 0.608922 -0.354912
1778055667.437102 8.480214 0.289053 0.309894 0.392754 -0.586596 0.600201 -0.376044
1778055667.574677 8.556606 0.278805 0.309617 0.407315 -0.578993 0.579783 -0.403377
1778055667.713257 8.621623 0.270140 0.312701 0.417286 -0.563199 0.575880 -0.420762
1778055667.861127 8.712246 0.269334 0.310640 0.447801 -0.552947 0.559857 -0.424598
1778055667.996364 8.796483 0.278275 0.310806 0.464332 -0.536000 0.548641 -0.442824
1778055668.146080 8.879217 0.285898 0.303401 -0.482224 0.527791 -0.522669 0.464451
1778055668.283616 8.950937 0.297344 0.305438 -0.492453 0.512506 -0.511108 0.483318
1778055668.434180 9.028936 0.323003 0.301847 0.517918 -0.495738 0.497449 -0.488416
1778055668.560052 9.082626 0.349016 0.307384 0.534394 -0.475482 0.488115 -0.500084
1778055668.698286 9.152161 0.381018 0.295939 0.549115 -0.463086 0.464219 -0.518195
1778055668.835279 9.206098 0.406693 0.299957 0.555529 -0.450030 0.441228 -0.542382
1778055668.971449 9.262585 0.434326 0.304567 -0.557558 0.431962 -0.431990 0.562069
1778055669.112007 9.325248 0.476107 0.304974 0.579340 -0.414484 0.419223 -0.562868
1778055669.253617 9.382193 0.529192 0.312871 0.590529 -0.385239 0.409186 -0.579166
1778055669.391248 9.450282 0.557266 0.306032 0.589528 -0.396148 0.401839 -0.577970
1778055669.551310 9.530762 0.566720 0.316665 -0.573775 0.406764 -0.418781 0.574411
1778055669.683337 9.606683 0.577801 0.311971 0.572727 -0.420354 0.431384 -0.556052
1778055669.828754 9.681167 0.586607 0.298052 0.569142 -0.440701 0.430460 -0.544576
1778055669.964249 9.713704 0.597705 0.287945 0.581389 -0.440984 0.420169 -0.539423
1778055670.103837 9.711891 0.616793 0.296175 0.589705 -0.420650 0.404690 -0.558146
1778055670.238456 9.702726 0.632729 0.299176 0.596830 -0.402330 0.389370 -0.574730
1778055670.378210 9.694709 0.644886 0.299346 0.605556 -0.389118 0.372732 -0.585628
1778055670.520957 9.688002 0.655263 0.300687 0.612470 -0.377448 0.358817 -0.594696
1778055670.654737 9.692873 0.653949 0.302043 0.609798 -0.381686 0.360626 -0.593643
1778055670.792510 9.707208 0.654749 0.301566 0.603308 -0.395460 0.362866 -0.589881
1778055670.933718 9.732921 0.656058 0.300107 0.602108 -0.402653 0.375267 -0.578369
1778055671.069631 9.777029 0.656479 0.295272 0.596671 -0.414511 0.395513 -0.561902
1778055671.222745 9.820689 0.650852 0.295252 0.584567 -0.429928 0.422369 -0.543183
1778055671.354276 9.870126 0.638058 0.291640 0.566883 -0.451264 0.444412 -0.526786
1778055671.498318 9.916684 0.620139 0.299622 0.540416 -0.466335 0.474549 -0.515058
1778055671.636257 9.952481 0.587415 0.304857 0.503550 -0.500568 0.493533 -0.502290
1778055671.784012 9.993612 0.546140 0.303818 0.480332 -0.524819 0.527615 -0.464186
1778055671.921477 10.026941 0.513984 0.309414 0.457445 -0.546226 0.553409 -0.431415
1778055672.057254 10.058565 0.481544 0.305781 0.427518 -0.564267 0.577262 -0.406939
1778055672.203125 10.087811 0.443529 0.299532 0.409703 -0.582367 0.587803 -0.384031
1778055672.336510 10.106012 0.405510 0.301000 0.385487 -0.594167 0.604977 -0.363825
1778055672.476205 10.121540 0.364984 0.308639 0.355000 -0.607651 0.623055 -0.341376
1778055672.618384 10.150840 0.320023 0.313724 0.337168 -0.615261 0.640314 -0.312681
1778055672.752275 10.177303 0.279518 0.307431 0.317176 -0.633961 0.640977 -0.294349
1778055672.895776 10.212296 0.228310 0.299394 -0.297782 0.646787 -0.644355 0.278926
1778055673.030583 10.239876 0.173408 0.306793 0.274931 -0.651409 0.655106 -0.266298
1778055673.182769 10.258755 0.114229 0.314173 0.241735 -0.658449 0.664542 -0.257670
1778055673.328233 10.286127 0.049778 0.307915 0.236051 -0.668490 0.670282 -0.219372
1778055673.473557 10.313262 -0.008490 0.312645 0.217395 -0.669450 0.681748 -0.199489
1778055673.603981 10.335727 -0.066309 0.302107 0.200162 -0.679810 0.680136 -0.187640
1778055673.752119 10.344351 -0.128604 0.306876 0.179478 -0.684432 0.684855 -0.174109
1778055673.882386 10.344455 -0.190684 0.312874 0.153095 -0.680022 0.700574 -0.152738
1778055674.017314 10.349484 -0.252040 0.310007 0.140290 -0.693723 0.696526 -0.117979
1778055674.150267 10.351399 -0.309429 0.308289 0.114019 -0.697862 0.700281 -0.097949
1778055674.288415 10.349313 -0.376210 0.299372 -0.092455 0.702732 -0.701269 0.076431
1778055674.435986 10.332886 -0.433479 0.308373 0.060142 -0.702055 0.707239 -0.057569
1778055674.568528 10.312423 -0.494291 0.309998 0.033050 -0.700130 0.712632 -0.029681
1778055674.712602 10.292770 -0.556896 0.311980 0.013818 -0.706838 0.707226 0.004382
1778055674.853390 10.274097 -0.613519 0.311908 -0.011507 -0.704160 0.709387 0.028220
1778055674.987377 10.250808 -0.671846 0.301767 0.034195 0.706008 -0.705820 -0.046915
1778055675.135822 10.219838 -0.722777 0.308241 -0.058625 -0.700224 0.708086 0.069733
1778055675.271184 10.184526 -0.769460 0.311538 -0.085195 -0.694824 0.707938 0.093731
1778055675.410597 10.186336 -0.808633 0.304466 -0.075090 -0.702605 0.702649 0.083612
1778055675.547341 10.207881 -0.820917 0.305133 0.049890 0.709379 -0.699985 -0.065666
1778055675.686655 10.245785 -0.829893 0.299950 0.011921 0.716193 -0.696892 -0.035595
1778055675.827418 10.281402 -0.835959 0.301933 -0.022628 0.713165 -0.700622 -0.003489
1778055675.966382 10.307606 -0.837332 0.301923 -0.051305 0.711246 -0.700813 0.018927
1778055676.110095 10.326570 -0.837908 0.303834 -0.071639 0.708164 -0.701675 0.031986
1778055676.250842 10.347611 -0.838212 0.304240 -0.091325 0.706133 -0.700705 0.045273
1778055676.390839 10.368383 -0.837536 0.303606 -0.108240 0.705235 -0.697919 0.061945
1778055676.528336 10.381458 -0.848466 0.292439 -0.103054 0.718677 -0.684043 0.070486
1778055676.665302 10.364017 -0.862099 0.289750 -0.063595 0.725649 -0.683614 0.045395
1778055676.811779 10.330590 -0.871443 0.287489 -0.030288 0.724854 -0.688236 0.000834
1778055676.948669 10.296290 -0.885291 0.290004 0.005969 0.719504 -0.693242 -0.041151
1778055677.087861 10.254600 -0.899671 0.304788 0.056814 0.708337 -0.698995 -0.080230
1778055677.225166 10.214363 -0.915796 0.310674 0.097406 0.700508 -0.697028 -0.118122
1778055677.369322 10.177254 -0.936442 0.314321 -0.124340 -0.691551 0.693833 0.157772
1778055677.513947 10.141512 -0.953407 0.309612 0.162935 0.687357 -0.683649 -0.183350
1778055677.649172 10.101458 -0.980467 0.299614 0.190789 0.682876 -0.674335 -0.206282
1778055677.789257 10.063028 -1.005959 0.303473 -0.206100 -0.671472 0.674505 0.227357
1778055677.927415 10.014005 -1.018218 0.312349 -0.241766 -0.654612 0.673664 0.243328
1778055678.069365 9.961490 -1.039178 0.311591 -0.257741 -0.650741 0.660200 0.272473
1778055678.209773 9.915107 -1.065509 0.314381 -0.273198 -0.646391 0.650053 0.291502
1778055678.346214 9.858563 -1.096222 0.313779 -0.289251 -0.632456 0.646584 0.313469
1778055678.490571 9.802609 -1.123365 0.301181 0.305378 0.636213 -0.630870 -0.322460
1778055678.633983 9.739914 -1.137234 0.313582 -0.328237 -0.614565 0.631303 0.340628
1778055678.769323 9.670407 -1.154033 0.314150 -0.340511 -0.606526 0.618241 0.366001
1778055678.912511 9.603166 -1.172432 0.313159 0.364984 0.603516 -0.601158 -0.375719
1778055679.047087 9.528560 -1.193954 0.304511 0.383446 0.596595 -0.592286 -0.382415
1778055679.188993 9.474471 -1.224768 0.295309 0.372925 0.610349 -0.584952 -0.382403
1778055679.327154 9.449912 -1.246402 0.289184 0.375488 0.619897 -0.575983 -0.378127
1778055679.468366 9.435687 -1.260860 0.290287 0.373513 0.614869 -0.590356 -0.365930
1778055679.607209 9.418929 -1.277661 0.289111 0.363862 0.618794 -0.599232 -0.354428
1778055679.747706 9.400139 -1.304997 0.288674 0.351088 0.623907 -0.611310 -0.337309
1778055679.885773 9.390091 -1.340898 0.290699 0.331892 0.640358 -0.613712 -0.321164
1778055680.027147 9.369851 -1.393099 0.285795 0.304039 0.653704 -0.617483 -0.314558
1778055680.171447 9.346437 -1.446451 0.297367 0.272048 0.660532 -0.630623 -0.303317
1778055680.310522 9.305223 -1.509436 0.293324 0.262617 0.667610 -0.642666 -0.268903
1778055680.445975 9.273632 -1.560188 0.300725 0.254707 0.664860 -0.658872 -0.242842
1778055680.588750 9.224096 -1.616724 0.306732 -0.248340 -0.660879 0.662748 0.249663
1778055680.729201 9.170004 -1.666226 0.311041 0.252645 0.665348 -0.653196 -0.258490
1778055680.869007 9.118997 -1.732835 0.302454 0.247127 0.673777 -0.652168 -0.244191
1778055681.011217 9.075210 -1.804223 0.305888 0.234825 0.673766 -0.662848 -0.227002
1778055681.152340 9.042434 -1.874692 0.307716 0.212124 0.678107 -0.668597 -0.219438
1778055681.290581 9.013068 -1.955383 0.308465 0.187420 0.688697 -0.669594 -0.205458
1778055681.429027 8.987185 -2.035259 0.306751 0.167235 0.692936 -0.676051 -0.186621
1778055681.567757 8.960015 -2.121074 0.308007 0.149318 0.693539 -0.686896 -0.157742
1778055681.706678 8.942732 -2.198005 0.313138 -0.130704 -0.690346 0.697380 0.141419
1778055681.849273 8.928511 -2.287124 0.313388 0.105618 0.701745 -0.693156 -0.126231
1778055681.993136 8.923823 -2.380020 0.313010 0.084101 0.703470 -0.698514 -0.100672
1778055682.128337 8.912506 -2.463172 0.311603 0.072191 0.704292 -0.701713 -0.079752
1778055682.277400 8.880107 -2.552944 0.311674 0.083623 0.703528 -0.699346 -0.094716
1778055682.407996 8.852975 -2.616728 0.313766 0.094793 0.705499 -0.694030 -0.107744
1778055682.549684 8.827476 -2.718043 0.299274 0.090798 0.714702 -0.686663 -0.097214
1778055682.688898 8.818765 -2.795096 0.303902 0.082935 0.711316 -0.693557 -0.078287
1778055682.825241 8.818615 -2.883999 0.304031 0.055402 0.711558 -0.696637 -0.072889
1778055682.964538 8.825167 -2.964876 0.307827 0.031008 0.714581 -0.696195 -0.061031
1778055683.113012 8.838853 -3.064898 0.299012 0.008694 0.715695 -0.697419 -0.036217
1778055683.259104 8.839990 -3.146374 0.309897 0.006055 0.709221 -0.704705 -0.018980
1778055683.393087 8.832343 -3.232451 0.310626 -0.012214 -0.706554 0.707097 0.025429
1778055683.534123 8.837119 -3.312828 0.307952 -0.000031 0.716333 -0.697377 -0.023078
1778055683.675084 8.848495 -3.415483 0.301245 -0.011408 0.716508 -0.697477 -0.003441
1778055683.812226 8.849259 -3.488688 0.306694 -0.010563 0.715092 -0.698948 -0.001573
1778055683.951801 8.846926 -3.586115 0.307575 -0.012688 0.715593 -0.698310 -0.011340
1778055684.097253 8.858817 -3.676022 0.301545 -0.024887 0.721455 -0.692014 -0.000981
1778055684.230921 8.874766 -3.765661 0.301508 -0.038210 0.717815 -0.694954 0.017909
1778055684.371389 8.905044 -3.846403 0.304168 -0.058753 0.714400 -0.696474 0.033250
1778055684.510245 8.916873 -3.923350 0.311026 -0.059876 0.709558 -0.701492 0.029181
1778055684.650444 8.918165 -3.981099 0.294745 -0.059672 0.725419 -0.684942 0.032580
1778055684.790797 8.922539 -3.994503 0.298499 -0.061633 0.723868 -0.685952 0.041077
1778055684.930684 8.926878 -3.990176 0.303297 -0.062766 0.715104 -0.694692 0.045708
1778055685.070750 8.924916 -3.988777 0.305778 -0.062110 0.713499 -0.696248 0.047956
1778055685.211986 8.924665 -3.988375 0.306021 -0.062728 0.713170 -0.696511 0.048219
1778055685.352246 8.924440 -3.987902 0.306184 -0.062526 0.712919 -0.696760 0.048594
1778055685.493004 8.924379 -3.987622 0.306275 -0.062557 0.712783 -0.696888 0.048729
1778055685.632880 8.924417 -3.987619 0.306232 -0.062623 0.712804 -0.696860 0.048723
1778055685.768905 8.924466 -3.987506 0.306281 -0.062713 0.712716 -0.696941 0.048747
1778055685.907627 8.924444 -3.987482 0.306279 -0.062706 0.712702 -0.696959 0.048698
1778055686.053045 8.924490 -3.987471 0.306275 -0.062747 0.712702 -0.696961 0.048610
1778055686.198581 8.924479 -3.987437 0.306265 -0.062742 0.712689 -0.696976 0.048595
1778055686.330795 8.924490 -3.987508 0.306245 -0.062751 0.712742 -0.696923 0.048570
1778055686.471050 8.924496 -3.987486 0.306257 -0.062744 0.712718 -0.696948 0.048575
1778055686.608779 8.924439 -3.987452 0.306304 -0.062674 0.712681 -0.696998 0.048504
1778055686.750064 8.924406 -3.987474 0.306277 -0.062631 0.712699 -0.696992 0.048363
1778055686.889383 8.924448 -3.987421 0.306293 -0.062684 0.712678 -0.697009 0.048363
1778055687.030760 8.924368 -3.987439 0.306313 -0.062599 0.712685 -0.697018 0.048234
1778055687.172272 8.924430 -3.987430 0.306312 -0.062638 0.712661 -0.697044 0.048160
1778055687.318964 8.924381 -3.987391 0.306335 -0.062608 0.712642 -0.697069 0.048130
1778055687.451643 8.924325 -3.987387 0.306328 -0.062531 0.712635 -0.697089 0.048051
