# raw base_link odometry (TUM format), robot's own estimator
1777374222.596874 -0.000090 0.007317 0.312415 -0.017052 -0.006439 0.042873 0.998914
1777374222.599123 -0.001149 0.007325 0.310868 -0.017302 -0.005600 0.043362 0.998894
1777374222.643358 -0.003348 0.007779 0.310133 -0.017317 -0.005672 0.042011 0.998951
1777374222.645025 -0.006077 0.007827 0.310351 -0.016570 -0.006256 0.040095 0.999039
1777374222.694129 -0.008153 0.007422 0.310614 -0.015225 -0.006951 0.037971 0.999139
1777374222.743815 -0.009911 0.006629 0.311119 -0.013018 -0.008278 0.034403 0.999289
1777374222.793074 -0.011058 0.005943 0.311706 -0.010767 -0.009264 0.030221 0.999442
1777374222.876864 -0.011949 0.005382 0.312402 -0.008884 -0.010269 0.026559 0.999555
1777374222.979853 -0.012508 0.004792 0.313274 -0.007186 -0.010875 0.023675 0.999635
1777374222.981313 -0.012967 0.004346 0.314944 -0.005429 -0.011903 0.020555 0.999703
1777374223.150141 -0.012763 0.004051 0.316321 -0.004202 -0.012248 0.018218 0.999750
1777374223.152070 -0.012324 0.003697 0.317866 -0.002873 -0.012360 0.015576 0.999798
1777374223.153726 -0.012324 0.003697 0.317866 -0.002873 -0.012360 0.015576 0.999798
1777374223.312891 -0.011520 0.003392 0.319392 -0.001395 -0.012092 0.012315 0.999850
1777374223.313438 -0.010472 0.002914 0.321150 0.000238 -0.011942 0.009013 0.999888
1777374223.356479 -0.009490 0.002453 0.322292 0.001092 -0.011707 0.006647 0.999909
1777374223.358586 -0.008636 0.001977 0.322837 0.001507 -0.011287 0.005633 0.999919
1777374223.362550 -0.008071 0.001689 0.323146 0.001872 -0.010902 0.005697 0.999923
1777374223.412141 -0.008021 0.001604 0.323248 0.002024 -0.010765 0.005922 0.999923
1777374223.442359 -0.008315 0.001622 0.323266 0.002029 -0.010863 0.005892 0.999922
1777374223.500145 -0.008581 0.001638 0.323262 0.001994 -0.011015 0.005894 0.999920
1777374223.551962 -0.008598 0.001626 0.323262 0.002008 -0.011037 0.005915 0.999920
1777374223.606050 -0.008484 0.001659 0.323267 0.001973 -0.010987 0.005812 0.999921
1777374223.653928 -0.008420 0.001661 0.323270 0.001960 -0.010940 0.005784 0.999921
1777374223.708175 -0.008472 0.001616 0.323271 0.002026 -0.010991 0.005786 0.999921
1777374223.760580 -0.008592 0.001608 0.323268 0.002039 -0.011104 0.005868 0.999919
1777374223.816867 -0.008608 0.001626 0.323267 0.002014 -0.011141 0.005909 0.999918
1777374223.871682 -0.008594 0.001622 0.323267 0.002022 -0.011164 0.005854 0.999919
1777374223.932353 -0.008535 0.001601 0.323270 0.002041 -0.011092 0.005784 0.999920
1777374223.975976 -0.008567 0.001584 0.323271 0.002069 -0.011114 0.005825 0.999919
1777374224.049112 -0.008585 0.001606 0.323270 0.002040 -0.011115 0.005923 0.999919
1777374224.085636 -0.008590 0.001631 0.323271 0.002012 -0.011140 0.005858 0.999919
1777374224.138338 -0.008550 0.001585 0.323273 0.002072 -0.011125 0.005717 0.999920
1777374224.197283 -0.008544 0.001563 0.323274 0.002097 -0.011096 0.005754 0.999920
1777374224.243937 -0.008574 0.001597 0.323275 0.002054 -0.011117 0.005861 0.999919
1777374224.302379 -0.008629 0.001601 0.323274 0.002074 -0.011196 0.005842 0.999918
1777374224.353176 -0.008579 0.001582 0.323275 0.002088 -0.011155 0.005718 0.999919
1777374224.417776 -0.008548 0.001566 0.323278 0.002086 -0.011115 0.005720 0.999920
1777374224.462091 -0.008574 0.001600 0.323279 0.002049 -0.011130 0.005846 0.999919
1777374224.517254 -0.008623 0.001620 0.323278 0.002032 -0.011190 0.005915 0.999918
1777374224.568450 -0.008604 0.001600 0.323279 0.002060 -0.011193 0.005777 0.999919
1777374224.621020 -0.008576 0.001536 0.323279 0.002143 -0.011158 0.005690 0.999919
1777374224.707447 -0.008620 0.001574 0.323279 0.002091 -0.011213 0.005797 0.999918
1777374224.737531 -0.008657 0.001615 0.323279 0.002045 -0.011255 0.005867 0.999917
1777374224.855409 -0.008674 0.001580 0.323278 0.002095 -0.011297 0.005751 0.999917
1777374224.856050 -0.008649 0.001533 0.323277 0.002144 -0.011281 0.005639 0.999918
1777374224.856928 -0.008649 0.001533 0.323277 0.002144 -0.011281 0.005639 0.999918
1777374224.900006 -0.008663 0.001537 0.323278 0.002136 -0.011302 0.005743 0.999917
1777374224.983265 -0.008688 0.001582 0.323278 0.002096 -0.011308 0.005861 0.999917
1777374225.000500 -0.008742 0.001597 0.323278 0.002068 -0.011387 0.005792 0.999916
1777374225.062862 -0.008700 0.001574 0.323278 0.002083 -0.011362 0.005676 0.999917
1777374225.103636 -0.008701 0.001557 0.323278 0.002104 -0.011356 0.005756 0.999917
1777374225.157757 -0.008748 0.001566 0.323278 0.002097 -0.011393 0.005893 0.999916
1777374225.210137 -0.008735 0.001576 0.323278 0.002094 -0.011382 0.005869 0.999916
1777374225.264321 -0.008732 0.001537 0.323279 0.002142 -0.011387 0.005739 0.999916
1777374225.364447 -0.008699 0.001545 0.323280 0.002127 -0.011360 0.005720 0.999917
1777374225.377179 -0.008699 0.001586 0.323281 0.002068 -0.011336 0.005832 0.999917
1777374225.422008 -0.008710 0.001601 0.323281 0.002060 -0.011337 0.005834 0.999917
1777374225.475653 -0.008673 0.001573 0.323281 0.002096 -0.011295 0.005717 0.999918
1777374225.531304 -0.013682 0.002918 0.319597 -0.003761 -0.011907 0.007821 0.999891
1777374225.597198 -0.016638 0.004022 0.319400 -0.005236 -0.011760 0.011822 0.999847
1777374225.635631 -0.019610 0.005372 0.318249 -0.010104 -0.009402 0.015694 0.999782
1777374225.692475 -0.020544 0.006816 0.317977 -0.012575 -0.008401 0.018741 0.999710
1777374225.746372 -0.019520 0.007846 0.317863 -0.012944 -0.007779 0.021492 0.999655
1777374225.802890 -0.017856 0.008190 0.317613 -0.013707 -0.006993 0.023777 0.999599
1777374225.860508 -0.015774 0.008585 0.317510 -0.014359 -0.006596 0.025993 0.999537
1777374225.902503 -0.014235 0.008922 0.317345 -0.014723 -0.006125 0.027256 0.999501
1777374225.980243 -0.013097 0.009365 0.317225 -0.015168 -0.005730 0.028554 0.999461
1777374226.006570 -0.012337 0.009655 0.317106 -0.015560 -0.005440 0.029655 0.999424
1777374226.063922 -0.011841 0.009945 0.317018 -0.015815 -0.005248 0.030805 0.999386
1777374226.142523 -0.011359 0.010144 0.316924 -0.016330 -0.005063 0.031765 0.999349
1777374226.175126 -0.010901 0.010342 0.316866 -0.016696 -0.004937 0.032496 0.999320
1777374226.235852 -0.010205 0.010450 0.316810 -0.016995 -0.004811 0.032967 0.999300
1777374226.286306 -0.009585 0.010536 0.316783 -0.017169 -0.004749 0.033434 0.999282
1777374226.336735 -0.008855 0.010658 0.316713 -0.017505 -0.004589 0.034064 0.999256
1777374226.387446 -0.008118 0.010817 0.316680 -0.017801 -0.004457 0.034667 0.999231
1777374226.443219 -0.007464 0.010877 0.316477 -0.017866 -0.004302 0.034895 0.999222
1777374226.493023 -0.007009 0.010905 0.315719 -0.017915 -0.004138 0.035201 0.999211
1777374226.545938 -0.006671 0.010970 0.315333 -0.017888 -0.004174 0.035505 0.999201
1777374226.603367 -0.006563 0.010952 0.315565 -0.017923 -0.004122 0.035561 0.999198
1777374226.651969 -0.006428 0.010935 0.315679 -0.017999 -0.004124 0.035758 0.999190
1777374226.707747 -0.006347 0.010926 0.315994 -0.018103 -0.004108 0.035935 0.999182
1777374226.759681 -0.006230 0.011004 0.316337 -0.018198 -0.004065 0.036091 0.999175
1777374226.820203 -0.006126 0.010996 0.315965 -0.018228 -0.004080 0.036181 0.999171
1777374226.904902 -0.005963 0.010993 0.315394 -0.018218 -0.004075 0.036237 0.999169
1777374226.920609 -0.005850 0.010930 0.316218 -0.018175 -0.004066 0.036150 0.999173
1777374226.975384 -0.005757 0.010964 0.316387 -0.018197 -0.004037 0.036202 0.999171
1777374227.082515 -0.005672 0.011045 0.316451 -0.018249 -0.004045 0.036348 0.999164
1777374227.084507 -0.005585 0.010998 0.316500 -0.018195 -0.004092 0.036308 0.999167
1777374227.132889 -0.005461 0.010977 0.316496 -0.018173 -0.004047 0.036310 0.999167
1777374227.235920 -0.005398 0.010982 0.316506 -0.018170 -0.004037 0.036354 0.999166
1777374227.236774 -0.005392 0.011064 0.316525 -0.018214 -0.004066 0.036485 0.999160
1777374227.289335 -0.005387 0.011051 0.316510 -0.018215 -0.004087 0.036433 0.999162
1777374227.343664 -0.005356 0.011017 0.316182 -0.018176 -0.004081 0.036418 0.999163
1777374227.515128 -0.005356 0.011009 0.316415 -0.018192 -0.004090 0.036371 0.999164
1777374227.529835 -0.005379 0.011040 0.316169 -0.018200 -0.004174 0.036492 0.999160
1777374227.537770 -0.005375 0.011052 0.315572 -0.018212 -0.004191 0.036479 0.999160
1777374227.583550 -0.005420 0.011007 0.316114 -0.018220 -0.004240 0.036388 0.999163
1777374227.615181 -0.005377 0.010985 0.316277 -0.018180 -0.004235 0.036410 0.999163
1777374227.672894 -0.005370 0.011047 0.316508 -0.018252 -0.004260 0.036443 0.999160
1777374227.721081 -0.005345 0.011107 0.316583 -0.018285 -0.004248 0.036527 0.999156
1777374227.794116 -0.005295 0.011054 0.316587 -0.018245 -0.004239 0.036490 0.999159
1777374227.832156 -0.005227 0.011025 0.316567 -0.018233 -0.004210 0.036424 0.999161
1777374227.880373 -0.004398 0.011458 0.316614 -0.018241 -0.004249 0.036484 0.999159
1777374227.937374 -0.002047 0.011352 0.315831 -0.016446 -0.004609 0.033614 0.999289
1777374227.987750 0.003539 0.011346 0.314876 -0.014540 -0.005689 0.028845 0.999462
1777374228.128688 0.012378 0.011588 0.313954 -0.011341 -0.004890 0.023386 0.999650
1777374228.130874 0.023988 0.011502 0.312429 -0.010000 -0.004696 0.016817 0.999798
1777374228.148715 0.035648 0.011144 0.310869 -0.007986 -0.002600 0.009970 0.999915
1777374228.209488 0.042829 0.010631 0.309708 -0.003835 0.000457 0.003055 0.999988
1777374228.257698 0.055612 0.009895 0.308058 -0.001820 0.001516 -0.003272 0.999992
1777374228.317683 0.075277 0.009125 0.305854 -0.001161 0.003834 -0.001505 0.999991
1777374228.360387 0.093133 0.009205 0.302247 -0.006520 0.004279 0.003379 0.999964
1777374228.414001 0.114188 0.007994 0.300361 -0.000500 0.001175 0.011928 0.999928
1777374228.495435 0.131947 0.007283 0.301016 0.000315 0.001960 0.018218 0.999832
1777374228.520648 0.149864 0.007965 0.300738 0.006207 0.000720 0.023872 0.999696
1777374228.610803 0.170097 0.009872 0.301092 0.002611 -0.003061 0.029594 0.999554
1777374228.629074 0.193882 0.011549 0.301486 -0.000519 -0.007530 0.036649 0.999300
1777374228.686401 0.221337 0.014577 0.300981 -0.003110 -0.006172 0.039368 0.999201
1777374228.739923 0.246001 0.016002 0.304582 -0.009033 -0.003897 0.031370 0.999460
1777374228.791615 0.271126 0.018737 0.310005 -0.009655 -0.002537 0.029923 0.999502
1777374228.860109 0.293747 0.019806 0.312083 -0.005915 0.000199 0.026212 0.999639
1777374228.893843 0.321577 0.020465 0.311482 -0.005440 0.001532 0.020106 0.999782
1777374228.954757 0.351986 0.020597 0.309921 -0.002233 0.001102 0.014120 0.999897
1777374229.000187 0.382255 0.019084 0.308090 0.003160 0.004092 0.007766 0.999956
1777374229.114231 0.411896 0.020149 0.306345 -0.009558 -0.002347 -0.001032 0.999951
1777374229.175060 0.434776 0.017385 0.309784 0.001162 -0.001406 -0.007332 0.999972
1777374229.176111 0.459227 0.015432 0.312081 0.007154 -0.002862 -0.016371 0.999836
1777374229.242776 0.486370 0.012944 0.311927 0.008497 -0.004463 -0.027593 0.999573
1777374229.265946 0.516714 0.008891 0.309963 0.008282 -0.007105 -0.038057 0.999216
1777374229.319343 0.545411 0.007025 0.307746 -0.004439 -0.002089 -0.047871 0.998842
1777374229.407480 0.576773 0.002837 0.312523 -0.005245 0.005263 -0.060166 0.998161
1777374229.425400 0.600981 0.002762 0.317231 -0.007219 0.003154 -0.070430 0.997486
1777374229.521612 0.626836 -0.000231 0.316763 -0.007248 0.001019 -0.080085 0.996761
1777374229.541562 0.659115 -0.003925 0.314419 -0.006380 -0.000664 -0.091017 0.995829
1777374229.591673 0.687348 -0.008996 0.311464 -0.002556 -0.001750 -0.099431 0.995040
1777374229.668603 0.715527 -0.016233 0.308004 0.001998 0.002203 -0.108460 0.994096
1777374229.696203 0.741071 -0.023952 0.303896 -0.006244 -0.002643 -0.117950 0.992996
1777374229.792626 0.757862 -0.029359 0.308418 -0.002184 -0.003143 -0.127499 0.991831
1777374229.808333 0.777135 -0.034839 0.309897 0.002452 -0.002867 -0.138817 0.990311
1777374229.856853 0.792602 -0.038718 0.310346 0.000078 -0.001218 -0.146778 0.989169
1777374229.906394 0.817305 -0.044520 0.309427 -0.008656 0.005179 -0.159360 0.987169
1777374229.958511 0.831605 -0.048885 0.310159 -0.005590 0.000063 -0.169445 0.985524
1777374230.042636 0.845535 -0.050564 0.309508 -0.007709 -0.004021 -0.180976 0.983449
1777374230.066385 0.856094 -0.053385 0.311773 -0.012241 -0.001585 -0.191310 0.981452
1777374230.208535 0.862831 -0.056149 0.312195 -0.012785 0.001440 -0.199786 0.979755
1777374230.215353 0.863283 -0.058691 0.312336 -0.014251 0.006435 -0.209464 0.977691
1777374230.231578 0.863326 -0.064472 0.311965 -0.009022 0.011882 -0.219310 0.975541
1777374230.301658 0.859523 -0.070706 0.310950 -0.007648 0.015760 -0.230965 0.972805
1777374230.334560 0.854078 -0.075619 0.311096 -0.011076 0.015864 -0.239607 0.970677
1777374230.397168 0.848829 -0.077933 0.310639 -0.012209 0.015174 -0.247567 0.968675
1777374230.443860 0.840492 -0.081602 0.310015 -0.011200 0.013077 -0.258931 0.965742
1777374230.499448 0.834057 -0.083274 0.310611 -0.008060 0.008429 -0.269427 0.962950
1777374230.550693 0.829368 -0.083868 0.311442 -0.008624 0.009757 -0.278824 0.960254
1777374230.600240 0.824082 -0.088789 0.311503 -0.011908 0.008773 -0.289760 0.956985
1777374230.658238 0.817239 -0.095687 0.311332 -0.013394 0.006389 -0.299359 0.954025
1777374230.709852 0.808637 -0.102720 0.310389 -0.011237 0.001431 -0.308007 0.951317
1777374230.769857 0.805136 -0.112329 0.310963 -0.011903 0.001520 -0.317765 0.948094
1777374230.822317 0.799371 -0.120249 0.314222 -0.012990 0.006367 -0.322358 0.946507
1777374230.868765 0.797008 -0.128408 0.314538 -0.009321 0.013743 -0.318976 0.947618
1777374230.930785 0.795393 -0.136867 0.313324 -0.006693 0.019039 -0.314478 0.949050
1777374231.008832 0.796093 -0.142909 0.313331 -0.009841 0.021472 -0.304578 0.952195
1777374231.024714 0.798386 -0.146910 0.312820 -0.015912 0.021534 -0.295576 0.954944
1777374231.079122 0.801097 -0.150871 0.310887 -0.019421 0.017399 -0.290065 0.956652
1777374231.127070 0.805100 -0.155165 0.309963 -0.017466 0.016313 -0.282928 0.958843
1777374231.193209 0.808131 -0.159806 0.308754 -0.017281 0.014689 -0.275088 0.961151
1777374231.230595 0.812531 -0.166262 0.307239 -0.016674 0.012813 -0.267406 0.963354
1777374231.287449 0.816870 -0.174012 0.305034 -0.014296 0.012376 -0.259051 0.965679
1777374231.344635 0.818250 -0.180855 0.305303 -0.006998 0.016558 -0.250217 0.968023
1777374231.396223 0.817984 -0.185846 0.305167 -0.004059 0.018034 -0.240976 0.970355
1777374231.463428 0.818157 -0.188187 0.304791 0.000749 0.017077 -0.232821 0.972369
1777374231.503068 0.815854 -0.189544 0.306031 0.006291 0.016447 -0.224960 0.974209
1777374231.553329 0.812933 -0.190750 0.306716 0.007660 0.014758 -0.217000 0.976030
1777374231.607949 0.812258 -0.191539 0.306598 0.006965 0.014815 -0.209267 0.977722
1777374231.661811 0.813515 -0.192893 0.305832 0.006129 0.015880 -0.201697 0.979300
1777374231.740625 0.813567 -0.193946 0.305916 0.009368 0.017894 -0.192473 0.981094
1777374231.766227 0.812558 -0.195784 0.307854 0.010343 0.020936 -0.185253 0.982414
1777374231.829708 0.811582 -0.197599 0.307657 0.007148 0.022473 -0.173541 0.984544
1777374231.873027 0.809350 -0.200346 0.307016 0.003355 0.018946 -0.164581 0.986176
1777374231.921741 0.808043 -0.204813 0.306894 0.003703 0.015490 -0.165306 0.986114
1777374231.983995 0.805060 -0.210226 0.306205 0.011288 0.005052 -0.169242 0.985497
1777374232.034047 0.805009 -0.215515 0.307456 0.006428 0.007724 -0.175885 0.984360
1777374232.089966 0.806319 -0.221962 0.307794 0.001738 0.006176 -0.182747 0.983139
1777374232.139088 0.810094 -0.229015 0.309526 0.001829 0.005535 -0.190816 0.981609
1777374232.198500 0.812562 -0.234424 0.309398 -0.000494 0.009393 -0.198804 0.979994
1777374232.246676 0.820375 -0.243627 0.307618 0.000352 0.011053 -0.206325 0.978421
1777374232.301546 0.830670 -0.255553 0.305172 0.005976 0.014412 -0.213411 0.976838
1777374232.393641 0.842480 -0.264020 0.302308 -0.003430 0.010110 -0.221021 0.975211
1777374232.403105 0.856671 -0.272570 0.300096 -0.007634 0.003087 -0.231573 0.972783
1777374232.474756 0.869937 -0.280241 0.301658 -0.007005 0.004555 -0.239464 0.970869
1777374232.517579 0.879660 -0.287519 0.302993 -0.002118 0.000518 -0.249024 0.968495
1777374232.563225 0.892607 -0.296836 0.303917 -0.002370 0.000434 -0.259794 0.965661
1777374232.639484 0.905760 -0.306255 0.304209 -0.008586 0.000551 -0.270824 0.962590
1777374232.672189 0.922406 -0.318896 0.302263 -0.012772 0.000274 -0.281550 0.959462
1777374232.727811 0.936347 -0.328936 0.302294 -0.012758 -0.003968 -0.290202 0.956872
1777374232.789668 0.957120 -0.343394 0.309062 -0.019596 -0.000583 -0.302793 0.952855
1777374232.828564 0.972577 -0.353389 0.311280 -0.016821 0.002848 -0.310680 0.950361
1777374232.883652 0.987196 -0.365607 0.311375 -0.014497 0.003067 -0.321364 0.946840
1777374232.938220 1.006272 -0.380178 0.310275 -0.011841 0.002557 -0.327305 0.944841
1777374233.000942 1.027832 -0.396700 0.308849 -0.009187 0.003685 -0.323357 0.946225
1777374233.047524 1.049991 -0.415301 0.307383 -0.002563 0.006644 -0.315038 0.949052
1777374233.101602 1.072002 -0.429283 0.305493 -0.012549 0.006547 -0.306942 0.951623
1777374233.153362 1.089067 -0.444596 0.307957 -0.002933 0.003186 -0.297965 0.954567
1777374233.201261 1.108930 -0.458712 0.308372 0.005014 0.001128 -0.291118 0.956674
1777374233.272845 1.131146 -0.472660 0.308682 0.002053 0.002698 -0.292817 0.956163
1777374233.312432 1.155848 -0.489414 0.308170 -0.003806 0.002467 -0.297468 0.954721
1777374233.364264 1.180380 -0.509710 0.306462 -0.002154 0.003755 -0.302634 0.953097
1777374233.429820 1.203933 -0.523786 0.313057 -0.013425 0.008481 -0.311820 0.950008
1777374233.472778 1.225742 -0.539061 0.316619 -0.008982 0.009176 -0.318232 0.947926
1777374233.521853 1.248184 -0.556372 0.316028 -0.009564 0.011759 -0.325111 0.945554
1777374233.583729 1.273354 -0.576477 0.314059 -0.007331 0.012314 -0.332106 0.943133
1777374233.630517 1.298331 -0.599872 0.311722 -0.000125 0.010607 -0.339108 0.940688
1777374233.681323 1.323242 -0.620246 0.307443 -0.008223 0.013316 -0.347254 0.937641
1777374233.735092 1.341117 -0.639652 0.310907 -0.003557 0.007701 -0.355074 0.934800
1777374233.826402 1.360337 -0.658342 0.316001 0.001683 0.003175 -0.364478 0.931205
1777374233.851014 1.381493 -0.681188 0.317415 0.012696 0.001428 -0.371354 0.928404
1777374233.942546 1.397048 -0.701549 0.317220 0.019804 -0.011286 -0.374579 0.926915
1777374233.959259 1.415505 -0.720059 0.317833 0.010511 -0.003736 -0.376999 0.926147
1777374234.003951 1.433302 -0.741559 0.304009 0.014802 -0.009684 -0.375199 0.926776
1777374234.059732 1.453414 -0.758772 0.290893 0.012738 -0.010993 -0.371580 0.928248
1777374234.130457 1.472859 -0.778976 0.297574 0.003771 -0.018905 -0.364206 0.931119
1777374234.180929 1.499137 -0.805180 0.302247 0.002645 -0.033198 -0.355433 0.934108
1777374234.227466 1.530797 -0.830123 0.302928 0.003146 -0.034782 -0.349290 0.936363
1777374234.281983 1.550657 -0.853176 0.286378 -0.018810 -0.040236 -0.344393 0.937775
1777374234.373212 1.575458 -0.871736 0.305034 -0.009772 -0.038726 -0.336535 0.940824
1777374234.388524 1.598778 -0.888243 0.312132 -0.021576 -0.042156 -0.328690 0.943250
1777374234.447623 1.628083 -0.906215 0.316232 -0.038314 -0.038232 -0.317985 0.946550
1777374234.504892 1.651718 -0.926240 0.302538 -0.034162 -0.033232 -0.307293 0.950421
1777374234.554729 1.672050 -0.933394 0.298624 -0.048781 -0.022642 -0.309705 0.949310
1777374234.599841 1.690949 -0.946328 0.301861 -0.053044 -0.014362 -0.313134 0.948118
1777374234.653856 1.700395 -0.955938 0.304599 -0.050294 -0.009553 -0.318182 0.946646
1777374234.706303 1.707374 -0.958712 0.298837 -0.047297 -0.009646 -0.324817 0.944545
1777374234.761480 1.715104 -0.961460 0.297231 -0.048233 -0.012723 -0.332155 0.941905
1777374234.852485 1.724100 -0.967178 0.297962 -0.039260 -0.013363 -0.340410 0.939362
1777374234.864457 1.729748 -0.969694 0.299002 -0.031691 -0.014487 -0.345487 0.937776
1777374234.916541 1.735023 -0.975903 0.299159 -0.017309 -0.007237 -0.351376 0.936046
1777374235.021867 1.737923 -0.978903 0.297842 -0.012955 -0.003033 -0.358310 0.933508
1777374235.031459 1.738274 -0.977015 0.297630 -0.013784 -0.001816 -0.358895 0.933275
1777374235.084982 1.736853 -0.974721 0.297129 -0.011964 -0.002087 -0.369885 0.928998
1777374235.130194 1.734603 -0.971503 0.297521 -0.010573 -0.001493 -0.376272 0.926448
1777374235.185982 1.731499 -0.967864 0.300309 -0.008333 0.003054 -0.380596 0.924699
1777374235.263628 1.728329 -0.964709 0.303949 -0.002999 0.010539 -0.390376 0.920590
1777374235.288346 1.724010 -0.960529 0.306327 0.005248 0.012490 -0.400275 0.916295
1777374235.347039 1.721569 -0.954548 0.306120 0.008111 0.012675 -0.411256 0.911396
1777374235.404608 1.718068 -0.947976 0.304553 0.003813 0.020439 -0.419264 0.907626
1777374235.456258 1.716076 -0.941552 0.306999 0.001051 0.019318 -0.428907 0.903141
1777374235.504062 1.715010 -0.938844 0.309529 0.000650 0.021818 -0.434980 0.900175
1777374235.563269 1.711867 -0.932155 0.311235 0.001805 0.022050 -0.431176 0.901997
1777374235.618138 1.707743 -0.925023 0.312162 -0.000790 0.022942 -0.424298 0.905232
1777374235.669017 1.702922 -0.918229 0.312063 -0.004846 0.021670 -0.417657 0.908333
1777374235.722047 1.697236 -0.910004 0.311489 -0.010632 0.020233 -0.412907 0.910486
1777374235.811716 1.690742 -0.901584 0.309497 -0.007729 0.019238 -0.405303 0.913947
1777374235.828076 1.685339 -0.896265 0.307710 -0.005658 0.017080 -0.402462 0.915260
1777374235.884991 1.680794 -0.891127 0.306824 -0.004163 0.016273 -0.406376 0.913552
1777374235.939911 1.678016 -0.887609 0.307244 -0.001486 0.017001 -0.408975 0.912386
1777374235.991596 1.674307 -0.882479 0.308042 0.001051 0.017036 -0.413338 0.910418
1777374236.047136 1.670626 -0.876429 0.307967 0.002538 0.017108 -0.418614 0.907999
1777374236.099132 1.665391 -0.869521 0.307665 0.004475 0.015560 -0.423910 0.905560
1777374236.154812 1.657642 -0.862219 0.305733 0.008859 0.006213 -0.428142 0.903647
1777374236.204464 1.650558 -0.858476 0.298927 0.009050 -0.011513 -0.432020 0.901745
1777374236.262944 1.648389 -0.856836 0.306754 -0.002796 -0.010947 -0.436753 0.899511
1777374236.323283 1.647352 -0.854768 0.319865 -0.005302 -0.012187 -0.443418 0.896217
1777374236.363266 1.649836 -0.853379 0.304819 -0.008060 -0.013552 -0.440091 0.897815
1777374236.420830 1.651019 -0.853025 0.298226 -0.006215 -0.014976 -0.432452 0.901511
1777374236.471844 1.651967 -0.852043 0.295428 -0.004871 -0.015330 -0.425119 0.904995
1777374236.527435 1.651775 -0.851755 0.293718 -0.002918 -0.017444 -0.418369 0.908105
1777374236.581110 1.650288 -0.851709 0.292679 -0.000460 -0.019460 -0.410665 0.911578
1777374236.631104 1.648557 -0.852101 0.291733 0.001041 -0.021264 -0.404385 0.914341
1777374236.684250 1.648032 -0.851672 0.291650 0.001445 -0.021709 -0.404237 0.914395
1777374236.762150 1.648528 -0.851201 0.291592 0.000830 -0.021376 -0.407020 0.913169
1777374236.792529 1.648599 -0.851180 0.291605 0.000494 -0.021134 -0.408821 0.912370
1777374236.843515 1.648374 -0.850894 0.291604 0.000202 -0.021088 -0.410660 0.911545
1777374236.905724 1.648106 -0.850400 0.291564 -0.000802 -0.020724 -0.413031 0.910481
1777374236.951342 1.647979 -0.849616 0.291338 -0.002776 -0.020258 -0.415889 0.909185
1777374237.009004 1.648167 -0.848660 0.291326 -0.004092 -0.019724 -0.419108 0.907713
1777374237.058251 1.648235 -0.847757 0.298746 -0.005278 -0.019325 -0.421890 0.906426
1777374237.110337 1.648035 -0.846788 0.310032 -0.006452 -0.018908 -0.424950 0.904997
1777374237.163680 1.647572 -0.845843 0.312738 -0.007871 -0.018396 -0.427854 0.903627
1777374237.226540 1.647091 -0.844931 0.313381 -0.008949 -0.017943 -0.430423 0.902404
1777374237.269224 1.646398 -0.843976 0.319193 -0.009952 -0.017401 -0.433182 0.901084
1777374237.323785 1.645654 -0.842969 0.323699 -0.011623 -0.016754 -0.436141 0.899647
1777374237.376974 1.644525 -0.842303 0.325313 -0.012583 -0.016462 -0.438986 0.898255
1777374237.435879 1.644181 -0.841336 0.325931 -0.012754 -0.016525 -0.435620 0.899889
1777374237.490728 1.643686 -0.840789 0.326355 -0.010591 -0.017563 -0.431337 0.901958
1777374237.534886 1.643708 -0.840563 0.313592 -0.008142 -0.018469 -0.427747 0.903673
1777374237.589427 1.644239 -0.840394 0.297396 -0.006979 -0.019677 -0.422929 0.905922
1777374237.650615 1.644080 -0.840622 0.291525 -0.005518 -0.021220 -0.416700 0.908780
1777374237.731357 1.643006 -0.841595 0.289125 -0.003449 -0.024040 -0.411506 0.911083
1777374237.756496 1.643164 -0.841687 0.299366 -0.004223 -0.024639 -0.412378 0.910670
1777374237.807081 1.644405 -0.839682 0.295103 -0.005593 -0.026518 -0.417557 0.908247
1777374237.858203 1.644367 -0.840013 0.289637 -0.005397 -0.026882 -0.419427 0.907375
1777374237.906884 1.644061 -0.839629 0.287664 -0.005338 -0.026980 -0.422480 0.905955
1777374237.960330 1.643615 -0.839594 0.300701 -0.006345 -0.026691 -0.426258 0.904185
1777374238.013742 1.643246 -0.839668 0.307109 -0.007594 -0.026297 -0.429471 0.902666
1777374238.065875 1.643166 -0.839597 0.308729 -0.008486 -0.026107 -0.432346 0.901290
1777374238.119705 1.643001 -0.839253 0.309234 -0.009144 -0.025978 -0.434883 0.900066
1777374238.174860 1.643828 -0.838290 0.308528 -0.009892 -0.025752 -0.433196 0.900877
1777374238.224710 1.642085 -0.839594 0.294723 -0.008366 -0.028210 -0.417097 0.908386
1777374238.283772 1.641492 -0.839962 0.299977 -0.006827 -0.033216 -0.399592 0.916066
1777374238.337451 1.640884 -0.840384 0.306191 -0.004581 -0.038990 -0.379526 0.924348
1777374238.385629 1.641330 -0.840438 0.307480 -0.002450 -0.043796 -0.357956 0.932708
1777374238.438931 1.643904 -0.840221 0.303924 -0.004941 -0.048491 -0.333936 0.941335
1777374238.495273 1.645336 -0.841362 0.292446 -0.010308 -0.056244 -0.306897 0.950024
1777374238.547905 1.644801 -0.841769 0.301085 -0.005244 -0.061889 -0.278557 0.958409
1777374238.597085 1.644884 -0.842777 0.306924 -0.002804 -0.066075 -0.249264 0.966175
1777374238.652194 1.644399 -0.842102 0.308090 0.003942 -0.067512 -0.218955 0.973389
1777374238.706596 1.644226 -0.842857 0.310979 0.001124 -0.058583 -0.188051 0.980410
1777374238.760481 1.643597 -0.843712 0.309285 0.005592 -0.049836 -0.148992 0.987566
1777374238.811069 1.644229 -0.839641 0.305396 0.006602 -0.038617 -0.116917 0.992369
1777374238.868754 1.642806 -0.835968 0.292726 0.005430 -0.034465 -0.088988 0.995422
1777374238.925910 1.645081 -0.832235 0.291647 0.001432 -0.032448 -0.058587 0.997754
1777374238.973078 1.646693 -0.833599 0.294067 0.008113 -0.024814 -0.021270 0.999433
1777374239.028559 1.648776 -0.831109 0.296253 0.014501 -0.015865 0.013290 0.999681
1777374239.084707 1.649199 -0.830854 0.298330 0.010074 -0.015364 0.042430 0.998930
1777374239.147658 1.648711 -0.828955 0.295596 0.006728 -0.019363 0.065517 0.997641
1777374239.192113 1.646652 -0.826133 0.289979 0.004157 -0.030997 0.085766 0.995824
1777374239.291761 1.642308 -0.819834 0.305245 0.003041 -0.024616 0.105450 0.994115
1777374239.294382 1.639593 -0.811472 0.318526 -0.018653 -0.011971 0.127062 0.991647
1777374239.347978 1.637938 -0.811686 0.320601 -0.022403 -0.016813 0.146439 0.988823
1777374239.402851 1.640763 -0.813682 0.319741 -0.018181 -0.019942 0.166046 0.985749
1777374239.462567 1.642113 -0.817656 0.318124 -0.008584 -0.023311 0.182503 0.982892
1777374239.507073 1.644096 -0.823066 0.313291 -0.001534 -0.028591 0.197249 0.979935
1777374239.564180 1.644897 -0.826253 0.314157 -0.007200 -0.029155 0.205066 0.978287
1777374239.615006 1.644221 -0.826205 0.305506 -0.011798 -0.032611 0.212267 0.976596
1777374239.708928 1.645621 -0.823120 0.307448 -0.019510 -0.035497 0.225429 0.973417
1777374239.724705 1.647139 -0.820881 0.308505 -0.016462 -0.037921 0.240265 0.969827
1777374239.779104 1.652282 -0.815762 0.308257 -0.012860 -0.037360 0.253417 0.966550
1777374239.828966 1.660472 -0.808756 0.307922 -0.005487 -0.035479 0.267587 0.962865
1777374239.886772 1.668293 -0.801266 0.305916 -0.006767 -0.039952 0.279378 0.959326
1777374239.949167 1.676078 -0.793975 0.314511 -0.010370 -0.042729 0.288017 0.956615
1777374239.985847 1.683876 -0.789309 0.318990 -0.015461 -0.041537 0.297288 0.953759
1777374240.043195 1.691524 -0.783782 0.319239 -0.006991 -0.044288 0.311272 0.949263
1777374240.092151 1.701710 -0.775040 0.317571 0.004376 -0.046145 0.325089 0.944547
1777374240.152051 1.711427 -0.761424 0.300745 -0.012044 -0.040941 0.333716 0.941707
1777374240.198744 1.722560 -0.750528 0.290728 -0.009712 -0.045637 0.341566 0.938699
1777374240.255505 1.730051 -0.736813 0.289521 -0.007800 -0.048173 0.352900 0.934388
1777374240.308607 1.740305 -0.721199 0.289647 -0.010715 -0.056263 0.364083 0.929604
1777374240.361542 1.749277 -0.705133 0.287927 -0.012447 -0.066026 0.374485 0.924795
1777374240.412582 1.764138 -0.694397 0.285494 -0.004583 -0.055564 0.389854 0.919187
1777374240.469046 1.774869 -0.682603 0.283569 0.002695 -0.041621 0.402693 0.914384
1777374240.523248 1.780448 -0.676561 0.286729 0.001402 -0.039318 0.413572 0.909621
1777374240.575733 1.786717 -0.671534 0.293794 0.002991 -0.038388 0.425574 0.904104
1777374240.626024 1.793392 -0.667380 0.295360 0.003128 -0.035251 0.434899 0.899784
1777374240.679786 1.796645 -0.661089 0.296121 -0.001793 -0.034226 0.445849 0.894452
1777374240.733843 1.798168 -0.652968 0.295470 -0.006384 -0.030260 0.455814 0.889538
1777374240.794078 1.798641 -0.644972 0.294693 -0.012034 -0.027439 0.465519 0.884531
1777374240.839913 1.799656 -0.633286 0.294233 -0.021580 -0.020914 0.465525 0.884525
1777374240.893714 1.802252 -0.621407 0.294293 -0.039804 -0.014158 0.459967 0.886930
1777374240.952569 1.807433 -0.611409 0.311363 -0.038256 -0.007191 0.450908 0.891721
1777374240.998713 1.815991 -0.604080 0.309268 -0.037024 -0.003423 0.440066 0.897196
1777374241.052647 1.820879 -0.598484 0.311263 -0.037731 -0.001254 0.431620 0.901265
1777374241.107264 1.826503 -0.592026 0.313257 -0.040561 0.000433 0.423932 0.904785
1777374241.166621 1.830691 -0.586944 0.311712 -0.039801 0.002532 0.416017 0.908482
1777374241.219102 1.832562 -0.582743 0.309033 -0.040870 -0.002368 0.405821 0.913035
1777374241.266514 1.837918 -0.575443 0.305304 -0.042842 -0.009202 0.394284 0.917944
1777374241.322929 1.844154 -0.567408 0.300275 -0.045036 -0.015645 0.390813 0.919234
1777374241.374342 1.852014 -0.558574 0.297557 -0.042839 -0.008108 0.394535 0.917846
1777374241.425334 1.859818 -0.550107 0.273296 -0.047094 -0.013033 0.398468 0.915880
1777374241.482653 1.866368 -0.542368 0.259343 -0.050019 -0.015414 0.403870 0.913318
1777374241.526618 1.871241 -0.534716 0.252466 -0.051228 -0.014863 0.409582 0.910713
1777374241.582103 1.874244 -0.527623 0.273630 -0.051949 -0.014956 0.416207 0.907661
1777374241.644318 1.877866 -0.519571 0.281837 -0.049891 -0.011596 0.422599 0.904868
1777374241.689685 1.880055 -0.508102 0.282966 -0.058087 -0.011695 0.421080 0.905086
1777374241.744184 1.883582 -0.497171 0.285684 -0.057636 -0.009044 0.414866 0.908010
1777374241.805343 1.886633 -0.486406 0.299001 -0.060962 -0.012185 0.406373 0.911590
1777374241.849473 1.890629 -0.478628 0.305934 -0.060713 -0.011864 0.398943 0.914886
1777374241.906205 1.891594 -0.475115 0.298237 -0.068083 -0.009299 0.389813 0.918327
1777374241.955815 1.890518 -0.474718 0.289903 -0.064768 -0.015396 0.381047 0.922156
1777374242.017881 1.891881 -0.470563 0.284993 -0.061769 -0.022147 0.371298 0.926192
1777374242.059575 1.895007 -0.464560 0.292082 -0.052489 -0.016040 0.366712 0.928714
1777374242.136419 1.898142 -0.457167 0.287402 -0.054516 -0.020584 0.365731 0.928895
1777374242.168720 1.904151 -0.448437 0.285165 -0.054724 -0.023917 0.368824 0.927579
1777374242.223757 1.910496 -0.438912 0.281071 -0.056553 -0.024066 0.371602 0.926356
1777374242.271337 1.916933 -0.429401 0.275436 -0.058625 -0.022728 0.375602 0.924646
1777374242.326425 1.921958 -0.421172 0.280136 -0.062423 -0.021068 0.380402 0.922472
1777374242.379810 1.924471 -0.417154 0.282027 -0.060066 -0.018877 0.386850 0.919991
1777374242.429158 1.930104 -0.406830 0.282159 -0.059464 -0.014149 0.394823 0.916722
1777374242.494606 1.937098 -0.395637 0.281128 -0.052995 -0.008673 0.400503 0.914721
1777374242.537905 1.941207 -0.382753 0.275131 -0.059900 -0.020318 0.396443 0.915878
1777374242.591327 1.950772 -0.370416 0.270937 -0.045521 -0.023405 0.394326 0.917544
1777374242.644853 1.958258 -0.361536 0.280289 -0.036518 -0.028502 0.389648 0.919798
1777374242.705337 1.968598 -0.351864 0.284108 -0.019058 -0.030345 0.383382 0.922894
1777374242.753329 1.981394 -0.338599 0.285901 -0.008880 -0.033337 0.375160 0.926318
1777374242.802837 1.997665 -0.323852 0.286463 -0.007376 -0.036474 0.365490 0.930071
1777374242.857802 2.015167 -0.306593 0.287751 -0.015506 -0.037927 0.356568 0.933370
1777374242.910143 2.034644 -0.289704 0.288734 -0.024008 -0.033873 0.348280 0.936471
1777374242.974893 2.049145 -0.269788 0.299821 -0.042798 -0.032074 0.338161 0.939567
1777374243.015341 2.062988 -0.256130 0.300115 -0.046794 -0.022572 0.339169 0.939290
1777374243.070427 2.078177 -0.241691 0.298856 -0.050592 -0.019205 0.342009 0.938137
1777374243.126642 2.093166 -0.225384 0.296891 -0.052040 -0.014835 0.345803 0.936745
1777374243.179667 2.105425 -0.211137 0.294721 -0.050666 -0.010584 0.351187 0.934874
1777374243.230165 2.117460 -0.196176 0.291044 -0.047292 -0.004324 0.359091 0.932094
1777374243.283754 2.126054 -0.181007 0.282324 -0.055310 -0.011677 0.366012 0.928892
1777374243.336895 2.136049 -0.166573 0.271418 -0.054485 -0.012897 0.373261 0.926035
1777374243.391671 2.139370 -0.157320 0.279449 -0.061695 -0.011157 0.376642 0.924235
1777374243.451424 2.143886 -0.145903 0.281758 -0.060764 -0.004671 0.374422 0.925253
1777374243.496201 2.145128 -0.133026 0.281174 -0.068327 -0.000922 0.369025 0.926904
1777374243.553892 2.148680 -0.123382 0.286545 -0.064188 0.005498 0.362997 0.929560
1777374243.603088 2.152021 -0.115135 0.306978 -0.062331 0.002209 0.354313 0.933045
1777374243.657174 2.155482 -0.109503 0.298465 -0.063102 -0.000522 0.347258 0.935644
1777374243.710347 2.159773 -0.105597 0.290192 -0.060696 -0.006246 0.341525 0.937890
1777374243.766595 2.164283 -0.101308 0.286099 -0.059174 -0.014623 0.335147 0.940192
1777374243.818703 2.167811 -0.097535 0.276988 -0.060978 -0.019253 0.325496 0.943379
1777374243.873262 2.174270 -0.090992 0.282767 -0.064581 -0.024288 0.315412 0.946443
1777374243.923395 2.180330 -0.084683 0.277829 -0.070466 -0.026479 0.305573 0.949188
1777374243.979928 2.185751 -0.081775 0.276600 -0.072306 -0.022625 0.297546 0.951697
1777374244.036484 2.194073 -0.078644 0.275257 -0.064806 -0.014722 0.287083 0.955598
1777374244.087932 2.204118 -0.072597 0.274404 -0.060747 -0.010410 0.279868 0.958058
1777374244.137852 2.211803 -0.064574 0.272918 -0.061384 -0.018466 0.280807 0.957621
1777374244.193515 2.219884 -0.058803 0.276355 -0.057719 -0.019835 0.285834 0.956334
1777374244.247327 2.229363 -0.052062 0.273667 -0.054119 -0.024552 0.289299 0.955392
1777374244.297234 2.235960 -0.046877 0.273615 -0.051896 -0.026424 0.293856 0.954074
1777374244.350086 2.244659 -0.041267 0.273133 -0.043059 -0.025945 0.300375 0.952496
1777374244.404136 2.253547 -0.031660 0.272476 -0.042138 -0.027699 0.305539 0.950843
1777374244.465062 2.263977 -0.020084 0.270676 -0.050290 -0.025337 0.311650 0.948527
1777374244.510863 2.275616 -0.009590 0.278744 -0.047887 -0.023655 0.318388 0.946455
1777374244.563797 2.287512 0.001325 0.294829 -0.056546 -0.025989 0.324727 0.943758
1777374244.616901 2.297507 0.009405 0.305616 -0.065688 -0.024312 0.330291 0.941277
1777374244.671667 2.308262 0.014418 0.293283 -0.063740 -0.018360 0.339670 0.938203
1777374244.723692 2.315191 0.020515 0.290361 -0.062010 -0.011809 0.350124 0.934574
1777374244.783298 2.322421 0.028289 0.288938 -0.067708 -0.015646 0.358087 0.931099
1777374244.831273 2.329746 0.038207 0.286639 -0.070675 -0.021838 0.365604 0.927827
1777374244.885190 2.340496 0.044234 0.298371 -0.060828 -0.009269 0.377376 0.924014
1777374244.936821 2.345227 0.053104 0.290440 -0.065054 -0.015826 0.385762 0.920166
1777374244.989720 2.349914 0.057947 0.293671 -0.062909 -0.016562 0.394997 0.916376
1777374245.043789 2.355460 0.063787 0.289218 -0.060246 -0.018619 0.395146 0.916452
1777374245.096683 2.360946 0.067507 0.286324 -0.056508 -0.020010 0.393551 0.917346
1777374245.149364 2.366492 0.070861 0.286400 -0.054267 -0.022373 0.388925 0.919397
1777374245.206389 2.372590 0.074475 0.287568 -0.046557 -0.022724 0.383181 0.922219
1777374245.256448 2.378208 0.079962 0.288810 -0.037679 -0.024106 0.376153 0.925477
1777374245.313136 2.387147 0.089960 0.287848 -0.038038 -0.026165 0.367837 0.928743
1777374245.363347 2.395305 0.100491 0.285852 -0.050745 -0.027372 0.369231 0.927548
1777374245.415321 2.402209 0.109982 0.294393 -0.050915 -0.033857 0.373587 0.925578
1777374245.472086 2.410054 0.118992 0.297099 -0.051329 -0.035041 0.377440 0.923946
1777374245.523520 2.416942 0.128567 0.301613 -0.056074 -0.033153 0.380607 0.922440
1777374245.581557 2.421346 0.134529 0.292691 -0.059332 -0.034033 0.386415 0.919785
1777374245.633086 2.424982 0.138689 0.290330 -0.058278 -0.030694 0.392213 0.917513
1777374245.693854 2.431479 0.146687 0.289539 -0.056571 -0.024417 0.400392 0.914270
1777374245.737307 2.434955 0.151958 0.289340 -0.055874 -0.022181 0.406796 0.911539
1777374245.792688 2.437633 0.158340 0.288801 -0.057186 -0.022039 0.413445 0.908464
1777374245.844026 2.438809 0.163753 0.292755 -0.060310 -0.024315 0.419892 0.905242
1777374245.898109 2.440527 0.168922 0.306620 -0.062441 -0.026489 0.425749 0.902296
1777374245.946487 2.442042 0.174182 0.314412 -0.064485 -0.028036 0.431315 0.899457
1777374246.002394 2.443589 0.178944 0.318059 -0.066940 -0.029860 0.438203 0.895883
1777374246.058816 2.443393 0.181520 0.319626 -0.068696 -0.030873 0.445916 0.891901
1777374246.111517 2.442913 0.183998 0.320567 -0.068891 -0.029722 0.454039 0.887817
1777374246.159359 2.441458 0.184681 0.320549 -0.068050 -0.029666 0.462120 0.883705
1777374246.216671 2.439859 0.184345 0.320200 -0.067588 -0.030483 0.470005 0.879544
1777374246.318020 2.439179 0.183757 0.319517 -0.067523 -0.031093 0.477521 0.875470
1777374246.326697 2.438854 0.183132 0.319002 -0.068197 -0.031092 0.485215 0.871177
1777374246.376745 2.438312 0.182793 0.318314 -0.067609 -0.029996 0.492874 0.866952
1777374246.432130 2.438927 0.181979 0.293254 -0.067424 -0.027598 0.500469 0.862684
1777374246.479887 2.441295 0.181412 0.302284 -0.060245 -0.019267 0.508937 0.858477
1777374246.532539 2.440714 0.181092 0.306336 -0.042481 -0.011448 0.509061 0.859605
1777374246.591781 2.438586 0.182619 0.308592 -0.042600 -0.013020 0.504557 0.862229
1777374246.641306 2.438093 0.184904 0.309485 -0.045917 -0.013003 0.498248 0.865721
1777374246.698319 2.439936 0.186895 0.310453 -0.052129 -0.010967 0.489781 0.870216
1777374246.751760 2.440329 0.183563 0.311117 -0.044146 -0.007735 0.484220 0.873798
1777374246.800840 2.436799 0.188301 0.310490 -0.036657 -0.007226 0.476967 0.878127
1777374246.859011 2.431438 0.194579 0.308531 -0.043377 -0.008732 0.468217 0.882505
1777374246.905419 2.426502 0.196431 0.307956 -0.042324 -0.011498 0.461069 0.886280
1777374246.969395 2.422997 0.197193 0.309707 -0.047553 -0.010556 0.455118 0.889098
1777374247.012275 2.421251 0.197317 0.310564 -0.049850 -0.010432 0.448898 0.892130
1777374247.083498 2.420893 0.196502 0.310932 -0.052719 -0.010703 0.443139 0.894838
1777374247.127808 2.421096 0.195227 0.311363 -0.055853 -0.011026 0.437488 0.897420
1777374247.175711 2.420475 0.194084 0.311784 -0.057910 -0.011233 0.432351 0.899774
1777374247.227348 2.421239 0.192127 0.299751 -0.057460 -0.010088 0.435084 0.898498
1777374247.283030 2.421582 0.190930 0.290770 -0.056197 -0.008304 0.440284 0.896060
1777374247.351428 2.420299 0.190286 0.288674 -0.056013 -0.007782 0.444407 0.894038
1777374247.460118 2.419642 0.189439 0.288632 -0.055982 -0.006491 0.452266 0.890101
1777374247.463026 2.420197 0.187746 0.289567 -0.057196 -0.005044 0.462834 0.884583
1777374247.511642 2.421556 0.185894 0.291044 -0.056662 -0.002431 0.474080 0.878654
1777374247.554527 2.422433 0.184104 0.292570 -0.055299 -0.000220 0.485354 0.872567
1777374247.627483 2.421723 0.183805 0.293111 -0.055044 0.000639 0.496464 0.866310
1777374247.656939 2.419207 0.185006 0.293200 -0.054974 0.002049 0.507482 0.859904
1777374247.732847 2.416645 0.187110 0.288584 -0.055412 0.002645 0.519788 0.852493
1777374247.762606 2.413378 0.189542 0.284779 -0.056765 0.002141 0.530958 0.845492
1777374247.818464 2.411318 0.191402 0.283000 -0.056335 0.002574 0.543523 0.837498
1777374247.870833 2.410049 0.192680 0.282699 -0.055926 0.002988 0.557878 0.828031
1777374247.924006 2.409672 0.193582 0.283188 -0.055358 0.004475 0.570744 0.819248
1777374247.997300 2.409462 0.194414 0.283571 -0.055229 0.005062 0.584147 0.809751
1777374248.027987 2.409955 0.195019 0.284057 -0.054824 0.006532 0.598182 0.799456
1777374248.080283 2.409657 0.195584 0.284136 -0.053933 0.009422 0.609030 0.791256
1777374248.141556 2.407899 0.196945 0.284209 -0.054714 0.009233 0.622230 0.780865
1777374248.191304 2.406044 0.198626 0.284085 -0.053379 0.010423 0.633129 0.772133
1777374248.279400 2.403316 0.200080 0.283842 -0.052836 0.012118 0.642999 0.763946
1777374248.297499 2.401778 0.201843 0.301866 -0.052982 0.011621 0.652239 0.756070
1777374248.350400 2.400212 0.203119 0.314785 -0.053390 0.009638 0.661704 0.747800
1777374248.414600 2.399101 0.203905 0.319049 -0.051599 0.009032 0.669890 0.740610
1777374248.461937 2.398487 0.204531 0.320527 -0.050181 0.009729 0.677687 0.733571
1777374248.520537 2.398020 0.205055 0.299486 -0.050018 0.009591 0.687100 0.724776
1777374248.571009 2.396760 0.205246 0.289647 -0.050311 0.007706 0.698671 0.713630
1777374248.629720 2.394523 0.205443 0.285765 -0.051849 0.006126 0.711778 0.700462
1777374248.677180 2.391637 0.206070 0.292824 -0.053532 0.006902 0.724337 0.687331
1777374248.734900 2.389463 0.208061 0.305031 -0.057718 0.007909 0.736863 0.673527
1777374248.825881 2.392202 0.209842 0.311738 -0.059432 0.011420 0.748756 0.660077
1777374248.837194 2.396749 0.208595 0.313895 -0.053389 0.017509 0.765516 0.640959
1777374248.889330 2.394884 0.209738 0.310065 -0.034208 0.022594 0.781111 0.623045
1777374248.967055 2.388378 0.207680 0.298671 -0.038083 0.028880 0.795756 0.603728
1777374248.995920 2.386464 0.205885 0.290600 -0.039507 0.025750 0.806593 0.589224
1777374249.050043 2.382195 0.203735 0.288771 -0.042704 0.024776 0.818074 0.572990
1777374249.111532 2.379361 0.200583 0.288941 -0.042518 0.027001 0.826480 0.560708
1777374249.162682 2.377404 0.199631 0.290030 -0.042123 0.030143 0.834341 0.548809
1777374249.209253 2.375963 0.199967 0.291337 -0.044445 0.033538 0.841697 0.537072
1777374249.275413 2.372087 0.206046 0.292103 -0.044822 0.031571 0.848186 0.526853
1777374249.318483 2.367340 0.209799 0.288512 -0.040280 0.015672 0.855192 0.516506
1777374249.374774 2.360125 0.219007 0.285940 -0.037613 0.020781 0.861174 0.506491
1777374249.442417 2.351729 0.230961 0.291339 -0.036733 0.024408 0.866210 0.497731
1777374249.476675 2.341723 0.241259 0.283079 -0.047123 0.025622 0.870396 0.489423
1777374249.527173 2.333260 0.251314 0.279882 -0.056545 0.027215 0.874232 0.481436
1777374249.586913 2.316610 0.265946 0.277717 -0.069602 0.021483 0.873668 0.481038
1777374249.632232 2.304552 0.276189 0.280700 -0.070387 0.022218 0.869933 0.487615
1777374249.689696 2.292484 0.288345 0.294098 -0.064309 0.030460 0.864470 0.497622
1777374249.744771 2.286708 0.298445 0.294776 -0.043455 0.036955 0.861090 0.505242
1777374249.804585 2.274997 0.312448 0.302059 -0.046006 0.034635 0.856169 0.513478
1777374249.849678 2.265248 0.328290 0.305711 -0.034901 0.019682 0.852196 0.521687
1777374249.898817 2.254539 0.346069 0.308846 -0.023953 0.007474 0.847065 0.530897
1777374249.953693 2.243244 0.363022 0.307334 -0.015784 0.006537 0.842812 0.537937
1777374250.004972 2.234353 0.379891 0.309559 -0.009360 0.014102 0.838979 0.543901
1777374250.062394 2.223249 0.399465 0.311380 -0.004896 0.012990 0.832385 0.554025
1777374250.109845 2.210921 0.420717 0.312770 -0.012497 0.004686 0.825745 0.563886
1777374250.160095 2.201878 0.448138 0.311697 -0.014403 0.008021 0.819815 0.572391
1777374250.227345 2.189009 0.470969 0.309841 -0.011755 -0.001469 0.814263 0.580375
1777374250.275309 2.178731 0.491900 0.315790 -0.016865 -0.005575 0.808272 0.588541
1777374250.367888 2.168504 0.518978 0.316324 -0.015084 -0.008013 0.808492 0.588260
1777374250.376334 2.156993 0.547715 0.315024 -0.011389 -0.010905 0.811485 0.584161
1777374250.427567 2.146747 0.580157 0.313618 -0.006645 -0.007835 0.815692 0.578395
1777374250.479294 2.133669 0.607839 0.309352 -0.011804 -0.012082 0.819091 0.573415
1777374250.536366 2.128401 0.633738 0.311106 -0.002248 -0.006784 0.824787 0.565399
1777374250.586290 2.118793 0.658952 0.312818 0.003132 -0.002391 0.829542 0.558430
1777374250.638602 2.106387 0.686215 0.312456 0.004293 -0.003569 0.833442 0.552580
1777374250.687228 2.092872 0.716385 0.310866 0.004728 -0.006164 0.837723 0.546041
1777374250.744175 2.079143 0.744997 0.308441 -0.001396 -0.007311 0.842880 0.538050
1777374250.807391 2.062382 0.773226 0.309750 -0.008265 -0.008540 0.846729 0.531891
1777374250.869857 2.046416 0.798947 0.314242 -0.006208 -0.013876 0.853309 0.521184
1777374250.915047 2.029968 0.825151 0.314546 -0.004262 -0.018892 0.859053 0.511521
1777374251.006992 2.012491 0.852744 0.313716 -0.002549 -0.018442 0.864695 0.501953
1777374251.025752 1.996400 0.882353 0.310597 -0.003648 -0.009209 0.870523 0.492029
1777374251.124434 1.983133 0.904398 0.306298 -0.001962 -0.012400 0.876786 0.480718
1777374251.138397 1.972296 0.924096 0.309834 0.000917 -0.009366 0.882415 0.470378
1777374251.189636 1.958529 0.942356 0.310060 0.001028 -0.005112 0.887013 0.461716
1777374251.241681 1.941328 0.963757 0.309100 -0.001309 -0.009426 0.891917 0.452098
1777374251.293482 1.923770 0.983622 0.307272 -0.005847 -0.013755 0.896506 0.442780
1777374251.386214 1.905672 1.007794 0.305382 -0.002542 -0.011800 0.901488 0.432635
1777374251.401342 1.887101 1.024197 0.308355 -0.003724 -0.019082 0.905578 0.423734
1777374251.458779 1.870712 1.042087 0.313464 -0.003585 -0.015875 0.911347 0.411316
1777374251.516478 1.854391 1.059745 0.314506 -0.005280 -0.017743 0.916178 0.400345
1777374251.568607 1.833409 1.079663 0.314100 -0.003714 -0.017883 0.920865 0.389454
1777374251.643585 1.812695 1.100368 0.312366 -0.003141 -0.011580 0.925915 0.377542
1777374251.673776 1.791920 1.118217 0.306597 -0.004751 -0.016265 0.930326 0.366341
1777374251.721077 1.779185 1.133977 0.306132 -0.000317 -0.011299 0.935028 0.354393
1777374251.786837 1.762979 1.148704 0.307499 0.002561 -0.006673 0.939789 0.341680
1777374251.832933 1.744755 1.161748 0.307773 0.002440 -0.006123 0.943501 0.331304
1777374251.884203 1.725347 1.176166 0.307162 0.004236 -0.006941 0.947172 0.320622
1777374251.935090 1.704109 1.189803 0.305866 0.001804 -0.010735 0.950431 0.310747
1777374251.996135 1.681136 1.205653 0.304796 0.000858 -0.010064 0.953882 0.300011
1777374252.043577 1.659155 1.216331 0.306871 0.000291 -0.017589 0.956500 0.291201
1777374252.097618 1.639674 1.228254 0.311647 0.000417 -0.015138 0.960426 0.278125
1777374252.151749 1.618088 1.240301 0.313344 0.000507 -0.017269 0.963890 0.265739
1777374252.204098 1.593785 1.252457 0.313770 0.001121 -0.019587 0.966889 0.254441
1777374252.258492 1.567198 1.265963 0.312387 0.002733 -0.015462 0.969976 0.242691
1777374252.314680 1.541130 1.278192 0.308579 -0.000106 -0.010664 0.972784 0.231467
1777374252.365490 1.519977 1.291174 0.307676 0.003666 -0.010722 0.975594 0.219290
1777374252.415304 1.501050 1.301167 0.309361 0.005728 -0.008307 0.978055 0.208103
1777374252.470562 1.477693 1.309193 0.309183 0.005777 -0.005616 0.980206 0.197814
1777374252.567748 1.453075 1.318164 0.308035 0.007843 -0.007468 0.982226 0.187391
1777374252.581013 1.424872 1.327193 0.306358 0.006147 -0.011517 0.984022 0.177568
1777374252.628882 1.405614 1.331838 0.302618 0.004074 -0.010397 0.984769 0.173511
1777374252.700594 1.386369 1.334159 0.302183 0.003600 -0.012224 0.981159 0.192781
1777374252.753679 1.369021 1.338193 0.307913 -0.008157 -0.013158 0.975087 0.221281
1777374252.808752 1.362174 1.340572 0.306453 -0.014250 -0.019046 0.969663 0.243286
1777374252.868165 1.361037 1.340533 0.305727 -0.018439 -0.021709 0.963353 0.266722
1777374252.924505 1.360777 1.338010 0.306464 -0.019145 -0.021825 0.955850 0.292419
1777374252.967532 1.360880 1.335016 0.310279 -0.017899 -0.021597 0.947512 0.318487
1777374253.048850 1.361093 1.331645 0.311525 -0.017618 -0.023637 0.938055 0.345230
1777374253.081933 1.360863 1.328088 0.312058 -0.017802 -0.026272 0.927504 0.372464
1777374253.141515 1.360245 1.325867 0.312132 -0.018453 -0.031536 0.917304 0.396508
1777374253.190484 1.359075 1.323285 0.311405 -0.019344 -0.036144 0.907181 0.418739
1777374253.240326 1.358460 1.322203 0.310247 -0.019554 -0.038432 0.898850 0.436131
1777374253.296304 1.358642 1.321217 0.308989 -0.019411 -0.038170 0.890704 0.452562
1777374253.346200 1.359302 1.320156 0.308165 -0.017801 -0.034402 0.883442 0.466936
1777374253.402285 1.361214 1.317839 0.308507 -0.018938 -0.030491 0.877353 0.478502
1777374253.453194 1.364171 1.315957 0.308285 -0.017543 -0.023832 0.870614 0.491075
1777374253.506902 1.362775 1.311593 0.307027 -0.011095 -0.016263 0.863322 0.504270
1777374253.573125 1.360612 1.307200 0.305700 -0.010438 -0.013504 0.856438 0.515967
1777374253.610352 1.357922 1.304917 0.306843 -0.010631 -0.011142 0.851254 0.524529
1777374253.669906 1.352824 1.302459 0.307885 -0.014431 -0.009244 0.845324 0.533979
1777374253.720273 1.347807 1.302473 0.308684 -0.023719 -0.011610 0.837873 0.545226
1777374253.771235 1.345042 1.302197 0.310822 -0.019968 -0.009425 0.829448 0.558148
1777374253.881411 1.342353 1.303160 0.311430 -0.022284 -0.016319 0.816298 0.576971
1777374253.885191 1.339366 1.307618 0.312008 -0.027209 -0.022857 0.804549 0.592822
1777374253.936197 1.339786 1.310470 0.314331 -0.028381 -0.022514 0.792243 0.609129
1777374253.986770 1.343359 1.314049 0.315690 -0.025354 -0.009017 0.776490 0.629555
1777374254.036874 1.342983 1.320356 0.311820 -0.024664 0.000014 0.760689 0.648648
1777374254.150342 1.340328 1.327478 0.308588 -0.022729 -0.002907 0.746299 0.665216
1777374254.165024 1.337414 1.334352 0.310733 -0.016138 0.004449 0.733102 0.679913
1777374254.237622 1.336605 1.339166 0.312450 -0.010827 0.009538 0.718242 0.695644
1777374254.250029 1.336564 1.347505 0.312958 -0.008417 0.010842 0.703346 0.710715
1777374254.303766 1.338335 1.358359 0.313055 -0.006113 0.012247 0.689641 0.724022
1777374254.362990 1.339935 1.370551 0.312082 -0.012198 0.009781 0.677511 0.735346
1777374254.408582 1.343033 1.381496 0.310945 -0.016238 0.007377 0.665957 0.745777
1777374254.463284 1.343987 1.397554 0.312784 -0.020281 -0.000131 0.656215 0.754302
1777374254.517208 1.343509 1.409988 0.314451 -0.024068 -0.002948 0.648106 0.761164
1777374254.570628 1.343291 1.419200 0.315142 -0.021462 -0.004716 0.638063 0.769671
1777374254.625232 1.343037 1.432848 0.313367 -0.019565 -0.010027 0.627357 0.778421
1777374254.677030 1.343709 1.450728 0.309401 -0.019201 -0.019186 0.616774 0.786672
1777374254.755307 1.351066 1.466149 0.308502 -0.012274 -0.005453 0.612683 0.790215
1777374254.786545 1.356132 1.482767 0.306099 -0.009280 -0.002876 0.605734 0.795608
1777374254.866697 1.361432 1.496601 0.306124 -0.011252 -0.012397 0.597317 0.801831
1777374254.888453 1.367092 1.510054 0.304992 -0.006351 -0.014245 0.589279 0.807779
1777374254.945299 1.371845 1.524971 0.305717 -0.004227 -0.011021 0.581571 0.813410
1777374255.009302 1.378373 1.536332 0.307109 0.003443 -0.009084 0.572678 0.819723
1777374255.049845 1.385327 1.549770 0.307561 0.008374 -0.008585 0.561999 0.827051
1777374255.109875 1.395786 1.567181 0.307286 0.011712 -0.011823 0.551193 0.834212
1777374255.155445 1.406295 1.588409 0.305430 0.006000 -0.017200 0.540864 0.840913
1777374255.211646 1.419569 1.608905 0.308306 -0.001854 -0.009498 0.529475 0.848270
1777374255.303342 1.427969 1.630682 0.314391 -0.006541 -0.008372 0.521489 0.853192
1777374255.315199 1.437974 1.649777 0.315938 -0.006457 -0.007077 0.511678 0.859124
1777374255.373908 1.450409 1.674902 0.314030 -0.005105 -0.006199 0.501979 0.864842
1777374255.436674 1.464165 1.699430 0.311393 -0.003111 -0.004656 0.493425 0.869770
1777374255.484133 1.478803 1.721677 0.308963 0.000423 -0.001447 0.485945 0.873988
1777374255.554116 1.493921 1.745027 0.305130 -0.007442 -0.003820 0.477238 0.878734
1777374255.590224 1.510392 1.765275 0.306757 -0.001721 -0.004749 0.468030 0.883698
1777374255.645296 1.523114 1.780772 0.310331 0.003512 -0.003969 0.459508 0.888158
1777374255.705045 1.539274 1.800726 0.311810 0.007273 -0.001851 0.448816 0.893593
1777374255.748875 1.555467 1.818826 0.311059 0.008673 -0.003320 0.438806 0.898534
1777374255.803309 1.574179 1.839198 0.308955 0.006724 -0.005913 0.428789 0.903360
1777374255.848895 1.592853 1.859548 0.307216 -0.006866 -0.003424 0.418053 0.908390
1777374255.911676 1.611688 1.880975 0.313523 -0.008395 -0.002046 0.406318 0.913691
1777374256.028638 1.625361 1.897156 0.316500 -0.006296 -0.002163 0.397396 0.917623
1777374256.092654 1.644012 1.916141 0.315516 -0.004849 -0.001703 0.387707 0.921768
1777374256.096413 1.664610 1.937160 0.313598 -0.004428 -0.001133 0.377534 0.925985
1777374256.122808 1.685429 1.955471 0.310666 -0.000772 0.001663 0.369445 0.929251
1777374256.178177 1.706522 1.974350 0.307440 -0.004033 0.004451 0.360590 0.932705
1777374256.223365 1.729486 1.989922 0.303111 -0.007079 -0.004499 0.350755 0.936430
1777374256.291242 1.744431 2.001183 0.308578 -0.000575 -0.002591 0.341434 0.939902
1777374256.331708 1.764043 2.015405 0.311162 0.004618 -0.002056 0.330516 0.943787
1777374256.382602 1.784404 2.028917 0.311219 0.003657 -0.003910 0.318507 0.947906
1777374256.440833 1.807274 2.042488 0.309298 0.004818 -0.005792 0.307256 0.951597
1777374256.490547 1.830108 2.057779 0.306542 -0.008652 -0.004098 0.296206 0.955076
1777374256.596661 1.854208 2.073176 0.310853 -0.010417 -0.001016 0.282581 0.959186
1777374256.601057 1.869864 2.085942 0.315934 -0.011833 -0.000483 0.272472 0.962091
1777374256.648131 1.889222 2.099210 0.316373 -0.011172 -0.000497 0.261633 0.965103
1777374256.705267 1.911005 2.114486 0.314016 -0.011212 -0.003748 0.251023 0.967909
1777374256.797589 1.934182 2.128801 0.311240 -0.009177 -0.005346 0.241132 0.970434
1777374256.901517 1.958962 2.141511 0.308897 -0.005397 -0.005557 0.231896 0.972710
1777374256.914573 1.984272 2.153724 0.306316 -0.009297 -0.003625 0.222095 0.974974
1777374256.923508 2.007903 2.159988 0.305591 -0.007301 -0.005423 0.213874 0.976819
1777374256.988905 2.027631 2.165277 0.309103 0.000315 -0.009119 0.202952 0.979146
1777374257.020398 2.049517 2.172219 0.309668 0.007439 -0.009695 0.192246 0.981271
1777374257.102735 2.075707 2.178652 0.309365 0.011721 -0.014812 0.180440 0.983405
1777374257.129336 2.102769 2.185006 0.307571 0.015299 -0.018581 0.169729 0.985197
1777374257.202260 2.130885 2.194748 0.308854 -0.004426 -0.006543 0.154629 0.987941
1777374257.246936 2.156560 2.201367 0.313694 -0.001478 -0.001762 0.143918 0.989587
1777374257.289123 2.178028 2.209160 0.317262 -0.002566 -0.004715 0.133725 0.991004
1777374257.368889 2.205881 2.216294 0.316227 -0.002173 -0.005723 0.124039 0.992259
1777374257.396604 2.234806 2.224160 0.314821 -0.004315 -0.006916 0.122732 0.992406
1777374257.449881 2.266040 2.231317 0.312820 -0.003728 0.000512 0.129958 0.991512
1777374257.506538 2.297861 2.239705 0.306483 -0.014541 -0.000374 0.138583 0.990244
1777374257.554695 2.318295 2.242676 0.308132 -0.008296 0.001945 0.148306 0.988905
1777374257.613821 2.347642 2.251671 0.309301 -0.003387 0.003796 0.156200 0.987712
1777374257.666895 2.375952 2.262473 0.308222 -0.009803 0.004028 0.163575 0.986474
1777374257.722734 2.404501 2.274075 0.307026 -0.015737 0.001475 0.172352 0.984909
1777374257.766912 2.437800 2.283507 0.306878 -0.014161 0.002081 0.182622 0.983079
1777374257.838664 2.461810 2.296822 0.312343 -0.023811 0.002496 0.189511 0.981587
1777374257.879320 2.487676 2.307713 0.316034 -0.024691 0.001247 0.199354 0.979616
1777374257.932712 2.516493 2.320860 0.315202 -0.025750 0.000658 0.210049 0.977352
1777374258.010116 2.548158 2.334611 0.313208 -0.021632 0.003442 0.221098 0.975006
1777374258.036629 2.575366 2.348343 0.309798 -0.018097 0.009446 0.231033 0.972732
1777374258.108545 2.602246 2.358061 0.306130 -0.014288 0.002737 0.243289 0.969845
1777374258.145215 2.626364 2.368831 0.309465 -0.012596 0.001503 0.254802 0.966910
1777374258.203107 2.644958 2.379911 0.310061 -0.008314 0.004000 0.264229 0.964416
1777374258.265098 2.672109 2.396604 0.309592 -0.010279 0.000865 0.275444 0.961262
1777374258.311635 2.698107 2.413844 0.308350 -0.015715 -0.001541 0.285037 0.958387
1777374258.373948 2.723079 2.430607 0.307615 -0.018242 0.000141 0.294249 0.955555
1777374258.411651 2.743450 2.447587 0.314021 -0.022730 -0.002135 0.302639 0.952832
1777374258.467676 2.761947 2.462142 0.316831 -0.024711 -0.003556 0.312958 0.949439
1777374258.522827 2.786934 2.483042 0.315930 -0.025914 -0.007149 0.323627 0.945803
1777374258.575841 2.813066 2.505262 0.313965 -0.021885 -0.007611 0.334021 0.942281
1777374258.702022 2.837833 2.526075 0.311265 -0.015841 -0.002278 0.344450 0.938668
1777374258.711305 2.860219 2.544243 0.308858 -0.018834 -0.002792 0.355942 0.934314
1777374258.734422 2.880991 2.558604 0.311886 -0.010969 -0.005264 0.366982 0.930149
1777374258.783666 2.900432 2.577438 0.311303 -0.007382 -0.003892 0.375988 0.926587
1777374258.841728 2.921670 2.598813 0.309579 -0.007148 -0.007315 0.384286 0.923157
1777374258.902306 2.946917 2.625031 0.307392 -0.010147 -0.008452 0.394125 0.918962
1777374258.941989 2.966272 2.646932 0.305926 -0.018894 -0.001259 0.402249 0.915335
1777374258.998718 2.980847 2.666795 0.310149 -0.017609 -0.001819 0.408607 0.912539
1777374259.074035 3.000536 2.692649 0.314284 -0.020920 -0.004764 0.419522 0.907492
1777374259.106102 3.019360 2.717741 0.314052 -0.023286 -0.007734 0.429151 0.902899
1777374259.160104 3.045927 2.749871 0.312811 -0.016228 -0.006860 0.434782 0.900364
1777374259.219560 3.066133 2.778562 0.309516 -0.020067 -0.003889 0.432780 0.901268
1777374259.307469 3.088234 2.800166 0.312656 -0.013799 -0.005586 0.429543 0.902924
1777374259.326232 3.105738 2.821276 0.316090 -0.005434 -0.004736 0.425989 0.904700
1777374259.377472 3.125501 2.846015 0.315740 -0.005956 -0.003846 0.418661 0.908115
1777374259.438543 3.147456 2.871419 0.313039 -0.009219 -0.005283 0.412179 0.911041
1777374259.489280 3.170862 2.895806 0.310157 -0.001783 -0.002475 0.405624 0.914035
1777374259.591934 3.187265 2.919763 0.315850 -0.011625 -0.001169 0.403311 0.914988
1777374259.594265 3.206834 2.939165 0.318926 -0.010984 0.002265 0.406031 0.913791
1777374259.646522 3.230454 2.964702 0.318189 -0.009570 0.005586 0.410702 0.911702
1777374259.691471 3.253001 2.988345 0.315144 -0.006833 0.009612 0.415787 0.909386
1777374259.755249 3.275473 3.012407 0.308265 -0.011877 0.008777 0.422995 0.906012
1777374259.809221 3.293476 3.030076 0.307094 -0.012530 0.003544 0.431981 0.901789
1777374259.862362 3.306628 3.047572 0.310059 -0.009142 0.007978 0.442098 0.896885
1777374259.912297 3.317421 3.066076 0.310538 -0.014203 0.009301 0.451762 0.891977
1777374259.964278 3.328195 3.086878 0.308628 -0.024352 0.011950 0.464506 0.885155
1777374260.010792 3.337030 3.102670 0.308019 -0.022911 0.011126 0.477649 0.878181
1777374260.068819 3.346990 3.120906 0.310225 -0.022739 0.007570 0.494760 0.868699
1777374260.124778 3.353134 3.129074 0.312205 -0.025115 0.006430 0.514791 0.856924
1777374260.183607 3.356490 3.134664 0.315716 -0.026912 0.004082 0.534615 0.844657
1777374260.226461 3.361079 3.145865 0.316852 -0.034027 -0.004949 0.554961 0.831165
1777374260.295125 3.366537 3.157110 0.317055 -0.029622 -0.001943 0.577670 0.815731
1777374260.339838 3.369714 3.167626 0.314451 -0.029306 -0.002636 0.600185 0.799320
1777374260.389351 3.373299 3.181303 0.312623 -0.026890 -0.001852 0.624085 0.780891
1777374260.449572 3.376347 3.192412 0.312286 -0.031439 -0.001417 0.645737 0.762911
1777374260.493931 3.380164 3.201057 0.311338 -0.031382 0.000386 0.669298 0.742331
1777374260.549470 3.381073 3.211831 0.308683 -0.026935 0.000040 0.690884 0.722464
1777374260.599019 3.381350 3.223924 0.304832 -0.021685 0.003517 0.711419 0.702425
1777374260.656301 3.378937 3.234380 0.301499 -0.022359 0.013342 0.727603 0.685504
1777374260.715606 3.373995 3.245484 0.303244 -0.018280 0.013828 0.741972 0.670039
1777374260.763696 3.371364 3.253446 0.306626 -0.015369 0.007417 0.756374 0.653916
1777374260.834738 3.366573 3.260993 0.309619 -0.012446 0.006668 0.771864 0.635631
1777374260.877542 3.361016 3.273240 0.310914 -0.016067 -0.003681 0.786231 0.617712
1777374260.924451 3.356200 3.287241 0.309590 -0.013247 -0.009774 0.799062 0.601024
1777374261.010768 3.352121 3.302502 0.306628 -0.007802 -0.002345 0.811180 0.584739
1777374261.032788 3.347249 3.318115 0.306593 -0.005059 -0.002520 0.822525 0.568701
1777374261.113693 3.343701 3.330151 0.306338 -0.002905 -0.002998 0.832167 0.554510
1777374261.139440 3.338240 3.342057 0.305980 0.001976 0.000238 0.839702 0.543044
1777374261.192207 3.333282 3.353148 0.305178 0.003791 -0.000081 0.845498 0.533965
1777374261.244253 3.324404 3.372785 0.302508 0.003077 0.001351 0.853401 0.521245
1777374261.296556 3.314563 3.388630 0.300058 -0.000777 -0.001006 0.859340 0.511403
1777374261.350750 3.304044 3.402938 0.299128 -0.002213 -0.001014 0.863820 0.503795
1777374261.400919 3.291794 3.418745 0.300107 -0.000393 -0.006197 0.868530 0.495598
1777374261.490131 3.279348 3.434223 0.304319 -0.002309 -0.015494 0.874431 0.484898
1777374261.516864 3.269077 3.447685 0.307864 -0.001278 -0.012067 0.880370 0.474132
1777374261.569698 3.258059 3.460042 0.309246 -0.001631 -0.015336 0.886385 0.462692
1777374261.620495 3.241762 3.477676 0.309262 -0.000804 -0.022300 0.891487 0.452497
1777374261.673022 3.225642 3.495122 0.307939 0.002215 -0.023091 0.896677 0.442078
1777374261.744486 3.211458 3.516983 0.307505 0.002423 -0.007087 0.903989 0.427491
1777374261.778980 3.196131 3.531651 0.307347 0.004081 -0.012250 0.909067 0.416451
1777374261.833233 3.184092 3.547317 0.308205 0.008341 -0.010663 0.914162 0.405123
1777374261.904759 3.169337 3.562250 0.307717 0.013603 -0.008689 0.918528 0.395026
1777374261.940918 3.154081 3.577973 0.306522 0.017863 -0.009083 0.921829 0.387078
1777374261.993831 3.135051 3.596866 0.304992 0.019687 -0.008262 0.925612 0.377871
1777374262.049226 3.112918 3.613651 0.303720 0.007966 -0.014073 0.929391 0.368744
1777374262.102983 3.092340 3.631694 0.306483 0.002000 -0.010917 0.932379 0.361313
1777374262.164800 3.074028 3.645140 0.310660 0.003757 -0.009366 0.936646 0.350132
1777374262.206153 3.053719 3.660513 0.311963 0.004241 -0.012167 0.941130 0.337798
1777374262.275670 3.030882 3.676642 0.311383 0.007392 -0.013668 0.944513 0.328107
1777374262.311817 3.006031 3.694450 0.310405 0.007829 -0.010023 0.948112 0.317683
1777374262.362178 2.979737 3.712606 0.307407 0.002322 -0.006024 0.951897 0.306350
1777374262.424107 2.962699 3.728446 0.305402 0.003850 -0.010215 0.955254 0.295585
1777374262.472913 2.946441 3.736599 0.307528 0.001213 -0.011396 0.956641 0.291044
1777374262.539528 2.925832 3.742971 0.308168 -0.012565 -0.022313 0.956431 0.290834
1777374262.577871 2.915500 3.747713 0.302296 -0.013033 -0.016407 0.956304 0.291623
1777374262.628978 2.904765 3.751198 0.302652 -0.012170 -0.015121 0.956030 0.292626
1777374262.714758 2.901432 3.754602 0.300046 -0.006661 -0.010602 0.956221 0.292377
1777374262.742553 2.900287 3.756694 0.304988 -0.009378 -0.013771 0.952584 0.303819
1777374262.821087 2.900485 3.757136 0.308030 -0.008829 -0.015447 0.945865 0.324073
1777374262.845464 2.900463 3.757031 0.310710 -0.007454 -0.014971 0.938111 0.345930
1777374262.907604 2.898294 3.756376 0.312322 -0.007906 -0.015707 0.928987 0.369695
1777374262.946721 2.895810 3.755082 0.313714 -0.008935 -0.017131 0.918998 0.393788
1777374263.003857 2.893225 3.753329 0.314069 -0.009149 -0.019399 0.906211 0.422282
1777374263.058077 2.890012 3.751607 0.313847 -0.008607 -0.021729 0.891589 0.452242
1777374263.109887 2.888170 3.750275 0.313408 -0.005106 -0.022003 0.876202 0.481415
1777374263.268343 2.886741 3.748787 0.313596 -0.005946 -0.024047 0.858710 0.511863
1777374263.270579 2.889594 3.748728 0.313670 -0.009113 -0.018512 0.841195 0.540338
1777374263.328827 2.894611 3.751931 0.308552 0.002614 0.014713 0.800796 0.598751
1777374263.375946 2.891545 3.753142 0.306743 0.011687 0.014723 0.778059 0.627911
1777374263.438406 2.887832 3.753502 0.307907 0.007543 0.007645 0.755474 0.655091
1777374263.483470 2.885848 3.756054 0.310851 -0.000910 -0.000597 0.730357 0.683065
1777374263.533379 2.884156 3.760271 0.313255 -0.003309 -0.007098 0.703664 0.710490
1777374263.591338 2.883044 3.765259 0.315088 -0.009646 -0.014731 0.677925 0.734921
1777374263.637730 2.882361 3.769316 0.314065 -0.021030 -0.021906 0.648839 0.760320
1777374263.716998 2.889411 3.772732 0.312016 -0.027130 -0.015928 0.618201 0.785390
1777374263.742900 2.896461 3.775366 0.309885 -0.024806 -0.012941 0.587527 0.808721
1777374263.797542 2.899057 3.773760 0.308668 -0.021252 -0.011127 0.558790 0.828962
1777374263.853572 2.899231 3.771476 0.306988 -0.020806 -0.009558 0.532423 0.846169
1777374263.907550 2.900992 3.763845 0.308754 -0.017790 -0.006130 0.504912 0.862966
1777374263.958595 2.904351 3.758882 0.308580 -0.006487 0.005928 0.480163 0.877135
1777374264.009830 2.903045 3.759741 0.305689 -0.003351 0.020857 0.455509 0.889980
1777374264.116798 2.906243 3.760072 0.301860 -0.002890 0.026873 0.432533 0.901213
1777374264.124359 2.907267 3.761606 0.300523 -0.009296 0.014497 0.419010 0.907819
1777374264.182431 2.905524 3.764593 0.305732 -0.014785 0.013039 0.406191 0.913576
1777374264.227856 2.904832 3.769428 0.307186 -0.024537 0.012601 0.391671 0.919692
1777374264.280614 2.903728 3.770349 0.308677 -0.022196 0.011947 0.376725 0.925982
1777374264.335377 2.902432 3.773853 0.310877 -0.021578 0.008157 0.363627 0.931259
1777374264.436637 2.901265 3.775713 0.311632 -0.021528 0.008048 0.353089 0.935308
1777374264.449652 2.901448 3.777290 0.312269 -0.022128 0.006968 0.343659 0.938808
1777374264.520737 2.903154 3.778092 0.312470 -0.024260 0.004443 0.332479 0.942788
1777374264.551196 2.907002 3.779682 0.313935 -0.028143 0.001630 0.316297 0.948241
1777374264.613884 2.912377 3.782825 0.314277 -0.032399 -0.000467 0.298938 0.953722
1777374264.659856 2.918165 3.785673 0.315329 -0.035742 -0.000707 0.281421 0.958918
1777374264.782522 2.922207 3.784766 0.317380 -0.028851 0.005505 0.261814 0.964671
1777374264.821661 2.928239 3.787091 0.315263 -0.024476 0.011730 0.241552 0.970008
1777374264.826075 2.937397 3.791006 0.310597 -0.020900 0.019818 0.220592 0.974941
1777374264.877727 2.947471 3.795909 0.305224 -0.025698 0.011707 0.200894 0.979206
1777374264.928056 2.957713 3.801057 0.305632 -0.019302 0.011626 0.185229 0.982437
1777374264.979566 2.964531 3.803340 0.307740 -0.011491 0.009983 0.169096 0.985482
1777374265.037514 2.974673 3.805054 0.308874 -0.005259 0.009114 0.150407 0.988568
1777374265.082668 2.987702 3.806330 0.309100 0.000654 0.006588 0.133250 0.991060
1777374265.144341 3.001265 3.807589 0.308207 0.002917 0.003882 0.119623 0.992808
1777374265.194512 3.017015 3.809925 0.308118 -0.010951 0.008007 0.103792 0.994506
1777374265.247621 3.032879 3.812632 0.306507 -0.015521 0.004567 0.090508 0.995764
1777374265.311008 3.049614 3.817144 0.309982 -0.019944 0.002892 0.079105 0.996663
1777374265.348465 3.058879 3.820336 0.311347 -0.017335 0.002755 0.067744 0.997548
1777374265.419385 3.071293 3.822005 0.310065 -0.012878 0.003700 0.052219 0.998546
1777374265.462343 3.083658 3.822094 0.307850 -0.007865 0.009545 0.035286 0.999301
1777374265.532110 3.089859 3.822616 0.305884 -0.016232 0.008141 0.016253 0.999703
1777374265.562884 3.093686 3.821943 0.305195 -0.023251 0.004877 -0.003421 0.999712
1777374265.733449 3.094222 3.821570 0.307297 -0.022803 0.006106 -0.022101 0.999477
1777374265.767567 3.095333 3.820768 0.308759 -0.022524 0.005683 -0.044999 0.998717
1777374265.769025 3.096962 3.821040 0.309988 -0.020710 0.006487 -0.066077 0.997578
1777374265.772828 3.096962 3.821040 0.309988 -0.020710 0.006487 -0.066077 0.997578
1777374265.808895 3.099112 3.822249 0.310843 -0.019510 0.006164 -0.088835 0.995836
1777374265.832865 3.101432 3.822605 0.312717 -0.026277 0.007797 -0.114187 0.993081
1777374265.905524 3.102545 3.819313 0.313590 -0.021576 0.008006 -0.141458 0.989677
1777374265.941139 3.103927 3.816836 0.313693 -0.008934 0.003222 -0.167528 0.985822
1777374265.990550 3.105035 3.817762 0.312492 -0.009196 0.005192 -0.190149 0.981699
1777374266.057828 3.103707 3.816527 0.312880 -0.007212 0.002817 -0.209591 0.977759
1777374266.095391 3.102822 3.814023 0.315025 -0.004766 0.002048 -0.226046 0.974103
1777374266.172440 3.104396 3.813404 0.314757 -0.003564 0.005276 -0.242494 0.970132
1777374266.207352 3.104874 3.811815 0.313813 -0.003058 0.007205 -0.259773 0.965638
1777374266.259453 3.103847 3.809983 0.312028 -0.006393 0.008109 -0.273346 0.961860
1777374266.320543 3.105163 3.807818 0.308760 -0.012375 0.007177 -0.283568 0.958845
1777374266.363876 3.108117 3.807101 0.308363 -0.011888 0.005120 -0.294961 0.955422
1777374266.430267 3.112501 3.805057 0.309081 -0.013357 0.004215 -0.303552 0.952712
1777374266.474488 3.118095 3.801147 0.309687 -0.012206 0.002010 -0.312466 0.949848
1777374266.525766 3.124621 3.796054 0.309433 -0.012164 0.001237 -0.320940 0.947020
1777374266.582100 3.131787 3.789185 0.308368 -0.012993 0.000383 -0.329057 0.944221
1777374266.631707 3.139460 3.780991 0.309925 -0.014267 -0.000134 -0.338731 0.940775
1777374266.695781 3.144725 3.773278 0.311399 -0.011363 0.001160 -0.348174 0.937360
1777374266.739712 3.149072 3.765171 0.310932 -0.001550 0.005894 -0.358546 0.933492
1777374266.790649 3.158179 3.755474 0.307236 0.002666 0.010372 -0.368125 0.929714
1777374266.853459 3.169880 3.746828 0.301353 -0.002080 0.006472 -0.377425 0.926015
1777374266.903239 3.179184 3.741226 0.304137 0.006480 0.009893 -0.383080 0.923640
1777374266.961204 3.187340 3.732982 0.307407 0.012038 0.014590 -0.374243 0.927138
1777374267.012061 3.196602 3.729916 0.305059 0.007452 0.018789 -0.358592 0.933276
1777374267.101336 3.201607 3.725733 0.302734 0.008668 0.021750 -0.340771 0.939855
1777374267.124333 3.206739 3.723406 0.304028 0.004148 0.017218 -0.324030 0.945881
1777374267.182360 3.207642 3.723232 0.305465 0.007099 0.009572 -0.306113 0.951921
1777374267.222675 3.208243 3.726563 0.305863 0.002585 0.009783 -0.289685 0.957069
1777374267.276510 3.208717 3.729024 0.307962 -0.000943 0.005782 -0.271039 0.962551
1777374267.330146 3.210118 3.732009 0.309831 -0.006158 0.005546 -0.254618 0.967006
1777374267.442324 3.212065 3.734632 0.311012 -0.012218 0.005118 -0.238730 0.970996
1777374267.450392 3.215158 3.736210 0.311231 -0.017641 0.005414 -0.224128 0.974385
1777374267.491325 3.218388 3.738041 0.311338 -0.020181 0.005038 -0.211600 0.977135
1777374267.540451 3.221051 3.739827 0.311468 -0.020834 0.004831 -0.199700 0.979624
1777374267.601031 3.223466 3.741639 0.311121 -0.021094 0.005444 -0.188054 0.981917
1777374267.650790 3.225821 3.743865 0.310836 -0.022135 0.005469 -0.175757 0.984169
1777374267.710772 3.227080 3.745268 0.310288 -0.022830 0.005777 -0.166181 0.985814
1777374267.760170 3.228652 3.745979 0.309733 -0.023933 0.005365 -0.155369 0.987552
1777374267.812520 3.230507 3.746145 0.310083 -0.022417 0.005178 -0.144856 0.989185
1777374267.869793 3.233815 3.745370 0.309341 -0.021065 0.011736 -0.130529 0.991151
1777374267.921922 3.236872 3.747907 0.307198 -0.016872 0.013829 -0.114634 0.993168
1777374267.980826 3.242729 3.749178 0.306421 -0.001239 0.011157 -0.095764 0.995341
1777374268.023791 3.247432 3.753689 0.305701 -0.003284 0.009903 -0.093458 0.995569
1777374268.078529 3.250475 3.755538 0.305677 -0.003804 0.007298 -0.100300 0.994923
1777374268.142573 3.252774 3.755706 0.305441 -0.005502 0.005347 -0.105329 0.994408
1777374268.184362 3.257103 3.755665 0.305197 -0.006112 0.006194 -0.110203 0.993871
1777374268.256664 3.267229 3.753331 0.304123 -0.006770 0.005410 -0.115642 0.993253
1777374268.287799 3.277670 3.749784 0.303154 -0.003597 0.006373 -0.121977 0.992506
1777374268.343868 3.289053 3.747418 0.301192 -0.008349 0.003722 -0.129695 0.991512
1777374268.396647 3.303332 3.743857 0.301557 -0.012921 -0.005303 -0.139437 0.990133
1777374268.460847 3.315858 3.740013 0.300827 -0.010204 -0.006018 -0.148271 0.988876
1777374268.501591 3.331195 3.733533 0.299758 -0.005440 -0.007502 -0.156774 0.987591
1777374268.567543 3.340488 3.728593 0.301272 -0.001895 -0.010151 -0.167613 0.985799
1777374268.606778 3.353249 3.722513 0.302336 0.001459 -0.013093 -0.178684 0.983818
1777374268.663310 3.367974 3.714599 0.303322 -0.000811 -0.016174 -0.190279 0.981597
1777374268.714150 3.386792 3.704099 0.303089 -0.002346 -0.020653 -0.200644 0.979444
1777374268.791331 3.408919 3.693759 0.303710 -0.016670 -0.007265 -0.215453 0.976345
1777374268.839092 3.430091 3.684286 0.309020 -0.015892 -0.004883 -0.225578 0.974083
1777374268.878925 3.448414 3.676239 0.312723 -0.012402 -0.002070 -0.234815 0.971959
1777374268.955878 3.466601 3.665049 0.312314 -0.010255 -0.001486 -0.244624 0.969563
1777374268.992754 3.489948 3.651853 0.310134 -0.005621 -0.001290 -0.254889 0.966953
1777374269.067324 3.512953 3.636802 0.307876 -0.000592 -0.001040 -0.263757 0.964589
1777374269.091980 3.535571 3.622111 0.305884 -0.001571 0.002112 -0.272493 0.962154
1777374269.146086 3.558512 3.604855 0.302728 -0.008821 -0.003179 -0.282327 0.959272
1777374269.201805 3.575115 3.592469 0.306746 -0.000929 -0.004782 -0.291724 0.956490
1777374269.256992 3.594434 3.577101 0.308941 0.005099 -0.008198 -0.301958 0.953273
1777374269.311234 3.613976 3.561205 0.309553 0.001876 -0.009819 -0.305959 0.951992
1777374269.360615 3.635955 3.542274 0.308479 0.001818 -0.016388 -0.300637 0.953596
1777374269.423214 3.659724 3.525182 0.307451 -0.006373 -0.010003 -0.294784 0.955490
1777374269.474148 3.686502 3.509174 0.311282 -0.002555 0.005046 -0.289327 0.957214
1777374269.518697 3.708225 3.497539 0.315831 -0.001589 0.001105 -0.281336 0.959607
1777374269.588806 3.734943 3.483649 0.317513 -0.010734 -0.000611 -0.273027 0.961946
1777374269.628133 3.764551 3.468110 0.315466 -0.014928 -0.005032 -0.263623 0.964497
1777374269.693362 3.796272 3.450795 0.312602 -0.010160 -0.004386 -0.253457 0.967283
1777374269.729904 3.820818 3.434262 0.308721 -0.009861 -0.000988 -0.243139 0.969941
1777374269.784534 3.842819 3.419410 0.311720 -0.008620 -0.004413 -0.231511 0.972784
1777374269.843145 3.867971 3.407003 0.312031 -0.005063 -0.004807 -0.230748 0.972988
1777374269.891593 3.896312 3.392458 0.311578 -0.008952 -0.004516 -0.235402 0.971846
1777374269.944956 3.927858 3.376623 0.310250 -0.014990 -0.000900 -0.240698 0.970484
1777374269.995454 3.955238 3.361049 0.311029 -0.014400 0.001040 -0.248054 0.968639
1777374270.052583 3.976268 3.350729 0.316131 -0.013295 0.001947 -0.254278 0.967038
1777374270.111215 4.004977 3.332907 0.318258 -0.008938 0.002486 -0.262253 0.964955
1777374270.155583 4.031719 3.314743 0.316956 -0.002493 0.007165 -0.269113 0.963079
1777374270.221006 4.060117 3.294015 0.314292 0.003328 0.008059 -0.275971 0.961126
1777374270.268282 4.090600 3.274195 0.310786 -0.005714 0.004789 -0.284728 0.958579
1777374270.344528 4.113163 3.257937 0.310193 0.001608 0.002834 -0.285942 0.958242
1777374270.373096 4.134546 3.239840 0.313093 0.007046 -0.001551 -0.283788 0.958860
1777374270.424228 4.160733 3.221958 0.313182 0.009829 -0.006173 -0.280394 0.959815
1777374270.486227 4.186096 3.203422 0.311898 0.007774 -0.012768 -0.276121 0.961007
1777374270.531429 4.217582 3.185367 0.307409 -0.005923 -0.004062 -0.270635 0.962655
1777374270.589103 4.244279 3.169192 0.311043 -0.001361 0.009819 -0.265284 0.964119
1777374270.645716 4.273008 3.155719 0.316103 -0.007686 0.008501 -0.257500 0.966210
1777374270.691083 4.303047 3.141900 0.317293 -0.014974 0.006023 -0.248917 0.968390
1777374270.769071 4.338166 3.125762 0.314621 -0.016022 0.001681 -0.238706 0.970958
1777374270.799809 4.371852 3.107411 0.310969 -0.008625 0.003768 -0.228737 0.973443
1777374270.858744 4.400272 3.092196 0.309442 -0.015396 0.005736 -0.215642 0.976334
1777374270.910053 4.423224 3.078809 0.311244 -0.010945 0.001075 -0.205135 0.978672
1777374270.963238 4.441347 3.071394 0.310707 -0.006422 0.001020 -0.198733 0.980032
1777374271.036284 4.475957 3.058435 0.308941 -0.010673 0.000374 -0.188317 0.982050
1777374271.074987 4.508335 3.047270 0.307156 -0.017186 0.003155 -0.178185 0.983842
1777374271.128890 4.536783 3.037692 0.307427 -0.021468 0.007755 -0.170744 0.985051
1777374271.177787 4.563350 3.030565 0.312897 -0.021034 0.006941 -0.161650 0.986600
1777374271.258147 4.594156 3.022160 0.314609 -0.022899 0.006061 -0.150458 0.988333
1777374271.293855 4.630041 3.012164 0.314425 -0.019941 0.002968 -0.145353 0.989174
1777374271.338571 4.664279 3.002724 0.313609 -0.015649 -0.000469 -0.146679 0.989060
1777374271.391595 4.698677 2.994066 0.309816 -0.016388 0.002179 -0.144852 0.989315
1777374271.444713 4.724663 2.981245 0.312447 -0.007837 -0.002358 -0.134661 0.990858
1777374271.505846 4.753073 2.971246 0.313605 0.000303 -0.006790 -0.128254 0.991718
1777374271.556752 4.784480 2.961343 0.311947 0.000600 -0.009273 -0.122455 0.992431
1777374271.618874 4.814220 2.951796 0.309543 0.003054 -0.014036 -0.116132 0.993130
1777374271.666888 4.851864 2.946022 0.306876 -0.010202 -0.002216 -0.108417 0.994051
1777374271.719073 4.880353 2.938808 0.312701 -0.001432 0.006798 -0.101493 0.994812
1777374271.770540 4.907635 2.937651 0.317581 -0.008530 0.001493 -0.093396 0.995591
1777374271.831338 4.940531 2.934921 0.318019 -0.015164 -0.003024 -0.082938 0.996435
1777374271.873403 4.972483 2.932800 0.316404 -0.017991 -0.006337 -0.073764 0.997093
1777374271.935047 5.006490 2.929530 0.313947 -0.013376 -0.004224 -0.062272 0.997961
1777374271.977679 5.036062 2.924520 0.309120 -0.015387 0.000955 -0.050600 0.998600
1777374272.033652 5.059554 2.918991 0.311075 -0.012849 -0.002075 -0.036541 0.999248
1777374272.082702 5.085449 2.917407 0.310908 -0.007978 -0.000258 -0.026089 0.999628
1777374272.154263 5.111949 2.917026 0.309785 -0.008811 0.000079 -0.016585 0.999824
1777374272.192166 5.142326 2.918103 0.307799 -0.012834 0.001377 -0.006035 0.999898
1777374272.340387 5.170499 2.917130 0.305501 -0.009930 0.002536 0.004389 0.999938
1777374272.342180 5.197412 2.921172 0.310348 -0.016290 0.004280 0.014275 0.999756
1777374272.361485 5.217233 2.922690 0.314287 -0.016887 0.001758 0.025134 0.999540
1777374272.421530 5.240640 2.924655 0.315090 -0.015954 0.006789 0.033641 0.999284
1777374272.469778 5.259240 2.928307 0.316091 -0.017392 0.003873 0.045162 0.998821
1777374272.558430 5.279119 2.931665 0.316692 -0.020151 0.000681 0.057714 0.998130
1777374272.580023 5.300636 2.935498 0.315407 -0.021672 -0.006269 0.070673 0.997244
1777374272.639585 5.324440 2.940173 0.313607 -0.021631 -0.008775 0.084203 0.996175
1777374272.693395 5.346210 2.942497 0.291227 -0.023121 -0.016083 0.101199 0.994468
1777374272.737277 5.365188 2.944288 0.287178 -0.018242 -0.022912 0.115025 0.992931
1777374272.797709 5.385180 2.949001 0.286952 -0.012299 -0.027195 0.126898 0.991467
1777374272.845718 5.404982 2.954084 0.287804 -0.010956 -0.033940 0.138395 0.989735
1777374272.895792 5.424229 2.959807 0.289025 -0.013856 -0.038707 0.149453 0.987914
1777374272.964593 5.447439 2.969883 0.291845 -0.022330 -0.039195 0.161350 0.985866
1777374273.003298 5.471059 2.981177 0.299510 -0.038996 -0.029605 0.172961 0.983711
1777374273.062425 5.498158 2.992190 0.308853 -0.051607 -0.024488 0.181391 0.981751
1777374273.113745 5.510171 2.995633 0.319979 -0.031457 -0.016483 0.196135 0.979934
1777374273.165522 5.529154 3.010520 0.324204 -0.031904 -0.016165 0.207724 0.977533
1777374273.220423 5.549809 3.023093 0.325177 -0.029751 -0.020058 0.220319 0.974768
1777374273.268725 5.572083 3.032915 0.319520 -0.027349 -0.020167 0.233999 0.971643
1777374273.335822 5.588069 3.044070 0.300006 -0.032181 -0.025663 0.249417 0.967521
1777374273.376543 5.606643 3.051090 0.295391 -0.017662 -0.026607 0.262124 0.964506
1777374273.480417 5.619623 3.062477 0.294694 -0.010714 -0.030446 0.272286 0.961675
1777374273.492367 5.635168 3.073209 0.294014 -0.012893 -0.034453 0.284559 0.957953
1777374273.541536 5.650218 3.086682 0.292793 -0.027196 -0.030669 0.289053 0.956435
1777374273.593119 5.661856 3.099960 0.274555 -0.041630 -0.019434 0.295549 0.954222
1777374273.645104 5.666092 3.108766 0.301702 -0.043837 -0.017346 0.305111 0.951149
1777374273.732414 5.667581 3.113609 0.301066 -0.051347 -0.017170 0.317175 0.946820
1777374273.756014 5.667635 3.113924 0.303923 -0.054548 -0.020801 0.334582 0.940557
1777374273.804279 5.666230 3.112948 0.306571 -0.056692 -0.021980 0.342807 0.937436
1777374273.857820 5.664586 3.112884 0.307569 -0.061540 -0.024813 0.348739 0.934868
1777374273.918547 5.663651 3.113678 0.303996 -0.068200 -0.028691 0.359236 0.930309
1777374274.006344 5.663104 3.115410 0.299251 -0.074606 -0.032191 0.370715 0.925185
1777374274.029230 5.662442 3.117969 0.306636 -0.078638 -0.033683 0.381750 0.920298
1777374274.146697 5.661556 3.120811 0.309646 -0.084260 -0.036059 0.395502 0.913881
1777374274.184023 5.660808 3.123155 0.310443 -0.089059 -0.035883 0.408590 0.907654
1777374274.186001 5.660383 3.125525 0.313877 -0.093764 -0.035072 0.424100 0.900065
1777374274.250090 5.659857 3.127596 0.316312 -0.096750 -0.033620 0.439411 0.892428
1777374274.287202 5.659226 3.129773 0.326254 -0.099698 -0.032862 0.454380 0.884601
1777374274.337870 5.658098 3.132220 0.330432 -0.102225 -0.032003 0.468043 0.877189
1777374274.395504 5.657271 3.134104 0.331962 -0.105905 -0.031484 0.480695 0.869900
1777374274.446710 5.656580 3.134907 0.331707 -0.108224 -0.032743 0.492038 0.863200
1777374274.522027 5.656773 3.134785 0.330682 -0.108340 -0.035394 0.504739 0.855715
1777374274.551476 5.657656 3.136934 0.320176 -0.109359 -0.041723 0.517808 0.847452
1777374274.602583 5.661385 3.139852 0.302663 -0.111796 -0.041492 0.529467 0.839908
1777374274.667860 5.661051 3.143824 0.293241 -0.107675 -0.030892 0.541198 0.833401
1777374274.713903 5.658534 3.149592 0.304824 -0.089563 -0.025729 0.550449 0.829652
1777374274.775288 5.649732 3.152460 0.302750 -0.089733 -0.026186 0.559501 0.823542
1777374274.813559 5.650494 3.152143 0.302583 -0.087720 -0.035694 0.570054 0.816131
1777374274.872740 5.651145 3.153040 0.311261 -0.072190 -0.030691 0.572585 0.816084
1777374274.928524 5.648757 3.157375 0.317443 -0.061979 -0.021207 0.569045 0.819693
1777374274.967985 5.650321 3.161685 0.320123 -0.054258 -0.012721 0.564002 0.823891
1777374275.031193 5.653892 3.168935 0.319158 -0.052234 -0.012995 0.557361 0.828524
1777374275.081128 5.659468 3.177245 0.306231 -0.050755 -0.013134 0.550469 0.833208
1777374275.200531 5.666891 3.189841 0.313849 -0.050622 -0.012744 0.542357 0.838525
1777374275.211432 5.673872 3.203006 0.316914 -0.051778 -0.010713 0.533733 0.843998
1777374275.230373 5.680608 3.213499 0.318023 -0.048480 -0.005627 0.523322 0.850737
1777374275.284675 5.686810 3.227508 0.317538 -0.046163 -0.004361 0.513928 0.856579
1777374275.333927 5.696117 3.249511 0.315282 -0.051521 -0.005444 0.504639 0.861775
1777374275.388098 5.706133 3.273621 0.297971 -0.062731 -0.011279 0.491488 0.868549
1777374275.449104 5.712241 3.285656 0.296674 -0.066634 -0.011543 0.490981 0.868542
1777374275.498366 5.724331 3.304662 0.291182 -0.065083 -0.001659 0.494119 0.866954
1777374275.553696 5.736376 3.321315 0.288039 -0.061966 0.011206 0.498212 0.864766
1777374275.600325 5.748474 3.335885 0.285519 -0.055740 0.026908 0.502296 0.862478
1777374275.663147 5.758543 3.346656 0.286071 -0.055419 0.034624 0.507830 0.858976
1777374275.707266 5.767088 3.358166 0.285584 -0.051914 0.035592 0.517135 0.853586
1777374275.774194 5.773335 3.367257 0.287666 -0.052083 0.036268 0.524580 0.848992
1777374275.826436 5.778498 3.376163 0.297725 -0.051103 0.034956 0.532354 0.844255
1777374275.863570 5.781902 3.385430 0.301589 -0.048547 0.034293 0.539559 0.839847
1777374275.914640 5.784102 3.395312 0.299296 -0.045768 0.030055 0.546139 0.835903
1777374275.979025 5.784254 3.407911 0.296729 -0.040550 0.022802 0.551575 0.832827
1777374276.027100 5.785936 3.416515 0.301184 -0.040436 0.018455 0.562059 0.825902
1777374276.078656 5.786157 3.433506 0.304908 -0.042475 0.006248 0.569943 0.820562
1777374276.130809 5.792391 3.457399 0.306462 -0.044522 -0.001125 0.578974 0.814129
1777374276.207837 5.800759 3.480681 0.305310 -0.025324 -0.005145 0.587310 0.808950
1777374276.237908 5.808904 3.503585 0.312022 -0.027392 -0.002420 0.595164 0.803134
1777374276.289768 5.819052 3.531737 0.314066 -0.022070 -0.005669 0.604466 0.796305
1777374276.347684 5.830269 3.565261 0.313737 -0.014529 -0.004607 0.613838 0.789285
1777374276.396799 5.836777 3.601541 0.309231 -0.016112 -0.000764 0.622293 0.782618
1777374276.515313 5.846515 3.624640 0.307214 -0.010231 -0.002281 0.630574 0.776059
1777374276.517243 5.851655 3.649614 0.311227 -0.008048 0.000543 0.638346 0.769708
1777374276.566178 5.849681 3.674163 0.309268 -0.013474 0.003520 0.646135 0.763096
1777374276.632095 5.850411 3.698307 0.306932 -0.021854 0.006903 0.654359 0.755837
1777374276.658609 5.847277 3.716837 0.305016 -0.017772 0.004791 0.661384 0.749822
1777374276.724378 5.841650 3.734923 0.303354 -0.013221 0.002021 0.668603 0.743499
1777374276.766416 5.839083 3.741689 0.309653 -0.016397 -0.000132 0.677200 0.735616
1777374276.815670 5.836761 3.747473 0.311786 -0.013935 0.000707 0.683341 0.729966
1777374276.907534 5.832439 3.759441 0.312011 -0.010756 0.001969 0.681797 0.731460
1777374276.931484 5.826122 3.767490 0.311201 -0.010221 -0.003584 0.674497 0.738198
1777374276.984581 5.823656 3.773228 0.307613 -0.005857 -0.001602 0.669530 0.742760
1777374277.023884 5.822004 3.777642 0.306355 -0.003882 -0.002241 0.666192 0.745767
1777374277.118568 5.823654 3.781693 0.306236 -0.005907 -0.004166 0.662851 0.748717
1777374277.134682 5.825468 3.781996 0.307221 -0.008002 -0.005822 0.657667 0.753244
1777374277.187258 5.826159 3.783479 0.306847 -0.008160 -0.003469 0.651075 0.758961
1777374277.265004 5.827191 3.782351 0.310132 -0.005438 -0.003434 0.645778 0.763498
1777374277.296753 5.827221 3.781699 0.311534 -0.006293 -0.006573 0.641547 0.767030
1777374277.378303 5.828031 3.782286 0.311385 -0.009380 -0.010052 0.640654 0.767706
1777374277.408782 5.828431 3.783278 0.311638 -0.008734 -0.008940 0.644276 0.764691
1777374277.464910 5.827258 3.784651 0.311782 -0.006684 -0.008199 0.648137 0.761450
1777374277.517371 5.824993 3.786962 0.309892 -0.004391 -0.008010 0.654028 0.756415
1777374277.564331 5.822206 3.789627 0.309173 -0.003097 -0.006779 0.659483 0.751683
1777374277.649674 5.819755 3.794176 0.308216 -0.003481 -0.005606 0.665814 0.746089
1777374277.673373 5.818331 3.799682 0.307528 -0.003051 -0.006086 0.672056 0.740469
1777374277.728762 5.817303 3.802619 0.306303 -0.003995 -0.005343 0.674082 0.738626
1777374277.784345 5.815386 3.804988 0.304890 -0.004856 -0.005118 0.671149 0.741289
1777374277.831068 5.815338 3.804111 0.304600 -0.003838 -0.004736 0.669070 0.743175
1777374277.892670 5.813872 3.802285 0.306346 -0.003566 -0.003395 0.665217 0.746634
1777374277.938310 5.811520 3.798489 0.307131 -0.005406 -0.001828 0.661265 0.750131
1777374278.019458 5.807746 3.794326 0.307736 -0.008478 -0.000385 0.656324 0.754432
1777374278.053781 5.803109 3.790378 0.307986 -0.013152 0.000788 0.650484 0.759406
1777374278.099470 5.798360 3.786403 0.308242 -0.017698 0.003133 0.644973 0.763994
1777374278.157500 5.791894 3.781859 0.308180 -0.020830 0.006269 0.638709 0.769141
1777374278.207736 5.783638 3.777695 0.307695 -0.024329 0.011119 0.631744 0.774715
1777374278.265545 5.774939 3.775462 0.306706 -0.022953 0.014333 0.623644 0.781240
1777374278.315236 5.769330 3.773922 0.306679 -0.020688 0.011155 0.615304 0.787939
1777374278.393312 5.764865 3.774549 0.309963 -0.022030 0.005410 0.609355 0.792573
1777374278.421753 5.765257 3.780507 0.311409 -0.022313 0.000032 0.605669 0.795404
1777374278.562351 5.767833 3.785991 0.310981 -0.021775 0.001813 0.607549 0.793982
1777374278.608381 5.772006 3.791081 0.309509 -0.023441 0.002726 0.610837 0.791405
1777374278.614313 5.778068 3.796406 0.307640 -0.021799 0.005264 0.615728 0.787640
1777374278.641531 5.780310 3.800141 0.306191 -0.019729 0.007412 0.619888 0.784407
1777374278.691578 5.780606 3.801629 0.306176 -0.019033 0.008530 0.623706 0.781381
1777374278.748730 5.779990 3.800624 0.306975 -0.017068 0.008127 0.628479 0.777597
1777374278.811221 5.779206 3.800085 0.307411 -0.015429 0.006876 0.632853 0.774088
1777374278.851755 5.780566 3.801476 0.308597 -0.013297 0.004833 0.639094 0.768999
1777374278.901850 5.781769 3.806281 0.308260 -0.012453 0.005171 0.647429 0.762006
1777374278.955134 5.783893 3.814515 0.307376 -0.010410 0.005999 0.655600 0.755013
1777374279.034326 5.786137 3.825530 0.305865 -0.008979 0.008060 0.663341 0.748220
1777374279.065366 5.787637 3.835946 0.304876 -0.009117 0.012409 0.672483 0.739952
1777374279.116539 5.787717 3.843112 0.304198 -0.010225 0.014352 0.681670 0.731447
1777374279.203260 5.787632 3.851347 0.302620 -0.010669 0.015849 0.690516 0.723065
1777374279.235409 5.785242 3.865258 0.301343 -0.014976 0.011756 0.698284 0.715567
1777374279.278421 5.783805 3.878289 0.299870 -0.011910 0.012037 0.705662 0.708346
1777374279.329564 5.780565 3.895366 0.299400 -0.010276 0.002721 0.712592 0.701499
1777374279.384071 5.779562 3.910044 0.305088 -0.010632 -0.002327 0.720835 0.693022
1777374279.439616 5.777150 3.922874 0.308632 -0.008372 -0.003964 0.729345 0.684083
1777374279.512618 5.774245 3.939551 0.309258 -0.011023 -0.012453 0.737221 0.675447
1777374279.551983 5.769218 3.960848 0.308966 -0.010937 -0.018732 0.744625 0.667131
1777374279.597815 5.765594 3.981386 0.309088 -0.006066 -0.013938 0.752516 0.658398
1777374279.653632 5.762864 4.002748 0.307336 -0.004053 -0.004795 0.762106 0.647422
1777374279.712543 5.760943 4.023262 0.305253 0.000619 -0.006539 0.770816 0.637024
1777374279.755328 5.759577 4.038808 0.305414 0.004019 -0.007290 0.777627 0.628671
1777374279.816887 5.756456 4.055019 0.305539 0.010529 -0.005292 0.783866 0.620818
1777374279.870851 5.750848 4.079531 0.304962 0.016176 -0.010494 0.790545 0.612101
1777374279.921865 5.745338 4.103544 0.303780 0.021762 -0.009542 0.796167 0.604611
1777374279.979843 5.735620 4.129286 0.303346 0.011642 -0.012075 0.801893 0.597233
1777374280.031670 5.726443 4.156168 0.306999 0.002385 -0.007773 0.805246 0.592886
1777374280.095924 5.715358 4.177202 0.311895 0.003214 -0.011977 0.802864 0.596033
1777374280.140150 5.706774 4.198406 0.313979 0.005717 -0.010265 0.799903 0.600015
1777374280.194935 5.697237 4.222533 0.312891 0.007706 -0.012973 0.796036 0.605061
1777374280.242850 5.687109 4.251809 0.310884 0.012031 -0.014820 0.791352 0.611063
1777374280.294606 5.678760 4.280632 0.309683 0.015630 -0.014698 0.786842 0.616781
1777374280.355817 5.675403 4.312583 0.308232 0.012004 -0.000628 0.784257 0.620320
1777374280.399020 5.670350 4.339490 0.308920 0.009010 -0.003742 0.779410 0.626439
1777374280.453576 5.668237 4.363763 0.310856 0.018092 -0.002088 0.773029 0.634109
1777374280.511438 5.664666 4.389904 0.310227 0.021281 -0.002978 0.765281 0.643338
1777374280.559553 5.661690 4.420631 0.309202 0.022345 -0.006931 0.758052 0.651775
1777374280.617319 5.656939 4.452717 0.307199 0.013512 -0.010627 0.751689 0.659294
1777374280.666560 5.656087 4.485486 0.312506 0.006473 -0.002276 0.743973 0.668175
1777374280.722486 5.651837 4.509554 0.316817 0.006476 -0.001156 0.737139 0.675710
1777374280.777256 5.649254 4.540021 0.316190 0.006419 -0.000234 0.731134 0.682204
1777374280.860720 5.646367 4.573568 0.314007 0.006108 -0.000766 0.724770 0.688964
1777374280.880019 5.645815 4.607821 0.311856 0.008371 0.002730 0.718534 0.695436
1777374280.938236 5.644783 4.640718 0.306868 0.001149 -0.000776 0.711803 0.702378
1777374281.015368 5.647358 4.669152 0.308838 0.006306 0.000122 0.706123 0.708061
1777374281.043092 5.647877 4.697352 0.312651 0.006177 0.002385 0.702649 0.711506
1777374281.092818 5.649217 4.724259 0.311908 0.009605 0.003601 0.704937 0.709195
1777374281.151942 5.650355 4.753922 0.310801 0.014647 0.000455 0.709203 0.704852
1777374281.195828 5.651524 4.785689 0.309421 0.019487 -0.002060 0.713799 0.700076
1777374281.268312 5.648449 4.821378 0.310211 -0.008103 -0.005502 0.717076 0.696926
1777374281.308480 5.644821 4.850138 0.313960 -0.005020 -0.000906 0.722992 0.690838
1777374281.361134 5.639544 4.880812 0.316632 -0.007113 -0.009968 0.728884 0.684528
1777374281.418398 5.633595 4.917055 0.315440 -0.003741 -0.017309 0.729537 0.683712
1777374281.470577 5.628968 4.951895 0.313094 0.001719 -0.020481 0.727401 0.685905
1777374281.526201 5.628693 4.986495 0.310056 0.006415 -0.010865 0.726020 0.687558
1777374281.570484 5.626864 5.020144 0.312886 -0.001107 -0.008513 0.724481 0.689241
1777374281.625583 5.628834 5.046643 0.314814 0.010594 -0.006457 0.721127 0.692692
1777374281.683062 5.628926 5.077296 0.314297 0.012758 -0.007027 0.714014 0.699980
1777374281.731369 5.630462 5.111569 0.312422 0.013912 -0.008894 0.707441 0.706579
1777374281.802889 5.629610 5.145325 0.309150 0.004787 -0.010119 0.701505 0.712577
1777374281.840422 5.632696 5.177320 0.314319 -0.004327 -0.004001 0.693638 0.720299
1777374281.919371 5.631496 5.204546 0.318436 -0.003267 -0.002545 0.686953 0.726690
1777374281.947760 5.632216 5.237117 0.318563 -0.002911 -0.001691 0.683145 0.730275
1777374282.005769 5.632773 5.270779 0.316669 -0.002572 -0.001237 0.684935 0.728599
1777374282.072042 5.635439 5.306998 0.313800 -0.001832 0.002864 0.689414 0.724360
1777374282.110654 5.636747 5.342200 0.308681 -0.010011 -0.002859 0.693367 0.720510
1777374282.181551 5.640868 5.364657 0.311201 -0.003328 0.000085 0.699416 0.714707
1777374282.218624 5.641345 5.395895 0.313355 0.000240 0.004168 0.704615 0.709578
1777374282.271201 5.641060 5.423762 0.312027 -0.001950 0.001524 0.708721 0.705485
1777374282.330446 5.637549 5.456007 0.309895 -0.011271 -0.001095 0.713298 0.700769
1777374282.377551 5.633829 5.485931 0.307356 -0.011897 0.003559 0.718798 0.695108
1777374282.432449 5.627361 5.503893 0.311652 -0.015648 0.000478 0.727225 0.686221
1777374282.484529 5.622606 5.523257 0.316357 -0.016456 -0.004014 0.737122 0.675548
1777374282.537297 5.616484 5.543052 0.317400 -0.015291 -0.009226 0.748396 0.663012
1777374282.599240 5.607111 5.568678 0.317277 -0.013333 -0.011036 0.760189 0.649472
1777374282.651267 5.596048 5.592628 0.313982 -0.009413 -0.007446 0.774524 0.632431
1777374282.706456 5.585056 5.615064 0.312303 -0.010169 -0.007271 0.789956 0.613037
1777374282.764705 5.578133 5.632608 0.312120 -0.011485 -0.001869 0.805423 0.592586
1777374282.821743 5.564801 5.649604 0.311216 -0.012540 0.002903 0.819524 0.572901
1777374282.877672 5.550333 5.669092 0.309719 -0.013511 0.003206 0.831064 0.556004
1777374282.925447 5.537176 5.688367 0.307188 -0.018958 0.002223 0.840136 0.542040
1777374282.991822 5.530164 5.705605 0.305338 -0.011005 0.000804 0.846989 0.531495
1777374283.039211 5.524447 5.720408 0.309721 -0.016819 0.002600 0.854815 0.518653
1777374283.119726 5.520828 5.734454 0.312305 -0.021995 0.010751 0.862908 0.504768
1777374283.142357 5.516416 5.747255 0.311892 -0.029773 0.009749 0.870421 0.491311
1777374283.191391 5.513505 5.756780 0.313246 -0.030753 0.006426 0.879348 0.475143
1777374283.248086 5.511029 5.764089 0.313368 -0.033294 0.005118 0.886881 0.460768
1777374283.299108 5.507410 5.770410 0.313573 -0.033903 0.001054 0.894202 0.446377
1777374283.438107 5.503016 5.776227 0.313211 -0.033233 -0.002879 0.900912 0.432718
1777374283.439068 5.497703 5.782136 0.311901 -0.030394 -0.007578 0.907594 0.418679
1777374283.458848 5.491634 5.788927 0.310398 -0.028417 -0.006950 0.914624 0.403247
1777374283.512803 5.487275 5.796806 0.308314 -0.024916 -0.003878 0.921140 0.388414
1777374283.558265 5.479577 5.803300 0.308961 -0.023983 0.000501 0.927449 0.373180
1777374283.644177 5.470511 5.808511 0.309068 -0.029263 0.000322 0.933580 0.357171
1777374283.672646 5.463748 5.813994 0.307611 -0.030443 0.004304 0.938441 0.344069
1777374283.730593 5.448897 5.819450 0.306916 -0.029677 0.000691 0.942606 0.332586
1777374283.776067 5.433805 5.829482 0.305737 -0.026606 0.004440 0.946654 0.321122
1777374283.829983 5.421657 5.837683 0.303861 -0.021211 -0.004019 0.950130 0.311107
1777374283.893815 5.409709 5.843916 0.309859 -0.015584 -0.007469 0.954059 0.299119
1777374283.936111 5.395345 5.851865 0.311904 -0.011750 -0.016775 0.957296 0.288384
1777374284.052510 5.377478 5.861122 0.312228 -0.009385 -0.022839 0.960036 0.278786
1777374284.086210 5.358842 5.871153 0.312174 -0.005782 -0.021254 0.963038 0.268463
1777374284.101426 5.339067 5.881614 0.311358 -0.002657 -0.015165 0.966338 0.256817
1777374284.160667 5.318138 5.893546 0.306620 -0.001219 -0.015937 0.969460 0.244729
1777374284.204749 5.301509 5.904090 0.308093 0.002558 -0.008093 0.972482 0.232822
1777374284.283015 5.284349 5.913345 0.308186 0.006438 -0.002447 0.975192 0.221253
1777374284.319812 5.265430 5.921090 0.308038 0.008505 0.000523 0.977433 0.211075
1777374284.359254 5.246433 5.930255 0.307856 0.010666 -0.000998 0.977577 0.210306
1777374284.423365 5.218477 5.943072 0.307606 0.009913 -0.002045 0.975715 0.218810
1777374284.469204 5.194256 5.956216 0.306705 0.007593 -0.000178 0.973813 0.227222
1777374284.525200 5.168881 5.966060 0.310844 0.003729 -0.010150 0.971394 0.237227
1777374284.571975 5.147089 5.975914 0.313861 0.001552 -0.006763 0.969976 0.243102
1777374284.645417 5.126246 5.987771 0.314213 0.000387 -0.005142 0.967863 0.251424
1777374284.688489 5.098837 6.003097 0.313022 0.000847 -0.001527 0.965678 0.259735
1777374284.732928 5.071879 6.021368 0.311362 0.001592 0.004664 0.963412 0.267978
1777374284.789077 5.045471 6.034729 0.310847 0.000568 -0.005016 0.960857 0.276998
1777374284.842935 5.024024 6.050312 0.310323 0.003157 0.003013 0.958280 0.285798
1777374284.916346 5.003100 6.064540 0.312858 0.004257 0.006658 0.955407 0.295186
1777374284.944704 4.981663 6.078994 0.313494 0.001963 0.006106 0.952057 0.305854
1777374284.995234 4.957362 6.096727 0.311899 -0.000545 0.002325 0.948534 0.316667
1777374285.051917 4.934197 6.115042 0.309069 -0.004517 -0.000740 0.945290 0.326199
1777374285.104852 4.910388 6.130223 0.310209 -0.000667 -0.005202 0.941972 0.335650
1777374285.162068 4.891283 6.141702 0.317371 -0.004969 -0.007994 0.937430 0.348047
1777374285.207099 4.875520 6.154292 0.317996 -0.005864 -0.008386 0.932729 0.360432
1777374285.266226 4.858533 6.168071 0.316991 -0.006610 -0.004630 0.927465 0.373822
1777374285.312098 4.842934 6.183233 0.314823 -0.009070 0.000514 0.921881 0.387366
1777374285.361737 4.829448 6.197504 0.310629 -0.013708 0.002992 0.914818 0.403623
1777374285.439374 4.819828 6.209110 0.308364 -0.012000 -0.010008 0.906699 0.421490
1777374285.474372 4.813193 6.218898 0.307094 -0.007116 -0.012978 0.896922 0.441941
1777374285.520752 4.808105 6.228586 0.308079 -0.006633 -0.009309 0.887323 0.461007
1777374285.576341 4.806216 6.234483 0.309926 -0.005435 -0.006604 0.874286 0.485336
1777374285.627905 4.802900 6.242315 0.311396 -0.009323 -0.008857 0.860450 0.509373
1777374285.684700 4.799190 6.252901 0.312095 -0.015005 -0.012921 0.845374 0.533808
1777374285.735000 4.797276 6.263166 0.312590 -0.018826 -0.014051 0.830491 0.556536
1777374285.791618 4.795097 6.272772 0.312959 -0.020219 -0.016264 0.816551 0.576690
1777374285.872163 4.794992 6.281461 0.314469 -0.019001 -0.015958 0.802975 0.595496
1777374285.898627 4.792422 6.288325 0.317099 -0.016929 -0.010878 0.804932 0.593026
1777374285.971195 4.792518 6.294713 0.319186 -0.015956 -0.003914 0.814744 0.579588
1777374286.009232 4.791537 6.295805 0.319989 -0.014447 -0.008629 0.824506 0.565602
1777374286.071575 4.791231 6.296605 0.318220 -0.011031 -0.017755 0.834735 0.550255
1777374286.110067 4.792694 6.297470 0.315894 -0.006959 -0.015560 0.845672 0.533431
1777374286.170442 4.793743 6.298038 0.315805 -0.003374 -0.016826 0.858146 0.513118
1777374286.214511 4.792998 6.298919 0.315896 -0.001226 -0.016035 0.870579 0.491765
1777374286.264106 4.791353 6.299520 0.316374 -0.000366 -0.015724 0.881870 0.471231
1777374286.335533 4.789896 6.300552 0.315131 0.001609 -0.014730 0.894351 0.447120
1777374286.368306 4.787411 6.301862 0.314271 0.002011 -0.015178 0.906124 0.422735
1777374286.423000 4.784235 6.303329 0.313406 0.002632 -0.013162 0.918593 0.394978
1777374286.475456 4.780058 6.303895 0.311848 0.004274 -0.008190 0.930532 0.366094
1777374286.527507 4.774785 6.303322 0.311201 0.002355 -0.002682 0.941345 0.337428
1777374286.598263 4.772553 6.304989 0.310704 -0.005253 0.004931 0.952595 0.304156
1777374286.644599 4.768211 6.303896 0.307324 -0.010980 0.011036 0.963996 0.265461
1777374286.686472 4.764048 6.301342 0.300967 -0.010957 0.019388 0.974471 0.223408
1777374286.758237 4.759392 6.294824 0.304897 -0.013124 0.015218 0.982204 0.186737
1777374286.796260 4.757817 6.295182 0.307800 -0.010482 0.011508 0.988749 0.148774
1777374286.895805 4.754112 6.297165 0.307548 -0.010528 0.024692 0.993794 0.107947
1777374286.905754 4.756063 6.298043 0.308058 -0.007067 0.020062 0.996981 0.074676
1777374286.974312 4.756771 6.300145 0.308988 -0.004247 0.025251 0.998942 0.038194
1777374287.027321 4.757289 6.293328 0.310714 -0.009982 0.009576 0.999869 -0.008380
1777374287.070946 4.758897 6.290559 0.308871 -0.012887 -0.001072 0.998836 -0.046476
1777374287.131857 4.756542 6.287184 0.308038 -0.007994 -0.007191 0.996850 -0.078576
1777374287.179400 4.755461 6.288466 0.306706 -0.002399 -0.002998 0.994112 -0.108287
1777374287.257604 4.754100 6.289254 0.307850 -0.002350 0.001647 0.991331 -0.131361
1777374287.282317 4.752482 6.288841 0.308436 -0.003309 0.000240 0.988527 -0.151006
1777374287.333518 4.751649 6.287708 0.309092 -0.000483 -0.000201 0.985668 -0.168699
1777374287.388603 4.751108 6.285899 0.308424 0.000012 -0.002699 0.983081 -0.183150
1777374287.438849 4.750936 6.282246 0.309441 -0.000502 -0.005089 0.980746 -0.195222
1777374287.510427 4.748680 6.279681 0.309387 -0.004903 -0.008356 0.977498 -0.210723
1777374287.543849 4.748972 6.274787 0.307414 -0.008803 -0.011274 0.973825 -0.226851
1777374287.597950 4.747540 6.270567 0.305474 -0.007940 -0.004028 0.970628 -0.240422
1777374287.671893 4.748011 6.266823 0.305859 -0.007601 -0.004400 0.967857 -0.251349
1777374287.704616 4.746818 6.264506 0.306557 -0.002904 -0.007121 0.965139 -0.261624
1777374287.759372 4.745359 6.264709 0.307850 -0.001281 -0.006727 0.961847 -0.273501
1777374287.810252 4.741355 6.261800 0.308605 -0.002395 -0.006057 0.958759 -0.284147
1777374287.864347 4.735236 6.257349 0.309031 -0.000372 -0.007411 0.955600 -0.294575
1777374287.920331 4.726168 6.251934 0.308756 0.000542 -0.007451 0.952382 -0.304817
1777374287.972604 4.714849 6.243669 0.307587 0.001411 -0.006481 0.949128 -0.314821
1777374288.078740 4.703159 6.235606 0.303456 0.003155 -0.003398 0.945662 -0.325118
1777374288.079661 4.689322 6.224285 0.302715 0.001919 0.000414 0.941585 -0.336770
1777374288.130790 4.680871 6.217630 0.303100 -0.000627 -0.000753 0.938693 -0.344753
1777374288.182801 4.669914 6.207801 0.303090 -0.001093 0.002248 0.933968 -0.357349
1777374288.235934 4.659278 6.196278 0.302906 0.003741 -0.001383 0.930668 -0.365844
1777374288.311129 4.645720 6.180617 0.302038 0.007057 -0.006248 0.926910 -0.375165
1777374288.366956 4.631813 6.164855 0.300485 0.006902 -0.003962 0.923408 -0.383738
1777374288.436128 4.618626 6.147861 0.301032 0.012375 -0.011228 0.919960 -0.391657
1777374288.454540 4.604241 6.131989 0.306655 0.011890 -0.009239 0.914883 -0.403439
1777374288.509986 4.591516 6.115534 0.308853 0.012349 -0.009403 0.910476 -0.413271
1777374288.568723 4.576010 6.094841 0.308827 0.016091 -0.011512 0.905485 -0.423917
1777374288.616647 4.559441 6.072302 0.308605 0.018172 -0.006843 0.900678 -0.434054
1777374288.669241 4.541915 6.050561 0.308839 0.014312 -0.000822 0.896804 -0.442195
1777374288.718121 4.523530 6.027829 0.304421 0.019543 -0.004684 0.898361 -0.438798
1777374288.772491 4.509715 6.012709 0.308454 0.020120 0.002083 0.900887 -0.433582
1777374288.824601 4.492682 5.991089 0.310794 0.020907 0.008262 0.903986 -0.426972
1777374288.877717 4.474597 5.969443 0.311533 0.023070 0.005749 0.908126 -0.418023
1777374288.932108 4.453187 5.944896 0.310787 0.025502 0.000876 0.911661 -0.410151
1777374288.988200 4.432102 5.923233 0.308623 0.023629 0.006565 0.914948 -0.402826
1777374289.038892 4.414694 5.901875 0.315414 0.021370 0.000935 0.919243 -0.393110
1777374289.089598 4.398648 5.885954 0.317701 0.016519 0.002172 0.922537 -0.385548
1777374289.148136 4.375202 5.863653 0.316771 0.010083 0.005815 0.926375 -0.376422
1777374289.228207 4.349899 5.841277 0.314506 0.004063 0.008015 0.930186 -0.366979
1777374289.254621 4.329059 5.821029 0.310238 0.007335 0.000922 0.933634 -0.358152
1777374289.324430 4.306046 5.802585 0.304485 0.012156 -0.000344 0.937408 -0.348020
1777374289.360826 4.294327 5.791958 0.308659 0.007112 0.004897 0.940717 -0.339082
1777374289.413905 4.276905 5.777004 0.311603 0.004124 0.006708 0.944986 -0.327017
1777374289.472904 4.258519 5.762029 0.311451 0.002567 0.001117 0.949822 -0.312778
1777374289.537451 4.241219 5.747383 0.309973 -0.000348 -0.007373 0.954346 -0.298613
1777374289.591105 4.223448 5.735125 0.308811 0.005645 -0.003553 0.958830 -0.283902
1777374289.625517 4.207829 5.722945 0.309733 0.010698 -0.011164 0.963280 -0.268055
1777374289.680253 4.195951 5.712224 0.313828 0.008362 -0.017007 0.968118 -0.249778
1777374289.740327 4.185791 5.706602 0.314615 0.004259 -0.015028 0.972785 -0.231181
1777374289.781204 4.172241 5.700051 0.313455 0.001276 -0.012115 0.977597 -0.210132
1777374289.835547 4.156547 5.694010 0.311602 -0.003795 -0.006538 0.982108 -0.188169
1777374289.905354 4.140980 5.688621 0.308949 -0.007966 -0.003172 0.986078 -0.166063
1777374289.940176 4.127192 5.684146 0.307941 -0.000888 -0.007747 0.989284 -0.145797
1777374289.993710 4.113452 5.681782 0.306969 0.004230 -0.008253 0.992445 -0.122343
1777374290.048063 4.100748 5.679706 0.306783 0.004093 -0.003790 0.995011 -0.099607
1777374290.112002 4.092853 5.680600 0.308097 0.003740 -0.000571 0.997205 -0.074623
1777374290.154579 4.081702 5.682883 0.309329 0.005985 0.006612 0.998763 -0.048921
1777374290.202207 4.066551 5.683765 0.310813 0.006614 0.004529 0.999710 -0.022692
1777374290.259264 4.051045 5.684878 0.312236 0.002441 -0.008559 0.999959 0.001939
1777374290.308850 4.037191 5.685667 0.312411 0.003747 -0.011906 0.999652 0.023220
1777374290.369889 4.020586 5.685400 0.315458 0.001588 -0.015325 0.998891 0.044488
1777374290.417061 4.007509 5.683535 0.317361 -0.002077 -0.014448 0.997758 0.065318
1777374290.474022 3.996044 5.684520 0.317246 -0.003781 -0.012134 0.996234 0.085771
1777374290.529296 3.983850 5.685857 0.314381 -0.001040 -0.012323 0.994416 0.104806
1777374290.581281 3.967949 5.687222 0.311140 0.001499 -0.013303 0.992290 0.123210
1777374290.665228 3.951413 5.691304 0.308762 -0.003550 -0.006441 0.990456 0.137632
1777374290.695154 3.937646 5.697983 0.306385 -0.006599 0.002045 0.988982 0.147876
1777374290.756706 3.924618 5.704881 0.305248 -0.004809 -0.008466 0.986703 0.162245
1777374290.807521 3.911911 5.712544 0.304556 0.000356 -0.009527 0.984398 0.175695
1777374290.856273 3.897413 5.717960 0.305255 -0.000326 -0.006243 0.982383 0.186773
1777374290.909631 3.888481 5.724584 0.307692 -0.001252 -0.004487 0.979360 0.202070
1777374290.967216 3.876466 5.733100 0.308785 0.001341 0.002404 0.976025 0.217640
1777374291.016172 3.861975 5.743728 0.308382 0.006641 0.004733 0.972331 0.233466
1777374291.069465 3.843988 5.755181 0.306480 0.006364 0.000688 0.968795 0.247781
1777374291.118411 3.827205 5.765546 0.306914 -0.006378 -0.006520 0.965169 0.261467
1777374291.174717 3.808573 5.776908 0.312074 -0.006525 -0.006483 0.961986 0.272946
1777374291.221784 3.793410 5.784492 0.314869 -0.006977 -0.005056 0.958193 0.285994
1777374291.290444 3.778913 5.794684 0.314051 -0.005208 -0.002649 0.954040 0.299622
1777374291.336223 3.762593 5.807575 0.312940 -0.011819 0.002490 0.952529 0.304208
1777374291.392816 3.753694 5.820242 0.311553 -0.023540 0.005796 0.953085 0.301730
1777374291.488154 3.749798 5.826104 0.312260 -0.025506 0.005931 0.954463 0.297176
1777374291.503829 3.749316 5.827623 0.311868 -0.025941 0.005973 0.955282 0.294497
1777374291.562717 3.749669 5.826760 0.311673 -0.024680 0.002730 0.955652 0.293451
1777374291.607930 3.751003 5.824898 0.310749 -0.021271 0.000362 0.955823 0.293173
1777374291.710949 3.752016 5.823563 0.310481 -0.019783 -0.000825 0.956440 0.291256
1777374291.721395 3.752136 5.823181 0.309647 -0.019578 -0.001235 0.956576 0.290821
1777374291.763434 3.751909 5.823534 0.309263 -0.019714 -0.001035 0.956353 0.291547
1777374291.818354 3.751721 5.824122 0.309144 -0.019949 -0.000825 0.956331 0.291602
1777374291.876538 3.751717 5.824245 0.309128 -0.020024 -0.000815 0.956393 0.291395
1777374291.956960 3.751779 5.824021 0.309129 -0.020022 -0.001024 0.956376 0.291449
1777374291.990485 3.751766 5.823944 0.309123 -0.020037 -0.001085 0.956367 0.291477
1777374292.045388 3.751769 5.824139 0.309123 -0.020033 -0.000859 0.956367 0.291480
1777374292.142743 3.751762 5.824294 0.309107 -0.020058 -0.000699 0.956377 0.291444
1777374292.146387 3.751739 5.824286 0.309115 -0.020076 -0.000695 0.956400 0.291370
1777374292.277208 3.751773 5.824215 0.309118 -0.020051 -0.000762 0.956407 0.291349
1777374292.279322 3.751827 5.824261 0.309123 -0.020007 -0.000661 0.956410 0.291341
1777374292.305220 3.751868 5.824337 0.309108 -0.019977 -0.000554 0.956403 0.291365
1777374292.359354 3.751862 5.824352 0.309113 -0.019966 -0.000501 0.956392 0.291404
1777374292.400809 3.751833 5.824325 0.309110 -0.020007 -0.000555 0.956403 0.291363
1777374292.476161 3.751839 5.824369 0.309102 -0.020043 -0.000481 0.956393 0.291396
1777374292.632486 3.751903 5.824415 0.309097 -0.019964 -0.000415 0.956401 0.291374
1777374292.635542 3.751907 5.824464 0.309108 -0.019947 -0.000319 0.956409 0.291348
1777374292.669011 3.751828 5.824476 0.309117 -0.020059 -0.000318 0.956404 0.291357
1777374292.671833 3.751818 5.824504 0.309122 -0.020078 -0.000312 0.956401 0.291366
1777374292.735015 3.751867 5.824572 0.309120 -0.020081 -0.000209 0.956403 0.291359
1777374292.780603 3.751834 5.824577 0.309138 -0.020111 -0.000190 0.956423 0.291291
1777374292.854928 3.751769 5.824582 0.309150 -0.020209 -0.000202 0.956433 0.291251
1777374292.886544 3.751808 5.824605 0.309162 -0.020175 -0.000151 0.956419 0.291301
1777374292.937343 3.751840 5.824659 0.309156 -0.020170 -0.000062 0.956420 0.291298
1777374293.002807 3.751850 5.824690 0.309146 -0.020180 -0.000030 0.956434 0.291249
1777374293.058875 3.751856 5.824687 0.309150 -0.020128 -0.000014 0.956433 0.291258
1777374293.185638 3.751840 5.824734 0.309147 -0.020154 0.000039 0.956415 0.291315
1777374293.186259 3.751895 5.824786 0.309152 -0.020137 0.000140 0.956425 0.291284
1777374293.205125 3.751940 5.824777 0.309157 -0.020087 0.000170 0.956432 0.291265
1777374293.263382 3.751891 5.824757 0.309165 -0.020132 0.000133 0.956437 0.291243
1777374293.322088 3.751863 5.824826 0.309167 -0.020174 0.000217 0.956451 0.291195
1777374293.383154 3.751909 5.824904 0.309159 -0.020164 0.000338 0.956428 0.291271
1777374293.426940 3.751956 5.824894 0.309179 -0.020114 0.000349 0.956431 0.291264
1777374293.500381 3.751946 5.824869 0.309164 -0.020121 0.000326 0.956465 0.291153
1777374293.530673 3.751899 5.824905 0.309164 -0.020148 0.000364 0.956474 0.291123
1777374293.613636 3.751940 5.824976 0.309171 -0.020115 0.000482 0.956450 0.291203
1777374293.672923 3.751981 5.825011 0.309182 -0.020096 0.000543 0.956460 0.291172
1777374293.686287 3.751959 5.824993 0.309166 -0.020115 0.000505 0.956476 0.291118
1777374293.762524 3.751918 5.824978 0.309163 -0.020150 0.000490 0.956482 0.291094
1777374293.789741 3.751922 5.825060 0.309162 -0.020180 0.000594 0.956462 0.291158
1777374293.846344 3.751954 5.825110 0.309171 -0.020176 0.000687 0.956448 0.291206
1777374293.907248 3.751966 5.825074 0.309165 -0.020170 0.000646 0.956475 0.291116
1777374293.953136 3.751932 5.825069 0.309160 -0.020191 0.000629 0.956489 0.291068
1777374294.018188 3.751940 5.825104 0.309147 -0.020178 0.000695 0.956466 0.291146
1777374294.063346 3.752042 5.825167 0.309145 -0.020070 0.000811 0.956473 0.291128
1777374294.143755 3.752112 5.825168 0.309166 -0.019984 0.000848 0.956477 0.291121
1777374294.185593 3.752066 5.825113 0.309174 -0.019979 0.000770 0.956490 0.291079
1777374294.404437 3.752070 5.825156 0.309155 -0.019961 0.000835 0.956485 0.291096
1777374294.462487 3.752113 5.825239 0.309154 -0.019961 0.000960 0.956455 0.291195
1777374294.465565 3.752073 5.825262 0.309159 -0.020055 0.000987 0.956487 0.291084
1777374294.504061 3.752013 5.825214 0.309148 -0.020101 0.000912 0.956502 0.291032
1777374294.509631 3.752007 5.825233 0.309139 -0.020111 0.000921 0.956507 0.291013
1777374294.568928 3.752149 5.825316 0.309166 -0.019974 0.001086 0.956475 0.291127
1777374294.596872 3.752090 5.825270 0.309146 -0.020042 0.001018 0.956506 0.291022
1777374294.693658 3.752049 5.825263 0.309149 -0.020080 0.001002 0.956511 0.291002
1777374294.706686 3.752098 5.825344 0.309137 -0.020044 0.001148 0.956492 0.291069
1777374294.758947 3.752150 5.825392 0.309136 -0.020034 0.001217 0.956482 0.291102
1777374294.829196 3.752136 5.825404 0.309144 -0.020067 0.001233 0.956501 0.291036
1777374294.879693 3.752064 5.825358 0.309170 -0.020115 0.001147 0.956521 0.290968
1777374294.917769 3.752057 5.825366 0.309167 -0.020106 0.001160 0.956510 0.291004
1777374294.974379 3.752137 5.825463 0.309145 -0.020048 0.001312 0.956494 0.291060
1777374295.025471 3.752171 5.825464 0.309157 -0.020012 0.001310 0.956512 0.291002
1777374295.091833 3.752126 5.825434 0.309150 -0.020056 0.001277 0.956541 0.290906
1777374295.128278 3.752110 5.825461 0.309163 -0.020083 0.001320 0.956544 0.290893
1777374295.200069 3.752140 5.825545 0.309171 -0.020075 0.001443 0.956538 0.290913
1777374295.237548 3.752183 5.825560 0.309157 -0.020037 0.001472 0.956543 0.290899
1777374295.299143 3.752135 5.825532 0.309176 -0.020096 0.001427 0.956586 0.290753
1777374295.368139 3.752061 5.825512 0.309173 -0.020176 0.001367 0.956587 0.290745
1777374295.398687 3.752452 5.825363 0.309045 -0.020002 0.001373 0.956607 0.290691
1777374295.458647 3.753523 5.825587 0.310251 -0.020377 -0.000202 0.959609 0.280598
1777374295.511587 3.754132 5.826255 0.312602 -0.018250 -0.000562 0.964957 0.261774
1777374295.550818 3.753987 5.826945 0.314071 -0.017143 -0.001964 0.970326 0.241186
1777374295.610531 3.752462 5.827006 0.315280 -0.016360 -0.003152 0.975988 0.217185
1777374295.671325 3.750580 5.827301 0.315524 -0.015627 -0.007233 0.981571 0.190320
1777374295.829108 3.749545 5.829364 0.315842 -0.015545 -0.006543 0.986296 0.164120
1777374295.832741 3.748752 5.831566 0.315523 -0.014479 -0.005867 0.990489 0.136703
1777374295.841310 3.748020 5.834315 0.314979 -0.012287 -0.001843 0.994364 0.105295
1777374295.912714 3.747544 5.838064 0.313963 -0.009276 0.004081 0.997159 0.074639
1777374295.934916 3.749389 5.841547 0.312110 -0.005333 0.013904 0.999005 0.042034
1777374295.983414 3.752079 5.845325 0.310330 -0.001034 0.026988 0.999598 0.008673
1777374296.035561 3.756782 5.844723 0.310328 -0.000256 0.028806 0.999299 -0.023910
1777374296.122238 3.756867 5.842626 0.308556 -0.008136 0.022891 0.997577 -0.065195
1777374296.139743 3.757706 5.841328 0.302821 -0.011787 0.021434 0.994102 -0.105653
1777374296.194362 3.760118 5.837538 0.304252 -0.007414 0.017087 0.990322 -0.137536
1777374296.293619 3.762539 5.837369 0.309958 -0.004019 0.017353 0.985000 -0.171632
1777374296.307309 3.759557 5.835856 0.311068 -0.002931 0.017317 0.978516 -0.205423
1777374296.378069 3.758730 5.834389 0.311826 -0.002809 0.015617 0.971551 -0.236300
1777374296.416872 3.759645 5.832404 0.312152 0.003833 0.011358 0.965189 -0.261280
1777374296.460201 3.759088 5.833397 0.309824 0.003152 0.011010 0.959981 -0.279832
1777374296.515852 3.759610 5.832857 0.310018 0.003316 0.013772 0.955571 -0.294422
1777374296.578394 3.760083 5.829582 0.310514 -0.000365 0.002528 0.949536 -0.313649
1777374296.638478 3.760885 5.828400 0.309305 -0.002737 -0.006755 0.942843 -0.333156
1777374296.686489 3.762515 5.826405 0.306839 -0.002528 -0.005788 0.937437 -0.348097
1777374296.757744 3.760934 5.825331 0.304027 -0.001147 -0.001435 0.933331 -0.359012
1777374296.858354 3.758440 5.822817 0.303916 -0.000404 -0.006124 0.934274 -0.356503
1777374296.861275 3.754352 5.821032 0.306152 0.002598 -0.008483 0.937037 -0.349118
1777374296.943140 3.747769 5.817168 0.305245 0.002051 -0.010103 0.939472 -0.342471
1777374296.962423 3.740399 5.811944 0.304419 0.003697 -0.012976 0.942274 -0.334571
1777374297.031029 3.732358 5.806116 0.303268 0.004339 -0.016318 0.945028 -0.326553
1777374297.061473 3.725793 5.802263 0.302310 0.004902 -0.016470 0.948107 -0.317486
1777374297.204467 3.719966 5.799088 0.301333 0.005134 -0.013945 0.951956 -0.305875
1777374297.207771 3.711080 5.792752 0.299664 0.003474 -0.008524 0.954521 -0.298001
1777374297.220507 3.699460 5.784970 0.297221 0.011866 -0.011060 0.958143 -0.285829
1777374297.287807 3.687973 5.778339 0.296306 0.012417 -0.006138 0.960777 -0.276976
1777374297.372469 3.674821 5.771396 0.297276 0.010512 0.000093 0.963431 -0.267752
1777374297.407286 3.667382 5.768507 0.298675 0.009936 0.003775 0.965880 -0.258771
1777374297.431650 3.650356 5.760243 0.299718 0.009136 0.008992 0.969393 -0.245180
1777374297.484818 3.634483 5.753408 0.300644 0.010556 0.007194 0.972421 -0.232882
1777374297.552570 3.614770 5.744088 0.300379 0.010990 0.002844 0.975207 -0.221004
1777374297.602838 3.594419 5.733889 0.299868 0.011210 -0.001878 0.977857 -0.208965
1777374297.705994 3.573922 5.724381 0.306414 0.010939 -0.007922 0.980453 -0.196291
1777374297.709038 3.558006 5.716184 0.309870 0.007679 -0.006493 0.982133 -0.187918
1777374297.773402 3.541400 5.709891 0.310548 0.006136 -0.004110 0.984192 -0.176950
1777374297.816361 3.518330 5.701069 0.309025 0.003809 -0.001023 0.986067 -0.166304
1777374297.859979 3.493809 5.693156 0.307415 0.002306 0.002416 0.987698 -0.156337
1777374297.942002 3.471441 5.686774 0.305827 -0.000110 0.005172 0.989037 -0.147576
1777374297.962480 3.448005 5.680428 0.304339 0.007655 -0.001651 0.990501 -0.137285
1777374298.046217 3.427602 5.677174 0.304849 0.005609 0.005739 0.991743 -0.127990
1777374298.070924 3.409104 5.675382 0.306999 0.007574 0.013879 0.992982 -0.117202
1777374298.121469 3.387513 5.672831 0.307595 0.008034 0.017324 0.994350 -0.104418
1777374298.187124 3.365144 5.671815 0.306974 0.011648 0.021560 0.995432 -0.092276
1777374298.222232 3.340236 5.668477 0.306797 0.009176 0.011787 0.996827 -0.078181
1777374298.307791 3.315644 5.666573 0.309035 0.000714 0.001979 0.997946 -0.064026
1777374298.344352 3.291586 5.661420 0.314070 0.000378 -0.000726 0.998593 -0.053024
1777374298.394346 3.273470 5.657973 0.316756 0.003591 -0.000533 0.999145 -0.041196
1777374298.457457 3.249905 5.654744 0.314996 0.007136 -0.001133 0.999537 -0.029556
1777374298.495886 3.225190 5.651821 0.312723 0.010156 -0.003638 0.999759 -0.019108
1777374298.543503 3.199358 5.650567 0.309852 0.011762 -0.000334 0.999889 -0.009192
1777374298.651946 3.173733 5.651035 0.307283 0.007434 0.002077 0.999970 0.000120
1777374298.661646 3.150722 5.652483 0.303129 0.008910 -0.003802 0.999911 0.009193
1777374298.713767 3.132098 5.655745 0.307180 0.010887 0.001746 0.999780 0.017826
1777374298.773957 3.112841 5.658728 0.308487 0.013319 0.009303 0.999430 0.029612
1777374298.841894 3.090159 5.662016 0.309315 0.015734 0.012215 0.998945 0.041381
1777374298.861392 3.067542 5.667257 0.308261 0.020533 0.015611 0.998248 0.053261
1777374298.919567 3.041251 5.671233 0.306244 0.019335 0.006223 0.997591 0.066330
1777374298.970639 3.014651 5.676243 0.309118 0.005662 -0.004159 0.996785 0.079811
1777374299.022127 2.989602 5.677131 0.314603 0.005209 -0.001837 0.995992 0.089267
1777374299.135328 2.966837 5.679931 0.317171 0.006042 -0.003029 0.994978 0.099870
1777374299.138696 2.941438 5.683068 0.315540 0.008424 -0.004946 0.993909 0.109768
1777374299.139348 2.941438 5.683068 0.315540 0.008424 -0.004946 0.993909 0.109768
1777374299.187405 2.911875 5.688328 0.313005 0.009827 -0.006020 0.992733 0.119781
1777374299.249018 2.884095 5.694872 0.310516 0.010898 -0.003067 0.991628 0.128634
1777374299.294463 2.857148 5.702924 0.307928 0.007003 -0.000155 0.990479 0.137485
1777374299.354426 2.830547 5.711857 0.307139 0.006718 -0.000114 0.990203 0.139471
1777374299.402146 2.808002 5.721013 0.308755 0.007943 0.003003 0.990715 0.135690
1777374299.457448 2.785099 5.728718 0.308612 0.009434 0.006782 0.991391 0.130419
1777374299.521003 2.760016 5.735280 0.307735 0.013017 0.008364 0.992268 0.123147
1777374299.561567 2.733633 5.742550 0.306940 0.017490 0.007412 0.993068 0.115999
1777374299.695324 2.710696 5.748826 0.306693 0.018943 0.006494 0.993744 0.109868
1777374299.704296 2.673866 5.751578 0.307628 -0.004774 -0.005985 0.994474 0.104705
1777374299.718863 2.647229 5.752894 0.313470 -0.000053 -0.007439 0.995313 0.096417
1777374299.785229 2.617926 5.754292 0.315455 0.004227 -0.017549 0.996051 0.086931
1777374299.821283 2.583789 5.755577 0.314009 0.009981 -0.023595 0.996720 0.076768
1777374299.901571 2.549153 5.758187 0.311529 0.011220 -0.016983 0.997663 0.065218
1777374299.928528 2.515916 5.763271 0.310677 -0.000800 -0.004251 0.998708 0.050638
1777374300.034641 2.486883 5.765477 0.314251 0.002415 -0.013283 0.998905 0.044792
1777374300.042346 2.457729 5.769493 0.315044 0.004651 -0.008205 0.998838 0.047255
1777374300.098132 2.425875 5.772660 0.313655 0.005760 -0.009628 0.998431 0.054859
1777374300.154370 2.390226 5.776381 0.311144 0.004895 -0.012855 0.998056 0.060782
1777374300.203937 2.360218 5.780612 0.309964 -0.000582 -0.011187 0.997646 0.067658
1777374300.300012 2.331127 5.782063 0.316243 -0.005135 -0.015601 0.996807 0.078146
1777374300.324244 2.303203 5.786938 0.318183 -0.007308 -0.013632 0.996176 0.085991
1777374300.422376 2.268580 5.792675 0.316300 -0.009375 -0.009589 0.995427 0.094578
1777374300.433913 2.232894 5.801481 0.313217 -0.011523 -0.002534 0.994641 0.102712
1777374300.491971 2.201173 5.808818 0.307958 -0.009588 -0.007921 0.993672 0.111627
1777374300.529425 2.173339 5.818284 0.308141 -0.008103 -0.001650 0.992865 0.118954
1777374300.587448 2.151451 5.824954 0.312935 -0.005859 0.003207 0.992049 0.125672
1777374300.648385 2.127173 5.832252 0.314208 -0.003967 0.003646 0.990445 0.137801
1777374300.684472 2.099606 5.841983 0.313260 -0.002925 0.003347 0.988989 0.147924
1777374300.741445 2.070973 5.851419 0.310211 -0.003796 -0.002093 0.987486 0.157649
1777374300.796978 2.039647 5.862015 0.310829 -0.008205 -0.007623 0.985452 0.169587
1777374300.848873 2.017710 5.866916 0.315766 -0.006932 -0.008170 0.983397 0.181153
1777374300.923192 1.993883 5.876095 0.316453 -0.007314 -0.008197 0.981531 0.190987
1777374301.006386 1.966615 5.885697 0.314727 -0.006295 -0.008399 0.979464 0.201348
1777374301.023786 1.940354 5.897457 0.312398 -0.004815 -0.005305 0.977535 0.210653
1777374301.095232 1.913948 5.910992 0.309411 -0.004546 -0.000708 0.975613 0.219450
1777374301.112313 1.887603 5.923787 0.305020 -0.004398 -0.012819 0.973133 0.229843
1777374301.180363 1.869981 5.937101 0.309300 -0.000654 -0.003286 0.971146 0.238464
1777374301.216419 1.852436 5.948787 0.311586 0.003508 0.005073 0.968678 0.248244
1777374301.290607 1.834212 5.960023 0.311970 0.003069 0.006562 0.966101 0.258064
1777374301.318794 1.810681 5.976485 0.310482 0.003540 0.006150 0.962431 0.271435
1777374301.371853 1.787354 5.991942 0.307504 -0.001479 -0.001116 0.959059 0.283200
1777374301.425860 1.768803 6.004143 0.309382 -0.002792 -0.003786 0.955321 0.295534
1777374301.496231 1.750712 6.014555 0.315404 -0.006926 -0.007574 0.951212 0.308367
1777374301.532346 1.736452 6.023577 0.316615 -0.006856 -0.007032 0.946334 0.323043
1777374301.588278 1.719999 6.034726 0.315464 -0.006404 -0.006303 0.941142 0.337892
1777374301.641342 1.702941 6.047600 0.313218 -0.007574 -0.004381 0.935603 0.352945
1777374301.737755 1.687845 6.060583 0.310524 -0.008266 -0.000966 0.930306 0.366691
1777374301.757494 1.674273 6.075225 0.306621 -0.008781 0.004037 0.924523 0.381003
1777374301.871091 1.661903 6.088850 0.303156 -0.006909 -0.007179 0.918434 0.395449
1777374301.871908 1.648948 6.106633 0.301465 -0.005028 -0.010042 0.910342 0.413706
1777374301.949217 1.643025 6.118858 0.306311 -0.001057 -0.006210 0.902043 0.431600
1777374302.003517 1.637621 6.130390 0.308046 0.003747 -0.001070 0.894626 0.446800
1777374302.029748 1.629072 6.147422 0.308792 0.006415 -0.000600 0.884752 0.466017
1777374302.087785 1.620447 6.164536 0.309497 -0.002997 -0.009380 0.874130 0.485592
1777374302.146781 1.612697 6.180840 0.308508 -0.008351 -0.013481 0.864200 0.502898
1777374302.210563 1.602479 6.199260 0.311810 -0.011424 -0.019009 0.854694 0.518659
1777374302.263033 1.593844 6.211037 0.313621 -0.013634 -0.019212 0.846047 0.532588
1777374302.310554 1.587618 6.223629 0.313127 -0.010314 -0.015993 0.836607 0.547473
1777374302.397213 1.580516 6.239133 0.309294 -0.006076 -0.016790 0.826785 0.562234
1777374302.414196 1.573090 6.257619 0.304744 -0.004114 -0.017937 0.816768 0.576673
1777374302.468479 1.569361 6.275093 0.303289 -0.008175 -0.006873 0.809861 0.586524
1777374302.514101 1.566871 6.289819 0.301548 -0.014317 -0.012344 0.801667 0.597472
1777374302.584369 1.566539 6.304264 0.300518 -0.010316 -0.017805 0.791721 0.610536
1777374302.633543 1.567057 6.313454 0.304084 -0.014492 -0.015741 0.780562 0.624712
1777374302.676673 1.568319 6.317869 0.306365 -0.012034 -0.012649 0.767437 0.640887
1777374302.793718 1.568753 6.323100 0.307906 -0.010120 -0.009974 0.753235 0.657598
1777374302.795133 1.569891 6.326233 0.308854 -0.005612 -0.006920 0.738719 0.673955
1777374302.843154 1.570371 6.327724 0.309710 -0.002539 -0.003481 0.724737 0.689012
1777374302.922010 1.571327 6.328445 0.309961 -0.006854 -0.006486 0.710903 0.703227
1777374302.941549 1.572020 6.329411 0.310218 -0.007954 -0.007178 0.698121 0.715899
1777374303.031655 1.571459 6.330828 0.310704 -0.009449 -0.007766 0.688030 0.725579
1777374303.046830 1.570301 6.332855 0.311205 -0.009406 -0.008949 0.679583 0.733484
1777374303.104886 1.570199 6.334216 0.313052 -0.010197 -0.009857 0.674037 0.738562
1777374303.201308 1.570098 6.336524 0.314265 -0.013065 -0.010794 0.666086 0.745683
1777374303.203133 1.571610 6.339332 0.314311 -0.016658 -0.010983 0.664642 0.746895
1777374303.284831 1.575982 6.340913 0.313706 -0.018057 -0.007240 0.665642 0.746017
1777374303.313508 1.579232 6.341164 0.311883 -0.017405 -0.004912 0.667698 0.744212
1777374303.375580 1.580289 6.341347 0.311327 -0.018500 -0.004809 0.669706 0.742380
1777374303.424363 1.579604 6.341070 0.311200 -0.018928 -0.006161 0.671682 0.740572
1777374303.477657 1.578560 6.341014 0.311783 -0.019303 -0.007746 0.673165 0.739199
1777374303.582706 1.577746 6.341209 0.312355 -0.019339 -0.008753 0.675177 0.737350
1777374303.591530 1.577331 6.341624 0.312609 -0.019122 -0.009004 0.676878 0.735792
1777374303.659880 1.577265 6.341937 0.312849 -0.019472 -0.009967 0.678164 0.734585
1777374303.693892 1.577358 6.342163 0.313006 -0.019482 -0.009842 0.679309 0.733528
1777374303.734018 1.577380 6.342200 0.313101 -0.019557 -0.010054 0.679988 0.732893
1777374303.797888 1.577423 6.342164 0.313142 -0.019567 -0.010093 0.680548 0.732373
1777374303.875861 1.577467 6.342332 0.313154 -0.019662 -0.010051 0.680409 0.732500
1777374303.928098 1.576998 6.343040 0.313207 -0.019949 -0.010541 0.676703 0.735910
1777374303.951679 1.577078 6.343302 0.313205 -0.020860 -0.011458 0.667984 0.743795
1777374304.027171 1.577160 6.343885 0.313321 -0.020702 -0.012279 0.656904 0.753590
1777374304.069906 1.577767 6.345449 0.313248 -0.020645 -0.012504 0.642092 0.766248
1777374304.108896 1.578777 6.346747 0.313093 -0.020318 -0.012265 0.625657 0.779737
1777374304.204651 1.579946 6.347489 0.313177 -0.018610 -0.010754 0.604287 0.796476
1777374304.216796 1.580561 6.347277 0.313151 -0.013933 -0.009112 0.579470 0.814823
1777374304.283925 1.580204 6.349779 0.311907 -0.017403 -0.010715 0.550478 0.834599
1777374304.345299 1.580689 6.349184 0.311803 -0.015344 -0.012170 0.518756 0.854698
1777374304.388609 1.581349 6.348604 0.314838 -0.019306 -0.010842 0.490942 0.870911
1777374304.445735 1.584590 6.348502 0.313117 -0.018827 -0.002847 0.459017 0.888224
1777374304.583659 1.588340 6.349454 0.310353 -0.016599 0.008319 0.424004 0.905470
1777374304.666295 1.589720 6.348277 0.308468 -0.013545 0.008607 0.392982 0.919406
1777374304.716467 1.592897 6.352221 0.305233 -0.012194 0.001411 0.361278 0.932377
1777374304.719637 1.594509 6.355361 0.306361 -0.010031 0.003556 0.330265 0.943828
1777374304.728002 1.593215 6.357336 0.309476 -0.012098 -0.000857 0.296128 0.955071
1777374304.745784 1.594892 6.359767 0.312441 -0.017636 -0.002693 0.258692 0.965795
1777374304.799006 1.597287 6.361613 0.313122 -0.015372 0.000667 0.218904 0.975625
1777374304.893979 1.598377 6.361845 0.312038 -0.009225 -0.000071 0.179553 0.983705
1777374304.907158 1.596813 6.362700 0.313452 -0.013858 0.000553 0.138741 0.990232
1777374305.012563 1.598843 6.360470 0.314876 -0.007128 0.003469 0.102245 0.994728
1777374305.018791 1.601866 6.361208 0.313670 -0.004236 0.011095 0.057414 0.998280
1777374305.084324 1.604345 6.359755 0.311706 -0.006215 0.015966 0.019847 0.999656
1777374305.124633 1.607810 6.359945 0.307742 -0.011746 0.008073 -0.014848 0.999788
1777374305.176435 1.612390 6.360525 0.306440 -0.013864 0.007276 -0.047811 0.998734
1777374305.292519 1.612483 6.362108 0.310088 -0.015338 0.003350 -0.083590 0.996377
1777374305.296484 1.614228 6.363109 0.313952 -0.020819 0.002191 -0.123466 0.992128
1777374305.359637 1.617106 6.362505 0.314886 -0.018519 0.002948 -0.164351 0.986224
1777374305.394722 1.619229 6.362040 0.314128 -0.017311 0.003200 -0.203918 0.978830
1777374305.442674 1.618858 6.364270 0.313414 -0.015798 0.000648 -0.244138 0.969612
1777374305.507112 1.617733 6.362010 0.315947 -0.013086 0.000668 -0.276130 0.961031
1777374305.553996 1.619397 6.361269 0.314701 -0.009231 0.003370 -0.308087 0.951307
1777374305.636928 1.621034 6.358357 0.312998 -0.004461 0.006994 -0.336360 0.941697
1777374305.659235 1.621062 6.356466 0.309292 -0.008318 0.006127 -0.357181 0.933978
1777374305.766683 1.624799 6.354526 0.307371 -0.013925 0.004973 -0.367573 0.929877
1777374305.770574 1.626796 6.354681 0.306985 -0.012027 0.006174 -0.366517 0.930313
1777374305.820244 1.630170 6.353272 0.308772 -0.012191 0.004326 -0.369363 0.929195
1777374305.907877 1.634859 6.350563 0.309213 -0.011119 0.003889 -0.373535 0.927541
1777374305.947479 1.640696 6.345757 0.309479 -0.009448 0.002868 -0.376940 0.926185
1777374306.012124 1.647986 6.338338 0.309071 -0.007231 0.003159 -0.382276 0.924014
1777374306.029386 1.655220 6.330788 0.308344 -0.005882 0.004269 -0.387546 0.921822
1777374306.079910 1.664677 6.322264 0.307032 -0.003546 0.004875 -0.394456 0.918895
1777374306.130427 1.673091 6.315590 0.306395 -0.002919 0.005153 -0.405020 0.914289
1777374306.182911 1.685870 6.305236 0.307195 -0.008252 0.010434 -0.415647 0.909429
1777374306.269600 1.697967 6.290509 0.306938 -0.011079 0.011671 -0.424630 0.905224
1777374306.292111 1.713909 6.274431 0.307416 -0.017186 0.010540 -0.427645 0.903722
1777374306.347877 1.723517 6.261834 0.311313 -0.016549 0.013851 -0.423501 0.905639
1777374306.399236 1.736552 6.243987 0.312252 -0.014719 0.014056 -0.419969 0.907310
1777374306.452223 1.753001 6.223151 0.310979 -0.010061 0.014128 -0.414338 0.909958
1777374306.529294 1.770519 6.198418 0.308903 -0.000486 0.013121 -0.407071 0.913302
1777374306.555087 1.790108 6.180716 0.307021 -0.010112 0.009992 -0.400851 0.916033
1777374306.609352 1.804557 6.161658 0.304916 -0.003807 0.004646 -0.392716 0.919640
1777374306.665226 1.819383 6.144566 0.307379 -0.000103 0.000536 -0.385041 0.922899
1777374306.713924 1.838407 6.127131 0.308349 -0.002048 -0.000111 -0.377111 0.926166
1777374306.776933 1.859036 6.108405 0.308467 -0.010433 -0.001356 -0.368699 0.929490
1777374306.816557 1.881008 6.088323 0.307277 -0.015696 0.002959 -0.359379 0.933055
1777374306.878664 1.903620 6.069085 0.309515 -0.020273 0.005094 -0.352129 0.935718
1777374306.961176 1.922997 6.053481 0.313778 -0.019286 0.004013 -0.341668 0.939614
1777374306.984257 1.946647 6.033670 0.314669 -0.021505 0.005026 -0.330469 0.943559
1777374307.045757 1.973073 6.013831 0.313695 -0.021829 0.003288 -0.319277 0.947405
1777374307.097704 1.999886 5.992092 0.311645 -0.013302 0.004030 -0.308484 0.951128
1777374307.165371 2.024387 5.976017 0.306217 -0.023726 0.003389 -0.298995 0.953954
1777374307.203680 2.040365 5.960262 0.308365 -0.015317 -0.001091 -0.288430 0.957378
1777374307.249307 2.062019 5.946047 0.309644 -0.009811 -0.002455 -0.276913 0.960842
1777374307.307327 2.086022 5.932277 0.309035 -0.012900 -0.002525 -0.267257 0.963536
1777374307.356925 2.109637 5.918470 0.307460 -0.016294 -0.003377 -0.258048 0.965989
1777374307.459297 2.137254 5.902446 0.306200 -0.016401 -0.001161 -0.247113 0.968847
1777374307.463080 2.164280 5.891306 0.309798 -0.023918 0.002044 -0.240038 0.970467
1777374307.521236 2.185270 5.881344 0.313870 -0.020747 0.000669 -0.229284 0.973138
1777374307.580679 2.209074 5.870464 0.315160 -0.023612 0.001724 -0.217440 0.975787
1777374307.629851 2.237944 5.858631 0.314874 -0.024976 -0.000310 -0.206110 0.978210
1777374307.690279 2.266484 5.846284 0.313184 -0.018737 -0.000469 -0.194707 0.980682
1777374307.732712 2.294782 5.835450 0.308937 -0.020983 0.003100 -0.183285 0.982831
1777374307.850745 2.307331 5.830156 0.305550 -0.024837 0.002657 -0.174737 0.984298
1777374307.852818 2.328747 5.821541 0.309043 -0.023022 0.004439 -0.171288 0.984942
1777374307.916663 2.347374 5.817853 0.310167 -0.024843 0.007389 -0.166119 0.985765
1777374307.957539 2.368026 5.814636 0.308813 -0.027771 0.012907 -0.160153 0.986617
1777374308.000078 2.384579 5.811028 0.308069 -0.024617 0.008316 -0.153028 0.987880
1777374308.526097 2.401989 5.806434 0.307449 -0.023782 0.004113 -0.146564 0.988907
1777374308.527006 2.421766 5.802946 0.308607 -0.029228 0.005711 -0.140162 0.989681
1777374308.527211 2.433760 5.798912 0.311606 -0.027315 0.005030 -0.131171 0.990971
1777374308.527506 2.449529 5.794609 0.313065 -0.026873 0.004318 -0.121098 0.992267
1777374308.528883 2.470768 5.790498 0.312450 -0.029068 0.004713 -0.110404 0.993451
1777374308.529354 2.492017 5.786184 0.311313 -0.024201 0.004788 -0.099573 0.994725
1777374308.530814 2.516961 5.781977 0.308397 -0.017227 0.007031 -0.086824 0.996050
1777374308.531045 2.537489 5.777544 0.304287 -0.018575 0.000738 -0.076089 0.996928
1777374308.531212 2.556432 5.771632 0.305716 -0.008997 -0.001141 -0.061499 0.998066
1777374308.536458 2.576631 5.767942 0.306340 -0.001458 -0.002769 -0.049172 0.998786
1777374308.585884 2.595100 5.765794 0.306224 -0.000395 -0.006308 -0.039377 0.999205
1777374308.638769 2.616713 5.762817 0.305520 0.001239 -0.010968 -0.028354 0.999537
1777374308.691159 2.640276 5.761675 0.304764 0.001059 -0.013084 -0.018610 0.999741
1777374308.752893 2.664198 5.763128 0.303602 -0.009180 -0.006657 -0.009312 0.999892
1777374308.800713 2.691291 5.763647 0.306708 -0.011811 -0.001240 -0.000153 0.999929
1777374308.886037 2.711782 5.766276 0.310549 -0.009999 -0.004196 0.014003 0.999843
1777374308.913333 2.734224 5.768765 0.311666 -0.014162 -0.006843 0.026011 0.999538
1777374308.957731 2.760900 5.772851 0.311410 -0.018392 -0.012277 0.037219 0.999063
1777374309.012224 2.788462 5.776789 0.309782 -0.015737 -0.014584 0.048352 0.998600
1777374309.076334 2.817173 5.777981 0.308002 -0.003382 -0.005382 0.061192 0.998106
1777374309.141588 2.842266 5.779472 0.307768 -0.005388 -0.006437 0.075371 0.997120
1777374309.169948 2.864270 5.780752 0.308553 -0.002785 -0.008933 0.087722 0.996101
1777374309.230874 2.886782 5.785200 0.307761 -0.000667 -0.010417 0.098099 0.995122
1777374309.284810 2.914106 5.789999 0.305914 -0.000349 -0.014936 0.107267 0.994118
1777374309.337445 2.942687 5.796211 0.304170 0.000631 -0.015319 0.117341 0.992973
1777374309.430478 2.970239 5.804821 0.303489 -0.013155 -0.004443 0.126234 0.991903
1777374309.444607 2.996151 5.812864 0.309748 -0.011734 -0.001532 0.135136 0.990756
1777374309.505165 3.016513 5.820531 0.313868 -0.011212 -0.001327 0.147886 0.988940
1777374309.548127 3.041376 5.828312 0.314466 -0.012327 0.000137 0.160038 0.987034
1777374309.602051 3.066104 5.830365 0.313174 -0.007937 0.010724 0.166443 0.985961
1777374309.656178 3.079296 5.835205 0.307748 -0.020061 0.017258 0.167657 0.985490
1777374309.711792 3.089239 5.835402 0.310137 -0.013249 0.015217 0.171200 0.985030
1777374309.769173 3.092819 5.837371 0.311039 -0.013524 0.014615 0.168990 0.985417
1777374309.815943 3.095552 5.838157 0.312222 -0.014596 0.011223 0.164253 0.986246
1777374309.866819 3.096741 5.839231 0.310938 -0.013736 0.006117 0.157797 0.987357
1777374309.933359 3.097847 5.839981 0.309432 -0.013582 0.001811 0.151536 0.988357
1777374309.978887 3.099052 5.838573 0.309422 -0.011655 0.002658 0.146853 0.989086
1777374310.032449 3.100771 5.835542 0.310320 -0.009625 0.001895 0.141505 0.989889
1777374310.079168 3.102920 5.832543 0.310094 -0.009766 0.004264 0.134143 0.990905
1777374310.148185 3.107414 5.829310 0.308955 -0.008270 0.008772 0.124451 0.992153
1777374310.198569 3.114447 5.824333 0.307093 -0.006970 0.012366 0.114289 0.993346
1777374310.243036 3.121933 5.822224 0.305272 -0.011842 0.004937 0.105855 0.994299
1777374310.352061 3.132891 5.822460 0.304140 -0.013699 0.000642 0.093099 0.995563
1777374310.360621 3.144559 5.824083 0.303060 -0.011922 -0.001351 0.083597 0.996427
1777374310.425452 3.153985 5.826108 0.304129 -0.008745 -0.003010 0.074026 0.997214
1777374310.466368 3.162961 5.827654 0.305952 -0.005639 -0.004726 0.062108 0.998042
1777374310.562393 3.171474 5.829825 0.306963 -0.006544 -0.004792 0.051433 0.998644
1777374310.570378 3.192762 5.832014 0.306701 -0.013827 -0.006347 0.040494 0.999064
1777374310.618574 3.212931 5.832234 0.304949 -0.016143 -0.008026 0.030977 0.999358
1777374310.687257 3.236042 5.835188 0.308257 -0.023464 -0.012069 0.019480 0.999462
1777374310.728030 3.255626 5.838048 0.312354 -0.024394 -0.008339 0.008101 0.999635
1777374310.841716 3.273797 5.837754 0.312844 -0.018641 -0.004271 -0.002344 0.999814
1777374310.910409 3.296832 5.838011 0.312386 -0.015711 -0.001101 -0.007563 0.999847
1777374310.912190 3.324711 5.838536 0.311044 -0.012210 0.002795 -0.001529 0.999920
1777374310.970196 3.352596 5.837521 0.309197 -0.006647 0.006563 0.007777 0.999926
1777374310.998290 3.380174 5.840514 0.306221 -0.015001 0.004226 0.015788 0.999754
1777374311.058858 3.405169 5.836864 0.306561 -0.007508 0.002404 0.023012 0.999704
1777374311.099915 3.428926 5.837870 0.309061 -0.001166 0.002759 0.021633 0.999762
1777374311.155242 3.456012 5.839697 0.309797 -0.006366 0.002620 0.014637 0.999869
1777374311.228045 3.486554 5.841705 0.308998 -0.013582 0.001706 0.007907 0.999875
1777374311.260322 3.519053 5.838922 0.308943 -0.009059 0.000713 0.001959 0.999957
1777374311.313574 3.546552 5.843353 0.314410 -0.020779 0.000523 -0.007218 0.999758
1777374311.371114 3.574087 5.843583 0.317630 -0.016361 0.002080 -0.013816 0.999769
1777374311.433140 3.595275 5.841128 0.317235 -0.015691 0.007457 -0.016623 0.999711
1777374311.479578 3.628099 5.837629 0.313901 -0.006629 0.017756 -0.020232 0.999616
1777374311.533682 3.650153 5.834552 0.312761 -0.013316 0.010012 -0.024863 0.999552
1777374311.586504 3.672534 5.832670 0.305489 -0.013809 0.004070 -0.031094 0.999413
1777374311.639976 3.685316 5.831544 0.302344 -0.014798 0.002748 -0.035891 0.999243
1777374311.710407 3.702513 5.830148 0.306120 -0.004062 0.000627 -0.041225 0.999142
1777374311.746781 3.719479 5.828610 0.308775 0.001232 -0.001001 -0.049993 0.998748
1777374311.811195 3.738330 5.826403 0.310561 -0.002271 -0.003890 -0.060118 0.998181
1777374311.855054 3.762011 5.823133 0.310331 -0.006695 -0.005406 -0.069609 0.997537
1777374311.904275 3.786011 5.817656 0.308254 -0.008708 -0.004361 -0.077769 0.996924
1777374311.997171 3.809777 5.817436 0.312566 -0.018286 -0.002898 -0.087743 0.995971
1777374312.013812 3.827503 5.814489 0.315885 -0.015834 -0.000303 -0.084907 0.996263
1777374312.095119 3.863169 5.807965 0.315853 -0.013116 0.001597 -0.079090 0.996780
1777374312.130855 3.893097 5.803358 0.314112 -0.009710 0.001819 -0.073321 0.997259
1777374312.183657 3.924598 5.797937 0.311534 -0.003481 0.006780 -0.065614 0.997816
1777374312.241613 3.955590 5.796806 0.307597 -0.015026 0.000371 -0.057628 0.998225
1777374312.291938 3.979084 5.792856 0.309853 -0.010301 0.000111 -0.048263 0.998782
1777374312.381784 4.006139 5.791781 0.311256 -0.006914 0.001366 -0.040073 0.999172
1777374312.395651 4.037185 5.791168 0.310702 -0.013819 0.000442 -0.039924 0.999107
1777374312.456218 4.069436 5.790714 0.309193 -0.023839 0.003875 -0.043005 0.998783
1777374312.508483 4.099241 5.784478 0.312659 -0.014622 -0.002156 -0.048504 0.998714
1777374312.558472 4.126236 5.784922 0.315947 -0.018876 0.001999 -0.055362 0.998286
1777374312.621704 4.153227 5.780290 0.316692 -0.016992 0.004558 -0.062027 0.997919
1777374312.660052 4.182499 5.775692 0.315536 -0.014275 0.008638 -0.068169 0.997534
1777374312.725784 4.214496 5.767606 0.306286 -0.010271 0.027926 -0.068948 0.997177
1777374312.780434 4.233029 5.761059 0.301182 -0.021287 0.025777 -0.068350 0.997101
1777374312.834654 4.249222 5.756790 0.301105 -0.022835 0.023135 -0.070657 0.996971
1777374312.925086 4.261591 5.755690 0.300381 -0.030552 0.018771 -0.078222 0.996291
1777374312.960983 4.268646 5.755727 0.305840 -0.023925 0.016155 -0.085858 0.995889
1777374313.008748 4.274178 5.754799 0.309324 -0.015107 0.012190 -0.094360 0.995349
1777374313.047655 4.282164 5.753271 0.311055 -0.011087 0.009471 -0.104917 0.994374
1777374313.100327 4.294825 5.749874 0.311242 -0.009204 0.007650 -0.117404 0.993012
1777374313.173261 4.308883 5.745392 0.310853 -0.009486 0.006328 -0.129908 0.991461
1777374313.207028 4.324244 5.739961 0.309149 -0.012431 0.005904 -0.142883 0.989644
1777374313.290598 4.339452 5.735867 0.309778 -0.019447 0.003555 -0.157893 0.987258
1777374313.316054 4.356805 5.730087 0.311993 -0.025990 0.002341 -0.174133 0.984376
1777374313.364101 4.368301 5.727336 0.313290 -0.026324 0.007473 -0.189479 0.981503
1777374313.418885 4.378709 5.722390 0.312923 -0.022160 0.008572 -0.209012 0.977624
1777374313.475066 4.394032 5.716101 0.310858 -0.018292 0.008624 -0.227586 0.973548
1777374313.575097 4.409645 5.708419 0.308842 -0.012681 0.009204 -0.245402 0.969295
1777374313.577994 4.423517 5.700156 0.306413 -0.007332 0.008714 -0.261906 0.965026
1777374313.631371 4.437267 5.690955 0.303588 -0.012227 0.008320 -0.280242 0.959816
1777374313.708048 4.449950 5.679533 0.300776 -0.017332 0.000902 -0.299543 0.953925
1777374313.734631 4.459841 5.670739 0.305576 -0.011986 0.000041 -0.317674 0.948125
1777374313.794356 4.467510 5.660870 0.308267 -0.007644 -0.001538 -0.340454 0.940229
1777374313.846327 4.476024 5.649085 0.309854 -0.003942 -0.006083 -0.362745 0.931860
1777374313.923101 4.488013 5.636169 0.310672 -0.011566 0.002482 -0.386821 0.922079
1777374313.956749 4.495217 5.625207 0.310502 -0.018224 0.009239 -0.407786 0.912849
1777374314.009986 4.505039 5.614317 0.311894 -0.022451 0.011024 -0.430956 0.902026
1777374314.078022 4.514238 5.602812 0.313021 -0.024007 0.012690 -0.451539 0.891838
1777374314.117047 4.522657 5.594486 0.313743 -0.024663 0.017600 -0.470646 0.881802
1777374314.238662 4.528505 5.585015 0.314205 -0.023965 0.023258 -0.491249 0.870379
1777374314.240021 4.531405 5.576002 0.313417 -0.018211 0.027064 -0.511383 0.858734
1777374314.240756 4.531405 5.576002 0.313417 -0.018211 0.027064 -0.511383 0.858734
1777374314.282374 4.534405 5.565392 0.310627 -0.014691 0.025754 -0.531335 0.846643
1777374314.329386 4.539648 5.552409 0.306338 -0.008589 0.021781 -0.550312 0.834631
1777374314.394855 4.544833 5.537667 0.301991 -0.003463 0.018832 -0.568955 0.822146
1777374314.448828 4.549754 5.525173 0.297220 -0.010748 0.017229 -0.583409 0.811924
1777374314.496111 4.553010 5.507935 0.300040 -0.010042 0.014010 -0.594940 0.803585
1777374314.542367 4.553287 5.498305 0.304488 -0.010144 0.008013 -0.609480 0.792696
1777374314.612887 4.553115 5.483896 0.306304 -0.002801 -0.002174 -0.625286 0.780388
1777374314.649733 4.552998 5.466889 0.306917 -0.002184 -0.009745 -0.640800 0.767643
1777374314.733839 4.553284 5.449027 0.307040 -0.005023 -0.009036 -0.654818 0.755716
1777374314.765911 4.554389 5.428705 0.306851 -0.011222 0.005362 -0.671622 0.740790
1777374314.813738 4.555176 5.414538 0.306272 -0.013705 0.006046 -0.680785 0.732330
1777374314.882601 4.558694 5.393903 0.310715 -0.015657 0.009899 -0.693924 0.719810
1777374314.920623 4.560029 5.378315 0.310560 -0.014529 0.006955 -0.705788 0.708240
1777374314.972975 4.561386 5.359798 0.308378 -0.017194 0.006103 -0.717255 0.696572
1777374315.026744 4.562294 5.339402 0.305150 -0.020157 0.005998 -0.727925 0.685335
1777374315.103206 4.559988 5.320548 0.303526 -0.010151 0.004188 -0.735837 0.677070
1777374315.134502 4.556438 5.302468 0.302071 -0.007183 0.008324 -0.744644 0.667372
1777374315.184716 4.550979 5.285328 0.300529 -0.016025 0.004149 -0.752157 0.658776
1777374315.244434 4.545135 5.266469 0.302319 -0.012239 -0.000104 -0.759404 0.650504
1777374315.293523 4.539167 5.254396 0.305017 -0.011272 -0.002990 -0.768301 0.639982
1777374315.353740 4.531716 5.237308 0.306388 -0.008694 -0.011243 -0.777572 0.628634
1777374315.398033 4.523027 5.219438 0.306224 -0.011249 -0.018456 -0.786268 0.617507
1777374315.452401 4.515581 5.198606 0.306935 -0.013463 -0.008568 -0.795741 0.605426
1777374315.507180 4.507660 5.177413 0.306602 -0.013380 0.004214 -0.803383 0.595298
1777374315.558899 4.501754 5.154715 0.311227 -0.013404 0.005453 -0.810553 0.585486
1777374315.640915 4.497257 5.137976 0.312845 -0.014508 0.003377 -0.817038 0.576392
1777374315.672233 4.489999 5.116019 0.310983 -0.016249 0.000792 -0.823116 0.567640
1777374315.718429 4.482342 5.092968 0.307987 -0.022036 0.002624 -0.829094 0.558668
1777374315.775869 4.472684 5.070139 0.304422 -0.021037 -0.000645 -0.834722 0.550270
1777374315.829272 4.461152 5.048501 0.301899 -0.012118 -0.001085 -0.840035 0.542396
1777374315.906274 4.449935 5.029364 0.299640 -0.015637 0.004724 -0.844985 0.534540
1777374315.932711 4.439384 5.013264 0.304786 -0.014176 -0.000633 -0.850656 0.525532
1777374315.989148 4.426795 4.993936 0.306706 -0.012502 -0.009109 -0.857336 0.514524
1777374316.041151 4.414452 4.974987 0.307476 -0.014134 -0.010606 -0.863566 0.503925
1777374316.094230 4.399357 4.955063 0.307083 -0.018172 -0.012823 -0.869252 0.493868
1777374316.154128 4.383526 4.930782 0.305547 -0.020458 -0.001390 -0.875531 0.482727
1777374316.204862 4.365524 4.908879 0.308949 -0.011771 0.001856 -0.881805 0.471464
1777374316.268250 4.353395 4.888115 0.314353 -0.010559 0.004261 -0.886227 0.463112
1777374316.309779 4.337279 4.867806 0.315232 -0.008438 0.002358 -0.891165 0.453594
1777374316.403300 4.321712 4.848101 0.313090 -0.006417 0.000035 -0.895136 0.445748
1777374316.432782 4.295875 4.818166 0.309786 -0.000817 -0.001606 -0.900497 0.434859
1777374316.481869 4.276789 4.796707 0.307652 0.001146 0.005818 -0.904364 0.426720
1777374316.546351 4.255097 4.775440 0.304242 -0.007196 0.008090 -0.908850 0.416982
1777374316.589057 4.240079 4.757925 0.309632 -0.003325 0.001858 -0.911298 0.411729
1777374316.672891 4.222800 4.739283 0.311580 -0.003020 -0.001209 -0.909618 0.415434
1777374316.695132 4.204441 4.720282 0.311548 -0.006786 -0.002336 -0.907011 0.421046
1777374316.747847 4.183132 4.699690 0.309907 -0.010443 -0.007504 -0.903744 0.427881
1777374316.798087 4.165983 4.677464 0.309244 -0.011597 0.004860 -0.901308 0.432997
1777374316.850933 4.145977 4.651926 0.312243 -0.000540 0.011582 -0.898998 0.437800
1777374316.908175 4.132223 4.629375 0.314755 -0.005009 0.013467 -0.894535 0.446768
1777374316.953413 4.115411 4.602935 0.316736 -0.011055 0.018497 -0.889905 0.455636
1777374317.008432 4.096881 4.572865 0.314883 -0.015913 0.017649 -0.885272 0.464466
1777374317.065155 4.078379 4.544646 0.312037 -0.011569 0.013691 -0.880647 0.473434
1777374317.116122 4.057388 4.519488 0.307461 -0.009092 0.016681 -0.874846 0.484029
1777374317.174176 4.040894 4.499259 0.310476 -0.010063 0.010469 -0.869029 0.494548
1777374317.220344 4.027349 4.476881 0.310214 -0.007715 0.006406 -0.864477 0.502571
1777374317.275020 4.011930 4.450599 0.308940 -0.010237 0.005195 -0.860053 0.510075
1777374317.326676 3.995501 4.421135 0.307370 -0.013723 0.005755 -0.854842 0.518676
1777374317.385094 3.979964 4.390737 0.307202 -0.009224 0.018352 -0.849868 0.526595
1777374317.500071 3.968103 4.365453 0.313081 -0.007365 0.019649 -0.846220 0.532420
1777374317.507005 3.957363 4.339402 0.316652 -0.007961 0.019069 -0.845936 0.532883
1777374317.547261 3.944326 4.307356 0.315855 -0.013036 0.019512 -0.848888 0.528051
1777374317.608334 3.930317 4.277073 0.313754 -0.015172 0.015450 -0.852526 0.522235
1777374317.648976 3.914088 4.246474 0.311184 -0.012722 0.009923 -0.856327 0.516182
1777374317.711746 3.897043 4.219024 0.308142 -0.005171 0.012434 -0.859811 0.510435
1777374317.758641 3.880699 4.195773 0.311400 -0.008395 0.006059 -0.862456 0.506025
1777374317.810095 3.863328 4.171813 0.312748 -0.007609 -0.004573 -0.867516 0.497331
1777374317.870444 3.845025 4.147065 0.312033 -0.010913 -0.008453 -0.873588 0.486471
1777374317.914597 3.822752 4.118011 0.309946 -0.014230 -0.010553 -0.878423 0.477555
1777374317.969222 3.805088 4.090291 0.308941 -0.005162 0.008247 -0.883593 0.468155
1777374318.019090 3.788475 4.066768 0.312615 0.000003 0.004871 -0.884790 0.465964
1777374318.123707 3.770625 4.038431 0.315884 0.000210 0.005783 -0.883746 0.467932
1777374318.129641 3.751194 4.007599 0.315859 -0.002127 0.005269 -0.881421 0.472298
1777374318.183841 3.730657 3.977844 0.313270 0.002040 0.004315 -0.878308 0.478072
1777374318.238167 3.709646 3.945278 0.306898 -0.000460 0.012151 -0.874688 0.484535
1777374318.285465 3.692440 3.924116 0.308335 -0.000110 0.007122 -0.869968 0.493056
1777374318.344361 3.678166 3.900109 0.311118 0.001735 0.004826 -0.865571 0.500759
1777374318.400288 3.662644 3.872248 0.311174 -0.001707 0.008213 -0.861906 0.506999
1777374318.446998 3.646904 3.841847 0.309700 -0.006303 0.012604 -0.857164 0.514851
1777374318.505161 3.629772 3.812976 0.308388 -0.004208 0.012837 -0.852395 0.522724
1777374318.551636 3.620337 3.785195 0.313404 -0.008013 0.023088 -0.848215 0.529088
1777374318.612535 3.608731 3.758035 0.317019 -0.010654 0.025091 -0.842949 0.537302
1777374318.662200 3.595516 3.726645 0.315854 -0.011269 0.022835 -0.838154 0.544839
1777374318.709979 3.581091 3.693727 0.314326 -0.011311 0.017754 -0.837733 0.545675
1777374318.770675 3.564893 3.659409 0.311765 -0.007110 0.015931 -0.839139 0.543638
1777374318.816410 3.551077 3.633766 0.310650 -0.007619 0.017513 -0.840672 0.541208
1777374318.898219 3.537029 3.612220 0.314558 -0.009109 0.005881 -0.842586 0.538453
1777374318.920428 3.523101 3.584854 0.314839 -0.008357 0.002164 -0.847057 0.531432
1777374318.976708 3.506835 3.556072 0.312804 -0.011219 -0.000054 -0.851912 0.523565
1777374319.035530 3.491324 3.525989 0.309618 -0.010509 0.001504 -0.855929 0.516984
1777374319.081232 3.483408 3.505031 0.311159 0.002826 0.007947 -0.858154 0.513324
1777374319.146625 3.474565 3.488442 0.316748 0.009477 0.007743 -0.854734 0.518922
1777374319.188440 3.463374 3.475384 0.319939 0.018997 0.010483 -0.848923 0.528072
1777374319.254727 3.454445 3.467905 0.319263 0.023871 0.017499 -0.842424 0.538001
1777374319.293494 3.449033 3.464293 0.318750 0.022364 0.014989 -0.834804 0.549888
1777374319.361171 3.448601 3.463284 0.318274 0.020123 0.019014 -0.826444 0.562338
1777374319.412883 3.450141 3.462336 0.317858 0.015363 0.020651 -0.821099 0.570206
1777374319.465134 3.453499 3.461466 0.317267 0.007515 0.019030 -0.815028 0.579060
1777374319.551905 3.456365 3.460410 0.317273 0.007153 0.017629 -0.808760 0.587832
1777374319.573123 3.457698 3.458714 0.316427 0.006277 0.017544 -0.802572 0.596265
1777374319.662251 3.457926 3.455631 0.315540 0.005763 0.017264 -0.797505 0.603037
1777374319.693008 3.458552 3.450068 0.314646 0.003535 0.021746 -0.791046 0.611359
1777374319.744394 3.455913 3.441807 0.313195 0.001836 0.025043 -0.783034 0.621472
1777374319.837024 3.452581 3.431510 0.310681 0.002215 0.026470 -0.776351 0.629741
1777374319.848607 3.448979 3.421090 0.307721 0.004917 0.026070 -0.769659 0.637904
1777374319.895343 3.444583 3.410248 0.305353 0.008454 0.024712 -0.762224 0.646786
1777374319.953315 3.442167 3.400331 0.304134 0.014204 0.021778 -0.755160 0.655024
1777374320.023132 3.441890 3.392216 0.305012 0.018666 0.022152 -0.748404 0.662610
1777374320.099253 3.442378 3.382455 0.306399 0.016688 0.027518 -0.741094 0.670630
1777374320.108517 3.441438 3.372741 0.305930 0.010808 0.034095 -0.732798 0.679505
1777374320.189331 3.437953 3.362530 0.304651 0.009802 0.028818 -0.723838 0.689298
1777374320.218252 3.437092 3.352937 0.308831 0.010520 0.026982 -0.713577 0.699978
1777374320.271055 3.437208 3.338351 0.311387 0.002650 0.024440 -0.704537 0.709242
1777374320.356071 3.440515 3.318118 0.310218 -0.012823 0.018599 -0.695061 0.718596
1777374320.382222 3.437525 3.293357 0.310565 0.002341 0.008922 -0.683353 0.730030
1777374320.465769 3.436876 3.274207 0.311131 -0.003127 0.010618 -0.673401 0.739195
1777374320.484946 3.436101 3.255009 0.312393 -0.000707 -0.002464 -0.663242 0.748401
1777374320.539274 3.437783 3.231661 0.312551 0.000367 -0.015631 -0.661090 0.750144
1777374320.592612 3.438040 3.207782 0.312244 -0.002715 -0.018321 -0.666344 0.745414
1777374320.638435 3.438504 3.180373 0.310284 -0.005841 -0.021072 -0.673897 0.738502
1777374320.692636 3.443488 3.151395 0.309178 -0.012280 0.003888 -0.681279 0.731911
1777374320.745438 3.445593 3.123955 0.314064 -0.003616 0.005481 -0.689125 0.724613
1777374320.829535 3.448738 3.101098 0.317084 -0.003602 0.005996 -0.695084 0.718894
1777374320.859328 3.450727 3.073257 0.316321 -0.003169 0.007854 -0.701387 0.712730
1777374320.917501 3.452080 3.043586 0.314418 -0.002028 0.008219 -0.707445 0.706717
1777374320.959136 3.450327 3.014645 0.312616 0.005889 0.003709 -0.713365 0.700758
1777374321.015501 3.451262 2.983449 0.307621 -0.003869 0.011713 -0.720519 0.693325
1777374321.087171 3.448380 2.960571 0.308657 -0.001518 0.006040 -0.726975 0.686636
1777374321.120050 3.446507 2.938064 0.312731 0.000847 0.000801 -0.734446 0.678666
1777374321.180129 3.444565 2.912637 0.313344 0.002276 0.000350 -0.742625 0.669704
1777374321.236217 3.441236 2.886086 0.311815 0.001768 0.001156 -0.749887 0.661563
1777374321.279089 3.437425 2.858077 0.308209 -0.000498 0.007856 -0.756848 0.653543
1777374321.333125 3.433604 2.830559 0.308741 -0.004224 0.007674 -0.764048 0.645100
1777374321.392161 3.431608 2.808002 0.314552 -0.006229 0.010303 -0.771244 0.636426
1777374321.437569 3.428782 2.790856 0.315775 -0.004152 0.009558 -0.777850 0.628364
1777374321.500998 3.423830 2.764318 0.314321 -0.003977 0.009711 -0.785643 0.618591
1777374321.545846 3.418419 2.739339 0.312306 -0.002855 0.008122 -0.792481 0.609836
1777374321.601940 3.410978 2.715210 0.310072 0.001959 0.004560 -0.798696 0.601714
1777374321.653579 3.403638 2.691780 0.306454 -0.002393 0.009586 -0.805223 0.592889
1777374321.734879 3.394163 2.669168 0.303303 -0.007577 0.006113 -0.812228 0.583259
1777374321.761488 3.386177 2.653648 0.307809 -0.004705 0.000157 -0.818785 0.574082
1777374321.813267 3.376663 2.635175 0.309395 -0.001451 -0.006869 -0.825905 0.563765
1777374321.870049 3.365979 2.615846 0.309547 -0.002362 -0.010351 -0.833717 0.552090
1777374321.918242 3.352454 2.594580 0.308245 -0.004246 -0.015971 -0.840425 0.541676
1777374321.990647 3.341468 2.570964 0.308634 -0.005437 0.003913 -0.848979 0.528384
1777374322.026970 3.328885 2.549378 0.310722 -0.002741 0.006936 -0.854747 0.518991
1777374322.077106 3.322501 2.530188 0.315573 -0.003871 0.008449 -0.859330 0.511337
1777374322.162012 3.312992 2.512376 0.316018 -0.005557 0.006663 -0.864932 0.501814
1777374322.188776 3.301498 2.489364 0.313860 -0.009989 0.006414 -0.870828 0.491444
1777374322.258934 3.288963 2.467197 0.310917 -0.011316 0.003831 -0.875874 0.482391
1777374322.290911 3.276109 2.447345 0.307905 -0.009474 0.000637 -0.880064 0.474760
1777374322.350730 3.261277 2.426066 0.304427 -0.005686 0.003045 -0.884651 0.466209
1777374322.404295 3.244934 2.408065 0.304422 -0.008295 0.002425 -0.888594 0.458613
1777374322.454682 3.232099 2.394200 0.307564 -0.009005 -0.002242 -0.893187 0.449590
1777374322.522972 3.217182 2.378050 0.308426 -0.008583 -0.009859 -0.898398 0.438988
1777374322.561272 3.201190 2.362234 0.308483 -0.010439 -0.013906 -0.903690 0.427834
1777374322.614588 3.181575 2.343524 0.306589 -0.013542 -0.017115 -0.908241 0.417877
1777374322.675533 3.163581 2.322251 0.306665 -0.011666 0.003061 -0.914227 0.405022
1777374322.717959 3.143087 2.302165 0.311387 -0.006449 0.005588 -0.918688 0.394891
1777374322.781054 3.129546 2.284936 0.315858 -0.005667 0.005498 -0.922087 0.386903
1777374322.828353 3.111460 2.266960 0.315763 -0.005768 0.005323 -0.926201 0.376950
1777374322.889030 3.090713 2.245402 0.313324 -0.006636 0.003831 -0.930262 0.366815
1777374322.950560 3.069784 2.226593 0.310725 -0.005446 0.000324 -0.933487 0.358570
1777374322.990458 3.045870 2.207980 0.308549 0.000095 -0.002766 -0.936723 0.350060
1777374323.043081 3.022758 2.189843 0.305252 -0.007885 0.009083 -0.940233 0.340320
1777374323.093870 3.004820 2.178221 0.310350 -0.007004 -0.001374 -0.943203 0.332141
1777374323.154925 2.983953 2.164497 0.312324 -0.005749 -0.010068 -0.946884 0.321366
1777374323.197896 2.962511 2.149970 0.312395 -0.006460 -0.010222 -0.950092 0.311735
1777374323.247766 2.936442 2.135229 0.311722 -0.009490 -0.011827 -0.949559 0.313220
1777374323.339490 2.911399 2.118150 0.310063 -0.007528 -0.004966 -0.947540 0.319509
1777374323.357925 2.885921 2.098900 0.312128 0.008450 -0.000142 -0.945653 0.325067
1777374323.447434 2.866571 2.081662 0.315834 0.005581 0.001605 -0.942946 0.332895
1777374323.466073 2.843860 2.061761 0.318077 0.002630 0.006464 -0.940458 0.339838
1777374323.514079 2.817847 2.037871 0.316569 -0.001812 0.009052 -0.936909 0.349451
1777374323.575513 2.789724 2.014328 0.312444 0.004533 0.006070 -0.933110 0.359512
1777374323.635725 2.767313 1.996765 0.309896 0.000118 0.007084 -0.928977 0.370070
1777374323.675912 2.745777 1.979008 0.313132 0.000390 0.004906 -0.924408 0.381374
1777374323.741428 2.725942 1.958692 0.312477 0.000934 0.006121 -0.921005 0.389502
1777374323.786551 2.704354 1.936352 0.310718 -0.002896 0.009929 -0.917998 0.396450
1777374323.914853 2.680082 1.911783 0.307677 -0.001766 0.014489 -0.917716 0.396969
1777374323.917908 2.659644 1.889092 0.311820 -0.003824 0.019540 -0.920470 0.390305
1777374323.956484 2.640434 1.867532 0.316771 -0.000414 0.017427 -0.922573 0.385429
1777374324.003928 2.618546 1.846283 0.317088 0.001506 0.018638 -0.924185 0.381488
1777374324.046649 2.593428 1.822112 0.315422 0.003202 0.016173 -0.926279 0.376479
1777374324.121942 2.565711 1.799406 0.313434 0.006798 0.008827 -0.928748 0.370544
1777374324.159778 2.542182 1.774250 0.308829 0.002421 0.019622 -0.931700 0.362691
1777374324.222370 2.522205 1.762053 0.309933 0.002811 0.007795 -0.935464 0.353326
1777374324.264266 2.498647 1.742333 0.314733 0.003406 0.002536 -0.939363 0.342899
1777374324.369434 2.473383 1.722578 0.315084 0.000580 0.000382 -0.940699 0.339243
1777374324.382492 2.447889 1.703173 0.312703 -0.002031 -0.001236 -0.939666 0.342086
1777374324.423380 2.420097 1.679194 0.309876 0.002339 0.014749 -0.938056 0.346163
1777374324.477084 2.394092 1.659216 0.314113 0.012670 0.013340 -0.936670 0.349729
1777374324.536701 2.374093 1.638087 0.317292 0.006091 0.013623 -0.934596 0.355399
1777374324.611542 2.349776 1.612776 0.317435 -0.000897 0.015873 -0.931951 0.362236
1777374324.643688 2.321828 1.586853 0.314819 -0.004995 0.012056 -0.931765 0.362829
1777374324.704097 2.291797 1.560981 0.310710 -0.000778 0.010573 -0.932971 0.359796
1777374324.751302 2.269854 1.544237 0.309310 -0.001649 0.013077 -0.934062 0.356868
1777374324.802082 2.247677 1.528772 0.311855 -0.004565 0.002400 -0.935971 0.352039
1777374324.865913 2.224334 1.509685 0.312022 -0.004024 0.000520 -0.939243 0.343229
1777374324.912781 2.198285 1.489751 0.311095 -0.006927 0.001658 -0.942141 0.335141
1777374324.965089 2.169168 1.469387 0.308507 -0.004032 0.004946 -0.944666 0.327971
1777374325.026388 2.146816 1.447695 0.314564 -0.001415 0.012940 -0.948583 0.316260
1777374325.070892 2.124075 1.429975 0.318448 0.001241 0.011557 -0.951596 0.307133
1777374325.145042 2.098866 1.410913 0.317823 0.003589 0.010238 -0.953520 0.301135
1777374325.194484 2.069170 1.389292 0.315569 0.005199 0.009256 -0.952903 0.303088
1777374325.233037 2.038826 1.369606 0.311907 0.011512 0.004519 -0.951043 0.308812
1777374325.284855 2.012000 1.349576 0.305756 0.002102 0.017962 -0.949520 0.313185
1777374325.335305 1.989942 1.336336 0.310357 0.003996 0.006974 -0.947589 0.319392
1777374325.389693 1.968383 1.318587 0.311775 0.006321 0.002927 -0.945084 0.326753
1777374325.444093 1.947353 1.300894 0.311213 0.004770 0.007540 -0.942706 0.333506
1777374325.525570 1.923298 1.279399 0.308745 0.004212 0.014982 -0.939815 0.341331
1777374325.553203 1.900617 1.260404 0.306994 0.003529 0.009633 -0.936714 0.349946
1777374325.610980 1.886521 1.243459 0.312908 0.000595 0.019200 -0.933927 0.356949
1777374325.651166 1.870561 1.227976 0.316468 -0.001548 0.022086 -0.930533 0.365538
1777374325.707374 1.854130 1.210225 0.316436 -0.005426 0.025722 -0.926788 0.374664
1777374325.783265 1.834925 1.196723 0.316187 0.000929 0.025843 -0.924694 0.379833
1777374325.805130 1.816966 1.185799 0.315755 0.011858 0.024180 -0.928223 0.371048
1777374325.866600 1.813137 1.176458 0.314536 0.005461 0.029817 -0.934813 0.353845
1777374325.932919 1.806883 1.172061 0.315804 0.005833 0.027528 -0.942517 0.332972
1777374325.970904 1.805072 1.170727 0.316537 0.005689 0.025103 -0.949699 0.312106
1777374326.061254 1.804069 1.171191 0.316047 0.002001 0.022191 -0.958435 0.284441
1777374326.072692 1.803340 1.170796 0.313925 0.002670 0.022559 -0.966485 0.255717
1777374326.133282 1.802717 1.170991 0.311267 0.001435 0.025003 -0.974857 0.221422
1777374326.191767 1.801807 1.173700 0.307285 -0.000328 0.022786 -0.980995 0.192689
1777374326.233801 1.801014 1.176147 0.308561 -0.000819 0.019168 -0.987261 0.157950
1777374326.298590 1.802566 1.179266 0.311419 -0.005973 0.021634 -0.992275 0.122011
1777374326.354128 1.800392 1.185194 0.313566 -0.007232 0.015522 -0.996237 0.084962
1777374326.458225 1.800069 1.186538 0.312354 -0.006910 0.010104 -0.998908 0.045092
1777374326.465847 1.798756 1.189765 0.311422 -0.001879 0.009608 -0.999918 0.008268
1777374326.503226 1.797725 1.193112 0.313426 -0.000978 0.006303 -0.999656 -0.025459
1777374326.587759 1.796399 1.190953 0.312764 0.000935 0.016044 -0.997808 -0.064198
1777374326.612451 1.794896 1.191721 0.308856 -0.002572 0.027012 -0.994900 -0.097151
1777374326.729690 1.792280 1.194613 0.309421 0.001442 0.029854 -0.991931 -0.123208
1777374326.732437 1.788984 1.195413 0.310964 0.004589 0.030384 -0.988772 -0.146240
1777374326.801005 1.786699 1.194111 0.311732 0.006895 0.030922 -0.984971 -0.169791
1777374326.839781 1.785868 1.192536 0.312623 0.006825 0.028918 -0.981546 -0.188903
1777374326.880464 1.785151 1.190595 0.312561 0.005922 0.028019 -0.978469 -0.204397
1777374326.954021 1.785950 1.188373 0.313911 0.005653 0.028574 -0.975801 -0.216714
1777374327.003469 1.787073 1.187339 0.315667 0.004002 0.027778 -0.973020 -0.229007
1777374327.052711 1.787535 1.187489 0.317476 0.003580 0.027664 -0.971367 -0.235942
1777374327.113304 1.785854 1.190144 0.316490 0.002965 0.028252 -0.969789 -0.242287
1777374327.164519 1.783720 1.192624 0.315976 0.004175 0.031127 -0.967324 -0.251591
1777374327.234314 1.780492 1.195722 0.315538 0.006372 0.031927 -0.965263 -0.259244
1777374327.266164 1.778969 1.200349 0.316393 0.009998 0.022940 -0.963281 -0.267325
1777374327.374911 1.776741 1.205914 0.315168 0.015217 0.012253 -0.959849 -0.279835
1777374327.377212 1.767161 1.214424 0.311093 0.020994 0.005019 -0.955888 -0.292937
1777374327.379059 1.767161 1.214424 0.311093 0.020994 0.005019 -0.955888 -0.292937
1777374327.432789 1.754727 1.222209 0.306075 0.018552 0.008190 -0.952532 -0.303764
1777374327.487279 1.742669 1.228656 0.303391 0.017421 0.010572 -0.949492 -0.313129
1777374327.544769 1.730530 1.234182 0.305516 0.015983 0.004281 -0.946159 -0.323280
1777374327.610757 1.718942 1.241737 0.307166 0.015251 0.000029 -0.941893 -0.335567
1777374327.650666 1.705775 1.250810 0.309072 0.016559 0.003340 -0.937403 -0.347837
1777374327.700265 1.690396 1.263398 0.308594 0.018016 0.011528 -0.933429 -0.358125
1777374327.755377 1.677659 1.277371 0.308822 0.008915 0.011083 -0.930061 -0.367130
1777374327.812029 1.659938 1.292229 0.312723 0.008801 0.021631 -0.925688 -0.377566
1777374327.859807 1.646212 1.304586 0.314765 0.011928 0.021222 -0.921671 -0.387208
1777374327.912050 1.635461 1.318390 0.314608 0.013466 0.018214 -0.917625 -0.396803
1777374327.975973 1.622127 1.334798 0.312897 0.015706 0.013550 -0.913397 -0.406542
1777374328.020643 1.606260 1.356698 0.310865 0.015965 0.006192 -0.909157 -0.416102
1777374328.076118 1.591576 1.376081 0.308092 0.015828 0.007891 -0.905091 -0.424850
1777374328.130267 1.573824 1.398134 0.304372 0.008539 0.016956 -0.900663 -0.434103
1777374328.176999 1.563172 1.415539 0.307999 0.004034 0.006429 -0.896639 -0.442698
1777374328.257314 1.552452 1.433330 0.311552 -0.002373 0.000429 -0.891320 -0.453369
1777374328.286930 1.540383 1.454079 0.312626 -0.005329 0.001435 -0.885778 -0.464076
1777374328.337659 1.527708 1.478664 0.311361 -0.010142 0.002958 -0.879994 -0.474867
1777374328.397454 1.512407 1.503810 0.308994 0.000641 0.012515 -0.874333 -0.485165
1777374328.452331 1.498972 1.530165 0.312311 0.005066 0.007555 -0.867972 -0.496530
1777374328.521802 1.485498 1.550253 0.316260 0.003957 0.007609 -0.863011 -0.505113
1777374328.550401 1.472559 1.574859 0.315985 0.003058 0.007967 -0.858309 -0.513062
1777374328.609919 1.456494 1.603190 0.314804 0.002645 0.009189 -0.858702 -0.512385
1777374328.657384 1.441814 1.631996 0.312693 0.004918 0.004370 -0.862774 -0.505547
1777374328.712935 1.424492 1.661044 0.307050 0.011041 0.014621 -0.866747 -0.498411
1777374328.763423 1.415188 1.684318 0.307609 0.004663 0.008503 -0.871329 -0.490604
1777374328.823092 1.401177 1.707185 0.309140 0.002987 0.004666 -0.875229 -0.483677
1777374328.876909 1.385902 1.729838 0.308821 0.004294 0.008422 -0.878640 -0.477392
1777374328.922774 1.367880 1.756360 0.307587 0.005678 0.014181 -0.882813 -0.469477
1777374328.978782 1.351252 1.785573 0.307503 0.005273 0.012553 -0.887501 -0.460604
1777374329.035195 1.331918 1.806274 0.313444 0.011898 0.020596 -0.889942 -0.455452
1777374329.081740 1.315128 1.829909 0.316843 0.012029 0.019964 -0.893927 -0.447606
1777374329.149517 1.296786 1.854432 0.316163 0.011831 0.020509 -0.894661 -0.446118
1777374329.204234 1.276132 1.883369 0.314492 0.010010 0.017203 -0.893593 -0.448437
1777374329.234057 1.259068 1.908781 0.312506 0.009597 0.011499 -0.892364 -0.451067
1777374329.294992 1.239610 1.938048 0.305673 0.012756 0.020895 -0.889420 -0.456435
1777374329.349735 1.230350 1.958828 0.310099 0.002941 0.013064 -0.887726 -0.460178
1777374329.446841 1.216689 1.981052 0.312849 -0.000608 0.007923 -0.884011 -0.467399
1777374329.460664 1.203759 2.002841 0.312345 -0.001567 0.008230 -0.879402 -0.476007
1777374329.509257 1.190292 2.026272 0.310686 -0.000574 0.009882 -0.874694 -0.484574
1777374329.568537 1.177288 2.049681 0.308164 -0.001500 0.008490 -0.869554 -0.493763
1777374329.608693 1.164561 2.068633 0.311768 0.002346 0.014246 -0.863191 -0.504671
1777374329.676153 1.154614 2.083310 0.315051 0.005703 0.012884 -0.856220 -0.516419
1777374329.719059 1.147233 2.098205 0.315244 0.006065 0.010496 -0.847773 -0.530221
1777374329.773833 1.139497 2.115271 0.313926 0.006652 0.005802 -0.839214 -0.543730
1777374329.884500 1.131924 2.134502 0.311604 0.007969 -0.000818 -0.830279 -0.557291
1777374329.897149 1.125475 2.152943 0.308105 0.011426 -0.003502 -0.820808 -0.571078
1777374329.949765 1.120660 2.170206 0.307386 0.008617 0.006528 -0.811551 -0.584182
1777374329.992344 1.117803 2.186030 0.306819 0.004561 0.010902 -0.799870 -0.600058
1777374330.037291 1.114940 2.201837 0.306743 0.005534 0.009474 -0.788790 -0.614565
1777374330.096903 1.115609 2.210063 0.308180 0.000281 0.007228 -0.777141 -0.629285
1777374330.157017 1.116149 2.224806 0.309161 -0.007227 0.003690 -0.760520 -0.649264
1777374330.241027 1.118312 2.239591 0.308981 -0.014830 0.003250 -0.745536 -0.666292
1777374330.259187 1.118092 2.256356 0.310367 0.000969 0.009801 -0.728991 -0.684452
1777374330.314116 1.119211 2.267733 0.308979 0.003944 0.010533 -0.712350 -0.701734
1777374330.364768 1.118715 2.280154 0.313928 0.013371 0.011215 -0.692422 -0.721282
1777374330.414360 1.118762 2.287142 0.315495 0.014800 0.007721 -0.673295 -0.739186
1777374330.482137 1.117189 2.293127 0.313820 0.014703 0.009416 -0.654263 -0.756066
1777374330.525669 1.116453 2.296854 0.312606 0.013856 0.010861 -0.635866 -0.771599
1777374330.577052 1.115768 2.299570 0.314032 0.011288 0.008585 -0.617893 -0.786134
1777374330.634285 1.117246 2.302353 0.313717 0.008788 0.005618 -0.599776 -0.800100
1777374330.685112 1.119899 2.305861 0.312918 0.007488 0.003817 -0.583177 -0.812302
1777374330.736588 1.121604 2.309423 0.312256 0.012878 0.003210 -0.566821 -0.823735
1777374330.787741 1.126646 2.313025 0.309975 0.018556 0.001905 -0.550222 -0.834810
1777374330.851541 1.130997 2.315073 0.308788 0.020098 -0.000819 -0.538785 -0.842203
1777374330.899696 1.133892 2.316624 0.303968 0.022137 0.000835 -0.529303 -0.848144
1777374330.963906 1.135311 2.316902 0.303281 0.021639 0.000257 -0.522426 -0.852410
1777374331.011203 1.132845 2.315948 0.306546 0.017362 0.002985 -0.518099 -0.855140
1777374331.066340 1.130318 2.317997 0.307569 0.023839 0.005652 -0.516537 -0.855914
1777374331.120337 1.129632 2.316301 0.308331 0.012979 0.007919 -0.519588 -0.854281
1777374331.167767 1.127614 2.317558 0.311769 0.015320 0.009658 -0.521512 -0.853052
1777374331.232547 1.127709 2.318181 0.312102 0.014317 0.009413 -0.524350 -0.851331
1777374331.274605 1.128034 2.318793 0.312876 0.013576 0.008774 -0.527203 -0.849585
1777374331.338755 1.128466 2.318628 0.313396 0.013614 0.008287 -0.530637 -0.847449
1777374331.385991 1.128143 2.317548 0.313576 0.012879 0.007760 -0.532947 -0.846015
1777374331.433612 1.128045 2.317608 0.312982 0.014945 0.008402 -0.530042 -0.847798
1777374331.511465 1.128971 2.318513 0.312189 0.018074 0.006401 -0.526690 -0.849841
1777374331.556604 1.129512 2.318658 0.309513 0.019502 0.007086 -0.528783 -0.848504
1777374331.692205 1.130204 2.319066 0.308120 0.019731 0.006754 -0.530595 -0.847369
1777374331.913370 1.130037 2.319715 0.309274 0.020528 0.007249 -0.530601 -0.847342
1777374331.920632 1.129875 2.319841 0.309598 0.020867 0.007446 -0.530637 -0.847310
1777374331.948856 1.129825 2.319640 0.309757 0.020805 0.007599 -0.530978 -0.847096
1777374331.958369 1.129951 2.319502 0.309827 0.020690 0.007513 -0.531246 -0.846932
1777374331.961711 1.130099 2.319522 0.309851 0.020660 0.007375 -0.531283 -0.846910
1777374331.992704 1.130176 2.319539 0.309869 0.020618 0.007275 -0.531362 -0.846862
1777374331.993062 1.130164 2.319506 0.309892 0.020548 0.007331 -0.531423 -0.846826
1777374332.039555 1.130128 2.319473 0.309924 0.020560 0.007392 -0.531479 -0.846789
1777374332.068303 1.130098 2.319499 0.309967 0.020544 0.007499 -0.531540 -0.846751
1777374332.139249 1.130122 2.319563 0.309991 0.020625 0.007374 -0.531778 -0.846600
1777374332.173189 1.130155 2.319603 0.310006 0.020613 0.007292 -0.531775 -0.846604
1777374332.229111 1.130174 2.319605 0.310021 0.020568 0.007228 -0.531895 -0.846530
1777374332.287483 1.130220 2.319660 0.310041 0.020546 0.007162 -0.532024 -0.846450
1777374332.336428 1.130242 2.319714 0.310052 0.020560 0.007089 -0.532039 -0.846441
1777374332.424937 1.130305 2.319708 0.310057 0.020504 0.006998 -0.532090 -0.846411
1777374332.446803 1.130375 2.319704 0.310062 0.020421 0.006870 -0.532174 -0.846361
1777374332.498353 1.130441 2.319712 0.310068 0.020370 0.006763 -0.532226 -0.846331
1777374332.555363 1.130533 2.319757 0.310071 0.020333 0.006630 -0.532155 -0.846377
1777374332.614495 1.130570 2.319751 0.310073 0.020315 0.006562 -0.532179 -0.846363
1777374332.705420 1.130598 2.319730 0.310076 0.020272 0.006504 -0.532316 -0.846278
1777374332.717974 1.130636 2.319722 0.310079 0.020217 0.006462 -0.532282 -0.846301
1777374332.782477 1.130701 2.319793 0.310086 0.020228 0.006341 -0.532282 -0.846302
1777374332.829042 1.130812 2.319767 0.310097 0.020095 0.006213 -0.532295 -0.846298
1777374332.874786 1.130852 2.319738 0.310104 0.020022 0.006146 -0.532311 -0.846290
1777374332.940789 1.130865 2.319752 0.310113 0.019982 0.006094 -0.532359 -0.846261
1777374332.989892 1.130915 2.319744 0.310124 0.019827 0.006038 -0.532423 -0.846225
1777374333.028874 1.130985 2.319780 0.310128 0.019822 0.005946 -0.532465 -0.846199
1777374333.095276 1.131083 2.319709 0.310135 0.019740 0.005844 -0.532502 -0.846179
1777374333.132376 1.131058 2.319838 0.310248 0.020805 0.006441 -0.530933 -0.847134
1777374333.203456 1.130999 2.320372 0.310424 0.022169 0.007287 -0.524968 -0.850802
1777374333.243905 1.130532 2.321952 0.310955 0.024159 0.009186 -0.513013 -0.857991
1777374333.296275 1.130690 2.323432 0.311717 0.024254 0.010632 -0.499197 -0.866084
1777374333.360439 1.131226 2.324986 0.312402 0.024306 0.011737 -0.482066 -0.875719
1777374333.405930 1.132131 2.327424 0.313084 0.023188 0.012923 -0.461219 -0.886889
1777374333.468430 1.131672 2.329474 0.313500 0.022693 0.014702 -0.436459 -0.899318
1777374333.513256 1.131224 2.330986 0.313860 0.021875 0.016575 -0.409907 -0.911714
1777374333.587128 1.129629 2.332127 0.313745 0.018991 0.017918 -0.382853 -0.923440
1777374333.638731 1.128553 2.331735 0.313604 0.020743 0.019711 -0.353056 -0.935165
1777374333.672129 1.128945 2.331396 0.312920 0.021211 0.017361 -0.328271 -0.944186
1777374333.733840 1.131037 2.327817 0.311813 0.017641 0.006793 -0.306902 -0.951553
1777374333.785384 1.133141 2.323969 0.308716 0.007384 -0.000814 -0.279621 -0.960082
1777374333.836388 1.133786 2.323561 0.307081 -0.007575 -0.003391 -0.250694 -0.968031
1777374333.901065 1.132841 2.327073 0.304947 -0.013348 -0.000284 -0.219595 -0.975500
1777374333.940562 1.132355 2.330650 0.306905 -0.005658 0.000636 -0.185929 -0.982547
1777374334.001247 1.134613 2.332824 0.308925 0.001060 0.000969 -0.154557 -0.987983
1777374334.043948 1.139349 2.335326 0.311857 0.008165 0.003421 -0.118950 -0.992861
1777374334.132004 1.143185 2.340379 0.314692 0.017126 0.002950 -0.083242 -0.996378
1777374334.152744 1.147898 2.340673 0.314467 0.023099 -0.000141 -0.042780 -0.998817
1777374334.207365 1.152688 2.339949 0.311117 0.023512 -0.001248 -0.004418 -0.999713
1777374334.277044 1.153334 2.338725 0.303724 0.033323 0.004158 0.032693 -0.998901
1777374334.315231 1.154831 2.338224 0.308931 0.026579 -0.002380 0.064275 -0.997575
1777374334.429704 1.156532 2.340666 0.312233 0.033456 -0.002528 0.098468 -0.994574
1777374334.432750 1.159636 2.343356 0.313214 0.040742 -0.008066 0.130449 -0.990585
1777374334.544278 1.160110 2.341250 0.316629 0.028028 0.000075 0.155691 -0.987408
1777374334.547201 1.161544 2.344642 0.317314 0.026339 -0.000782 0.177275 -0.983809
1777374334.589873 1.160438 2.341568 0.316434 0.019490 -0.000872 0.190070 -0.981577
1777374334.642194 1.159824 2.338329 0.315357 0.007317 -0.005268 0.206318 -0.978444
1777374334.693886 1.158874 2.336529 0.313488 -0.005523 -0.004951 0.223121 -0.974763
1777374334.758984 1.158812 2.335840 0.311400 -0.009362 -0.002243 0.236462 -0.971593
1777374334.799033 1.160497 2.336694 0.310308 -0.007177 -0.001599 0.247805 -0.968782
1777374334.857315 1.162246 2.338381 0.309600 -0.003447 -0.000489 0.256252 -0.966604
1777374334.920106 1.165843 2.341249 0.308842 -0.000381 0.000058 0.268415 -0.963303
1777374334.966161 1.168996 2.342211 0.309490 -0.000718 0.001325 0.277925 -0.960602
1777374335.045031 1.172762 2.340781 0.309992 -0.001414 0.002589 0.286088 -0.958199
1777374335.074510 1.177779 2.337331 0.309615 -0.001568 0.003188 0.294097 -0.955769
1777374335.123174 1.183953 2.332327 0.308381 -0.001108 0.003343 0.302603 -0.953110
1777374335.197386 1.190291 2.326996 0.307890 -0.001160 0.003634 0.310379 -0.950605
1777374335.272273 1.196600 2.319051 0.309676 -0.004012 0.002285 0.320746 -0.947154
1777374335.364563 1.202835 2.311076 0.310040 -0.014805 -0.002690 0.330228 -0.943781
1777374335.365845 1.211760 2.302376 0.307176 -0.022595 -0.007663 0.340467 -0.939954
1777374335.416367 1.223275 2.293746 0.302351 -0.019325 -0.005148 0.349561 -0.936700
1777374335.482272 1.232706 2.286348 0.300917 -0.025194 -0.005582 0.361168 -0.932144
1777374335.504516 1.240937 2.277138 0.304344 -0.025834 -0.004722 0.374305 -0.926934
1777374335.576002 1.251293 2.264099 0.306809 -0.027035 0.002101 0.386462 -0.921907
1777374335.601090 1.263141 2.246403 0.308496 -0.025861 0.010945 0.396668 -0.917533
1777374335.659527 1.280082 2.227790 0.311252 -0.010905 -0.000766 0.408809 -0.912555
1777374335.708640 1.293098 2.211214 0.313735 -0.011282 -0.002582 0.418707 -0.908048
1777374335.770384 1.307038 2.196869 0.314840 -0.004188 0.001023 0.428540 -0.903512
1777374335.844647 1.322305 2.180541 0.313696 0.002923 0.003173 0.438165 -0.898884
1777374335.882303 1.340935 2.161453 0.311258 0.013561 0.004702 0.447877 -0.893980
1777374335.976667 1.356812 2.142448 0.308659 0.016805 0.009455 0.456313 -0.889611
1777374335.991374 1.370998 2.122071 0.307788 0.008130 0.008500 0.461112 -0.887264
1777374336.025411 1.384034 2.101549 0.306083 0.004178 0.000531 0.467897 -0.883773
1777374336.080429 1.392951 2.079952 0.306350 0.005034 0.004604 0.474139 -0.880424
1777374336.132275 1.399633 2.061845 0.308722 0.003731 0.014469 0.481770 -0.876170
1777374336.185493 1.410805 2.038690 0.308682 0.003527 0.020835 0.483003 -0.875364
1777374336.278808 1.421500 2.013796 0.306419 0.004815 0.030548 0.481215 -0.876057
1777374336.296515 1.434428 1.989536 0.303596 0.009922 0.030733 0.478666 -0.877403
1777374336.366269 1.454138 1.963671 0.306455 0.012864 0.005897 0.478829 -0.877794
1777374336.409583 1.466630 1.945613 0.310799 0.001422 0.008502 0.472167 -0.881467
1777374336.474410 1.486731 1.921188 0.314066 0.011039 0.006395 0.464818 -0.885314
1777374336.515863 1.500992 1.896820 0.313034 0.009859 0.002173 0.459972 -0.887876
1777374336.589048 1.511853 1.870689 0.311989 -0.003675 -0.007522 0.460545 -0.887597
1777374336.622289 1.521592 1.858293 0.305860 0.002692 -0.011683 0.462786 -0.886389
1777374336.702199 1.528982 1.842584 0.304718 0.002977 -0.004849 0.456664 -0.889621
1777374336.750050 1.537058 1.830683 0.304465 0.000977 -0.001872 0.451768 -0.892133
1777374336.798738 1.539950 1.822265 0.308490 0.000816 0.001661 0.446491 -0.894786
1777374336.865782 1.544806 1.813303 0.309177 -0.003828 0.009155 0.438583 -0.898636
1777374336.894910 1.553189 1.799405 0.308253 -0.007293 0.016095 0.429606 -0.902844
1777374336.942448 1.563583 1.785918 0.309159 -0.001518 0.006483 0.425760 -0.904812
1777374337.018400 1.577757 1.773163 0.305678 0.007534 -0.001825 0.417797 -0.908507
1777374337.050689 1.590576 1.760891 0.301340 0.005854 -0.003332 0.409610 -0.912236
1777374337.110766 1.607986 1.748318 0.299485 0.007967 -0.005373 0.400446 -0.916270
1777374337.161065 1.622402 1.738604 0.303063 0.006348 -0.006588 0.388350 -0.921467
1777374337.234358 1.634293 1.728950 0.306414 0.004253 -0.006083 0.377249 -0.926082
1777374337.259134 1.649348 1.714681 0.306739 0.006456 -0.003166 0.367170 -0.930126
1777374337.317091 1.664226 1.693382 0.301371 -0.003289 0.000429 0.355211 -0.934780
1777374337.375519 1.677100 1.682045 0.303910 0.001639 -0.000259 0.341174 -0.939999
1777374337.424295 1.690637 1.666852 0.304021 -0.001608 0.003675 0.329937 -0.943995
1777374337.534137 1.706039 1.653656 0.303813 0.001161 0.005904 0.318401 -0.947937
1777374337.537483 1.723575 1.639655 0.303388 0.006772 0.006682 0.305745 -0.952066
1777374337.579210 1.741663 1.627654 0.302320 0.011426 0.001605 0.292882 -0.956079
1777374337.639450 1.757628 1.618335 0.300946 0.011855 -0.000648 0.277960 -0.960519
1777374337.685528 1.775083 1.612931 0.305372 0.018634 -0.002993 0.260511 -0.965286
1777374337.785524 1.786324 1.606718 0.309451 0.021673 -0.001427 0.239032 -0.970769
1777374337.798048 1.799035 1.600478 0.311393 0.016642 -0.003089 0.217604 -0.975891
1777374337.860999 1.812945 1.594770 0.312650 0.008623 -0.005017 0.193391 -0.981071
1777374337.950018 1.826634 1.589635 0.313312 0.000375 -0.005852 0.167042 -0.985932
1777374337.962292 1.838961 1.585599 0.312941 0.003977 -0.003936 0.143300 -0.989664
1777374338.010117 1.852954 1.581177 0.308598 0.006415 -0.004653 0.116705 -0.993135
1777374338.063972 1.865776 1.578075 0.310231 0.009373 -0.009115 0.090543 -0.995807
1777374338.146848 1.873059 1.574875 0.310015 0.008274 -0.011190 0.064546 -0.997818
1777374338.168429 1.882374 1.575036 0.307811 0.002942 -0.006114 0.038761 -0.999225
1777374338.218435 1.895766 1.575032 0.304448 -0.002363 -0.001885 0.013784 -0.999901
1777374338.310987 1.907318 1.579852 0.302443 0.007257 -0.014678 -0.005625 -0.999850
1777374338.330533 1.920402 1.583732 0.303436 0.001888 -0.012174 -0.024210 -0.999631
1777374338.390710 1.930408 1.586971 0.306859 0.000096 -0.007570 -0.047878 -0.998825
1777374338.435624 1.939961 1.592485 0.309080 0.002504 -0.005318 -0.069828 -0.997542
1777374338.485217 1.955171 1.596824 0.308947 0.011421 0.001465 -0.088151 -0.996041
1777374338.565003 1.971840 1.600739 0.307227 0.013538 0.007123 -0.104133 -0.994446
1777374338.591416 1.988807 1.602053 0.305575 0.000036 0.002249 -0.120828 -0.992671
1777374338.654949 2.007611 1.606700 0.306257 0.003211 0.004794 -0.139474 -0.990209
1777374338.702110 2.021440 1.609350 0.306409 0.002115 0.006130 -0.154185 -0.988021
1777374338.764129 2.035957 1.614409 0.305961 -0.003851 0.007242 -0.166796 -0.985957
1777374338.851110 2.054043 1.619659 0.304608 -0.005200 0.009292 -0.177343 -0.984092
1777374338.861649 2.071742 1.625878 0.302127 -0.004965 0.009440 -0.186917 -0.982318
1777374338.930732 2.090908 1.634403 0.299679 -0.001467 0.007819 -0.196680 -0.980435
1777374338.965214 2.107153 1.642702 0.298457 -0.000047 0.003969 -0.205388 -0.978673
1777374339.044043 2.126527 1.655820 0.300050 0.006594 0.007097 -0.215037 -0.976558
1777374339.075688 2.142960 1.665779 0.305206 0.010941 0.009174 -0.225590 -0.974118
1777374339.125171 2.158113 1.675709 0.307843 0.008860 0.007464 -0.239714 -0.970774
1777374339.267750 2.176687 1.688295 0.308515 0.015247 0.012933 -0.251447 -0.967665
1777374339.269605 2.197632 1.703836 0.307698 0.017589 0.018845 -0.262445 -0.964603
1777374339.304807 2.219477 1.718275 0.306464 0.009451 0.015664 -0.274861 -0.961310
1777374339.339170 2.239169 1.730250 0.304683 0.008762 0.009369 -0.289529 -0.957083
1777374339.399815 2.256402 1.738906 0.306451 0.004608 0.010679 -0.300515 -0.953706
1777374339.441717 2.273231 1.749532 0.306912 0.000112 0.013103 -0.312498 -0.949828
1777374339.551283 2.289283 1.762936 0.306334 -0.001714 0.015187 -0.322569 -0.946423
1777374339.587178 2.307029 1.776417 0.304813 -0.004178 0.017827 -0.331270 -0.943358
1777374339.607675 2.328555 1.795083 0.303367 -0.001972 0.016017 -0.341996 -0.939563
1777374339.669531 2.346173 1.812437 0.302428 0.002956 0.011376 -0.350568 -0.936464
1777374339.737365 2.364356 1.830662 0.306913 0.009655 0.011254 -0.357543 -0.933779
1777374339.776777 2.379921 1.847717 0.311010 0.006848 0.010379 -0.370595 -0.928711
1777374339.833179 2.397976 1.866996 0.312211 0.009343 0.013051 -0.381346 -0.924293
1777374339.894796 2.417269 1.890258 0.311774 0.008465 0.016809 -0.391662 -0.919917
1777374339.927238 2.438396 1.914863 0.310861 0.004286 0.014628 -0.402212 -0.915420
1777374339.979431 2.460383 1.937138 0.307678 0.007490 0.012306 -0.403717 -0.914771
1777374340.036302 2.479719 1.954641 0.310351 0.006561 0.014055 -0.398670 -0.916963
1777374340.095668 2.498351 1.973729 0.312760 0.000718 0.015290 -0.392704 -0.919537
1777374340.150717 2.517204 1.995678 0.313287 0.004242 0.016733 -0.384324 -0.923037
1777374340.194287 2.539635 2.019059 0.312328 0.011050 0.018709 -0.376498 -0.926163
1777374340.250890 2.565149 2.040199 0.311420 0.002388 0.017599 -0.369189 -0.929185
1777374340.302527 2.583584 2.063380 0.316584 0.012294 0.016549 -0.359313 -0.932990
1777374340.374990 2.604508 2.081350 0.319167 0.011173 0.009226 -0.350573 -0.936423
1777374340.405171 2.628696 2.101116 0.317572 0.009866 0.003788 -0.342030 -0.939630
1777374340.468234 2.659089 2.123869 0.314827 0.004287 -0.001430 -0.333260 -0.942824
1777374340.514047 2.685423 2.144186 0.311965 0.006677 -0.000748 -0.324222 -0.945957
1777374340.719576 2.711272 2.161023 0.307300 0.001840 0.002587 -0.315612 -0.948883
1777374340.762030 2.732991 2.175832 0.312485 -0.004833 0.000843 -0.306992 -0.951700
1777374340.762582 2.785892 2.211981 0.313557 -0.003763 0.002957 -0.285558 -0.958350
1777374340.797838 2.817113 2.230492 0.310941 0.002768 0.001727 -0.276607 -0.960978
1777374340.832556 2.842770 2.248333 0.314771 0.005959 -0.000563 -0.267722 -0.963478
1777374340.896410 2.862548 2.260189 0.318717 0.005119 -0.000816 -0.267933 -0.963424
1777374340.938067 2.891834 2.276733 0.319284 0.004876 -0.001106 -0.270892 -0.962597
1777374340.999711 2.921106 2.294493 0.317494 0.004142 -0.000961 -0.275646 -0.961250
1777374341.043178 2.951565 2.313217 0.311651 0.005968 -0.007529 -0.281476 -0.959520
1777374341.099974 2.977976 2.326667 0.306772 0.011432 0.000749 -0.289005 -0.957259
1777374341.167905 2.996172 2.338612 0.311457 0.004718 -0.002457 -0.298879 -0.954276
1777374341.210374 3.018438 2.356367 0.313168 0.002460 -0.005527 -0.307371 -0.951571
1777374341.254386 3.041197 2.374515 0.312378 0.005891 -0.004757 -0.314757 -0.949142
1777374341.311781 3.064854 2.395444 0.309951 0.015494 -0.004984 -0.323300 -0.946157
1777374341.384791 3.088984 2.411498 0.308583 0.009586 -0.002881 -0.331626 -0.943358
1777374341.413612 3.105964 2.429529 0.313697 0.018237 -0.000430 -0.339584 -0.940399
1777374341.468858 3.125608 2.446800 0.316742 0.018548 0.000955 -0.349479 -0.936760
1777374341.525230 3.147498 2.468110 0.316169 0.021227 0.003718 -0.359573 -0.932868
1777374341.580084 3.170364 2.490229 0.314535 0.018440 0.002512 -0.369965 -0.928859
1777374341.650053 3.191120 2.509402 0.311874 0.013179 -0.003225 -0.379423 -0.925124
1777374341.682146 3.212627 2.529710 0.307553 0.015217 0.001987 -0.390584 -0.920440
1777374341.730755 3.229894 2.545680 0.311043 0.010720 0.002096 -0.402211 -0.915482
1777374341.803042 3.244445 2.563964 0.311336 0.009719 0.000643 -0.412016 -0.911125
1777374341.843058 3.260744 2.584118 0.310064 0.010942 0.002781 -0.419764 -0.907563
1777374341.938855 3.277447 2.606549 0.307903 0.012937 0.003808 -0.428784 -0.903306
1777374341.952447 3.295810 2.629716 0.305664 0.012279 0.002141 -0.438419 -0.898684
1777374342.003780 3.308613 2.654454 0.309439 0.020046 0.004157 -0.445514 -0.895041
1777374342.097933 3.320327 2.673763 0.314086 0.018614 0.004749 -0.456328 -0.889604
1777374342.100703 3.334117 2.696846 0.314607 0.021488 0.008483 -0.466907 -0.884005
1777374342.207420 3.347741 2.722302 0.313996 0.021949 0.011668 -0.476312 -0.878925
1777374342.220295 3.362381 2.748253 0.312232 0.016350 0.010309 -0.486935 -0.873225
1777374342.273165 3.377389 2.772754 0.306352 0.014142 0.005098 -0.497615 -0.867268
1777374342.339271 3.387002 2.788637 0.308626 0.017326 0.006903 -0.507242 -0.861602
1777374342.378219 3.396360 2.806714 0.309569 0.015094 0.004166 -0.510308 -0.859849
1777374342.475208 3.401471 2.822093 0.309934 0.018231 0.004105 -0.513289 -0.858012
1777374342.487793 3.406842 2.841433 0.308587 0.026180 0.002469 -0.517883 -0.855047
1777374342.549502 3.410777 2.853422 0.308037 0.022122 0.003145 -0.522728 -0.852207
1777374342.598160 3.418980 2.873744 0.308269 0.017866 0.007598 -0.528912 -0.848454
1777374342.674093 3.425581 2.889018 0.308890 0.022705 0.009780 -0.533858 -0.845213
1777374342.708363 3.431739 2.901808 0.312036 0.021212 0.009046 -0.542550 -0.839707
1777374342.764697 3.437232 2.914328 0.312969 0.020401 0.008415 -0.550960 -0.834240
1777374342.830766 3.444322 2.935057 0.311915 0.022173 0.010503 -0.560391 -0.827865
1777374342.862059 3.450908 2.954431 0.310462 0.018732 0.008990 -0.568737 -0.822257
1777374342.930239 3.457972 2.976877 0.307815 0.014262 0.002645 -0.579228 -0.815036
1777374342.971487 3.465101 2.996125 0.303853 0.010514 0.007412 -0.589498 -0.807668
1777374343.022146 3.471649 3.013651 0.305138 0.006480 0.005115 -0.601787 -0.798614
1777374343.088664 3.476239 3.029199 0.305036 0.000630 0.001501 -0.614326 -0.789051
1777374343.130369 3.479083 3.045147 0.304561 -0.001046 0.003055 -0.624341 -0.781146
1777374343.180125 3.483493 3.065414 0.303467 -0.002149 0.004423 -0.635960 -0.771707
1777374343.243860 3.485877 3.087146 0.302075 -0.000616 0.005343 -0.646494 -0.762900
1777374343.287078 3.486650 3.106720 0.300795 0.004687 0.004438 -0.657030 -0.753837
1777374343.371324 3.485677 3.129553 0.301077 0.001352 0.007574 -0.669098 -0.743134
1777374343.402499 3.485430 3.147236 0.306239 0.005531 0.013398 -0.682598 -0.730650
1777374343.458939 3.485366 3.165201 0.311045 0.005221 0.010018 -0.695446 -0.718490
1777374343.523368 3.482697 3.181967 0.312401 0.008204 0.018882 -0.711294 -0.702594
1777374343.568610 3.480239 3.204630 0.312087 0.008898 0.025140 -0.724638 -0.688613
1777374343.680029 3.480568 3.226162 0.310230 0.003338 0.011593 -0.739953 -0.672550
1777374343.681695 3.476473 3.244604 0.309429 0.005156 0.015135 -0.753301 -0.657482
1777374343.732600 3.476173 3.260721 0.309996 0.005076 0.013155 -0.767720 -0.640630
1777374343.805866 3.472544 3.275827 0.308891 -0.001984 0.009255 -0.780814 -0.624692
1777374343.839028 3.468465 3.291796 0.306630 -0.006494 0.006389 -0.792003 -0.610449
1777374343.901577 3.463299 3.309723 0.303560 -0.009775 0.000601 -0.801987 -0.597261
1777374343.950448 3.457041 3.325203 0.300405 -0.007928 0.000122 -0.810215 -0.586080
1777374344.019063 3.448298 3.341720 0.298433 -0.004793 0.000010 -0.819377 -0.573234
1777374344.057521 3.439449 3.358130 0.298141 -0.008037 0.003373 -0.826845 -0.562362
1777374344.127650 3.428392 3.376420 0.301493 -0.004840 0.012155 -0.835896 -0.548732
1777374344.167339 3.420228 3.391026 0.305613 -0.004552 0.009385 -0.844908 -0.534810
1777374344.215290 3.411327 3.405400 0.307471 -0.003105 0.014065 -0.853878 -0.520273
1777374344.323571 3.398874 3.423517 0.307757 -0.002436 0.023631 -0.860980 -0.508084
1777374344.344331 3.386971 3.441600 0.306273 -0.002982 0.023525 -0.867613 -0.496674
1777374344.402490 3.375350 3.460590 0.304376 -0.001620 0.012397 -0.875853 -0.482415
1777374344.434706 3.365368 3.478035 0.303566 -0.004639 0.015122 -0.882266 -0.470485
1777374344.495702 3.357105 3.492938 0.304319 -0.008351 0.013273 -0.888220 -0.459151
1777374344.550728 3.345531 3.507966 0.304956 -0.014743 0.009946 -0.893728 -0.448257
1777374344.597093 3.333744 3.523498 0.304316 -0.019127 0.010269 -0.898045 -0.439367
1777374344.654109 3.320272 3.541514 0.303028 -0.021887 0.008241 -0.902239 -0.430602
1777374344.769604 3.303270 3.559783 0.302415 -0.017691 0.009019 -0.906654 -0.421407
1777374344.771802 3.285782 3.577761 0.301623 -0.009696 0.008034 -0.911290 -0.411573
1777374344.854769 3.266011 3.592754 0.304810 -0.004123 0.012770 -0.914275 -0.404871
1777374344.873609 3.249848 3.606581 0.309066 -0.006224 0.012066 -0.919896 -0.391928
1777374344.955204 3.231122 3.623597 0.310203 -0.006685 0.016382 -0.924834 -0.379960
1777374344.980467 3.209504 3.641156 0.309996 -0.009620 0.019857 -0.928997 -0.369430
1777374345.044387 3.186661 3.659821 0.309302 -0.011693 0.016332 -0.933292 -0.358556
1777374345.141153 3.164809 3.678049 0.307263 -0.009140 0.008572 -0.937545 -0.347638
1777374345.150331 3.146765 3.695955 0.307520 -0.008636 0.011097 -0.942323 -0.334409
1777374345.215621 3.128839 3.711794 0.308469 -0.010809 0.008329 -0.946392 -0.322732
1777374345.254746 3.111786 3.722454 0.308150 -0.008540 0.008160 -0.948780 -0.315718
1777374345.305865 3.090240 3.732655 0.306187 0.004582 0.016100 -0.949087 -0.314569
1777374345.413519 3.077385 3.739891 0.303709 0.009090 0.012394 -0.949026 -0.314824
1777374345.417729 3.066117 3.743791 0.304271 0.012685 0.009400 -0.948582 -0.316137
1777374345.473926 3.058147 3.743390 0.303634 0.012969 0.009089 -0.948297 -0.316989
1777374345.540105 3.056179 3.743434 0.307626 0.012608 0.011436 -0.948385 -0.316666
1777374345.603909 3.055656 3.743702 0.308708 0.012007 0.011949 -0.948498 -0.316329
1777374345.650545 3.055080 3.743931 0.309323 0.012016 0.011841 -0.948415 -0.316584
1777374345.678323 3.054114 3.744097 0.309686 0.011963 0.012356 -0.948520 -0.316249
1777374345.765877 3.052650 3.744612 0.309862 0.011917 0.012968 -0.948716 -0.315638
1777374345.789569 3.051156 3.745200 0.310089 0.011848 0.013445 -0.948720 -0.315609
1777374345.841444 3.049564 3.746001 0.310197 0.012186 0.013735 -0.948827 -0.315262
1777374345.934987 3.048039 3.746832 0.310325 0.012292 0.014016 -0.948858 -0.315154
1777374345.948083 3.046751 3.747678 0.310412 0.012409 0.014113 -0.948740 -0.315497
1777374346.014410 3.045615 3.748342 0.310462 0.012551 0.014445 -0.948643 -0.315770
1777374346.061028 3.044648 3.748662 0.310536 0.012518 0.015095 -0.948641 -0.315747
1777374346.116348 3.043639 3.748860 0.310595 0.012630 0.015765 -0.948621 -0.315771
1777374346.170960 3.042643 3.749038 0.310618 0.012724 0.016467 -0.948628 -0.315709
1777374346.231677 3.041837 3.749225 0.310654 0.012774 0.016963 -0.948625 -0.315691
1777374346.424475 3.041059 3.749594 0.310708 0.012887 0.017163 -0.948631 -0.315656
1777374346.424984 3.040414 3.749997 0.310710 0.013017 0.017186 -0.948518 -0.315990
1777374346.498583 3.041410 3.750100 0.310622 0.013998 0.016079 -0.948447 -0.316218
1777374346.504726 3.041893 3.749748 0.310398 0.013441 0.017229 -0.948755 -0.315255
1777374346.520860 3.042781 3.749449 0.308896 0.013529 0.017069 -0.949135 -0.314114
1777374346.546658 3.044397 3.750502 0.307795 0.013862 0.017929 -0.948974 -0.314540
1777374346.602792 3.042281 3.749297 0.308948 0.013280 0.018529 -0.942864 -0.332397
1777374346.686831 3.040751 3.749282 0.309732 0.014274 0.021488 -0.935322 -0.352857
1777374346.710061 3.038881 3.748904 0.311475 0.013127 0.022755 -0.926971 -0.374213
1777374346.760409 3.036461 3.748976 0.312779 0.012889 0.025093 -0.916479 -0.399087
1777374346.812065 3.034645 3.748574 0.313750 0.011655 0.027639 -0.905398 -0.423502
1777374346.864251 3.033009 3.747731 0.314000 0.010438 0.030646 -0.891855 -0.451162
1777374346.925565 3.031165 3.746110 0.312951 0.007615 0.030201 -0.877002 -0.479477
1777374346.976122 3.029837 3.744499 0.311064 0.009826 0.033894 -0.860039 -0.509007
1777374347.036276 3.031458 3.742997 0.312215 0.012396 0.031618 -0.842894 -0.537007
1777374347.090194 3.036520 3.744377 0.311416 0.010446 0.017431 -0.824734 -0.565155
1777374347.152976 3.038437 3.745142 0.308251 0.011150 -0.004519 -0.803151 -0.595653
1777374347.215659 3.038327 3.747193 0.306189 0.002444 -0.013566 -0.781387 -0.623895
1777374347.247581 3.035361 3.749760 0.305053 -0.000418 -0.007251 -0.758833 -0.651245
1777374347.358190 3.030004 3.750084 0.308160 0.008599 0.003275 -0.733506 -0.679621
1777374347.365588 3.027914 3.754937 0.310275 0.013763 0.001634 -0.705383 -0.708691
1777374347.417295 3.025575 3.756219 0.310278 0.012430 -0.000519 -0.678508 -0.734488
1777374347.467307 3.020306 3.757053 0.310637 0.015156 0.003833 -0.649420 -0.760269
1777374347.514960 3.019930 3.756378 0.313206 0.012502 0.002749 -0.627354 -0.778629
1777374347.579588 3.017874 3.757307 0.312202 0.013795 0.000811 -0.603832 -0.796992
1777374347.638469 3.018067 3.758245 0.310309 0.015139 0.000317 -0.583176 -0.812205
1777374347.682376 3.018506 3.758429 0.308024 0.017554 0.001292 -0.567227 -0.823374
1777374347.865712 3.019390 3.759162 0.307199 0.018182 0.003990 -0.550306 -0.834755
1777374347.867882 3.019023 3.760775 0.307717 0.016041 0.004552 -0.538669 -0.842352
1777374347.919991 3.018062 3.762418 0.308258 0.015999 0.003736 -0.527549 -0.849366
1777374347.927907 3.016530 3.763350 0.309089 0.016605 0.003202 -0.515549 -0.856693
1777374347.977908 3.015310 3.765680 0.309559 0.019821 0.003551 -0.500686 -0.865395
1777374348.009469 3.013555 3.768567 0.310327 0.025673 0.003625 -0.486761 -0.873150
1777374348.062810 3.012481 3.769121 0.311005 0.022071 0.003043 -0.475752 -0.879297
1777374348.184817 3.011419 3.772355 0.310794 0.019412 0.001876 -0.464659 -0.885275
1777374348.189579 3.010043 3.774215 0.311269 0.018719 0.002873 -0.454610 -0.890489
1777374348.225935 3.011382 3.775899 0.312555 0.020697 0.007192 -0.443773 -0.895871
1777374348.356583 3.014912 3.779250 0.313511 0.022827 0.009266 -0.431356 -0.901846
1777374348.358635 3.019873 3.783916 0.314709 0.024878 0.009728 -0.419243 -0.907481
1777374348.437619 3.024234 3.788364 0.316342 0.024975 0.007745 -0.406446 -0.913301
1777374348.451276 3.030742 3.790366 0.315846 0.020707 -0.001473 -0.389614 -0.920744
1777374348.542557 3.040184 3.796771 0.312546 0.015474 -0.009341 -0.372879 -0.927704
1777374348.554022 3.049881 3.804735 0.308354 0.018423 -0.008259 -0.357692 -0.933622
1777374348.611611 3.058575 3.812943 0.308949 0.018719 0.001024 -0.344913 -0.938448
1777374348.675787 3.068152 3.820859 0.306046 0.017993 0.000381 -0.332670 -0.942872
1777374348.713668 3.079215 3.827286 0.303407 0.014418 0.000679 -0.325266 -0.945513
1777374348.810526 3.083313 3.830714 0.305210 0.008224 0.001060 -0.314122 -0.949346
1777374348.830702 3.094892 3.837100 0.306408 0.001543 0.001860 -0.301381 -0.953501
1777374348.950635 3.102082 3.841594 0.306836 0.001603 0.006015 -0.288862 -0.957351
1777374348.951295 3.121099 3.850855 0.306451 0.001084 0.011484 -0.277756 -0.960583
1777374348.951554 3.121099 3.850855 0.306451 0.001084 0.011484 -0.277756 -0.960583
1777374348.987348 3.138337 3.861655 0.304357 0.015601 0.013101 -0.266067 -0.963739
1777374349.038854 3.155686 3.869934 0.307857 0.014153 0.011180 -0.254616 -0.966874
1777374349.086661 3.170423 3.880696 0.311837 0.017510 0.008966 -0.245576 -0.969178
1777374349.173783 3.186387 3.889206 0.312713 0.014303 0.007160 -0.235107 -0.971838
1777374349.201625 3.205122 3.899393 0.311185 0.012469 0.006461 -0.224201 -0.974442
1777374349.251363 3.226379 3.910577 0.309382 0.010875 0.007220 -0.214318 -0.976677
1777374349.358186 3.249078 3.920545 0.307717 0.006046 0.007795 -0.205274 -0.978655
1777374349.363720 3.273643 3.929497 0.306246 0.003698 0.004481 -0.196436 -0.980500
1777374349.413661 3.296679 3.939434 0.302297 0.009096 0.010195 -0.187799 -0.982113
1777374349.471466 3.320130 3.946451 0.305288 0.002511 0.008692 -0.193315 -0.981095
1777374349.521348 3.341592 3.952325 0.306263 -0.001242 0.007325 -0.197955 -0.980183
1777374349.574440 3.361799 3.960212 0.306120 -0.006065 0.009651 -0.204082 -0.978888
1777374349.621547 3.382755 3.968807 0.306069 -0.006723 0.014896 -0.209994 -0.977566
1777374349.797136 3.408705 3.978832 0.305283 -0.009859 0.020522 -0.217123 -0.975879
1777374349.800016 3.459659 4.008196 0.310200 0.012137 0.005415 -0.230685 -0.972938
1777374349.846033 3.479295 4.023370 0.313651 0.017272 0.012066 -0.240724 -0.970365
1777374350.347552 3.503721 4.040657 0.313861 0.021703 0.018194 -0.250779 -0.967630
1777374350.644758 3.527370 4.058803 0.312061 0.024294 0.023525 -0.258952 -0.965298
1777374350.646511 3.579290 4.090485 0.312181 0.013308 0.008282 -0.285228 -0.958332
1777374350.689882 3.600889 4.102004 0.313017 0.006744 0.011619 -0.296200 -0.955031
1777374350.690653 3.619990 4.114255 0.311691 0.001304 0.014132 -0.305066 -0.952225
1777374350.718320 3.642219 4.128359 0.309142 -0.001977 0.018468 -0.313256 -0.949487
1777374350.723395 3.667234 4.145428 0.306676 -0.007161 0.020705 -0.322689 -0.946251
1777374350.741073 3.689800 4.168510 0.306922 0.014528 0.011853 -0.329598 -0.943935
1777374350.749317 3.709691 4.184973 0.311668 0.010342 0.005336 -0.337639 -0.941204
1777374350.756843 3.722443 4.199574 0.315337 0.010747 0.007728 -0.347843 -0.937459
1777374350.782884 3.744432 4.220205 0.316049 0.013480 0.008119 -0.355446 -0.934564
1777374350.816519 3.764908 4.239697 0.314940 0.011330 0.006232 -0.361700 -0.932205
1777374350.821356 3.802403 4.274414 0.308465 0.010398 0.004137 -0.377522 -0.925933
1777374350.877725 3.827667 4.294951 0.308948 0.006311 0.001299 -0.396296 -0.918100
1777374350.889720 3.837919 4.308066 0.308750 0.008937 -0.000047 -0.401933 -0.915626
1777374350.890478 3.837919 4.308066 0.308750 0.008937 -0.000047 -0.401933 -0.915626
1777374350.917247 3.849806 4.323483 0.307026 0.013217 -0.002436 -0.408073 -0.912850
1777374350.940461 3.861398 4.338748 0.304372 0.015807 -0.005784 -0.415213 -0.909568
1777374351.408355 3.871554 4.353024 0.304110 0.015002 -0.000368 -0.421642 -0.906638
1777374351.490093 3.882243 4.366952 0.305308 0.015363 0.004440 -0.429063 -0.903133
1777374351.492909 3.892321 4.381761 0.309104 0.021102 0.007417 -0.440193 -0.897624
1777374351.646905 3.900776 4.393776 0.311343 0.020334 0.005248 -0.452275 -0.891631
1777374351.658623 3.910735 4.410147 0.311752 0.025052 0.009443 -0.464204 -0.885324
1777374351.659259 3.921490 4.430030 0.311044 0.024961 0.011952 -0.476187 -0.878909
1777374351.692775 3.930965 4.447037 0.309269 0.020828 0.010183 -0.488078 -0.872492
1777374351.694380 3.941462 4.464616 0.306095 0.018056 0.003397 -0.502885 -0.864158
1777374351.694747 3.952578 4.480279 0.306539 0.012657 0.004348 -0.517172 -0.855777
1777374351.725104 3.961138 4.491915 0.306613 0.007333 0.005279 -0.531556 -0.846975
1777374351.726288 3.966526 4.506561 0.306594 0.003602 0.004009 -0.540553 -0.841293
1777374351.763719 3.973275 4.521901 0.305040 0.004966 0.005344 -0.547642 -0.836681
1777374351.777631 3.979234 4.539587 0.302317 0.009179 0.004442 -0.556496 -0.830788
1777374351.808935 3.983436 4.555436 0.300306 0.009749 0.003710 -0.565274 -0.824837
1777374351.811149 3.986733 4.569952 0.301361 0.007849 0.006591 -0.573113 -0.819412
1777374351.825363 3.986733 4.569952 0.301361 0.007849 0.006591 -0.573113 -0.819412
1777374351.849480 3.989008 4.587574 0.304724 0.014704 0.011719 -0.583253 -0.812073
1777374351.860076 3.992782 4.599813 0.307639 0.013467 0.009993 -0.596876 -0.802159
1777374351.881844 3.994716 4.612992 0.309054 0.011052 0.008104 -0.607574 -0.794145
1777374351.930609 3.996257 4.630055 0.309377 0.015123 0.016501 -0.617210 -0.786480
1777374351.978626 3.999158 4.650730 0.308299 0.014676 0.018325 -0.625761 -0.779662
1777374352.087168 4.004408 4.672631 0.307200 0.006142 0.006363 -0.638106 -0.769898
1777374352.096640 4.005655 4.693900 0.307481 0.005464 0.008605 -0.649191 -0.760557
1777374352.146015 4.010737 4.710352 0.307672 0.001209 0.008492 -0.658779 -0.752288
1777374352.244679 4.013206 4.727817 0.306867 -0.006475 0.007791 -0.667155 -0.744850
1777374352.249601 4.015866 4.747818 0.305480 -0.011966 0.008984 -0.674251 -0.738351
1777374352.317646 4.018659 4.768804 0.303509 -0.018038 0.007889 -0.680724 -0.732275
1777374352.357056 4.018373 4.791733 0.301864 -0.015074 0.007081 -0.687350 -0.726135
1777374352.404938 4.017211 4.813401 0.302389 0.002331 0.004157 -0.693343 -0.720592
1777374352.560328 4.014948 4.836083 0.306594 0.004498 0.005161 -0.701115 -0.713015
1777374352.568916 4.012008 4.856091 0.310263 0.001992 0.006054 -0.710511 -0.703657
1777374352.613208 4.009135 4.878550 0.310751 0.002423 0.013453 -0.718894 -0.694985
1777374352.623428 4.004498 4.906891 0.310047 -0.000188 0.019410 -0.726384 -0.687015
1777374352.673617 4.001077 4.934676 0.308161 -0.005684 0.013386 -0.734809 -0.678118
1777374352.737003 3.999998 4.960338 0.306294 -0.002117 0.006703 -0.744712 -0.667349
1777374352.785764 3.999868 4.982937 0.308044 -0.003984 0.007201 -0.753466 -0.657435
1777374352.831042 3.996450 5.005904 0.308444 -0.006950 0.007982 -0.761079 -0.648573
1777374352.884515 3.991361 5.028126 0.307258 -0.008617 0.009452 -0.766787 -0.641775
1777374352.940488 3.985717 5.055517 0.305279 -0.009953 0.010132 -0.772732 -0.634573
1777374353.030298 3.977301 5.085395 0.303311 -0.001188 0.012407 -0.779267 -0.626568
1777374353.046525 3.969655 5.111601 0.305969 0.006173 0.010849 -0.783117 -0.621750
1777374353.131556 3.964591 5.128550 0.310673 0.006584 0.008635 -0.788811 -0.614540
1777374353.158833 3.959808 5.150349 0.312617 0.011814 0.003485 -0.791045 -0.611634
1777374353.203705 3.957471 5.169781 0.309966 0.017511 -0.009324 -0.791771 -0.610496
1777374353.271540 3.955897 5.182011 0.307535 0.021556 -0.007982 -0.793370 -0.608306
1777374353.313667 3.955803 5.189864 0.309191 0.021984 -0.007734 -0.795571 -0.605412
1777374353.365862 3.955024 5.193779 0.310092 0.022131 -0.005301 -0.796597 -0.604083
1777374353.418427 3.953426 5.196549 0.309541 0.021084 -0.002113 -0.796954 -0.603669
1777374353.489326 3.950517 5.198331 0.307482 0.018357 0.004279 -0.796552 -0.604275
1777374353.525872 3.947814 5.199293 0.304464 0.013106 0.012234 -0.795101 -0.606212
1777374353.586519 3.947802 5.201480 0.301779 0.007993 0.006658 -0.796726 -0.604251
1777374353.637800 3.947709 5.204010 0.298205 0.005110 0.006546 -0.797465 -0.603308
1777374353.682698 3.947002 5.205774 0.296832 0.002155 0.005731 -0.797511 -0.603274
1777374353.745503 3.947174 5.207815 0.295932 0.000515 0.006158 -0.798546 -0.601902
1777374353.805696 3.946559 5.209675 0.294809 -0.001801 0.007199 -0.799205 -0.601013
1777374353.851187 3.945679 5.211207 0.293779 -0.004037 0.008244 -0.799744 -0.600271
1777374353.906447 3.945212 5.212499 0.292657 -0.006392 0.009522 -0.800470 -0.599263
1777374353.961832 3.944841 5.213683 0.291837 -0.008129 0.010446 -0.800982 -0.598543
1777374354.033489 3.944049 5.214861 0.290232 -0.010525 0.011915 -0.800915 -0.598568
1777374354.070215 3.943806 5.215761 0.288827 -0.012488 0.013066 -0.801101 -0.598256
1777374354.119328 3.943689 5.216031 0.287436 -0.014449 0.014569 -0.801298 -0.597913
1777374354.171779 3.943374 5.216112 0.286456 -0.015931 0.015969 -0.801147 -0.598043
1777374354.226898 3.941958 5.214823 0.291275 -0.011863 0.014478 -0.801128 -0.598201
1777374354.289056 3.941590 5.213250 0.295494 -0.005089 0.011464 -0.801172 -0.598303
1777374354.338007 3.941455 5.210784 0.298405 -0.000153 0.009901 -0.801133 -0.598405
1777374354.386772 3.941703 5.207688 0.299734 0.001354 0.010284 -0.801053 -0.598504
1777374354.443907 3.941846 5.204887 0.301041 0.002084 0.011521 -0.800822 -0.598788
1777374354.490649 3.942059 5.202572 0.301367 0.002616 0.012130 -0.800523 -0.599173
1777374354.545443 3.942448 5.200498 0.301672 0.002903 0.012250 -0.800435 -0.599287
1777374354.599235 3.943003 5.198760 0.302015 0.002850 0.011825 -0.801560 -0.597790
1777374354.680603 3.943189 5.197073 0.302452 0.002474 0.012494 -0.803821 -0.594735
1777374354.706143 3.943252 5.195488 0.303077 0.001823 0.011264 -0.807485 -0.589778
1777374354.760563 3.942909 5.194094 0.303516 0.000971 0.011285 -0.811258 -0.584579
1777374354.837933 3.942005 5.192492 0.304072 0.000600 0.011811 -0.815923 -0.578040
1777374354.877820 3.941009 5.191154 0.304706 0.000000 0.011047 -0.821141 -0.570619
1777374354.961802 3.939801 5.189412 0.305243 -0.001280 0.010042 -0.829472 -0.558457
1777374355.010111 3.939151 5.188719 0.305928 -0.002076 0.009806 -0.834542 -0.550853
1777374355.065374 3.938412 5.187963 0.306443 -0.002571 0.009471 -0.839703 -0.542957
1777374355.118727 3.937517 5.187550 0.306739 -0.002343 0.010702 -0.845093 -0.534506
1777374355.182868 3.936604 5.187243 0.307047 -0.002807 0.010103 -0.849952 -0.526755
1777374355.232885 3.935496 5.187376 0.307278 -0.003846 0.008310 -0.854793 -0.518888
1777374355.281913 3.933065 5.189034 0.307631 -0.003530 0.010491 -0.858525 -0.512652
1777374355.338469 3.930846 5.192563 0.306866 -0.002415 0.011926 -0.864041 -0.503274
1777374355.389141 3.928414 5.198097 0.305677 -0.003008 0.010384 -0.869479 -0.493851
1777374355.443410 3.926111 5.204576 0.303747 -0.003089 0.007219 -0.874335 -0.485260
1777374355.494102 3.921174 5.213365 0.302222 -0.000092 0.004025 -0.879866 -0.475206
1777374355.622332 3.915913 5.219751 0.302580 0.008692 0.002630 -0.885055 -0.465397
1777374355.624466 3.911131 5.225680 0.302670 0.015939 -0.000996 -0.889980 -0.455720
1777374355.651133 3.904149 5.232081 0.300599 0.020488 -0.003175 -0.895247 -0.445088
1777374355.779667 3.890584 5.241329 0.299236 0.025218 -0.000813 -0.900670 -0.433771
1777374355.781391 3.879130 5.252677 0.298539 0.016480 -0.003964 -0.905606 -0.423781
1777374355.816581 3.868761 5.263269 0.304366 0.011699 0.001100 -0.909947 -0.414558
1777374355.885552 3.857819 5.271022 0.307995 0.009470 0.009404 -0.915052 -0.403114
1777374355.918258 3.842301 5.283681 0.308136 0.006843 0.020507 -0.919766 -0.391871
1777374355.989019 3.825624 5.297257 0.307687 0.003494 0.024690 -0.923941 -0.381721
1777374356.028399 3.807639 5.313497 0.308434 0.001332 0.016421 -0.929261 -0.369057
1777374356.085512 3.790122 5.329476 0.306811 0.003418 0.010970 -0.934885 -0.354765
1777374356.137298 3.781240 5.340991 0.307036 0.003372 0.013277 -0.937769 -0.346990
1777374356.188658 3.768559 5.349206 0.307500 0.006195 0.014193 -0.938546 -0.344806
1777374356.265684 3.754644 5.353535 0.307893 0.018487 0.020416 -0.938490 -0.344206
1777374356.303106 3.747658 5.356644 0.310106 0.018828 0.012236 -0.938877 -0.343521
1777374356.368411 3.743395 5.356574 0.311507 0.020885 0.015791 -0.938822 -0.343406
1777374356.410433 3.743191 5.356866 0.311469 0.019388 0.013350 -0.939128 -0.342761
1777374356.466809 3.743881 5.357561 0.312078 0.016616 0.010717 -0.939882 -0.340927
1777374356.532027 3.745306 5.358016 0.312270 0.015940 0.009832 -0.941106 -0.337593
1777374356.564011 3.745701 5.357948 0.312089 0.015496 0.010300 -0.941977 -0.335161
1777374356.653765 3.745022 5.357362 0.311234 0.015982 0.010448 -0.942351 -0.334080
1777374356.673104 3.744232 5.357134 0.310704 0.016132 0.010325 -0.942895 -0.332538
1777374356.731564 3.743810 5.357265 0.310575 0.016163 0.009958 -0.943339 -0.331287
1777374356.983809 3.743723 5.357786 0.310482 0.015977 0.009440 -0.943510 -0.330823
1777374356.985279 3.743715 5.358227 0.310409 0.015971 0.009350 -0.943597 -0.330578
1777374357.028599 3.743495 5.358365 0.310426 0.016164 0.009514 -0.943737 -0.330165
1777374357.030954 3.743031 5.358315 0.310479 0.016392 0.009614 -0.943802 -0.329963
1777374357.104771 3.742992 5.358430 0.310474 0.016397 0.009529 -0.943849 -0.329832
1777374357.106788 3.742990 5.358537 0.310466 0.016397 0.009461 -0.943888 -0.329723
1777374357.111912 3.742990 5.358537 0.310466 0.016397 0.009461 -0.943888 -0.329723
1777374357.188131 3.742813 5.358586 0.310478 0.016551 0.009522 -0.943919 -0.329625
1777374357.214283 3.742624 5.358556 0.310510 0.016682 0.009600 -0.943900 -0.329669
1777374357.259763 3.742488 5.358616 0.310506 0.016707 0.009546 -0.943900 -0.329671
1777374357.329536 3.742385 5.358744 0.310523 0.016791 0.009495 -0.943944 -0.329542
1777374357.374372 3.742290 5.358796 0.310525 0.016852 0.009524 -0.943967 -0.329473
1777374357.429539 3.742172 5.358811 0.310539 0.016915 0.009569 -0.943925 -0.329589
1777374357.480341 3.742037 5.358836 0.310545 0.017004 0.009570 -0.943921 -0.329593
1777374357.556562 3.741910 5.358894 0.310566 0.017142 0.009609 -0.943943 -0.329522
1777374357.584151 3.741883 5.358935 0.310571 0.017176 0.009597 -0.943960 -0.329473
1777374357.626980 3.741779 5.358945 0.310590 0.017328 0.009640 -0.943978 -0.329411
1777374357.686104 3.741699 5.358944 0.310606 0.017425 0.009656 -0.943939 -0.329517
1777374357.741174 3.741604 5.358966 0.310617 0.017487 0.009692 -0.943928 -0.329544
1777374357.828410 3.741549 5.359003 0.310623 0.017555 0.009717 -0.943963 -0.329442
1777374357.845102 3.741492 5.359046 0.310627 0.017562 0.009709 -0.943976 -0.329403
1777374357.898328 3.741423 5.359051 0.310624 0.017596 0.009727 -0.943944 -0.329494
1777374357.958535 3.741342 5.359118 0.310635 0.017658 0.009698 -0.943927 -0.329540
1777374358.004898 3.741276 5.359142 0.310647 0.017722 0.009714 -0.943940 -0.329499
1777374358.063895 3.741230 5.359127 0.310645 0.017763 0.009787 -0.943971 -0.329405
1777374358.111214 3.741148 5.359131 0.310662 0.017885 0.009796 -0.943958 -0.329436
1777374358.175910 3.741122 5.359151 0.310668 0.017904 0.009796 -0.943938 -0.329492
1777374358.235695 3.741112 5.359170 0.310670 0.017907 0.009788 -0.943953 -0.329447
1777374358.267981 3.741085 5.359166 0.310663 0.017936 0.009823 -0.943992 -0.329334
1777374358.334904 3.741046 5.359115 0.310666 0.017948 0.009910 -0.943981 -0.329362
1777374358.389277 3.741016 5.359136 0.310674 0.017922 0.009881 -0.943924 -0.329529
1777374358.458187 3.740970 5.359171 0.310693 0.017961 0.009888 -0.943933 -0.329501
1777374358.488909 3.740911 5.359217 0.310709 0.018048 0.009901 -0.943982 -0.329354
1777374358.539280 3.740824 5.359202 0.310715 0.018158 0.009947 -0.943977 -0.329361
1777374358.604486 3.740764 5.359210 0.310722 0.018236 0.009941 -0.943937 -0.329471
1777374358.671307 3.740774 5.359206 0.310730 0.018242 0.009932 -0.943924 -0.329509
1777374358.700711 3.740756 5.359245 0.310746 0.018297 0.009907 -0.943975 -0.329361
1777374358.755418 3.740738 5.359240 0.310740 0.018328 0.009933 -0.943982 -0.329338
1777374358.804610 3.740667 5.359256 0.310738 0.018386 0.009899 -0.943963 -0.329391
1777374358.901876 3.740613 5.359283 0.310752 0.018452 0.009901 -0.943953 -0.329414
1777374358.915796 3.740587 5.359324 0.310748 0.018514 0.009874 -0.943979 -0.329337
1777374358.991841 3.740544 5.359324 0.310758 0.018599 0.009906 -0.944010 -0.329243
1777374359.023366 3.740478 5.359336 0.310772 0.018696 0.009911 -0.943991 -0.329292
1777374359.071905 3.740465 5.359324 0.310775 0.018713 0.009911 -0.943958 -0.329386
1777374359.131565 3.740431 5.359356 0.310768 0.018765 0.009906 -0.943973 -0.329339
1777374359.189058 3.740415 5.359377 0.310784 0.018812 0.009918 -0.944035 -0.329161
1777374359.272528 3.740377 5.359355 0.310810 0.018852 0.009963 -0.944014 -0.329215
1777374359.296012 3.740334 5.359362 0.310813 0.018899 0.009928 -0.943971 -0.329339
1777374359.411651 3.740297 5.359406 0.310825 0.018983 0.009916 -0.944001 -0.329246
1777374359.426223 3.740288 5.359446 0.310830 0.019031 0.009879 -0.944013 -0.329210
1777374359.453278 3.740219 5.359442 0.310860 0.019142 0.009928 -0.944036 -0.329137
1777374359.502549 3.740122 5.359418 0.310889 0.019267 0.009985 -0.943996 -0.329242
1777374359.556403 3.740079 5.359445 0.310890 0.019342 0.009962 -0.943973 -0.329305
1777374359.618835 3.740087 5.359456 0.310883 0.019346 0.009973 -0.944019 -0.329174
1777374359.687929 3.740037 5.359449 0.310895 0.019438 0.010017 -0.944051 -0.329075
1777374359.719954 3.739985 5.359438 0.310892 0.019505 0.010038 -0.944016 -0.329170
1777374359.801329 3.739902 5.359452 0.310907 0.019604 0.010074 -0.944002 -0.329204
1777374359.822035 3.739892 5.359499 0.310925 0.019638 0.010032 -0.944058 -0.329041
1777374359.889580 3.739896 5.359523 0.310936 0.019683 0.010027 -0.944094 -0.328937
1777374359.935701 3.739840 5.359505 0.310926 0.019739 0.010059 -0.944058 -0.329036
1777374359.988631 3.739779 5.359530 0.310929 0.019825 0.010042 -0.944038 -0.329086
1777374360.045706 3.739758 5.359566 0.310939 0.019889 0.010024 -0.944060 -0.329021
1777374360.092296 3.739743 5.359562 0.310958 0.019918 0.010057 -0.944105 -0.328890
1777374360.205338 3.739724 5.359527 0.310967 0.019941 0.010109 -0.944091 -0.328926
1777374360.206698 3.739692 5.359519 0.310953 0.019979 0.010102 -0.944048 -0.329049
1777374360.315603 3.739627 5.359549 0.310954 0.020070 0.010121 -0.944057 -0.329017
1777374360.317874 3.739627 5.359567 0.310962 0.020088 0.010125 -0.944113 -0.328853
1777374360.368946 3.739558 5.359552 0.310993 0.020199 0.010182 -0.944119 -0.328827
1777374360.420557 3.739522 5.359533 0.310994 0.020247 0.010214 -0.944072 -0.328958
1777374360.476564 3.739500 5.359545 0.311000 0.020286 0.010200 -0.944052 -0.329015
1777374360.556448 3.739512 5.359575 0.311015 0.020311 0.010159 -0.944092 -0.328898
1777374360.581249 3.739497 5.359566 0.311016 0.020326 0.010204 -0.944123 -0.328808
1777374360.644908 3.739467 5.359529 0.311018 0.020328 0.010238 -0.944087 -0.328910
1777374360.699960 3.739448 5.359543 0.311014 0.020332 0.010247 -0.944079 -0.328933
1777374360.737585 3.739449 5.359568 0.311017 0.020364 0.010235 -0.944117 -0.328821
1777374360.835203 3.739459 5.359562 0.311009 0.020368 0.010227 -0.944126 -0.328795
1777374360.853948 3.739399 5.359508 0.311005 0.020432 0.010305 -0.944091 -0.328890
1777374360.910676 3.739346 5.359531 0.311022 0.020501 0.010300 -0.944064 -0.328963
1777374360.957018 3.739324 5.359572 0.311040 0.020549 0.010254 -0.944063 -0.328963
1777374361.015158 3.739317 5.359607 0.311042 0.020607 0.010219 -0.944092 -0.328879
1777374361.099491 3.739322 5.359555 0.311040 0.020598 0.010275 -0.944082 -0.328906
1777374361.136072 3.739311 5.359508 0.311054 0.020603 0.010354 -0.944062 -0.328961
1777374361.191163 3.739278 5.359540 0.311052 0.020646 0.010345 -0.944076 -0.328918
1777374361.264809 3.739266 5.359597 0.311063 0.020681 0.010288 -0.944109 -0.328824
1777374361.277849 3.739204 5.359587 0.311064 0.020767 0.010330 -0.944100 -0.328843
1777374361.381611 3.739178 5.359554 0.311057 0.020802 0.010352 -0.944077 -0.328905
1777374361.395529 3.739161 5.359565 0.311074 0.020827 0.010343 -0.944057 -0.328963
1777374361.435468 3.739175 5.359586 0.311072 0.020831 0.010320 -0.944066 -0.328936
