# camera_optical trajectory from onboard odometry (NOT ground truth)
1766747348.311444 -12.988320 13.238074 0.306925 0.172099 0.685209 -0.678066 -0.202723
1766747348.443761 -12.988343 13.238123 0.306958 0.172134 0.685164 -0.678100 -0.202731
1766747348.585359 -12.988456 13.238184 0.306969 0.172272 0.685115 -0.678096 -0.202795
1766747348.725833 -12.988392 13.238162 0.306976 0.172204 0.685123 -0.678099 -0.202815
1766747348.857749 -12.988497 13.238175 0.306934 0.172316 0.685147 -0.678041 -0.202833
1766747348.998067 -12.988488 13.238157 0.306935 0.172303 0.685147 -0.678034 -0.202866
1766747349.145230 -12.988431 13.238153 0.306946 0.172246 0.685148 -0.678023 -0.202948
1766747349.280422 -12.988492 13.238199 0.306960 0.172314 0.685114 -0.678028 -0.202990
1766747349.426629 -12.988419 13.238173 0.306978 0.172231 0.685109 -0.678039 -0.203040
1766747349.558932 -12.988483 13.238225 0.306979 0.172311 0.685092 -0.678049 -0.202995
1766747349.703973 -12.988539 13.238174 0.306931 0.172352 0.685137 -0.677988 -0.203011
1766747349.845102 -12.988448 13.238192 0.306953 0.172281 0.685130 -0.678037 -0.202933
1766747349.985797 -12.988574 13.238218 0.306931 0.172404 0.685127 -0.678012 -0.202923
1766747350.126516 -12.988464 13.238173 0.306931 0.172284 0.685156 -0.678013 -0.202925
1766747350.258778 -12.988468 13.238191 0.306951 0.172298 0.685132 -0.678045 -0.202885
1766747350.405367 -12.988544 13.238206 0.306950 0.172373 0.685112 -0.678029 -0.202943
1766747350.551154 -12.988474 13.238192 0.306956 0.172305 0.685122 -0.678034 -0.202950
1766747350.687914 -12.988562 13.238238 0.306951 0.172399 0.685107 -0.678034 -0.202921
1766747350.829689 -12.988503 13.238193 0.306955 0.172329 0.685116 -0.678037 -0.202941
1766747350.968829 -12.987971 13.237871 0.306946 0.171335 0.685409 -0.678170 -0.202347
1766747351.109750 -12.966867 13.225006 0.308959 0.143247 0.692012 -0.684700 -0.178284
1766747351.249894 -12.921958 13.204601 0.309584 0.087851 0.704226 -0.693635 -0.123362
1766747351.385148 -12.857192 13.188590 0.304410 0.012830 0.714017 -0.698402 -0.047423
1766747351.532590 -12.778121 13.188017 0.292855 -0.075574 0.716852 -0.691655 0.045007
1766747351.672774 -12.697314 13.208746 0.282470 -0.164377 0.708833 -0.668975 0.151683
1766747351.811220 -12.603925 13.264644 0.289260 -0.270801 0.667128 -0.643126 0.260759
1766747351.952189 -12.542052 13.333369 0.303323 -0.354925 0.620853 -0.594320 0.367905
1766747352.097151 -12.522271 13.381786 0.296392 -0.421683 0.587589 -0.563260 0.399575
1766747352.233258 -12.512365 13.374705 0.296871 -0.425551 0.582215 -0.569475 0.394500
1766747352.374365 -12.493331 13.365619 0.294453 -0.428000 0.582998 -0.562826 0.400195
1766747352.513417 -12.452599 13.354803 0.294914 -0.426789 0.574989 -0.568040 0.405671
1766747352.657905 -12.408563 13.342334 0.299196 -0.419836 0.575167 -0.566577 0.414621
1766747352.798905 -12.350677 13.323964 0.303911 0.419127 -0.568917 0.574972 -0.412399
1766747352.938971 -12.290077 13.309102 0.307992 0.423717 -0.568497 0.574625 -0.408755
1766747353.078180 -12.221345 13.291572 0.308252 0.422778 -0.566535 0.575101 -0.411771
1766747353.220354 -12.167434 13.236558 0.310298 0.390166 -0.588468 0.596865 -0.381087
1766747353.357499 -12.120548 13.191279 0.319970 0.360838 -0.600853 0.606895 -0.374767
1766747353.497844 -12.056616 13.159562 0.310758 -0.369745 0.607264 -0.599302 0.367908
1766747353.641376 -11.996991 13.136213 0.310801 -0.371600 0.606674 -0.598387 0.368502
1766747353.782201 -11.936350 13.102351 0.302904 -0.372939 0.605246 -0.595336 0.374392
1766747353.922626 -11.873544 13.068612 0.306710 -0.374757 0.601126 -0.599916 0.371893
1766747354.059635 -11.800403 13.035575 0.310096 0.382921 -0.599704 0.600999 -0.364042
1766747354.198683 -11.727540 13.004779 0.308958 0.386458 -0.598357 0.599864 -0.364394
1766747354.341734 -11.651768 12.969334 0.303320 -0.388067 0.598113 -0.595857 0.369621
1766747354.480568 -11.589236 12.936011 0.312903 -0.376301 0.597628 -0.595880 0.382316
1766747354.623438 -11.511197 12.893702 0.307986 -0.383794 0.598651 -0.596736 0.371787
1766747354.762965 -11.434129 12.864685 0.315842 0.385097 -0.593267 0.599863 -0.374032
1766747354.904070 -11.343905 12.827622 0.306014 -0.388032 0.594837 -0.593266 0.378991
1766747355.053457 -11.275957 12.783384 0.308505 0.381591 -0.600878 0.601659 -0.362408
1766747355.188582 -11.218865 12.745294 0.305919 0.372771 -0.608440 0.608941 -0.346459
1766747355.329054 -11.162374 12.721608 0.308558 0.375529 -0.605854 0.610367 -0.345501
1766747355.468348 -11.095339 12.691665 0.303471 0.373985 -0.605768 0.608243 -0.351028
1766747355.604570 -11.031243 12.655982 0.310762 0.363907 -0.606035 0.606086 -0.364626
1766747355.761168 -10.953899 12.613781 0.307659 0.367403 -0.604361 0.607683 -0.361225
1766747355.887313 -10.889292 12.585551 0.311566 0.371890 -0.604185 0.607681 -0.356906
1766747356.033979 -10.804580 12.549045 0.308496 0.374134 -0.600681 0.607463 -0.360826
1766747356.169220 -10.737581 12.512923 0.313064 0.370431 -0.599724 0.605533 -0.369381
1766747356.314347 -10.659601 12.473427 0.314350 0.370906 -0.595223 0.610456 -0.368077
1766747356.458776 -10.582695 12.438600 0.315171 0.375785 -0.596500 0.608879 -0.363647
1766747356.588707 -10.507992 12.405928 0.315102 0.375663 -0.594316 0.608078 -0.368655
1766747356.731797 -10.427069 12.363128 0.311114 0.374804 -0.597112 0.602151 -0.374691
1766747356.877709 -10.350799 12.326053 0.313012 0.372643 -0.594818 0.604216 -0.377163
1766747357.019717 -10.274461 12.294997 0.313092 0.381809 -0.596288 0.602451 -0.368394
1766747357.156915 -10.203055 12.255587 0.310726 0.375142 -0.602630 0.602979 -0.364035
1766747357.294883 -10.146986 12.205365 0.304842 -0.360845 0.610960 -0.610238 0.352319
1766747357.437704 -10.098549 12.173919 0.311877 -0.350219 0.613931 -0.606787 0.363657
1766747357.570973 -10.038166 12.135195 0.308958 -0.353527 0.611932 -0.611006 0.356692
1766747357.716441 -9.988180 12.092174 0.312383 -0.340096 0.622875 -0.620511 0.333657
1766747357.860357 -9.942044 12.039172 0.308635 0.318323 -0.631645 0.634273 -0.312077
1766747357.997513 -9.882878 12.026866 0.302364 -0.347887 0.623374 -0.609543 0.344727
1766747358.146457 -9.808900 12.057761 0.299306 -0.409060 0.584640 -0.574209 0.401435
1766747358.276606 -9.732280 12.104052 0.299336 0.462580 -0.541177 0.548539 -0.438466
1766747358.416938 -9.674135 12.111815 0.309509 0.463401 -0.532101 0.547104 -0.450338
1766747358.564756 -9.604334 12.105883 0.310501 0.462019 -0.531015 0.546931 -0.453243
1766747358.702275 -9.564095 12.060230 0.319755 0.425618 -0.560417 0.563309 -0.432972
1766747358.845908 -9.489661 12.030120 0.314491 -0.426403 0.565264 -0.564567 0.424171
1766747358.984607 -9.425780 12.017478 0.317159 0.426102 -0.564139 0.565908 -0.424184
1766747359.123447 -9.347688 11.998626 0.307866 0.428507 -0.562313 0.564629 -0.425888
1766747359.260916 -9.278450 11.975623 0.315568 -0.422266 0.562614 -0.561543 0.435690
1766747359.402757 -9.179457 11.939182 0.307462 0.433892 -0.564941 0.565144 -0.416162
1766747359.546361 -9.057777 11.908842 0.317822 0.429772 -0.557958 0.571084 -0.421712
1766747359.682460 -8.926545 11.878758 0.306238 -0.432853 0.569143 -0.553926 0.426474
1766747359.824068 -8.809438 11.842288 0.301342 -0.438393 0.568102 -0.556639 0.418598
1766747359.967014 -8.690973 11.805770 0.309630 -0.437661 0.563325 -0.563116 0.417155
1766747360.106364 -8.526895 11.761029 0.317476 -0.429415 0.563705 -0.557392 0.432612
1766747360.246469 -8.395326 11.717491 0.299667 -0.443594 0.570676 -0.553520 0.413725
1766747360.382261 -8.228638 11.675260 0.296039 -0.443725 0.563274 -0.557274 0.418659
1766747360.528119 -8.073292 11.631079 0.307859 -0.437485 0.560139 -0.559882 0.425892
1766747360.667232 -7.952103 11.597877 0.306824 0.444186 -0.556446 0.563091 -0.419517
1766747360.809603 -7.851842 11.568842 0.304648 -0.439214 0.564400 -0.549935 0.431411
1766747360.945598 -7.747809 11.543698 0.299984 -0.445582 0.561187 -0.552929 0.425201
1766747361.096225 -7.582887 11.509988 0.303791 0.450151 -0.548085 0.563424 -0.423698
1766747361.228083 -7.467671 11.475829 0.308600 0.444848 -0.549411 0.557532 -0.435220
1766747361.371536 -7.385893 11.457938 0.307306 0.449114 -0.552431 0.557541 -0.426924
1766747361.507072 -7.235418 11.430052 0.302171 -0.449192 0.557459 -0.544317 0.437247
1766747361.652683 -7.061367 11.386303 0.304441 -0.450860 0.553401 -0.548515 0.435434
1766747361.789113 -6.986200 11.335861 0.288094 -0.440367 0.575621 -0.557633 0.404702
1766747361.932059 -6.873717 11.294927 0.298740 -0.424645 0.580156 -0.561936 0.409052
1766747362.082593 -6.764675 11.265409 0.299590 -0.428564 0.577407 -0.559955 0.411564
1766747362.215097 -6.663765 11.240981 0.312762 0.431887 -0.561073 0.574143 -0.411133
1766747362.355144 -6.529541 11.207209 0.305689 -0.432553 0.566877 -0.561421 0.419947
1766747362.500863 -6.384019 11.160460 0.308681 0.432652 -0.560990 0.566917 -0.420366
1766747362.631262 -6.288417 11.132213 0.314496 0.435174 -0.560493 0.569992 -0.414222
1766747362.776262 -6.179228 11.099793 0.298137 -0.439741 0.571607 -0.568008 0.396561
1766747362.916540 -6.066302 11.070308 0.292871 -0.428188 0.581920 -0.567356 0.395134
1766747363.060049 -5.979535 11.038384 0.304945 -0.425978 0.576862 -0.572310 0.397787
1766747363.200709 -5.875304 11.001511 0.309288 -0.418959 0.577181 -0.569960 0.408021
1766747363.343845 -5.744036 10.953741 0.308329 -0.417835 0.576266 -0.572278 0.407222
1766747363.475948 -5.614152 10.908638 0.310379 0.419519 -0.572716 0.575100 -0.406523
1766747363.628650 -5.458310 10.863230 0.309882 -0.416381 0.576541 -0.567348 0.415143
1766747363.761630 -5.380549 10.842950 0.299798 -0.418427 0.578189 -0.565671 0.413076
1766747363.901210 -5.240224 10.806044 0.317661 0.418576 -0.562301 0.578715 -0.416775
1766747364.034244 -5.098427 10.761054 0.307777 -0.419004 0.574604 -0.562248 0.422070
1766747364.183588 -4.963688 10.716945 0.307929 -0.421464 0.576415 -0.563180 0.415863
1766747364.321691 -4.816245 10.675910 0.309377 -0.424145 0.574592 -0.560988 0.418613
1766747364.460226 -4.660181 10.634461 0.299769 -0.426929 0.569498 -0.565340 0.416887
1766747364.602528 -4.601062 10.606862 0.297713 -0.429813 0.580080 -0.553615 0.415065
1766747364.740365 -4.528799 10.578207 0.291840 -0.441554 0.577175 -0.550028 0.411543
1766747364.881018 -4.500787 10.613716 0.289299 -0.498718 0.542527 -0.506429 0.447744
1766747365.021916 -4.505701 10.625149 0.300286 0.512472 -0.511675 0.515285 -0.458303
1766747365.160517 -4.510863 10.611490 0.302182 0.514123 -0.508455 0.515217 -0.460112
1766747365.306874 -4.524126 10.539902 0.311134 0.460554 -0.548199 0.561219 -0.415213
1766747365.442911 -4.527214 10.516473 0.313797 0.450158 -0.551943 0.570547 -0.408891
1766747365.589844 -4.512615 10.486755 0.304817 0.447846 -0.556825 0.566660 -0.410214
1766747365.721697 -4.481149 10.477019 0.302244 0.445839 -0.556850 0.565512 -0.413935
1766747365.868248 -4.443701 10.470419 0.297493 0.451988 -0.551962 0.566995 -0.411779
1766747366.004331 -4.403479 10.456909 0.295575 -0.448826 0.560868 -0.556523 0.417449
1766747366.145686 -4.339838 10.436540 0.296738 -0.441937 0.560178 -0.555697 0.426723
1766747366.289527 -4.281697 10.418421 0.307029 -0.429515 0.563566 -0.550956 0.440860
1766747366.429965 -4.204566 10.397923 0.308144 0.439780 -0.556155 0.559291 -0.429510
1766747366.570671 -4.131513 10.386633 0.311764 0.448880 -0.554535 0.561019 -0.419826
1766747366.704354 -4.051769 10.377476 0.306567 0.449747 -0.552627 0.559109 -0.423945
1766747366.849147 -3.990204 10.377264 0.289879 -0.480483 0.547847 -0.532032 0.431209
1766747366.993132 -3.944714 10.374230 0.285635 -0.482738 0.549250 -0.530473 0.428821
1766747367.125507 -3.909078 10.378921 0.289599 -0.489795 0.542498 -0.523047 0.438428
1766747367.266689 -3.887351 10.379004 0.286010 -0.494954 0.537075 -0.522026 0.440522
1766747367.413588 -3.849031 10.378949 0.281791 -0.495253 0.539993 -0.514261 0.445721
1766747367.551668 -3.800346 10.376149 0.278517 -0.495285 0.536481 -0.514620 0.449496
1766747367.696466 -3.742879 10.382116 0.291840 -0.495763 0.522960 -0.507247 0.472686
1766747367.834022 -3.691030 10.396466 0.300806 -0.502333 0.505419 -0.498924 0.493241
1766747367.974978 -3.618552 10.395811 0.305733 0.506232 -0.499766 0.507890 -0.485810
1766747368.113537 -3.535215 10.404991 0.311988 0.507185 -0.491418 0.511166 -0.489878
1766747368.252277 -3.416253 10.414392 0.312516 0.505594 -0.495441 0.497617 -0.501289
1766747368.396541 -3.283571 10.408525 0.321460 -0.495702 0.493554 -0.500858 0.509730
1766747368.538330 -3.142486 10.398899 0.307923 0.508281 -0.506595 0.494529 -0.490360
1766747368.675283 -3.035027 10.344420 0.309817 0.459027 -0.539272 0.542261 -0.452143
1766747368.825009 -2.961227 10.245931 0.317325 -0.381053 0.606088 -0.593065 0.368414
1766747368.962722 -2.955873 10.156982 0.322663 0.292919 -0.647698 0.649978 -0.268728
1766747369.097184 -2.997157 10.016487 0.306150 -0.197513 0.693894 -0.664552 0.194604
1766747369.238364 -2.977201 9.952416 0.315930 -0.177476 0.690870 -0.671788 0.199754
1766747369.379473 -2.940881 9.876967 0.301014 -0.187245 0.691854 -0.673178 0.181958
1766747369.520011 -2.896401 9.776832 0.303617 -0.180520 0.686933 -0.682481 0.172495
1766747369.665964 -2.900722 9.680169 0.314343 -0.128208 0.696777 -0.695337 0.120714
1766747369.805039 -2.953982 9.593061 0.319873 -0.033977 0.706949 -0.705425 0.038003
1766747369.938961 -3.015219 9.540784 0.316356 0.035374 0.711111 -0.699896 -0.056705
1766747370.084133 -3.029505 9.458356 0.310532 0.049308 0.709063 -0.701356 -0.053824
1766747370.221064 -3.038420 9.371484 0.312481 0.057023 0.706031 -0.704319 -0.046949
1766747370.363911 -3.057926 9.249288 0.310551 0.050666 0.706165 -0.704270 -0.052613
1766747370.516227 -3.076550 9.116999 0.312721 -0.044092 -0.703153 0.707406 0.056642
1766747370.649529 -3.091791 8.982195 0.316097 -0.052698 -0.703443 0.707677 0.039801
1766747370.785619 -3.109009 8.889075 0.302275 0.052610 0.712382 -0.698161 -0.048128
1766747370.932191 -3.152353 8.773522 0.283830 0.075700 0.719745 -0.686762 -0.067786
1766747371.067217 -3.176260 8.676177 0.299126 0.079222 0.713355 -0.693796 -0.059124
1766747371.210298 -3.197878 8.581893 0.300549 0.067761 0.713994 -0.692974 -0.073537
1766747371.343577 -3.214105 8.464062 0.321691 -0.058420 -0.694488 0.712814 0.078550
1766747371.485455 -3.253616 8.345376 0.307910 0.071323 0.707217 -0.695138 -0.107429
1766747371.634821 -3.282277 8.243445 0.304009 0.092216 0.707169 -0.687575 -0.136560
1766747371.768864 -3.294248 8.186927 0.316890 0.095719 0.700948 -0.694893 -0.128973
1766747371.914598 -3.315806 8.111535 0.311732 -0.101778 -0.697875 0.698954 0.118636
1766747372.050414 -3.340780 8.051181 0.311977 -0.108708 -0.696602 0.698456 0.122835
1766747372.186938 -3.368285 7.981282 0.311554 -0.109720 -0.695427 0.697122 0.135511
1766747372.330473 -3.403422 7.921590 0.314517 0.123643 0.694551 -0.690669 -0.159021
1766747372.468193 -3.429422 7.868316 0.306127 0.133448 0.699949 -0.684955 -0.151988
1766747372.614044 -3.459038 7.795488 0.301977 0.132417 0.700304 -0.685984 -0.146511
1766747372.749908 -3.484411 7.734377 0.307287 0.137287 0.696130 -0.690055 -0.142758
1766747372.890028 -3.517639 7.655784 0.311772 0.130676 0.695665 -0.690371 -0.149539
1766747373.031358 -3.551520 7.562107 0.315395 0.125568 0.695747 -0.691434 -0.148622
1766747373.170370 -3.585686 7.458094 0.309237 0.130594 0.698527 -0.690171 -0.136633
1766747373.314701 -3.646375 7.321325 0.320522 -0.131101 -0.686780 0.701663 0.137170
1766747373.455563 -3.701032 7.206988 0.308468 0.134154 0.701497 -0.686140 -0.138262
1766747373.596450 -3.756175 7.067902 0.310154 0.135204 0.698039 -0.691169 -0.129408
1766747373.735694 -3.812386 6.938772 0.312059 0.132519 0.698335 -0.690330 -0.134947
1766747373.879988 -3.868584 6.797448 0.309805 0.124282 0.699351 -0.689485 -0.141678
1766747374.021003 -3.909039 6.694928 0.313535 0.128642 0.698223 -0.692035 -0.130479
1766747374.157138 -3.954031 6.588744 0.302859 0.126674 0.705521 -0.684230 -0.134252
1766747374.294516 -4.006098 6.448709 0.303733 0.119449 0.700216 -0.691124 -0.133332
1766747374.432652 -4.059706 6.315608 0.312314 -0.122241 -0.693200 0.699087 0.125731
1766747374.574962 -4.105091 6.200415 0.309365 0.122830 0.697589 -0.694078 -0.128598
1766747374.721859 -4.162493 6.032917 0.310723 0.125058 0.699241 -0.693770 -0.118765
1766747374.862116 -4.212365 5.910045 0.302532 0.120251 0.703837 -0.688749 -0.125609
1766747374.998562 -4.264313 5.761221 0.301340 0.116530 0.698997 -0.694506 -0.124439
1766747375.142856 -4.309164 5.652928 0.304982 -0.116452 -0.692201 0.702434 0.117830
1766747375.278058 -4.334920 5.581865 0.304253 0.116877 0.706275 -0.687646 -0.121072
1766747375.422998 -4.390978 5.436421 0.299441 0.101973 0.702785 -0.692241 -0.128442
1766747375.561241 -4.426366 5.350045 0.291183 0.118637 0.706476 -0.684496 -0.135208
1766747375.702725 -4.482833 5.297779 0.306402 0.158935 0.698540 -0.674607 -0.178007
1766747375.849166 -4.524228 5.239202 0.299438 0.173179 0.701022 -0.669172 -0.175459
1766747375.985415 -4.548589 5.175725 0.299336 0.165706 0.698213 -0.677688 -0.160561
1766747376.127764 -4.527079 5.101224 0.308442 0.106152 0.700370 -0.697125 -0.110588
1766747376.263746 -4.488207 5.031028 0.304751 0.038984 0.708125 -0.702312 -0.061618
1766747376.403504 -4.413169 4.963515 0.310315 -0.051156 0.710221 -0.701974 0.014178
1766747376.544447 -4.338427 4.917078 0.308499 -0.125127 0.704025 -0.691645 0.101582
1766747376.686840 -4.254951 4.908226 0.314475 0.192699 -0.673210 0.685381 -0.199772
1766747376.832963 -4.158085 4.915369 0.304935 -0.283939 0.658872 -0.645396 0.262165
1766747376.968559 -4.082075 4.908781 0.310842 -0.329262 0.631082 -0.629419 0.311695
1766747377.116172 -4.030248 4.872718 0.309409 -0.321444 0.631992 -0.629041 0.318696
1766747377.254275 -3.962586 4.830660 0.309247 0.326547 -0.629308 0.629613 -0.317690
1766747377.398005 -3.898674 4.791056 0.308953 -0.337630 0.629788 -0.627555 0.309109
1766747377.529706 -3.830963 4.761375 0.304238 -0.351809 0.626728 -0.615060 0.324257
1766747377.667743 -3.770334 4.722231 0.304888 -0.348903 0.622356 -0.616449 0.333061
1766747377.819407 -3.713895 4.689449 0.310118 -0.346342 0.619729 -0.618527 0.336760
1766747377.954527 -3.648107 4.650075 0.307815 0.354542 -0.618943 0.619337 -0.328073
1766747378.100670 -3.578110 4.613911 0.309327 0.357615 -0.616364 0.618686 -0.330809
1766747378.236254 -3.505299 4.569906 0.300039 -0.357865 0.619406 -0.612339 0.336616
1766747378.372000 -3.447128 4.532928 0.309118 -0.350417 0.617095 -0.614628 0.344433
1766747378.516827 -3.370275 4.493983 0.300762 -0.363457 0.615996 -0.610343 0.340486
1766747378.656277 -3.293580 4.489865 0.310527 -0.397056 0.594751 -0.594618 0.367487
1766747378.798660 -3.221321 4.470480 0.308414 -0.401960 0.587601 -0.586316 0.386505
1766747378.940037 -3.168206 4.447084 0.313435 -0.396202 0.587725 -0.583794 0.395964
1766747379.087347 -3.106472 4.421223 0.312018 0.396208 -0.584514 0.586887 -0.396139
1766747379.229041 -3.025253 4.393128 0.312026 -0.406812 0.585558 -0.584106 0.387873
1766747379.362347 -2.950589 4.387037 0.307531 -0.424338 0.575965 -0.566682 0.408745
1766747379.500889 -2.878905 4.409105 0.302413 -0.470366 0.544660 -0.532560 0.445513
1766747379.647817 -2.818354 4.449888 0.296617 0.515576 -0.508838 0.503485 -0.470923
1766747379.785135 -2.756031 4.447825 0.298136 0.513932 -0.506392 0.505189 -0.473523
1766747379.917016 -2.691799 4.446001 0.302157 0.509990 -0.507755 0.504683 -0.476854
1766747380.066711 -2.635965 4.398413 0.305246 -0.465778 0.544539 -0.536038 0.446308
1766747380.204759 -2.584712 4.364716 0.311121 -0.440252 0.563875 -0.551857 0.428576
1766747380.346494 -2.510131 4.397423 0.304224 -0.490251 0.533348 -0.516492 0.456540
1766747380.485092 -2.440885 4.448809 0.303001 0.534631 -0.482995 0.476125 -0.504173
1766747380.622945 -2.398433 4.518556 0.307676 0.582674 -0.418381 0.427567 -0.550122
1766747380.766859 -2.368261 4.609628 0.305855 0.628559 -0.343471 0.370890 -0.591086
1766747380.920551 -2.357807 4.712327 0.307995 0.666463 -0.262014 0.296838 -0.631714
1766747381.044682 -2.357036 4.789170 0.309353 0.681607 -0.216933 0.228787 -0.660309
1766747381.184016 -2.317500 4.846413 0.311074 0.674293 -0.216582 0.224606 -0.669308
1766747381.332667 -2.283468 4.900559 0.308595 0.679409 -0.214066 0.227489 -0.663949
1766747381.464275 -2.233380 4.987875 0.317943 -0.668463 0.208648 -0.225591 0.677297
1766747381.604266 -2.192802 5.084404 0.310634 0.681138 -0.196153 0.199841 -0.676489
1766747381.746813 -2.138935 5.172654 0.311337 0.680774 -0.192781 0.202749 -0.676960
1766747381.882905 -2.095937 5.248061 0.308768 0.687033 -0.193227 0.202977 -0.670410
1766747382.031966 -2.043752 5.343346 0.296206 0.692064 -0.186371 0.193492 -0.669981
1766747382.168257 -2.038469 5.410811 0.304751 0.698822 -0.155421 0.152066 -0.681446
1766747382.305455 -2.052409 5.488856 0.302108 0.706949 -0.111190 0.112533 -0.689345
1766747382.449537 -2.040592 5.544003 0.306656 0.704826 -0.100520 0.117431 -0.692334
1766747382.587611 -2.036866 5.613884 0.303252 0.710501 -0.083048 0.102618 -0.691203
1766747382.726758 -2.003624 5.676082 0.301794 0.706703 -0.095692 0.126656 -0.689472
1766747382.868433 -1.936986 5.708957 0.310575 0.693005 -0.161252 0.174370 -0.680689
1766747383.008742 -1.861801 5.714768 0.318978 0.666860 -0.237233 0.255505 -0.658586
1766747383.151540 -1.803093 5.672760 0.300391 0.640121 -0.341462 0.309668 -0.614618
1766747383.291948 -1.769203 5.623472 0.293884 0.597730 -0.412765 0.377668 -0.574204
1766747383.432224 -1.789804 5.622258 0.291570 0.601314 -0.415423 0.378115 -0.568221
1766747383.579103 -1.833415 5.614063 0.293686 0.603780 -0.407889 0.382958 -0.567820
1766747383.711373 -1.860056 5.590290 0.291350 0.595731 -0.424894 0.391625 -0.557852
1766747383.857507 -1.863925 5.543854 0.295668 0.560202 -0.458422 0.447184 -0.525404
1766747383.997254 -1.848615 5.496521 0.304006 0.515394 -0.500854 0.504511 -0.478521
1766747384.139890 -1.859515 5.429385 0.306834 0.450709 -0.549713 0.578181 -0.400479
1766747384.288121 -1.901630 5.354983 0.305516 0.362580 -0.611509 0.621077 -0.329934
1766747384.417619 -1.950981 5.297100 0.319979 0.266840 -0.644252 0.672745 -0.247283
1766747384.563374 -2.022669 5.248163 0.312333 0.158312 -0.689203 0.690957 -0.150048
1766747384.702816 -2.085882 5.214267 0.297186 -0.074692 0.711666 -0.695718 0.062679
1766747384.836531 -2.093117 5.181346 0.288260 -0.069853 0.726051 -0.682396 0.048021
1766747384.982944 -2.081233 5.121641 0.289356 -0.069645 0.723108 -0.685268 0.051692
1766747385.116388 -2.066969 5.048661 0.299895 -0.054879 0.713166 -0.695936 0.063679
1766747385.263927 -2.052042 4.939962 0.306762 -0.057983 0.707047 -0.702492 0.056816
1766747385.406873 -2.028494 4.822713 0.320067 0.068593 -0.696349 0.712526 -0.051952
1766747385.544919 -1.947066 4.727760 0.313077 -0.149923 0.695727 -0.694686 0.104401
1766747385.685260 -1.838075 4.679535 0.304636 -0.244823 0.675232 -0.670756 0.184959
1766747385.825852 -1.784738 4.641908 0.312945 0.269986 -0.660070 0.669135 -0.208981
1766747385.972001 -1.720936 4.566382 0.317737 -0.253703 0.665523 -0.662574 0.231754
1766747386.114027 -1.659729 4.484756 0.327521 0.246290 -0.653913 0.674985 -0.236927
1766747386.250345 -1.601780 4.408110 0.311001 -0.249046 0.672779 -0.657153 0.231289
1766747386.396563 -1.529300 4.322318 0.301321 -0.254429 0.670302 -0.657650 0.231208
1766747386.532621 -1.480536 4.262836 0.308761 -0.248681 0.669615 -0.657299 0.240273
1766747386.672078 -1.418753 4.194184 0.306290 -0.259045 0.665512 -0.660926 0.230579
1766747386.810042 -1.360212 4.132381 0.308701 -0.262697 0.663961 -0.660850 0.231133
1766747386.949465 -1.295291 4.060992 0.301008 0.267440 -0.660696 0.662156 -0.231313
1766747387.091576 -1.243516 3.996470 0.314042 0.254544 -0.658689 0.664399 -0.244768
1766747387.233895 -1.181862 3.930639 0.308113 0.261338 -0.659843 0.663336 -0.237267
1766747387.376356 -1.123809 3.874228 0.312985 0.264039 -0.658009 0.663662 -0.238454
1766747387.519822 -1.053004 3.798564 0.304613 -0.263192 0.660628 -0.658068 0.247481
1766747387.658182 -1.014867 3.728914 0.314093 0.243135 -0.664068 0.666587 -0.235715
1766747387.790989 -1.007433 3.644593 0.312697 -0.193419 0.682260 -0.681743 0.179825
1766747387.935197 -0.995953 3.583198 0.305162 -0.169096 0.700298 -0.675581 0.156782
1766747388.075426 -0.963586 3.514386 0.300368 -0.170289 0.696611 -0.678407 0.159684
1766747388.210051 -0.930561 3.459374 0.300832 -0.169898 0.697177 -0.677888 0.159833
1766747388.350647 -0.889156 3.390250 0.305642 -0.180372 0.689315 -0.684805 0.152817
1766747388.494514 -0.852353 3.321703 0.303308 -0.183705 0.691996 -0.680620 0.155405
1766747388.631531 -0.813719 3.247437 0.299886 -0.182291 0.690596 -0.680669 0.162901
1766747388.772029 -0.778588 3.176431 0.310806 0.176525 -0.685878 0.685898 -0.167198
1766747388.916287 -0.735322 3.097909 0.305902 -0.184554 0.688205 -0.683479 0.158653
1766747389.060475 -0.688499 3.026004 0.310956 -0.188176 0.686549 -0.683797 0.160192
1766747389.202810 -0.648670 2.945845 0.301489 -0.189671 0.688964 -0.681951 0.155874
1766747389.340777 -0.645017 2.876404 0.311443 -0.157589 0.694456 -0.689752 0.130913
1766747389.488897 -0.670068 2.791162 0.322520 0.096493 -0.695612 0.708734 -0.067158
1766747389.628897 -0.693262 2.733122 0.313617 -0.058243 0.710380 -0.700931 0.025769
1766747389.760804 -0.686718 2.667187 0.300412 -0.053494 0.716557 -0.694674 0.033338
1766747389.905251 -0.686387 2.604727 0.301587 -0.038089 0.716644 -0.695657 0.032121
1766747390.043734 -0.694678 2.533719 0.302818 -0.027839 0.715431 -0.698103 0.005931
1766747390.183770 -0.690933 2.471593 0.303273 -0.031715 0.716239 -0.697120 0.004418
1766747390.323019 -0.684834 2.398887 0.300248 -0.033463 0.713359 -0.699949 0.008328
1766747390.460173 -0.686066 2.328884 0.309852 -0.023547 0.707675 -0.705870 0.019734
1766747390.602937 -0.683278 2.240489 0.311775 0.028179 -0.703661 0.709837 -0.014085
1766747390.748920 -0.675878 2.165351 0.313828 -0.033137 0.708001 -0.705411 0.005635
1766747390.883410 -0.662459 2.076354 0.313050 0.035899 -0.702971 0.710258 -0.008730
1766747391.024408 -0.655688 1.997807 0.310829 0.032668 -0.704751 0.708346 -0.022469
1766747391.168647 -0.655378 1.904138 0.315628 0.028024 -0.697663 0.715445 -0.024879
1766747391.307098 -0.647428 1.824031 0.311302 -0.035434 0.707735 -0.705400 0.016319
1766747391.443168 -0.632600 1.737502 0.314026 0.039721 -0.703570 0.709296 -0.017635
1766747391.586463 -0.626517 1.653246 0.307271 -0.037430 0.707431 -0.705196 0.028963
1766747391.730835 -0.624437 1.564802 0.315520 0.031543 -0.699588 0.713044 -0.033915
1766747391.863383 -0.618353 1.478788 0.310875 -0.036808 0.709448 -0.703387 0.023982
1766747392.008039 -0.589492 1.389455 0.310521 -0.058232 0.708806 -0.701750 0.041843
1766747392.143257 -0.537709 1.329839 0.303217 -0.120560 0.706661 -0.691374 0.089990
1766747392.287124 -0.501621 1.268087 0.297079 -0.140768 0.708712 -0.683549 0.103305
1766747392.425045 -0.482563 1.208587 0.300777 -0.139891 0.706818 -0.685597 0.103897
1766747392.565407 -0.460313 1.136568 0.295005 -0.136014 0.711397 -0.680313 0.112200
1766747392.706750 -0.434234 1.065809 0.301278 -0.132013 0.704870 -0.686876 0.118037
1766747392.851070 -0.405690 0.994840 0.306578 -0.131602 0.699114 -0.692852 0.117799
1766747392.987995 -0.366427 0.927766 0.309465 -0.149819 0.697664 -0.689525 0.123996
1766747393.129663 -0.307301 0.869492 0.308280 -0.183798 0.692460 -0.679493 0.158135
1766747393.268857 -0.279013 0.809720 0.309474 -0.179069 0.687323 -0.683285 0.169244
1766747393.416184 -0.239650 0.757165 0.310336 -0.186902 0.683397 -0.682926 0.177901
1766747393.545717 -0.178850 0.721417 0.303142 -0.230134 0.677622 -0.669489 0.199127
1766747393.692803 -0.117140 0.692616 0.314405 0.258450 -0.656033 0.673937 -0.220531
1766747393.835865 -0.067669 0.643800 0.310266 0.254267 -0.662777 0.663333 -0.236779
1766747393.968611 -0.020454 0.618773 0.308229 0.279643 -0.651368 0.655842 -0.259597
1766747394.110295 0.044605 0.624369 0.295481 -0.329947 0.637913 -0.628842 0.297925
1766747394.253606 0.093935 0.611241 0.302946 0.341837 -0.623340 0.632521 -0.307427
1766747394.394316 0.132544 0.600593 0.300175 0.357841 -0.619284 0.620741 -0.321118
1766747394.534800 0.175532 0.575570 0.297874 0.359384 -0.614767 0.619113 -0.331065
1766747394.678675 0.208673 0.551195 0.304909 0.348285 -0.614239 0.617222 -0.347052
1766747394.812752 0.241881 0.523210 0.314087 0.333852 -0.608683 0.623116 -0.360243
1766747394.957176 0.299632 0.487373 0.311479 0.344766 -0.614709 0.619502 -0.345668
1766747395.099178 0.366965 0.472841 0.314150 0.371236 -0.602739 0.608350 -0.358887
1766747395.233248 0.446130 0.483907 0.306157 -0.418849 0.578821 -0.575629 0.397723
1766747395.371490 0.503048 0.505988 0.299448 -0.463491 0.552557 -0.543388 0.429635
1766747395.517531 0.566871 0.492324 0.297098 -0.466367 0.548154 -0.544710 0.430489
1766747395.652426 0.629272 0.503933 0.298891 -0.491602 0.531824 -0.527785 0.443772
1766747395.798023 0.703982 0.504779 0.300259 0.495279 -0.521271 0.522385 -0.458355
1766747395.940139 0.765576 0.501457 0.305661 -0.486178 0.524391 -0.517905 0.469489
1766747396.080082 0.842744 0.497616 0.305125 0.489040 -0.518627 0.521964 -0.468422
1766747396.216654 0.905720 0.495747 0.310929 0.492056 -0.516140 0.523164 -0.466669
1766747396.364223 1.003635 0.494226 0.301581 0.493725 -0.516097 0.518679 -0.469948
1766747396.500551 1.074201 0.486720 0.310437 -0.484351 0.516675 -0.515245 0.482673
1766747396.636247 1.155274 0.481817 0.309621 0.484326 -0.512901 0.519461 -0.482205
1766747396.777752 1.213265 0.477798 0.304278 -0.492547 0.522562 -0.509353 0.474221
1766747396.926446 1.238660 0.499576 0.302567 0.524739 -0.499228 0.486393 -0.488715
1766747397.060197 1.236944 0.545167 0.306350 0.565239 -0.449290 0.450568 -0.525007
1766747397.199486 1.217491 0.608813 0.306624 0.605281 -0.384425 0.388262 -0.578882
1766747397.347773 1.180845 0.676798 0.298029 0.651431 -0.315404 0.299542 -0.621637
1766747397.482441 1.115635 0.749162 0.293227 0.689816 -0.213801 0.206743 -0.660076
1766747397.624009 1.035146 0.798545 0.303254 0.710892 -0.099329 0.108638 -0.687724
1766747397.764060 0.959672 0.812804 0.305053 0.713389 -0.001309 0.010870 -0.700683
1766747397.913219 0.863945 0.800634 0.297641 0.710368 0.115108 -0.097703 -0.687445
1766747398.054400 0.809630 0.780921 0.290016 0.699096 0.173396 -0.155052 -0.676134
1766747398.187838 0.773398 0.758826 0.299912 0.681637 0.223123 -0.193428 -0.669457
1766747398.330581 0.733598 0.732555 0.305097 0.664015 0.266391 -0.237947 -0.656887
1766747398.464189 0.688447 0.704238 0.308108 -0.638945 -0.315481 0.284396 0.641358
1766747398.606577 0.642840 0.702736 0.304814 0.626496 0.342073 -0.317745 -0.624120
1766747398.746087 0.609168 0.717063 0.302283 0.627004 0.344395 -0.321864 -0.620211
1766747398.889351 0.559990 0.719551 0.296444 0.616264 0.365121 -0.337750 -0.610598
1766747399.034219 0.494075 0.693983 0.306428 -0.576565 -0.417488 0.376369 0.592978
1766747399.175173 0.424121 0.653974 0.305022 -0.544244 -0.462862 0.435306 0.547783
1766747399.315482 0.366925 0.645000 0.306098 -0.533424 -0.472694 0.450721 0.537466
1766747399.459419 0.299002 0.653039 0.304881 -0.532255 -0.470216 0.451241 0.540354
1766747399.594074 0.236615 0.662089 0.302820 0.536016 0.473538 -0.450096 -0.534661
1766747399.739059 0.154683 0.672280 0.305853 -0.527555 -0.471411 0.455929 0.539987
1766747399.869446 0.085626 0.680023 0.310098 -0.532607 -0.466136 0.463098 0.533467
1766747400.015517 -0.002446 0.688098 0.312964 -0.524302 -0.470831 0.459808 0.540373
1766747400.153561 -0.076998 0.691968 0.316337 -0.522355 -0.475222 0.456985 0.540809
1766747400.298406 -0.173869 0.705534 0.307692 -0.527177 -0.472750 0.456934 0.538334
1766747400.435016 -0.237722 0.751669 0.311759 -0.552660 -0.443964 0.424964 0.562911
1766747400.580652 -0.314792 0.768201 0.316903 -0.544438 -0.443422 0.421916 0.573543
1766747400.717723 -0.373878 0.779544 0.318134 -0.549407 -0.442067 0.425344 0.567284
1766747400.859590 -0.449869 0.795767 0.312852 -0.549581 -0.440526 0.430201 0.564645
1766747400.999854 -0.523482 0.815029 0.313341 -0.549912 -0.438292 0.438140 0.559938
1766747401.140392 -0.606774 0.836093 0.312245 -0.548357 -0.437464 0.437159 0.562869
1766747401.287105 -0.680353 0.848217 0.312507 -0.551064 -0.444100 0.429527 0.560901
1766747401.430108 -0.762657 0.888165 0.303155 0.571273 0.426762 -0.411670 -0.567493
1766747401.564985 -0.816533 0.926630 0.307387 0.580072 0.405789 -0.404317 -0.579120
1766747401.705819 -0.865377 0.951889 0.312122 0.583198 0.394675 -0.414370 -0.576549
1766747401.839096 -0.933558 0.979915 0.312224 0.581696 0.402061 -0.402620 -0.581269
1766747401.980294 -1.003793 0.995764 0.320427 -0.569906 -0.406132 0.401697 0.590680
1766747402.122915 -1.093173 0.987917 0.312299 -0.551365 -0.441794 0.426891 0.564427
1766747402.262461 -1.162824 0.939547 0.306142 -0.507366 -0.499741 0.474137 0.517719
1766747402.406536 -1.223202 0.869239 0.302975 0.448799 0.551204 -0.525266 -0.467813
1766747402.543557 -1.269795 0.819318 0.313252 0.413556 0.572010 -0.549057 -0.447563
1766747402.682287 -1.331208 0.794409 0.310918 0.418056 0.573670 -0.552886 -0.436404
1766747402.824564 -1.388535 0.761554 0.314251 0.405335 0.577349 -0.575585 -0.413610
1766747402.962565 -1.428983 0.697322 0.302860 0.364600 0.609257 -0.596400 -0.374407
1766747403.109816 -1.440617 0.610237 0.311104 0.297136 0.646948 -0.624191 -0.321797
1766747403.246001 -1.442117 0.522104 0.310669 0.228389 0.675095 -0.651925 -0.258996
1766747403.395857 -1.438620 0.436987 0.314454 0.176783 0.687026 -0.679531 -0.187032
1766747403.537602 -1.467527 0.380299 0.307073 0.173874 0.689030 -0.679772 -0.181424
1766747403.671949 -1.458323 0.332134 0.308843 0.136297 0.700504 -0.683513 -0.153386
1766747403.810534 -1.438194 0.295704 0.308176 0.088391 0.711848 -0.688449 -0.107227
1766747403.950387 -1.423831 0.272221 0.309141 0.059756 0.709685 -0.697990 -0.074739
1766747404.100843 -1.424536 0.234133 0.306675 0.061073 0.710731 -0.698014 -0.062515
1766747404.237791 -1.420844 0.182346 0.300904 0.046824 0.711085 -0.698792 -0.062092
1766747404.380546 -1.405895 0.135442 0.291427 0.023740 0.727108 -0.685604 -0.026398
1766747404.522511 -1.395582 0.103669 0.286735 -0.012698 0.728336 -0.685095 0.003346
1766747404.660280 -1.396427 0.082395 0.291132 -0.006869 0.715300 -0.698762 0.005565
1766747404.797625 -1.391467 0.050934 0.296891 0.000097 0.712287 -0.701798 0.011274
1766747404.952799 -1.388773 -0.027235 0.308215 -0.016060 0.707707 -0.706303 -0.005457
1766747405.089038 -1.383932 -0.117839 0.307023 -0.019824 0.711571 -0.702325 -0.003803
1766747405.221350 -1.380438 -0.226126 0.299100 -0.014945 0.716957 -0.696877 -0.010568
1766747405.363828 -1.391061 -0.309556 0.291435 0.009668 0.724145 -0.688372 -0.040801
1766747405.512535 -1.393370 -0.368132 0.301352 0.022702 0.718824 -0.694155 -0.030410
1766747405.641835 -1.399798 -0.440231 0.308643 0.025610 0.710321 -0.702929 -0.026064
1766747405.787181 -1.404465 -0.537311 0.315892 -0.030745 -0.704572 0.708789 0.015846
1766747405.925499 -1.422651 -0.658136 0.308926 0.033748 0.709945 -0.702935 -0.026846
1766747406.066355 -1.474519 -0.743494 0.298039 0.079427 0.718191 -0.687970 -0.067752
1766747406.208245 -1.502060 -0.823407 0.297941 0.088755 0.712687 -0.692213 -0.071004
1766747406.346709 -1.526403 -0.911137 0.313029 -0.092057 -0.700009 0.704834 0.068716
1766747406.488174 -1.553672 -1.017273 0.310039 0.082523 0.709359 -0.694269 -0.089389
1766747406.625822 -1.574334 -1.152052 0.306509 0.082494 0.704368 -0.700883 -0.076312
1766747406.767814 -1.601969 -1.284420 0.312501 0.078786 0.706290 -0.699301 -0.076979
1766747406.909619 -1.641533 -1.425199 0.304356 0.078550 0.714088 -0.691142 -0.078941
1766747407.050354 -1.669337 -1.551920 0.301084 0.071245 0.713755 -0.691885 -0.082292
1766747407.192240 -1.704806 -1.632984 0.289731 0.102273 0.712274 -0.684740 -0.115486
1766747407.336684 -1.730789 -1.723619 0.308185 0.117718 0.702405 -0.693490 -0.108823
1766747407.469103 -1.760779 -1.811829 0.307927 0.114526 0.702266 -0.694805 -0.104654
1766747407.617748 -1.803849 -1.925142 0.321928 -0.112569 -0.688762 0.708409 0.105315
1766747407.747658 -1.841963 -2.037746 0.308066 0.107154 0.704776 -0.691779 -0.115114
1766747407.888956 -1.886826 -2.167881 0.305351 0.099625 0.703379 -0.694828 -0.112013
1766747408.033111 -1.916789 -2.280809 0.308481 0.093656 0.705039 -0.693044 -0.117633
1766747408.168249 -1.933861 -2.368379 0.313288 0.093835 0.703812 -0.694674 -0.115204
1766747408.320740 -1.955769 -2.467738 0.312751 0.090454 0.700797 -0.698629 -0.112337
1766747408.449899 -1.979582 -2.545649 0.312888 -0.093573 -0.698392 0.702332 0.101111
1766747408.590292 -2.006979 -2.632055 0.317520 -0.092897 -0.693383 0.706921 0.104180
1766747408.731087 -2.028706 -2.706495 0.312970 0.090571 0.703582 -0.696248 -0.109580
1766747408.864638 -2.046997 -2.802310 0.309978 0.086777 0.703770 -0.697119 -0.105845
1766747409.012171 -2.071244 -2.889489 0.311118 0.089480 0.701167 -0.701160 -0.093450
1766747409.152150 -2.096848 -2.971519 0.316449 -0.090680 -0.695474 0.706545 0.094271
1766747409.293199 -2.119929 -3.053314 0.313145 0.088281 0.703048 -0.698706 -0.098688
1766747409.435724 -2.139152 -3.148957 0.311990 0.083505 0.702186 -0.700426 -0.096771
1766747409.568042 -2.161815 -3.230324 0.310459 0.085382 0.703118 -0.700514 -0.087270
1766747409.708287 -2.185011 -3.316159 0.311235 -0.083075 -0.701215 0.702259 0.090708
1766747409.851796 -2.201558 -3.399611 0.310682 0.079676 0.706712 -0.696432 -0.095873
1766747409.992797 -2.220432 -3.496131 0.307449 0.078753 0.706521 -0.697449 -0.090504
1766747410.129741 -2.243102 -3.576266 0.309927 0.079092 0.703762 -0.700995 -0.084081
1766747410.274371 -2.262778 -3.659680 0.310644 -0.077428 -0.701003 0.703759 0.085573
1766747410.405601 -2.280896 -3.739425 0.310228 0.074815 0.706125 -0.698458 -0.089141
1766747410.551658 -2.299183 -3.840833 0.307394 0.072767 0.706396 -0.699142 -0.083131
1766747410.685859 -2.318114 -3.917692 0.310876 0.070554 0.703668 -0.702619 -0.078737
1766747410.828115 -2.335382 -4.004268 0.312689 -0.069295 -0.701556 0.704928 0.078064
1766747410.967948 -2.337520 -4.088330 0.310166 0.053340 0.710019 -0.698638 -0.070240
1766747411.114182 -2.345691 -4.180604 0.310869 0.048235 0.706782 -0.702292 -0.070135
1766747411.248846 -2.358651 -4.258757 0.307566 0.049336 0.706406 -0.703514 -0.060210
1766747411.388675 -2.373231 -4.331725 0.312204 -0.054658 -0.700856 0.709037 0.055498
1766747411.528856 -2.387165 -4.412948 0.310117 0.050116 0.708099 -0.701617 -0.061787
1766747411.670417 -2.392780 -4.504592 0.311893 0.042341 0.708394 -0.702243 -0.056916
1766747411.812888 -2.378174 -4.576510 0.299952 0.012228 0.716055 -0.697497 -0.024755
1766747411.946147 -2.323463 -4.635288 0.300369 -0.057800 0.715488 -0.695435 0.033269
1766747412.084855 -2.271511 -4.692321 0.306559 0.098233 -0.700161 0.703586 -0.071361
1766747412.227154 -2.253692 -4.750630 0.309929 -0.105037 0.701515 -0.701512 0.068740
1766747412.367027 -2.218163 -4.819934 0.300980 -0.120103 0.702209 -0.696377 0.086816
1766747412.508561 -2.161485 -4.863655 0.299334 -0.158593 0.698100 -0.684463 0.137893
1766747412.642917 -2.111207 -4.892854 0.293023 -0.183927 0.696470 -0.672622 0.169353
1766747412.784868 -2.081521 -4.934461 0.296812 -0.184573 0.691576 -0.678207 0.166404
1766747412.928081 -2.038569 -4.961606 0.301006 -0.215232 0.683588 -0.673962 0.179327
1766747413.063098 -1.974224 -4.979502 0.296333 -0.262467 0.670682 -0.658134 0.219445
1766747413.209602 -1.900750 -4.981949 0.298252 -0.311074 0.649401 -0.629676 0.291580
1766747413.347962 -1.857437 -5.003771 0.294125 -0.324657 0.644714 -0.626864 0.293231
1766747413.486658 -1.818541 -5.030854 0.299327 -0.324151 0.639976 -0.633086 0.290790
1766747413.635583 -1.771953 -5.052960 0.301476 -0.333508 0.633360 -0.631844 0.297323
1766747413.766643 -1.706835 -5.060325 0.289696 -0.369703 0.619998 -0.610745 0.325443
1766747413.910695 -1.658537 -5.034408 0.287343 -0.414280 0.596364 -0.573237 0.379634
1766747414.048288 -1.625916 -5.007187 0.284996 -0.441938 0.579176 -0.545912 0.413796
1766747414.193474 -1.599679 -5.015338 0.282556 -0.436748 0.584529 -0.541363 0.417735
1766747414.325033 -1.577747 -5.018513 0.285810 -0.442485 0.576881 -0.549336 0.411880
1766747414.476517 -1.546229 -5.021878 0.288902 -0.447370 0.569549 -0.551881 0.413403
1766747414.604973 -1.505250 -5.027365 0.290974 -0.447247 0.562445 -0.554721 0.419416
1766747414.750043 -1.454303 -5.034309 0.296557 -0.441752 0.559346 -0.552493 0.432132
1766747414.892540 -1.398859 -5.015292 0.302472 0.464129 -0.532913 0.540296 -0.456802
1766747415.030858 -1.339273 -5.009982 0.304496 0.473328 -0.521245 0.540079 -0.461062
1766747415.177885 -1.272719 -5.009791 0.305440 0.480888 -0.522445 0.533593 -0.459431
1766747415.314919 -1.208601 -5.030296 0.302075 0.468471 -0.537012 0.538135 -0.450072
1766747415.458173 -1.169368 -5.089091 0.310943 -0.419648 0.572768 -0.568418 0.415612
1766747415.596082 -1.135457 -5.114158 0.308672 -0.416364 0.578316 -0.573197 0.404521
1766747415.728186 -1.114761 -5.114701 0.311075 0.416126 -0.573544 0.574460 -0.409734
1766747415.872107 -1.082395 -5.069620 0.314719 0.451747 -0.540060 0.546946 -0.452890
1766747416.015854 -1.066453 -5.065504 0.311697 -0.455903 0.540606 -0.537036 0.459880
1766747416.151350 -1.061367 -5.057091 0.307859 -0.459247 0.543485 -0.528148 0.463440
1766747416.294778 -1.061372 -5.051530 0.303313 -0.461437 0.549790 -0.531522 0.449768
1766747416.435228 -1.061752 -5.049946 0.302590 -0.460184 0.551712 -0.530693 0.449677
1766747416.574691 -1.061814 -5.054317 0.302439 -0.457175 0.555157 -0.535710 0.442500
1766747416.711930 -1.057761 -5.052381 0.302613 -0.458857 0.550537 -0.535196 0.447129
1766747416.855548 -1.036479 -5.053158 0.304554 -0.458624 0.546708 -0.535242 0.451985
1766747416.997596 -1.021107 -5.061789 0.306420 -0.453704 0.549732 -0.542332 0.444773
1766747417.135581 -1.002800 -5.079065 0.304784 0.446374 -0.555361 0.556414 -0.427467
1766747417.277022 -0.983960 -5.080016 0.304717 0.447083 -0.551678 0.559219 -0.427835
1766747417.420510 -0.970066 -5.077041 0.307092 0.448418 -0.548321 0.560253 -0.429397
1766747417.561011 -0.952005 -5.080824 0.306407 -0.441975 0.554826 -0.552164 0.438110
1766747417.698325 -0.929734 -5.088684 0.306042 0.439618 -0.552095 0.555853 -0.439266
1766747417.835184 -0.914499 -5.094920 0.305472 0.437042 -0.550415 0.560916 -0.437505
1766747417.975743 -0.906533 -5.096485 0.306494 0.434825 -0.544530 0.563691 -0.443471
1766747418.117515 -0.898718 -5.096693 0.307315 0.433510 -0.539387 0.566789 -0.447081
1766747418.258405 -0.898840 -5.098541 0.304703 0.436776 -0.549067 0.562681 -0.437198
1766747418.403210 -0.906097 -5.100063 0.303578 0.440821 -0.554042 0.566218 -0.422032
1766747418.546887 -0.913179 -5.097242 0.304286 0.443308 -0.551641 0.567021 -0.421494
1766747418.682413 -0.905893 -5.097787 0.305426 0.441919 -0.548362 0.569091 -0.424432
1766747418.825024 -0.896768 -5.096246 0.300661 0.447032 -0.549272 0.564520 -0.424004
1766747418.962683 -0.916359 -5.091425 0.301305 0.444816 -0.549910 0.562133 -0.428654
1766747419.100713 -0.948998 -5.086550 0.301385 0.443217 -0.553867 0.557579 -0.431156
1766747419.244892 -0.995584 -5.075945 0.296913 -0.448103 0.559677 -0.551339 0.426604
1766747419.392297 -1.052417 -5.058001 0.295164 -0.455830 0.558518 -0.548334 0.423800
1766747419.528144 -1.108673 -5.036798 0.288942 -0.460642 0.561612 -0.544675 0.419202
1766747419.665513 -1.166514 -5.024231 0.291364 -0.457694 0.568279 -0.538945 0.420848
1766747419.805423 -1.235749 -5.013123 0.290990 -0.460964 0.569456 -0.534188 0.421753
1766747419.944800 -1.300617 -4.994008 0.289145 -0.465296 0.569464 -0.530673 0.421421
1766747420.088666 -1.374018 -4.974724 0.288829 -0.464609 0.566010 -0.536915 0.418919
1766747420.233897 -1.452347 -4.961428 0.289641 -0.462140 0.572786 -0.528547 0.423062
1766747420.370442 -1.522596 -4.943412 0.295615 -0.463744 0.563457 -0.532387 0.428977
1766747420.519293 -1.590093 -4.925582 0.286424 -0.467345 0.564090 -0.531279 0.425598
1766747420.651020 -1.666064 -4.907274 0.293318 -0.465266 0.562921 -0.534055 0.425949
1766747420.793632 -1.749732 -4.889414 0.293807 -0.465748 0.557752 -0.535752 0.430070
1766747420.937076 -1.828363 -4.866914 0.291845 -0.470543 0.555891 -0.535326 0.427786
1766747421.072147 -1.893526 -4.836771 0.297497 -0.480626 0.545050 -0.527805 0.439705
1766747421.215009 -1.961169 -4.782995 0.304402 0.522675 -0.497631 0.502079 -0.476541
1766747421.361737 -2.020107 -4.775923 0.301584 0.522455 -0.500329 0.487564 -0.488869
1766747421.499260 -2.080689 -4.795336 0.304617 -0.496549 0.520266 -0.513950 0.467566
1766747421.639073 -2.137663 -4.833965 0.305902 -0.450845 0.560881 -0.552456 0.420646
1766747421.781226 -2.202911 -4.876009 0.301559 -0.405101 0.597042 -0.586896 0.367405
1766747421.919282 -2.253607 -4.862903 0.302462 -0.395466 0.604398 -0.586499 0.366508
1766747422.055803 -2.304185 -4.835977 0.295628 -0.398496 0.603996 -0.585622 0.365290
1766747422.199045 -2.366347 -4.831233 0.291848 -0.374052 0.626362 -0.587660 0.349874
1766747422.339099 -2.429516 -4.833984 0.298660 -0.340211 0.640349 -0.617761 0.304272
1766747422.485603 -2.503406 -4.834762 0.299871 -0.274260 0.671472 -0.643895 0.243528
1766747422.622406 -2.570408 -4.825047 0.299981 -0.208528 0.699289 -0.660371 0.177259
1766747422.768429 -2.653169 -4.801460 0.296251 -0.134119 0.711853 -0.682947 0.094129
1766747422.909722 -2.720236 -4.768421 0.306363 -0.055757 0.719852 -0.691613 0.019379
1766747423.050945 -2.775855 -4.716723 0.306210 0.031750 0.721723 -0.689198 -0.055808
1766747423.187216 -2.823371 -4.653627 0.294337 0.116600 0.718509 -0.673182 -0.130292
1766747423.341077 -2.856247 -4.579291 0.304690 0.197135 0.696178 -0.655652 -0.215859
1766747423.468372 -2.864216 -4.511873 0.305498 0.271939 0.666565 -0.633784 -0.282946
1766747423.609415 -2.864114 -4.436542 0.300897 0.353623 0.635846 -0.591629 -0.347312
1766747423.747161 -2.847696 -4.364578 0.299767 0.413110 0.593155 -0.550234 -0.418031
1766747423.896111 -2.840477 -4.290804 0.313181 0.488634 0.522775 -0.494176 -0.493693
1766747424.037863 -2.840033 -4.271501 0.304060 0.497022 0.523295 -0.462832 -0.514702
1766747424.172579 -2.869548 -4.256105 0.299281 -0.506802 -0.505412 0.479420 0.507807
1766747424.312127 -2.911308 -4.253203 0.297488 0.512393 0.502210 -0.484025 -0.500958
1766747424.454557 -2.967735 -4.235083 0.301016 -0.516997 -0.487692 0.465348 0.527563
1766747424.597898 -3.023686 -4.228479 0.301565 -0.520961 -0.489630 0.458562 0.527810
1766747424.735516 -3.094462 -4.221662 0.301756 -0.520094 -0.487255 0.466201 0.524157
1766747424.875800 -3.156348 -4.212809 0.310338 0.523539 0.473678 -0.481990 -0.518866
1766747425.017302 -3.235237 -4.205085 0.312826 -0.516402 -0.476307 0.478737 0.526566
1766747425.158587 -3.313006 -4.200136 0.317877 -0.516123 -0.479131 0.476148 0.526624
1766747425.294143 -3.393614 -4.198986 0.316596 -0.511575 -0.480470 0.478597 0.527622
1766747425.435928 -3.482305 -4.190649 0.312627 -0.513224 -0.480778 0.484462 0.520337
1766747425.583842 -3.564014 -4.182758 0.314921 -0.510932 -0.479427 0.483939 0.524310
1766747425.717474 -3.651524 -4.179536 0.313384 -0.511482 -0.485965 0.476350 0.524705
1766747425.867813 -3.748501 -4.177512 0.310252 -0.511597 -0.488049 0.480065 0.519244
1766747426.002069 -3.828681 -4.171138 0.313051 -0.507958 -0.488185 0.483281 0.519705
1766747426.133522 -3.916892 -4.168910 0.312805 -0.506805 -0.489746 0.482830 0.519781
1766747426.281044 -4.000611 -4.154502 0.314692 -0.515796 -0.485306 0.471057 0.525869
1766747426.418320 -4.069715 -4.112160 0.304509 0.546491 0.459670 -0.442503 -0.542441
1766747426.562570 -4.115475 -4.043047 0.313630 -0.580090 -0.402174 0.405666 0.580678
1766747426.697939 -4.136200 -3.962392 0.321228 -0.614908 -0.335299 0.358694 0.617091
1766747426.835334 -4.144086 -3.881983 0.317191 0.649081 0.287069 -0.281713 -0.645696
1766747426.979865 -4.133004 -3.788280 0.311080 -0.676508 -0.208236 0.202530 0.676724
1766747427.119990 -4.101460 -3.708850 0.307138 0.696276 0.131723 -0.138727 -0.691812
1766747427.259226 -4.041722 -3.637264 0.322975 -0.696041 -0.038575 0.074634 0.713070
1766747427.404681 -4.035006 -3.575561 0.326162 -0.698179 -0.020298 0.042727 0.714358
1766747427.549076 -4.049133 -3.492974 0.330379 -0.690421 -0.029866 0.037663 0.721809
1766747427.688272 -4.055639 -3.426766 0.327484 -0.694061 -0.032367 0.037256 0.718222
1766747427.832164 -4.055220 -3.349678 0.316988 -0.699957 -0.030404 0.017935 0.713312
1766747427.965114 -4.066674 -3.289489 0.317213 -0.703017 -0.031550 0.016135 0.710289
1766747428.108070 -4.079069 -3.209404 0.314743 -0.701795 -0.031248 0.020726 0.711391
1766747428.247693 -4.085188 -3.132121 0.315121 -0.701575 -0.031554 0.026653 0.711397
1766747428.390176 -4.090195 -3.052747 0.313843 -0.700908 -0.031667 0.020828 0.712244
1766747428.528866 -4.080899 -2.981295 0.312169 -0.705409 -0.016247 -0.007778 0.708572
1766747428.667762 -4.079031 -2.913794 0.304299 0.715093 0.009433 0.003753 -0.698956
1766747428.802354 -4.079533 -2.838574 0.301554 0.712992 0.010875 -0.000073 -0.701088
1766747428.947967 -4.071588 -2.768062 0.305238 0.712970 -0.001968 0.010138 -0.701118
1766747429.081949 -4.037950 -2.708418 0.311217 0.707224 -0.032422 0.053714 -0.704200
1766747429.222447 -3.973880 -2.663204 0.308530 0.707092 -0.094404 0.118718 -0.690663
1766747429.368077 -3.922241 -2.604761 0.295720 0.708634 -0.126352 0.139520 -0.680005
1766747429.509276 -3.899845 -2.545412 0.299487 0.704924 -0.134394 0.125169 -0.685094
1766747429.647487 -3.873115 -2.475086 0.301857 0.702181 -0.127734 0.133677 -0.687572
1766747429.790669 -3.852982 -2.407387 0.310394 0.699756 -0.120087 0.139562 -0.690249
1766747429.927564 -3.828784 -2.326652 0.309326 0.695890 -0.114202 0.138960 -0.695259
1766747430.069235 -3.802556 -2.250663 0.311620 -0.695022 0.116576 -0.125692 0.698253
1766747430.205257 -3.770217 -2.179632 0.316024 -0.686146 0.122339 -0.123188 0.706443
1766747430.348045 -3.743255 -2.098453 0.313172 0.697577 -0.119047 0.128573 -0.694754
1766747430.485964 -3.719638 -2.011339 0.314588 -0.695294 0.113638 -0.127934 0.698059
1766747430.628208 -3.689491 -1.931914 0.309096 0.697716 -0.115102 0.120722 -0.696685
1766747430.774646 -3.656353 -1.844352 0.312342 -0.694281 0.116587 -0.119760 0.700028
1766747430.915419 -3.628542 -1.764633 0.311574 0.700604 -0.113064 0.123246 -0.693672
1766747431.052006 -3.604507 -1.683891 0.312019 0.699424 -0.110092 0.120308 -0.695854
1766747431.188233 -3.574236 -1.600554 0.305651 0.701481 -0.111183 0.114193 -0.694639
1766747431.328721 -3.541133 -1.524296 0.304135 0.705376 -0.115938 0.128286 -0.687419
1766747431.468117 -3.518826 -1.454682 0.308159 0.704299 -0.113779 0.131320 -0.688312
1766747431.614136 -3.493265 -1.383325 0.301898 0.708052 -0.115582 0.126203 -0.685110
1766747431.752505 -3.468626 -1.311550 0.303818 0.704051 -0.112721 0.123951 -0.690103
1766747431.888729 -3.446956 -1.244135 0.308558 0.701676 -0.112682 0.122460 -0.692790
1766747432.039859 -3.418773 -1.162161 0.311441 0.701742 -0.109187 0.125610 -0.692718
1766747432.171031 -3.394779 -1.088201 0.310917 0.703178 -0.107546 0.123694 -0.691863
1766747432.314999 -3.349836 -1.015669 0.303251 0.702804 -0.117927 0.141088 -0.687207
1766747432.456517 -3.306704 -0.963090 0.309685 0.696755 -0.145064 0.154569 -0.685272
1766747432.594382 -3.280365 -0.903089 0.302041 0.700156 -0.141843 0.154703 -0.682444
1766747432.735415 -3.257587 -0.833365 0.313245 0.695441 -0.134228 0.158793 -0.687844
1766747432.875076 -3.232124 -0.754932 0.309393 -0.691629 0.133275 -0.153225 0.693116
1766747433.014195 -3.203935 -0.690169 0.311168 -0.691471 0.135819 -0.142753 0.695013
1766747433.161468 -3.165411 -0.609498 0.310151 -0.689488 0.132445 -0.148737 0.696377
1766747433.303442 -3.133984 -0.535771 0.312186 0.696766 -0.134320 0.147802 -0.688934
1766747433.436972 -3.104333 -0.461718 0.304237 0.700569 -0.134036 0.141288 -0.686495
1766747433.576773 -3.081088 -0.408449 0.293349 0.710320 -0.116916 0.147482 -0.678252
1766747433.719844 -3.077500 -0.393436 0.296731 0.709850 -0.117727 0.139590 -0.680271
1766747433.861756 -3.077305 -0.382915 0.295529 0.710174 -0.116445 0.135794 -0.680920
1766747434.000174 -3.072245 -0.367380 0.295033 0.708728 -0.112824 0.132901 -0.683603
1766747434.141060 -3.076098 -0.354524 0.294993 0.709858 -0.104737 0.126178 -0.684989
1766747434.278273 -3.131285 -0.340128 0.302937 0.714538 -0.039805 0.062177 -0.695690
1766747434.426696 -3.202076 -0.336365 0.306833 0.712255 0.031740 -0.025155 -0.700751
1766747434.552800 -3.273622 -0.354373 0.306900 0.705994 0.108509 -0.121312 -0.689261
1766747434.700603 -3.364271 -0.397731 0.296055 0.685027 0.222125 -0.222660 -0.657131
1766747434.840401 -3.430346 -0.453600 0.304783 0.642654 0.313449 -0.318455 -0.622360
1766747434.983104 -3.477230 -0.538247 0.310790 0.581081 0.410048 -0.423690 -0.560975
1766747435.120998 -3.496455 -0.634087 0.294191 0.517595 0.502750 -0.490313 -0.488805
1766747435.260235 -3.495457 -0.716244 0.303890 0.432497 0.569370 -0.552625 -0.428218
1766747435.401550 -3.483652 -0.795185 0.307107 0.350336 0.623308 -0.595752 -0.365830
1766747435.545194 -3.467324 -0.877332 0.293836 0.292786 0.664581 -0.629701 -0.275835
1766747435.684672 -3.429920 -0.968952 0.289236 0.205542 0.693981 -0.661280 -0.197108
1766747435.823360 -3.388705 -1.035845 0.301345 0.110513 0.714113 -0.677987 -0.134770
1766747435.975226 -3.357913 -1.105875 0.301471 0.047586 0.715419 -0.694067 -0.064659
1766747436.108289 -3.374201 -1.155380 0.307941 0.049154 0.710104 -0.697461 -0.082970
1766747436.251464 -3.420054 -1.203120 0.312935 0.091158 0.705169 -0.690431 -0.133163
1766747436.389195 -3.441502 -1.261787 0.294104 0.108984 0.717898 -0.677006 -0.120033
1766747436.528890 -3.464714 -1.329911 0.299978 0.116532 0.705657 -0.690311 -0.109272
1766747436.674634 -3.485496 -1.404161 0.305468 0.108725 0.702175 -0.694188 -0.115030
1766747436.813127 -3.502279 -1.472476 0.312661 0.100058 0.700345 -0.696071 -0.122432
1766747436.952369 -3.523603 -1.556358 0.309696 0.096960 0.700295 -0.697110 -0.119261
1766747437.095864 -3.549869 -1.636222 0.311545 -0.097787 -0.696756 0.701916 0.110823
1766747437.232613 -3.574252 -1.710754 0.315692 -0.102105 -0.691360 0.707141 0.107460
1766747437.378487 -3.599632 -1.795326 0.314003 -0.099329 -0.698854 0.699175 0.113538
1766747437.540518 -3.621584 -1.894412 0.314817 -0.096242 -0.696511 0.702497 0.110035
1766747437.657195 -3.642643 -1.962437 0.309663 -0.095586 -0.698954 0.700938 0.104936
1766747437.801852 -3.666469 -2.045827 0.313400 -0.095933 -0.696616 0.703118 0.105591
1766747437.931211 -3.685508 -2.128452 0.312755 0.091998 0.700806 -0.698914 -0.109211
1766747438.075670 -3.705633 -2.222309 0.312801 0.088887 0.700997 -0.699623 -0.105974
1766747438.220406 -3.731328 -2.311390 0.309946 0.088065 0.701304 -0.700202 -0.100667
1766747438.360018 -3.753510 -2.393880 0.314490 -0.089463 -0.696843 0.704412 0.101039
1766747438.499631 -3.773692 -2.479981 0.315106 0.086510 0.701204 -0.699773 -0.105575
1766747438.641864 -3.792405 -2.573155 0.312857 0.083694 0.701401 -0.700639 -0.100685
1766747438.784370 -3.816644 -2.660872 0.311884 -0.085885 -0.700950 0.702026 0.091941
1766747438.922629 -3.837550 -2.743515 0.314078 -0.084970 -0.698203 0.704872 0.091913
1766747439.059949 -3.855101 -2.827607 0.313184 0.081120 0.704021 -0.698881 -0.096644
1766747439.205238 -3.874278 -2.925497 0.308416 0.079588 0.705076 -0.698756 -0.090964
1766747439.345815 -3.895104 -3.008264 0.311795 -0.078538 -0.702217 0.702413 0.085665
1766747439.500937 -3.916926 -3.105582 0.310671 -0.073923 -0.702036 0.702501 0.090408
1766747439.628166 -3.930996 -3.184248 0.313544 0.075077 0.704198 -0.700327 -0.089508
1766747439.769011 -3.950564 -3.279279 0.307494 0.074553 0.706219 -0.699140 -0.083059
1766747439.902898 -3.970159 -3.353079 0.310953 -0.073800 -0.702614 0.703452 0.077740
1766747440.048631 -3.991765 -3.441612 0.312267 -0.072257 -0.700430 0.705535 0.079977
1766747440.186032 -4.008860 -3.523034 0.314350 0.069309 0.704975 -0.700950 -0.082918
1766747440.328231 -4.025659 -3.620978 0.308802 0.067353 0.706257 -0.700478 -0.077430
1766747440.464240 -4.044697 -3.701216 0.310942 0.069078 0.704560 -0.702932 -0.068636
1766747440.614617 -4.065015 -3.797946 0.308576 0.064828 0.704564 -0.703006 -0.071902
1766747440.748961 -4.075993 -3.876613 0.312185 0.061586 0.707461 -0.699952 -0.075982
1766747440.888234 -4.090263 -3.966087 0.306514 0.061656 0.709410 -0.698672 -0.069234
1766747441.023808 -4.107436 -4.051665 0.311422 0.061443 0.706160 -0.702368 -0.065124
1766747441.186011 -4.123748 -4.149958 0.308650 0.056514 0.707224 -0.701143 -0.070979
1766747441.313127 -4.151601 -4.216736 0.310418 0.076566 0.708918 -0.695476 -0.088801
1766747441.445757 -4.205030 -4.268560 0.300304 0.120276 0.706852 -0.685852 -0.124502
1766747441.585883 -4.277137 -4.295704 0.311524 0.179746 0.684497 -0.683897 -0.177315
1766747441.726690 -4.376741 -4.299864 0.317385 -0.260025 -0.655636 0.663677 0.249122
1766747441.864299 -4.459365 -4.289736 0.316374 0.320325 0.635604 -0.624675 -0.321216
1766747442.009492 -4.550727 -4.260194 0.308798 0.389902 0.590761 -0.584945 -0.396001
1766747442.148251 -4.615522 -4.231698 0.303431 0.441557 0.561157 -0.552570 -0.429879
1766747442.282563 -4.671346 -4.228932 0.309091 -0.445476 -0.549914 0.555244 0.436863
1766747442.427331 -4.734853 -4.237548 0.303420 -0.442238 -0.550242 0.552838 0.442752
1766747442.573283 -4.804165 -4.259652 0.309447 0.436591 0.554669 -0.548086 -0.448700
1766747442.711880 -4.873068 -4.272630 0.310477 0.438218 0.545534 -0.543640 -0.463479
1766747442.850300 -4.935517 -4.244905 0.306689 0.468674 0.522451 -0.514422 -0.492706
1766747442.996795 -4.980872 -4.188954 0.321711 -0.515655 -0.465984 0.494506 0.521942
1766747443.128108 -5.042570 -4.158773 0.317833 -0.527036 -0.461532 0.470228 0.536756
1766747443.273703 -5.107417 -4.148036 0.320502 -0.528037 -0.461678 0.468009 0.537585
1766747443.412479 -5.188526 -4.136118 0.316188 -0.525564 -0.463495 0.468985 0.537594
1766747443.548422 -5.260477 -4.127821 0.316802 -0.524014 -0.467816 0.466919 0.537163
1766747443.696027 -5.345179 -4.115048 0.313257 -0.523264 -0.474904 0.457571 0.539713
1766747443.827031 -5.422821 -4.106518 0.308269 -0.528836 -0.475821 0.460478 0.530930
1766747443.970770 -5.514668 -4.094162 0.305641 -0.524354 -0.476197 0.463437 0.532462
1766747444.114095 -5.593321 -4.083674 0.313063 -0.524398 -0.472702 0.468662 0.530957
1766747444.248515 -5.678602 -4.074617 0.308361 -0.522861 -0.478907 0.462866 0.531995
1766747444.390642 -5.768363 -4.068917 0.311614 -0.520255 -0.479916 0.465373 0.531455
1766747444.535864 -5.850556 -4.076337 0.300924 -0.508415 -0.499500 0.482832 0.508810
1766747444.670991 -5.921893 -4.098304 0.302271 0.491325 0.521651 -0.501966 -0.484263
1766747444.828788 -5.996020 -4.067536 0.310907 -0.508962 -0.493481 0.480011 0.516744
1766747444.955358 -6.044006 -4.010862 0.303271 0.552033 0.457822 -0.427594 -0.550293
1766747445.092882 -6.088490 -3.932202 0.300406 0.593414 0.397168 -0.377200 -0.589778
1766747445.234096 -6.103469 -3.854228 0.315012 0.631062 0.326082 -0.329710 -0.621870
1766747445.373524 -6.108309 -3.753416 0.315436 0.663510 0.250797 -0.244651 -0.661061
1766747445.518308 -6.082340 -3.668274 0.312353 0.687719 0.174317 -0.160139 -0.686303
1766747445.655514 -6.043145 -3.589497 0.304120 0.702167 0.095991 -0.094192 -0.699196
1766747445.800805 -5.968360 -3.525918 0.323426 -0.697669 0.007256 0.029252 0.715786
1766747445.938702 -5.908890 -3.464595 0.321352 -0.700043 0.063158 -0.023949 0.710899
1766747446.076066 -5.898597 -3.398047 0.321663 -0.701110 0.055187 -0.033012 0.710147
1766747446.220192 -5.929830 -3.329161 0.307882 0.712075 0.011730 -0.000128 -0.702005
1766747446.363546 -5.994825 -3.312277 0.295634 0.715167 0.102728 -0.065294 -0.688274
1766747446.495105 -6.060300 -3.328305 0.300894 0.695462 0.176944 -0.156352 -0.678658
1766747446.650749 -6.137094 -3.389011 0.302237 0.660126 0.282365 -0.265931 -0.643261
1766747446.786596 -6.194674 -3.458242 0.299445 0.615555 0.368292 -0.354900 -0.599583
1766747446.922510 -6.227956 -3.537255 0.300319 0.552339 0.458566 -0.435822 -0.542861
1766747447.067013 -6.233721 -3.618387 0.299547 0.474628 0.544085 -0.495490 -0.482897
1766747447.200192 -6.230963 -3.686063 0.293304 0.418760 0.599459 -0.535841 -0.422093
1766747447.345395 -6.258214 -3.707483 0.288183 0.420097 0.598018 -0.546349 -0.409140
1766747447.480534 -6.287986 -3.719223 0.294501 0.414380 0.597136 -0.548128 -0.413853
1766747447.629494 -6.342695 -3.739629 0.292483 0.415736 0.595112 -0.554486 -0.406880
1766747447.762782 -6.397439 -3.758742 0.299280 0.411967 0.586324 -0.566309 -0.407186
1766747447.911211 -6.459807 -3.780704 0.307075 0.410764 0.577970 -0.574102 -0.409427
1766747448.047558 -6.527403 -3.805791 0.307334 0.406347 0.583296 -0.568356 -0.414269
1766747448.184915 -6.596296 -3.834227 0.308987 0.403852 0.583995 -0.570464 -0.412825
1766747448.327078 -6.675625 -3.863401 0.302111 0.402313 0.585783 -0.572863 -0.408449
1766747448.464409 -6.743535 -3.889322 0.309218 0.403452 0.581731 -0.578670 -0.404914
1766747448.604136 -6.825457 -3.922268 0.307820 0.396757 0.587987 -0.572009 -0.411900
1766747448.761259 -6.907894 -3.960384 0.312601 0.394495 0.588984 -0.572978 -0.411301
1766747448.889873 -6.988917 -3.992580 0.305319 0.396766 0.589464 -0.576610 -0.403274
1766747449.028181 -7.063537 -4.011959 0.313285 -0.403313 -0.579328 0.580880 0.405335
1766747449.173210 -7.151258 -3.992262 0.314480 0.441424 0.553204 -0.540041 -0.455484
1766747449.313501 -7.208642 -3.945318 0.311844 0.493397 0.513884 -0.491299 -0.501107
1766747449.450310 -7.269906 -3.878964 0.305587 -0.545268 -0.455682 0.442208 0.547256
1766747449.592459 -7.322716 -3.854518 0.308718 0.563568 0.437231 -0.441663 -0.544200
1766747449.735125 -7.381724 -3.835121 0.311161 0.560384 0.428946 -0.449473 -0.547676
1766747449.881881 -7.442405 -3.824368 0.309980 0.560178 0.437269 -0.439390 -0.549484
1766747450.014746 -7.520767 -3.815512 0.321006 -0.539659 -0.440140 0.437520 0.568876
1766747450.152319 -7.596989 -3.803262 0.308454 -0.548923 -0.445942 0.443077 0.550911
1766747450.297138 -7.660585 -3.770828 0.314449 -0.555355 -0.433502 0.425581 0.567924
1766747450.434868 -7.711561 -3.709593 0.317817 -0.583467 -0.395479 0.381714 0.597877
1766747450.580909 -7.732912 -3.629320 0.306872 0.630808 0.336631 -0.322372 -0.620352
1766747450.715979 -7.737750 -3.547809 0.308981 0.659835 0.264399 -0.269975 -0.649480
1766747450.860147 -7.717060 -3.454363 0.317672 0.684403 0.182526 -0.199734 -0.677040
1766747451.000874 -7.682896 -3.373301 0.313177 0.704930 0.116742 -0.116075 -0.689907
1766747451.139004 -7.626993 -3.303947 0.303239 0.714728 0.037542 -0.033730 -0.697579
1766747451.284370 -7.615532 -3.251035 0.296247 0.709872 0.029769 -0.018090 -0.703469
1766747451.416997 -7.615205 -3.217067 0.299936 0.709355 0.019183 -0.030449 -0.703932
1766747451.569241 -7.611849 -3.160777 0.309850 -0.700320 -0.014036 0.033876 0.712887
1766747451.701344 -7.616087 -3.115951 0.302017 0.709681 0.016062 -0.014040 -0.704200
1766747451.846445 -7.611074 -3.086620 0.306569 -0.706958 0.000016 -0.009822 0.707188
1766747451.981509 -7.616918 -3.059879 0.311330 -0.702937 0.002086 -0.008324 0.711200
1766747452.125123 -7.613484 -3.024817 0.306742 -0.704673 0.005940 -0.011506 0.709414
1766747452.264516 -7.604062 -3.001829 0.301789 -0.703530 0.016618 -0.034399 0.709638
1766747452.402658 -7.605457 -2.983995 0.298769 0.706964 -0.012400 0.034454 -0.706301
1766747452.544626 -7.600616 -2.953060 0.292122 0.714169 -0.013545 0.032174 -0.699102
1766747452.682632 -7.586684 -2.920621 0.295100 0.712426 -0.030919 0.050559 -0.699241
1766747452.822850 -7.582104 -2.885474 0.297829 0.712187 -0.046405 0.054430 -0.698336
1766747452.969726 -7.576234 -2.833309 0.298192 0.712088 -0.046416 0.057229 -0.698213
1766747453.106600 -7.569527 -2.773086 0.306095 0.709815 -0.042685 0.065413 -0.700045
1766747453.249205 -7.567622 -2.711128 0.308085 0.706318 -0.039317 0.065838 -0.703729
1766747453.387193 -7.559259 -2.601261 0.311028 0.705957 -0.045539 0.054747 -0.704665
1766747453.525828 -7.529936 -2.510629 0.313402 0.705336 -0.055423 0.080746 -0.702075
1766747453.669865 -7.516378 -2.407662 0.314694 0.707289 -0.053982 0.079927 -0.700314
1766747453.805457 -7.472214 -2.321243 0.305310 0.707546 -0.077262 0.102959 -0.694845
1766747453.958838 -7.426006 -2.244246 0.317482 -0.692614 0.119385 -0.106955 0.703274
1766747454.092065 -7.387488 -2.172587 0.308936 0.702887 -0.131159 0.115965 -0.689420
1766747454.233678 -7.359771 -2.084459 0.311866 0.697048 -0.124959 0.122409 -0.695360
1766747454.369958 -7.324341 -1.989177 0.310462 0.698639 -0.125537 0.110853 -0.695597
1766747454.508746 -7.277643 -1.885069 0.311869 0.700074 -0.116359 0.128152 -0.692773
1766747454.654100 -7.225682 -1.754506 0.314586 0.698308 -0.116912 0.131467 -0.693840
1766747454.796401 -7.177086 -1.604111 0.308723 0.702329 -0.122218 0.113239 -0.692080
1766747454.930145 -7.129269 -1.489049 0.301812 0.703105 -0.115777 0.127080 -0.689992
1766747455.073027 -7.078675 -1.346131 0.310976 0.699468 -0.111058 0.133189 -0.693305
1766747455.221467 -7.028049 -1.190385 0.314375 0.697607 -0.116646 0.117727 -0.697050
1766747455.352408 -7.001832 -1.112685 0.303429 0.705190 -0.115705 0.119910 -0.689160
1766747455.498758 -6.951583 -0.952542 0.304745 0.705013 -0.105903 0.121521 -0.690633
1766747455.637691 -6.894674 -0.802816 0.313811 -0.693480 0.106314 -0.112737 0.703614
1766747455.775271 -6.854213 -0.681846 0.300750 0.706389 -0.103794 0.122631 -0.689350
1766747455.917550 -6.815414 -0.581547 0.307770 0.702970 -0.104546 0.112244 -0.694482
1766747456.063470 -6.768683 -0.449700 0.302399 0.708876 -0.103664 0.120428 -0.687201
1766747456.199205 -6.726500 -0.305519 0.301958 0.699874 -0.098273 0.121954 -0.696883
1766747456.338730 -6.684561 -0.172541 0.311893 -0.698375 0.097319 -0.115536 0.699610
1766747456.481562 -6.650791 -0.061917 0.312777 0.702309 -0.096412 0.116639 -0.695602
1766747456.620141 -6.613787 0.042852 0.308059 0.704812 -0.100634 0.102868 -0.694645
1766747456.761029 -6.580439 0.143771 0.300593 0.709816 -0.093654 0.115479 -0.688516
1766747456.902354 -6.538237 0.286874 0.304977 -0.699329 0.091325 -0.113117 0.699860
1766747457.046894 -6.495948 0.424904 0.315556 -0.699483 0.096521 -0.102984 0.700573
1766747457.184592 -6.466816 0.531441 0.307348 0.705879 -0.093227 0.108228 -0.693780
1766747457.325360 -6.432290 0.655245 0.308955 0.703724 -0.089996 0.101374 -0.697421
1766747457.460514 -6.385552 0.803315 0.300514 0.707955 -0.092389 0.099521 -0.693080
1766747457.604463 -6.333545 0.981145 0.305786 0.705404 -0.088898 0.107291 -0.694976
1766747457.744925 -6.295282 1.110889 0.309204 0.701708 -0.092565 0.092592 -0.700332
1766747457.885153 -6.267740 1.212776 0.298560 0.710582 -0.091138 0.100396 -0.690426
1766747458.023746 -6.223224 1.385385 0.305356 0.705919 -0.085850 0.096947 -0.696354
1766747458.174628 -6.178097 1.562379 0.303714 0.702361 -0.080813 0.097625 -0.700448
1766747458.315184 -6.132628 1.700953 0.295989 0.708648 -0.082880 0.097135 -0.693912
1766747458.445251 -6.113351 1.809390 0.300759 0.707181 -0.069609 0.104646 -0.695772
1766747458.585434 -6.133037 1.910222 0.302430 0.710211 -0.022299 0.060904 -0.700995
1766747458.731547 -6.189437 1.991385 0.313191 0.711399 0.056350 -0.005912 -0.700501
1766747458.869937 -6.248908 2.033766 0.313716 0.702534 0.126571 -0.089026 -0.694622
1766747459.010871 -6.322956 2.046862 0.304763 0.686671 0.204281 -0.174453 -0.675514
1766747459.144875 -6.390863 2.012576 0.300627 0.657570 0.290264 -0.253582 -0.647337
1766747459.292345 -6.446587 1.938438 0.298598 0.607411 0.386915 -0.352351 -0.597660
1766747459.430725 -6.477599 1.855834 0.296177 0.556371 0.465096 -0.438044 -0.531277
1766747459.569279 -6.484476 1.764744 0.299875 0.479279 0.534591 -0.516482 -0.466637
1766747459.712277 -6.466916 1.675074 0.308503 0.393564 0.594742 -0.590977 -0.377008
1766747459.857115 -6.411179 1.591220 0.303195 0.292287 0.656591 -0.638492 -0.275291
1766747459.994873 -6.344775 1.526945 0.297865 0.192708 0.690832 -0.672612 -0.182233
1766747460.132911 -6.274974 1.492369 0.301973 0.097867 0.711674 -0.689088 -0.095395
1766747460.281085 -6.260110 1.480866 0.308523 0.085191 0.709153 -0.694718 -0.084920
1766747460.415888 -6.258204 1.450755 0.307602 0.074537 0.708810 -0.694785 -0.096469
1766747460.560869 -6.269708 1.396936 0.309337 0.072346 0.710694 -0.693006 -0.097068
1766747460.693763 -6.283105 1.319381 0.304854 0.068739 0.712212 -0.690912 -0.103293
1766747460.837330 -6.300103 1.211062 0.310987 -0.070853 -0.701988 0.702370 0.094177
1766747460.975744 -6.319148 1.100673 0.307905 0.081070 0.704078 -0.701534 -0.074511
1766747461.119135 -6.356654 0.959833 0.305182 0.077419 0.708914 -0.696179 -0.082352
1766747461.259799 -6.383310 0.815811 0.313566 0.072229 0.703405 -0.701900 -0.085684
1766747461.397879 -6.408425 0.690945 0.302119 0.080340 0.712432 -0.688962 -0.106381
1766747461.537497 -6.431690 0.557766 0.305654 0.083976 0.705192 -0.697082 -0.098637
1766747461.682230 -6.460083 0.422534 0.318378 -0.081586 -0.697150 0.705616 0.097110
1766747461.817956 -6.490125 0.300512 0.318679 -0.087456 -0.697723 0.705744 0.086374
1766747461.955605 -6.532024 0.164163 0.305196 0.090287 0.710281 -0.692311 -0.089747
1766747462.097822 -6.569331 0.003224 0.309584 0.090874 0.702851 -0.700444 -0.084385
1766747462.235149 -6.597130 -0.147962 0.297783 0.083760 0.709525 -0.693915 -0.089673
1766747462.385260 -6.626834 -0.288476 0.315749 0.090435 0.702646 -0.700377 -0.087073
1766747462.521111 -6.656314 -0.422310 0.313655 0.086811 0.704185 -0.700000 -0.081159
1766747462.662667 -6.691891 -0.555139 0.320738 -0.080776 -0.697443 0.706798 0.086513
1766747462.802197 -6.731481 -0.692080 0.311958 0.082202 0.706601 -0.696803 -0.091778
1766747462.941095 -6.762780 -0.835312 0.304579 0.086324 0.709303 -0.695336 -0.077106
1766747463.083617 -6.788702 -0.972084 0.298189 0.081897 0.708931 -0.695864 -0.080511
1766747463.228727 -6.806271 -1.092868 0.326866 -0.070632 -0.691236 0.713823 0.087530
1766747463.361661 -6.831435 -1.236292 0.293731 0.073039 0.715850 -0.688515 -0.090396
1766747463.518111 -6.883483 -1.348072 0.301237 0.115871 0.705798 -0.691687 -0.099960
1766747463.642822 -6.913253 -1.442088 0.300685 0.109571 0.708628 -0.688121 -0.111040
1766747463.784419 -6.944044 -1.542372 0.311985 0.110965 0.704651 -0.692417 -0.108225
1766747463.928493 -6.976520 -1.654651 0.308999 0.101528 0.706332 -0.691107 -0.114706
1766747464.066839 -7.012710 -1.795221 0.309414 0.098649 0.701645 -0.697420 -0.107554
1766747464.206191 -7.054252 -1.937485 0.314076 -0.099770 -0.699687 0.699834 0.103517
1766747464.349998 -7.102403 -2.071784 0.307034 0.100428 0.704999 -0.693756 -0.107672
1766747464.490419 -7.144311 -2.238542 0.309775 0.100111 0.701318 -0.698801 -0.099043
1766747464.630087 -7.194232 -2.398149 0.309943 -0.097013 -0.696373 0.703694 0.102314
1766747464.772644 -7.218211 -2.502727 0.308133 0.092229 0.700730 -0.699103 -0.108287
1766747464.913114 -7.259410 -2.685172 0.312846 0.094520 0.704037 -0.697117 -0.097084
1766747465.052080 -7.292871 -2.798162 0.304174 0.094068 0.708815 -0.692077 -0.098806
1766747465.192968 -7.329152 -2.948359 0.302480 0.086970 0.704039 -0.698110 -0.096992
1766747465.332166 -7.367206 -3.084495 0.311349 -0.084531 -0.699701 0.702871 0.096155
1766747465.467980 -7.395814 -3.203163 0.315820 -0.083193 -0.697934 0.704018 0.101618
1766747465.610484 -7.427886 -3.381771 0.303813 0.087651 0.708700 -0.695033 -0.083611
1766747465.755330 -7.459495 -3.498912 0.300843 0.082879 0.708173 -0.695694 -0.087364
1766747465.903437 -7.489966 -3.635009 0.299086 0.073882 0.702920 -0.701932 -0.087961
1766747466.036037 -7.520248 -3.766499 0.315640 -0.076284 -0.701013 0.704782 0.077735
1766747466.180284 -7.544083 -3.875290 0.311673 0.069944 0.705375 -0.700246 -0.084911
1766747466.314554 -7.566100 -3.992968 0.304730 0.068831 0.707295 -0.699452 -0.075917
1766747466.452780 -7.598208 -4.144341 0.304438 0.066727 0.709214 -0.697454 -0.078239
1766747466.599183 -7.635017 -4.330070 0.312486 -0.067353 -0.700433 0.707029 0.070470
1766747466.738434 -7.664972 -4.498186 0.316118 0.069922 0.704381 -0.704027 -0.057490
1766747466.885334 -7.706735 -4.654826 0.308174 0.067440 0.710259 -0.697286 -0.069107
1766747467.013750 -7.725845 -4.756193 0.302992 0.061155 0.707464 -0.700923 -0.066796
1766747467.156672 -7.748970 -4.894214 0.303059 0.059265 0.708494 -0.700416 -0.062784
1766747467.296436 -7.766526 -5.043878 0.306008 -0.048845 -0.701760 0.707146 0.071354
1766747467.440288 -7.792151 -5.150258 0.306118 -0.053825 -0.704583 0.705274 0.057051
1766747467.577261 -7.803245 -5.222320 0.305116 0.053741 0.707137 -0.702678 -0.057557
1766747467.723020 -7.846489 -5.346444 0.309275 -0.065880 -0.699306 0.705391 0.095162
1766747467.862035 -7.924699 -5.423706 0.313251 0.139665 0.697608 -0.685060 -0.156621
1766747468.002365 -7.976546 -5.473881 0.317718 0.195377 0.683615 -0.670063 -0.213340
1766747468.138854 -8.016420 -5.547787 0.322166 -0.198038 -0.675473 0.678050 0.211579
1766747468.283246 -8.068719 -5.632585 0.314906 -0.207961 -0.676086 0.679460 0.194923
1766747468.419492 -8.073292 -5.742603 0.311833 0.134046 0.692390 -0.691950 -0.154379
1766747468.563159 -8.065243 -5.849691 0.317913 0.064944 0.710270 -0.695305 -0.088599
1766747468.707754 -8.088736 -5.941070 0.316691 0.072983 0.703702 -0.701872 -0.082783
1766747468.842682 -8.104009 -6.047201 0.315986 0.068415 0.706664 -0.699817 -0.078749
1766747468.993415 -8.166366 -6.148772 0.311593 0.109470 0.702794 -0.693446 -0.115025
1766747469.123861 -8.229297 -6.208486 0.314291 -0.154398 -0.689042 0.690313 0.157641
1766747469.264910 -8.273241 -6.294977 0.321178 -0.172682 -0.683165 0.697136 0.132170
1766747469.406737 -8.313217 -6.383306 0.306501 0.165511 0.699389 -0.681552 -0.137655
1766747469.547493 -8.367804 -6.510442 0.310035 0.149730 0.694802 -0.688097 -0.146125
1766747469.687683 -8.423337 -6.634612 0.318314 -0.143764 -0.691733 0.691850 0.148932
1766747469.828200 -8.477658 -6.754851 0.309301 0.136708 0.700225 -0.684863 -0.148185
1766747469.968085 -8.454550 -6.868433 0.300306 0.044843 0.716463 -0.690060 -0.092127
1766747470.110600 -8.380628 -6.951338 0.304940 -0.072353 0.709284 -0.701028 0.015528
1766747470.248523 -8.286852 -6.997423 0.309359 -0.189008 0.693745 -0.686188 0.110182
1766747470.397479 -8.223351 -7.036520 0.320116 0.224788 -0.670157 0.675786 -0.208981
1766747470.535952 -8.188048 -7.105201 0.317362 0.231229 -0.668426 0.680536 -0.191338
1766747470.671832 -8.130959 -7.189811 0.319699 0.224891 -0.666867 0.683405 -0.194089
1766747470.813388 -8.048381 -7.289771 0.308709 -0.220036 0.676404 -0.670028 0.212426
1766747470.960164 -7.957378 -7.382381 0.304729 0.239501 -0.667224 0.671387 -0.216081
1766747471.097175 -7.868946 -7.435063 0.317575 -0.284157 0.655333 -0.648233 0.263793
1766747471.236218 -7.805762 -7.502648 0.320210 0.288003 -0.647664 0.648652 -0.277192
1766747471.371438 -7.737778 -7.568441 0.322756 0.280400 -0.644118 0.650374 -0.288966
1766747471.517243 -7.655944 -7.639659 0.305098 -0.305932 0.653245 -0.632027 0.283230
1766747471.659520 -7.567201 -7.704980 0.297737 -0.328526 0.641901 -0.623857 0.301390
1766747471.791123 -7.507356 -7.756994 0.308889 -0.321763 0.634802 -0.628684 0.313452
1766747471.942176 -7.417513 -7.826830 0.307090 -0.333414 0.635156 -0.627478 0.302793
1766747472.082360 -7.313194 -7.868304 0.288951 -0.370199 0.620797 -0.609681 0.325349
1766747472.212771 -7.238063 -7.875905 0.302020 -0.405578 0.596040 -0.585408 0.370863
1766747472.355866 -7.159974 -7.914971 0.301921 -0.408334 0.590624 -0.589537 0.369963
1766747472.497844 -7.073762 -7.949350 0.304057 0.411053 -0.588492 0.588588 -0.371855
1766747472.637517 -6.989637 -7.995106 0.301942 -0.401013 0.589950 -0.589188 0.379479
1766747472.780209 -6.921485 -8.043696 0.304893 -0.385610 0.603494 -0.597956 0.359929
1766747472.924839 -6.852631 -8.069305 0.314567 0.387854 -0.593902 0.606322 -0.359475
1766747473.059999 -6.784548 -8.074405 0.301610 -0.424953 0.587063 -0.573592 0.381790
1766747473.201688 -6.740202 -8.029898 0.297984 -0.487220 0.537803 -0.522221 0.447962
1766747473.346270 -6.744222 -7.949561 0.303113 0.548798 -0.466870 0.454550 -0.523677
1766747473.482289 -6.755733 -7.880385 0.292658 0.606730 -0.396853 0.398079 -0.562068
1766747473.625407 -6.736163 -7.856372 0.298971 0.608566 -0.383277 0.385181 -0.578258
1766747473.762562 -6.708323 -7.830343 0.298992 0.608409 -0.374321 0.380134 -0.587554
1766747473.904274 -6.692941 -7.785394 0.297596 0.620939 -0.352477 0.341548 -0.611179
1766747474.051347 -6.651502 -7.757429 0.302401 0.618160 -0.348605 0.346164 -0.613615
1766747474.186004 -6.587663 -7.765406 0.307075 0.600282 -0.375051 0.395565 -0.585258
1766747474.326789 -6.519702 -7.799233 0.301369 0.569747 -0.433447 0.435224 -0.545979
1766747474.465538 -6.440875 -7.824412 0.296725 0.542412 -0.463146 0.463206 -0.526047
1766747474.608866 -6.387303 -7.811417 0.297123 0.538365 -0.474522 0.448053 -0.533142
1766747474.745078 -6.350160 -7.779278 0.289571 0.562868 -0.463289 0.426829 -0.535126
1766747474.889077 -6.334215 -7.735931 0.301346 0.586330 -0.413416 0.404430 -0.567222
1766747475.032679 -6.306523 -7.722457 0.303420 0.584742 -0.410098 0.403300 -0.572053
1766747475.168312 -6.273819 -7.706797 0.303293 0.583178 -0.409238 0.396283 -0.579126
1766747475.307706 -6.225155 -7.714624 0.309048 -0.563552 0.428060 -0.425303 0.564173
1766747475.450700 -6.181216 -7.707509 0.317657 -0.553746 0.427084 -0.419749 0.578597
1766747475.593543 -6.108585 -7.720091 0.312197 0.548392 -0.441147 0.452011 -0.548035
1766747475.745256 -6.046165 -7.746072 0.310322 0.534370 -0.473752 0.481561 -0.508042
1766747475.870841 -5.980566 -7.743105 0.296027 0.538178 -0.481041 0.473738 -0.504517
1766747476.007348 -5.917336 -7.738897 0.300393 0.530980 -0.479842 0.470485 -0.516193
1766747476.156240 -5.844658 -7.733473 0.306258 0.524943 -0.477027 0.473751 -0.521958
1766747476.293774 -5.770340 -7.725147 0.309194 0.531778 -0.473645 0.479348 -0.512931
1766747476.440900 -5.687605 -7.708359 0.312005 0.532046 -0.465447 0.483285 -0.516451
1766747476.573546 -5.609355 -7.696963 0.305898 0.534283 -0.467027 0.474532 -0.520814
1766747476.715334 -5.527488 -7.693129 0.311802 -0.524405 0.468730 -0.473146 0.530494
1766747476.851546 -5.443428 -7.687211 0.307151 0.532888 -0.470989 0.471485 -0.521441
1766747476.995589 -5.368588 -7.639823 0.309557 0.569826 -0.439353 0.436289 -0.540296
1766747477.136226 -5.316693 -7.569959 0.299602 0.612513 -0.381678 0.380471 -0.578266
1766747477.285935 -5.275444 -7.524380 0.295923 0.633427 -0.356661 0.358265 -0.585841
1766747477.418917 -5.230998 -7.484335 0.298322 0.639875 -0.339867 0.347604 -0.595165
1766747477.563701 -5.176262 -7.439917 0.296491 0.643731 -0.332638 0.339787 -0.599590
1766747477.703849 -5.118750 -7.401300 0.299171 0.635276 -0.331198 0.338302 -0.610151
1766747477.837270 -5.066679 -7.367493 0.306964 0.627604 -0.334206 0.332804 -0.619404
1766747477.981364 -5.016690 -7.311259 0.301293 0.644201 -0.312016 0.320676 -0.620337
1766747478.122816 -4.999622 -7.238260 0.314341 0.662570 -0.257528 0.294032 -0.638925
1766747478.261407 -4.996922 -7.146386 0.311243 0.684250 -0.200457 0.227201 -0.663324
1766747478.404027 -4.975758 -7.083408 0.308481 0.689590 -0.186531 0.208085 -0.668112
1766747478.548468 -4.948440 -7.022692 0.306267 0.691324 -0.179774 0.201759 -0.670109
1766747478.688110 -4.951338 -6.943138 0.305538 0.706502 -0.134373 0.164645 -0.675048
1766747478.826894 -4.951881 -6.876784 0.301822 0.711580 -0.101496 0.137264 -0.681551
1766747478.965045 -4.934306 -6.809966 0.301732 0.710662 -0.098787 0.138492 -0.682657
1766747479.100681 -4.914735 -6.742710 0.305944 0.707911 -0.100286 0.136736 -0.685644
1766747479.247739 -4.889018 -6.664777 0.302146 0.710047 -0.106838 0.127299 -0.684262
1766747479.388896 -4.864027 -6.590557 0.304297 0.703827 -0.112429 0.117336 -0.691534
1766747479.535343 -4.842787 -6.519532 0.307415 0.701789 -0.112533 0.116406 -0.693742
1766747479.669429 -4.836598 -6.479391 0.299141 0.706152 -0.120677 0.110989 -0.688816
1766747479.809832 -4.839125 -6.471223 0.300479 0.706237 -0.125265 0.110852 -0.687931
1766747479.949569 -4.845817 -6.479327 0.294327 0.711714 -0.123031 0.112458 -0.682407
1766747480.089795 -4.859512 -6.503061 0.292376 0.715618 -0.116464 0.116790 -0.678740
1766747480.228199 -4.879134 -6.534979 0.285376 0.722405 -0.107666 0.118030 -0.672761
1766747480.377378 -4.896242 -6.584962 0.287029 0.720124 -0.110940 0.116324 -0.674968
1766747480.513636 -4.910897 -6.634898 0.284598 0.728108 -0.112922 0.105493 -0.667816
1766747480.659554 -4.928159 -6.686088 0.282130 0.732300 -0.106892 0.099493 -0.665141
1766747480.796381 -4.969011 -6.729681 0.283073 0.732754 -0.074736 0.077386 -0.671936
1766747480.934480 -5.003546 -6.782918 0.286503 0.731510 -0.047582 0.059921 -0.677523
1766747481.072054 -5.002403 -6.832769 0.284053 0.736999 -0.055449 0.063235 -0.670641
1766747481.210628 -4.977725 -6.893275 0.294584 0.725146 -0.097593 0.115319 -0.671819
1766747481.358545 -4.992766 -6.948745 0.293847 0.722803 -0.111094 0.122328 -0.671007
1766747481.497467 -4.995005 -7.011416 0.289759 0.719867 -0.142959 0.142567 -0.664100
1766747481.646972 -5.017974 -7.068430 0.293649 0.712332 -0.147158 0.151788 -0.669244
1766747481.775845 -5.033954 -7.114327 0.293722 0.711647 -0.158084 0.172259 -0.662491
1766747481.917311 -5.036183 -7.179425 0.296953 0.692840 -0.209702 0.216201 -0.655175
1766747482.053119 -5.046810 -7.232477 0.294536 0.687468 -0.244233 0.235199 -0.642199
1766747482.193343 -5.078768 -7.280040 0.291395 0.684815 -0.246264 0.246884 -0.639868
1766747482.337830 -5.100258 -7.341430 0.293853 0.673718 -0.283639 0.283569 -0.620679
1766747482.477790 -5.125141 -7.411005 0.295911 0.643971 -0.339909 0.337383 -0.596604
1766747482.616159 -5.141967 -7.482161 0.293657 0.612815 -0.409189 0.386006 -0.554997
1766747482.755122 -5.174397 -7.556391 0.294376 0.565401 -0.459981 0.454197 -0.512293
1766747482.902654 -5.223187 -7.607498 0.299682 0.520953 -0.510327 0.497791 -0.469445
1766747483.035427 -5.270808 -7.610640 0.292011 0.519736 -0.519436 0.486932 -0.472185
1766747483.179938 -5.332203 -7.609484 0.294646 -0.512386 0.516410 -0.486037 0.484302
1766747483.321131 -5.393313 -7.602242 0.286199 0.524573 -0.513014 0.483716 -0.477135
1766747483.463571 -5.461107 -7.604430 0.294300 0.516843 -0.514957 0.484104 -0.483048
1766747483.597546 -5.530855 -7.607781 0.293783 0.521668 -0.511665 0.479655 -0.485791
1766747483.749709 -5.595108 -7.574268 0.290604 0.560904 -0.466499 0.450100 -0.514951
1766747483.879278 -5.655453 -7.544469 0.286428 0.593479 -0.429539 0.414848 -0.539611
1766747484.018382 -5.702139 -7.559987 0.288670 0.591435 -0.434417 0.404066 -0.546092
1766747484.165096 -5.753235 -7.577627 0.286114 0.592158 -0.436479 0.396528 -0.549181
1766747484.301994 -5.806043 -7.615320 0.295525 0.575615 -0.449020 0.438103 -0.524513
1766747484.447402 -5.865685 -7.670466 0.297309 0.523142 -0.502155 0.485804 -0.488014
1766747484.582666 -5.915489 -7.725299 0.295980 -0.478474 0.558530 -0.522578 0.431299
1766747484.724970 -5.982159 -7.777893 0.295429 -0.416710 0.594907 -0.580549 0.367970
1766747484.860769 -6.046187 -7.806552 0.302571 -0.351835 0.636806 -0.613055 0.307983
1766747485.001774 -6.121010 -7.819629 0.307910 -0.270555 0.668935 -0.652143 0.232457
1766747485.142277 -6.201032 -7.839831 0.314285 0.173145 -0.687464 0.691414 -0.139143
1766747485.282754 -6.281728 -7.858274 0.316654 -0.077046 0.705291 -0.703119 0.047451
1766747485.425520 -6.335611 -7.876539 0.291756 -0.035780 0.731685 -0.680426 -0.019444
1766747485.571803 -6.332232 -7.910301 0.282014 -0.018636 0.731979 -0.681055 -0.004836
1766747485.712258 -6.340433 -7.961282 0.281345 -0.005152 0.733336 -0.679219 -0.029216
1766747485.846676 -6.376798 -8.003475 0.292808 0.034590 0.723376 -0.685240 -0.077307
1766747485.994207 -6.449409 -8.051897 0.304811 0.107635 0.700894 -0.692810 -0.131065
1766747486.128392 -6.497683 -8.083763 0.310433 -0.161586 -0.686678 0.693541 0.146165
1766747486.270383 -6.523434 -8.139218 0.301743 0.158258 0.694009 -0.686014 -0.150636
1766747486.411401 -6.543912 -8.209571 0.299257 0.145901 0.696391 -0.684488 -0.158837
1766747486.547846 -6.563428 -8.274411 0.309104 0.138374 0.693012 -0.689613 -0.158178
1766747486.690771 -6.594712 -8.355751 0.306482 -0.135604 -0.691192 0.692905 0.154100
1766747486.835529 -6.626868 -8.425498 0.312393 -0.137776 -0.685911 0.699516 0.145671
1766747486.978977 -6.663390 -8.506033 0.314686 -0.135640 -0.683565 0.701402 0.149585
1766747487.115626 -6.690357 -8.579080 0.315927 -0.133732 -0.690308 0.694685 0.151671
1766747487.250866 -6.719530 -8.664504 0.314001 -0.132437 -0.689989 0.696446 0.146077
1766747487.393432 -6.753644 -8.743841 0.313643 -0.134376 -0.689694 0.698491 0.135556
1766747487.539617 -6.792356 -8.832466 0.314690 -0.131455 -0.688520 0.699204 0.140620
1766747487.677164 -6.819326 -8.909560 0.313846 -0.129569 -0.693529 0.693996 0.143525
1766747487.820110 -6.852222 -9.002779 0.309986 0.128677 0.695359 -0.693684 -0.136824
1766747487.959420 -6.885364 -9.081246 0.314115 -0.127705 -0.692230 0.697777 0.132729
1766747488.100282 -6.891283 -9.165123 0.312259 0.093708 0.701548 -0.696511 -0.117995
1766747488.239973 -6.850395 -9.243790 0.315882 0.019568 0.707463 -0.703363 -0.066292
1766747488.378422 -6.831953 -9.314614 0.318417 -0.000896 -0.702067 0.710898 0.041539
1766747488.518549 -6.830453 -9.378281 0.319688 -0.004756 -0.704327 0.709095 0.032952
1766747488.657431 -6.834299 -9.460758 0.316707 -0.003378 -0.702335 0.710990 0.034761
1766747488.804765 -6.835952 -9.537688 0.316250 0.008525 0.706967 -0.706642 -0.027947
1766747488.946782 -6.837722 -9.622051 0.307116 0.005576 0.710217 -0.703463 -0.026449
1766747489.082084 -6.840919 -9.700892 0.312792 -0.011725 -0.706463 0.707434 0.017622
1766747489.226823 -6.840582 -9.791363 0.311530 -0.004588 -0.706788 0.707079 0.021641
1766747489.370881 -6.840004 -9.869107 0.314395 -0.000500 0.708929 -0.704803 -0.025946
1766747489.507417 -6.838281 -9.965631 0.305319 -0.002906 0.710567 -0.703316 -0.020813
1766747489.647290 -6.821713 -10.034443 0.309517 -0.021552 0.709142 -0.704670 0.009681
1766747489.786318 -6.769336 -10.095498 0.301952 -0.078171 0.707238 -0.700582 0.053755
1766747489.929942 -6.693304 -10.136361 0.310178 0.149131 -0.693435 0.696180 -0.110636
1766747490.064181 -6.608966 -10.159447 0.307893 -0.221042 0.678247 -0.677228 0.180232
1766747490.209410 -6.516232 -10.161686 0.311547 0.296781 -0.644580 0.650596 -0.270484
1766747490.346425 -6.431737 -10.138228 0.300578 -0.365506 0.621188 -0.605508 0.337477
1766747490.487219 -6.359011 -10.109030 0.302992 -0.412091 0.583733 -0.581519 0.388938
1766747490.626767 -6.297479 -10.113348 0.310871 0.414402 -0.570012 0.585496 -0.400689
1766747490.766331 -6.238417 -10.131571 0.316238 0.408662 -0.573026 0.576104 -0.415621
1766747490.913426 -6.176024 -10.170764 0.318703 0.390134 -0.580534 0.583520 -0.412651
1766747491.049509 -6.132676 -10.236279 0.311351 -0.361574 0.614069 -0.612767 0.341614
1766747491.192169 -6.120129 -10.316295 0.308717 -0.301156 0.645266 -0.643426 0.280962
1766747491.331602 -6.078475 -10.370185 0.293458 -0.292063 0.654512 -0.644117 0.267258
1766747491.468100 -6.034602 -10.414514 0.302038 -0.276001 0.656140 -0.641687 0.285556
1766747491.613575 -5.969396 -10.482985 0.310697 0.283799 -0.646893 0.654058 -0.270547
1766747491.753127 -5.885086 -10.556167 0.315261 0.291737 -0.644133 0.654341 -0.267992
1766747491.893485 -5.761377 -10.578640 0.302723 -0.369148 0.618556 -0.615195 0.320394
1766747492.037676 -5.651046 -10.553375 0.303766 0.431691 -0.574799 0.585188 -0.375238
1766747492.173316 -5.573808 -10.572029 0.313825 0.425615 -0.570744 0.585016 -0.388407
1766747492.314496 -5.474759 -10.597581 0.309732 0.419974 -0.574526 0.578088 -0.399195
1766747492.477434 -5.376404 -10.669497 0.295173 -0.380058 0.610088 -0.595305 0.359112
1766747492.600004 -5.307202 -10.717257 0.294491 -0.352435 0.636861 -0.587650 0.353363
1766747492.743809 -5.229371 -10.759446 0.298694 -0.349914 0.629715 -0.592069 0.361211
1766747492.871307 -5.128909 -10.818053 0.306062 -0.358061 0.617889 -0.604225 0.353436
1766747493.017988 -5.016894 -10.884671 0.310265 0.364030 -0.610490 0.612361 -0.346118
1766747493.157109 -4.890330 -10.947062 0.302834 -0.361357 0.618268 -0.598510 0.359098
1766747493.295878 -4.764695 -11.021261 0.305100 -0.367488 0.611403 -0.606841 0.350546
1766747493.442748 -4.615412 -11.105070 0.311069 0.367018 -0.603708 0.614111 -0.351714
1766747493.582989 -4.492855 -11.150389 0.297970 -0.403520 0.599079 -0.587721 0.364499
1766747493.718109 -4.373953 -11.167927 0.298247 0.420459 -0.581714 0.584934 -0.377724
1766747493.856892 -4.262898 -11.209813 0.306470 -0.419948 0.581441 -0.581066 0.384621
1766747494.004590 -4.148723 -11.256579 0.309045 -0.408616 0.582782 -0.577104 0.400436
1766747494.143560 -4.007226 -11.318325 0.302760 -0.410357 0.583245 -0.578984 0.395234
1766747494.281544 -3.866295 -11.369424 0.313217 0.409182 -0.576471 0.583386 -0.399888
1766747494.422681 -3.760530 -11.409021 0.315138 -0.408548 0.578101 -0.577709 0.406375
1766747494.561409 -3.676429 -11.440619 0.302985 -0.415274 0.582416 -0.575191 0.396856
1766747494.703611 -3.516546 -11.494953 0.305871 -0.414237 0.578419 -0.574921 0.404109
1766747494.845835 -3.368899 -11.534354 0.293016 -0.419540 0.583143 -0.568616 0.400756
1766747494.982008 -3.261450 -11.565595 0.311784 -0.410936 0.579354 -0.570390 0.412475
1766747495.124645 -3.179167 -11.599868 0.295891 -0.427214 0.578493 -0.565949 0.403157
1766747495.264745 -3.141783 -11.607260 0.299892 0.446843 -0.561928 0.566363 -0.404724
1766747495.407901 -3.137613 -11.581223 0.302491 0.470658 -0.539707 0.546968 -0.433617
1766747495.546414 -3.134211 -11.531230 0.305325 0.513583 -0.499285 0.508952 -0.477404
1766747495.686522 -3.135604 -11.462235 0.301236 0.569963 -0.440643 0.448284 -0.529167
1766747495.828051 -3.160273 -11.393418 0.305587 0.608448 -0.375029 0.366692 -0.595552
1766747495.966624 -3.213146 -11.324881 0.304979 -0.646966 0.291424 -0.277453 0.647708
1766747496.112446 -3.299609 -11.260091 0.302076 0.695664 -0.159387 0.179861 -0.676977
1766747496.267927 -3.399419 -11.218305 0.283052 0.735063 -0.035479 0.088285 -0.671290
1766747496.389704 -3.488069 -11.202391 0.277334 0.736380 0.043788 -0.018836 -0.674887
1766747496.527341 -3.572189 -11.209586 0.288886 0.716876 0.140912 -0.132650 -0.669804
1766747496.672759 -3.643489 -11.255344 0.302723 0.678280 0.238270 -0.246634 -0.649874
1766747496.814778 -3.709077 -11.305265 0.297345 0.641257 0.324251 -0.309562 -0.622753
1766747496.947076 -3.725078 -11.295640 0.306740 0.632299 0.328852 -0.309736 -0.629379
1766747497.092378 -3.759728 -11.276225 0.302457 0.633640 0.335773 -0.307691 -0.625366
1766747497.231078 -3.812529 -11.252845 0.297304 0.627556 0.345473 -0.314162 -0.622996
1766747497.376659 -3.876764 -11.253578 0.294261 0.612552 0.372192 -0.359863 -0.597287
1766747497.516561 -3.943918 -11.278231 0.300141 0.579203 0.413073 -0.403484 -0.575408
1766747497.657895 -4.003441 -11.265161 0.305727 -0.570186 -0.415142 0.408218 0.579571
1766747497.799645 -4.061111 -11.254462 0.309464 -0.564822 -0.423266 0.405396 0.580927
1766747497.933772 -4.137099 -11.235594 0.308615 -0.562219 -0.424348 0.409729 0.579621
1766747498.073150 -4.204981 -11.211279 0.311867 -0.564506 -0.417882 0.418912 0.575517
1766747498.219262 -4.283939 -11.186131 0.314351 -0.562896 -0.412837 0.423323 0.577505
1766747498.359025 -4.363831 -11.165458 0.315520 -0.565539 -0.423653 0.411592 0.575566
1766747498.503788 -4.451318 -11.148112 0.314734 -0.560533 -0.424281 0.416018 0.576817
1766747498.637261 -4.532461 -11.123890 0.309231 -0.563318 -0.425857 0.422612 0.568082
1766747498.778484 -4.611236 -11.098016 0.312489 -0.561830 -0.420851 0.425746 0.570940
1766747498.920267 -4.694963 -11.074029 0.312559 -0.564717 -0.426843 0.417888 0.569446
1766747499.056177 -4.789778 -11.055384 0.318701 -0.554174 -0.425851 0.422766 0.576897
1766747499.204076 -4.904175 -11.026034 0.316798 -0.562708 -0.424397 0.428685 0.565221
1766747499.346514 -4.992092 -10.944872 0.302666 0.603493 0.378972 -0.373543 -0.593836
1766747499.484865 -5.049751 -10.874583 0.289169 0.646287 0.355166 -0.340917 -0.583049
1766747499.634361 -5.153434 -10.908719 0.292702 0.585637 0.441365 -0.390533 -0.556515
1766747499.764447 -5.226164 -10.944764 0.307621 -0.532144 -0.476281 0.446840 0.538807
1766747499.903504 -5.315344 -10.937588 0.315173 -0.523504 -0.479633 0.446915 0.544208
1766747500.043565 -5.423377 -10.924750 0.309700 -0.528387 -0.476057 0.458754 0.532655
1766747500.180811 -5.538478 -10.901552 0.316638 -0.520521 -0.465659 0.463756 0.545114
1766747500.323814 -5.674131 -10.878514 0.307734 -0.531180 -0.475041 0.448697 0.539309
1766747500.468706 -5.830348 -10.866832 0.303515 0.535839 0.474968 -0.458096 -0.526716
1766747500.608275 -5.974774 -10.843561 0.308209 -0.530052 -0.474114 0.456731 0.534470
1766747500.745995 -6.127059 -10.813621 0.314864 -0.527554 -0.468045 0.455170 0.543545
1766747500.888298 -6.204199 -10.779949 0.317671 -0.533853 -0.452143 0.430219 0.570509
1766747501.070060 -6.253210 -10.747609 0.318935 -0.557314 -0.429496 0.416711 0.575575
1766747501.240952 -6.503594 -10.693952 0.327393 -0.555752 -0.423157 0.414468 0.583348
1766747501.376795 -6.614615 -10.663729 0.315687 -0.567741 -0.423944 0.418965 0.567811
1766747501.516383 -6.735214 -10.620234 0.311195 0.570243 0.428409 -0.412773 -0.566487
1766747501.655749 -6.870840 -10.574978 0.307894 0.572410 0.429020 -0.409396 -0.566289
1766747501.803730 -6.991057 -10.526441 0.301831 -0.580568 -0.425608 0.380145 0.580766
1766747501.951269 -7.042811 -10.449480 0.307839 -0.617348 -0.358525 0.327388 0.618998
1766747502.081191 -7.045214 -10.355611 0.322499 -0.648507 -0.272299 0.246398 0.666768
1766747502.222074 -7.033292 -10.231840 0.308207 0.683012 0.225308 -0.209324 -0.662505
1766747502.365644 -7.072268 -10.163642 0.321651 -0.666818 -0.207515 0.223737 0.679877
1766747502.502384 -7.120501 -10.082809 0.306283 0.683370 0.210299 -0.207775 -0.667540
1766747502.640500 -7.199219 -9.983091 0.309723 0.676403 0.213938 -0.213767 -0.671575
1766747502.784540 -7.281578 -9.863280 0.313495 -0.671132 -0.215490 0.219032 0.674663
1766747502.929164 -7.332557 -9.756756 0.294228 0.692182 0.211882 -0.196370 -0.661384
1766747503.064805 -7.345393 -9.651851 0.301393 0.695428 0.166714 -0.136506 -0.685531
1766747503.204451 -7.299638 -9.569483 0.313362 0.710536 0.074936 -0.061393 -0.696961
1766747503.351905 -7.214011 -9.505829 0.316689 0.710570 -0.033707 0.053253 -0.700798
1766747503.483157 -7.178109 -9.441094 0.311109 0.708775 -0.080040 0.077817 -0.696546
1766747503.625206 -7.162539 -9.349783 0.305630 0.707550 -0.079663 0.069726 -0.698688
1766747503.765926 -7.134825 -9.248716 0.320756 -0.694237 0.080206 -0.070672 0.711764
1766747503.902533 -7.104609 -9.126442 0.310867 0.707982 -0.071020 0.083148 -0.697714
1766747504.052068 -7.077931 -8.976847 0.306148 0.708806 -0.068358 0.076067 -0.697951
1766747504.190902 -7.046954 -8.833883 0.313138 -0.700581 0.068466 -0.074155 0.706399
1766747504.327367 -7.021665 -8.714762 0.310048 0.705722 -0.073569 0.074437 -0.700717
1766747504.479976 -6.989025 -8.539262 0.309269 0.706501 -0.077232 0.057581 -0.701125
1766747504.609274 -6.953000 -8.428155 0.303710 0.703603 -0.084692 0.082866 -0.700645
1766747504.747575 -6.871419 -8.339995 0.306577 0.699193 -0.150240 0.137797 -0.685251
1766747504.889261 -6.774662 -8.310170 0.315001 0.669078 -0.240087 0.226398 -0.665910
1766747505.036327 -6.671263 -8.332088 0.310997 0.623459 -0.348156 0.333956 -0.615272
1766747505.178082 -6.621784 -8.369838 0.296597 0.601226 -0.418568 0.374965 -0.568093
1766747505.318629 -6.608187 -8.355576 0.286408 0.608430 -0.409721 0.377800 -0.564986
1766747505.458606 -6.614635 -8.337831 0.299620 0.614120 -0.387317 0.374257 -0.576865
1766747505.591486 -6.643101 -8.281884 0.309707 0.642713 -0.325541 0.313235 -0.618731
1766747505.732072 -6.709253 -8.217194 0.312787 0.676292 -0.221013 0.203122 -0.672698
1766747505.874523 -6.783978 -8.165293 0.294283 0.712786 -0.120650 0.124071 -0.679695
1766747506.015660 -6.784111 -8.143434 0.305445 0.705619 -0.105080 0.123069 -0.689865
1766747506.158597 -6.775486 -8.106088 0.301279 0.710883 -0.099320 0.123481 -0.685225
1766747506.303149 -6.764465 -8.053666 0.295588 0.712123 -0.095251 0.120301 -0.685080
1766747506.436008 -6.731227 -8.010261 0.304864 0.700514 -0.117843 0.128526 -0.692007
1766747506.575037 -6.658408 -7.977138 0.310761 0.685470 -0.178108 0.185136 -0.681273
1766747506.717792 -6.599027 -7.954261 0.313789 0.674005 -0.223402 0.232222 -0.664742
1766747506.861195 -6.549177 -7.893618 0.302147 0.679082 -0.228557 0.228364 -0.659135
1766747507.000768 -6.509933 -7.840640 0.303213 0.675910 -0.232471 0.227922 -0.661176
1766747507.143136 -6.455425 -7.803386 0.303328 0.671031 -0.248939 0.258995 -0.648590
1766747507.289660 -6.379551 -7.785394 0.300507 0.657680 -0.294117 0.305394 -0.622645
1766747507.427350 -6.325308 -7.750556 0.292331 0.656666 -0.302908 0.307155 -0.618622
1766747507.559996 -6.264523 -7.739219 0.302017 0.636624 -0.332345 0.333673 -0.610670
1766747507.701998 -6.194598 -7.729499 0.305004 0.619326 -0.357773 0.363438 -0.596948
1766747507.844943 -6.136830 -7.716841 0.306560 0.609090 -0.372491 0.381914 -0.586857
1766747507.987380 -6.066141 -7.711998 0.300767 0.592178 -0.397664 0.402406 -0.573810
1766747508.125391 -6.007271 -7.705048 0.304980 0.579312 -0.410495 0.407492 -0.574319
1766747508.266886 -5.940473 -7.698472 0.302332 0.575475 -0.421049 0.423208 -0.558964
1766747508.410389 -5.876259 -7.676296 0.309071 0.575223 -0.414011 0.428394 -0.560528
1766747508.548401 -5.814196 -7.654883 0.308066 0.577066 -0.412046 0.426499 -0.561526
1766747508.688782 -5.732976 -7.628519 0.305556 0.577340 -0.410125 0.422780 -0.565449
1766747508.825892 -5.663977 -7.607633 0.312883 -0.569302 0.412400 -0.419682 0.574186
1766747508.969815 -5.590322 -7.580788 0.308319 0.577278 -0.408384 0.418250 -0.570123
1766747509.110585 -5.527728 -7.509705 0.312543 0.615046 -0.364913 0.377782 -0.588080
1766747509.256404 -5.493676 -7.424476 0.302739 0.652364 -0.302146 0.313230 -0.620496
1766747509.393984 -5.499229 -7.340702 0.304459 0.682554 -0.224771 0.248696 -0.649422
1766747509.530551 -5.497008 -7.265455 0.308432 0.691614 -0.174196 0.214534 -0.667309
1766747509.677763 -5.473451 -7.204510 0.313757 0.683646 -0.163720 0.220008 -0.676328
1766747509.814847 -5.441888 -7.145389 0.313282 0.684404 -0.177729 0.194275 -0.679898
1766747509.947594 -5.410812 -7.093379 0.316560 -0.678200 0.177154 -0.183400 0.689221
1766747510.089205 -5.427550 -7.025840 0.303336 0.701960 -0.113893 0.137725 -0.689429
1766747510.233169 -5.458461 -6.972711 0.310638 0.705932 -0.065766 0.090785 -0.699352
1766747510.378860 -5.462668 -6.908258 0.311310 -0.702583 0.071183 -0.068869 0.704675
1766747510.515435 -5.410921 -6.856020 0.321140 -0.694508 0.108846 -0.116966 0.701520
1766747510.655482 -5.371274 -6.783560 0.318165 -0.690594 0.122392 -0.129162 0.701012
1766747510.799571 -5.342811 -6.703874 0.315243 0.696875 -0.123981 0.128165 -0.694671
1766747510.937249 -5.303612 -6.588291 0.313261 0.697113 -0.124385 0.121888 -0.695489
1766747511.075377 -5.254925 -6.468821 0.315000 -0.695400 0.121625 -0.126821 0.696809
1766747511.213786 -5.211514 -6.354328 0.306510 0.705119 -0.120196 0.122704 -0.687971
1766747511.361981 -5.252580 -6.240313 0.293277 0.720548 -0.021852 0.064646 -0.690039
1766747511.504761 -5.275904 -6.146846 0.303222 0.718928 -0.000416 0.040022 -0.693931
1766747511.647332 -5.264049 -6.050285 0.298977 0.725025 -0.007407 0.030656 -0.688000
1766747511.779052 -5.223009 -5.972658 0.302010 0.717160 -0.043516 0.072477 -0.691762
1766747511.922065 -5.196669 -5.872829 0.308891 0.709653 -0.057655 0.078327 -0.697806
1766747512.064392 -5.185153 -5.781011 0.314077 0.706316 -0.050619 0.084801 -0.700974
1766747512.205555 -5.169094 -5.664160 0.308019 0.708955 -0.055608 0.070835 -0.699481
1766747512.349517 -5.136567 -5.549022 0.303421 0.706462 -0.071690 0.085230 -0.698933
1766747512.488903 -5.114675 -5.453356 0.309340 0.708226 -0.090320 0.090943 -0.694253
1766747512.630134 -5.092074 -5.347185 0.305898 0.709985 -0.085763 0.090599 -0.693078
1766747512.767070 -5.060546 -5.243091 0.318575 -0.698157 0.090786 -0.084929 0.705069
1766747512.912535 -5.021996 -5.115812 0.307328 0.711209 -0.090059 0.091997 -0.691091
1766747513.053045 -4.990621 -4.964065 0.310641 0.702096 -0.086538 0.089085 -0.701168
1766747513.189291 -4.952440 -4.818118 0.310530 0.703224 -0.089064 0.082701 -0.700502
1766747513.328347 -4.915517 -4.685675 0.305537 0.709206 -0.081569 0.091199 -0.694302
1766747513.481391 -4.887270 -4.560630 0.306569 0.708673 -0.076442 0.089212 -0.695687
1766747513.613438 -4.863277 -4.460549 0.294285 0.705775 -0.087517 0.084332 -0.697933
1766747513.756951 -4.829195 -4.385623 0.307212 0.711020 -0.103727 0.099861 -0.688273
1766747513.897054 -4.808706 -4.321796 0.304896 0.712887 -0.096180 0.102849 -0.686996
1766747514.032004 -4.796757 -4.267756 0.299628 0.711814 -0.097514 0.098300 -0.688584
1766747514.179501 -4.784543 -4.200563 0.300802 0.712715 -0.086343 0.109066 -0.687522
1766747514.316231 -4.756151 -4.142741 0.305007 0.709722 -0.097109 0.123251 -0.686785
1766747514.455536 -4.697932 -4.093621 0.303365 0.700897 -0.142770 0.158351 -0.680650
1766747514.594154 -4.624565 -4.068910 0.310115 0.679372 -0.200474 0.205236 -0.675383
1766747514.733207 -4.551732 -4.056778 0.319263 -0.655268 0.254620 -0.242022 0.668743
1766747514.878891 -4.508237 -4.009968 0.309410 0.666670 -0.255313 0.244147 -0.656322
1766747515.012259 -4.452309 -3.972225 0.307170 0.656705 -0.268901 0.262948 -0.653674
1766747515.155332 -4.382784 -3.965156 0.314503 -0.633478 0.306005 -0.307980 0.640480
1766747515.299261 -4.297646 -3.980604 0.318944 -0.603217 0.358875 -0.370473 0.608348
1766747515.435217 -4.222155 -4.006759 0.320516 0.573212 -0.410744 0.427066 -0.565979
1766747515.580049 -4.152057 -3.997194 0.305559 0.571816 -0.430166 0.420346 -0.557936
1766747515.720829 -4.085116 -4.001880 0.304910 0.556599 -0.442907 0.444160 -0.544751
1766747515.865253 -4.018988 -4.008209 0.305150 0.547252 -0.458336 0.464103 -0.524454
1766747516.001599 -3.956508 -3.994905 0.313172 0.547899 -0.445991 0.475461 -0.524247
1766747516.143661 -3.880357 -3.978887 0.310824 0.547987 -0.446445 0.471432 -0.527397
1766747516.282583 -3.805520 -3.977181 0.305323 0.543481 -0.452706 0.475732 -0.522842
1766747516.420979 -3.745392 -4.007484 0.317845 0.507936 -0.483397 0.500887 -0.507386
1766747516.568527 -3.674110 -4.037327 0.318305 0.484116 -0.508358 0.519792 -0.486847
1766747516.708616 -3.612810 -4.043989 0.318185 0.483926 -0.515491 0.516354 -0.483181
1766747516.850378 -3.531932 -4.047767 0.311602 0.486061 -0.510704 0.518840 -0.483457
1766747516.982698 -3.465417 -4.048301 0.311130 0.489069 -0.512277 0.513541 -0.484416
1766747517.129855 -3.376889 -4.052375 0.311176 0.496077 -0.504915 0.521187 -0.476793
1766747517.265604 -3.308032 -4.066239 0.305281 -0.492870 0.519594 -0.517340 0.468466
1766747517.413768 -3.227714 -4.105184 0.304642 0.467420 -0.533599 0.539317 -0.453792
1766747517.549213 -3.172327 -4.115725 0.309793 -0.458911 0.540694 -0.532002 0.462629
1766747517.693614 -3.100287 -4.126376 0.311281 0.459881 -0.535324 0.537212 -0.461889
1766747517.829071 -3.029583 -4.134420 0.313430 0.465307 -0.533239 0.538423 -0.457434
1766747517.963541 -2.950576 -4.140403 0.313708 0.467318 -0.525790 0.542059 -0.459707
1766747518.110280 -2.865343 -4.152095 0.310419 0.470490 -0.526217 0.535437 -0.463726
1766747518.250025 -2.788323 -4.162601 0.310537 0.470226 -0.523345 0.538733 -0.463427
1766747518.391709 -2.706684 -4.142616 0.308982 0.501151 -0.506483 0.515725 -0.475763
1766747518.531550 -2.624301 -4.085698 0.306501 0.551283 -0.458478 0.468410 -0.516214
1766747518.674087 -2.581143 -4.022917 0.306596 0.595093 -0.401402 0.408396 -0.563873
1766747518.808986 -2.556168 -3.935572 0.306195 0.633096 -0.327248 0.347348 -0.609465
1766747518.955025 -2.554627 -3.845423 0.309712 0.667165 -0.250993 0.293072 -0.637183
1766747519.095760 -2.532281 -3.784594 0.308652 0.664728 -0.240377 0.274394 -0.651969
1766747519.241896 -2.486728 -3.729211 0.312642 0.668110 -0.248659 0.262077 -0.650472
1766747519.374682 -2.437951 -3.674947 0.307863 0.665361 -0.247443 0.260816 -0.654249
1766747519.516612 -2.412375 -3.610445 0.309794 0.678667 -0.225137 0.239754 -0.656691
1766747519.652301 -2.408116 -3.526912 0.311425 0.691779 -0.174548 0.195361 -0.672911
1766747519.795423 -2.408817 -3.462427 0.308107 0.702875 -0.138260 0.143662 -0.682797
1766747519.943385 -2.381553 -3.390932 0.304005 0.703244 -0.131529 0.147356 -0.682960
1766747520.078551 -2.359786 -3.331989 0.306106 0.706720 -0.128245 0.151623 -0.679052
1766747520.215055 -2.331213 -3.260410 0.297073 0.709215 -0.131673 0.143539 -0.677549
1766747520.352349 -2.302610 -3.192535 0.305425 0.701537 -0.133371 0.138080 -0.686288
1766747520.498644 -2.273290 -3.114607 0.306306 0.698433 -0.130323 0.139043 -0.689836
1766747520.639541 -2.274221 -3.041098 0.308423 0.706839 -0.101016 0.121939 -0.689424
1766747520.777769 -2.267442 -2.965460 0.312345 0.702647 -0.086761 0.114388 -0.696904
1766747520.918398 -2.253828 -2.899576 0.304556 0.703855 -0.092930 0.099961 -0.697109
1766747521.067408 -2.221934 -2.823451 0.318716 -0.688604 0.103644 -0.087771 0.712305
1766747521.200256 -2.183682 -2.735039 0.310916 0.705401 -0.103459 0.106723 -0.693048
1766747521.340513 -2.156549 -2.621483 0.319009 -0.696484 0.094960 -0.112260 0.702346
1766747521.477084 -2.126123 -2.485825 0.308291 0.706439 -0.102562 0.091679 -0.694277
1766747521.621763 -2.082187 -2.353632 0.299571 0.712688 -0.098473 0.099982 -0.687301
1766747521.762830 -2.040117 -2.201529 0.303044 0.704056 -0.090474 0.101228 -0.697046
1766747521.904889 -2.037274 -2.100170 0.306565 0.716246 -0.055146 0.083095 -0.690685
1766747522.045819 -2.022521 -1.998147 0.305709 0.712077 -0.057025 0.073835 -0.695876
1766747522.189774 -2.001619 -1.882519 0.313411 0.708562 -0.055936 0.072180 -0.699715
1766747522.319755 -1.986290 -1.773764 0.309114 0.711773 -0.060780 0.058934 -0.697289
1766747522.457798 -1.960874 -1.641537 0.308208 0.708896 -0.053499 0.070188 -0.699770
1766747522.606643 -1.927184 -1.497065 0.305266 0.711755 -0.058787 0.066692 -0.696779
1766747522.744010 -1.913923 -1.393465 0.307275 0.712868 -0.047668 0.065595 -0.696594
1766747522.880383 -1.902419 -1.288748 0.306255 0.714749 -0.048355 0.065693 -0.694608
1766747523.026311 -1.895725 -1.207467 0.311281 0.713119 -0.044061 0.068577 -0.696289
1766747523.161857 -1.882074 -1.113070 0.303893 0.712791 -0.046376 0.061675 -0.697118
1766747523.309929 -1.866963 -1.032114 0.310024 0.707280 -0.051400 0.053704 -0.703014
1766747523.445084 -1.852172 -0.944891 0.306136 0.708090 -0.048311 0.057203 -0.702142
1766747523.583522 -1.842391 -0.860980 0.311427 0.710131 -0.044247 0.059309 -0.700170
1766747523.724294 -1.832138 -0.762873 0.302981 0.711295 -0.038490 0.060224 -0.699250
1766747523.862896 -1.819771 -0.684637 0.310287 0.708105 -0.045203 0.051077 -0.702805
1766747524.006480 -1.808112 -0.593634 0.308562 0.709165 -0.038649 0.057424 -0.701636
1766747524.154738 -1.795460 -0.503281 0.312910 0.709670 -0.042040 0.060930 -0.700634
1766747524.291252 -1.746073 -0.439668 0.310327 0.704978 -0.082991 0.106294 -0.696291
1766747524.428942 -1.675231 -0.408246 0.320630 -0.689291 0.159450 -0.148863 0.690865
1766747524.564137 -1.582099 -0.389508 0.313823 0.673233 -0.236075 0.223300 -0.664201
1766747524.704169 -1.499197 -0.396090 0.309651 0.648477 -0.301693 0.301865 -0.630346
1766747524.850922 -1.412566 -0.403968 0.298257 0.618388 -0.353570 0.355870 -0.604931
1766747524.990272 -1.360420 -0.377357 0.302616 -0.609879 0.361832 -0.341491 0.616854
1766747525.131078 -1.299555 -0.355682 0.317466 -0.590710 0.366312 -0.338277 0.634386
1766747525.270372 -1.236143 -0.324206 0.314388 -0.607130 0.362618 -0.355327 0.611264
1766747525.411344 -1.172112 -0.307313 0.313207 0.597886 -0.374784 0.382243 -0.596623
1766747525.548541 -1.094615 -0.323620 0.306155 0.573496 -0.412199 0.421142 -0.569064
1766747525.685138 -1.030065 -0.323840 0.309224 -0.564797 0.422910 -0.425242 0.566851
1766747525.831453 -0.965480 -0.319714 0.314663 -0.549891 0.430686 -0.434735 0.568449
1766747525.978351 -0.888402 -0.339106 0.312789 0.537697 -0.456652 0.473636 -0.527277
1766747526.110824 -0.834170 -0.380369 0.311030 0.503500 -0.498937 0.512090 -0.485091
1766747526.250110 -0.774342 -0.441318 0.305788 0.456356 -0.538389 0.547786 -0.449229
1766747526.399135 -0.707186 -0.460729 0.305864 -0.447761 0.546818 -0.541945 0.454748
1766747526.530409 -0.649539 -0.477535 0.313840 -0.433666 0.548619 -0.542472 0.465483
1766747526.671505 -0.570007 -0.496165 0.309574 -0.444161 0.550347 -0.545082 0.450249
1766747526.808807 -0.507525 -0.512545 0.310950 0.443371 -0.549518 0.556034 -0.438496
1766747526.957803 -0.449813 -0.531090 0.297340 -0.452102 0.554242 -0.547390 0.434492
1766747527.100062 -0.423376 -0.552837 0.300655 0.443508 -0.556076 0.556629 -0.429237
1766747527.237978 -0.409229 -0.596550 0.309127 0.405549 -0.578959 0.582123 -0.401833
1766747527.376011 -0.391001 -0.655396 0.313049 0.367575 -0.599678 0.617274 -0.352488
1766747527.514188 -0.353206 -0.682617 0.312888 0.362320 -0.607549 0.614736 -0.348868
1766747527.654693 -0.294766 -0.716095 0.304399 0.362566 -0.610048 0.610592 -0.351518
1766747527.796944 -0.238428 -0.745765 0.306331 0.359386 -0.607926 0.610347 -0.358809
1766747527.937319 -0.179026 -0.776513 0.307007 0.365408 -0.604008 0.614469 -0.352248
1766747528.077612 -0.113766 -0.811536 0.310537 0.368743 -0.604689 0.613123 -0.349943
1766747528.221792 -0.034040 -0.855804 0.302478 -0.371309 0.609298 -0.605347 0.352762
1766747528.355230 0.031347 -0.892506 0.308708 0.367807 -0.605837 0.606911 -0.359638
1766747528.496227 0.105086 -0.933832 0.310599 0.368602 -0.601972 0.610559 -0.359137
1766747528.645133 0.182392 -0.972206 0.314245 0.372244 -0.601701 0.610134 -0.356547
1766747528.776456 0.260216 -1.011621 0.310924 0.372152 -0.602117 0.606896 -0.361437
1766747528.915408 0.329786 -1.053144 0.310245 0.370736 -0.600902 0.606421 -0.365684
1766747529.065182 0.390087 -1.111270 0.311515 0.352424 -0.612493 0.620609 -0.339845
1766747529.199312 0.435349 -1.157366 0.314921 0.335250 -0.624259 0.631902 -0.314018
1766747529.345685 0.496538 -1.200263 0.303642 -0.336080 0.631881 -0.622749 0.316166
1766747529.482929 0.551935 -1.238017 0.306961 -0.330964 0.627103 -0.625690 0.325141
1766747529.624026 0.606778 -1.274416 0.309632 0.332073 -0.624674 0.627265 -0.325651
1766747529.764973 0.682759 -1.322154 0.310859 0.339378 -0.623102 0.627292 -0.321047
1766747529.904667 0.755647 -1.342836 0.308473 -0.367577 0.615242 -0.607467 0.342561
1766747530.052469 0.847238 -1.329479 0.299670 -0.431646 0.576469 -0.567860 0.398622
1766747530.187346 0.911063 -1.329223 0.296199 -0.456427 0.561133 -0.555476 0.410184
1766747530.324718 0.971916 -1.346206 0.299893 -0.454445 0.558669 -0.556190 0.414755
1766747530.468353 1.043817 -1.367986 0.293449 -0.454512 0.565274 -0.546140 0.419064
1766747530.607142 1.117938 -1.386193 0.302566 -0.446929 0.558886 -0.551392 0.428799
1766747530.748497 1.183284 -1.426722 0.304747 0.431504 -0.570664 0.573597 -0.398915
1766747530.886899 1.220558 -1.497436 0.309446 0.379860 -0.605309 0.608747 -0.344579
1766747531.025174 1.230488 -1.581497 0.302793 -0.312423 0.644090 -0.637089 0.285755
1766747531.168822 1.198859 -1.646447 0.306814 -0.231439 0.673352 -0.670160 0.209567
1766747531.308256 1.138725 -1.691699 0.311914 -0.128718 0.700508 -0.691766 0.119076
1766747531.462656 1.062025 -1.710292 0.309406 -0.036411 0.708915 -0.704256 0.011671
1766747531.588115 0.975156 -1.701614 0.312146 0.066580 0.707204 -0.697698 -0.092992
1766747531.732721 0.941075 -1.695658 0.317103 0.107980 0.701107 -0.691884 -0.134485
1766747531.871132 0.934756 -1.697789 0.312791 0.116176 0.700243 -0.692732 -0.127615
1766747532.011961 0.929409 -1.701019 0.311871 0.121650 0.699194 -0.692948 -0.127091
1766747532.151653 0.930042 -1.702292 0.314107 0.123050 0.697771 -0.693864 -0.128561
1766747532.292539 0.929298 -1.706297 0.312590 0.123216 0.697558 -0.694555 -0.125791
1766747532.430948 0.920176 -1.707359 0.312979 0.131804 0.695995 -0.692629 -0.135959
1766747532.578613 0.884710 -1.696102 0.310207 0.169436 0.688004 -0.677482 -0.197381
1766747532.715640 0.836247 -1.665206 0.301940 0.235619 0.677504 -0.646774 -0.259144
1766747532.858978 0.810833 -1.650142 0.303360 0.271309 0.660248 -0.637058 -0.290898
1766747532.994198 0.816945 -1.658179 0.305951 0.264306 0.660013 -0.642177 -0.286591
1766747533.135685 0.820976 -1.660394 0.310018 0.261896 0.658242 -0.645593 -0.285198
1766747533.287451 0.803637 -1.642500 0.313952 0.296831 0.643922 -0.632847 -0.311062
1766747533.420370 0.770437 -1.599659 0.317088 0.359706 0.612149 -0.600187 -0.368322
1766747533.564518 0.742013 -1.529126 0.317976 0.439610 0.554752 -0.549051 -0.444450
1766747533.709458 0.734767 -1.449005 0.307259 0.519271 0.494043 -0.477060 -0.508619
1766747533.837863 0.739769 -1.378676 0.300797 0.576349 0.425154 -0.407733 -0.566409
1766747533.982439 0.729067 -1.364725 0.301670 0.591602 0.408500 -0.390336 -0.575129
1766747534.115211 0.706514 -1.360372 0.298611 0.591509 0.412515 -0.391306 -0.571688
1766747534.267674 0.662253 -1.347476 0.297233 0.586471 0.414337 -0.392237 -0.574914
1766747534.401417 0.612788 -1.334678 0.307054 -0.572458 -0.421510 0.387821 0.586699
1766747534.544040 0.565799 -1.299419 0.308526 -0.585833 -0.397462 0.372086 0.600313
1766747534.685671 0.511160 -1.257673 0.303143 -0.597336 -0.377360 0.363834 0.606970
1766747534.825017 0.462033 -1.224714 0.306340 -0.600508 -0.368570 0.372361 0.604064
1766747534.967357 0.403079 -1.193302 0.311404 -0.596231 -0.363742 0.374085 0.610132
1766747535.112613 0.335496 -1.160915 0.310851 -0.599493 -0.372333 0.362690 0.608631
1766747535.253983 0.257227 -1.129414 0.311523 -0.595259 -0.375540 0.364648 0.609647
1766747535.387287 0.196464 -1.081250 0.306648 -0.602720 -0.368100 0.351930 0.614309
1766747535.526265 0.153108 -1.030643 0.312758 -0.616698 -0.343695 0.332820 0.625131
1766747535.668229 0.093477 -0.994590 0.305534 -0.618809 -0.346557 0.329223 0.623366
1766747535.809124 0.044651 -0.957466 0.315126 -0.621544 -0.335398 0.315503 0.633758
1766747535.950934 -0.016643 -0.924666 0.315123 -0.616045 -0.331667 0.321711 0.637956
1766747536.097150 -0.074360 -0.884805 0.309932 -0.620327 -0.332381 0.332850 0.627637
1766747536.232991 -0.130676 -0.842888 0.313715 -0.615180 -0.328668 0.334531 0.633735
1766747536.377774 -0.198055 -0.796748 0.312496 -0.621752 -0.336283 0.324802 0.628365
1766747536.526648 -0.278279 -0.747964 0.308020 -0.622745 -0.339541 0.327777 0.624070
1766747536.661673 -0.345481 -0.702139 0.308787 -0.620714 -0.340124 0.330777 0.624192
1766747536.797226 -0.420283 -0.651968 0.317236 -0.617235 -0.333259 0.339232 0.626802
1766747536.938662 -0.509464 -0.586442 0.313066 0.623963 0.342219 -0.324705 -0.622995
1766747537.079343 -0.628087 -0.516511 0.311473 0.622208 0.341304 -0.332188 -0.621305
1766747537.215279 -0.741939 -0.447986 0.309839 -0.620343 -0.341979 0.334819 0.621386
1766747537.358492 -0.846398 -0.388086 0.308786 0.624342 0.345317 -0.329652 -0.618291
1766747537.502051 -0.970799 -0.313545 0.310051 -0.619168 -0.347532 0.334240 0.619787
1766747537.639741 -1.067265 -0.256477 0.312182 0.619750 0.347195 -0.336993 -0.617901
1766747537.781251 -1.163116 -0.205211 0.304038 0.622074 0.349795 -0.334076 -0.615679
1766747537.920623 -1.228338 -0.149305 0.303050 0.630000 0.341745 -0.321502 -0.618827
1766747538.064342 -1.260888 -0.075368 0.307116 0.644766 0.300310 -0.286948 -0.641679
1766747538.198816 -1.289984 -0.029641 0.314953 -0.648096 -0.275872 0.289142 0.648277
1766747538.338571 -1.338284 0.016980 0.310187 0.652836 0.282878 -0.282611 -0.643363
1766747538.484967 -1.386230 0.067286 0.313980 -0.644021 -0.273750 0.270516 0.661150
1766747538.620865 -1.405161 0.128998 0.307616 -0.661516 -0.242588 0.239748 0.667884
1766747538.762677 -1.431637 0.180455 0.314700 -0.661298 -0.231400 0.240248 0.671878
1766747538.901171 -1.458773 0.234818 0.314698 -0.660346 -0.222162 0.230318 0.679368
1766747539.047892 -1.474365 0.310257 0.310988 0.681070 0.197618 -0.185781 -0.680130
1766747539.188711 -1.506868 0.369259 0.302898 0.689029 0.194392 -0.187587 -0.672504
1766747539.322530 -1.528508 0.431346 0.301940 0.688131 0.186040 -0.170202 -0.680364
1766747539.462362 -1.546299 0.488367 0.305680 0.690568 0.170343 -0.161788 -0.684049
1766747539.605266 -1.568722 0.550922 0.305811 -0.688982 -0.166948 0.148900 0.689392
1766747539.748162 -1.562753 0.617802 0.308127 0.700862 0.132421 -0.099458 -0.693805
1766747539.885005 -1.529399 0.690892 0.306844 -0.704139 -0.064387 0.048509 0.705471
1766747540.025888 -1.501049 0.753199 0.304257 0.707893 0.024336 -0.022759 -0.705533
1766747540.168784 -1.489322 0.809963 0.311438 -0.701560 -0.009725 0.027097 0.712028
1766747540.312161 -1.490277 0.888247 0.313485 -0.702455 -0.015309 0.011236 0.711475
1766747540.448575 -1.501110 0.972907 0.320583 -0.696705 -0.022483 0.007320 0.716968
1766747540.591990 -1.517103 1.069994 0.309420 -0.706169 -0.029241 0.002893 0.707434
1766747540.728207 -1.521622 1.141748 0.302316 0.719795 0.018125 0.032224 -0.693201
1766747540.870405 -1.521135 1.180875 0.307706 0.713245 -0.023600 0.063551 -0.697629
1766747541.013608 -1.484016 1.196283 0.316748 -0.697447 0.091235 -0.125009 0.699727
1766747541.159747 -1.455452 1.219774 0.305230 0.707185 -0.123494 0.140681 -0.681797
1766747541.297354 -1.436558 1.274653 0.305108 0.704713 -0.119164 0.141178 -0.685017
1766747541.441508 -1.404280 1.355058 0.313275 -0.692659 0.131204 -0.130938 0.697039
1766747541.570616 -1.373271 1.428779 0.309050 0.696440 -0.126080 0.136569 -0.693127
1766747541.725910 -1.325058 1.565693 0.321224 -0.686740 0.114810 -0.147397 0.702482
1766747541.863889 -1.279927 1.697408 0.310393 0.697910 -0.127866 0.124537 -0.693586
1766747542.001830 -1.222878 1.826509 0.306930 0.699386 -0.126026 0.130683 -0.691302
1766747542.137732 -1.168238 1.971815 0.317704 -0.692745 0.118287 -0.135665 0.698360
1766747542.277317 -1.116360 2.117222 0.314054 0.698107 -0.123750 0.125084 -0.694037
1766747542.418608 -1.065948 2.249175 0.300711 0.707450 -0.117562 0.136656 -0.683387
1766747542.559402 -1.010816 2.402386 0.301585 0.697216 -0.113735 0.134481 -0.694888
1766747542.703864 -0.966083 2.512858 0.302423 -0.692976 0.116155 -0.127979 0.699938
1766747542.840818 -0.898911 2.682024 0.305585 0.702448 -0.113618 0.129095 -0.690647
1766747542.979104 -0.855841 2.800466 0.306157 0.702220 -0.111844 0.119389 -0.692910
1766747543.116441 -0.815980 2.900988 0.300320 0.700875 -0.109004 0.124038 -0.693907
1766747543.256008 -0.778119 2.951664 0.283713 0.715018 -0.122837 0.107790 -0.679737
1766747543.395426 -0.762775 2.994970 0.289467 0.715348 -0.115130 0.108987 -0.680547
1766747543.542052 -0.757904 3.019339 0.300084 0.709339 -0.115331 0.104186 -0.687518
1766747543.677425 -0.756900 3.026937 0.308382 -0.693105 0.114774 -0.110812 0.702961
1766747543.824674 -0.758235 3.034969 0.304556 -0.688290 0.116989 -0.108842 0.707619
1766747543.962823 -0.781025 3.037744 0.305225 -0.701114 0.094948 -0.083822 0.701711
1766747544.104806 -0.843511 3.041144 0.310461 0.708039 -0.034720 0.008549 -0.705267
1766747544.244508 -0.899605 3.047471 0.307168 0.713900 0.011471 -0.030089 -0.699507
1766747544.380627 -0.907512 3.055067 0.295749 0.721424 0.021602 -0.028241 -0.691580
1766747544.523438 -0.925167 3.067797 0.294424 0.722195 0.053567 -0.045479 -0.688111
1766747544.664270 -0.974721 3.094206 0.297478 0.711544 0.116415 -0.101587 -0.685444
1766747544.809242 -1.005117 3.117486 0.295556 0.708716 0.144018 -0.134848 -0.677346
1766747544.949133 -1.026109 3.168376 0.297938 0.702555 0.148781 -0.129609 -0.683726
1766747545.083207 -1.053765 3.236640 0.304833 0.697955 0.158364 -0.121710 -0.687726
1766747545.232744 -1.114278 3.310309 0.285237 0.700075 0.199177 -0.153219 -0.668392
1766747545.361549 -1.155409 3.372598 0.298757 0.689026 0.206537 -0.172308 -0.672976
1766747545.507147 -1.202797 3.455587 0.305392 0.681577 0.209645 -0.165807 -0.681183
1766747545.649962 -1.268223 3.554071 0.316255 -0.674003 -0.205180 0.172895 0.688279
1766747545.790519 -1.343672 3.666116 0.312394 0.681248 0.194440 -0.193586 -0.678689
1766747545.932628 -1.414374 3.795219 0.312410 -0.676954 -0.197097 0.186912 0.684068
1766747546.073705 -1.476890 3.884565 0.280868 0.692998 0.216710 -0.198724 -0.658254
1766747546.211664 -1.571967 3.922815 0.299618 0.657834 0.291157 -0.258885 -0.644562
1766747546.348356 -1.678864 3.927065 0.302083 0.624475 0.351106 -0.314184 -0.622932
1766747546.487633 -1.737737 3.964084 0.309086 -0.617334 -0.356553 0.307074 0.630456
1766747546.631451 -1.835706 4.013462 0.319148 -0.607116 -0.351210 0.327322 0.633185
1766747546.767601 -1.927686 4.071216 0.316296 0.618757 0.343282 -0.342735 -0.617924
1766747546.918889 -2.035535 4.152193 0.302231 0.628561 0.349273 -0.329361 -0.611916
1766747547.056923 -2.161720 4.228646 0.310071 0.620623 0.349932 -0.333001 -0.617645
1766747547.194488 -2.270364 4.301736 0.296936 0.624664 0.344347 -0.326910 -0.619960
1766747547.332746 -2.313469 4.410216 0.300448 0.657263 0.270812 -0.258159 -0.654233
1766747547.473494 -2.339959 4.495868 0.292232 0.676857 0.235151 -0.206541 -0.666265
1766747547.613955 -2.348820 4.576040 0.302770 0.697656 0.183435 -0.176395 -0.669711
1766747547.757850 -2.396248 4.657052 0.307982 0.689964 0.187868 -0.172887 -0.677322
1766747547.895242 -2.438741 4.723525 0.312601 -0.680566 -0.195756 0.170473 0.685163
1766747548.033437 -2.496985 4.828688 0.303731 0.687622 0.189926 -0.168275 -0.680285
1766747548.179431 -2.509145 4.933997 0.290838 0.706044 0.146432 -0.101293 -0.685419
1766747548.318365 -2.516593 5.000860 0.299190 0.714930 0.106026 -0.086265 -0.685705
1766747548.460140 -2.520791 5.087460 0.297091 0.710523 0.086201 -0.081179 -0.693640
1766747548.600614 -2.513062 5.164653 0.309213 0.708696 0.058341 -0.057361 -0.700754
1766747548.736519 -2.525259 5.249546 0.305664 0.709771 0.065398 -0.052446 -0.699427
1766747548.880550 -2.552291 5.359682 0.317532 -0.701982 -0.073161 0.051528 0.706550
1766747549.022123 -2.581875 5.487319 0.307300 0.707030 0.077987 -0.058525 -0.700429
1766747549.160868 -2.604582 5.616115 0.319941 -0.698799 -0.075118 0.062235 0.708635
1766747549.301814 -2.608667 5.749037 0.303388 0.714157 0.062385 -0.054480 -0.695068
1766747549.443266 -2.577578 5.849199 0.305994 0.709845 0.018258 0.002331 -0.704117
1766747549.581853 -2.509578 5.924609 0.313421 0.713613 -0.072057 0.069082 -0.693391
1766747549.725013 -2.489549 5.993966 0.313346 0.712403 -0.080579 0.080367 -0.692481
1766747549.862828 -2.454981 6.080750 0.313063 -0.699794 0.092951 -0.093975 0.702009
1766747550.004604 -2.425943 6.157074 0.324276 -0.691518 0.104134 -0.083704 0.709896
1766747550.149004 -2.389336 6.260284 0.310367 0.705544 -0.095212 0.102418 -0.694732
1766747550.289877 -2.364243 6.373657 0.320073 -0.697489 0.086891 -0.109766 0.702787
1766747550.426015 -2.338760 6.508846 0.303541 0.707773 -0.090236 0.091517 -0.694650
1766747550.574888 -2.366941 6.636458 0.304496 0.715354 -0.013558 0.045739 -0.697132
1766747550.710407 -2.374220 6.729824 0.322280 0.707094 0.015653 0.039628 -0.705835
1766747550.842404 -2.373309 6.826878 0.307219 0.716967 0.004541 0.025371 -0.696631
1766747550.986770 -2.360466 6.933371 0.321704 -0.704628 0.005476 -0.029417 0.708945
1766747551.129315 -2.286076 7.021857 0.314400 0.703696 -0.084564 0.096100 -0.698875
1766747551.267103 -2.207340 7.054885 0.303175 0.693316 -0.168287 0.159006 -0.682429
1766747551.405674 -2.157269 7.106722 0.310277 0.685850 -0.199147 0.178640 -0.676785
1766747551.547075 -2.112514 7.161097 0.303178 0.691670 -0.205187 0.190271 -0.665799
1766747551.687219 -2.083719 7.214534 0.314426 0.679406 -0.199152 0.203641 -0.676222
1766747551.830285 -2.033247 7.259823 0.305772 0.673109 -0.211293 0.227831 -0.671098
1766747551.975482 -1.988363 7.281527 0.314289 -0.661262 0.236234 -0.243417 0.669084
1766747552.107528 -1.933612 7.319884 0.312197 -0.660110 0.249406 -0.257463 0.660124
1766747552.260819 -1.869928 7.333753 0.309852 0.652681 -0.285853 0.305065 -0.631847
1766747552.397089 -1.806330 7.351972 0.303405 0.636672 -0.314579 0.330003 -0.621922
1766747552.534516 -1.753119 7.390627 0.298578 0.637259 -0.314037 0.322916 -0.625305
1766747552.678815 -1.697951 7.421358 0.302612 0.630532 -0.322975 0.326836 -0.625536
1766747552.816875 -1.623806 7.432156 0.309858 0.614296 -0.345337 0.368206 -0.606471
1766747552.951524 -1.556247 7.415018 0.306309 0.595072 -0.391946 0.409820 -0.569487
1766747553.092405 -1.488174 7.418249 0.291618 0.591601 -0.415431 0.414310 -0.552968
1766747553.237282 -1.426444 7.436211 0.295888 0.580051 -0.423042 0.411749 -0.561283
1766747553.376175 -1.358441 7.448157 0.298776 0.575649 -0.428779 0.426009 -0.550721
1766747553.513857 -1.288678 7.473425 0.309200 0.577136 -0.415156 0.438433 -0.549851
1766747553.661240 -1.195269 7.509144 0.315394 0.569860 -0.408787 0.437960 -0.562445
1766747553.801239 -1.095957 7.542688 0.315564 -0.568186 0.417255 -0.423082 0.569267
1766747553.932890 -0.963804 7.573366 0.315679 -0.567171 0.419480 -0.424867 0.567310
1766747554.085078 -0.825702 7.613508 0.311666 0.574974 -0.420114 0.422986 -0.560351
1766747554.217164 -0.716674 7.649438 0.309666 0.571375 -0.426348 0.409223 -0.569469
1766747554.357670 -0.624212 7.711916 0.311809 0.595294 -0.382581 0.391288 -0.588345
1766747554.502766 -0.587465 7.795103 0.306635 0.660517 -0.294227 0.313066 -0.615741
1766747554.643754 -0.603991 7.854508 0.331213 0.681193 -0.194079 0.222733 -0.669850
1766747554.778909 -0.646432 7.910964 0.318943 -0.691689 0.123478 -0.130176 0.699552
1766747554.922788 -0.630826 7.960863 0.306845 0.709321 -0.125121 0.125993 -0.682154
1766747555.059574 -0.612366 8.029262 0.305133 0.707162 -0.116048 0.125532 -0.686073
1766747555.206187 -0.579725 8.122784 0.302765 0.703503 -0.116430 0.115383 -0.691530
1766747555.352377 -0.500509 8.208454 0.299671 0.697057 -0.151102 0.145954 -0.685549
1766747555.496520 -0.462183 8.293957 0.300900 0.702438 -0.158031 0.146028 -0.678441
1766747555.630364 -0.409652 8.398596 0.308262 0.693019 -0.168942 0.133451 -0.688022
1766747555.762054 -0.356808 8.497912 0.316671 -0.682994 0.162052 -0.141212 0.698081
1766747555.910778 -0.291108 8.630165 0.311801 0.696344 -0.150554 0.156179 -0.684139
1766747556.040659 -0.251391 8.725284 0.298198 0.704716 -0.150855 0.166529 -0.672968
1766747556.187119 -0.193984 8.783610 0.291909 0.693027 -0.201425 0.216874 -0.657349
1766747556.321778 -0.141239 8.849172 0.297775 0.689682 -0.216925 0.217310 -0.655788
1766747556.464991 -0.081819 8.928322 0.304383 0.678882 -0.220041 0.210447 -0.668142
1766747556.606218 -0.006192 9.023699 0.312412 -0.671719 0.212993 -0.221428 0.674090
1766747556.747425 0.074120 9.123028 0.310712 0.678648 -0.216224 0.224624 -0.665002
1766747556.890266 0.154756 9.248902 0.304349 0.680844 -0.218162 0.213093 -0.665919
1766747557.029609 0.234151 9.354738 0.310387 0.675774 -0.213803 0.219536 -0.670389
1766747557.164692 0.310468 9.458284 0.309091 0.679840 -0.210546 0.222824 -0.666211
1766747557.305803 0.372410 9.546735 0.305268 0.682952 -0.213017 0.210244 -0.666332
1766747557.448471 0.450126 9.650735 0.300031 0.682331 -0.212085 0.213266 -0.666305
1766747557.592065 0.541341 9.789037 0.302645 0.679390 -0.203816 0.220392 -0.669564
1766747557.727745 0.625172 9.921973 0.311644 0.675575 -0.207018 0.211212 -0.675375
1766747557.870327 0.648457 9.962472 0.304185 0.683583 -0.207578 0.214041 -0.666192
1766747558.013423 0.732201 10.093364 0.303338 0.683265 -0.206584 0.205150 -0.669615
1766747558.155617 0.819668 10.218676 0.304151 -0.675097 0.202989 -0.207790 0.678132
1766747558.291605 0.903349 10.349389 0.289803 0.689541 -0.198334 0.210788 -0.663901
1766747558.427838 0.966341 10.459681 0.308926 0.679286 -0.197387 0.197164 -0.678775
1766747558.575502 1.031222 10.551034 0.301942 0.688754 -0.201579 0.194635 -0.668656
1766747558.715505 1.103533 10.668016 0.304597 0.685124 -0.191536 0.198050 -0.674311
1766747558.853614 1.157521 10.770694 0.291131 0.683872 -0.189010 0.194036 -0.677455
1766747558.992948 1.214236 10.863572 0.306068 -0.680348 0.183893 -0.198899 0.680992
1766747559.131118 1.274762 10.971549 0.307793 0.684186 -0.184872 0.188275 -0.679900
1766747559.273235 1.326396 11.063915 0.301551 0.692153 -0.178467 0.186092 -0.674124
1766747559.415405 1.344505 11.170097 0.290220 0.714590 -0.108738 0.155415 -0.673337
1766747559.560988 1.365721 11.281362 0.295533 0.710146 -0.084368 0.148905 -0.682936
1766747559.706202 1.404583 11.392469 0.316474 0.701726 -0.091085 0.144062 -0.691759
1766747559.835532 1.446137 11.489886 0.308012 0.705198 -0.119429 0.141497 -0.684406
1766747559.976590 1.521410 11.568263 0.297013 0.689290 -0.196669 0.177199 -0.674389
1766747560.122672 1.580226 11.666230 0.301944 0.687449 -0.204621 0.184282 -0.672000
1766747560.258720 1.633260 11.742575 0.317843 -0.672345 0.208097 -0.175702 0.688314
1766747560.396196 1.705163 11.839349 0.303087 0.686471 -0.198096 0.198455 -0.670918
1766747560.544014 1.745687 11.966224 0.288692 0.706268 -0.155733 0.160703 -0.671646
1766747560.684556 1.754599 12.073295 0.294194 0.723726 -0.087921 0.164370 -0.664434
1766747560.823953 1.792379 12.163928 0.294377 0.716963 -0.106319 0.140715 -0.674433
1766747560.967415 1.836076 12.277310 0.306261 0.707663 -0.119067 0.129350 -0.684328
1766747561.106345 1.882036 12.387956 0.318521 -0.689112 0.123316 -0.124219 0.703198
1766747561.240110 1.933161 12.518846 0.304061 0.702293 -0.113772 0.136994 -0.689255
1766747561.382215 1.981793 12.666792 0.309727 0.697432 -0.111084 0.133903 -0.695212
1766747561.519775 2.027630 12.780453 0.315921 -0.692278 0.115690 -0.122595 0.701667
1766747561.666910 2.060903 12.863961 0.310883 0.700058 -0.114175 0.127914 -0.693196
1766747561.807132 2.107038 13.024344 0.309497 0.701816 -0.113644 0.116085 -0.693588
1766747561.945448 2.137139 13.152847 0.303093 -0.696878 0.097016 -0.105832 0.702673
1766747562.086906 2.167028 13.261747 0.318300 0.702314 -0.086662 0.096123 -0.700004
1766747562.228762 2.204064 13.367127 0.317949 -0.699112 0.087599 -0.092029 0.703633
1766747562.366989 2.240285 13.487143 0.321518 -0.698949 0.085494 -0.091187 0.704163
1766747562.514908 2.280204 13.619779 0.315225 0.703449 -0.086713 0.093333 -0.699235
1766747562.651188 2.313678 13.763762 0.310312 0.702986 -0.089795 0.082852 -0.700630
1766747562.789583 2.352449 13.902197 0.309064 0.702035 -0.083204 0.092676 -0.701167
1766747562.931985 2.386770 14.028187 0.311739 0.702601 -0.083651 0.093886 -0.700386
1766747563.068675 2.415534 14.149454 0.311522 0.705977 -0.081207 0.085338 -0.698369
1766747563.213491 2.436824 14.220938 0.299970 0.712987 -0.077171 0.094490 -0.690483
1766747563.351628 2.464817 14.345541 0.299931 0.707420 -0.072811 0.091327 -0.697075
1766747563.488036 2.481072 14.486242 0.305291 -0.702118 0.062515 -0.071560 0.705692
1766747563.627203 2.485970 14.598282 0.324574 -0.701758 0.040999 -0.044523 0.709839
1766747563.784326 2.509673 14.721006 0.318174 -0.705110 0.039225 -0.042743 0.706721
1766747563.912715 2.525455 14.820233 0.324420 -0.700683 0.040076 -0.037257 0.711372
1766747564.057500 2.544299 14.942281 0.307781 0.714633 -0.033269 0.048647 -0.697012
1766747564.196998 2.554211 15.092191 0.307032 0.709671 -0.030005 0.043870 -0.702525
1766747564.330916 2.572300 15.229665 0.319583 -0.701996 0.033468 -0.042313 0.710134
1766747564.473713 2.597778 15.382347 0.309927 0.713670 -0.031360 0.050631 -0.697945
1766747564.618030 2.651741 15.506198 0.315278 -0.699704 0.068404 -0.106519 0.703129
1766747564.762044 2.684273 15.622821 0.323413 0.701152 -0.086479 0.113140 -0.698646
1766747564.900752 2.702883 15.721569 0.321186 0.701920 -0.085005 0.109079 -0.698702
1766747565.038486 2.731112 15.844183 0.319983 -0.696145 0.084778 -0.103896 0.705267
1766747565.178061 2.760131 15.969032 0.317233 0.701783 -0.086703 0.091759 -0.701116
1766747565.314485 2.792831 16.076107 0.306191 0.707140 -0.083727 0.098055 -0.695218
1766747565.458726 2.828904 16.205169 0.304772 -0.701466 0.083177 -0.094495 0.701497
1766747565.596919 2.861611 16.319724 0.325122 -0.694006 0.086331 -0.084300 0.709786
1766747565.745090 2.912150 16.479458 0.305900 0.712604 -0.083545 0.094031 -0.690199
1766747565.884580 2.941152 16.595363 0.305834 0.704591 -0.080004 0.092023 -0.699059
1766747566.023233 2.984313 16.751008 0.306885 0.703108 -0.078890 0.091333 -0.700766
1766747566.161467 3.014718 16.832634 0.302149 0.706889 -0.080878 0.093240 -0.696472
1766747566.302537 3.049455 16.947753 0.311028 0.702366 -0.069748 0.095596 -0.701911
1766747566.444470 3.073696 17.047886 0.306926 0.707948 -0.076815 0.094627 -0.695668
1766747566.583260 3.114444 17.108400 0.315644 0.700299 -0.107770 0.129540 -0.693676
1766747566.727715 3.187252 17.146296 0.308083 0.692746 -0.171384 0.178645 -0.677359
1766747566.866887 3.261399 17.149237 0.303316 0.671875 -0.235167 0.250098 -0.656301
1766747567.008759 3.324131 17.105377 0.313697 0.627381 -0.331572 0.324303 -0.625524
1766747567.145188 3.362170 17.040568 0.312856 0.582852 -0.407279 0.409383 -0.571676
1766747567.297320 3.377949 16.961520 0.309163 0.524804 -0.477445 0.496590 -0.500026
1766747567.423743 3.373494 16.878542 0.317654 0.448589 -0.546322 0.567457 -0.422249
1766747567.565324 3.344130 16.801904 0.313253 0.363807 -0.607353 0.620989 -0.336362
1766747567.706274 3.294955 16.733601 0.310179 -0.256352 0.659842 -0.657611 0.257759
1766747567.849087 3.231597 16.685062 0.315028 0.153025 -0.688799 0.690978 -0.157126
1766747567.992660 3.144001 16.655991 0.316333 0.049268 -0.703837 0.707535 -0.039754
1766747568.130739 3.060430 16.654021 0.306334 0.050703 0.708175 -0.700747 -0.069787
1766747568.271402 2.996490 16.662846 0.307998 0.135056 0.701932 -0.683931 -0.145914
1766747568.410000 2.976690 16.648724 0.307370 0.156481 0.696762 -0.678550 -0.172065
1766747568.550493 2.962051 16.620699 0.311186 0.156505 0.693009 -0.683445 -0.167774
1766747568.691348 2.934762 16.573003 0.310376 -0.161808 -0.684620 0.691489 0.164188
1766747568.830194 2.910335 16.520109 0.312696 -0.163502 -0.683469 0.694416 0.154672
1766747568.976352 2.872072 16.446264 0.312555 -0.156095 -0.685846 0.691436 0.164819
1766747569.115321 2.831824 16.363777 0.315291 0.153738 0.689979 -0.686940 -0.168543
1766747569.256085 2.780282 16.242021 0.309906 0.159694 0.690284 -0.688703 -0.153927
1766747569.398160 2.769068 16.143049 0.317170 -0.122429 -0.695370 0.696288 0.129051
1766747569.532793 2.791777 16.060730 0.318102 0.048935 0.709824 -0.696374 -0.093905
1766747569.676672 2.778081 15.960223 0.321719 -0.048783 -0.701985 0.704973 0.088609
1766747569.811424 2.760400 15.870705 0.319975 0.066814 0.708095 -0.698939 -0.074972
1766747569.954926 2.691445 15.781274 0.305589 0.121814 0.707739 -0.687810 -0.105754
1766747570.097201 2.660196 15.682296 0.307004 0.122675 0.705644 -0.689858 -0.105416
1766747570.237462 2.629141 15.583964 0.311826 0.125807 0.701070 -0.694394 -0.102420
1766747570.382379 2.590359 15.463212 0.302176 0.114228 0.708177 -0.687718 -0.111722
1766747570.523381 2.549488 15.317327 0.313180 0.103651 0.698695 -0.698306 -0.115980
1766747570.656969 2.507659 15.184925 0.314851 0.110782 0.699620 -0.698076 -0.104642
1766747570.800440 2.470502 15.080245 0.302293 0.106956 0.711529 -0.685103 -0.113672
1766747570.946794 2.436788 14.962184 0.301327 0.100595 0.705110 -0.692761 -0.113059
1766747571.083288 2.384489 14.799040 0.312724 0.099680 0.699995 -0.698657 -0.109318
1766747571.221059 2.350738 14.685435 0.318223 -0.095329 -0.698112 0.700189 0.115274
1766747571.363007 2.307914 14.516972 0.305318 0.105472 0.707156 -0.692489 -0.096254
1766747571.504730 2.276808 14.406456 0.303246 0.107137 0.703450 -0.696485 -0.092675
1766747571.647179 2.235043 14.252958 0.312700 0.090713 0.700666 -0.699253 -0.109007
1766747571.781179 2.194621 14.132013 0.305742 0.094005 0.704021 -0.696977 -0.098689
1766747571.924749 2.165340 14.012293 0.304151 0.092667 0.704121 -0.696582 -0.101975
1766747572.064601 2.134741 13.902913 0.305631 0.092879 0.705698 -0.696691 -0.089359
1766747572.212475 2.094769 13.775797 0.300361 0.095251 0.710042 -0.691424 -0.093275
1766747572.348614 2.042112 13.675686 0.286549 0.110674 0.711637 -0.683829 -0.117057
1766747572.492118 2.003776 13.569019 0.303378 0.119199 0.707076 -0.688925 -0.105918
1766747572.628872 1.971641 13.460207 0.306248 0.110411 0.705240 -0.691015 -0.113776
1766747572.769499 1.938481 13.335420 0.320811 -0.100494 -0.689662 0.707481 0.117208
1766747572.909733 1.897920 13.195501 0.315789 -0.106161 -0.698146 0.700517 0.102946
1766747573.055024 1.842673 13.075762 0.300447 0.118521 0.710206 -0.684837 -0.112065
1766747573.190713 1.783815 12.977781 0.287081 0.137642 0.708750 -0.678384 -0.136100
1766747573.332459 1.747546 12.892173 0.299936 0.140010 0.703900 -0.684196 -0.129605
1766747573.472423 1.709723 12.796423 0.299822 0.132025 0.704541 -0.683269 -0.139048
1766747573.616491 1.670307 12.668189 0.319591 -0.117724 -0.687287 0.702028 0.144689
1766747573.749490 1.628111 12.546297 0.309718 0.127704 0.699445 -0.692230 -0.123632
1766747573.891378 1.585980 12.446757 0.301767 0.125881 0.705279 -0.685455 -0.129953
1766747574.034845 1.531668 12.296880 0.313737 -0.122849 -0.695142 0.696062 0.131086
1766747574.178805 1.477858 12.139793 0.311829 0.122845 0.698004 -0.693868 -0.127462
1766747574.316777 1.423965 12.003802 0.306595 0.123507 0.703212 -0.687364 -0.133307
1766747574.460616 1.370809 11.849424 0.305108 0.122337 0.702901 -0.689805 -0.123012
1766747574.599190 1.315887 11.709382 0.300502 0.110884 0.702504 -0.693197 -0.116927
1766747574.736654 1.335000 11.641013 0.290793 0.030012 0.724470 -0.686215 -0.057898
1766747574.878083 1.402574 11.577742 0.294685 -0.088575 0.711564 -0.695909 0.039281
1766747575.019940 1.508024 11.579233 0.297784 -0.195403 0.688995 -0.675696 0.174753
1766747575.157376 1.573388 11.626784 0.303011 0.310896 -0.646645 0.649217 -0.252410
1766747575.298899 1.627143 11.642636 0.304254 -0.328352 0.636566 -0.628744 0.302736
1766747575.437199 1.654872 11.640765 0.296272 -0.328301 0.639955 -0.622133 0.309235
1766747575.580529 1.660452 11.644440 0.298239 -0.331926 0.636679 -0.621097 0.314172
1766747575.718824 1.667020 11.640860 0.300976 -0.332889 0.633020 -0.625767 0.311266
1766747575.855847 1.676590 11.632802 0.300023 -0.331985 0.633213 -0.627854 0.307614
1766747575.999277 1.689318 11.624809 0.298916 -0.332122 0.631379 -0.629971 0.306907
1766747576.145472 1.706846 11.611246 0.294577 -0.327778 0.635680 -0.624260 0.314282
1766747576.279483 1.746557 11.587131 0.299715 0.323834 -0.626904 0.631297 -0.321848
1766747576.422258 1.783022 11.562413 0.304027 0.320256 -0.625259 0.632688 -0.325874
1766747576.561866 1.836551 11.525491 0.306198 0.329675 -0.620208 0.638764 -0.314067
1766747576.700763 1.892999 11.492082 0.308068 0.335177 -0.624298 0.632770 -0.312267
1766747576.841829 1.921015 11.437784 0.296077 -0.320011 0.647349 -0.634076 0.276550
1766747576.981461 1.918051 11.402588 0.298343 -0.276973 0.664398 -0.647720 0.249640
1766747577.126488 1.927046 11.404087 0.306001 -0.280254 0.659154 -0.649154 0.256070
1766747577.263269 1.940606 11.401500 0.306376 -0.281337 0.655146 -0.651273 0.259761
1766747577.409568 1.963032 11.386836 0.304600 0.282547 -0.651058 0.651432 -0.268194
1766747577.547739 1.978286 11.365253 0.310730 0.272043 -0.647725 0.655953 -0.275991
1766747577.692071 2.012432 11.325686 0.313700 0.273469 -0.640936 0.665743 -0.266838
1766747577.824216 2.064018 11.295057 0.315660 0.290272 -0.641591 0.655009 -0.273982
1766747577.964139 2.152797 11.290385 0.310928 0.348514 -0.618741 0.627167 -0.319935
1766747578.105669 2.210779 11.295197 0.302614 -0.388819 0.604887 -0.600772 0.349291
1766747578.247904 2.240414 11.296054 0.293321 -0.401059 0.606130 -0.588633 0.353934
1766747578.389325 2.256815 11.325411 0.299133 -0.426669 0.581266 -0.561046 0.406584
1766747578.531638 2.266471 11.320301 0.297212 -0.431514 0.575759 -0.564029 0.405178
1766747578.668353 2.292193 11.311842 0.295721 -0.430442 0.576740 -0.561550 0.408353
1766747578.813573 2.333203 11.299876 0.296685 -0.427567 0.570216 -0.564309 0.416649
1766747578.946821 2.381384 11.285266 0.301996 -0.419577 0.571094 -0.561639 0.427046
1766747579.089195 2.438311 11.281785 0.303564 0.436223 -0.555547 0.561151 -0.431494
1766747579.234230 2.506440 11.307649 0.307736 0.475210 -0.528021 0.539130 -0.452446
1766747579.371989 2.574874 11.310932 0.310852 0.476597 -0.519521 0.538898 -0.461022
1766747579.512403 2.639744 11.305705 0.314173 0.473429 -0.522524 0.529323 -0.471859
1766747579.655409 2.713196 11.291349 0.315226 0.466145 -0.519538 0.534670 -0.476357
1766747579.790417 2.785616 11.285403 0.313285 0.474711 -0.523722 0.531889 -0.466325
1766747579.930719 2.867356 11.289538 0.311085 0.482322 -0.516778 0.523142 -0.476055
1766747580.072531 2.934331 11.293743 0.306440 0.497124 -0.507569 0.509931 -0.484987
1766747580.216703 3.007664 11.292777 0.302947 0.502022 -0.505925 0.511490 -0.479991
1766747580.358298 3.076767 11.298945 0.308658 0.507192 -0.499268 0.509297 -0.483843
1766747580.492799 3.144749 11.328590 0.304091 0.535777 -0.480059 0.477660 -0.504309
1766747580.636044 3.203661 11.387602 0.301543 0.576196 -0.432531 0.431024 -0.543262
1766747580.780976 3.234619 11.471738 0.299533 0.620775 -0.362571 0.375493 -0.584967
1766747580.918184 3.252977 11.545922 0.307900 0.646868 -0.301375 0.327263 -0.619382
1766747581.057806 3.293941 11.597318 0.309824 0.645680 -0.291138 0.318271 -0.630111
1766747581.204118 3.337628 11.637041 0.312372 0.644581 -0.295140 0.302971 -0.636880
1766747581.339458 3.374512 11.694857 0.311665 -0.644269 0.279067 -0.266506 0.660313
1766747581.479746 3.406336 11.751518 0.297445 0.664302 -0.269176 0.258658 -0.647568
1766747581.625063 3.432927 11.800200 0.306396 0.662502 -0.252299 0.262709 -0.654538
1766747581.763767 3.455521 11.874602 0.298690 0.677723 -0.223732 0.223036 -0.663996
1766747581.915614 3.444587 11.949831 0.296779 0.696446 -0.166399 0.165925 -0.678044
1766747582.047971 3.456331 12.010235 0.294042 0.699477 -0.150514 0.147028 -0.682980
1766747582.187660 3.464703 12.067904 0.303621 0.701421 -0.127510 0.149210 -0.685191
1766747582.321425 3.487214 12.123302 0.311120 0.692156 -0.131359 0.160630 -0.691276
1766747582.461522 3.554567 12.154298 0.304459 0.686718 -0.184273 0.208120 -0.671676
1766747582.606792 3.627452 12.140150 0.314411 0.659874 -0.265165 0.278166 -0.645661
1766747582.750956 3.677403 12.097765 0.318148 0.624240 -0.331690 0.369841 -0.602930
1766747582.886233 3.714105 12.005133 0.314977 0.565294 -0.424165 0.454717 -0.541996
1766747583.033725 3.714097 11.906765 0.301539 -0.493902 0.519961 -0.515991 0.468459
1766747583.169590 3.696495 11.818101 0.293371 -0.411558 0.591735 -0.570779 0.393295
1766747583.313169 3.659689 11.737882 0.309383 -0.314705 0.640604 -0.631823 0.302303
1766747583.446014 3.594659 11.683049 0.308234 -0.216510 0.680470 -0.668773 0.206946
1766747583.582993 3.517717 11.644612 0.297781 -0.117126 0.709797 -0.687519 0.098931
1766747583.732988 3.433173 11.628148 0.315134 -0.008933 0.710425 -0.703669 -0.008138
1766747583.867482 3.351829 11.632844 0.316471 0.085417 0.703025 -0.697231 -0.111037
1766747584.012176 3.274308 11.649206 0.302184 0.176284 0.697704 -0.666532 -0.194598
1766747584.155434 3.242826 11.630989 0.294337 0.193156 0.695821 -0.657989 -0.213482
1766747584.291613 3.224492 11.600953 0.287647 0.198284 0.695290 -0.659298 -0.206352
1766747584.428473 3.205119 11.563602 0.286131 0.202089 0.696418 -0.657653 -0.204095
1766747584.573403 3.161903 11.519340 0.298914 0.209664 0.681214 -0.662237 -0.231152
1766747584.714043 3.096499 11.498990 0.306859 0.250800 0.662146 -0.652709 -0.269505
1766747584.855062 3.007979 11.497227 0.312984 -0.314465 -0.626881 0.635647 0.322622
1766747584.990298 2.943851 11.498653 0.316493 -0.356027 -0.605019 0.624179 0.342925
1766747585.132802 2.886887 11.468899 0.312140 -0.355477 -0.613738 0.617675 0.339764
1766747585.276980 2.820130 11.436345 0.314204 -0.358056 -0.607146 0.614593 0.354182
1766747585.414335 2.760739 11.413152 0.312874 -0.358480 -0.604685 0.613485 0.359840
1766747585.550608 2.689669 11.410888 0.310563 0.385269 0.593649 -0.586233 -0.394309
1766747585.696004 2.612583 11.436512 0.313942 0.424926 0.564657 -0.542195 -0.454560
1766747585.839230 2.538521 11.491299 0.306557 0.487213 0.522262 -0.500219 -0.489536
1766747585.979362 2.471897 11.488053 0.297441 0.489826 0.521015 -0.501413 -0.487031
1766747586.118469 2.405937 11.484752 0.303002 0.493295 0.516697 -0.505564 -0.483828
1766747586.263130 2.325427 11.480144 0.308049 0.483371 0.518620 -0.501711 -0.495654
1766747586.404945 2.237230 11.467835 0.314803 0.474423 0.519203 -0.507697 -0.497589
1766747586.542951 2.127838 11.452830 0.310561 0.474798 0.526442 -0.515982 -0.480821
1766747586.678768 2.048544 11.383058 0.316970 0.412715 0.575301 -0.556586 -0.434634
1766747586.818303 2.001647 11.299603 0.304923 0.352134 0.626342 -0.577499 -0.387546
1766747586.966352 1.942349 11.254436 0.307065 0.346794 0.624106 -0.588720 -0.378991
1766747587.106365 1.864015 11.217864 0.315914 0.352889 0.614830 -0.598819 -0.372651
1766747587.243016 1.769416 11.176464 0.306629 0.361115 0.617107 -0.593074 -0.370188
1766747587.383232 1.653265 11.111686 0.312573 0.358553 0.610572 -0.601699 -0.369594
1766747587.524099 1.532105 11.046097 0.312481 -0.364494 -0.606683 0.608060 0.359643
1766747587.667671 1.409052 10.991002 0.301469 0.370681 0.613169 -0.598541 -0.358285
1766747587.803341 1.278377 10.918066 0.313509 -0.361103 -0.607054 0.607271 0.363749
1766747587.951994 1.124625 10.829105 0.307754 0.358840 0.609695 -0.608298 -0.359834
1766747588.091824 1.067943 10.795749 0.303386 0.357393 0.618710 -0.598032 -0.363078
1766747588.234214 0.933388 10.749809 0.312314 0.369119 0.598110 -0.590250 -0.397014
1766747588.368436 0.819420 10.763339 0.315375 0.445697 0.554433 -0.544794 -0.444024
1766747588.510091 0.739232 10.752899 0.315620 -0.485439 -0.524723 0.541768 0.442156
1766747588.644672 0.638882 10.734451 0.316076 -0.476217 -0.525430 0.545183 0.447120
1766747588.791733 0.525836 10.719950 0.325559 -0.465153 -0.520153 0.551087 0.457577
1766747588.926519 0.407668 10.710858 0.305834 0.473553 0.535525 -0.529868 -0.456289
1766747589.074470 0.263278 10.699295 0.301186 0.464686 0.537098 -0.521934 -0.472417
1766747589.219081 0.153057 10.718091 0.303860 0.498790 0.517606 -0.476879 -0.505845
1766747589.353783 0.082210 10.716181 0.304787 0.521941 0.486590 -0.481935 -0.508474
1766747589.496129 0.010426 10.712585 0.305970 0.514268 0.487675 -0.484573 -0.512728
1766747589.640053 -0.062157 10.715404 0.313643 0.512740 0.482661 -0.493050 -0.510919
1766747589.776520 -0.156236 10.723325 0.322481 -0.503504 -0.478278 0.497676 0.519666
1766747589.913019 -0.265309 10.737188 0.310667 -0.512087 -0.490654 0.478341 0.517895
1766747590.062488 -0.374114 10.779382 0.303296 -0.533286 -0.467208 0.443011 0.548693
1766747590.195239 -0.451785 10.803346 0.317014 0.550691 0.446541 -0.451493 -0.541752
1766747590.335113 -0.550153 10.823411 0.307719 0.553089 0.457982 -0.441220 -0.538211
1766747590.476914 -0.662113 10.838258 0.323975 -0.533090 -0.453780 0.447585 0.556387
1766747590.612978 -0.792150 10.857559 0.309722 0.543391 0.459136 -0.451942 -0.538208
1766747590.753767 -0.894939 10.882367 0.304379 0.544233 0.464317 -0.442612 -0.540662
1766747590.893972 -1.052204 10.913710 0.307977 -0.539002 -0.460148 0.445407 0.547132
1766747591.037557 -1.201760 10.935215 0.316026 -0.536616 -0.459101 0.454255 0.543067
1766747591.179932 -1.289961 10.951911 0.304975 -0.539335 -0.464599 0.444800 0.543524
1766747591.320201 -1.447013 10.971062 0.307070 -0.532189 -0.465578 0.452854 0.543080
1766747591.456293 -1.599302 10.996803 0.318550 -0.531133 -0.463765 0.456799 0.542361
1766747591.598659 -1.702590 11.016642 0.312228 -0.531877 -0.468301 0.452898 0.541003
1766747591.743610 -1.832192 11.035076 0.313390 -0.530374 -0.468205 0.460104 0.536462
1766747591.884723 -1.919013 11.050215 0.301104 -0.534375 -0.474525 0.450083 0.535439
1766747592.021325 -2.081995 11.074902 0.311679 -0.526389 -0.468384 0.456305 0.543430
1766747592.176770 -2.218472 11.098586 0.306166 -0.531150 -0.468240 0.464276 0.532051
1766747592.304214 -2.325160 11.112017 0.307982 0.534699 0.468325 -0.462949 -0.529573
1766747592.449521 -2.451571 11.131014 0.310443 0.533841 0.465953 -0.473943 -0.522761
1766747592.588653 -2.585794 11.147048 0.300149 -0.526180 -0.480473 0.459168 0.530515
1766747592.735166 -2.708946 11.130312 0.278999 0.487915 0.542483 -0.483285 -0.483825
1766747592.864003 -2.777686 11.053672 0.299173 0.391904 0.597291 -0.535888 -0.449976
1766747593.001718 -2.799146 10.967469 0.309233 0.308630 0.643840 -0.605001 -0.352408
1766747593.144579 -2.841850 10.923608 0.313600 0.294354 0.646989 -0.624086 -0.324465
1766747593.292222 -2.900075 10.885566 0.328380 -0.306818 -0.626085 0.647882 0.306804
1766747593.432228 -2.984250 10.830704 0.309403 0.312018 0.642988 -0.628109 -0.307717
1766747593.566388 -3.080479 10.752660 0.308050 0.302283 0.644068 -0.628516 -0.314274
1766747593.710822 -3.185204 10.675010 0.316113 -0.301546 -0.636760 0.637423 0.311929
1766747593.850672 -3.275377 10.613961 0.303560 0.311156 0.645032 -0.625493 -0.309634
1766747593.986902 -3.385163 10.526086 0.308337 0.306476 0.640224 -0.633996 -0.306976
1766747594.127311 -3.490309 10.460340 0.293417 0.324343 0.632804 -0.625016 -0.322048
1766747594.276258 -3.619507 10.446575 0.294958 0.384839 0.615449 -0.588232 -0.356516
1766747594.416373 -3.714396 10.402622 0.290018 0.390510 0.611972 -0.589111 -0.354880
1766747594.556443 -3.804665 10.384061 0.293136 0.405593 0.599118 -0.570563 -0.388599
1766747594.691752 -3.883462 10.412297 0.300739 0.445961 0.567324 -0.523206 -0.453342
1766747594.833617 -3.970379 10.410313 0.291332 0.463702 0.555903 -0.517326 -0.456428
1766747594.972203 -4.047015 10.419751 0.299064 0.483239 0.534374 -0.506909 -0.473252
1766747595.111517 -4.131364 10.418220 0.305800 0.479767 0.529446 -0.503747 -0.485540
1766747595.249141 -4.219304 10.411123 0.316078 0.471084 0.524979 -0.509271 -0.493072
1766747595.409238 -4.349266 10.394698 0.315468 0.473924 0.523139 -0.517630 -0.483509
1766747595.538470 -4.469681 10.388776 0.315816 0.470501 0.525235 -0.513995 -0.488433
1766747595.679387 -4.591528 10.406245 0.293471 0.501531 0.519832 -0.489762 -0.488235
1766747595.818641 -4.684776 10.411648 0.298184 0.497474 0.510580 -0.493257 -0.498523
1766747595.958792 -4.773142 10.404765 0.299432 0.498372 0.513631 -0.490945 -0.496771
1766747596.098806 -4.832811 10.397725 0.309724 0.490971 0.513972 -0.491558 -0.503142
1766747596.236028 -4.900999 10.391768 0.314742 -0.482071 -0.510512 0.494483 0.512320
1766747596.380064 -5.000024 10.386058 0.317960 -0.490804 -0.504162 0.507050 0.497828
1766747596.518883 -5.107877 10.390198 0.325380 -0.484091 -0.497242 0.511278 0.506953
1766747596.661619 -5.234871 10.394277 0.316272 -0.491457 -0.499159 0.503858 0.505409
1766747596.812087 -5.368128 10.386499 0.318976 -0.490341 -0.496895 0.511763 0.500760
1766747596.943152 -5.496624 10.389218 0.322707 -0.480186 -0.496499 0.511903 0.510750
1766747597.085206 -5.587832 10.414925 0.289503 0.521791 0.498896 -0.472982 -0.505099
1766747597.218629 -5.687818 10.434659 0.294533 0.524117 0.485109 -0.477660 -0.511676
1766747597.360001 -5.792265 10.444113 0.310621 0.519915 0.480204 -0.484878 -0.513796
1766747597.504218 -5.893354 10.460672 0.304791 0.523456 0.486277 -0.465072 -0.522720
1766747597.646695 -6.001353 10.481445 0.298541 -0.526090 -0.479976 0.451664 0.537450
1766747597.785228 -6.087429 10.499229 0.316510 0.529971 0.463430 -0.473771 -0.529060
1766747597.923536 -6.190340 10.520923 0.307409 0.532167 0.475579 -0.455619 -0.532010
1766747598.064221 -6.315375 10.532300 0.323168 -0.517514 -0.472183 0.461704 0.544106
1766747598.207513 -6.463769 10.543100 0.309839 0.530714 0.476655 -0.463809 -0.525380
1766747598.344629 -6.593691 10.561937 0.302538 0.530174 0.481212 -0.455558 -0.528978
1766747598.490057 -6.717361 10.608662 0.292893 -0.546063 -0.465242 0.429897 0.548228
1766747598.634754 -6.823561 10.649791 0.312683 0.559302 0.433097 -0.445688 -0.548607
1766747598.769869 -6.917836 10.675339 0.314283 0.557415 0.433995 -0.446502 -0.549156
1766747598.912002 -7.025413 10.700053 0.316998 -0.550589 -0.443709 0.433784 0.558395
1766747599.045138 -7.129025 10.744837 0.310057 -0.558928 -0.434664 0.421920 0.566260
1766747599.198090 -7.227268 10.782953 0.321036 -0.562059 -0.419324 0.438158 0.562382
1766747599.324170 -7.322633 10.818589 0.307864 0.569323 0.431541 -0.415485 -0.563042
1766747599.474549 -7.421766 10.865138 0.299214 0.583623 0.417024 -0.394984 -0.573988
1766747599.612789 -7.505471 10.899740 0.305661 0.582775 0.409900 -0.408878 -0.570240
1766747599.750120 -7.597762 10.940416 0.315611 -0.575823 -0.406447 0.409133 0.579515
1766747599.897121 -7.711744 10.982276 0.316648 -0.571399 -0.414070 0.398739 0.585710
1766747600.031558 -7.829860 11.024715 0.302608 -0.580663 -0.418095 0.386902 0.581665
1766747600.175786 -7.919323 11.094633 0.290965 0.610298 0.381227 -0.338969 -0.606055
1766747600.313807 -7.982667 11.130237 0.299426 0.620531 0.365607 -0.338222 -0.605705
1766747600.461165 -8.077986 11.186050 0.307717 0.614766 0.353009 -0.357970 -0.607704
1766747600.597860 -8.171850 11.251274 0.318702 -0.605327 -0.348148 0.358576 0.619512
1766747600.734276 -8.271144 11.315895 0.305493 0.619716 0.355661 -0.346501 -0.607778
1766747600.873820 -8.392801 11.379352 0.306281 0.614411 0.359675 -0.349933 -0.608834
1766747601.013028 -8.508060 11.451228 0.315148 -0.606421 -0.358672 0.350867 0.616847
1766747601.156281 -8.636342 11.525599 0.310895 -0.607191 -0.366637 0.342869 0.615904
1766747601.299684 -8.739410 11.581784 0.309464 -0.605331 -0.367700 0.350342 0.612888
1766747601.442736 -8.831993 11.634729 0.303629 0.609601 0.371131 -0.345665 -0.609232
1766747601.577895 -8.976812 11.711347 0.310266 -0.601422 -0.368704 0.352738 0.614756
1766747601.719268 -9.105364 11.777363 0.309635 -0.603605 -0.366773 0.359334 0.609933
1766747601.869428 -9.192561 11.827266 0.307316 -0.606507 -0.370487 0.352833 0.608603
1766747601.997708 -9.301910 11.884107 0.306080 -0.604251 -0.372411 0.358507 0.606352
1766747602.137228 -9.425923 11.956129 0.303171 -0.602242 -0.371284 0.361136 0.607481
1766747602.285798 -9.557594 12.022904 0.314202 -0.596409 -0.374329 0.360489 0.611737
1766747602.418395 -9.702466 12.093941 0.309491 0.603689 0.374604 -0.367752 -0.599992
1766747602.566411 -9.794145 12.142214 0.304922 0.603087 0.383848 -0.356893 -0.601311
1766747602.707937 -9.900239 12.193779 0.303902 -0.596552 -0.384722 0.363389 0.603376
1766747602.841383 -10.022917 12.256479 0.309044 -0.597321 -0.378460 0.372404 0.601075
1766747602.987787 -10.180142 12.327020 0.308952 -0.595244 -0.383306 0.367898 0.602837
1766747603.121652 -10.285806 12.378131 0.316483 0.595918 0.380056 -0.383314 -0.594566
1766747603.261658 -10.372971 12.423532 0.298723 0.599760 0.389917 -0.368888 -0.593442
1766747603.404497 -10.529292 12.490592 0.302827 -0.590955 -0.393743 0.371607 0.598036
1766747603.549262 -10.653857 12.551482 0.306603 -0.588089 -0.388729 0.384418 0.596041
1766747603.688658 -10.798578 12.613446 0.300495 -0.588259 -0.395960 0.377304 0.595658
1766747603.827331 -10.914193 12.665639 0.315678 -0.586133 -0.393087 0.386751 0.593594
1766747603.967232 -11.008834 12.708839 0.305496 0.592576 0.393018 -0.385231 -0.588207
1766747604.106579 -11.164607 12.774045 0.301037 0.589514 0.394154 -0.390829 -0.586830
1766747604.250469 -11.284178 12.828440 0.295875 -0.584468 -0.389135 0.397762 0.590556
1766747604.389992 -11.403665 12.874411 0.299975 -0.587828 -0.402000 0.382670 0.588573
1766747604.526503 -11.497616 12.908110 0.299050 -0.582274 -0.417024 0.373580 0.589479
1766747604.665358 -11.602817 12.936633 0.300163 -0.582984 -0.398868 0.394150 0.587946
1766747604.811932 -11.657935 12.957535 0.301100 0.587110 0.413274 -0.382508 -0.581545
1766747604.949197 -11.669804 12.958531 0.309340 -0.577266 -0.413302 0.385762 0.589180
1766747605.092757 -11.687649 12.963146 0.310690 -0.578251 -0.411395 0.390104 0.586684
1766747605.233871 -11.720505 12.973959 0.301524 0.582465 0.416052 -0.389506 -0.579586
1766747605.368593 -11.757009 12.986578 0.294070 0.583207 0.419845 -0.391582 -0.574685
1766747605.510759 -11.823439 12.970262 0.296951 0.556370 0.450414 -0.440096 -0.542121
1766747605.656664 -11.882461 12.936826 0.298792 0.527308 0.483709 -0.474647 -0.512526
1766747605.789294 -11.943452 12.939900 0.300887 -0.517627 -0.487791 0.471331 0.521507
1766747605.939374 -12.010508 12.936675 0.305775 -0.508770 -0.495697 0.470384 0.523619
1766747606.076558 -12.082946 12.914042 0.295594 0.496399 0.518838 -0.490379 -0.493887
1766747606.213419 -12.136430 12.873771 0.296908 0.461328 0.547411 -0.531081 -0.453289
1766747606.358296 -12.184220 12.826277 0.300134 0.425671 0.571103 -0.558259 -0.425431
1766747606.494545 -12.242393 12.811191 0.304246 0.421264 0.568671 -0.557784 -0.433621
1766747606.638129 -12.301958 12.782805 0.303090 0.412084 0.582055 -0.557038 -0.425568
1766747606.773406 -12.365795 12.743197 0.292700 0.395496 0.601615 -0.564235 -0.404080
1766747606.915845 -12.421564 12.726468 0.301826 0.399860 0.591100 -0.574365 -0.401022
1766747607.056609 -12.481164 12.700057 0.307834 0.385689 0.591714 -0.577620 -0.409237
1766747607.215539 -12.529907 12.639852 0.311684 0.349406 0.620449 -0.591789 -0.377815
1766747607.341835 -12.561170 12.562303 0.312312 0.297144 0.645806 -0.619628 -0.332718
1766747607.478282 -12.567449 12.484830 0.307381 0.235737 0.677754 -0.643649 -0.266071
1766747607.621918 -12.557737 12.400226 0.300336 0.177359 0.694407 -0.665559 -0.208263
1766747607.763801 -12.590990 12.343374 0.301180 0.178846 0.694785 -0.665166 -0.206983
1766747607.900846 -12.623119 12.285930 0.300929 0.175623 0.697424 -0.664608 -0.202615
1766747608.042980 -12.658414 12.226798 0.297521 0.183819 0.693609 -0.669600 -0.191710
1766747608.185633 -12.698550 12.167977 0.310238 0.193175 0.683178 -0.680800 -0.180174
1766747608.330184 -12.713155 12.092023 0.302499 0.156536 0.700281 -0.677652 -0.160907
1766747608.459865 -12.690545 12.022567 0.315961 0.091841 0.704331 -0.691594 -0.131075
1766747608.607274 -12.680906 11.943702 0.315543 0.065248 0.706646 -0.699476 -0.084426
1766747608.745923 -12.692837 11.882359 0.320355 -0.065388 -0.700745 0.705897 0.079946
1766747608.884899 -12.687546 11.805859 0.306669 0.044149 0.714100 -0.695335 -0.067982
1766747609.029433 -12.667152 11.745429 0.310940 0.017705 0.712920 -0.699907 -0.039530
1766747609.169403 -12.669995 11.669428 0.302557 0.018269 0.711428 -0.701638 -0.035215
1766747609.308987 -12.677417 11.609527 0.308539 0.024807 0.708031 -0.705246 -0.026537
1766747609.448252 -12.684017 11.532351 0.305556 -0.022352 -0.706083 0.707106 0.030805
1766747609.597558 -12.678508 11.461986 0.307780 0.006924 0.712145 -0.701631 -0.022728
1766747609.725837 -12.651972 11.394094 0.307952 -0.022051 0.712473 -0.701152 0.016802
1766747609.865931 -12.646597 11.328918 0.309657 -0.023941 0.710930 -0.702377 0.025923
1766747610.013022 -12.638573 11.264716 0.310050 -0.031894 0.707602 -0.705594 0.020483
1766747610.155025 -12.627582 11.189240 0.310173 -0.039386 0.710157 -0.702767 0.015624
1766747610.295334 -12.615862 11.111372 0.306147 -0.039379 0.710327 -0.702411 0.022437
1766747610.429261 -12.606827 11.038996 0.304950 -0.040701 0.707230 -0.705200 0.029362
1766747610.579801 -12.591165 10.965448 0.305416 -0.043720 0.705980 -0.705874 0.037727
1766747610.716869 -12.579472 10.893136 0.308574 -0.048634 0.706664 -0.705187 0.031181
1766747610.853139 -12.565674 10.831200 0.313893 -0.053230 0.707948 -0.703476 0.033127
1766747610.992942 -12.549447 10.744438 0.306196 -0.053714 0.708410 -0.702566 0.040882
1766747611.133145 -12.542537 10.675344 0.308483 -0.050052 0.706002 -0.704779 0.048393
1766747611.273734 -12.532989 10.589707 0.306547 0.051923 -0.705147 0.705750 -0.044601
1766747611.418323 -12.518398 10.509521 0.311835 -0.057724 0.709955 -0.700764 0.039510
1766747611.556668 -12.505782 10.419550 0.307305 -0.053536 0.708919 -0.701962 0.042625
1766747611.698225 -12.540428 10.354395 0.310403 -0.005206 0.710465 -0.703713 -0.000229
1766747611.844212 -12.580545 10.286190 0.315312 0.041518 0.708844 -0.703190 -0.036620
1766747611.975436 -12.584516 10.229143 0.307050 0.036022 0.716742 -0.695435 -0.036802
1766747612.122999 -12.586580 10.148397 0.311744 0.032145 0.709467 -0.702929 -0.038914
1766747612.257991 -12.593689 10.088204 0.308079 0.029318 0.710066 -0.702663 -0.034809
1766747612.401868 -12.614142 10.006873 0.304616 0.037082 0.712150 -0.698634 -0.058118
1766747612.548170 -12.653830 9.949572 0.306773 0.068821 0.711889 -0.690023 -0.111114
1766747612.683433 -12.677513 9.891412 0.294912 0.085330 0.719732 -0.679795 -0.112176
1766747612.823513 -12.697420 9.820036 0.296901 0.086659 0.713588 -0.686935 -0.106777
1766747612.964225 -12.718750 9.757766 0.301563 0.096283 0.711420 -0.687756 -0.107717
1766747613.099797 -12.754932 9.695771 0.305661 0.112469 0.706134 -0.686866 -0.130155
1766747613.242612 -12.776158 9.636971 0.300496 0.112825 0.712531 -0.680030 -0.130881
1766747613.383006 -12.797620 9.567530 0.297554 0.108982 0.709895 -0.683374 -0.131041
1766747613.532049 -12.822777 9.498709 0.306116 0.115086 0.705284 -0.688030 -0.126270
1766747613.668167 -12.865937 9.438301 0.309173 0.131571 0.697916 -0.686308 -0.156792
1766747613.806675 -12.901603 9.398696 0.301969 0.150179 0.702908 -0.671670 -0.179515
1766747613.944356 -12.932486 9.338767 0.291596 0.155260 0.708895 -0.666742 -0.169758
1766747614.087845 -12.962380 9.278265 0.300254 0.159803 0.697992 -0.678698 -0.163217
1766747614.225948 -12.994012 9.212589 0.305029 0.156931 0.693515 -0.682479 -0.169209
1766747614.367210 -13.029122 9.150373 0.311484 0.160961 0.691643 -0.679828 -0.183182
1766747614.512016 -13.059102 9.091442 0.308388 0.161620 0.694491 -0.677884 -0.178981
1766747614.651930 -13.090807 9.017067 0.300827 0.157436 0.697521 -0.677342 -0.172875
1766747614.791025 -13.084867 8.951564 0.306179 0.123269 0.702064 -0.690178 -0.124758
1766747614.931960 -13.055841 8.877714 0.303740 0.065880 0.706800 -0.699744 -0.080322
1766747615.070769 -13.062651 8.822608 0.306596 0.060260 0.705769 -0.700998 -0.082823
1766747615.217554 -13.068226 8.753359 0.306172 0.053652 0.706893 -0.700381 -0.083007
1766747615.355237 -13.078632 8.674269 0.303030 0.053390 0.708460 -0.699630 -0.075840
1766747615.495461 -13.106933 8.596170 0.316906 -0.074393 -0.696536 0.709865 0.073449
1766747615.635096 -13.177176 8.527551 0.312924 0.138274 0.695417 -0.692431 -0.133472
1766747615.788035 -13.219410 8.443589 0.306817 0.147638 0.701738 -0.682338 -0.142063
1766747615.933456 -13.256003 8.358118 0.306393 0.150475 0.699659 -0.685073 -0.136053
1766747616.059032 -13.307001 8.245359 0.314710 -0.147434 -0.690228 0.694465 0.139883
1766747616.205800 -13.370392 8.116500 0.299403 0.148122 0.703108 -0.680899 -0.141687
1766747616.340004 -13.424661 7.995631 0.309024 0.142182 0.697871 -0.688683 -0.135927
1766747616.479800 -13.470905 7.903538 0.302062 0.136459 0.702453 -0.683014 -0.146391
1766747616.626865 -13.529245 7.760584 0.304818 0.131724 0.702558 -0.683109 -0.149745
1766747616.757840 -13.576652 7.654451 0.310915 0.138525 0.697543 -0.689023 -0.139616
1766747616.900829 -13.628555 7.553321 0.298055 0.141639 0.708663 -0.677093 -0.138853
1766747617.074589 -13.682207 7.445698 0.285530 0.130955 0.715636 -0.670558 -0.145149
1766747617.180279 -13.685216 7.374382 0.292694 0.104958 0.724083 -0.669330 -0.129171
1766747617.326071 -13.679018 7.314064 0.305674 0.067523 0.717575 -0.683990 -0.112623
1766747617.477330 -13.696245 7.247201 0.311107 0.060728 0.710797 -0.691373 -0.114383
1766747617.604800 -13.710635 7.172366 0.308549 0.062423 0.708385 -0.695351 -0.103836
1766747617.768227 -13.736722 7.065715 0.312663 0.067557 0.704654 -0.699803 -0.095787
1766747617.887847 -13.752309 6.985523 0.307205 0.065846 0.709489 -0.694761 -0.097962
1766747618.027397 -13.780913 6.921126 0.307943 0.088650 0.709132 -0.691481 -0.105483
1766747618.161081 -13.828713 6.851731 0.298722 0.116293 0.708218 -0.683995 -0.130594
1766747618.304984 -13.856444 6.795263 0.308661 0.127485 0.698987 -0.694346 -0.114226
1766747618.445223 -13.889198 6.732068 0.311956 -0.129521 -0.693383 0.698944 0.117984
1766747618.584730 -13.911998 6.664745 0.309722 0.124268 0.700405 -0.691910 -0.123495
1766747618.728435 -13.935705 6.582043 0.307537 0.115811 0.698076 -0.695441 -0.125057
1766747618.863129 -13.940033 6.510227 0.307179 0.094114 0.705500 -0.696108 -0.094055
1766747619.008971 -13.943086 6.439924 0.310938 -0.074437 -0.702979 0.703063 0.077347
1766747619.152170 -13.958536 6.376881 0.306250 0.072114 0.707482 -0.697784 -0.085825
1766747619.286793 -13.968391 6.304822 0.308045 0.066110 0.709107 -0.696616 -0.086740
1766747619.441890 -13.982366 6.224421 0.300224 0.066932 0.711139 -0.695309 -0.079668
1766747619.575856 -14.004014 6.152075 0.310709 0.073413 0.704824 -0.701347 -0.077108
1766747619.713115 -14.041833 6.080805 0.308430 0.089635 0.707452 -0.692640 -0.108291
1766747619.849629 -14.054191 6.026404 0.311462 0.087819 0.708867 -0.691283 -0.109194
1766747619.994176 -14.075049 5.937937 0.301660 0.085866 0.709752 -0.691076 -0.106272
1766747620.129293 -14.096179 5.868516 0.309217 0.091881 0.705246 -0.696285 -0.096818
1766747620.269215 -14.129435 5.801099 0.306710 0.103486 0.702855 -0.694050 -0.116530
1766747620.412452 -14.156464 5.749181 0.308315 0.115213 0.705435 -0.684915 -0.141349
1766747620.556777 -14.180453 5.678926 0.299342 0.116981 0.711936 -0.679394 -0.133740
1766747620.692189 -14.202435 5.615243 0.300717 0.117169 0.706333 -0.685616 -0.131517
1766747620.848272 -14.228452 5.536363 0.303430 0.117450 0.704061 -0.687775 -0.132175
1766747620.980389 -14.251119 5.468631 0.308731 0.111916 0.703066 -0.688933 -0.136179
1766747621.113139 -14.275888 5.393244 0.304390 0.111424 0.705946 -0.687318 -0.129690
1766747621.255235 -14.304567 5.309865 0.302181 0.108792 0.703610 -0.690812 -0.126002
1766747621.399677 -14.332252 5.237707 0.310245 0.112950 0.698781 -0.695347 -0.124256
1766747621.534646 -14.360574 5.156695 0.307635 0.107753 0.702479 -0.691385 -0.129998
1766747621.678126 -14.383246 5.078340 0.309137 0.104963 0.703480 -0.691179 -0.127946
1766747621.822622 -14.413880 4.988755 0.299230 0.102194 0.706483 -0.689152 -0.124532
1766747621.961093 -14.440997 4.918187 0.311743 0.109100 0.699192 -0.696655 -0.117893
1766747622.107224 -14.474381 4.828921 0.306087 0.103670 0.705316 -0.690046 -0.124970
1766747622.244848 -14.494163 4.751512 0.311400 0.099226 0.704461 -0.691370 -0.126078
1766747622.380432 -14.520317 4.660024 0.301962 0.100642 0.707047 -0.690127 -0.116964
1766747622.529781 -14.547468 4.591368 0.310957 0.105354 0.700068 -0.697381 -0.111646
1766747622.660857 -14.577679 4.499572 0.305989 0.100056 0.703406 -0.693663 -0.118495
1766747622.806448 -14.596646 4.422630 0.309402 0.096912 0.706557 -0.690712 -0.119592
1766747622.942589 -14.619493 4.330287 0.300912 0.095566 0.708318 -0.690070 -0.113830
1766747623.087023 -14.649457 4.249199 0.310780 0.100923 0.701662 -0.697596 -0.104136
1766747623.221634 -14.677711 4.163443 0.307270 0.095863 0.702042 -0.696888 -0.110881
1766747623.364820 -14.700798 4.083314 0.311341 0.092774 0.704920 -0.693771 -0.114730
1766747623.505034 -14.721859 3.989058 0.305611 0.090436 0.704046 -0.695691 -0.110250
1766747623.648112 -14.749836 3.910105 0.310780 0.097581 0.700551 -0.699667 -0.100862
1766747623.788931 -14.777261 3.823952 0.308436 0.092450 0.700784 -0.699250 -0.106785
1766747623.929858 -14.798620 3.745136 0.311419 0.089469 0.705621 -0.694103 -0.110971
1766747624.073107 -14.821813 3.650954 0.303435 0.091052 0.707698 -0.693137 -0.102145
1766747624.213805 -14.852786 3.579976 0.307302 0.099525 0.706066 -0.691677 -0.114667
1766747624.368792 -14.876632 3.505869 0.305902 0.099714 0.704856 -0.691149 -0.124692
1766747624.491187 -14.893063 3.443523 0.310193 0.094501 0.704069 -0.692211 -0.127283
1766747624.625525 -14.911414 3.377373 0.306342 0.095592 0.703786 -0.693143 -0.122882
1766747624.768612 -14.935064 3.301585 0.305072 0.095174 0.703779 -0.694457 -0.115611
1766747624.910510 -14.962292 3.230609 0.311766 -0.102377 -0.695785 0.702100 0.111613
1766747625.057475 -14.990321 3.147871 0.308169 0.101166 0.704620 -0.692676 -0.116088
1766747625.191148 -15.008132 3.071311 0.314089 0.095926 0.700377 -0.697532 -0.117133
1766747625.330932 -15.032615 2.983095 0.303404 0.095240 0.704196 -0.694856 -0.110513
1766747625.477059 -15.060453 2.905130 0.309561 -0.100070 -0.699470 0.699814 0.104826
1766747625.607051 -15.085121 2.825929 0.304830 0.095246 0.705650 -0.693211 -0.111556
1766747625.750329 -15.104651 2.742933 0.308271 0.091329 0.706149 -0.693365 -0.110715
1766747625.891481 -15.129979 2.657590 0.300827 0.090277 0.707733 -0.692573 -0.106333
1766747626.032371 -15.157311 2.580699 0.311331 0.098023 0.701348 -0.699304 -0.097343
1766747626.173699 -15.186441 2.492016 0.303554 0.089844 0.708680 -0.691301 -0.108646
1766747626.315917 -15.204783 2.409472 0.310542 0.088854 0.706613 -0.693686 -0.107719
1766747626.455357 -15.228716 2.314961 0.301425 0.089552 0.708584 -0.692897 -0.098907
1766747626.592904 -15.253594 2.242067 0.309794 0.092727 0.702066 -0.699527 -0.095745
1766747626.738600 -15.283913 2.150574 0.304268 0.089422 0.706912 -0.694005 -0.103137
1766747626.874363 -15.299624 2.074796 0.310620 0.083671 0.706594 -0.694993 -0.103486
1766747627.012646 -15.319306 1.983492 0.301095 0.080421 0.708623 -0.693854 -0.099759
1766747627.159431 -15.344875 1.903441 0.309922 0.086755 0.703612 -0.699487 -0.090117
1766747627.300584 -15.366199 1.813313 0.304246 0.077942 0.707087 -0.696774 -0.091970
1766747627.439286 -15.342954 1.730258 0.308100 0.025500 0.719922 -0.691644 -0.051865
1766747627.580362 -15.298013 1.650944 0.301704 -0.039662 0.719548 -0.693228 0.010620
1766747627.721823 -15.280538 1.594077 0.301736 -0.061137 0.720856 -0.690018 0.022476
1766747627.862540 -15.254151 1.537371 0.302575 -0.086561 0.717267 -0.689980 0.044296
1766747628.009358 -15.236703 1.474833 0.300185 -0.090703 0.717731 -0.688408 0.052248
1766747628.141521 -15.220978 1.408683 0.296872 -0.087240 0.712018 -0.694108 0.060284
1766747628.278981 -15.207444 1.346153 0.305982 -0.082275 0.706412 -0.699189 0.073129
1766747628.427176 -15.163755 1.283609 0.301879 -0.119229 0.701439 -0.695922 0.097264
1766747628.561878 -15.095642 1.253361 0.307488 -0.179955 0.690816 -0.686176 0.139827
1766747628.697636 -15.006567 1.232670 0.310470 0.244307 -0.668558 0.671726 -0.205254
1766747628.847358 -14.944762 1.195267 0.311613 0.260044 -0.662381 0.662912 -0.232757
1766747628.978989 -14.896555 1.145250 0.306754 0.259635 -0.661360 0.665028 -0.230066
1766747629.121916 -14.849076 1.099386 0.308768 -0.260492 0.664416 -0.661590 0.230202
1766747629.266625 -14.794212 1.044995 0.304018 -0.257643 0.664249 -0.659956 0.238433
1766747629.403909 -14.742576 0.992365 0.304993 -0.262303 0.661867 -0.657603 0.246348
1766747629.546206 -14.668747 0.969129 0.300013 -0.300226 0.646697 -0.644804 0.275456
1766747629.684571 -14.604413 0.950711 0.305776 0.323318 -0.627582 0.645556 -0.291315
1766747629.828671 -14.550961 0.920658 0.306657 0.328090 -0.628699 0.640887 -0.293868
1766747629.965109 -14.492658 0.885353 0.306533 0.324399 -0.628302 0.638155 -0.304565
1766747630.110434 -14.437301 0.843907 0.314496 0.316922 -0.626069 0.638097 -0.316907
1766747630.250085 -14.377863 0.793969 0.313861 0.312162 -0.624091 0.642137 -0.317373
1766747630.389240 -14.318188 0.753341 0.311664 -0.318491 0.633931 -0.631789 0.312310
1766747630.530109 -14.246610 0.706300 0.309358 -0.321658 0.632153 -0.630824 0.314611
1766747630.668723 -14.178950 0.657624 0.307966 -0.321609 0.633782 -0.626340 0.320290
1766747630.812011 -14.109533 0.608785 0.308026 -0.322934 0.631446 -0.629249 0.317862
1766747630.948441 -14.041149 0.565882 0.309055 -0.329020 0.631705 -0.629052 0.311428
1766747631.095038 -13.965969 0.518778 0.306709 -0.331749 0.630061 -0.627274 0.315425
1766747631.233751 -13.905154 0.460339 0.303296 -0.322568 0.637933 -0.630287 0.302870
1766747631.374915 -13.875363 0.376022 0.306782 -0.276236 0.661817 -0.653693 0.241615
1766747631.511134 -13.881101 0.306535 0.315757 -0.209464 0.681401 -0.677656 0.180556
1766747631.655406 -13.862522 0.245942 0.298144 -0.189358 0.697504 -0.670676 0.166813
1766747631.790877 -13.828606 0.189635 0.298059 -0.186798 0.694741 -0.672421 0.174045
1766747631.932963 -13.789434 0.129063 0.297200 -0.194693 0.692790 -0.673985 0.166977
1766747632.072190 -13.751168 0.068079 0.302610 -0.199693 0.690206 -0.676521 0.161422
1766747632.219989 -13.721758 -0.009261 0.301174 -0.182095 0.694564 -0.678977 0.153015
1766747632.361029 -13.734929 -0.078959 0.309845 -0.126455 0.700694 -0.690921 0.125160
1766747632.494499 -13.771428 -0.152265 0.314103 -0.064840 0.708726 -0.698750 0.072472
1766747632.635908 -13.770574 -0.213290 0.313588 -0.061739 0.710302 -0.699077 0.054317
1766747632.779222 -13.760948 -0.280598 0.318713 0.062069 -0.700365 0.709251 -0.050986
1766747632.921868 -13.776237 -0.346687 0.313722 0.036566 -0.703059 0.709703 -0.026320
1766747633.067787 -13.820911 -0.403508 0.320597 -0.014214 -0.702428 0.711097 0.027105
1766747633.202697 -13.886104 -0.456512 0.324221 -0.074629 -0.698321 0.705136 0.097781
1766747633.343741 -13.921065 -0.512938 0.303622 0.102254 0.713157 -0.685807 -0.103054
1766747633.479542 -13.940186 -0.575772 0.298378 0.100425 0.710708 -0.688377 -0.104624
1766747633.624685 -13.955453 -0.647475 0.299101 0.093690 0.712269 -0.686851 -0.110142
1766747633.767473 -13.974082 -0.722228 0.307534 0.085832 0.708837 -0.690447 -0.116045
1766747633.904310 -13.996685 -0.796218 0.300675 0.089607 0.712743 -0.687243 -0.108004
1766747634.043623 -14.036018 -0.855165 0.297766 0.105855 0.707552 -0.687112 -0.126658
1766747634.186167 -14.071061 -0.915015 0.309558 0.123987 0.698278 -0.694126 -0.123387
1766747634.326241 -14.098885 -0.979443 0.302534 0.120294 0.706041 -0.686162 -0.127345
1766747634.471096 -14.117660 -1.046701 0.312346 0.114690 0.698069 -0.694806 -0.129577
1766747634.616837 -14.144978 -1.130759 0.304382 0.111595 0.700834 -0.693337 -0.125151
1766747634.760114 -14.171395 -1.194401 0.310604 -0.114806 -0.695663 0.698596 0.121801
1766747634.887962 -14.203005 -1.270229 0.306736 0.111531 0.699588 -0.693372 -0.131802
1766747635.025895 -14.233709 -1.324238 0.306875 0.130551 0.703557 -0.684193 -0.140869
1766747635.164448 -14.255937 -1.373366 0.298169 0.130776 0.709451 -0.678872 -0.136780
1766747635.304458 -14.264597 -1.395426 0.292428 0.123501 0.712806 -0.677229 -0.134223
1766747635.447134 -14.262225 -1.398362 0.294603 0.121047 0.710931 -0.679772 -0.133547
1766747635.595558 -14.259689 -1.392502 0.298543 0.120013 0.708970 -0.681491 -0.136121
1766747635.728221 -14.259589 -1.389192 0.298928 0.120806 0.708710 -0.681375 -0.137342
1766747635.876179 -14.259850 -1.387321 0.298974 0.121581 0.708545 -0.681287 -0.137948
1766747636.010569 -14.257797 -1.378319 0.296265 0.123136 0.709370 -0.680170 -0.137842
1766747636.148584 -14.249621 -1.357764 0.294717 0.123967 0.714070 -0.675830 -0.134126
1766747636.294900 -14.243146 -1.325754 0.290455 0.130120 0.721309 -0.669303 -0.121718
1766747636.441226 -14.230703 -1.280747 0.285695 0.130038 0.727433 -0.664379 -0.111950
1766747636.576043 -14.209334 -1.233510 0.284136 0.127679 0.724996 -0.667574 -0.111460
1766747636.715998 -14.183095 -1.176749 0.282943 0.118441 0.726112 -0.666130 -0.122488
1766747636.859544 -14.164829 -1.115771 0.284802 0.123859 0.729245 -0.663028 -0.115123
1766747637.023483 -14.152231 -1.078412 0.285966 0.117657 0.727606 -0.665079 -0.120073
1766747637.132867 -14.150625 -1.004829 0.292071 0.148852 0.718831 -0.662265 -0.150100
1766747637.267401 -14.144488 -0.972920 0.290085 0.160412 0.716338 -0.660226 -0.158841
1766747637.495290 -14.107650 -0.887199 0.292630 0.159115 0.715335 -0.662172 -0.156544
1766747637.734978 -14.101743 -0.880277 0.297096 0.151376 0.707894 -0.670643 -0.161895
1766747637.837620 -14.101782 -0.889787 0.296062 0.148150 0.710490 -0.667688 -0.165679
1766747637.986810 -14.102331 -0.890026 0.296525 0.148289 0.710158 -0.668061 -0.165467
1766747638.210658 -14.102364 -0.890465 0.296591 0.148210 0.710149 -0.667968 -0.165952
1766747638.329377 -14.102812 -0.890870 0.296558 0.148444 0.710168 -0.667895 -0.165959
1766747638.455849 -14.102720 -0.890912 0.296574 0.148339 0.710177 -0.667916 -0.165932
1766747638.689301 -14.099973 -0.891643 0.296326 0.148495 0.708699 -0.670690 -0.160844
1766747638.932153 -14.094933 -0.891116 0.298493 0.153795 0.705011 -0.677127 -0.144244
1766747639.169548 -14.089033 -0.890205 0.297305 0.144381 0.705603 -0.680035 -0.137227
1766747639.418206 -14.086984 -0.891276 0.297370 0.140113 0.706368 -0.680576 -0.135017
1766747639.640900 -14.086266 -0.891165 0.297508 0.138891 0.706531 -0.680820 -0.134191
1766747639.882219 -14.085350 -0.891396 0.297776 0.137078 0.706711 -0.681135 -0.133511
1766747640.120676 -14.085088 -0.891471 0.297921 0.136570 0.706676 -0.681321 -0.133268
1766747640.227680 -14.084732 -0.891604 0.298012 0.135974 0.706710 -0.681419 -0.133192
1766747640.364549 -14.084603 -0.891638 0.298114 0.135732 0.706674 -0.681524 -0.133094
1766747640.599433 -14.084122 -0.891852 0.298243 0.134931 0.706754 -0.681658 -0.132799
