# raw base_link odometry (TUM format), robot's own estimator
1766747348.192328 -12.835005 13.495942 0.306406 -0.011703 0.018810 -0.869053 0.494223
1766747348.241960 -12.834958 13.495922 0.306404 -0.011720 0.018887 -0.869037 0.494248
1766747348.298263 -12.834945 13.495906 0.306403 -0.011746 0.018902 -0.869035 0.494249
1766747348.349175 -12.834996 13.495928 0.306403 -0.011726 0.018830 -0.869087 0.494162
1766747348.398986 -12.835025 13.495959 0.306405 -0.011707 0.018774 -0.869086 0.494165
1766747348.462691 -12.834941 13.495948 0.306406 -0.011792 0.018854 -0.869056 0.494214
1766747348.503921 -12.834887 13.495914 0.306403 -0.011853 0.018930 -0.869083 0.494162
1766747348.562093 -12.834991 13.495950 0.306404 -0.011766 0.018797 -0.869124 0.494098
1766747348.613490 -12.835017 13.495987 0.306406 -0.011736 0.018739 -0.869157 0.494041
1766747348.665212 -12.834972 13.495979 0.306406 -0.011772 0.018777 -0.869105 0.494130
1766747348.720046 -12.834952 13.495956 0.306405 -0.011799 0.018822 -0.869119 0.494105
1766747348.769401 -12.835001 13.495953 0.306405 -0.011749 0.018786 -0.869135 0.494079
1766747348.823180 -12.835036 13.495960 0.306406 -0.011706 0.018749 -0.869168 0.494023
1766747348.877583 -12.834998 13.495927 0.306406 -0.011705 0.018847 -0.869169 0.494017
1766747348.930584 -12.834936 13.495904 0.306404 -0.011754 0.018916 -0.869108 0.494121
1766747348.984426 -12.834983 13.495908 0.306404 -0.011737 0.018855 -0.869170 0.494014
1766747349.038973 -12.835032 13.495939 0.306405 -0.011689 0.018787 -0.869191 0.493982
1766747349.095740 -12.834998 13.495950 0.306406 -0.011729 0.018812 -0.869196 0.493971
1766747349.152524 -12.834919 13.495900 0.306404 -0.011797 0.018929 -0.869181 0.493991
1766747349.203038 -12.834929 13.495897 0.306402 -0.011797 0.018926 -0.869196 0.493965
1766747349.250598 -12.834953 13.495896 0.306402 -0.011782 0.018905 -0.869219 0.493925
1766747349.305348 -12.834946 13.495955 0.306405 -0.011806 0.018860 -0.869226 0.493914
1766747349.363601 -12.834884 13.495951 0.306403 -0.011867 0.018912 -0.869170 0.494009
1766747349.409420 -12.834871 13.495914 0.306401 -0.011887 0.018952 -0.869206 0.493944
1766747349.470640 -12.834934 13.495897 0.306401 -0.011824 0.018908 -0.869219 0.493925
1766747349.516885 -12.834982 13.495955 0.306404 -0.011779 0.018810 -0.869245 0.493883
1766747349.571381 -12.834927 13.495953 0.306404 -0.011833 0.018880 -0.869217 0.493928
1766747349.625513 -12.834901 13.495895 0.306402 -0.011831 0.018950 -0.869210 0.493939
1766747349.677366 -12.834943 13.495869 0.306402 -0.011786 0.018951 -0.869239 0.493889
1766747349.726539 -12.834999 13.495906 0.306403 -0.011729 0.018865 -0.869249 0.493875
1766747349.779481 -12.834999 13.495926 0.306404 -0.011699 0.018855 -0.869207 0.493950
1766747349.858705 -12.834927 13.495945 0.306404 -0.011796 0.018877 -0.869187 0.493982
1766747349.894395 -12.834958 13.495893 0.306403 -0.011761 0.018897 -0.869204 0.493953
1766747349.947156 -12.835033 13.495918 0.306404 -0.011690 0.018828 -0.869222 0.493926
1766747350.003989 -12.835017 13.495953 0.306405 -0.011707 0.018812 -0.869238 0.493897
1766747350.052317 -12.834970 13.495938 0.306404 -0.011732 0.018860 -0.869177 0.494002
1766747350.119974 -12.834948 13.495921 0.306403 -0.011754 0.018904 -0.869184 0.493987
1766747350.160701 -12.835003 13.495932 0.306404 -0.011720 0.018827 -0.869213 0.493941
1766747350.215201 -12.835026 13.495971 0.306406 -0.011721 0.018761 -0.869215 0.493939
1766747350.269218 -12.834958 13.495941 0.306406 -0.011757 0.018855 -0.869172 0.494011
1766747350.320784 -12.834921 13.495920 0.306404 -0.011793 0.018908 -0.869179 0.493996
1766747350.391624 -12.834977 13.495917 0.306404 -0.011758 0.018858 -0.869217 0.493931
1766747350.427150 -12.835027 13.495956 0.306405 -0.011721 0.018777 -0.869246 0.493884
1766747350.485559 -12.834988 13.495971 0.306406 -0.011753 0.018804 -0.869218 0.493931
1766747350.536896 -12.834942 13.495935 0.306404 -0.011783 0.018869 -0.869205 0.493952
1766747350.587789 -12.834970 13.495926 0.306404 -0.011768 0.018858 -0.869208 0.493947
1766747350.647158 -12.835030 13.495951 0.306406 -0.011708 0.018778 -0.869246 0.493885
1766747350.697279 -12.835009 13.495966 0.306407 -0.011729 0.018802 -0.869227 0.493916
1766747350.746093 -12.834935 13.495946 0.306405 -0.011791 0.018882 -0.869187 0.493983
1766747350.803069 -12.834944 13.495905 0.306403 -0.011775 0.018900 -0.869189 0.493979
1766747350.855619 -12.835001 13.495953 0.306405 -0.011758 0.018792 -0.869233 0.493905
1766747350.909524 -12.835052 13.495949 0.306406 -0.011678 0.018780 -0.869254 0.493871
1766747350.961645 -12.835071 13.495956 0.306406 -0.011733 0.018979 -0.869014 0.494284
1766747351.022375 -12.834811 13.496019 0.306609 -0.013034 0.020217 -0.865753 0.499894
1766747351.072173 -12.834631 13.495204 0.307283 -0.013952 0.021020 -0.857635 0.513639
1766747351.124507 -12.833743 13.493492 0.309117 -0.013826 0.021234 -0.845717 0.533031
1766747351.178102 -12.833469 13.491920 0.310508 -0.013139 0.022033 -0.830330 0.556681
1766747351.236472 -12.833274 13.491590 0.311703 -0.013101 0.023072 -0.810632 0.584955
1766747351.289918 -12.833262 13.489974 0.311989 -0.010541 0.022974 -0.785853 0.617897
1766747351.343649 -12.832181 13.488566 0.311648 -0.010280 0.024299 -0.758725 0.650877
1766747351.396453 -12.831314 13.487117 0.310062 -0.009271 0.025318 -0.730091 0.682818
1766747351.451692 -12.829488 13.485610 0.308316 -0.009378 0.027749 -0.697403 0.716080
1766747351.502712 -12.828072 13.484188 0.305472 -0.006146 0.028954 -0.662485 0.748490
1766747351.559854 -12.829544 13.482805 0.303819 0.000475 0.026888 -0.626716 0.778784
1766747351.607993 -12.827662 13.482568 0.302853 0.006985 0.028242 -0.586671 0.809303
1766747351.664169 -12.828666 13.478239 0.301350 0.014008 0.027510 -0.540204 0.840968
1766747351.714225 -12.823648 13.478600 0.294362 0.011508 0.020289 -0.485029 0.874187
1766747351.767210 -12.813400 13.481169 0.296567 0.007392 0.019918 -0.435146 0.900109
1766747351.819875 -12.812678 13.479416 0.301029 0.006897 0.016447 -0.380221 0.924724
1766747351.873875 -12.809418 13.474848 0.303733 0.022994 0.012716 -0.323080 0.946007
1766747351.932554 -12.805497 13.477859 0.308402 0.017155 0.007781 -0.270096 0.962649
1766747351.979442 -12.805897 13.474406 0.312650 0.023347 0.005375 -0.212714 0.976821
1766747352.032985 -12.808811 13.477740 0.313029 0.011973 0.015763 -0.174653 0.984431
1766747352.090355 -12.805993 13.479738 0.310479 0.001682 0.023412 -0.164679 0.986068
1766747352.142944 -12.803360 13.476104 0.308624 -0.002737 0.021918 -0.165576 0.985950
1766747352.200202 -12.797605 13.475668 0.307902 -0.008916 0.022967 -0.167367 0.985587
1766747352.249224 -12.794602 13.471580 0.309399 -0.009272 0.021378 -0.165072 0.986006
1766747352.303571 -12.789363 13.466444 0.309623 -0.007024 0.023187 -0.160723 0.986702
1766747352.364720 -12.780769 13.460826 0.308878 -0.004347 0.023655 -0.159135 0.986964
1766747352.413094 -12.766141 13.455302 0.305957 -0.001688 0.025329 -0.157526 0.987189
1766747352.466499 -12.750725 13.451270 0.303967 -0.008299 0.019425 -0.156174 0.987504
1766747352.520995 -12.735960 13.446184 0.302346 -0.006888 0.013163 -0.155140 0.987781
1766747352.574819 -12.718613 13.441523 0.303122 -0.004197 0.012155 -0.152946 0.988151
1766747352.627209 -12.704533 13.436269 0.303167 0.000422 0.008751 -0.152731 0.988229
1766747352.681620 -12.686519 13.431212 0.303658 0.002665 0.005474 -0.154347 0.987998
1766747352.737231 -12.666735 13.425393 0.304181 -0.002042 0.000882 -0.155599 0.987818
1766747352.786972 -12.641435 13.418181 0.303535 -0.005571 -0.000510 -0.155917 0.987754
1766747352.842110 -12.616515 13.410517 0.303426 -0.009363 0.003403 -0.157136 0.987527
1766747352.894798 -12.593471 13.405697 0.307976 -0.012425 0.004101 -0.157172 0.987485
1766747352.947207 -12.572256 13.400347 0.309935 -0.010195 0.004476 -0.154981 0.987855
1766747353.004096 -12.546272 13.393145 0.309871 -0.011831 0.003656 -0.154526 0.987911
1766747353.055187 -12.518577 13.386069 0.308549 -0.012626 0.001131 -0.152802 0.988176
1766747353.108633 -12.492129 13.378026 0.307444 -0.006026 0.001338 -0.154524 0.987970
1766747353.158837 -12.466761 13.370353 0.305748 -0.011651 0.006161 -0.175862 0.984327
1766747353.213429 -12.443820 13.359135 0.308817 -0.010059 0.000866 -0.203927 0.978934
1766747353.267574 -12.427359 13.350947 0.313477 0.000272 -0.003240 -0.228203 0.973608
1766747353.320020 -12.404166 13.339009 0.315805 0.003766 -0.004941 -0.237768 0.971302
1766747353.369743 -12.381459 13.325642 0.314348 0.004002 -0.011633 -0.235516 0.971793
1766747353.426716 -12.356114 13.312430 0.315325 0.001403 -0.001155 -0.235641 0.971839
1766747353.477051 -12.333455 13.301273 0.313861 0.001025 0.003927 -0.234814 0.972032
1766747353.529520 -12.308638 13.288733 0.314329 0.006166 0.006380 -0.233911 0.972218
1766747353.586725 -12.287173 13.281040 0.315601 0.007620 0.005093 -0.233847 0.972230
1766747353.647689 -12.261929 13.270808 0.314356 0.002014 0.005762 -0.232321 0.972620
1766747353.695601 -12.231920 13.254335 0.307215 0.001416 0.006001 -0.231784 0.972748
1766747353.753074 -12.216417 13.241362 0.305363 0.002790 0.005162 -0.227251 0.973819
1766747353.810802 -12.194827 13.228298 0.306918 0.008521 0.003312 -0.226009 0.974082
1766747353.874803 -12.171480 13.216658 0.307703 0.005525 0.003456 -0.227127 0.973843
1766747353.920250 -12.143826 13.202080 0.307846 -0.000774 0.001953 -0.227237 0.973837
1766747353.979060 -12.112741 13.184405 0.306399 -0.002082 0.004024 -0.226228 0.974064
1766747354.026980 -12.084999 13.174608 0.311617 -0.010092 0.008381 -0.228531 0.973448
1766747354.080293 -12.059654 13.164128 0.315280 -0.010083 0.009052 -0.225819 0.974075
1766747354.146040 -12.033172 13.151605 0.315528 -0.012590 0.009577 -0.225208 0.974182
1766747354.188746 -12.003439 13.138543 0.313952 -0.012539 0.010322 -0.224080 0.974435
1766747354.240271 -11.972413 13.123512 0.311017 -0.008630 0.010094 -0.222025 0.974951
1766747354.294375 -11.941921 13.109159 0.307019 -0.011676 0.014831 -0.219825 0.975357
1766747354.350904 -11.919518 13.094771 0.308573 -0.007402 0.009483 -0.217814 0.975916
1766747354.403430 -11.895088 13.081152 0.311711 0.000056 0.003420 -0.216364 0.976307
1766747354.460371 -11.871599 13.069420 0.312503 0.003209 0.000342 -0.217216 0.976118
1766747354.510483 -11.844964 13.054384 0.311652 0.004877 -0.005799 -0.217782 0.975968
1766747354.563297 -11.815311 13.038315 0.309998 0.004613 -0.010027 -0.217426 0.976014
1766747354.617234 -11.785325 13.023666 0.310965 -0.005433 0.006998 -0.219911 0.975480
1766747354.671852 -11.757402 13.012784 0.314747 -0.002023 0.006672 -0.219834 0.975512
1766747354.724072 -11.727560 13.000302 0.317113 -0.006418 0.004608 -0.218407 0.975826
1766747354.782938 -11.694735 12.987417 0.315430 -0.010069 0.001015 -0.216277 0.976280
1766747354.838076 -11.659056 12.972047 0.312441 -0.008351 -0.000091 -0.213453 0.976918
1766747354.886816 -11.625811 12.956144 0.308165 -0.002943 0.005087 -0.211369 0.977389
1766747354.944653 -11.597253 12.939315 0.309805 -0.005598 0.005821 -0.208590 0.977970
1766747354.996013 -11.574406 12.928591 0.312545 -0.002066 0.002448 -0.213046 0.977037
1766747355.049585 -11.546494 12.918272 0.312662 -0.009335 0.008564 -0.228045 0.973568
1766747355.099029 -11.519329 12.906156 0.310656 -0.017596 0.016700 -0.243641 0.969562
1766747355.166729 -11.493752 12.894985 0.310218 -0.011454 0.009540 -0.249472 0.968267
1766747355.207603 -11.470914 12.885859 0.312454 -0.015106 0.015834 -0.248727 0.968327
1766747355.267770 -11.451829 12.877609 0.314947 -0.014678 0.013365 -0.248260 0.968490
1766747355.317955 -11.431035 12.868258 0.313804 -0.017229 0.012891 -0.247772 0.968579
1766747355.369224 -11.405443 12.856151 0.311967 -0.017420 0.012272 -0.246957 0.968792
1766747355.423789 -11.379735 12.842639 0.309859 -0.010980 0.009761 -0.245602 0.969260
1766747355.482093 -11.353139 12.831295 0.306855 -0.013252 0.010389 -0.244158 0.969589
1766747355.532673 -11.328278 12.814974 0.307407 -0.005847 0.004213 -0.242498 0.970125
1766747355.586325 -11.304357 12.801085 0.310592 -0.000181 -0.000262 -0.241577 0.970382
1766747355.643929 -11.278490 12.787411 0.310574 0.001444 -0.000651 -0.242262 0.970210
1766747355.699155 -11.253260 12.773300 0.309628 -0.000845 -0.001553 -0.242167 0.970233
1766747355.751897 -11.224089 12.756639 0.307554 -0.003775 0.000403 -0.241193 0.970470
1766747355.803228 -11.195046 12.744843 0.308927 -0.009173 0.006078 -0.244041 0.969703
1766747355.853015 -11.170899 12.734463 0.313246 -0.008717 0.005932 -0.242562 0.970079
1766747355.910356 -11.143095 12.720655 0.313790 -0.009592 0.005618 -0.240845 0.970500
1766747355.972589 -11.111862 12.707021 0.312211 -0.012081 0.003441 -0.239352 0.970852
1766747356.016676 -11.081661 12.691989 0.310183 -0.009114 0.001893 -0.237207 0.971415
1766747356.068932 -11.049430 12.676868 0.306527 -0.011926 0.006031 -0.235348 0.971819
1766747356.123423 -11.024402 12.659505 0.309043 -0.008022 0.003530 -0.232996 0.972438
1766747356.179730 -11.000648 12.646240 0.311691 -0.002375 -0.003736 -0.232658 0.972549
1766747356.230091 -10.973248 12.633039 0.311550 -0.002940 -0.004678 -0.233923 0.972239
1766747356.286101 -10.944329 12.618152 0.310460 -0.007041 -0.007618 -0.234022 0.972176
1766747356.337177 -10.912825 12.602558 0.308665 -0.010640 -0.005057 -0.232803 0.972453
1766747356.393121 -10.883255 12.588535 0.309470 -0.012575 0.001545 -0.235294 0.971842
1766747356.443641 -10.858306 12.578671 0.313136 -0.012288 -0.000167 -0.233252 0.972339
1766747356.496407 -10.829798 12.564220 0.314011 -0.012186 -0.000005 -0.232280 0.972573
1766747356.547991 -10.798436 12.550584 0.312618 -0.012606 -0.002643 -0.230527 0.972981
1766747356.610557 -10.764744 12.533811 0.311212 -0.009193 -0.003771 -0.228238 0.973555
1766747356.654847 -10.733520 12.519260 0.307578 -0.008258 0.001290 -0.226926 0.973876
1766747356.705979 -10.709153 12.500918 0.308150 -0.004131 -0.000269 -0.225016 0.974346
1766747356.758715 -10.683760 12.488008 0.310553 -0.000955 -0.004750 -0.224744 0.974406
1766747356.812783 -10.656393 12.475090 0.310138 -0.000181 -0.005955 -0.225390 0.974251
1766747356.870317 -10.624938 12.459504 0.308818 -0.001772 -0.007790 -0.224836 0.974364
1766747356.925195 -10.591985 12.443616 0.307309 -0.006722 -0.001622 -0.223178 0.974753
1766747356.978723 -10.563504 12.433306 0.310692 -0.009824 0.003799 -0.225505 0.974185
1766747357.029775 -10.539558 12.424387 0.314681 -0.009781 0.003584 -0.223965 0.974542
1766747357.093651 -10.509232 12.410468 0.315513 -0.009632 0.003540 -0.223209 0.974717
1766747357.140236 -10.479437 12.396852 0.313935 -0.008298 0.004117 -0.228888 0.973409
1766747357.192183 -10.451303 12.380721 0.311220 -0.000293 0.008047 -0.242349 0.970156
1766747357.245807 -10.426503 12.366828 0.308647 -0.005057 0.011046 -0.254022 0.967122
1766747357.305887 -10.404168 12.349635 0.306546 -0.003643 0.003184 -0.254014 0.967189
1766747357.352508 -10.385628 12.336715 0.310790 0.002421 0.001371 -0.252661 0.967551
1766747357.406384 -10.368618 12.326173 0.311708 0.008304 -0.001595 -0.253251 0.967364
1766747357.458245 -10.354364 12.317638 0.311554 0.011594 -0.004165 -0.253532 0.967249
1766747357.522047 -10.327473 12.298582 0.309800 0.014002 -0.009833 -0.253007 0.967313
1766747357.561523 -10.302769 12.285993 0.308278 0.001938 -0.002779 -0.255290 0.966859
1766747357.633503 -10.272026 12.269831 0.310912 0.002759 0.009865 -0.263409 0.964630
1766747357.685421 -10.251529 12.262060 0.314821 0.000816 0.006219 -0.273930 0.961729
1766747357.735146 -10.232240 12.252329 0.314412 -0.003758 0.003305 -0.291363 0.956600
1766747357.794233 -10.207100 12.237981 0.311162 -0.010987 -0.001502 -0.313186 0.949627
1766747357.840543 -10.187156 12.224938 0.308857 -0.007890 -0.000390 -0.319756 0.947467
1766747357.902786 -10.169261 12.209264 0.308735 0.002959 0.006517 -0.313461 0.949574
1766747357.946598 -10.151323 12.196568 0.307397 -0.001901 0.009477 -0.294206 0.955693
1766747358.008009 -10.136515 12.180075 0.308288 0.006827 0.008292 -0.265169 0.964142
1766747358.057751 -10.121778 12.169989 0.306572 0.008641 0.011753 -0.234946 0.971899
1766747358.109177 -10.104337 12.164280 0.305187 0.006950 0.011111 -0.199931 0.979722
1766747358.164470 -10.084035 12.158908 0.304594 -0.001278 0.008020 -0.161687 0.986809
1766747358.215326 -10.058238 12.154804 0.302767 -0.008541 0.005194 -0.120257 0.992692
1766747358.271250 -10.029058 12.160560 0.303008 -0.015814 0.009286 -0.094700 0.995337
1766747358.323573 -10.007962 12.159693 0.307305 -0.015067 0.000398 -0.091134 0.995725
1766747358.376097 -9.985881 12.160325 0.308916 -0.011356 0.001495 -0.085856 0.996242
1766747358.429326 -9.965219 12.161559 0.308025 -0.014845 -0.001718 -0.081785 0.996538
1766747358.479940 -9.940228 12.161905 0.305403 -0.023221 -0.009184 -0.080856 0.996413
1766747358.535589 -9.910772 12.155073 0.305610 -0.007077 -0.004698 -0.075453 0.997113
1766747358.586701 -9.892521 12.154062 0.309385 -0.016310 -0.002721 -0.085769 0.996178
1766747358.638542 -9.870891 12.145212 0.315379 -0.002271 -0.002620 -0.112765 0.993616
1766747358.716757 -9.849591 12.137679 0.317228 0.003254 -0.005691 -0.137060 0.990541
1766747358.746514 -9.824379 12.128211 0.316297 0.003849 -0.010627 -0.141782 0.989833
1766747358.796821 -9.801234 12.120411 0.315368 0.000120 -0.006166 -0.139542 0.990197
1766747358.853556 -9.774336 12.111934 0.315286 -0.000906 0.002653 -0.139641 0.990198
1766747358.904204 -9.754662 12.107566 0.315971 0.005309 0.004315 -0.139036 0.990264
1766747358.956183 -9.729428 12.103302 0.317681 0.001969 0.002833 -0.140279 0.990106
1766747359.012027 -9.699196 12.097956 0.316439 -0.005522 -0.002587 -0.139493 0.990204
1766747359.075339 -9.667222 12.089826 0.312964 -0.003351 -0.002325 -0.137907 0.990437
1766747359.119390 -9.638421 12.080333 0.307473 -0.002694 0.000165 -0.136538 0.990631
1766747359.174912 -9.612761 12.070672 0.311325 0.000403 -0.000020 -0.132912 0.991128
1766747359.226034 -9.586808 12.061417 0.312353 0.007583 -0.004129 -0.132661 0.991124
1766747359.279075 -9.557901 12.051349 0.312537 0.007073 -0.007242 -0.133329 0.991020
1766747359.346415 -9.519689 12.036655 0.312047 0.006467 -0.015808 -0.132603 0.991022
1766747359.378967 -9.482737 12.027155 0.310512 -0.014707 0.007222 -0.138033 0.990292
1766747359.435382 -9.446956 12.015889 0.313838 -0.001093 0.010877 -0.142725 0.989702
1766747359.486526 -9.402598 12.004881 0.316483 -0.009650 0.007318 -0.141725 0.989832
1766747359.539551 -9.353261 11.992854 0.315927 -0.011201 -0.002196 -0.139063 0.990218
1766747359.591836 -9.299177 11.980790 0.312147 -0.006531 -0.004783 -0.136880 0.990555
1766747359.646709 -9.252770 11.967648 0.310497 -0.001088 0.014224 -0.132299 0.991107
1766747359.698104 -9.199970 11.952565 0.314109 0.006828 0.009299 -0.131682 0.991225
1766747359.757982 -9.141835 11.935118 0.315618 -0.000399 0.000145 -0.132750 0.991150
1766747359.810258 -9.106035 11.925013 0.309626 -0.004120 0.013399 -0.132574 0.991074
1766747359.862748 -9.077537 11.913252 0.312186 -0.004296 0.021875 -0.137515 0.990249
1766747359.917186 -9.020370 11.898387 0.314627 -0.011471 0.015142 -0.136954 0.990395
1766747359.975207 -8.973177 11.884612 0.315014 -0.009931 0.009571 -0.135625 0.990664
1766747360.022736 -8.908964 11.868006 0.311060 -0.002095 0.013870 -0.132237 0.991119
1766747360.076116 -8.849904 11.848292 0.317160 0.009353 0.007901 -0.129002 0.991569
1766747360.129631 -8.791382 11.830243 0.320013 0.001218 -0.003322 -0.129940 0.991516
1766747360.181782 -8.729020 11.813534 0.311931 -0.005634 0.001368 -0.129914 0.991508
1766747360.256404 -8.677444 11.794350 0.313320 -0.006467 0.026913 -0.133974 0.990598
1766747360.289668 -8.618955 11.780452 0.314929 -0.010980 0.020242 -0.134601 0.990632
1766747360.342579 -8.552813 11.762056 0.297482 -0.009352 0.012151 -0.132175 0.991108
1766747360.395761 -8.506821 11.748763 0.306943 -0.009595 0.016684 -0.128030 0.991584
1766747360.449956 -8.443014 11.729176 0.312029 -0.000175 0.011041 -0.127089 0.991830
1766747360.505762 -8.381380 11.712955 0.315205 -0.006925 0.002773 -0.128882 0.991632
1766747360.554985 -8.341774 11.700843 0.305832 -0.004157 0.009713 -0.127648 0.991763
1766747360.608934 -8.314051 11.690992 0.309129 -0.009664 0.019456 -0.129908 0.991288
1766747360.660980 -8.251505 11.676091 0.312463 -0.015669 0.009773 -0.128134 0.991585
1766747360.715343 -8.170910 11.658510 0.299608 -0.015568 0.003158 -0.126245 0.991872
1766747360.769742 -8.190238 11.653818 0.305406 -0.000984 0.012970 -0.122209 0.992419
1766747360.822570 -8.127446 11.637338 0.313511 0.004735 0.010536 -0.121739 0.992495
1766747360.878135 -8.061050 11.618791 0.306697 -0.004438 0.000996 -0.121435 0.992589
1766747360.931938 -8.051345 11.619626 0.307191 -0.005305 0.013539 -0.121519 0.992483
1766747360.981792 -8.005577 11.607117 0.310394 -0.008064 0.016389 -0.122058 0.992355
1766747361.036559 -7.938122 11.591323 0.313048 -0.013148 0.005331 -0.118938 0.992800
1766747361.100453 -7.869880 11.580091 0.305084 -0.021445 0.005573 -0.118823 0.992668
1766747361.155706 -7.858809 11.568336 0.309471 -0.006957 0.005688 -0.112586 0.993601
1766747361.201455 -7.791561 11.552073 0.315233 -0.006824 0.001175 -0.113765 0.993484
1766747361.256000 -7.726808 11.534417 0.301328 -0.011024 0.000312 -0.113094 0.993523
1766747361.309746 -7.751413 11.543395 0.306531 -0.012536 0.020825 -0.117161 0.992816
1766747361.364646 -7.686722 11.529503 0.313111 -0.013313 0.010488 -0.117422 0.992938
1766747361.419733 -7.614109 11.515063 0.299719 -0.016007 -0.005088 -0.113769 0.993365
1766747361.471769 -7.565927 11.500914 0.306741 -0.003270 0.010169 -0.110033 0.993871
1766747361.530620 -7.503316 11.489835 0.311659 0.003178 0.014127 -0.106090 0.994251
1766747361.590660 -7.422930 11.469858 0.315536 -0.002607 0.002293 -0.105750 0.994387
1766747361.637390 -7.356983 11.453440 0.310043 -0.007681 0.003455 -0.105597 0.994374
1766747361.691622 -7.347580 11.443511 0.310448 0.000870 0.027215 -0.113421 0.993174
1766747361.743257 -7.295909 11.430449 0.311867 -0.003038 0.027899 -0.130493 0.991052
1766747361.805773 -7.265100 11.418278 0.300121 -0.010946 0.026435 -0.149026 0.988419
1766747361.850547 -7.212762 11.404747 0.305530 -0.007391 0.021311 -0.152684 0.988018
1766747361.903224 -7.178661 11.391752 0.305144 -0.002193 0.013924 -0.155375 0.987755
1766747361.956795 -7.142652 11.381645 0.312090 0.004322 0.019465 -0.153185 0.987996
1766747362.015139 -7.103076 11.369858 0.313595 0.003923 0.015253 -0.151308 0.988361
1766747362.065739 -7.061875 11.355096 0.309515 0.003983 0.015895 -0.147972 0.988856
1766747362.119676 -7.027855 11.350224 0.310520 -0.008041 0.020154 -0.150028 0.988444
1766747362.172869 -6.986524 11.337342 0.313716 -0.013280 0.012280 -0.148180 0.988795
1766747362.228552 -6.939615 11.324661 0.313510 -0.018069 0.001154 -0.145432 0.989203
1766747362.279713 -6.878396 11.309402 0.306971 -0.018736 -0.004742 -0.143928 0.989399
1766747362.333037 -6.839656 11.294672 0.308899 -0.004044 0.010522 -0.138687 0.990272
1766747362.385802 -6.788163 11.281548 0.313341 -0.002925 0.006964 -0.136805 0.990569
1766747362.439464 -6.735011 11.264167 0.316078 -0.007346 -0.000504 -0.138123 0.990388
1766747362.493403 -6.673346 11.242380 0.309513 -0.008609 0.000112 -0.136772 0.990565
1766747362.547441 -6.668509 11.240769 0.311734 -0.012211 0.022329 -0.141611 0.989595
1766747362.601751 -6.612218 11.225821 0.315729 -0.015583 0.012483 -0.142272 0.989626
1766747362.651544 -6.552029 11.208819 0.317222 -0.014979 0.001083 -0.139354 0.990129
1766747362.712099 -6.509398 11.197841 0.308584 -0.012115 0.010138 -0.139466 0.990101
1766747362.759056 -6.479768 11.190445 0.310277 -0.016355 0.019873 -0.146818 0.988829
1766747362.822073 -6.426044 11.188700 0.309998 -0.028931 0.032746 -0.164503 0.985408
1766747362.876383 -6.376391 11.173625 0.302573 -0.006884 0.029240 -0.165376 0.985773
1766747362.929311 -6.341640 11.164743 0.307164 -0.009996 0.022081 -0.162212 0.986458
1766747362.982164 -6.313147 11.153591 0.309038 -0.011588 0.019943 -0.161869 0.986543
1766747363.044487 -6.277851 11.140661 0.313199 -0.013172 0.018020 -0.162646 0.986432
1766747363.088455 -6.237278 11.124105 0.313997 -0.009351 0.013363 -0.162807 0.986523
1766747363.140998 -6.198886 11.111964 0.311569 -0.008549 0.013305 -0.161320 0.986776
1766747363.205566 -6.156706 11.095054 0.314724 -0.001314 0.008736 -0.159979 0.987081
1766747363.254099 -6.111878 11.079467 0.316025 0.001032 -0.000906 -0.161044 0.986946
1766747363.300998 -6.058659 11.059526 0.316771 -0.007600 -0.008863 -0.160215 0.987013
1766747363.355925 -6.019750 11.046700 0.311078 -0.002103 0.011857 -0.162166 0.986690
1766747363.416374 -5.966451 11.025590 0.312897 -0.003514 0.012292 -0.163575 0.986448
1766747363.465412 -5.913807 11.008549 0.313808 -0.007947 0.006058 -0.161183 0.986874
1766747363.514589 -5.842849 10.987002 0.309002 -0.006747 0.002549 -0.159799 0.987123
1766747363.568709 -5.796139 10.972816 0.311131 0.002116 0.012146 -0.156183 0.987651
1766747363.623233 -5.749899 10.957159 0.314003 0.004893 0.006113 -0.155985 0.987729
1766747363.675164 -5.690068 10.943892 0.307701 -0.003881 -0.002491 -0.157872 0.987449
1766747363.750394 -5.672152 10.936857 0.303569 0.005661 0.008367 -0.155682 0.987756
1766747363.792644 -5.648515 10.931693 0.310562 -0.002151 0.010501 -0.157547 0.987453
1766747363.845867 -5.590232 10.913359 0.314482 -0.009595 -0.002347 -0.155044 0.987858
1766747363.905856 -5.520801 10.895215 0.312327 -0.009067 -0.007723 -0.152647 0.988209
1766747363.955047 -5.476977 10.875972 0.311031 0.010965 0.014133 -0.147870 0.988845
1766747364.006026 -5.416760 10.856045 0.314463 0.013534 0.010692 -0.147204 0.988956
1766747364.059393 -5.357244 10.842317 0.308325 0.002520 -0.000745 -0.148491 0.988910
1766747364.118298 -5.312452 10.823115 0.305901 0.007069 0.004336 -0.146310 0.989204
1766747364.161740 -5.274462 10.814011 0.311699 0.007458 0.013593 -0.151246 0.988375
1766747364.214652 -5.215050 10.795959 0.316933 -0.001361 0.003481 -0.150966 0.988532
1766747364.270308 -5.147397 10.776323 0.319071 -0.004239 -0.000637 -0.150378 0.988619
1766747364.331058 -5.095294 10.760314 0.314743 0.005545 0.011428 -0.145685 0.989250
1766747364.375546 -5.038711 10.742726 0.315593 0.011680 0.006222 -0.144656 0.989394
1766747364.425188 -4.979563 10.727802 0.309077 0.003319 0.001383 -0.146136 0.989258
1766747364.475518 -4.933430 10.717813 0.301392 -0.005675 0.009595 -0.145235 0.989334
1766747364.541395 -4.942864 10.715876 0.305878 -0.001288 0.009847 -0.147081 0.989075
1766747364.587707 -4.899838 10.697206 0.310388 0.006147 0.017427 -0.144806 0.989288
1766747364.635668 -4.862485 10.681997 0.310596 0.005213 0.027716 -0.143514 0.989247
1766747364.687769 -4.836937 10.666899 0.306326 -0.002203 0.026910 -0.140881 0.989658
1766747364.748772 -4.813858 10.658495 0.309081 -0.001309 0.028846 -0.136441 0.990227
1766747364.800143 -4.802608 10.649830 0.313011 0.004650 0.034242 -0.105212 0.993849
1766747364.848161 -4.797724 10.640621 0.316419 0.005269 0.043765 -0.064223 0.996962
1766747364.901836 -4.798295 10.647101 0.314317 -0.015488 0.043383 -0.043017 0.998012
1766747364.962110 -4.800261 10.644722 0.311852 -0.025846 0.025837 -0.031264 0.998843
1766747365.010105 -4.804322 10.643362 0.314787 -0.028760 0.025298 -0.029284 0.998837
1766747365.062701 -4.806648 10.639184 0.315512 -0.029338 0.025215 -0.023978 0.998964
1766747365.115771 -4.809685 10.632989 0.315861 -0.030175 0.025110 -0.018744 0.999053
1766747365.171726 -4.810281 10.625170 0.315899 -0.030440 0.023252 -0.026215 0.998922
1766747365.222301 -4.811823 10.617820 0.317252 -0.027268 0.019561 -0.060946 0.997577
1766747365.275937 -4.815479 10.612782 0.318298 -0.025167 0.014728 -0.102032 0.994354
1766747365.330521 -4.816010 10.607452 0.319030 -0.032243 0.017253 -0.128115 0.991085
1766747365.385943 -4.816618 10.598443 0.320010 -0.025157 0.011314 -0.133174 0.990709
1766747365.458925 -4.816757 10.594006 0.317649 -0.031279 0.011336 -0.131311 0.990783
1766747365.489389 -4.814341 10.583454 0.315114 -0.027882 0.015132 -0.132345 0.990696
1766747365.544597 -4.808872 10.572822 0.311945 -0.026124 0.016580 -0.134010 0.990497
1766747365.601977 -4.800070 10.563975 0.310987 -0.023092 0.013179 -0.132365 0.990844
1766747365.648586 -4.787361 10.558611 0.307724 -0.021216 0.010880 -0.131663 0.991008
1766747365.707686 -4.774315 10.555248 0.307502 -0.019549 0.011109 -0.131501 0.991061
1766747365.754701 -4.762268 10.555200 0.307682 -0.022013 0.012825 -0.130807 0.991081
1766747365.804564 -4.751658 10.551948 0.306374 -0.025041 0.013768 -0.129639 0.991150
1766747365.860475 -4.735501 10.547020 0.302372 -0.027766 0.011273 -0.127351 0.991405
1766747365.912370 -4.724396 10.543703 0.305670 -0.026793 0.020053 -0.128977 0.991083
1766747365.966174 -4.707972 10.537776 0.305970 -0.020254 0.019229 -0.127702 0.991419
1766747366.019236 -4.688304 10.529428 0.304879 -0.010884 0.017326 -0.124718 0.991981
1766747366.068751 -4.665678 10.519325 0.303248 -0.000135 0.016310 -0.123510 0.992209
1766747366.122914 -4.639752 10.514294 0.302092 -0.010339 0.010624 -0.123879 0.992187
1766747366.176787 -4.618131 10.504520 0.302354 0.001424 0.008786 -0.123231 0.992338
1766747366.231373 -4.598885 10.497731 0.305806 0.006338 0.005939 -0.123296 0.992332
1766747366.280981 -4.576010 10.492083 0.308178 0.012149 0.001324 -0.122080 0.992445
1766747366.349219 -4.550022 10.484293 0.309017 0.010780 -0.004201 -0.122026 0.992460
1766747366.388859 -4.522057 10.475742 0.308884 0.010148 -0.009350 -0.121397 0.992508
1766747366.440962 -4.488357 10.470011 0.310010 -0.011211 0.007022 -0.123518 0.992254
1766747366.510289 -4.463828 10.465671 0.314250 -0.005292 0.015018 -0.123623 0.992202
1766747366.548847 -4.435472 10.461886 0.317682 -0.014313 0.012737 -0.123662 0.992140
1766747366.601609 -4.403618 10.457870 0.316435 -0.022668 0.009226 -0.123084 0.992094
1766747366.653813 -4.370004 10.452841 0.313179 -0.025179 0.006716 -0.122454 0.992132
1766747366.715477 -4.337317 10.447499 0.310725 -0.014153 0.010308 -0.118265 0.992828
1766747366.764521 -4.316281 10.437827 0.307740 -0.016341 0.027890 -0.101124 0.994349
1766747366.815074 -4.296703 10.430126 0.309177 -0.019020 0.033049 -0.086949 0.995483
1766747366.867839 -4.279084 10.426577 0.308097 -0.015473 0.032268 -0.082526 0.995946
1766747366.929841 -4.260637 10.425698 0.307466 -0.017540 0.034519 -0.084439 0.995676
1766747366.980347 -4.243021 10.424953 0.306180 -0.018550 0.037649 -0.084635 0.995528
1766747367.031720 -4.229596 10.424509 0.307312 -0.014611 0.032416 -0.082410 0.995964
1766747367.084888 -4.214391 10.422383 0.309257 -0.015160 0.033601 -0.075628 0.996455
1766747367.143415 -4.201576 10.419423 0.310501 -0.016310 0.036205 -0.065589 0.997056
1766747367.193645 -4.194361 10.417613 0.307081 -0.016942 0.036116 -0.062514 0.997247
1766747367.247009 -4.188173 10.416625 0.306219 -0.018924 0.034933 -0.061855 0.997294
1766747367.299228 -4.177988 10.416031 0.305818 -0.020961 0.034422 -0.061741 0.997278
1766747367.352224 -4.163640 10.414825 0.305257 -0.018120 0.036521 -0.059676 0.997385
1766747367.407923 -4.148063 10.413226 0.304072 -0.011984 0.037493 -0.056765 0.997611
1766747367.462466 -4.130671 10.412207 0.302529 -0.011175 0.038831 -0.055558 0.997638
1766747367.514763 -4.112276 10.409990 0.300470 -0.010668 0.036140 -0.054304 0.997813
1766747367.567966 -4.091644 10.407441 0.297470 -0.012536 0.032803 -0.052655 0.997995
1766747367.627529 -4.067613 10.405880 0.297526 -0.016516 0.022222 -0.050552 0.998338
1766747367.676012 -4.048186 10.401396 0.302775 -0.005409 0.020876 -0.038013 0.999045
1766747367.730233 -4.032004 10.399482 0.304434 -0.000830 0.016948 -0.019099 0.999674
1766747367.783130 -4.011096 10.399613 0.305358 0.000838 0.011149 -0.006161 0.999919
1766747367.842010 -3.987825 10.399023 0.305497 -0.001634 0.007267 -0.004106 0.999964
1766747367.892271 -3.960872 10.398918 0.304860 -0.003444 0.004570 -0.005225 0.999970
1766747367.945811 -3.935870 10.399011 0.306278 -0.012054 0.007287 -0.008528 0.999865
1766747367.994474 -3.906878 10.401574 0.311412 -0.015757 0.005388 -0.007325 0.999835
1766747368.054619 -3.876616 10.403524 0.313151 -0.016470 0.005391 -0.005016 0.999837
1766747368.104586 -3.841132 10.406146 0.311505 -0.018594 0.000555 -0.003046 0.999822
1766747368.166785 -3.799980 10.409535 0.309565 -0.018133 -0.011780 -0.001062 0.999766
1766747368.207831 -3.753333 10.410763 0.311682 -0.001300 -0.005961 0.003866 0.999974
1766747368.261192 -3.708780 10.410143 0.313466 -0.003630 0.002474 0.007524 0.999962
1766747368.313730 -3.662531 10.407838 0.316516 0.007706 -0.004437 0.007174 0.999935
1766747368.368633 -3.615222 10.405890 0.318095 0.006289 -0.011124 0.005640 0.999903
1766747368.425871 -3.550131 10.404559 0.311850 0.000287 -0.010184 0.005374 0.999934
1766747368.486169 -3.498528 10.400865 0.313998 0.000593 0.016032 0.001049 0.999871
1766747368.533171 -3.447914 10.400315 0.316804 -0.002913 0.015521 0.000388 0.999875
1766747368.583887 -3.393225 10.393970 0.317904 -0.003051 0.010334 -0.015626 0.999820
1766747368.638601 -3.357968 10.397863 0.308805 -0.014489 0.007246 -0.055630 0.998320
1766747368.692998 -3.317488 10.394134 0.311658 -0.000321 -0.000612 -0.099425 0.995045
1766747368.756099 -3.276949 10.391281 0.324697 0.000138 0.009809 -0.146969 0.989093
1766747368.799091 -3.245389 10.383133 0.327857 -0.005512 0.018929 -0.195421 0.980522
1766747368.854728 -3.214061 10.370762 0.321406 0.006733 0.005823 -0.258310 0.966021
1766747368.904335 -3.189638 10.370235 0.323107 -0.008371 0.011473 -0.315164 0.948931
1766747368.967843 -3.173216 10.361654 0.326092 -0.013660 0.010908 -0.372596 0.927829
1766747369.011710 -3.153949 10.346859 0.323305 -0.019115 -0.000087 -0.428536 0.903323
1766747369.068879 -3.154138 10.291636 0.321065 0.002611 0.004972 -0.473306 0.880880
1766747369.119016 -3.159087 10.253493 0.316433 0.021392 0.024724 -0.490648 0.870745
1766747369.179552 -3.146966 10.233985 0.319658 0.025139 0.014116 -0.492227 0.869989
1766747369.225202 -3.134960 10.215837 0.321505 0.022804 0.000660 -0.492778 0.869856
1766747369.278169 -3.121191 10.190802 0.320317 0.014256 -0.008427 -0.492493 0.870159
1766747369.332913 -3.100730 10.158533 0.311400 0.000047 0.001924 -0.494037 0.869439
1766747369.389020 -3.090263 10.131342 0.308807 0.008058 0.014044 -0.498699 0.866624
1766747369.439587 -3.069917 10.098616 0.310912 -0.001385 0.014213 -0.498866 0.866562
1766747369.492887 -3.050378 10.062579 0.310393 -0.006271 0.008176 -0.501149 0.865300
1766747369.544587 -3.033299 10.018475 0.302583 0.002277 0.004482 -0.514549 0.857446
1766747369.613627 -3.015682 9.996516 0.303340 -0.024153 0.013739 -0.539605 0.841460
1766747369.648032 -3.008557 9.970220 0.313412 -0.003606 0.004544 -0.560593 0.828071
1766747369.702808 -2.996706 9.943827 0.319804 -0.001836 0.004307 -0.593880 0.804540
1766747369.754272 -2.987544 9.913481 0.321643 0.000126 0.005633 -0.635404 0.772160
1766747369.811713 -2.984080 9.888617 0.320273 0.003123 -0.002156 -0.674665 0.738115
1766747369.866537 -2.979798 9.863359 0.319165 -0.005935 0.000192 -0.715580 0.698505
1766747369.914599 -2.976152 9.849432 0.321398 -0.005801 0.014267 -0.747348 0.664254
1766747369.967083 -2.976190 9.825239 0.319492 -0.004201 0.018587 -0.756343 0.653897
1766747370.021419 -2.979303 9.794971 0.316924 0.000581 0.013642 -0.758298 0.651765
1766747370.078335 -2.985904 9.759144 0.313919 0.001810 0.005671 -0.756811 0.653607
1766747370.130728 -2.985482 9.723031 0.311519 -0.000128 0.009652 -0.756487 0.653937
1766747370.184645 -2.992100 9.687368 0.312758 0.005230 0.001245 -0.756874 0.653539
1766747370.241100 -2.995718 9.657717 0.313938 0.006258 -0.007166 -0.757308 0.652988
1766747370.290107 -3.002825 9.608724 0.314579 -0.002220 -0.006472 -0.757790 0.652463
1766747370.341004 -3.012698 9.556967 0.313319 -0.003814 -0.000947 -0.755899 0.654677
1766747370.394775 -3.016282 9.531428 0.308562 0.005078 0.005786 -0.758118 0.652073
1766747370.447877 -3.024039 9.483027 0.309395 -0.004187 0.009084 -0.757494 0.652765
1766747370.506396 -3.032885 9.426980 0.310703 -0.009211 0.003472 -0.755716 0.654826
1766747370.553180 -3.037896 9.364971 0.309940 -0.005356 0.006692 -0.755380 0.655231
1766747370.608021 -3.045877 9.322070 0.310851 0.005589 -0.002127 -0.751850 0.659307
1766747370.662552 -3.054731 9.266305 0.315858 0.003937 -0.010586 -0.751790 0.659306
1766747370.724807 -3.066327 9.205786 0.319210 -0.009214 -0.011793 -0.752284 0.658669
1766747370.771091 -3.062642 9.193285 0.307373 0.002067 0.008620 -0.753185 0.657749
1766747370.819014 -3.075037 9.169154 0.310853 0.026094 -0.003753 -0.761051 0.648157
1766747370.870965 -3.079623 9.114496 0.310754 0.024024 0.005886 -0.771734 0.635465
1766747370.924825 -3.090766 9.072132 0.297893 0.021942 0.012929 -0.774911 0.631557
1766747370.983236 -3.099653 9.031591 0.299443 0.010101 0.009802 -0.775538 0.631145
1766747371.036071 -3.113822 8.991990 0.305567 0.023492 -0.001060 -0.772509 0.634569
1766747371.088358 -3.120796 8.955612 0.310016 0.017341 0.000267 -0.772905 0.634285
1766747371.149265 -3.132638 8.908978 0.311595 0.009164 0.000835 -0.772060 0.635483
1766747371.194336 -3.135821 8.888602 0.307904 0.009633 0.013903 -0.773814 0.633187
1766747371.247480 -3.143744 8.845881 0.312142 0.002937 0.012222 -0.774864 0.632004
1766747371.307760 -3.151105 8.797915 0.313051 -0.011312 0.006510 -0.773458 0.633713
1766747371.355079 -3.158085 8.745621 0.313151 -0.021770 -0.000898 -0.771695 0.635619
1766747371.408610 -3.171041 8.695747 0.306921 -0.002737 0.006120 -0.774164 0.632949
1766747371.462754 -3.176975 8.652507 0.308844 -0.012074 0.021168 -0.782746 0.621864
1766747371.514894 -3.179978 8.614012 0.313923 -0.011932 0.027879 -0.800477 0.598596
1766747371.567199 -3.178184 8.569617 0.311333 -0.009799 0.038578 -0.811095 0.583559
1766747371.618962 -3.184821 8.536670 0.308276 -0.010358 0.032367 -0.812169 0.582432
1766747371.670620 -3.189610 8.507217 0.311168 -0.016928 0.031068 -0.810824 0.584220
1766747371.724059 -3.193084 8.491515 0.314658 -0.015257 0.025481 -0.809878 0.585846
1766747371.780016 -3.201843 8.466855 0.317813 -0.013187 0.018204 -0.810359 0.585503
1766747371.833399 -3.209229 8.439823 0.316286 -0.013904 0.013739 -0.810160 0.585883
1766747371.887357 -3.218298 8.411613 0.312405 -0.014298 0.008420 -0.809350 0.587092
1766747371.943568 -3.228923 8.381376 0.307782 -0.003301 0.007325 -0.807820 0.589375
1766747371.994405 -3.235973 8.354973 0.308941 -0.006783 0.012151 -0.808155 0.588806
1766747372.058865 -3.245077 8.332097 0.310413 -0.008173 0.005229 -0.814068 0.580688
1766747372.100464 -3.252764 8.304720 0.310816 -0.009734 0.010105 -0.818376 0.574513
1766747372.154262 -3.261218 8.277023 0.309367 -0.012099 0.015319 -0.818717 0.573866
1766747372.217643 -3.270201 8.250287 0.308556 -0.015287 0.008974 -0.819043 0.573458
1766747372.269684 -3.278654 8.223002 0.310967 -0.020985 0.016778 -0.825434 0.563859
1766747372.314153 -3.283307 8.203229 0.313237 -0.017164 0.020041 -0.833081 0.552521
1766747372.367834 -3.291885 8.184766 0.312884 -0.012507 0.018689 -0.835899 0.548423
1766747372.420557 -3.301960 8.163239 0.312142 -0.004948 0.016902 -0.835688 0.548922
1766747372.477996 -3.312557 8.139807 0.310486 -0.001120 0.016739 -0.835062 0.549900
1766747372.527481 -3.325900 8.113799 0.307823 0.008018 0.013895 -0.833943 0.551617
1766747372.583745 -3.334840 8.086009 0.306866 -0.002641 0.018557 -0.833129 0.552762
1766747372.635192 -3.348653 8.062368 0.306674 0.002035 0.011171 -0.832231 0.554312
1766747372.687364 -3.357080 8.040680 0.308842 0.002615 0.007077 -0.832365 0.554177
1766747372.741008 -3.366002 8.015557 0.309353 0.001064 0.005641 -0.833124 0.553056
1766747372.795219 -3.377826 7.986814 0.309356 -0.003581 0.006445 -0.833060 0.553134
1766747372.847853 -3.394252 7.954453 0.308771 -0.003575 0.005774 -0.831800 0.555035
1766747372.906240 -3.403723 7.923673 0.313778 -0.008018 0.014503 -0.833623 0.552086
1766747372.955161 -3.414166 7.896194 0.315570 -0.005214 0.015189 -0.832079 0.554425
1766747373.008769 -3.430543 7.858276 0.315665 -0.007319 0.014447 -0.831072 0.555929
1766747373.059903 -3.446031 7.815882 0.314825 -0.011962 0.012719 -0.830190 0.557208
1766747373.118714 -3.462671 7.768511 0.313635 -0.008622 0.008099 -0.829667 0.558133
1766747373.181288 -3.476808 7.729916 0.311938 0.003225 0.007007 -0.827591 0.561278
1766747373.229212 -3.496934 7.685356 0.315722 0.000150 -0.004735 -0.827639 0.561240
1766747373.274899 -3.515747 7.642101 0.317882 -0.008646 -0.006426 -0.828643 0.559674
1766747373.330780 -3.542299 7.582526 0.312200 -0.011215 -0.003591 -0.828239 0.560251
1766747373.384884 -3.556374 7.557322 0.311743 0.013387 0.007135 -0.830490 0.556827
1766747373.435041 -3.578064 7.507058 0.313903 0.008221 0.011157 -0.830632 0.556649
1766747373.487054 -3.602256 7.450274 0.315479 0.001639 0.007546 -0.829081 0.559076
1766747373.539406 -3.620477 7.393107 0.311029 -0.002822 0.015014 -0.828823 0.559303
1766747373.604176 -3.649351 7.340621 0.313809 0.007573 -0.001424 -0.826632 0.562691
1766747373.647831 -3.669469 7.290492 0.318760 -0.000076 -0.004676 -0.827164 0.561941
1766747373.700399 -3.699225 7.228420 0.318105 -0.009744 -0.006907 -0.826770 0.562414
1766747373.757742 -3.702033 7.210340 0.313383 0.010617 0.012789 -0.828746 0.559378
1766747373.818012 -3.726986 7.156928 0.314330 0.007687 0.016635 -0.829091 0.558813
1766747373.863299 -3.751541 7.094269 0.315359 -0.002815 0.011553 -0.827629 0.561149
1766747373.914875 -3.770637 7.038423 0.306610 -0.005751 0.017975 -0.826901 0.562032
1766747373.968175 -3.782540 7.020093 0.311657 0.005214 0.007165 -0.824118 0.566349
1766747374.036370 -3.806321 6.961591 0.317228 0.001292 0.003095 -0.824852 0.565339
1766747374.082763 -3.836493 6.895138 0.304414 -0.006031 0.003149 -0.824384 0.565991
1766747374.130990 -3.832628 6.897420 0.309420 0.009628 0.016779 -0.825390 0.564232
1766747374.184698 -3.858443 6.837368 0.312958 0.003936 0.011964 -0.825272 0.564596
1766747374.238841 -3.882477 6.774167 0.306785 -0.006507 0.006076 -0.823151 0.567753
1766747374.290709 -3.899306 6.732466 0.306186 -0.003010 0.012082 -0.822220 0.569034
1766747374.350357 -3.918787 6.686229 0.310715 0.006622 0.002773 -0.819641 0.572833
1766747374.414486 -3.943963 6.624288 0.314940 -0.003133 -0.001160 -0.820223 0.572035
1766747374.455274 -3.971301 6.563355 0.302939 -0.006627 -0.001247 -0.820010 0.572309
1766747374.516332 -3.969899 6.562003 0.308859 0.010526 0.008695 -0.822157 0.569098
1766747374.562953 -3.994524 6.496646 0.313991 0.000979 0.005759 -0.821781 0.569773
1766747374.614400 -4.018470 6.431530 0.298586 -0.008051 0.000962 -0.820747 0.571235
1766747374.666312 -4.039435 6.374816 0.308968 0.001868 0.005989 -0.819122 0.573585
1766747374.730138 -4.063765 6.306169 0.314140 0.006480 -0.001365 -0.818308 0.574742
1766747374.774816 -4.089386 6.244410 0.317786 -0.003574 -0.004918 -0.818729 0.574149
1766747374.828195 -4.100859 6.208852 0.305396 -0.001767 0.006995 -0.818695 0.574184
1766747374.882032 -4.114774 6.181856 0.310227 0.008759 0.012118 -0.819512 0.572867
1766747374.937438 -4.138090 6.117817 0.313548 -0.001770 0.007900 -0.818431 0.574548
1766747374.988468 -4.162267 6.042994 0.301278 -0.003756 0.006847 -0.817774 0.575486
1766747375.042309 -4.169193 6.047267 0.308575 0.007163 0.003393 -0.814851 0.579616
1766747375.095104 -4.191012 5.988403 0.316013 0.006145 -0.004667 -0.814237 0.580481
1766747375.152269 -4.215116 5.926186 0.297567 -0.008161 -0.004380 -0.814488 0.580106
1766747375.198954 -4.208140 5.928845 0.306931 0.005511 0.010690 -0.815260 0.578970
1766747375.254241 -4.229292 5.879868 0.312404 0.008027 0.011963 -0.816418 0.577282
1766747375.314337 -4.244682 5.841784 0.310737 0.005982 0.010573 -0.815197 0.579056
1766747375.364568 -4.270278 5.775774 0.300280 0.004865 0.021540 -0.813795 0.580732
1766747375.411387 -4.291630 5.728968 0.300839 -0.009887 0.017685 -0.812902 0.582048
1766747375.464470 -4.304584 5.690072 0.306259 -0.001088 0.021440 -0.812042 0.583203
1766747375.514159 -4.312157 5.653384 0.296889 0.001154 0.032830 -0.816329 0.576653
1766747375.578637 -4.323349 5.622140 0.299907 0.003277 0.014266 -0.824595 0.565534
1766747375.619427 -4.328887 5.595309 0.306565 0.000483 0.020635 -0.835568 0.549000
1766747375.672465 -4.338304 5.575824 0.313376 0.002615 0.020894 -0.849925 0.526483
1766747375.728424 -4.348642 5.553123 0.315146 0.002273 0.022017 -0.859328 0.510945
1766747375.783459 -4.362511 5.530484 0.315034 0.010284 0.019868 -0.861124 0.507904
1766747375.836162 -4.377574 5.508216 0.312914 0.016700 0.016725 -0.859714 0.510229
1766747375.887809 -4.390765 5.485250 0.310440 0.009094 0.018073 -0.858511 0.512397
1766747375.940407 -4.404845 5.459868 0.306119 0.007131 0.011020 -0.857659 0.514052
1766747375.996139 -4.416116 5.439802 0.308834 0.014194 0.006896 -0.849492 0.527366
1766747376.049625 -4.424680 5.420299 0.310045 0.013444 0.002011 -0.835303 0.549623
1766747376.103796 -4.433140 5.397767 0.309884 0.002821 0.003630 -0.816311 0.577595
1766747376.159580 -4.440277 5.373005 0.309023 -0.005130 0.004118 -0.794592 0.607109
1766747376.209810 -4.443862 5.345939 0.305244 -0.006846 0.013081 -0.772020 0.635427
1766747376.273738 -4.445922 5.324655 0.306765 -0.008700 0.014434 -0.752408 0.658482
1766747376.318252 -4.444657 5.300995 0.311593 -0.012326 0.016750 -0.725113 0.688316
1766747376.370635 -4.441233 5.277876 0.314611 -0.013141 0.021076 -0.693315 0.720206
1766747376.424232 -4.440457 5.252337 0.314484 -0.015133 0.023573 -0.660633 0.750186
1766747376.491024 -4.437057 5.227541 0.312795 -0.012591 0.022219 -0.626654 0.778879
1766747376.532527 -4.434249 5.204762 0.315356 -0.007230 0.019716 -0.592048 0.805629
1766747376.583990 -4.429993 5.191165 0.315043 -0.000114 0.012134 -0.558985 0.829089
1766747376.638567 -4.423048 5.176798 0.312511 -0.001117 -0.000013 -0.519571 0.854427
1766747376.695520 -4.413420 5.159306 0.307993 -0.002806 -0.011349 -0.476397 0.879153
1766747376.745283 -4.398961 5.145668 0.309855 -0.005216 0.008056 -0.440830 0.897539
1766747376.796862 -4.383955 5.132184 0.311817 0.003231 0.013350 -0.406123 0.913715
1766747376.849290 -4.366124 5.122979 0.314661 -0.007486 0.019553 -0.366734 0.930090
1766747376.907409 -4.349054 5.108487 0.320151 -0.016706 0.023189 -0.326993 0.944595
1766747376.956804 -4.330071 5.088631 0.316400 -0.008830 0.010150 -0.309887 0.950678
1766747377.009856 -4.304675 5.074644 0.309401 -0.004866 0.007735 -0.309365 0.950900
1766747377.062901 -4.282684 5.057783 0.309842 -0.002320 0.001032 -0.311091 0.950377
1766747377.123490 -4.271006 5.048682 0.311219 0.000434 0.003099 -0.310358 0.950615
1766747377.169317 -4.247058 5.033814 0.313266 0.002398 0.001203 -0.308087 0.951354
1766747377.219270 -4.221445 5.016886 0.312211 -0.001966 0.002777 -0.307534 0.951531
1766747377.274918 -4.196732 4.999815 0.310038 -0.006123 0.005160 -0.307227 0.951603
1766747377.329579 -4.171136 4.982486 0.309031 -0.010357 0.012511 -0.307450 0.951426
1766747377.387744 -4.146804 4.968668 0.314929 -0.013171 0.014997 -0.306490 0.951665
1766747377.434697 -4.127596 4.954508 0.316761 -0.013046 0.016737 -0.301052 0.953372
1766747377.489511 -4.103050 4.938517 0.316668 -0.012462 0.017678 -0.288961 0.957097
1766747377.540739 -4.077147 4.920289 0.313488 -0.006701 0.020140 -0.281184 0.959419
1766747377.596093 -4.051238 4.903897 0.310413 -0.009097 0.017680 -0.279312 0.959995
1766747377.649241 -4.029196 4.886335 0.309275 -0.006770 0.010815 -0.278831 0.960256
1766747377.707093 -4.012175 4.874964 0.312557 -0.001133 0.011001 -0.277546 0.960649
1766747377.770366 -3.990431 4.862966 0.313341 0.001843 0.007282 -0.277438 0.960714
1766747377.824050 -3.965491 4.848181 0.312451 -0.004761 0.005213 -0.277590 0.960674
1766747377.877324 -3.935566 4.830051 0.309553 -0.009660 0.006576 -0.276340 0.960989
1766747377.930864 -3.911718 4.815229 0.311249 -0.012737 0.012956 -0.278526 0.960257
1766747377.984233 -3.889101 4.804080 0.315399 -0.014304 0.013141 -0.276961 0.960685
1766747378.047077 -3.866944 4.790220 0.316449 -0.013242 0.014218 -0.275135 0.961209
1766747378.091655 -3.837678 4.774422 0.314477 -0.015094 0.012436 -0.273595 0.961646
1766747378.146718 -3.810325 4.757984 0.311579 -0.011853 0.011251 -0.271871 0.962195
1766747378.195770 -3.780325 4.738886 0.307520 -0.004500 0.015879 -0.269332 0.962906
1766747378.250267 -3.755496 4.720462 0.306925 -0.007988 0.013563 -0.268389 0.963182
1766747378.304189 -3.733580 4.705648 0.310977 -0.004030 0.007421 -0.267519 0.963516
1766747378.358962 -3.707840 4.690541 0.311482 -0.001441 0.004670 -0.268333 0.963314
1766747378.424237 -3.688027 4.678226 0.310454 -0.003032 0.002443 -0.268848 0.963175
1766747378.467763 -3.656907 4.658457 0.307893 -0.004756 0.001218 -0.268409 0.963293
1766747378.524105 -3.625110 4.643363 0.307663 -0.009238 0.016254 -0.260123 0.965395
1766747378.570717 -3.604784 4.631530 0.312427 -0.005965 0.015348 -0.245224 0.969327
1766747378.624478 -3.580443 4.620294 0.316776 -0.012363 0.015438 -0.224123 0.974360
1766747378.682224 -3.554898 4.609786 0.317831 -0.016638 0.014371 -0.202835 0.978966
1766747378.740534 -3.530965 4.597996 0.316447 -0.011925 0.013059 -0.193276 0.980985
1766747378.785173 -3.505570 4.586913 0.313120 -0.006270 0.011099 -0.192551 0.981204
1766747378.837353 -3.480122 4.575549 0.310806 -0.009423 0.000540 -0.193218 0.981111
1766747378.892961 -3.460802 4.564855 0.314337 -0.001731 0.004720 -0.190696 0.981636
1766747378.962185 -3.439944 4.555982 0.315126 0.003530 0.000845 -0.189195 0.981933
1766747378.999032 -3.417197 4.546715 0.313962 0.002094 -0.000968 -0.189461 0.981886
1766747379.080905 -3.391567 4.535040 0.311739 0.001530 -0.003661 -0.189337 0.981904
1766747379.113986 -3.357430 4.523933 0.308973 -0.012593 0.009224 -0.190284 0.981605
1766747379.167449 -3.329401 4.511631 0.313812 -0.005895 0.012711 -0.190551 0.981577
1766747379.221656 -3.307673 4.505072 0.316956 -0.008565 0.010250 -0.188473 0.981988
1766747379.274485 -3.282104 4.495046 0.317630 -0.009841 0.009859 -0.181436 0.983304
1766747379.335937 -3.251159 4.484167 0.316800 -0.007991 0.009498 -0.166044 0.986040
1766747379.384147 -3.223709 4.474374 0.312803 0.000837 0.014863 -0.145466 0.989251
1766747379.443222 -3.194160 4.467376 0.309331 -0.013712 0.014090 -0.119040 0.992695
1766747379.490552 -3.178557 4.457725 0.313005 -0.005932 0.018008 -0.087121 0.996017
1766747379.545488 -3.158568 4.456057 0.313789 -0.008290 0.020489 -0.052805 0.998360
1766747379.599277 -3.136316 4.456495 0.313255 -0.015283 0.020550 -0.021098 0.999449
1766747379.664464 -3.111556 4.458416 0.310842 -0.021148 0.026530 -0.010104 0.999373
1766747379.716762 -3.083873 4.454746 0.306535 -0.010533 0.015943 -0.011779 0.999748
1766747379.770412 -3.062112 4.455515 0.309767 -0.018934 0.020600 -0.012398 0.999532
1766747379.820138 -3.040402 4.454802 0.312147 -0.021193 0.021297 -0.011266 0.999485
1766747379.878421 -3.010902 4.455001 0.312725 -0.021048 0.019803 -0.008680 0.999545
1766747379.930325 -2.984815 4.453439 0.312960 -0.012957 0.017518 -0.014217 0.999662
1766747379.986815 -2.958067 4.453238 0.308443 -0.020122 0.016445 -0.039946 0.998864
1766747380.049794 -2.939410 4.449956 0.310724 -0.008772 0.013908 -0.072232 0.997252
1766747380.095667 -2.918204 4.446877 0.317788 0.000144 0.014113 -0.104776 0.994396
1766747380.151121 -2.895789 4.442290 0.319587 0.002247 0.013958 -0.123465 0.992248
1766747380.211918 -2.872773 4.437670 0.318000 -0.000106 0.011565 -0.123450 0.992284
1766747380.258659 -2.850417 4.432022 0.319760 -0.009327 0.021756 -0.102592 0.994442
1766747380.309649 -2.825285 4.428566 0.319027 -0.007138 0.023261 -0.074570 0.996919
1766747380.363428 -2.800281 4.428343 0.319145 -0.009019 0.026209 -0.040923 0.998778
1766747380.425583 -2.772512 4.425350 0.315644 -0.003820 0.025371 -0.007707 0.999641
1766747380.470432 -2.745029 4.425963 0.313789 -0.012941 0.017760 0.029226 0.999331
1766747380.523415 -2.725856 4.422702 0.316249 -0.008789 0.021017 0.067570 0.997455
1766747380.576665 -2.705244 4.427528 0.317284 -0.017133 0.017033 0.110010 0.993637
1766747380.636210 -2.680495 4.435292 0.316156 -0.021936 0.010146 0.152973 0.987935
1766747380.689102 -2.648687 4.448495 0.309684 -0.020231 0.008550 0.199649 0.979621
1766747380.739577 -2.638562 4.456282 0.310044 -0.028714 0.008686 0.232189 0.972208
1766747380.794638 -2.621180 4.470128 0.317402 -0.036230 0.001299 0.273345 0.961233
1766747380.847267 -2.602972 4.487143 0.318487 -0.046758 -0.008958 0.317257 0.947144
1766747380.911223 -2.579010 4.502663 0.315779 -0.034049 -0.000455 0.360736 0.932046
1766747380.958862 -2.562703 4.521669 0.315322 -0.037781 0.001678 0.405953 0.913111
1766747381.010047 -2.547009 4.535870 0.316796 -0.026056 0.004299 0.437878 0.898647
1766747381.059859 -2.531963 4.554618 0.316143 -0.012420 0.004907 0.452547 0.891641
1766747381.113551 -2.516363 4.575036 0.315512 -0.008202 0.000927 0.453189 0.891376
1766747381.165447 -2.500658 4.597376 0.313256 -0.005296 -0.002613 0.451518 0.892243
1766747381.219933 -2.485073 4.619201 0.309635 -0.008842 0.000598 0.450601 0.892682
1766747381.283739 -2.469788 4.643114 0.313517 -0.013568 -0.001710 0.448814 0.893520
1766747381.332510 -2.461548 4.659018 0.313046 -0.014440 0.001027 0.450897 0.892459
1766747381.379793 -2.441155 4.690491 0.313523 -0.014920 -0.001531 0.452228 0.891776
1766747381.433802 -2.421748 4.725202 0.312432 -0.010222 -0.011372 0.453887 0.890928
1766747381.487097 -2.398841 4.758895 0.311973 0.000564 -0.014024 0.457150 0.889279
1766747381.557084 -2.377165 4.796371 0.308498 -0.012062 0.002478 0.471041 0.882025
1766747381.595763 -2.356906 4.826536 0.311770 -0.004313 0.000310 0.480798 0.876821
1766747381.647266 -2.339855 4.856320 0.313704 -0.003440 0.001341 0.480913 0.876761
1766747381.700421 -2.320444 4.889540 0.313499 -0.006837 -0.004763 0.479936 0.877264
1766747381.757333 -2.295430 4.926406 0.311301 -0.006903 -0.002695 0.481366 0.876488
1766747381.807616 -2.282101 4.956004 0.312058 -0.013061 -0.000202 0.479000 0.877718
1766747381.861972 -2.264114 4.984502 0.314483 -0.013217 0.002587 0.479957 0.877189
1766747381.922841 -2.244394 5.015716 0.314180 -0.013128 0.005058 0.481883 0.876123
1766747381.970123 -2.221185 5.049796 0.311433 -0.009246 0.009403 0.483672 0.875150
1766747382.022991 -2.201955 5.083124 0.304160 -0.015119 0.007361 0.488758 0.872257
1766747382.073029 -2.185570 5.103512 0.305598 -0.012236 0.008031 0.501715 0.864909
1766747382.127155 -2.172079 5.122818 0.311117 -0.006397 0.010955 0.520391 0.853834
1766747382.180270 -2.163933 5.144073 0.312588 -0.007189 0.010192 0.541031 0.840910
1766747382.233562 -2.155704 5.167174 0.312430 -0.009014 0.007454 0.565881 0.824404
1766747382.286637 -2.148702 5.195714 0.310936 -0.011755 0.008906 0.585391 0.810617
1766747382.339968 -2.141415 5.219097 0.306561 -0.005289 0.006709 0.587914 0.808878
1766747382.393417 -2.136105 5.240179 0.307371 -0.011391 -0.003531 0.586648 0.809754
1766747382.457239 -2.131447 5.260788 0.311255 -0.015156 -0.002029 0.590009 0.807252
1766747382.501586 -2.125620 5.282300 0.312204 -0.019108 -0.001114 0.600119 0.799682
1766747382.554515 -2.119609 5.307506 0.311432 -0.020809 -0.001082 0.606273 0.794984
1766747382.607394 -2.112331 5.334398 0.309587 -0.018612 0.000430 0.609060 0.792906
1766747382.659207 -2.104501 5.361129 0.306685 -0.015557 0.005430 0.609860 0.792338
1766747382.715279 -2.098904 5.386642 0.306243 -0.026299 -0.008262 0.591901 0.805540
1766747382.766902 -2.089960 5.406251 0.309403 -0.016390 -0.001982 0.569264 0.821989
1766747382.819731 -2.083001 5.424693 0.313123 -0.008624 0.000393 0.543768 0.839191
1766747382.881366 -2.073314 5.447602 0.314650 -0.013803 -0.000612 0.512391 0.858641
1766747382.927364 -2.064009 5.464749 0.314986 -0.007278 -0.000581 0.476684 0.879044
1766747382.978845 -2.059023 5.483062 0.318475 -0.010821 -0.007003 0.437990 0.898887
1766747383.034656 -2.056695 5.491581 0.320513 -0.015392 -0.003259 0.397405 0.917509
1766747383.086904 -2.051436 5.495984 0.320095 -0.009678 0.009305 0.357996 0.933627
1766747383.140438 -2.048236 5.499824 0.317191 0.001887 0.027106 0.312527 0.949520
1766747383.193869 -2.046855 5.501373 0.312430 0.007938 0.034492 0.260568 0.964806
1766747383.246668 -2.044816 5.504410 0.310154 0.002457 0.023277 0.212106 0.976966
1766747383.302103 -2.047314 5.512568 0.310551 0.006531 0.030663 0.185947 0.982060
1766747383.354702 -2.051942 5.510446 0.312217 0.009983 0.035286 0.185180 0.982020
1766747383.408061 -2.062117 5.511948 0.311985 0.006260 0.034261 0.187240 0.981697
1766747383.459718 -2.074383 5.510984 0.312151 -0.002618 0.036269 0.188857 0.981331
1766747383.517071 -2.090296 5.507044 0.311255 0.001115 0.032630 0.189827 0.981275
1766747383.566956 -2.108031 5.503512 0.312118 -0.005777 0.029862 0.189947 0.981323
1766747383.619293 -2.121308 5.497351 0.312642 -0.004644 0.032374 0.191797 0.980890
1766747383.673970 -2.131960 5.493564 0.313297 -0.000498 0.038493 0.183266 0.982309
1766747383.727366 -2.146657 5.489520 0.312315 -0.003078 0.034324 0.162219 0.986153
1766747383.796370 -2.155943 5.487154 0.308282 -0.010038 0.028931 0.132437 0.990718
1766747383.844769 -2.159606 5.489484 0.309126 -0.010073 0.023911 0.098621 0.994787
1766747383.896614 -2.156110 5.492617 0.312905 -0.017016 0.020267 0.063494 0.997631
1766747383.949376 -2.151578 5.495828 0.313868 -0.016247 0.019225 0.024468 0.999384
1766747384.015480 -2.147232 5.501805 0.313909 -0.021790 0.015608 -0.017219 0.999493
1766747384.058142 -2.146024 5.507310 0.313208 -0.030507 0.013119 -0.063667 0.997419
1766747384.109693 -2.146542 5.510885 0.311674 -0.037219 0.011684 -0.111226 0.993029
1766747384.162654 -2.149027 5.512465 0.308787 -0.040936 0.010270 -0.158735 0.986419
1766747384.218794 -2.153824 5.512174 0.309313 -0.040218 0.015512 -0.204404 0.977937
1766747384.277399 -2.157573 5.510253 0.309011 -0.024914 0.016117 -0.257134 0.965920
1766747384.321085 -2.158493 5.513634 0.307989 -0.009379 -0.002549 -0.309331 0.950905
1766747384.378839 -2.156675 5.517152 0.308932 -0.023008 -0.008595 -0.362636 0.931607
1766747384.429487 -2.153545 5.517684 0.312596 -0.024328 -0.003203 -0.413172 0.910322
1766747384.482878 -2.152154 5.520441 0.311548 -0.010804 -0.004394 -0.468110 0.883593
1766747384.537207 -2.152148 5.520001 0.312236 -0.010494 0.002344 -0.515346 0.856915
1766747384.590175 -2.148507 5.519263 0.312509 0.000613 0.004185 -0.556612 0.830762
1766747384.642578 -2.145923 5.517330 0.308009 -0.000273 0.005953 -0.597920 0.801534
1766747384.697795 -2.143943 5.509664 0.304362 0.001736 0.012472 -0.633651 0.773517
1766747384.748919 -2.142736 5.498109 0.304902 0.004096 0.027825 -0.647295 0.761720
1766747384.802526 -2.143255 5.485375 0.306653 0.007989 0.033760 -0.645927 0.762611
1766747384.858305 -2.142242 5.470991 0.308005 0.012782 0.032092 -0.644873 0.763509
1766747384.924755 -2.139795 5.449313 0.308098 0.015641 0.030234 -0.643353 0.764813
1766747384.967360 -2.134828 5.423677 0.308046 0.010896 0.031608 -0.643593 0.764637
1766747385.019909 -2.126289 5.400469 0.301138 0.007683 0.019089 -0.643306 0.765332
1766747385.074700 -2.122086 5.368624 0.304337 0.015672 0.011804 -0.643303 0.765360
1766747385.127090 -2.115861 5.338125 0.307515 0.012333 0.002267 -0.645770 0.763429
1766747385.188951 -2.110125 5.300436 0.310382 0.001441 -0.005411 -0.646205 0.763144
1766747385.232908 -2.102087 5.253340 0.307927 -0.003632 0.000872 -0.645538 0.763719
1766747385.287492 -2.099443 5.222830 0.309336 0.005739 0.004372 -0.648745 0.760972
1766747385.343461 -2.090685 5.174664 0.313541 -0.007687 0.006398 -0.647668 0.761857
1766747385.400288 -2.080837 5.125662 0.314363 -0.017337 0.000306 -0.645964 0.763171
1766747385.450464 -2.070836 5.069380 0.310312 -0.010265 -0.000258 -0.632154 0.774775
1766747385.503967 -2.059028 5.037191 0.312615 -0.022728 0.021618 -0.598414 0.800573
1766747385.559332 -2.051062 4.998206 0.318522 -0.022061 0.023859 -0.557164 0.829767
1766747385.613088 -2.029841 4.963904 0.320359 -0.031670 0.039746 -0.515841 0.855176
1766747385.668942 -2.011610 4.930513 0.315966 -0.025236 0.037590 -0.470355 0.881315
1766747385.716501 -2.011402 4.911868 0.310706 -0.032383 0.021773 -0.434357 0.899895
1766747385.768993 -1.989274 4.887383 0.317603 -0.032620 0.031712 -0.426342 0.903418
1766747385.843038 -1.971854 4.868731 0.318245 -0.035765 0.024234 -0.424746 0.904281
1766747385.880444 -1.952692 4.845523 0.315662 -0.031259 0.011130 -0.425939 0.904143
1766747385.933867 -1.927727 4.814458 0.320083 -0.011517 0.019257 -0.422542 0.906066
1766747385.986280 -1.909322 4.788647 0.322867 -0.008744 0.009900 -0.420857 0.907031
1766747386.043927 -1.888056 4.759793 0.323979 -0.008477 -0.001278 -0.422084 0.906516
1766747386.100080 -1.862371 4.724137 0.322948 -0.012856 -0.011773 -0.422427 0.906229
1766747386.145411 -1.830070 4.693053 0.314919 -0.020529 0.007464 -0.423706 0.905537
1766747386.199816 -1.813490 4.662570 0.317256 -0.001261 0.014845 -0.424887 0.905124
1766747386.258987 -1.789894 4.634758 0.320229 -0.001032 0.017008 -0.424783 0.905135
1766747386.306512 -1.764979 4.604230 0.318949 -0.000333 0.017053 -0.423191 0.905880
1766747386.363498 -1.737363 4.570438 0.313158 0.001568 0.019905 -0.421503 0.906607
1766747386.417284 -1.713484 4.539660 0.307606 -0.009579 0.016703 -0.420930 0.906889
1766747386.473079 -1.699303 4.516885 0.311515 0.004047 0.010894 -0.418669 0.908065
1766747386.525265 -1.678219 4.494469 0.314923 0.003202 0.010259 -0.418924 0.907958
1766747386.580178 -1.655270 4.469078 0.314727 -0.006118 0.011029 -0.419329 0.907747
1766747386.635371 -1.630679 4.440110 0.312364 -0.010105 0.014968 -0.418011 0.908262
1766747386.684667 -1.607676 4.416136 0.312272 -0.012570 0.017060 -0.418542 0.907950
1766747386.752671 -1.586961 4.393714 0.315983 -0.012334 0.016695 -0.417844 0.908282
1766747386.791795 -1.565433 4.369174 0.315541 -0.014312 0.017839 -0.416118 0.909023
1766747386.843395 -1.540036 4.341019 0.312917 -0.014070 0.016420 -0.414343 0.909864
1766747386.895740 -1.516013 4.311467 0.310027 -0.006473 0.016263 -0.412538 0.910772
1766747386.947667 -1.493719 4.287131 0.305667 -0.019051 0.017596 -0.412111 0.910764
1766747387.009461 -1.477235 4.260782 0.311404 -0.010190 0.008576 -0.409963 0.912005
1766747387.057251 -1.456320 4.237664 0.313680 -0.005387 0.003317 -0.411248 0.911502
1766747387.109117 -1.434263 4.213492 0.313015 -0.008947 0.001377 -0.412214 0.911042
1766747387.163062 -1.409913 4.186537 0.311030 -0.012104 0.002133 -0.411747 0.911216
1766747387.219348 -1.386164 4.162165 0.308939 -0.013813 0.009766 -0.412121 0.910972
1766747387.268370 -1.364753 4.141569 0.313615 -0.013709 0.011527 -0.412680 0.910700
1766747387.323233 -1.344604 4.120281 0.315374 -0.013966 0.011325 -0.411123 0.911403
1766747387.383347 -1.320260 4.095598 0.314498 -0.015837 0.009787 -0.409387 0.912171
1766747387.431247 -1.294794 4.068218 0.312504 -0.014040 0.007565 -0.407659 0.912995
1766747387.482544 -1.269274 4.038113 0.309617 -0.005965 0.009603 -0.405270 0.914127
1766747387.535139 -1.249162 4.013017 0.307382 -0.006826 0.008944 -0.403494 0.914913
1766747387.596197 -1.232959 3.991086 0.310838 -0.003923 0.001636 -0.402123 0.915576
1766747387.641467 -1.213261 3.968250 0.313732 -0.001633 -0.001008 -0.417344 0.908747
1766747387.693716 -1.190652 3.942845 0.315050 -0.012059 0.009800 -0.443935 0.895924
1766747387.747142 -1.173404 3.916536 0.310975 -0.002053 0.003136 -0.470377 0.882458
1766747387.803216 -1.156470 3.898969 0.315394 -0.007789 0.008147 -0.502278 0.864633
1766747387.853453 -1.145614 3.885644 0.317918 -0.006974 0.012775 -0.522212 0.852692
1766747387.909961 -1.136330 3.865558 0.317828 0.001473 0.017571 -0.526050 0.850271
1766747387.960556 -1.124385 3.836683 0.315302 0.010952 0.019465 -0.523932 0.851467
1766747388.011564 -1.112810 3.812008 0.311896 0.002908 0.024039 -0.523227 0.851850
1766747388.062585 -1.102270 3.786729 0.309196 0.001759 0.014868 -0.522421 0.852556
1766747388.116119 -1.091323 3.765436 0.308075 0.010267 0.012936 -0.522826 0.852279
1766747388.176818 -1.078144 3.744221 0.309617 0.013018 0.011157 -0.522634 0.852385
1766747388.221848 -1.062398 3.720407 0.309845 0.001628 0.015927 -0.522669 0.852386
1766747388.278467 -1.047408 3.693467 0.308263 -0.006491 0.021276 -0.521281 0.853096
1766747388.328992 -1.032189 3.667075 0.308714 -0.011241 0.014760 -0.521052 0.853323
1766747388.381996 -1.018195 3.642267 0.312486 -0.011929 0.017874 -0.519615 0.854131
1766747388.446005 -1.007477 3.618398 0.312427 -0.010780 0.018996 -0.518304 0.854917
1766747388.489606 -0.993182 3.590023 0.311080 -0.008909 0.020016 -0.516935 0.855744
1766747388.544703 -0.978745 3.557943 0.308743 -0.003885 0.018022 -0.514886 0.857060
1766747388.597365 -0.961173 3.529612 0.306694 -0.009217 0.020830 -0.513297 0.857909
1766747388.649688 -0.952740 3.502120 0.305597 -0.002347 0.011378 -0.512886 0.858378
1766747388.719458 -0.937551 3.473102 0.310459 -0.000210 0.004699 -0.513165 0.858277
1766747388.759875 -0.923352 3.447354 0.311996 -0.003867 0.004790 -0.514035 0.857747
1766747388.820285 -0.906896 3.415710 0.310821 -0.007875 0.004111 -0.513986 0.857753
1766747388.871109 -0.890425 3.385967 0.308886 -0.011323 0.008363 -0.512559 0.858537
1766747388.924122 -0.874105 3.358507 0.310796 -0.010460 0.016519 -0.514527 0.857251
1766747388.977527 -0.858217 3.334171 0.314901 -0.011111 0.016249 -0.512923 0.858209
1766747389.030263 -0.841996 3.306213 0.315979 -0.011461 0.016013 -0.511460 0.859082
1766747389.084915 -0.823355 3.276150 0.314230 -0.013550 0.014845 -0.510608 0.859579
1766747389.139102 -0.805771 3.243167 0.311339 -0.007163 0.012931 -0.508850 0.860728
1766747389.195720 -0.792040 3.213679 0.307547 -0.013526 0.021044 -0.511471 0.858936
1766747389.242168 -0.783344 3.189637 0.309707 -0.012649 0.016859 -0.519402 0.854270
1766747389.296921 -0.773744 3.168984 0.314231 -0.009324 0.012714 -0.532163 0.846496
1766747389.356023 -0.761668 3.145324 0.316218 -0.011563 0.016724 -0.553262 0.832760
1766747389.406392 -0.751850 3.120137 0.315555 -0.014418 0.018480 -0.577290 0.816203
1766747389.455099 -0.744793 3.096483 0.316644 -0.016576 0.003770 -0.602448 0.797977
1766747389.510374 -0.735532 3.074556 0.319568 -0.024179 0.010860 -0.631543 0.774888
1766747389.565541 -0.730076 3.057314 0.320484 -0.020078 0.018717 -0.655538 0.754663
1766747389.618474 -0.728977 3.035975 0.318920 -0.014211 0.020733 -0.663511 0.747744
1766747389.673196 -0.727734 3.009741 0.316381 -0.000043 0.021931 -0.664181 0.747250
1766747389.729802 -0.725862 2.980938 0.311767 0.003980 0.025381 -0.663192 0.748008
1766747389.779861 -0.721802 2.954850 0.309240 -0.001052 0.018338 -0.661580 0.749650
1766747389.844219 -0.719960 2.928008 0.308300 0.005869 0.012966 -0.663276 0.748239
1766747389.898348 -0.716746 2.906894 0.310517 0.008734 0.011833 -0.669222 0.742917
1766747389.945890 -0.712275 2.880875 0.311119 0.000298 0.023155 -0.681638 0.731323
1766747390.008431 -0.711216 2.852026 0.310188 0.002181 0.019929 -0.689734 0.723785
1766747390.056937 -0.708012 2.826279 0.310462 -0.003962 0.019501 -0.689934 0.723598
1766747390.111645 -0.706849 2.805703 0.312779 -0.003458 0.022730 -0.689599 0.723826
1766747390.163631 -0.706521 2.781742 0.312488 -0.004477 0.023586 -0.689057 0.724310
1766747390.215031 -0.705440 2.754561 0.310413 -0.003487 0.022621 -0.687922 0.725423
1766747390.275181 -0.706524 2.723196 0.307773 0.002222 0.018566 -0.686513 0.726877
1766747390.331195 -0.701756 2.694056 0.305988 -0.007244 0.019393 -0.685626 0.727660
1766747390.376800 -0.705178 2.666951 0.307138 -0.001182 0.010239 -0.685050 0.728424
1766747390.430127 -0.705288 2.650871 0.309818 0.000089 0.004046 -0.684559 0.728946
1766747390.479762 -0.703851 2.613620 0.311221 -0.001716 0.002003 -0.685504 0.728064
1766747390.537762 -0.702971 2.583743 0.310715 -0.007694 0.001266 -0.685645 0.727895
1766747390.590156 -0.701547 2.547307 0.309138 -0.011130 0.000737 -0.685125 0.728340
1766747390.644944 -0.700171 2.515734 0.309981 -0.006865 0.014547 -0.687176 0.726314
1766747390.696199 -0.695962 2.491595 0.313641 -0.007931 0.013049 -0.687931 0.725615
1766747390.755080 -0.691869 2.461778 0.315433 -0.012985 0.015279 -0.687247 0.726147
1766747390.806411 -0.686412 2.426406 0.313830 -0.018628 0.014748 -0.686322 0.726910
1766747390.858949 -0.682416 2.391797 0.311399 -0.019158 0.010442 -0.685042 0.728177
1766747390.913861 -0.680224 2.355751 0.308985 -0.014826 0.009317 -0.683371 0.729861
1766747390.968413 -0.678671 2.322663 0.307705 -0.006742 0.012329 -0.680510 0.732604
1766747391.036427 -0.679160 2.291359 0.309854 -0.006930 0.001365 -0.678644 0.734434
1766747391.078856 -0.679248 2.263337 0.309988 -0.004438 -0.002878 -0.679467 0.733687
1766747391.128952 -0.678553 2.230718 0.308862 -0.008954 -0.005617 -0.680528 0.732646
1766747391.184427 -0.677532 2.192265 0.307852 -0.011063 -0.007995 -0.679933 0.733148
1766747391.243836 -0.675217 2.157803 0.308702 -0.007336 0.010497 -0.681152 0.732030
1766747391.296032 -0.670371 2.130099 0.312080 -0.007476 0.010450 -0.680899 0.732265
1766747391.349640 -0.665450 2.096804 0.314542 -0.011903 0.011781 -0.679886 0.733127
1766747391.401792 -0.660788 2.070112 0.313895 -0.015698 0.010929 -0.678942 0.733943
1766747391.455848 -0.655773 2.026206 0.311392 -0.013357 0.007338 -0.677389 0.735467
1766747391.511610 -0.653280 1.988332 0.308334 -0.005370 0.007662 -0.675983 0.736858
1766747391.575209 -0.654404 1.959627 0.307538 -0.003284 0.008067 -0.673457 0.739175
1766747391.616776 -0.655304 1.931167 0.310673 -0.002664 -0.001965 -0.672177 0.740383
1766747391.680678 -0.653901 1.904016 0.310975 -0.000973 -0.005738 -0.673008 0.739612
1766747391.724366 -0.652601 1.867718 0.309971 -0.005008 -0.008571 -0.673571 0.739056
1766747391.780654 -0.648827 1.830682 0.308232 -0.009653 -0.002854 -0.673696 0.738940
1766747391.828776 -0.647420 1.795772 0.311185 -0.003085 0.010849 -0.676195 0.736636
1766747391.881802 -0.642326 1.768033 0.315005 -0.003541 0.008696 -0.675930 0.736906
1766747391.950337 -0.638043 1.735208 0.315917 -0.007692 0.008674 -0.674738 0.737966
1766747391.990788 -0.632634 1.698517 0.316016 -0.008794 0.010027 -0.661982 0.749401
1766747392.042862 -0.630133 1.662047 0.309926 0.003667 0.015140 -0.641432 0.767022
1766747392.095398 -0.624758 1.634261 0.308992 -0.011409 0.024928 -0.615960 0.787301
1766747392.154886 -0.626147 1.612146 0.312183 -0.006725 0.022440 -0.588272 0.808324
1766747392.203911 -0.618246 1.590839 0.312479 -0.003047 0.025933 -0.576022 0.817017
1766747392.255293 -0.607706 1.565971 0.311626 -0.008429 0.034526 -0.573843 0.818194
1766747392.308734 -0.600279 1.539199 0.309453 -0.004602 0.029131 -0.574260 0.818142
1766747392.369223 -0.592838 1.516988 0.309432 -0.011892 0.027753 -0.575642 0.817144
1766747392.416088 -0.585364 1.494925 0.312191 -0.007732 0.028288 -0.574351 0.818084
1766747392.467586 -0.578499 1.470186 0.312669 -0.005744 0.030124 -0.574137 0.818185
1766747392.522241 -0.570090 1.442878 0.311690 -0.002421 0.029442 -0.572942 0.819063
1766747392.576644 -0.562066 1.411266 0.309253 0.005212 0.026930 -0.571433 0.820190
1766747392.632197 -0.548269 1.383655 0.307582 -0.006649 0.023505 -0.571222 0.820432
1766747392.683297 -0.542649 1.357608 0.308808 0.000847 0.018448 -0.570792 0.820887
1766747392.738128 -0.533091 1.332701 0.311219 0.003564 0.012690 -0.570915 0.820904
1766747392.788799 -0.521210 1.305962 0.311406 0.000947 0.011135 -0.571821 0.820303
1766747392.846557 -0.510839 1.279328 0.310418 -0.003909 0.010104 -0.571470 0.820551
1766747392.896009 -0.499579 1.244704 0.308308 -0.002390 0.009313 -0.569411 0.821997
1766747392.948069 -0.487526 1.222384 0.312284 -0.005556 0.015708 -0.564728 0.825109
1766747393.003888 -0.477442 1.198435 0.316043 -0.010150 0.017487 -0.553470 0.832624
1766747393.050323 -0.466648 1.173813 0.318243 -0.012705 0.019140 -0.537753 0.842789
1766747393.106858 -0.452518 1.146322 0.317783 -0.011769 0.020135 -0.518281 0.854893
1766747393.158685 -0.442106 1.119152 0.314299 0.000551 0.018270 -0.510815 0.859497
1766747393.213486 -0.429580 1.095425 0.311667 -0.009372 0.012661 -0.512057 0.858807
1766747393.265867 -0.422828 1.074409 0.312064 -0.003012 0.007084 -0.511271 0.859385
1766747393.319793 -0.411874 1.054737 0.313808 -0.000880 0.004328 -0.509035 0.860734
1766747393.374384 -0.398974 1.034751 0.313152 -0.002926 0.003805 -0.507114 0.861865
1766747393.431169 -0.385669 1.010963 0.310927 -0.004745 0.005070 -0.498475 0.866876
1766747393.487319 -0.370449 0.988951 0.308146 -0.009943 0.014406 -0.482716 0.875602
1766747393.536105 -0.354758 0.968707 0.309657 -0.010754 0.020275 -0.463123 0.885997
1766747393.588094 -0.341209 0.954703 0.313792 -0.014447 0.016456 -0.440292 0.897588
1766747393.642258 -0.324620 0.938264 0.314140 -0.020194 0.015847 -0.427507 0.903648
1766747393.702091 -0.305482 0.921015 0.312447 -0.029329 0.008934 -0.425120 0.904618
1766747393.748585 -0.286768 0.900056 0.311097 -0.016178 0.006071 -0.423945 0.905523
1766747393.803828 -0.268778 0.880966 0.310870 -0.008773 0.007772 -0.420673 0.907137
1766747393.855413 -0.259516 0.865662 0.313690 -0.009174 0.008889 -0.415613 0.909452
1766747393.907592 -0.247226 0.848880 0.313304 -0.010358 0.008060 -0.405009 0.914218
1766747393.961057 -0.233936 0.833486 0.310320 -0.012219 0.007791 -0.387437 0.921782
1766747394.014835 -0.219801 0.819586 0.306034 -0.012504 0.007755 -0.362749 0.931771
1766747394.068154 -0.204747 0.810679 0.303819 -0.012725 0.020545 -0.338883 0.940518
1766747394.121661 -0.190995 0.804836 0.305268 -0.011137 0.020546 -0.314174 0.949078
1766747394.176742 -0.173165 0.796461 0.303880 -0.017842 0.012263 -0.305430 0.951968
1766747394.230031 -0.157647 0.789028 0.305235 -0.023032 0.012215 -0.304830 0.952050
1766747394.281842 -0.142545 0.779632 0.307333 -0.020314 0.013094 -0.301462 0.953172
1766747394.334562 -0.132753 0.771507 0.307999 -0.018910 0.015683 -0.290512 0.956556
1766747394.409199 -0.116886 0.760003 0.306892 -0.019134 0.018118 -0.278043 0.960207
1766747394.444368 -0.103813 0.748832 0.304938 -0.015209 0.019160 -0.274111 0.961387
1766747394.495419 -0.089635 0.738744 0.302837 -0.015629 0.018045 -0.272612 0.961828
1766747394.550916 -0.076176 0.730013 0.301843 -0.016620 0.009507 -0.271345 0.962292
1766747394.602872 -0.063334 0.719758 0.303003 -0.008351 0.005669 -0.268923 0.963109
1766747394.655075 -0.053247 0.710156 0.303919 -0.004993 0.002930 -0.268493 0.963264
1766747394.709615 -0.041612 0.700884 0.304256 0.001676 -0.005863 -0.267488 0.963542
1766747394.763707 -0.027472 0.690425 0.304090 0.003405 -0.012362 -0.268392 0.963224
1766747394.822759 -0.011853 0.676208 0.303089 0.006504 -0.022054 -0.268943 0.962882
1766747394.874037 0.010372 0.663344 0.304153 -0.002813 -0.016619 -0.272927 0.961887
1766747394.926525 0.034208 0.649763 0.307823 -0.004874 -0.003054 -0.273927 0.961733
1766747394.988252 0.053910 0.638874 0.311236 0.001023 -0.002637 -0.269818 0.962907
1766747395.045879 0.069766 0.629891 0.313288 -0.003522 -0.000236 -0.262204 0.965006
1766747395.092140 0.098030 0.614864 0.314864 -0.009484 0.002790 -0.243769 0.969783
1766747395.145396 0.125580 0.600064 0.314503 -0.005670 0.007168 -0.218834 0.975719
1766747395.199253 0.151849 0.591748 0.311166 -0.012253 0.008987 -0.190335 0.981602
1766747395.254632 0.170572 0.578909 0.313238 -0.006898 0.014152 -0.155437 0.987720
1766747395.321425 0.186796 0.571982 0.312925 -0.010244 0.018977 -0.119932 0.992548
1766747395.363971 0.206011 0.567283 0.311624 -0.011690 0.021100 -0.101915 0.994501
1766747395.415098 0.229708 0.563051 0.311010 -0.016133 0.023903 -0.098474 0.994722
1766747395.468262 0.254945 0.554484 0.308082 -0.012360 0.022396 -0.099370 0.994722
1766747395.525551 0.275783 0.550451 0.307848 -0.016845 0.019216 -0.097781 0.994880
1766747395.581489 0.296319 0.546643 0.312533 -0.017084 0.021206 -0.088076 0.995741
1766747395.629171 0.320699 0.542539 0.314198 -0.022010 0.025465 -0.070020 0.996978
1766747395.681885 0.346295 0.540071 0.312836 -0.021748 0.026528 -0.052101 0.998053
1766747395.738151 0.375932 0.535266 0.310032 -0.013327 0.029231 -0.044824 0.998478
1766747395.792979 0.403209 0.532440 0.310472 -0.020292 0.018203 -0.045009 0.998615
1766747395.845898 0.426090 0.527331 0.310491 -0.006940 0.015077 -0.045021 0.998848
1766747395.898947 0.448981 0.527531 0.312278 -0.004068 0.012764 -0.043607 0.998959
1766747395.952822 0.472263 0.527431 0.312535 -0.005420 0.011226 -0.043224 0.998988
1766747396.001989 0.499918 0.525825 0.311128 -0.007064 0.008803 -0.042357 0.999039
1766747396.056542 0.529890 0.523396 0.308362 -0.008585 0.008742 -0.040755 0.999094
1766747396.108070 0.560394 0.521636 0.311960 -0.016012 0.008520 -0.042526 0.998931
1766747396.162744 0.585111 0.521691 0.315890 -0.016339 0.008650 -0.040910 0.998992
1766747396.231414 0.612668 0.519519 0.316082 -0.016169 0.009327 -0.040119 0.999021
1766747396.268504 0.644773 0.518863 0.313921 -0.016107 0.007886 -0.039042 0.999077
1766747396.319471 0.677375 0.516492 0.310956 -0.012211 0.007402 -0.037172 0.999207
1766747396.374724 0.710816 0.515420 0.306878 -0.013407 0.011347 -0.035171 0.999227
1766747396.427724 0.741355 0.509667 0.308338 -0.008090 0.007084 -0.033126 0.999393
1766747396.487723 0.766931 0.506559 0.311344 -0.000608 0.001958 -0.032047 0.999484
1766747396.535330 0.796262 0.505146 0.311426 0.001188 0.000458 -0.033535 0.999437
1766747396.607411 0.832379 0.502256 0.309797 -0.001480 -0.003266 -0.033660 0.999427
1766747396.647640 0.865232 0.501271 0.307575 -0.005471 -0.001806 -0.032621 0.999451
1766747396.702338 0.889540 0.499250 0.309347 -0.007700 0.009345 -0.034850 0.999319
1766747396.754344 0.906980 0.498429 0.313148 -0.004651 0.011551 -0.034832 0.999316
1766747396.808571 0.923360 0.495938 0.314387 0.000196 0.021319 -0.029600 0.999334
1766747396.869062 0.933183 0.493611 0.315683 -0.005502 0.024085 -0.014429 0.999591
1766747396.914763 0.938538 0.491709 0.317107 -0.010640 0.024549 0.008225 0.999608
1766747396.969988 0.941358 0.490246 0.318087 -0.015146 0.023976 0.035124 0.998981
1766747397.021493 0.941949 0.489022 0.318921 -0.018720 0.021231 0.067351 0.997328
1766747397.075138 0.942864 0.488403 0.319258 -0.021537 0.018796 0.105924 0.993963
1766747397.135550 0.942576 0.488292 0.318064 -0.023189 0.014673 0.148738 0.988496
1766747397.182163 0.942591 0.488938 0.315741 -0.018624 0.011663 0.190288 0.981482
1766747397.234298 0.943715 0.486522 0.313851 -0.008062 0.010505 0.236620 0.971512
1766747397.289386 0.943542 0.489227 0.314275 -0.004035 0.015470 0.282874 0.959024
1766747397.351493 0.946291 0.490593 0.312210 -0.007152 0.023295 0.331979 0.942972
1766747397.394767 0.947491 0.496721 0.307819 -0.010804 0.028127 0.386586 0.921761
1766747397.448051 0.946649 0.500661 0.303914 -0.006404 0.023855 0.434264 0.900447
1766747397.496063 0.944893 0.503207 0.307051 -0.013293 0.016231 0.476566 0.878888
1766747397.561093 0.945235 0.505472 0.310535 -0.016744 0.008471 0.527846 0.849133
1766747397.603784 0.947554 0.510854 0.312047 -0.016647 0.007104 0.577476 0.816207
1766747397.658193 0.948274 0.513080 0.312979 -0.015529 0.006626 0.624830 0.780578
1766747397.713020 0.951571 0.513106 0.311206 -0.015454 -0.002084 0.667800 0.744177
1766747397.773641 0.955013 0.512858 0.310258 -0.010319 0.002259 0.707006 0.707128
1766747397.817513 0.951530 0.513112 0.312148 -0.013695 0.001769 0.745044 0.666873
1766747397.871393 0.954831 0.513206 0.310709 -0.016013 0.005275 0.782744 0.622116
1766747397.927903 0.952447 0.514790 0.307542 -0.021615 0.001874 0.812968 0.581904
1766747397.982732 0.948020 0.515928 0.303912 -0.028842 0.001033 0.830038 0.556960
1766747398.029862 0.946138 0.513663 0.299778 -0.019821 0.005122 0.845218 0.534030
1766747398.083004 0.943698 0.513187 0.303069 -0.021619 -0.000970 0.859380 0.510879
1766747398.136772 0.944021 0.511693 0.306179 -0.019977 -0.006406 0.873070 0.487143
1766747398.195261 0.941854 0.510813 0.308906 -0.021076 -0.009099 0.885347 0.464363
1766747398.244740 0.938867 0.510506 0.310465 -0.019764 -0.010079 0.896503 0.442482
1766747398.302292 0.935753 0.509565 0.311703 -0.018211 -0.007301 0.906912 0.420864
1766747398.349946 0.931775 0.508406 0.312583 -0.017493 -0.012955 0.916421 0.399623
1766747398.422383 0.924512 0.509949 0.312697 -0.015310 -0.014112 0.930447 0.365835
1766747398.475351 0.917372 0.512795 0.312796 -0.014074 -0.017451 0.942545 0.333327
1766747398.522739 0.906950 0.520830 0.311439 -0.012177 -0.018119 0.953447 0.300770
1766747398.571272 0.897027 0.528046 0.310402 -0.009047 -0.012478 0.955276 0.295313
1766747398.624962 0.886914 0.536105 0.310583 -0.015594 -0.010194 0.955179 0.295442
1766747398.684432 0.876420 0.543436 0.310717 -0.013648 -0.005689 0.956173 0.292429
1766747398.728457 0.864244 0.547875 0.310001 -0.012957 -0.006046 0.956546 0.291230
1766747398.783199 0.846138 0.555239 0.307912 -0.018252 -0.011706 0.957117 0.288889
1766747398.834531 0.829615 0.563026 0.305163 -0.013929 -0.005391 0.960417 0.278167
1766747398.898484 0.816813 0.568559 0.304157 -0.016949 -0.011762 0.965578 0.259293
1766747398.940716 0.804906 0.572290 0.308782 -0.015234 -0.015973 0.971358 0.236595
1766747398.996089 0.786985 0.578088 0.310153 -0.013075 -0.029145 0.977171 0.210040
1766747399.048381 0.767549 0.584997 0.310577 -0.012083 -0.028622 0.983254 0.179574
1766747399.109556 0.746850 0.589387 0.309521 -0.013184 -0.017335 0.989342 0.143974
1766747399.156178 0.723719 0.595207 0.311215 -0.012397 -0.017745 0.994278 0.104604
1766747399.220725 0.705633 0.597866 0.311460 -0.011072 -0.010274 0.996800 0.078501
1766747399.261510 0.685457 0.599410 0.311285 -0.010767 -0.006172 0.997309 0.072254
1766747399.323140 0.660516 0.601012 0.310830 -0.008710 -0.013977 0.997126 0.073948
1766747399.369248 0.636142 0.603731 0.308630 -0.008452 -0.013200 0.997088 0.074629
1766747399.421596 0.609450 0.605646 0.305567 -0.003259 -0.012411 0.997058 0.075565
1766747399.477585 0.588885 0.608810 0.308458 -0.006485 -0.014078 0.997019 0.075581
1766747399.537308 0.566516 0.612361 0.310064 -0.009649 -0.013299 0.997049 0.074996
1766747399.579388 0.540735 0.616628 0.309978 -0.012238 -0.011868 0.997110 0.074033
1766747399.635689 0.512153 0.621964 0.309107 -0.012854 -0.008709 0.997279 0.072071
1766747399.682105 0.482254 0.625795 0.307243 -0.012277 -0.010964 0.997398 0.070195
1766747399.736288 0.453184 0.630027 0.305986 -0.001439 -0.014514 0.997428 0.070177
1766747399.784647 0.427875 0.635042 0.309341 -0.002934 -0.004795 0.997611 0.068857
1766747399.837593 0.401378 0.637346 0.310773 -0.001581 0.000783 0.997653 0.068449
1766747399.891060 0.370222 0.640234 0.310599 -0.000754 -0.003803 0.997651 0.068400
1766747399.944960 0.336909 0.643162 0.309607 -0.000998 -0.010666 0.997688 0.067106
1766747399.997663 0.304416 0.647810 0.308982 0.002804 -0.011827 0.997700 0.066685
1766747400.051250 0.275720 0.648384 0.314765 0.001964 -0.016990 0.997560 0.067685
1766747400.104924 0.247667 0.651128 0.316770 -0.000651 -0.016859 0.997662 0.066226
1766747400.164469 0.214321 0.653142 0.315278 0.000279 -0.018679 0.997690 0.065311
1766747400.210594 0.178188 0.656427 0.312897 0.002189 -0.016009 0.997853 0.063471
1766747400.267686 0.139669 0.661544 0.309902 -0.000930 -0.010145 0.998089 0.060954
1766747400.321671 0.111010 0.667380 0.307504 -0.003390 -0.016016 0.997184 0.073182
1766747400.390854 0.085005 0.673170 0.310770 -0.001563 -0.013180 0.995083 0.098155
1766747400.431059 0.055301 0.677796 0.313273 -0.004143 -0.014240 0.992307 0.122907
1766747400.485603 0.025527 0.683514 0.313387 -0.007338 -0.019563 0.991475 0.128615
1766747400.537458 -0.002029 0.689136 0.312344 0.001333 -0.018275 0.991764 0.126763
1766747400.593835 -0.031195 0.694308 0.312841 0.004552 -0.027451 0.991617 0.126185
1766747400.646028 -0.055189 0.698140 0.316237 0.003258 -0.024714 0.991671 0.126365
1766747400.704141 -0.075665 0.703631 0.316907 0.000502 -0.017490 0.992025 0.124822
1766747400.752172 -0.102308 0.709747 0.315456 0.000766 -0.016817 0.992117 0.124177
1766747400.802887 -0.131144 0.716131 0.312865 0.003183 -0.016368 0.992248 0.123147
1766747400.867133 -0.162441 0.724236 0.310201 0.002261 -0.012206 0.992506 0.121564
1766747400.910198 -0.192298 0.733552 0.307407 -0.002424 -0.011452 0.992892 0.118441
1766747400.964001 -0.216748 0.741708 0.310085 0.003066 -0.007822 0.993206 0.116067
1766747401.029460 -0.243990 0.748629 0.310009 0.006481 -0.002832 0.993079 0.117238
1766747401.079155 -0.269384 0.754933 0.309316 0.008395 -0.004008 0.992947 0.118190
1766747401.121196 -0.304375 0.763406 0.308227 0.009524 -0.006047 0.992919 0.118260
1766747401.176872 -0.335775 0.769904 0.306081 0.002503 -0.009996 0.992915 0.118377
1766747401.228259 -0.365224 0.773410 0.310441 -0.001513 -0.012233 0.992688 0.120079
1766747401.296126 -0.392503 0.777797 0.313444 -0.002499 -0.012201 0.992813 0.119029
1766747401.333756 -0.424441 0.784323 0.312595 -0.003204 -0.010489 0.992296 0.123404
1766747401.389088 -0.455830 0.793232 0.310864 -0.005731 -0.005595 0.990642 0.136255
1766747401.442562 -0.482437 0.800829 0.307446 -0.010560 -0.005674 0.987938 0.154385
1766747401.501266 -0.510507 0.808161 0.304310 -0.002931 -0.014444 0.984503 0.174746
1766747401.551153 -0.529281 0.820661 0.307236 -0.001369 -0.001451 0.984690 0.174301
1766747401.600511 -0.549020 0.830835 0.310233 -0.000808 0.002800 0.984535 0.175163
1766747401.653752 -0.566763 0.839744 0.310163 0.002601 0.008955 0.984355 0.175953
1766747401.715430 -0.587005 0.849842 0.309561 0.007247 0.013950 0.984401 0.175239
1766747401.761498 -0.611330 0.862198 0.307760 0.016787 0.017227 0.984440 0.174068
1766747401.815310 -0.642920 0.870408 0.311438 0.001465 -0.002562 0.983801 0.179238
1766747401.867974 -0.664824 0.878734 0.313211 -0.001634 0.004202 0.983835 0.179023
1766747401.926076 -0.689824 0.884113 0.315387 0.002717 -0.002766 0.983970 0.178293
1766747401.971843 -0.717522 0.890437 0.314620 0.007380 -0.011737 0.984126 0.176928
1766747402.025059 -0.748860 0.898203 0.312406 0.012350 -0.017204 0.984613 0.173464
1766747402.079194 -0.781217 0.909153 0.311598 0.004936 -0.013919 0.988516 0.150396
1766747402.134596 -0.807974 0.915742 0.311867 -0.002485 -0.013998 0.993105 0.116365
1766747402.186509 -0.830107 0.922208 0.312775 -0.002726 -0.013992 0.996626 0.080829
1766747402.238668 -0.852584 0.924520 0.311332 -0.007073 -0.015937 0.998911 0.043268
1766747402.292659 -0.876793 0.923591 0.309305 -0.008323 -0.020560 0.999749 0.003172
1766747402.346962 -0.903932 0.920242 0.305668 -0.009083 -0.020533 0.998957 -0.039763
1766747402.396274 -0.923917 0.917591 0.304959 -0.004069 -0.023169 0.996961 -0.074266
1766747402.456931 -0.942389 0.914003 0.311838 -0.000481 -0.019062 0.994001 -0.107698
1766747402.503369 -0.963504 0.904275 0.314186 0.000443 -0.024902 0.991596 -0.126951
1766747402.555994 -0.985038 0.894358 0.311567 0.007101 -0.029587 0.990928 -0.130908
1766747402.611162 -1.011534 0.884998 0.308738 0.002837 -0.017953 0.990956 -0.132949
1766747402.660925 -1.033276 0.876189 0.311665 -0.001009 -0.022488 0.990609 -0.134863
1766747402.714162 -1.055800 0.873846 0.315587 -0.001530 -0.015205 0.990340 -0.137813
1766747402.770369 -1.080131 0.867169 0.315576 -0.000037 -0.009971 0.988854 -0.148554
1766747402.834321 -1.109800 0.859125 0.312334 0.003848 -0.004128 0.985375 -0.170308
1766747402.886151 -1.131021 0.851378 0.308724 0.004220 -0.002671 0.981436 -0.191724
1766747402.938508 -1.154019 0.838794 0.305165 0.001860 -0.008386 0.975230 -0.221027
1766747402.992397 -1.171110 0.826784 0.305547 -0.005721 -0.014983 0.968495 -0.248516
1766747403.043680 -1.185425 0.814109 0.310711 -0.000911 -0.016514 0.959665 -0.280659
1766747403.097507 -1.200735 0.799392 0.314658 -0.001002 -0.021380 0.948136 -0.317144
1766747403.150836 -1.216713 0.781047 0.317018 0.007462 -0.031452 0.934034 -0.355720
1766747403.203848 -1.238849 0.762699 0.314700 0.003964 -0.021357 0.917814 -0.396417
1766747403.271487 -1.253330 0.743413 0.315852 0.003570 -0.030224 0.900483 -0.433826
1766747403.316825 -1.269709 0.729025 0.318335 0.001262 -0.024738 0.880461 -0.473472
1766747403.364921 -1.281970 0.709141 0.317034 0.001603 -0.011210 0.866826 -0.498483
1766747403.417799 -1.294747 0.688837 0.315964 0.001216 -0.007214 0.864014 -0.503415
1766747403.481285 -1.308115 0.667822 0.313743 0.003666 -0.003040 0.865435 -0.500998
1766747403.531356 -1.320886 0.644340 0.310103 -0.000068 -0.008381 0.862916 -0.505278
1766747403.583275 -1.326875 0.628228 0.309826 -0.006603 -0.008572 0.855629 -0.517477
1766747403.635024 -1.333595 0.614546 0.312954 -0.002566 -0.011541 0.845366 -0.534057
1766747403.690811 -1.340187 0.602953 0.315158 0.001385 -0.019848 0.832409 -0.553805
1766747403.740813 -1.348628 0.590254 0.317293 -0.004309 -0.022553 0.817463 -0.575523
1766747403.796743 -1.354711 0.585170 0.316894 -0.002950 -0.021569 0.802297 -0.596528
1766747403.852524 -1.359459 0.580681 0.316919 -0.000244 -0.019735 0.784483 -0.619836
1766747403.906299 -1.364147 0.572133 0.313589 0.001797 -0.014537 0.771909 -0.635564
1766747403.960671 -1.367641 0.565498 0.313449 0.001608 -0.013060 0.770893 -0.636829
1766747404.018147 -1.372279 0.554448 0.312978 -0.001153 -0.009441 0.768889 -0.639311
1766747404.065182 -1.374204 0.538633 0.312478 -0.006264 -0.004817 0.767085 -0.641497
1766747404.116945 -1.371439 0.525380 0.311779 -0.005355 -0.008101 0.765750 -0.643065
1766747404.172455 -1.366874 0.511866 0.310765 -0.002511 -0.016916 0.763542 -0.645532
1766747404.220611 -1.374872 0.483151 0.305217 0.001242 -0.011460 0.760898 -0.648770
1766747404.279408 -1.374354 0.468060 0.306542 0.002082 -0.019401 0.755727 -0.654597
1766747404.331138 -1.378947 0.450565 0.308568 -0.006807 -0.021387 0.743491 -0.668369
1766747404.387296 -1.385387 0.431931 0.309033 -0.021146 -0.022175 0.729750 -0.683027
1766747404.439844 -1.391891 0.418649 0.307008 -0.019199 -0.029184 0.713323 -0.699965
1766747404.494638 -1.401996 0.406583 0.305981 -0.019040 -0.027267 0.699069 -0.714280
1766747404.549032 -1.402519 0.399650 0.304293 -0.014951 -0.025373 0.698332 -0.715168
1766747404.598437 -1.402940 0.392348 0.301524 -0.009989 -0.016689 0.699227 -0.714635
1766747404.656502 -1.401791 0.383096 0.298098 -0.007361 -0.009181 0.700839 -0.713223
1766747404.710976 -1.400411 0.371138 0.298882 -0.011054 -0.005430 0.700474 -0.713572
1766747404.764189 -1.397785 0.360650 0.300090 -0.013849 -0.001593 0.701416 -0.712616
1766747404.818592 -1.395278 0.344727 0.302063 -0.009099 0.001717 0.701474 -0.712635
1766747404.874631 -1.393284 0.320465 0.306220 0.002773 0.000932 0.701132 -0.713026
1766747404.919533 -1.393449 0.291231 0.307803 0.009736 -0.004543 0.700138 -0.713927
1766747404.968570 -1.393173 0.263959 0.309390 0.010208 -0.014740 0.702432 -0.711525
1766747405.028440 -1.391114 0.229168 0.311571 0.006145 -0.019324 0.700475 -0.713388
1766747405.078649 -1.391008 0.191706 0.311054 0.006778 -0.017226 0.699180 -0.714706
1766747405.127626 -1.389377 0.146224 0.311077 0.008723 -0.013505 0.698029 -0.715889
1766747405.180431 -1.382187 0.096185 0.306099 0.007595 -0.017227 0.700304 -0.713596
1766747405.233553 -1.382127 0.067055 0.308113 0.001262 -0.024457 0.706035 -0.707753
1766747405.302467 -1.377015 0.027461 0.311716 0.003687 -0.035430 0.719391 -0.693691
1766747405.355471 -1.369829 -0.006278 0.305635 -0.002709 -0.034458 0.730851 -0.681661
1766747405.407823 -1.366767 -0.034006 0.308693 -0.000276 -0.028163 0.734847 -0.677648
1766747405.463957 -1.367577 -0.054557 0.307440 -0.003782 -0.020790 0.733186 -0.679700
1766747405.522702 -1.371473 -0.072217 0.312575 -0.009464 -0.015225 0.733013 -0.679979
1766747405.576634 -1.374622 -0.097508 0.313195 -0.006736 -0.009879 0.732829 -0.680308
1766747405.624080 -1.377707 -0.129207 0.312220 -0.001750 -0.004107 0.732612 -0.680633
1766747405.677869 -1.378257 -0.165080 0.310856 -0.006957 -0.003550 0.732152 -0.681096
1766747405.730026 -1.380670 -0.199956 0.313064 -0.005504 -0.000662 0.729798 -0.683640
1766747405.792047 -1.385033 -0.241204 0.314418 -0.005327 0.010428 0.729988 -0.683360
1766747405.846630 -1.389385 -0.285270 0.315610 0.001598 0.010586 0.730735 -0.682577
1766747405.890751 -1.393852 -0.340843 0.309450 0.006463 0.003278 0.730834 -0.682517
1766747405.945067 -1.398745 -0.369619 0.313471 -0.014512 -0.001930 0.739976 -0.672475
1766747406.001223 -1.404799 -0.406319 0.315643 -0.016457 -0.005942 0.753706 -0.656978
1766747406.051966 -1.410479 -0.440977 0.312755 -0.021716 -0.008620 0.773998 -0.632757
1766747406.103414 -1.417839 -0.474190 0.307562 -0.018967 -0.010953 0.783483 -0.621027
1766747406.157130 -1.425765 -0.510723 0.307378 -0.013073 -0.007178 0.783146 -0.621659
1766747406.217622 -1.436500 -0.534944 0.307428 -0.020220 -0.000294 0.782173 -0.622733
1766747406.270051 -1.442936 -0.563095 0.310828 -0.022279 0.008006 0.782522 -0.622173
1766747406.317845 -1.452205 -0.596509 0.312769 -0.014194 0.015050 0.782780 -0.621955
1766747406.370773 -1.463952 -0.637566 0.311582 -0.005143 0.013276 0.782817 -0.622089
1766747406.423107 -1.467723 -0.676146 0.311235 -0.013073 -0.010537 0.786196 -0.617749
1766747406.475044 -1.479520 -0.714930 0.315775 -0.007585 -0.010612 0.787996 -0.615542
1766747406.528373 -1.486550 -0.760733 0.316849 0.006521 -0.012099 0.787016 -0.616779
1766747406.580357 -1.495263 -0.814549 0.315465 0.018709 -0.002451 0.785160 -0.619005
1766747406.638293 -1.510718 -0.871984 0.306300 -0.011291 0.002390 0.781088 -0.624314
1766747406.692204 -1.517623 -0.920316 0.311389 -0.010885 -0.005197 0.779651 -0.626098
1766747406.752936 -1.530526 -0.971966 0.315280 -0.007756 -0.002938 0.780745 -0.624794
1766747406.798671 -1.548246 -1.032670 0.316055 0.002568 -0.001872 0.780509 -0.625136
1766747406.850990 -1.555412 -1.061341 0.311837 -0.013050 -0.009292 0.781127 -0.624167
1766747406.904698 -1.573771 -1.127003 0.313878 -0.012064 -0.011987 0.781512 -0.623658
1766747406.955796 -1.587956 -1.187180 0.315259 -0.003897 -0.008678 0.779907 -0.625824
1766747407.010674 -1.599941 -1.254792 0.309213 -0.004702 -0.010344 0.779367 -0.626464
1766747407.063783 -1.606069 -1.260605 0.309995 -0.005651 -0.018528 0.779657 -0.625907
1766747407.121872 -1.607619 -1.303347 0.300213 -0.000448 -0.034897 0.790910 -0.610936
1766747407.180049 -1.611760 -1.338279 0.299253 -0.005887 -0.030455 0.805596 -0.591653
1766747407.224165 -1.617815 -1.371419 0.303430 -0.010489 0.006034 0.811652 -0.584016
1766747407.277183 -1.624840 -1.407382 0.311336 -0.011663 -0.000360 0.812861 -0.582341
1766747407.346906 -1.637852 -1.444477 0.312727 -0.008431 0.000050 0.810934 -0.585077
1766747407.401049 -1.651608 -1.484651 0.310080 -0.006150 -0.003090 0.809771 -0.586706
1766747407.447666 -1.665165 -1.516135 0.311106 -0.008869 -0.001273 0.807907 -0.589242
1766747407.508532 -1.675878 -1.544877 0.312802 -0.008295 0.005764 0.808514 -0.588390
1766747407.560648 -1.694108 -1.596459 0.313680 -0.000527 0.011547 0.808658 -0.588166
1766747407.621659 -1.713738 -1.642449 0.314200 0.006657 0.013581 0.807449 -0.589744
1766747407.671253 -1.725278 -1.687530 0.310829 -0.007174 -0.011992 0.809838 -0.586487
1766747407.721726 -1.742197 -1.731485 0.312393 -0.005879 -0.011197 0.810254 -0.585942
1766747407.780257 -1.757122 -1.779183 0.313720 0.001706 -0.009575 0.808335 -0.588643
1766747407.826966 -1.780298 -1.836789 0.300957 -0.002065 -0.006574 0.807067 -0.590420
1766747407.882841 -1.796404 -1.876879 0.307472 0.001893 -0.010931 0.805048 -0.593107
1766747407.935431 -1.810305 -1.915250 0.313321 0.002106 -0.006962 0.803965 -0.594633
1766747407.987573 -1.818795 -1.957274 0.311156 0.007440 -0.010543 0.805124 -0.592966
1766747408.040158 -1.829520 -1.999966 0.312122 0.005767 -0.019138 0.804615 -0.593461
1766747408.094511 -1.837459 -2.037234 0.307531 0.004409 -0.016569 0.804208 -0.594101
1766747408.149055 -1.843151 -2.069072 0.315219 0.004532 -0.014366 0.804109 -0.594291
1766747408.200158 -1.851005 -2.102196 0.316716 0.008748 -0.016727 0.803180 -0.595438
1766747408.253681 -1.859051 -2.137347 0.315319 0.011948 -0.016553 0.802272 -0.596609
1766747408.312982 -1.868891 -2.174156 0.313160 0.010770 -0.012044 0.801241 -0.598124
1766747408.357697 -1.878842 -2.208281 0.308374 0.005508 -0.011938 0.800469 -0.599231
1766747408.408631 -1.888682 -2.233361 0.308506 0.005329 -0.012554 0.798506 -0.601832
1766747408.464152 -1.900924 -2.265198 0.311582 0.005880 0.001916 0.797405 -0.603413
1766747408.526603 -1.910096 -2.295481 0.312072 0.007627 0.003887 0.798865 -0.601449
1766747408.569570 -1.921095 -2.330524 0.311888 0.012331 0.005220 0.798865 -0.601362
1766747408.625109 -1.929510 -2.366004 0.309951 0.012545 -0.005749 0.798367 -0.602013
1766747408.675817 -1.939817 -2.393397 0.311626 0.005554 -0.012382 0.800270 -0.599486
1766747408.737781 -1.945191 -2.421573 0.315306 0.005872 -0.013267 0.799957 -0.599882
1766747408.783843 -1.952768 -2.459273 0.314998 0.008671 -0.015863 0.798563 -0.601639
1766747408.838619 -1.960993 -2.495246 0.312920 0.009036 -0.014800 0.797415 -0.603183
1766747408.891803 -1.971241 -2.532466 0.310369 0.003256 -0.010834 0.796056 -0.605118
1766747408.959168 -1.980677 -2.564374 0.307007 0.003516 -0.011840 0.795099 -0.606354
1766747408.996914 -1.991775 -2.591165 0.310268 0.002341 -0.003642 0.792567 -0.609769
1766747409.051801 -2.000808 -2.621251 0.312552 0.001047 0.002306 0.792776 -0.609508
1766747409.104069 -2.009789 -2.650489 0.312647 0.004192 0.003377 0.793596 -0.608421
1766747409.163632 -2.021284 -2.689299 0.311341 0.008081 0.003827 0.793458 -0.608560
1766747409.215650 -2.031609 -2.721088 0.309371 0.003793 -0.008873 0.793940 -0.607919
1766747409.274439 -2.038331 -2.750903 0.313532 0.001892 -0.006397 0.794738 -0.606917
1766747409.320962 -2.045670 -2.782903 0.315654 0.004720 -0.008822 0.793801 -0.608095
1766747409.373701 -2.052830 -2.816530 0.314827 0.007821 -0.008539 0.792744 -0.609445
1766747409.428332 -2.062078 -2.853278 0.312638 0.006319 -0.006887 0.791569 -0.611008
1766747409.480291 -2.070581 -2.891442 0.308245 0.002340 -0.011289 0.790680 -0.612122
1766747409.535029 -2.083453 -2.920360 0.309155 -0.000549 -0.005535 0.788602 -0.614879
1766747409.586213 -2.092226 -2.949677 0.312726 -0.000253 -0.000436 0.787884 -0.615823
1766747409.656376 -2.100156 -2.981365 0.312764 0.001181 -0.001779 0.788703 -0.614771
1766747409.694011 -2.109210 -3.015763 0.311146 0.004996 -0.002733 0.788855 -0.614553
1766747409.747375 -2.119054 -3.051111 0.308350 0.002536 -0.004832 0.788006 -0.615644
1766747409.799454 -2.122822 -3.083725 0.311357 0.002015 -0.013637 0.789846 -0.613151
1766747409.859434 -2.128311 -3.112560 0.314565 0.003096 -0.013180 0.789274 -0.613892
1766747409.910548 -2.135445 -3.146767 0.314231 0.004999 -0.013384 0.788335 -0.615080
1766747409.966526 -2.143898 -3.184897 0.312153 0.005147 -0.011219 0.787282 -0.616470
1766747410.017029 -2.153919 -3.223063 0.309309 -0.002173 -0.009666 0.785986 -0.618165
1766747410.069504 -2.165570 -3.256701 0.306282 0.000500 -0.011497 0.785201 -0.619134
1766747410.127053 -2.173979 -3.282690 0.310813 0.001201 -0.004067 0.783955 -0.620803
1766747410.179211 -2.180829 -3.313081 0.311504 -0.000542 -0.000393 0.784144 -0.620579
1766747410.255330 -2.190120 -3.350068 0.310370 0.005571 0.000023 0.784212 -0.620468
1766747410.301130 -2.199672 -3.392364 0.307276 0.005281 -0.006512 0.783407 -0.621453
1766747410.353664 -2.207724 -3.423356 0.309463 0.001301 -0.012952 0.784728 -0.619704
1766747410.416231 -2.212605 -3.452450 0.313428 0.003744 -0.010596 0.784175 -0.620438
1766747410.463164 -2.219510 -3.486211 0.313323 0.006496 -0.011043 0.782793 -0.622150
1766747410.519546 -2.226889 -3.522281 0.311874 0.006558 -0.009844 0.781684 -0.623562
1766747410.565890 -2.236320 -3.559601 0.309123 -0.000662 -0.008350 0.780282 -0.625371
1766747410.625213 -2.244635 -3.594737 0.304688 0.007877 -0.017324 0.780068 -0.625406
1766747410.677093 -2.254083 -3.619008 0.310502 0.004074 -0.005491 0.777862 -0.628398
1766747410.726580 -2.259979 -3.649326 0.313044 0.001211 -0.000550 0.777439 -0.628957
1766747410.781374 -2.266872 -3.681570 0.312365 0.004170 -0.001127 0.777418 -0.628970
1766747410.836702 -2.274379 -3.716153 0.310605 0.006420 -0.002987 0.776830 -0.629671
1766747410.891709 -2.278341 -3.748703 0.308208 0.004012 -0.014201 0.772285 -0.635105
1766747410.940474 -2.283589 -3.776851 0.312964 0.000844 -0.013344 0.766831 -0.641710
1766747410.996000 -2.286922 -3.809389 0.315764 0.004715 -0.014954 0.765386 -0.643381
1766747411.050152 -2.289742 -3.840587 0.315072 0.009292 -0.015116 0.764836 -0.643980
1766747411.102784 -2.294073 -3.876133 0.312817 0.009986 -0.013702 0.764009 -0.644983
1766747411.150429 -2.300553 -3.912416 0.309356 0.004632 -0.011582 0.762800 -0.646514
1766747411.203206 -2.306447 -3.940574 0.306257 0.003914 -0.013609 0.761146 -0.648426
1766747411.270310 -2.315062 -3.972606 0.309455 0.004027 -0.003719 0.759055 -0.651003
1766747411.330131 -2.320122 -4.001941 0.309594 0.001948 0.001068 0.759838 -0.650109
1766747411.385457 -2.326226 -4.032992 0.308813 0.004402 0.003698 0.760050 -0.649840
1766747411.430483 -2.332031 -4.066483 0.307458 0.005919 0.003319 0.759694 -0.650245
1766747411.484987 -2.339085 -4.099333 0.308752 -0.000147 -0.007763 0.760780 -0.648964
1766747411.548699 -2.340148 -4.124581 0.314146 0.003835 -0.009671 0.760821 -0.648879
1766747411.593570 -2.344626 -4.158840 0.315834 0.006977 -0.011720 0.760197 -0.649549
1766747411.647123 -2.348095 -4.190878 0.314969 0.008147 -0.010204 0.758282 -0.651796
1766747411.696723 -2.353744 -4.226396 0.313038 -0.000233 -0.010542 0.751143 -0.660055
1766747411.749689 -2.357115 -4.257349 0.306116 -0.000274 -0.016235 0.739411 -0.673058
1766747411.825922 -2.363515 -4.281081 0.308006 -0.003581 -0.015399 0.722311 -0.691388
1766747411.857042 -2.366400 -4.301730 0.309893 -0.005206 -0.016592 0.701959 -0.712005
1766747411.911126 -2.364447 -4.322815 0.309977 -0.001581 -0.021428 0.678077 -0.734677
1766747411.963953 -2.360548 -4.345565 0.309298 0.004181 -0.022726 0.650544 -0.759117
1766747412.020694 -2.349358 -4.373419 0.306840 0.007435 -0.022467 0.623110 -0.781776
1766747412.073265 -2.344284 -4.395756 0.305415 0.013693 -0.011059 0.616978 -0.786784
1766747412.122931 -2.338602 -4.418027 0.309994 0.019930 -0.013905 0.617390 -0.786282
1766747412.176688 -2.332225 -4.440348 0.312589 0.016633 -0.016012 0.616197 -0.787254
1766747412.235115 -2.325987 -4.462740 0.311701 0.018386 -0.018487 0.614376 -0.788583
1766747412.284831 -2.317631 -4.489853 0.310154 0.020623 -0.020246 0.612103 -0.790250
1766747412.334761 -2.309067 -4.516616 0.307693 0.019804 -0.019150 0.604147 -0.796396
1766747412.389770 -2.302002 -4.544189 0.303943 0.009443 -0.019846 0.589921 -0.807162
1766747412.454160 -2.292274 -4.567908 0.305690 0.010175 -0.021743 0.569251 -0.821813
1766747412.499594 -2.285856 -4.587325 0.306976 0.005009 -0.017715 0.547062 -0.836890
1766747412.550619 -2.277418 -4.603015 0.306151 -0.003401 -0.014599 0.523984 -0.851597
1766747412.604115 -2.265557 -4.618338 0.305255 -0.008374 -0.012512 0.509012 -0.860628
1766747412.657874 -2.252600 -4.635142 0.304019 -0.003196 -0.021793 0.507471 -0.861387
1766747412.729683 -2.242246 -4.650426 0.302712 -0.006673 -0.017295 0.508318 -0.860970
1766747412.762776 -2.229541 -4.666491 0.302649 0.000563 -0.014563 0.510224 -0.859918
1766747412.815589 -2.220304 -4.678395 0.306403 0.004955 -0.017447 0.508257 -0.861015
1766747412.869539 -2.211140 -4.691272 0.308510 0.007299 -0.019567 0.498506 -0.866635
1766747412.923405 -2.200135 -4.707057 0.309159 0.012748 -0.022536 0.483033 -0.875219
1766747412.985613 -2.187105 -4.724081 0.309385 0.017950 -0.025574 0.462448 -0.886096
1766747413.030237 -2.174188 -4.741470 0.308744 0.014258 -0.027981 0.437882 -0.898484
1766747413.094926 -2.158412 -4.756728 0.306403 0.016181 -0.027588 0.409373 -0.911806
1766747413.142038 -2.146098 -4.775152 0.308776 0.005862 -0.021901 0.376583 -0.926106
1766747413.186943 -2.137180 -4.786940 0.309666 0.000943 -0.020667 0.345903 -0.938042
1766747413.240849 -2.124588 -4.796653 0.308903 -0.001575 -0.018149 0.327569 -0.944652
1766747413.294337 -2.106452 -4.808522 0.308524 0.009893 -0.025319 0.325595 -0.945118
1766747413.353731 -2.091526 -4.819465 0.306570 0.006454 -0.024565 0.326979 -0.944690
1766747413.403089 -2.075746 -4.831320 0.305097 0.006235 -0.017901 0.328350 -0.944366
1766747413.454256 -2.060812 -4.839336 0.306939 0.013703 -0.020410 0.330081 -0.943632
1766747413.506383 -2.048774 -4.847345 0.308827 0.012952 -0.019952 0.328439 -0.944226
1766747413.567172 -2.034405 -4.857321 0.309090 0.016317 -0.019502 0.327538 -0.944496
1766747413.626060 -2.015671 -4.869417 0.309048 0.018042 -0.018871 0.320463 -0.946901
1766747413.666598 -1.997386 -4.881880 0.308418 0.015028 -0.018784 0.306487 -0.951571
1766747413.719609 -1.978506 -4.896060 0.304331 0.007789 -0.026471 0.286575 -0.957660
1766747413.773683 -1.961111 -4.906705 0.302045 0.018957 -0.026798 0.264977 -0.963696
1766747413.823156 -1.952693 -4.916475 0.305103 0.011784 -0.025886 0.238161 -0.970809
1766747413.880006 -1.943070 -4.922515 0.304470 0.008900 -0.025416 0.206163 -0.978147
1766747413.933718 -1.932211 -4.924515 0.303139 0.003403 -0.031483 0.174054 -0.984227
1766747413.987624 -1.924823 -4.924493 0.302553 -0.002049 -0.032644 0.145176 -0.988865
1766747414.042064 -1.915654 -4.926758 0.303532 -0.002318 -0.030532 0.134680 -0.990416
1766747414.092806 -1.905980 -4.930385 0.302843 -0.004302 -0.031923 0.134653 -0.990369
1766747414.147726 -1.895800 -4.933317 0.302106 -0.010256 -0.032746 0.135445 -0.990191
1766747414.201888 -1.886624 -4.935238 0.301992 -0.012412 -0.030785 0.135752 -0.990187
1766747414.259897 -1.876511 -4.935914 0.301437 -0.006194 -0.031781 0.136960 -0.990047
1766747414.308916 -1.868595 -4.937175 0.302682 0.000642 -0.029409 0.136898 -0.990148
1766747414.360201 -1.860829 -4.938917 0.303570 0.003467 -0.028345 0.133805 -0.990596
1766747414.413846 -1.851182 -4.940777 0.303641 0.006632 -0.027149 0.132507 -0.990788
1766747414.467516 -1.837720 -4.943773 0.303686 0.008300 -0.026023 0.130657 -0.991051
1766747414.530370 -1.823177 -4.947108 0.303202 0.007252 -0.024585 0.128366 -0.991396
1766747414.574201 -1.806403 -4.950392 0.301504 0.006938 -0.023370 0.125959 -0.991736
1766747414.626924 -1.787976 -4.954370 0.300295 0.012276 -0.013788 0.124745 -0.992017
1766747414.689512 -1.768871 -4.958103 0.299954 0.008892 -0.007928 0.123617 -0.992259
1766747414.735656 -1.749894 -4.962464 0.301229 0.002720 -0.008329 0.121050 -0.992608
1766747414.792803 -1.733510 -4.966282 0.301771 -0.002588 -0.007963 0.112814 -0.993581
1766747414.835850 -1.716998 -4.967710 0.301923 -0.000164 -0.004477 0.098315 -0.995145
1766747414.889309 -1.696896 -4.969674 0.302200 0.007132 -0.000073 0.076915 -0.997012
1766747414.943565 -1.671457 -4.970827 0.300851 0.010871 0.001625 0.063884 -0.997897
1766747415.005103 -1.648882 -4.972340 0.299660 0.008720 0.003827 0.062708 -0.997987
1766747415.052114 -1.626919 -4.971746 0.303818 0.021186 0.002836 0.064091 -0.997715
1766747415.110591 -1.601463 -4.973182 0.307522 0.015162 -0.002497 0.059300 -0.998122
1766747415.166177 -1.576648 -4.974632 0.308203 0.016057 -0.004783 0.058055 -0.998173
1766747415.216351 -1.551134 -4.976587 0.307166 0.017108 -0.006376 0.057219 -0.998195
1766747415.268973 -1.525638 -4.978915 0.305818 0.012137 -0.006088 0.061187 -0.998034
1766747415.328046 -1.498946 -4.984697 0.307059 0.009082 -0.009366 0.083188 -0.996449
1766747415.377690 -1.475765 -4.988498 0.307393 0.018647 -0.004194 0.112376 -0.993482
1766747415.429083 -1.464394 -4.995990 0.311884 0.003734 -0.004067 0.139788 -0.990166
1766747415.484091 -1.447233 -5.000538 0.314833 -0.003624 -0.004305 0.164676 -0.986332
1766747415.538375 -1.431289 -5.008955 0.314680 -0.007597 -0.003624 0.168709 -0.985630
1766747415.590039 -1.419876 -5.015980 0.313435 0.003292 -0.008706 0.165243 -0.986209
1766747415.644323 -1.412157 -5.019047 0.312736 0.003919 -0.006683 0.165883 -0.986115
1766747415.701054 -1.403211 -5.020555 0.311802 0.004967 -0.004346 0.166931 -0.985947
1766747415.761310 -1.394282 -5.017801 0.313004 0.002051 -0.000775 0.153910 -0.988083
1766747415.809539 -1.385909 -5.012664 0.313225 0.007586 0.002330 0.126302 -0.991960
1766747415.862742 -1.378424 -5.014894 0.312462 0.004349 0.003866 0.093252 -0.995626
1766747415.915831 -1.372600 -5.016317 0.310766 -0.004031 0.004708 0.081523 -0.996652
1766747415.968545 -1.365853 -5.015588 0.311677 -0.004058 0.003736 0.080959 -0.996702
1766747416.024545 -1.361912 -5.017384 0.311774 -0.003721 -0.000446 0.080924 -0.996713
1766747416.080045 -1.359724 -5.017241 0.311444 -0.007799 -0.002332 0.077149 -0.996986
1766747416.129564 -1.358538 -5.014432 0.311372 -0.010193 -0.003718 0.073463 -0.997239
1766747416.183176 -1.357264 -5.009843 0.312004 -0.009139 -0.008280 0.075948 -0.997036
1766747416.239689 -1.357255 -5.004866 0.312299 -0.005616 -0.012197 0.085012 -0.996290
1766747416.291362 -1.356876 -5.000837 0.312441 -0.003231 -0.014938 0.085076 -0.996257
1766747416.353936 -1.357271 -4.998664 0.312215 -0.004481 -0.015498 0.084657 -0.996280
1766747416.396610 -1.357159 -4.998059 0.312091 -0.004992 -0.015466 0.085084 -0.996241
1766747416.449193 -1.357129 -4.998567 0.312352 -0.005351 -0.015870 0.086702 -0.996094
1766747416.502495 -1.356583 -4.999102 0.313012 -0.003616 -0.015933 0.092412 -0.995587
1766747416.558140 -1.356243 -4.997309 0.312789 -0.002524 -0.016882 0.096710 -0.995166
1766747416.613257 -1.355953 -4.997129 0.312706 -0.002065 -0.017479 0.092999 -0.995511
1766747416.662737 -1.355659 -4.998592 0.311989 -0.002262 -0.015921 0.090141 -0.995799
1766747416.723046 -1.352160 -4.998718 0.310528 -0.001703 -0.012995 0.089813 -0.995872
1766747416.768502 -1.345700 -4.999821 0.309950 -0.001280 -0.010689 0.088629 -0.996007
1766747416.822385 -1.337035 -5.001237 0.309871 -0.002199 -0.009246 0.086709 -0.996189
1766747416.876688 -1.328833 -5.002422 0.310229 -0.002550 -0.008930 0.085008 -0.996337
1766747416.933364 -1.323655 -5.002698 0.310484 -0.002720 -0.007672 0.085137 -0.996336
1766747416.983399 -1.317647 -5.003531 0.311176 -0.001069 -0.007776 0.092610 -0.995672
1766747417.036051 -1.309483 -5.005210 0.311456 0.005736 -0.009220 0.108117 -0.994079
1766747417.089664 -1.300081 -5.006046 0.310489 0.013722 -0.012895 0.119638 -0.992639
1766747417.147436 -1.292758 -5.008687 0.309106 0.009014 -0.007903 0.118793 -0.992847
1766747417.196250 -1.285272 -5.008771 0.307582 0.012242 -0.007842 0.117904 -0.992919
1766747417.248460 -1.278943 -5.009730 0.307060 0.012726 -0.006379 0.118160 -0.992893
1766747417.302410 -1.272603 -5.009631 0.307430 0.013988 -0.005386 0.117837 -0.992920
1766747417.355969 -1.267330 -5.009052 0.307985 0.015496 -0.004246 0.117139 -0.992986
1766747417.413233 -1.262824 -5.008129 0.308080 0.016062 -0.003599 0.115592 -0.993161
1766747417.465797 -1.257386 -5.009016 0.308464 0.011832 -0.003206 0.114054 -0.993399
1766747417.523829 -1.250247 -5.011222 0.308423 0.004981 -0.003490 0.112990 -0.993577
1766747417.572438 -1.242441 -5.013797 0.308277 -0.000744 -0.003194 0.113594 -0.993522
1766747417.628709 -1.233153 -5.015893 0.307381 0.001882 -0.000023 0.115092 -0.993353
1766747417.684347 -1.223756 -5.019536 0.305166 0.001649 0.001547 0.114331 -0.993440
1766747417.735982 -1.216758 -5.022799 0.304131 0.003149 0.002124 0.115076 -0.993349
1766747417.793295 -1.209110 -5.022572 0.302728 0.004884 0.003414 0.120321 -0.992717
1766747417.847929 -1.205147 -5.024960 0.301582 0.005061 0.006111 0.117805 -0.993005
1766747417.897588 -1.202744 -5.026797 0.300067 0.004551 0.009066 0.116464 -0.993143
1766747417.947930 -1.199871 -5.027536 0.298595 0.005072 0.012247 0.115558 -0.993212
1766747418.003046 -1.197129 -5.028489 0.297109 0.005439 0.015530 0.114377 -0.993301
1766747418.062876 -1.194016 -5.028971 0.295882 0.006230 0.018125 0.113595 -0.993342
1766747418.110193 -1.191187 -5.029470 0.294716 0.006889 0.020362 0.112880 -0.993376
1766747418.168882 -1.188348 -5.030109 0.294078 0.007104 0.021361 0.112182 -0.993433
1766747418.217352 -1.189487 -5.028905 0.296070 0.006487 0.015662 0.113335 -0.993412
1766747418.269936 -1.190567 -5.027420 0.301170 0.006626 0.004590 0.120444 -0.992687
1766747418.324645 -1.191753 -5.025821 0.303384 0.009351 -0.000649 0.128013 -0.991728
1766747418.376949 -1.194474 -5.023867 0.303863 0.014457 -0.003064 0.129097 -0.991522
1766747418.431779 -1.197977 -5.023022 0.304879 0.016598 -0.003570 0.128276 -0.991593
1766747418.483881 -1.200552 -5.022182 0.305367 0.018455 -0.003588 0.127994 -0.991597
1766747418.538247 -1.203615 -5.021505 0.304945 0.018698 -0.003640 0.127040 -0.991715
1766747418.589092 -1.202974 -5.022523 0.303996 0.018102 -0.001153 0.126391 -0.991815
1766747418.642976 -1.200168 -5.022819 0.303475 0.018658 0.000741 0.125637 -0.991901
1766747418.700063 -1.194762 -5.023204 0.302819 0.019309 0.002015 0.125512 -0.991902
1766747418.749576 -1.188301 -5.024217 0.302061 0.020033 0.000243 0.124220 -0.992052
1766747418.803519 -1.186855 -5.024284 0.301846 0.019701 -0.004036 0.121895 -0.992339
1766747418.854522 -1.189379 -5.023436 0.301223 0.018366 -0.003690 0.120670 -0.992516
1766747418.905518 -1.195936 -5.022088 0.301023 0.017181 -0.002200 0.119817 -0.992645
1766747418.959810 -1.207140 -5.020426 0.301453 0.014362 -0.001964 0.119301 -0.992752
1766747419.014612 -1.220086 -5.019053 0.301631 0.011133 -0.002067 0.119036 -0.992825
1766747419.076786 -1.231522 -5.017594 0.302326 0.009050 -0.002702 0.118469 -0.992913
1766747419.119463 -1.247638 -5.014596 0.304083 0.006975 -0.005328 0.118588 -0.992905
1766747419.183478 -1.261749 -5.011884 0.305886 0.004836 -0.010786 0.118661 -0.992865
1766747419.226222 -1.279385 -5.007094 0.306612 0.006448 -0.014460 0.118158 -0.992869
1766747419.279167 -1.301192 -5.002573 0.302988 0.006824 -0.015760 0.118147 -0.992848
1766747419.332412 -1.322897 -4.997067 0.304602 0.010012 -0.017151 0.114655 -0.993207
1766747419.385989 -1.342288 -4.990948 0.306856 0.010493 -0.020419 0.113699 -0.993250
1766747419.442484 -1.361251 -4.983866 0.308131 0.014351 -0.026581 0.112907 -0.993146
1766747419.493788 -1.384302 -4.974489 0.308247 0.018030 -0.033990 0.112093 -0.992953
1766747419.547659 -1.409654 -4.966072 0.303941 0.008969 -0.026460 0.113860 -0.993104
1766747419.614857 -1.431660 -4.958942 0.307364 0.014907 -0.029172 0.115632 -0.992752
1766747419.656101 -1.453446 -4.956648 0.310446 0.004851 -0.032121 0.114476 -0.992895
1766747419.706648 -1.477974 -4.953384 0.312447 -0.001029 -0.037321 0.113748 -0.992808
1766747419.758896 -1.506291 -4.950391 0.312188 -0.004797 -0.041921 0.113323 -0.992662
1766747419.819404 -1.533998 -4.946310 0.313310 0.004006 -0.035832 0.109603 -0.993321
1766747419.872132 -1.558741 -4.941644 0.313562 -0.001515 -0.034100 0.108085 -0.993556
1766747419.919800 -1.580784 -4.933836 0.314329 0.001011 -0.038604 0.107150 -0.993493
1766747419.966909 -1.603351 -4.927247 0.312992 0.003896 -0.043747 0.106320 -0.993362
1766747420.026636 -1.636235 -4.919092 0.307830 -0.003540 -0.041249 0.106651 -0.993434
1766747420.075382 -1.660700 -4.909903 0.309863 0.009295 -0.037385 0.109963 -0.993189
1766747420.134506 -1.684106 -4.906617 0.312995 0.004858 -0.037418 0.108784 -0.993349
1766747420.178938 -1.712051 -4.901591 0.315085 0.000759 -0.039206 0.108231 -0.993352
1766747420.230297 -1.742468 -4.897399 0.314733 -0.003372 -0.042224 0.108226 -0.993224
1766747420.287802 -1.771713 -4.892458 0.313166 0.009269 -0.033191 0.105648 -0.993806
1766747420.336906 -1.799378 -4.887197 0.314624 0.000146 -0.031154 0.102243 -0.994272
1766747420.393236 -1.826889 -4.879789 0.315491 0.003006 -0.034118 0.101098 -0.994287
1766747420.452370 -1.855381 -4.872389 0.313055 0.005765 -0.038142 0.101031 -0.994135
1766747420.514092 -1.879314 -4.866544 0.308408 0.003374 -0.037636 0.100681 -0.994201
1766747420.553225 -1.907899 -4.855748 0.308269 0.011609 -0.034950 0.104678 -0.993824
1766747420.603850 -1.933836 -4.851168 0.311554 0.007017 -0.034189 0.103597 -0.994007
1766747420.657709 -1.962587 -4.845043 0.313582 0.004971 -0.034078 0.102779 -0.994108
1766747420.710552 -1.994249 -4.840012 0.312768 0.003662 -0.035949 0.102595 -0.994067
1766747420.766047 -2.028333 -4.833439 0.308791 0.008268 -0.028982 0.100690 -0.994461
1766747420.816056 -2.055595 -4.827760 0.312094 0.005677 -0.028723 0.097341 -0.994820
1766747420.873449 -2.082649 -4.820637 0.313498 0.009186 -0.030123 0.096634 -0.994822
1766747420.922244 -2.112947 -4.812073 0.311615 0.011881 -0.033011 0.096087 -0.994755
1766747420.977047 -2.147066 -4.801234 0.306016 0.008980 -0.028022 0.097405 -0.994810
1766747421.041644 -2.171190 -4.794319 0.310434 0.011567 -0.030386 0.091760 -0.995250
1766747421.086686 -2.198269 -4.789364 0.316210 0.011967 -0.028460 0.068869 -0.997148
1766747421.151294 -2.224148 -4.784834 0.318764 0.022316 -0.023900 0.038346 -0.998730
1766747421.191461 -2.251788 -4.781425 0.317727 0.033938 -0.017192 0.006845 -0.999253
1766747421.246019 -2.272918 -4.783987 0.315805 0.013900 -0.025646 -0.008441 -0.999539
1766747421.307184 -2.296364 -4.782817 0.314681 0.014508 -0.021302 -0.009392 -0.999624
1766747421.353600 -2.316579 -4.783031 0.315475 0.010747 -0.023298 -0.012191 -0.999597
1766747421.405711 -2.336581 -4.781581 0.316000 0.008594 -0.022514 -0.009143 -0.999668
1766747421.460012 -2.361817 -4.781482 0.315710 -0.000514 -0.015398 0.011871 -0.999811
1766747421.512173 -2.385670 -4.771809 0.314713 0.015230 -0.018388 0.042672 -0.998804
1766747421.572408 -2.401936 -4.771773 0.316023 0.005327 -0.020861 0.072461 -0.997139
1766747421.617984 -2.421541 -4.764234 0.317164 0.009644 -0.020178 0.107495 -0.993954
1766747421.678519 -2.441991 -4.757349 0.315577 0.013206 -0.017683 0.145979 -0.989042
1766747421.726390 -2.458721 -4.759201 0.311213 -0.002086 -0.019431 0.183264 -0.982870
1766747421.787298 -2.479220 -4.754612 0.314196 0.015531 -0.024417 0.208192 -0.977660
1766747421.835052 -2.499321 -4.751372 0.316460 0.005139 -0.021338 0.214200 -0.976543
1766747421.884916 -2.516427 -4.741848 0.315935 0.005573 -0.022480 0.215035 -0.976332
1766747421.947763 -2.533351 -4.733312 0.315096 0.005494 -0.024214 0.213986 -0.976521
1766747421.999774 -2.552680 -4.723392 0.312261 0.008135 -0.028548 0.211348 -0.976960
1766747422.047230 -2.573634 -4.712080 0.309568 0.008762 -0.025738 0.212282 -0.976830
1766747422.099568 -2.591654 -4.706032 0.310949 0.000545 -0.026056 0.216142 -0.976014
1766747422.151239 -2.611812 -4.697116 0.311840 -0.006141 -0.028850 0.228744 -0.973040
1766747422.208476 -2.633258 -4.687283 0.311067 -0.007483 -0.031949 0.248256 -0.968139
1766747422.261372 -2.652969 -4.675489 0.309465 0.008528 -0.027497 0.270263 -0.962356
1766747422.321666 -2.668582 -4.663470 0.313071 0.006136 -0.027838 0.295600 -0.954887
1766747422.366859 -2.678796 -4.651219 0.315826 0.007532 -0.031525 0.324581 -0.945303
1766747422.418714 -2.692323 -4.636879 0.316451 0.006793 -0.033296 0.356676 -0.933610
1766747422.474658 -2.706351 -4.620291 0.315603 0.000322 -0.028361 0.391654 -0.919675
1766747422.526012 -2.711630 -4.597445 0.315246 0.006215 -0.032068 0.424914 -0.904644
1766747422.583795 -2.722465 -4.585339 0.319002 -0.001419 -0.032561 0.458208 -0.888248
1766747422.633997 -2.728887 -4.565592 0.319616 -0.004546 -0.035846 0.495460 -0.867879
1766747422.686357 -2.736875 -4.545954 0.316651 -0.005113 -0.036963 0.530613 -0.846793
1766747422.742815 -2.746192 -4.525149 0.308170 0.004753 -0.033346 0.568886 -0.821726
1766747422.798379 -2.750830 -4.508208 0.314492 0.006462 -0.035723 0.599870 -0.799273
1766747422.855855 -2.751865 -4.491330 0.317782 0.006729 -0.036908 0.631878 -0.774159
1766747422.901808 -2.752461 -4.473539 0.319376 0.004770 -0.033546 0.662773 -0.748054
1766747422.952148 -2.747894 -4.453279 0.317874 0.000314 -0.025647 0.696449 -0.717147
1766747423.005262 -2.739068 -4.433157 0.316882 0.003635 -0.030244 0.725332 -0.687725
1766747423.058784 -2.738472 -4.416969 0.319768 -0.005583 -0.027953 0.753244 -0.657124
1766747423.117649 -2.730394 -4.398541 0.319417 -0.015082 -0.029969 0.783780 -0.620132
1766747423.169631 -2.723234 -4.378056 0.314948 -0.020354 -0.029448 0.811313 -0.583515
1766747423.223676 -2.713621 -4.361071 0.306647 -0.006401 -0.029617 0.835289 -0.548976
1766747423.276060 -2.704082 -4.347061 0.314730 -0.009835 -0.029165 0.854530 -0.518490
1766747423.329153 -2.691475 -4.334028 0.318638 -0.010540 -0.030617 0.877697 -0.478120
1766747423.381989 -2.678425 -4.320403 0.319380 -0.012131 -0.026199 0.897920 -0.439211
1766747423.435751 -2.658954 -4.309904 0.316194 -0.010354 -0.016848 0.918316 -0.395353
1766747423.489606 -2.640284 -4.301088 0.316623 -0.011230 -0.025171 0.933360 -0.357882
1766747423.546216 -2.631251 -4.293251 0.320067 -0.016486 -0.019777 0.945301 -0.325182
1766747423.597625 -2.610609 -4.286461 0.319781 -0.024833 -0.019541 0.961285 -0.273737
1766747423.651886 -2.589782 -4.277535 0.313913 -0.026791 -0.016814 0.973773 -0.225313
1766747423.703810 -2.572927 -4.274044 0.307242 -0.016067 -0.022366 0.982402 -0.184737
1766747423.767665 -2.557624 -4.271577 0.316110 -0.020382 -0.024649 0.989272 -0.142543
1766747423.811018 -2.540311 -4.271776 0.319634 -0.019987 -0.025652 0.995476 -0.089272
1766747423.862419 -2.531193 -4.270340 0.320247 -0.013216 -0.015719 0.999020 -0.039220
1766747423.914957 -2.546080 -4.286245 0.320510 -0.010959 -0.017446 0.999775 -0.005053
1766747423.970064 -2.540688 -4.282446 0.318247 -0.023604 -0.035549 0.999041 0.009792
1766747424.031723 -2.539795 -4.280428 0.316556 -0.021597 -0.040146 0.998878 0.012814
1766747424.076421 -2.544240 -4.274929 0.316737 -0.020101 -0.032325 0.999195 0.012697
1766747424.130270 -2.558963 -4.268521 0.312573 -0.020756 -0.014236 0.999574 0.014813
1766747424.183218 -2.572493 -4.264286 0.305166 -0.010416 -0.013313 0.999746 0.014907
1766747424.236849 -2.582733 -4.262540 0.306591 -0.011080 -0.003349 0.999855 0.012461
1766747424.284408 -2.599882 -4.261062 0.306575 -0.013811 0.003263 0.999833 0.011558
1766747424.341371 -2.623860 -4.261687 0.306102 -0.015864 -0.010378 0.999698 0.015667
1766747424.400377 -2.647205 -4.261173 0.304992 -0.016840 -0.011356 0.999464 0.025688
1766747424.449204 -2.667052 -4.262516 0.303819 -0.005504 -0.015817 0.998846 0.045007
1766747424.503478 -2.686926 -4.263000 0.306601 -0.009406 -0.022283 0.998321 0.052637
1766747424.555495 -2.706193 -4.260743 0.308373 -0.011246 -0.021743 0.998317 0.052570
1766747424.609977 -2.730732 -4.258175 0.308211 -0.012355 -0.018165 0.998526 0.049639
1766747424.662985 -2.758344 -4.253523 0.308209 -0.012855 -0.012420 0.998718 0.047369
1766747424.716004 -2.785354 -4.250947 0.307284 -0.012254 -0.013630 0.998775 0.045959
1766747424.768577 -2.813344 -4.245522 0.305185 -0.002127 -0.010743 0.998952 0.044445
1766747424.821692 -2.835294 -4.240954 0.307345 -0.001917 0.000813 0.999048 0.043570
1766747424.882424 -2.860194 -4.238550 0.309670 0.002277 0.007188 0.999032 0.043343
1766747424.931729 -2.888226 -4.235747 0.310153 0.005916 0.004805 0.999005 0.043948
1766747424.982382 -2.918008 -4.231935 0.309567 0.010432 0.004646 0.998964 0.044052
1766747425.038308 -2.947497 -4.231112 0.308579 0.003809 -0.008988 0.998988 0.043906
1766747425.098418 -2.977834 -4.226748 0.312260 0.001748 -0.004416 0.998930 0.046012
1766747425.142050 -3.004500 -4.226783 0.315453 0.002860 -0.005998 0.999002 0.044169
1766747425.195103 -3.035497 -4.225348 0.315433 0.005743 -0.008386 0.999033 0.042775
1766747425.252634 -3.067916 -4.224692 0.313764 0.008892 -0.010174 0.999041 0.041658
1766747425.304386 -3.101194 -4.222540 0.311729 0.006642 -0.008661 0.999153 0.039672
1766747425.349008 -3.137427 -4.220109 0.306316 0.001167 -0.012729 0.999203 0.037825
1766747425.405830 -3.165830 -4.213132 0.308509 0.002608 -0.006220 0.999396 0.034094
1766747425.458939 -3.196167 -4.209595 0.310001 0.007531 0.001730 0.999385 0.034211
1766747425.516228 -3.224071 -4.207650 0.310394 0.007100 0.000431 0.999340 0.035627
1766747425.577280 -3.259278 -4.204743 0.309769 0.009447 -0.003801 0.999298 0.036060
1766747425.618919 -3.294555 -4.201815 0.307823 0.006262 -0.007812 0.999327 0.035281
1766747425.673366 -3.326475 -4.201740 0.309204 0.001315 -0.011564 0.999211 0.037982
1766747425.728223 -3.358649 -4.201651 0.312743 0.001923 -0.011384 0.999260 0.036681
1766747425.781049 -3.391206 -4.200155 0.312647 0.002444 -0.011894 0.999326 0.034643
1766747425.845948 -3.430157 -4.197865 0.311295 0.002724 -0.010542 0.999414 0.032444
1766747425.888273 -3.466808 -4.194877 0.309187 -0.002875 -0.005265 0.999521 0.030352
1766747425.942749 -3.501875 -4.190606 0.305159 0.000463 -0.015884 0.999430 0.029774
1766747426.003736 -3.529928 -4.187899 0.311019 0.003505 -0.008113 0.999568 0.028052
1766747426.053941 -3.562228 -4.187835 0.312398 0.003370 -0.005932 0.999577 0.028257
1766747426.105495 -3.595198 -4.186842 0.311770 0.003724 -0.009917 0.999552 0.028009
1766747426.154724 -3.634081 -4.183761 0.310113 0.002505 -0.009968 0.999603 0.026245
1766747426.208552 -3.666863 -4.182398 0.312084 0.001026 -0.016853 0.999417 0.029687
1766747426.264075 -3.691756 -4.181219 0.315815 -0.000893 -0.013417 0.999189 0.037956
1766747426.315498 -3.721906 -4.177773 0.315261 -0.004515 -0.009610 0.998581 0.052179
1766747426.370800 -3.751907 -4.172870 0.312887 -0.009232 -0.005473 0.997290 0.072788
1766747426.426051 -3.778774 -4.167184 0.310086 -0.010832 -0.006735 0.995229 0.096725
1766747426.478760 -3.807755 -4.159331 0.306358 -0.001325 -0.014642 0.991832 0.126702
1766747426.531527 -3.825803 -4.151664 0.310037 -0.001457 -0.003449 0.987615 0.156853
1766747426.589755 -3.841480 -4.143413 0.314805 0.005101 0.005744 0.981055 0.193576
1766747426.646662 -3.861094 -4.131339 0.316455 0.009802 0.009682 0.972977 0.230489
1766747426.695784 -3.878854 -4.118533 0.315571 0.013237 0.010794 0.963484 0.267220
1766747426.743453 -3.897920 -4.104599 0.315112 0.003317 0.006632 0.951864 0.306430
1766747426.797236 -3.915908 -4.090135 0.318644 -0.001251 -0.000157 0.939018 0.343865
1766747426.875395 -3.930781 -4.079449 0.320234 -0.007648 -0.001857 0.923736 0.382949
1766747426.920358 -3.951129 -4.058080 0.315921 -0.007151 -0.006266 0.901654 0.432355
1766747426.976480 -3.965364 -4.039138 0.312029 -0.002937 -0.003176 0.883400 0.468600
1766747427.023765 -3.977671 -4.018515 0.307370 -0.000249 -0.000169 0.863127 0.504987
1766747427.079467 -3.986864 -3.997605 0.305140 -0.005762 0.002813 0.844552 0.535435
1766747427.136420 -3.989625 -3.982561 0.309762 0.004121 0.006917 0.822874 0.568167
1766747427.238642 -3.991357 -3.963786 0.313457 0.018077 0.011117 0.796939 0.603687
1766747427.243374 -3.990585 -3.940155 0.314348 0.031179 0.012844 0.767932 0.639643
1766747427.294174 -4.001687 -3.918289 0.315001 0.016314 0.002171 0.745834 0.665929
1766747427.343640 -4.002826 -3.894025 0.317248 0.024798 0.008092 0.738649 0.673585
1766747427.417760 -4.009603 -3.870063 0.319232 0.018127 0.002061 0.737590 0.675002
1766747427.455690 -4.014660 -3.844957 0.319611 0.015871 -0.010648 0.737033 0.675586
1766747427.505353 -4.019225 -3.817191 0.317407 0.018468 -0.022169 0.737299 0.674950
1766747427.558167 -4.020882 -3.785929 0.316823 0.019826 -0.009638 0.740405 0.671800
1766747427.610518 -4.024213 -3.759490 0.317307 0.011593 -0.010418 0.741250 0.671049
1766747427.668515 -4.025036 -3.734940 0.317462 0.014707 -0.008629 0.742730 0.669374
1766747427.719274 -4.027966 -3.709754 0.316647 0.014239 -0.011217 0.738153 0.674390
1766747427.770398 -4.031088 -3.680822 0.314703 0.009911 -0.014809 0.731641 0.681457
1766747427.822058 -4.033530 -3.653632 0.311659 0.001889 -0.012744 0.730985 0.682272
1766747427.875697 -4.039607 -3.628643 0.310853 -0.005786 -0.013634 0.730006 0.683280
1766747427.928443 -4.043852 -3.606225 0.314011 -0.004292 -0.010790 0.730266 0.683065
1766747427.981236 -4.047552 -3.581126 0.314500 -0.003975 -0.011587 0.730597 0.682699
1766747428.035912 -4.052656 -3.550150 0.313762 -0.004086 -0.015558 0.730856 0.682343
1766747428.088203 -4.056072 -3.519902 0.311801 -0.000498 -0.012690 0.732045 0.681138
1766747428.143651 -4.058673 -3.488264 0.309115 -0.000401 -0.005346 0.733525 0.679641
1766747428.196667 -4.060337 -3.456316 0.307924 -0.002836 -0.007724 0.734828 0.678204
1766747428.244454 -4.060389 -3.432361 0.311046 0.002328 -0.007476 0.735617 0.677352
1766747428.309515 -4.062624 -3.406539 0.310995 0.004987 -0.005180 0.735061 0.677963
1766747428.350450 -4.065421 -3.376341 0.309995 0.003042 -0.008321 0.734292 0.678777
1766747428.401799 -4.068630 -3.344726 0.308977 -0.000568 -0.011897 0.732391 0.680780
1766747428.464904 -4.072376 -3.312992 0.305884 0.000811 -0.011787 0.725144 0.688496
1766747428.508246 -4.076801 -3.288800 0.310311 -0.010071 -0.015894 0.712643 0.701275
1766747428.564998 -4.078130 -3.268077 0.311900 -0.011062 -0.009563 0.708723 0.705336
1766747428.611156 -4.077440 -3.239951 0.312480 -0.013875 -0.004393 0.708227 0.705835
1766747428.674760 -4.076592 -3.210461 0.311005 -0.014759 0.002201 0.710065 0.703979
1766747428.719715 -4.075243 -3.180881 0.307806 -0.016443 0.009198 0.711247 0.702689
1766747428.773182 -4.075744 -3.152754 0.307236 -0.014319 -0.000994 0.712158 0.701873
1766747428.833494 -4.074056 -3.123276 0.306002 -0.008187 0.002199 0.712885 0.701230
1766747428.882260 -4.074153 -3.101252 0.308925 -0.004828 0.004532 0.711821 0.702330
1766747428.934029 -4.076327 -3.075604 0.310231 -0.006822 0.003785 0.704403 0.709758
1766747428.983973 -4.077852 -3.048271 0.310252 -0.018247 -0.003180 0.692059 0.721604
1766747429.038923 -4.073637 -3.020717 0.310646 -0.006892 -0.002549 0.676281 0.736608
1766747429.105613 -4.074885 -2.998200 0.312664 -0.015053 -0.012754 0.655029 0.755346
1766747429.148840 -4.073569 -2.978363 0.314255 -0.021772 -0.010346 0.631770 0.774781
1766747429.196467 -4.067755 -2.959818 0.314317 -0.021972 -0.006418 0.605973 0.795156
1766747429.250914 -4.058560 -2.938187 0.313369 -0.018610 -0.001228 0.577148 0.816427
1766747429.304324 -4.043790 -2.913909 0.312038 -0.017022 0.009176 0.562657 0.826465
1766747429.357118 -4.034924 -2.887922 0.307492 -0.021605 0.008292 0.560998 0.827494
1766747429.412131 -4.025836 -2.864764 0.302997 -0.018060 0.005473 0.562930 0.826289
1766747429.460889 -4.015201 -2.843438 0.306389 -0.007740 0.013939 0.565834 0.824365
1766747429.517281 -4.006843 -2.822046 0.308820 -0.004899 0.014625 0.565126 0.824860
1766747429.571109 -3.997003 -2.796552 0.309594 -0.006946 0.009390 0.564400 0.825419
1766747429.621402 -3.987116 -2.767329 0.308451 -0.009694 0.005609 0.564410 0.825419
1766747429.674841 -3.976901 -2.741091 0.306465 -0.010886 0.002995 0.563921 0.825752
1766747429.735474 -3.970427 -2.715036 0.310922 -0.014288 -0.004428 0.563013 0.826313
1766747429.782813 -3.962695 -2.691514 0.313071 -0.014040 -0.004243 0.565006 0.824956
1766747429.832080 -3.954022 -2.664047 0.311631 -0.016871 -0.008892 0.566074 0.824134
1766747429.883960 -3.944642 -2.635279 0.309406 -0.015598 -0.012617 0.567441 0.823170
1766747429.934550 -3.932811 -2.602962 0.307437 -0.012229 -0.011975 0.569242 0.821992
1766747429.990343 -3.920985 -2.570856 0.305849 -0.013409 -0.004930 0.572224 0.819973
1766747430.041522 -3.909902 -2.546486 0.309300 -0.007603 -0.006497 0.575386 0.817821
1766747430.096080 -3.897910 -2.520038 0.309904 0.001572 -0.005860 0.575605 0.817706
1766747430.154859 -3.886756 -2.493603 0.308803 0.004905 -0.008434 0.573925 0.818850
1766747430.202041 -3.873297 -2.463356 0.307506 0.010633 -0.010491 0.573566 0.819024
1766747430.259618 -3.864170 -2.428746 0.307076 -0.005653 -0.011960 0.572870 0.819540
1766747430.306685 -3.851557 -2.399145 0.310984 -0.005738 -0.001292 0.572174 0.820112
1766747430.367083 -3.844454 -2.371270 0.314867 -0.006375 -0.004300 0.572439 0.819911
1766747430.412136 -3.835604 -2.342279 0.315161 -0.007375 -0.007706 0.573704 0.818993
1766747430.467721 -3.825229 -2.306944 0.313321 -0.006324 -0.010226 0.575134 0.817971
1766747430.517849 -3.812524 -2.270908 0.310779 -0.004789 -0.005566 0.577206 0.816566
1766747430.574500 -3.798386 -2.236571 0.306362 -0.011045 -0.006202 0.578258 0.815755
1766747430.641099 -3.785684 -2.210108 0.309794 -0.001473 -0.001356 0.579530 0.814949
1766747430.682505 -3.776029 -2.184139 0.311630 0.004880 0.000845 0.579453 0.814991
1766747430.735020 -3.764867 -2.153521 0.311004 0.002518 -0.001686 0.578741 0.815506
1766747430.788685 -3.751788 -2.118395 0.309256 0.000851 -0.005442 0.579065 0.815263
1766747430.845252 -3.740518 -2.088701 0.307413 -0.007800 -0.002923 0.579003 0.815283
1766747430.896029 -3.730911 -2.058675 0.312750 -0.008455 -0.001136 0.578463 0.815664
1766747430.947472 -3.721616 -2.029997 0.315408 -0.008726 -0.002433 0.579841 0.814679
1766747430.999392 -3.711624 -1.998745 0.314715 -0.008378 -0.004388 0.581124 0.813760
1766747431.060798 -3.699178 -1.962818 0.312489 -0.006645 -0.003145 0.582658 0.812684
1766747431.108851 -3.687604 -1.928513 0.309273 -0.008507 0.004150 0.584178 0.811570
1766747431.171077 -3.672413 -1.895845 0.306730 -0.006085 0.002391 0.586244 0.810108
1766747431.214623 -3.662830 -1.869083 0.310748 -0.003143 0.001186 0.584027 0.811727
1766747431.269824 -3.654553 -1.841212 0.312357 -0.007594 0.002983 0.576692 0.816921
1766747431.323112 -3.644456 -1.809439 0.310862 -0.015923 0.002884 0.574193 0.818560
1766747431.375479 -3.633162 -1.780178 0.309665 -0.008731 0.002143 0.575041 0.818075
1766747431.426640 -3.626502 -1.752870 0.311658 -0.019542 -0.004511 0.573954 0.818642
1766747431.481131 -3.619679 -1.731473 0.314141 -0.015893 0.000394 0.573691 0.818918
1766747431.538954 -3.610000 -1.706155 0.313671 -0.016830 0.002443 0.574195 0.818542
1766747431.588625 -3.600513 -1.680036 0.312006 -0.017902 0.003748 0.574800 0.818089
1766747431.641638 -3.587793 -1.650098 0.309326 -0.015574 0.008760 0.576641 0.816802
1766747431.694098 -3.581521 -1.623080 0.307467 -0.022859 -0.001164 0.577541 0.816041
1766747431.747038 -3.568195 -1.596315 0.308625 -0.012911 0.001271 0.578647 0.815475
1766747431.816023 -3.561439 -1.575785 0.311528 -0.008851 0.002388 0.579833 0.814684
1766747431.852901 -3.552332 -1.547302 0.312495 -0.008685 0.001473 0.579301 0.815067
1766747431.908231 -3.541551 -1.516758 0.311091 -0.009685 -0.001491 0.579857 0.814659
1766747431.967995 -3.529549 -1.485924 0.308558 -0.009869 -0.001104 0.581234 0.813676
1766747432.016771 -3.520384 -1.456054 0.312609 -0.013151 -0.004062 0.579546 0.814823
1766747432.073774 -3.512133 -1.430239 0.316189 -0.012096 -0.003168 0.580251 0.814342
1766747432.119037 -3.501215 -1.400893 0.316311 -0.013884 -0.002625 0.580991 0.813787
1766747432.180490 -3.489863 -1.366887 0.314209 -0.013704 -0.002378 0.582066 0.813022
1766747432.226608 -3.474790 -1.335197 0.311017 -0.011598 0.005386 0.581724 0.813286
1766747432.281502 -3.463741 -1.304862 0.306197 -0.023502 -0.003743 0.571954 0.819940
1766747432.340298 -3.453583 -1.288375 0.309283 -0.016264 -0.003811 0.560593 0.827923
1766747432.398464 -3.445340 -1.265813 0.313542 -0.012843 -0.000420 0.546560 0.837321
1766747432.438838 -3.435173 -1.244295 0.313990 -0.011953 0.000624 0.540955 0.840967
1766747432.489059 -3.423224 -1.221064 0.312857 -0.007808 0.001660 0.541639 0.840573
1766747432.542007 -3.412580 -1.197970 0.309720 -0.007240 -0.000281 0.543877 0.839134
1766747432.606133 -3.401383 -1.171821 0.307912 -0.017091 0.003033 0.542831 0.839663
1766747432.648060 -3.392115 -1.146673 0.312065 -0.019776 0.000711 0.543230 0.839350
1766747432.700570 -3.385345 -1.125046 0.314892 -0.017456 -0.004522 0.544584 0.838512
1766747432.754569 -3.375888 -1.097993 0.313879 -0.015324 -0.010662 0.545429 0.837949
1766747432.817293 -3.366648 -1.068817 0.310978 -0.013396 -0.017331 0.546373 0.837255
1766747432.857948 -3.356078 -1.039969 0.307971 -0.010206 -0.016760 0.547869 0.836334
1766747432.906715 -3.342001 -1.012457 0.305378 -0.007431 0.000442 0.551380 0.834221
1766747432.961155 -3.330916 -0.986869 0.308176 -0.009365 -0.004365 0.553799 0.832586
1766747433.023172 -3.317917 -0.963502 0.309274 -0.000398 -0.005386 0.553979 0.832513
1766747433.068816 -3.307823 -0.942564 0.308507 0.001779 -0.007640 0.552646 0.833379
1766747433.120630 -3.291507 -0.910348 0.307045 0.006014 -0.009434 0.552388 0.833512
1766747433.174899 -3.279248 -0.877679 0.305540 -0.008226 -0.012300 0.552312 0.833506
1766747433.228933 -3.266829 -0.854537 0.308873 -0.009781 -0.002995 0.549879 0.835182
1766747433.283068 -3.256015 -0.823443 0.314194 -0.010252 -0.002921 0.551077 0.834386
1766747433.331489 -3.244801 -0.795948 0.314448 -0.011215 -0.002693 0.552767 0.833256
1766747433.395332 -3.231880 -0.762392 0.312169 -0.010633 -0.003677 0.554390 0.832181
1766747433.445595 -3.216250 -0.734056 0.308940 -0.010669 0.004878 0.556173 0.830984
1766747433.492443 -3.205696 -0.713314 0.300713 -0.023622 0.005027 0.557979 0.829503
1766747433.544581 -3.194784 -0.695029 0.304040 -0.026794 0.003330 0.560867 0.827466
1766747433.598531 -3.189319 -0.681856 0.304448 -0.034373 -0.000992 0.562902 0.825808
1766747433.660028 -3.185587 -0.676452 0.306096 -0.033182 0.002210 0.565358 0.824175
1766747433.704141 -3.184976 -0.674173 0.307217 -0.026555 0.003613 0.566260 0.823791
1766747433.764930 -3.185087 -0.670830 0.307844 -0.023327 0.004560 0.566807 0.823508
1766747433.807052 -3.184266 -0.667426 0.307272 -0.025146 0.006134 0.568092 0.822558
1766747433.867748 -3.182575 -0.663149 0.306164 -0.024209 0.004823 0.569574 0.821570
1766747433.915442 -3.179995 -0.657641 0.305140 -0.024066 0.003443 0.570923 0.820644
1766747433.970374 -3.176537 -0.652005 0.304496 -0.022771 0.002789 0.572551 0.819548
1766747434.027556 -3.173656 -0.646386 0.303636 -0.022445 0.002279 0.573993 0.818549
1766747434.080437 -3.171374 -0.641781 0.302671 -0.022048 0.001249 0.575549 0.817469
1766747434.146779 -3.173028 -0.638018 0.304031 -0.023259 0.001758 0.582570 0.812446
1766747434.187340 -3.172140 -0.637496 0.306876 -0.024274 0.001249 0.604953 0.795891
1766747434.243472 -3.172764 -0.637312 0.309102 -0.022184 -0.001297 0.635449 0.771823
1766747434.297748 -3.175560 -0.636672 0.310857 -0.019724 -0.002021 0.664403 0.747111
1766747434.358897 -3.177207 -0.636447 0.311766 -0.015193 -0.001123 0.694892 0.718953
1766747434.415944 -3.178058 -0.635511 0.311928 -0.010308 0.001838 0.726626 0.686953
1766747434.457440 -3.177760 -0.634906 0.311520 -0.005424 0.004235 0.758143 0.652053
1766747434.513376 -3.175208 -0.636897 0.312347 0.001336 0.011490 0.790230 0.612702
1766747434.566359 -3.178100 -0.638976 0.313254 -0.003100 0.015891 0.819946 0.572212
1766747434.614575 -3.178692 -0.637720 0.311196 -0.009107 0.020967 0.848589 0.528558
1766747434.675343 -3.183922 -0.637094 0.307451 -0.015680 0.017884 0.880583 0.473294
1766747434.725108 -3.186390 -0.639170 0.306988 -0.011730 0.010647 0.905300 0.424477
1766747434.796690 -3.187873 -0.638414 0.310424 -0.010235 0.005647 0.930849 0.365217
1766747434.849302 -3.191041 -0.632723 0.311762 -0.007113 0.014072 0.951728 0.306536
1766747434.897060 -3.192562 -0.631505 0.313063 -0.000721 0.012441 0.969226 0.245858
1766747434.948565 -3.190828 -0.627713 0.314316 0.004327 0.019160 0.981081 0.192601
1766747434.999063 -3.191803 -0.630457 0.314243 -0.006724 0.015808 0.990518 0.136309
1766747435.069801 -3.194307 -0.633085 0.311387 -0.021020 0.012406 0.996915 0.074598
1766747435.108755 -3.195619 -0.637625 0.306929 -0.022855 0.007755 0.999505 0.020180
1766747435.164176 -3.200677 -0.639256 0.305390 -0.012681 0.009650 0.999033 -0.040976
1766747435.218154 -3.202130 -0.637372 0.308156 -0.011348 0.005676 0.995712 -0.091633
1766747435.271292 -3.206718 -0.638894 0.311282 -0.010290 -0.009361 0.989933 -0.140855
1766747435.325765 -3.211634 -0.641185 0.312500 -0.006279 -0.017180 0.981815 -0.188956
1766747435.377671 -3.216928 -0.646209 0.313470 -0.005920 -0.021986 0.972534 -0.231644
1766747435.429912 -3.227170 -0.652930 0.314314 -0.006159 -0.020965 0.961244 -0.274832
1766747435.496261 -3.237080 -0.663215 0.313017 -0.014297 -0.016870 0.947783 -0.318148
1766747435.539737 -3.246145 -0.673113 0.310471 -0.025207 -0.008665 0.933263 -0.358203
1766747435.589456 -3.251331 -0.687534 0.308650 -0.031635 -0.011389 0.915893 -0.400012
1766747435.643348 -3.258943 -0.705094 0.306303 -0.028864 -0.017617 0.894997 -0.444790
1766747435.697881 -3.268644 -0.722008 0.302670 -0.017909 -0.010377 0.873577 -0.486246
1766747435.751750 -3.277209 -0.732056 0.306730 -0.011798 -0.017369 0.851806 -0.523437
1766747435.808533 -3.284170 -0.748529 0.314159 -0.007322 -0.030010 0.826844 -0.561583
1766747435.857563 -3.290237 -0.767565 0.315774 -0.002731 -0.030587 0.799237 -0.600231
1766747435.910620 -3.301290 -0.789295 0.311119 -0.000377 -0.027492 0.770989 -0.636255
1766747435.969167 -3.309989 -0.807827 0.309811 -0.002283 -0.019800 0.760927 -0.648531
1766747436.018795 -3.312872 -0.823915 0.310742 -0.001108 -0.014987 0.760421 -0.649257
1766747436.072197 -3.315763 -0.844304 0.311335 0.006799 -0.018580 0.760990 -0.648462
1766747436.124275 -3.319396 -0.867912 0.312207 0.012264 -0.025287 0.773711 -0.632916
1766747436.180387 -3.327546 -0.892743 0.314519 0.016117 -0.015881 0.791254 -0.611069
1766747436.233477 -3.323570 -0.911213 0.316426 0.018300 -0.027829 0.808388 -0.587707
1766747436.284437 -3.330311 -0.931239 0.316009 0.005079 -0.029365 0.812782 -0.581805
1766747436.344809 -3.338472 -0.955959 0.313511 -0.010374 -0.025553 0.812545 -0.582245
1766747436.399606 -3.347185 -0.983199 0.309740 -0.015988 -0.026068 0.811821 -0.583106
1766747436.444825 -3.359104 -1.009699 0.308290 -0.007252 -0.016586 0.811089 -0.584643
1766747436.499072 -3.366203 -1.032432 0.305655 -0.009075 -0.007800 0.811176 -0.584680
1766747436.550743 -3.373100 -1.054692 0.307806 -0.012935 -0.001290 0.810663 -0.585369
1766747436.609998 -3.379508 -1.079257 0.308946 -0.008470 -0.004036 0.810801 -0.585247
1766747436.655415 -3.387464 -1.108839 0.308825 -0.001505 -0.009606 0.810465 -0.585707
1766747436.709929 -3.399616 -1.138228 0.307594 0.000378 -0.002629 0.809299 -0.587390
1766747436.764924 -3.403131 -1.164640 0.310112 0.009449 -0.013291 0.810376 -0.585683
1766747436.821923 -3.410123 -1.191473 0.313478 0.008977 -0.013330 0.809285 -0.587197
1766747436.881720 -3.418643 -1.220182 0.312847 0.009915 -0.015407 0.808582 -0.588098
1766747436.924341 -3.427467 -1.253415 0.310566 0.011009 -0.014339 0.807445 -0.589666
1766747436.978425 -3.438022 -1.286165 0.308673 0.008209 -0.011259 0.806222 -0.591449
1766747437.033069 -3.449599 -1.317918 0.304253 0.010537 -0.014177 0.805109 -0.592864
1766747437.084590 -3.460422 -1.343391 0.308242 0.009471 -0.005711 0.803625 -0.595034
1766747437.137356 -3.469476 -1.370979 0.309751 0.007725 0.002587 0.803679 -0.595008
1766747437.190838 -3.478195 -1.399140 0.309459 0.008875 0.004089 0.804108 -0.594403
1766747437.245700 -3.488910 -1.431793 0.308507 0.011099 0.005565 0.804009 -0.594488
1766747437.301357 -3.498903 -1.466551 0.307090 0.009321 -0.005336 0.804158 -0.594319
1766747437.356680 -3.507586 -1.496416 0.311396 0.006811 -0.007180 0.805772 -0.592143
1766747437.404872 -3.513705 -1.524049 0.314853 0.007815 -0.006658 0.805055 -0.593111
1766747437.459993 -3.521751 -1.557029 0.314300 0.010976 -0.006356 0.804074 -0.594394
1766747437.519893 -3.530327 -1.591243 0.312436 0.012087 -0.004413 0.803201 -0.595569
1766747437.564677 -3.540546 -1.625865 0.310297 0.007315 -0.003308 0.801983 -0.597294
1766747437.617774 -3.552422 -1.657905 0.305694 0.006758 -0.006436 0.801021 -0.598563
1766747437.684111 -3.562541 -1.685832 0.310025 0.004922 -0.001803 0.799647 -0.600447
1766747437.724998 -3.570452 -1.714671 0.310974 0.003295 0.002888 0.800208 -0.599707
1766747437.791047 -3.579468 -1.748546 0.310415 0.007412 0.000103 0.800774 -0.598921
1766747437.835014 -3.589217 -1.787108 0.309077 0.010129 -0.006736 0.800166 -0.599656
1766747437.891827 -3.597057 -1.820059 0.309169 0.008994 -0.011095 0.800828 -0.598724
1766747437.950423 -3.602934 -1.850618 0.314140 0.007010 -0.008800 0.800286 -0.599513
1766747438.003637 -3.611462 -1.883178 0.314884 0.007022 -0.010246 0.799204 -0.600931
1766747438.054648 -3.619581 -1.919114 0.313206 0.009106 -0.010231 0.798220 -0.602210
1766747438.106467 -3.629854 -1.955070 0.311168 0.006026 -0.007764 0.797032 -0.603857
1766747438.177110 -3.637703 -1.987953 0.306845 0.006712 -0.013378 0.796364 -0.604633
1766747438.218023 -3.651606 -2.020736 0.309599 0.005807 -0.007178 0.795108 -0.606398
1766747438.271350 -3.659786 -2.050723 0.311751 0.004538 0.000120 0.795342 -0.606144
1766747438.324380 -3.667119 -2.080603 0.311387 0.007454 -0.000877 0.796038 -0.605200
1766747438.374141 -3.675965 -2.114367 0.310353 0.010412 -0.002450 0.795814 -0.605446
1766747438.446780 -3.685134 -2.150013 0.309686 0.007763 -0.005003 0.795588 -0.605768
1766747438.481008 -3.690567 -2.181075 0.313819 0.009061 -0.010268 0.796829 -0.604049
1766747438.535764 -3.697580 -2.210407 0.316140 0.008344 -0.010209 0.795952 -0.605217
1766747438.587810 -3.705353 -2.245667 0.314753 0.010073 -0.010309 0.794525 -0.607060
1766747438.636603 -3.713928 -2.280006 0.312542 0.008819 -0.008881 0.793321 -0.608675
1766747438.696784 -3.724469 -2.318303 0.309053 0.000765 -0.008828 0.792016 -0.610436
1766747438.743712 -3.735024 -2.348992 0.307743 0.003323 -0.008133 0.791127 -0.611589
1766747438.797484 -3.743986 -2.377250 0.312194 0.003644 -0.000670 0.790161 -0.612889
1766747438.849341 -3.751307 -2.408561 0.312647 0.003506 0.001252 0.790492 -0.612462
1766747438.905591 -3.759691 -2.440742 0.311649 0.007004 0.000965 0.790311 -0.612666
1766747438.957248 -3.770056 -2.477648 0.309386 0.006405 -0.002377 0.789302 -0.613968
1766747439.012229 -3.774874 -2.510792 0.311553 0.006327 -0.011864 0.790770 -0.611965
1766747439.069514 -3.781341 -2.542368 0.315114 0.004964 -0.010025 0.790245 -0.612690
1766747439.122417 -3.788885 -2.576828 0.314371 0.006163 -0.010709 0.789132 -0.614099
1766747439.174829 -3.796942 -2.613089 0.312023 0.006537 -0.009458 0.788038 -0.615519
1766747439.229686 -3.806840 -2.651236 0.309268 -0.000695 -0.008358 0.786501 -0.617533
1766747439.283618 -3.817534 -2.685030 0.306218 0.003944 -0.010484 0.785588 -0.618649
1766747439.338722 -3.824939 -2.711812 0.311151 0.003772 -0.003790 0.784305 -0.620352
1766747439.387420 -3.831611 -2.742986 0.312598 0.003011 -0.001563 0.785070 -0.619398
1766747439.442389 -3.839519 -2.776974 0.311607 0.006804 -0.002624 0.785379 -0.618972
1766747439.505968 -3.848387 -2.816838 0.309495 0.008619 -0.008473 0.784351 -0.620199
1766747439.550785 -3.853227 -2.848704 0.310394 0.006376 -0.012712 0.785652 -0.618506
1766747439.605041 -3.858315 -2.877927 0.314235 0.005161 -0.008848 0.785015 -0.619392
1766747439.657261 -3.865802 -2.910561 0.314749 0.005429 -0.009532 0.783975 -0.620696
1766747439.710163 -3.873202 -2.945612 0.312981 0.006732 -0.008304 0.782921 -0.622030
1766747439.764068 -3.883227 -2.983521 0.310600 0.000192 -0.007223 0.781544 -0.623808
1766747439.818872 -3.892856 -3.019281 0.304791 0.005973 -0.013537 0.780873 -0.624515
1766747439.870255 -3.902277 -3.043947 0.308437 0.003331 -0.004788 0.778883 -0.627142
1766747439.928545 -3.909350 -3.072557 0.311979 0.001649 0.000992 0.778733 -0.627353
1766747439.984131 -3.915222 -3.098682 0.311978 0.004128 0.000229 0.779099 -0.626888
1766747440.034912 -3.925334 -3.139082 0.310254 0.006805 0.002447 0.779078 -0.626885
1766747440.087192 -3.933842 -3.175246 0.308375 0.005310 -0.011860 0.779100 -0.626765
1766747440.139590 -3.940053 -3.206296 0.313188 0.004017 -0.009273 0.780092 -0.625584
1766747440.198039 -3.945823 -3.236117 0.316005 0.004992 -0.008699 0.778813 -0.627176
1766747440.261206 -3.952486 -3.269749 0.315029 0.006426 -0.006963 0.777439 -0.628887
1766747440.298525 -3.960533 -3.307910 0.312799 0.005422 -0.005779 0.776395 -0.630197
1766747440.357099 -3.968435 -3.346098 0.308864 -0.001032 -0.010017 0.775129 -0.631723
1766747440.407243 -3.979280 -3.376255 0.306730 -0.000716 -0.006207 0.773781 -0.633423
1766747440.461850 -3.986300 -3.405631 0.311620 -0.001085 -0.000579 0.772582 -0.634914
1766747440.519920 -3.992330 -3.436616 0.312282 0.000132 -0.000916 0.773090 -0.634296
1766747440.567235 -3.999654 -3.471287 0.311086 0.003011 -0.001828 0.773087 -0.634290
1766747440.621061 -4.008311 -3.507944 0.308653 0.002723 -0.004654 0.772022 -0.635573
1766747440.681729 -4.011536 -3.539445 0.311305 0.002321 -0.011837 0.773806 -0.633308
1766747440.726809 -4.015556 -3.569136 0.314788 0.003023 -0.010762 0.772965 -0.634350
1766747440.783960 -4.021541 -3.603118 0.314718 0.004109 -0.011254 0.771739 -0.635826
1766747440.833703 -4.028297 -3.640647 0.312953 0.004164 -0.009670 0.770597 -0.637236
1766747440.898928 -4.036252 -3.677265 0.310321 -0.002706 -0.009058 0.769265 -0.638860
1766747440.939748 -4.043222 -3.710957 0.306596 0.006376 -0.016097 0.768887 -0.639150
1766747440.990501 -4.051345 -3.738110 0.312126 0.001638 -0.006754 0.767503 -0.641008
1766747441.045131 -4.055616 -3.768233 0.313371 -0.001140 -0.001805 0.767573 -0.640959
1766747441.102410 -4.061135 -3.802014 0.312245 0.001980 -0.003454 0.767727 -0.640765
1766747441.166464 -4.066792 -3.838019 0.310133 0.005773 -0.008768 0.766963 -0.641606
1766747441.207769 -4.073262 -3.873575 0.311260 0.002432 -0.011949 0.769002 -0.639131
1766747441.260764 -4.075741 -3.899141 0.315895 0.001924 -0.012723 0.775497 -0.631220
1766747441.319086 -4.082578 -3.927936 0.315426 -0.000891 -0.012851 0.785937 -0.618172
1766747441.372650 -4.090975 -3.956828 0.312866 -0.006537 -0.012897 0.800056 -0.599751
1766747441.434739 -4.100506 -3.981708 0.309240 -0.010726 -0.012207 0.815139 -0.579038
1766747441.489442 -4.111561 -4.006330 0.306895 0.000890 -0.014215 0.832666 -0.553593
1766747441.537275 -4.121787 -4.023694 0.307088 0.000523 -0.008142 0.846672 -0.532052
1766747441.599183 -4.132958 -4.036759 0.313383 -0.002073 0.003395 0.866965 -0.498354
1766747441.647708 -4.148489 -4.053713 0.315798 -0.002742 0.014351 0.886907 -0.461717
1766747441.699563 -4.165519 -4.070024 0.315757 0.000343 0.017490 0.905383 -0.424236
1766747441.753358 -4.184712 -4.085152 0.315978 -0.003175 0.001585 0.922470 -0.386052
1766747441.816295 -4.204669 -4.102265 0.318305 -0.004211 -0.000746 0.937988 -0.346642
1766747441.868484 -4.217864 -4.114201 0.320512 -0.005089 -0.006360 0.951966 -0.306096
1766747441.915103 -4.236055 -4.126227 0.317228 -0.001876 -0.010836 0.964450 -0.264037
1766747441.974391 -4.259116 -4.139811 0.312540 0.001017 -0.008762 0.975058 -0.221777
1766747442.023630 -4.279321 -4.147788 0.308151 -0.000211 -0.004827 0.982908 -0.184033
1766747442.084387 -4.300172 -4.153139 0.306610 -0.013038 -0.008467 0.988625 -0.149597
1766747442.127782 -4.317363 -4.159992 0.309155 -0.011880 -0.002178 0.992238 -0.123762
1766747442.182911 -4.336287 -4.158775 0.309688 -0.007172 0.007849 0.993109 -0.116709
1766747442.232792 -4.359712 -4.160739 0.309530 -0.001591 0.010166 0.993381 -0.114406
1766747442.293333 -4.382924 -4.162878 0.309620 -0.001652 0.006280 0.993826 -0.110761
1766747442.341956 -4.404845 -4.165481 0.308068 -0.004712 0.000229 0.994091 -0.108451
1766747442.396811 -4.427562 -4.169114 0.304585 -0.001714 0.000919 0.994143 -0.108053
1766747442.452433 -4.453854 -4.175307 0.300646 0.004245 0.001141 0.993937 -0.109860
1766747442.508559 -4.480378 -4.182639 0.304206 -0.006339 -0.005991 0.994196 -0.107234
1766747442.555609 -4.502899 -4.191751 0.308426 0.000368 -0.007805 0.994099 -0.108199
1766747442.613669 -4.530375 -4.201724 0.308368 0.008236 -0.012867 0.993820 -0.109946
1766747442.667186 -4.559981 -4.211510 0.305790 0.012894 -0.014256 0.994411 -0.103812
1766747442.729843 -4.585833 -4.218574 0.303648 0.011197 -0.013305 0.995818 -0.089687
1766747442.771024 -4.609157 -4.222133 0.300884 0.003840 -0.012969 0.997315 -0.071975
1766747442.823132 -4.628788 -4.224059 0.299033 0.007847 -0.021031 0.998512 -0.049696
1766747442.877572 -4.644062 -4.220333 0.305490 0.008155 -0.011009 0.999575 -0.025745
1766747442.933565 -4.661753 -4.217243 0.309958 0.011868 0.002454 0.999904 0.006742
1766747443.005122 -4.684605 -4.211513 0.311743 0.018132 0.012258 0.998846 0.042741
1766747443.042137 -4.707215 -4.206392 0.312158 0.014814 0.001717 0.997661 0.066711
1766747443.096558 -4.731463 -4.200477 0.311485 0.009968 -0.002612 0.997730 0.066546
1766747443.149312 -4.754493 -4.196822 0.312849 0.008697 0.000900 0.997804 0.065659
1766747443.212423 -4.778073 -4.192572 0.314250 0.006101 0.000615 0.997689 0.067668
1766747443.267246 -4.805241 -4.189370 0.315794 0.007844 -0.001398 0.997643 0.068154
1766747443.308939 -4.837436 -4.185127 0.315085 0.008461 -0.002757 0.997717 0.066949
1766747443.371057 -4.868028 -4.180944 0.310960 0.008388 -0.004195 0.997736 0.066601
1766747443.419790 -4.895211 -4.174208 0.310790 0.008826 -0.003107 0.997834 0.065116
1766747443.471324 -4.920778 -4.170435 0.313806 0.008549 -0.000636 0.998004 0.062571
1766747443.523628 -4.948475 -4.167397 0.313521 0.006732 -0.003886 0.997970 0.063216
1766747443.576785 -4.979397 -4.163653 0.312120 0.005432 -0.010611 0.997928 0.063226
1766747443.632041 -5.014086 -4.157814 0.310397 0.003187 -0.009911 0.998026 0.061937
1766747443.687259 -5.042762 -4.154623 0.312498 -0.000014 -0.017609 0.997705 0.065387
1766747443.740534 -5.072974 -4.151530 0.314697 -0.002615 -0.013246 0.997823 0.064559
1766747443.792925 -5.102791 -4.146885 0.313682 -0.006099 -0.010644 0.997921 0.063273
1766747443.846292 -5.137752 -4.141619 0.310914 -0.006922 -0.007631 0.998093 0.060864
1766747443.915755 -5.174385 -4.135943 0.307905 -0.010445 -0.003685 0.998181 0.059265
1766747443.953542 -5.208083 -4.131268 0.304841 -0.002974 -0.014041 0.998153 0.059038
1766747444.009043 -5.235943 -4.124828 0.310725 -0.000887 -0.002422 0.998337 0.057594
1766747444.059816 -5.267029 -4.121346 0.312794 -0.000695 -0.000658 0.998367 0.057116
1766747444.121061 -5.298896 -4.117358 0.312042 0.001510 -0.005895 0.998357 0.056980
1766747444.167264 -5.336131 -4.112784 0.309977 0.002004 -0.010991 0.998363 0.056086
1766747444.215957 -5.364178 -4.108655 0.308274 -0.003356 -0.013537 0.998296 0.056655
1766747444.277530 -5.395097 -4.108382 0.311543 -0.003541 -0.011741 0.998331 0.056440
1766747444.335372 -5.427505 -4.104815 0.313544 -0.003282 -0.012790 0.998405 0.054887
1766747444.380755 -5.463217 -4.101664 0.312565 -0.001514 -0.013469 0.998473 0.053558
1766747444.433393 -5.499670 -4.097107 0.310643 -0.002351 -0.010289 0.998607 0.051709
1766747444.487263 -5.534241 -4.093007 0.304752 -0.009404 -0.012291 0.999135 0.038595
1766747444.558084 -5.558339 -4.084026 0.306156 -0.007556 -0.006812 0.999918 0.007774
1766747444.597677 -5.585604 -4.081469 0.309340 -0.007602 -0.002139 0.999814 -0.017598
1766747444.650134 -5.610915 -4.083118 0.310468 -0.012733 -0.002936 0.999622 -0.024208
1766747444.702543 -5.639640 -4.085214 0.310255 -0.014343 -0.011417 0.999551 -0.023721
1766747444.755062 -5.666919 -4.086741 0.310120 -0.012618 -0.009531 0.999835 -0.008945
1766747444.819070 -5.691416 -4.082835 0.312371 -0.001512 -0.008278 0.999775 0.019463
1766747444.863013 -5.714108 -4.084539 0.312710 -0.007533 -0.018890 0.998567 0.049491
1766747444.916178 -5.734871 -4.080909 0.312658 -0.013741 -0.017103 0.996307 0.083009
1766747444.969746 -5.757220 -4.073749 0.311589 -0.016805 -0.013191 0.992810 0.117782
1766747445.023465 -5.781922 -4.062811 0.309358 -0.020429 -0.001757 0.987784 0.154473
1766747445.077386 -5.809629 -4.054478 0.305288 -0.011967 -0.013669 0.980689 0.194727
1766747445.130002 -5.823263 -4.047097 0.308843 -0.011401 0.005018 0.973698 0.227503
1766747445.183192 -5.843200 -4.035982 0.315680 -0.006009 0.007423 0.963294 0.268280
1766747445.246971 -5.860441 -4.022452 0.318277 -0.001965 0.006152 0.951950 0.306185
1766747445.290856 -5.883706 -4.002775 0.317082 -0.002305 0.001621 0.935970 0.352069
1766747445.343250 -5.902316 -3.988270 0.314596 -0.000047 0.000766 0.920015 0.391884
1766747445.396566 -5.918378 -3.973306 0.319399 -0.007532 -0.003838 0.902004 0.431645
1766747445.464093 -5.929710 -3.959393 0.319162 -0.011459 -0.004974 0.882149 0.470805
1766747445.500717 -5.940845 -3.942481 0.315639 -0.009579 -0.007834 0.861818 0.507066
1766747445.552930 -5.951637 -3.919430 0.311841 -0.004285 -0.003519 0.838763 0.544469
1766747445.609131 -5.959595 -3.898100 0.306575 -0.004759 -0.002534 0.813826 0.581083
1766747445.666624 -5.964053 -3.873983 0.305207 -0.001816 0.001333 0.791337 0.611376
1766747445.720940 -5.963681 -3.860862 0.311304 0.008242 0.006127 0.766795 0.641810
1766747445.770123 -5.961743 -3.840090 0.315075 0.020907 0.008773 0.736400 0.676166
1766747445.822410 -5.957462 -3.815524 0.315803 0.031811 0.009488 0.704243 0.709183
1766747445.876151 -5.954578 -3.788355 0.316745 0.010993 0.003030 0.672077 0.740393
1766747445.931468 -5.946098 -3.765643 0.317674 0.025804 0.014287 0.662201 0.748745
1766747445.981279 -5.944658 -3.742506 0.318412 0.020491 0.013525 0.660236 0.750657
1766747446.032435 -5.940175 -3.715508 0.318798 0.016272 0.010272 0.660319 0.750739
1766747446.089440 -5.934718 -3.689614 0.318309 0.015402 0.005434 0.661898 0.749416
1766747446.141014 -5.931195 -3.659795 0.314400 0.006190 0.005053 0.676535 0.736367
1766747446.197435 -5.926028 -3.637697 0.312068 -0.004971 -0.000509 0.699298 0.714813
1766747446.242121 -5.923684 -3.620793 0.312317 -0.016483 -0.001013 0.725867 0.687637
1766747446.302407 -5.923628 -3.609719 0.312285 -0.033646 -0.000225 0.752838 0.657345
1766747446.352466 -5.924504 -3.604765 0.309434 -0.034068 -0.003902 0.779612 0.625324
1766747446.403204 -5.923957 -3.599387 0.306732 -0.025321 -0.010162 0.806979 0.589949
1766747446.455821 -5.922178 -3.595465 0.309573 -0.021456 -0.004556 0.834124 0.551140
1766747446.509352 -5.923308 -3.594687 0.309992 -0.017692 -0.000928 0.860528 0.509094
1766747446.560836 -5.920199 -3.594959 0.310312 -0.008455 -0.005473 0.888652 0.458471
1766747446.616931 -5.922414 -3.598014 0.312321 -0.011125 -0.002152 0.911734 0.410624
1766747446.669159 -5.922986 -3.599131 0.311107 -0.019648 0.001505 0.933005 0.359325
1766747446.723358 -5.926378 -3.602468 0.308024 -0.023343 0.003106 0.951516 0.306698
1766747446.778830 -5.931248 -3.601611 0.308092 -0.014851 0.001390 0.967070 0.254074
1766747446.832912 -5.930254 -3.599194 0.308658 -0.013653 0.000692 0.980243 0.197325
1766747446.886093 -5.931851 -3.597112 0.309621 -0.016002 -0.002115 0.989877 0.141008
1766747446.938752 -5.935190 -3.597310 0.309497 -0.016150 -0.008645 0.996444 0.082238
1766747447.001317 -5.933106 -3.590119 0.309554 -0.009206 -0.013990 0.999597 0.022912
1766747447.047810 -5.933509 -3.594521 0.311209 -0.015180 -0.027520 0.999212 -0.024238
1766747447.099653 -5.937466 -3.593524 0.314227 -0.028617 -0.029962 0.996719 -0.069527
1766747447.152363 -5.939775 -3.595267 0.315137 -0.032834 -0.034141 0.991874 -0.118076
1766747447.209154 -5.945401 -3.600159 0.313942 -0.029635 -0.033348 0.987270 -0.152672
1766747447.268797 -5.953496 -3.605452 0.312548 -0.031232 -0.030502 0.986024 -0.160785
1766747447.312560 -5.964534 -3.612059 0.309978 -0.034728 -0.026671 0.986410 -0.158361
1766747447.366281 -5.979528 -3.616175 0.307801 -0.029139 -0.016338 0.987025 -0.157054
1766747447.420262 -5.989099 -3.620899 0.309915 -0.027604 -0.023233 0.986901 -0.157244
1766747447.474070 -6.001407 -3.625057 0.311480 -0.024941 -0.024333 0.986776 -0.158298
1766747447.531996 -6.019542 -3.631126 0.311387 -0.023387 -0.023502 0.986520 -0.160246
1766747447.579025 -6.039527 -3.636976 0.310927 -0.023506 -0.020156 0.986296 -0.162056
1766747447.637571 -6.062232 -3.644119 0.308320 -0.024939 -0.015201 0.986075 -0.163720
1766747447.685648 -6.084885 -3.653557 0.306785 -0.013197 -0.018620 0.985998 -0.165185
1766747447.740447 -6.107029 -3.657706 0.306530 -0.013213 -0.009766 0.985889 -0.166591
1766747447.799993 -6.126181 -3.664263 0.308786 -0.011039 -0.004037 0.985889 -0.166987
1766747447.849373 -6.147108 -3.672506 0.309404 -0.008040 -0.000168 0.986127 -0.165797
1766747447.903327 -6.171884 -3.680906 0.309001 -0.002959 -0.000806 0.986155 -0.165801
1766747447.952970 -6.199901 -3.691084 0.307366 -0.000714 -0.003704 0.986004 -0.166678
1766747448.005493 -6.226892 -3.700824 0.307484 -0.003768 -0.011163 0.986301 -0.164532
1766747448.062802 -6.249993 -3.710438 0.311655 -0.003415 -0.011528 0.986073 -0.165876
1766747448.123899 -6.274179 -3.719490 0.313649 -0.004296 -0.011113 0.985832 -0.167315
1766747448.165317 -6.302492 -3.730410 0.312376 -0.002320 -0.011880 0.985663 -0.168289
1766747448.219684 -6.332791 -3.741398 0.309878 -0.002207 -0.010138 0.985397 -0.169958
1766747448.273029 -6.365045 -3.752034 0.306851 -0.007829 -0.005623 0.985048 -0.172012
1766747448.333522 -6.397212 -3.761679 0.304902 -0.002863 -0.009994 0.984660 -0.174172
1766747448.379490 -6.421018 -3.768811 0.309521 -0.002515 -0.005878 0.984250 -0.176665
1766747448.442482 -6.447719 -3.779624 0.310224 -0.001857 -0.000583 0.984317 -0.176399
1766747448.485870 -6.476225 -3.790978 0.309641 0.000236 -0.003905 0.984446 -0.175644
1766747448.548007 -6.507687 -3.803601 0.308368 0.001244 -0.009287 0.984273 -0.176408
1766747448.596138 -6.539756 -3.816518 0.308824 -0.000416 -0.015496 0.984306 -0.175788
1766747448.645275 -6.565661 -3.828832 0.314245 -0.000425 -0.015891 0.984430 -0.175058
1766747448.705061 -6.592035 -3.839871 0.315720 -0.001281 -0.015605 0.984149 -0.176651
1766747448.754018 -6.623154 -3.853750 0.314397 0.000212 -0.016733 0.983911 -0.177875
1766747448.818527 -6.656730 -3.867138 0.311910 0.001888 -0.013818 0.983618 -0.179728
1766747448.859548 -6.690212 -3.879572 0.309156 -0.002756 -0.009838 0.983293 -0.181741
1766747448.911753 -6.722591 -3.888311 0.307602 -0.003474 -0.009567 0.982885 -0.183937
1766747448.979111 -6.750524 -3.896416 0.311255 0.000972 -0.002772 0.982688 -0.185246
1766747449.019524 -6.777228 -3.906301 0.312110 0.001760 0.001766 0.983726 -0.179656
1766747449.073142 -6.807269 -3.917650 0.313003 0.001928 -0.010627 0.987762 -0.155593
1766747449.125505 -6.837329 -3.926320 0.311516 0.000239 -0.006659 0.991892 -0.126912
1766747449.182148 -6.860734 -3.935020 0.315669 0.000488 -0.014913 0.995576 -0.092772
1766747449.248527 -6.879389 -3.940211 0.317835 -0.004968 -0.015108 0.998276 -0.056495
1766747449.285909 -6.900915 -3.942565 0.316890 -0.006989 -0.017532 0.999662 -0.017882
1766747449.363977 -6.922921 -3.941482 0.315375 -0.008254 -0.010778 0.999753 0.017605
1766747449.390656 -6.946908 -3.938051 0.313158 -0.010591 -0.002137 0.998368 0.056074
1766747449.445774 -6.973627 -3.937305 0.308235 -0.005570 -0.008969 0.995318 0.096074
1766747449.496417 -6.995740 -3.935029 0.311921 -0.007503 0.004852 0.993899 0.109936
1766747449.548197 -7.016360 -3.927164 0.314339 -0.007701 0.010623 0.993555 0.112588
1766747449.614069 -7.037563 -3.920475 0.313813 -0.007354 0.012524 0.993220 0.115340
1766747449.658673 -7.055929 -3.914092 0.312816 -0.005933 0.013211 0.993133 0.116093
1766747449.712949 -7.079309 -3.906271 0.311010 0.001479 0.017431 0.993178 0.115285
1766747449.765769 -7.103924 -3.899878 0.308546 0.007268 0.015494 0.993313 0.114177
1766747449.818454 -7.131495 -3.895554 0.310190 -0.006834 0.002579 0.993012 0.117792
1766747449.891915 -7.153576 -3.893493 0.313424 -0.003883 0.007013 0.993182 0.116297
1766747449.931328 -7.180221 -3.890009 0.315021 0.002556 -0.004079 0.993283 0.115609
1766747449.981562 -7.209519 -3.886480 0.313862 0.009856 -0.013101 0.993129 0.115874
1766747450.035297 -7.240852 -3.882738 0.310814 0.015430 -0.017663 0.993069 0.115166
1766747450.089986 -7.272536 -3.872828 0.309701 0.004737 -0.001988 0.994115 0.108208
1766747450.142539 -7.299032 -3.867316 0.308096 -0.001362 -0.002799 0.994400 0.105641
1766747450.195512 -7.324073 -3.861024 0.310623 0.003639 -0.000783 0.994531 0.104374
1766747450.258093 -7.347613 -3.855187 0.311991 0.004814 -0.001516 0.993381 0.114752
1766747450.305048 -7.375808 -3.848196 0.312309 0.001819 -0.012013 0.990688 0.135606
1766747450.358638 -7.401620 -3.840111 0.311571 0.002145 -0.012965 0.987359 0.157952
1766747450.413263 -7.429468 -3.830312 0.314375 0.004339 -0.015743 0.981983 0.188266
1766747450.465375 -7.445373 -3.825513 0.318101 -0.005350 -0.011744 0.975075 0.221500
1766747450.534887 -7.463145 -3.815319 0.316546 -0.009166 -0.008850 0.966765 0.255350
1766747450.573521 -7.482960 -3.801228 0.313974 -0.012174 -0.002151 0.956693 0.290837
1766747450.626144 -7.501775 -3.785366 0.311422 -0.013477 -0.000370 0.944592 0.327971
1766747450.676319 -7.519103 -3.770841 0.307326 -0.004013 -0.002773 0.932235 0.361820
1766747450.731596 -7.531271 -3.758672 0.314056 -0.001750 0.012193 0.917529 0.397477
1766747450.807212 -7.544658 -3.740546 0.318165 0.004658 0.015704 0.899315 0.436994
1766747450.840481 -7.555879 -3.719202 0.319599 0.007408 0.015058 0.880068 0.474552
1766747450.892370 -7.569112 -3.696268 0.317244 0.000846 0.007735 0.857810 0.513908
1766747450.945590 -7.577864 -3.672623 0.316870 -0.004025 0.008702 0.834746 0.550552
1766747451.007922 -7.586447 -3.654977 0.319846 -0.008331 0.006983 0.811079 0.584836
1766747451.055126 -7.592025 -3.638127 0.317582 -0.010522 0.003827 0.784175 0.620439
1766747451.107050 -7.597714 -3.616631 0.313136 -0.009008 0.003900 0.756390 0.654047
1766747451.159005 -7.596253 -3.593387 0.308990 -0.011399 0.008400 0.732464 0.680659
1766747451.218719 -7.595663 -3.574589 0.303762 -0.009947 0.003921 0.729060 0.684367
1766747451.267484 -7.595427 -3.556176 0.299067 -0.009291 -0.003587 0.730144 0.683221
1766747451.318068 -7.594932 -3.538681 0.299254 -0.008543 -0.000743 0.731507 0.681780
1766747451.372774 -7.594477 -3.526679 0.301240 -0.001549 0.005111 0.731624 0.681688
1766747451.436401 -7.593996 -3.511773 0.302430 0.004883 0.009763 0.731381 0.681882
1766747451.480264 -7.593405 -3.495796 0.303825 0.007194 0.006528 0.730770 0.682555
1766747451.535666 -7.591823 -3.474817 0.304243 0.013798 0.004803 0.730536 0.682718
1766747451.585604 -7.591508 -3.452839 0.304234 0.017376 0.003068 0.730569 0.682611
1766747451.641658 -7.599230 -3.430040 0.304107 -0.001883 -0.003785 0.727828 0.685747
1766747451.694713 -7.602648 -3.416978 0.304055 -0.003554 0.001939 0.722754 0.691094
1766747451.747946 -7.608060 -3.406479 0.306504 -0.005140 0.000258 0.716607 0.697459
1766747451.800270 -7.611688 -3.395242 0.306598 -0.002736 0.000989 0.708013 0.706194
1766747451.855355 -7.615934 -3.384922 0.306413 -0.005184 -0.006177 0.701014 0.713102
1766747451.910509 -7.619310 -3.375822 0.306656 -0.001743 -0.007583 0.700228 0.713877
1766747451.958956 -7.621328 -3.365016 0.307586 0.000717 -0.007128 0.701955 0.712185
1766747452.013858 -7.621307 -3.352383 0.308118 0.001436 -0.007427 0.701732 0.712401
1766747452.065665 -7.620859 -3.338254 0.306876 0.001226 -0.006368 0.701279 0.712858
1766747452.120126 -7.620761 -3.325731 0.304930 -0.000237 -0.004904 0.698797 0.715304
1766747452.172637 -7.621979 -3.315093 0.302531 -0.002083 -0.007526 0.693774 0.720151
1766747452.225486 -7.622935 -3.305897 0.300213 -0.004313 -0.011201 0.685275 0.728186
1766747452.277827 -7.626587 -3.299380 0.298489 -0.006356 -0.012198 0.679638 0.733419
1766747452.343267 -7.626328 -3.291503 0.297786 -0.007891 -0.011243 0.681729 0.731475
1766747452.385364 -7.626033 -3.285307 0.298676 -0.011257 -0.011782 0.682914 0.730317
1766747452.439603 -7.623816 -3.279125 0.298875 -0.011574 -0.008375 0.683825 0.729506
1766747452.492334 -7.621104 -3.265722 0.299125 -0.014109 -0.003526 0.684639 0.728738
1766747452.550022 -7.619979 -3.250987 0.298165 -0.017130 -0.001601 0.683687 0.729573
1766747452.598107 -7.619446 -3.233696 0.295838 -0.021436 -0.012116 0.677057 0.735519
1766747452.652033 -7.620491 -3.223197 0.299050 -0.019444 -0.005908 0.669567 0.742473
1766747452.721626 -7.622258 -3.212691 0.301674 -0.012548 0.000188 0.659343 0.751738
1766747452.766341 -7.623884 -3.198559 0.302726 -0.009024 0.003069 0.654423 0.756069
1766747452.815740 -7.624983 -3.184798 0.303498 -0.011271 0.002788 0.654650 0.755843
1766747452.868189 -7.623682 -3.166855 0.303123 -0.008814 0.003708 0.656078 0.754633
1766747452.921922 -7.621725 -3.147384 0.303520 -0.008811 0.004187 0.656199 0.754525
1766747452.981583 -7.619735 -3.125724 0.303777 -0.013220 0.000872 0.652612 0.757576
1766747453.030198 -7.616877 -3.101536 0.305135 -0.009799 -0.003462 0.650651 0.759306
1766747453.081544 -7.615738 -3.079063 0.308739 -0.016315 -0.007396 0.650357 0.759418
1766747453.135364 -7.614828 -3.058633 0.310352 -0.016173 -0.005426 0.651480 0.758474
1766747453.185720 -7.612962 -3.035167 0.309797 -0.016660 -0.008202 0.651549 0.758380
1766747453.258868 -7.611997 -3.003644 0.308122 -0.014234 -0.012539 0.652581 0.757481
1766747453.293139 -7.609275 -2.966693 0.306845 -0.005136 -0.019080 0.653392 0.756762
1766747453.344921 -7.604045 -2.929072 0.309679 0.003067 -0.000794 0.657639 0.753327
1766747453.399143 -7.601040 -2.889529 0.311756 -0.007601 -0.004852 0.654459 0.756044
1766747453.453100 -7.595022 -2.856123 0.313749 -0.006665 -0.008611 0.642369 0.766319
1766747453.509398 -7.590158 -2.817981 0.314269 -0.013825 -0.011445 0.635252 0.772097
1766747453.558869 -7.582018 -2.779085 0.312689 -0.015232 -0.010198 0.636363 0.771172
1766747453.615602 -7.577856 -2.738633 0.312621 -0.014829 -0.019263 0.636677 0.770748
1766747453.664257 -7.573830 -2.705949 0.316684 -0.016402 -0.009640 0.636928 0.770688
1766747453.719253 -7.565488 -2.669849 0.315836 -0.016974 -0.008124 0.636130 0.771353
1766747453.771209 -7.553674 -2.631774 0.313848 -0.015082 -0.003499 0.625038 0.780441
1766747453.826434 -7.544740 -2.599003 0.306457 -0.021718 -0.008334 0.602436 0.797828
1766747453.887227 -7.539284 -2.568652 0.306101 -0.009223 -0.010428 0.586668 0.809708
1766747453.938989 -7.525679 -2.540038 0.313683 0.005945 0.001492 0.583748 0.811912
1766747453.990186 -7.513169 -2.511163 0.314146 0.020389 -0.000072 0.586354 0.809798
1766747454.041977 -7.503982 -2.479726 0.316801 0.002445 0.005082 0.579657 0.814841
1766747454.098413 -7.488959 -2.450978 0.315546 0.000663 0.015502 0.571689 0.820324
1766747454.160083 -7.481577 -2.423507 0.315413 0.002830 0.014038 0.570521 0.821158
1766747454.201132 -7.471388 -2.389662 0.314595 -0.000388 0.007909 0.571521 0.820549
1766747454.258206 -7.456855 -2.348343 0.311378 0.001049 -0.002245 0.573259 0.819370
1766747454.310276 -7.439568 -2.313415 0.307589 -0.004281 0.007932 0.576315 0.817178
1766747454.362450 -7.425343 -2.277345 0.312273 0.005291 0.009762 0.579182 0.815123
1766747454.415478 -7.410221 -2.242490 0.315824 0.009031 0.003412 0.577342 0.816445
1766747454.468977 -7.389004 -2.197427 0.318607 0.011068 -0.009769 0.576957 0.816642
1766747454.523588 -7.376418 -2.155806 0.312356 -0.017240 0.000562 0.573055 0.819336
1766747454.576914 -7.356301 -2.113418 0.314244 -0.015315 0.007684 0.569987 0.821475
1766747454.628471 -7.338914 -2.063265 0.315525 -0.013524 -0.001006 0.570811 0.820970
1766747454.683108 -7.318707 -2.005123 0.315189 -0.004969 -0.009613 0.573077 0.819430
1766747454.734122 -7.298223 -1.948491 0.309319 -0.006323 0.007646 0.575696 0.817604
1766747454.788912 -7.278563 -1.894848 0.313246 -0.001020 0.010891 0.579686 0.814766
1766747454.842682 -7.256965 -1.841716 0.316104 0.001744 0.001720 0.578151 0.815926
1766747454.894774 -7.231313 -1.781475 0.302284 0.001931 -0.008773 0.577780 0.816143
1766747454.950130 -7.230527 -1.765556 0.308833 -0.020196 0.006373 0.573540 0.818904
1766747455.002908 -7.207474 -1.707240 0.312094 -0.018248 0.002260 0.571555 0.820358
1766747455.056021 -7.187164 -1.648039 0.313945 -0.012981 -0.007834 0.574008 0.818710
1766747455.108503 -7.167431 -1.586885 0.307727 -0.016580 -0.008296 0.574793 0.818089
1766747455.163072 -7.149710 -1.536943 0.311316 -0.005796 0.006041 0.579514 0.814920
1766747455.214812 -7.129336 -1.481809 0.315520 -0.000888 0.000864 0.580036 0.814590
1766747455.270653 -7.102269 -1.415491 0.307229 -0.000306 -0.008586 0.580898 0.813931
1766747455.333250 -7.113153 -1.426177 0.307426 -0.010998 0.008276 0.579261 0.815026
1766747455.374556 -7.085682 -1.361015 0.312624 -0.009100 0.003180 0.579485 0.814926
1766747455.433740 -7.063494 -1.295224 0.315235 -0.007957 -0.005676 0.581695 0.813349
1766747455.489248 -7.051339 -1.247409 0.308582 -0.017362 -0.002484 0.582832 0.812404
1766747455.537553 -7.028645 -1.194357 0.314262 -0.005362 0.006987 0.589260 0.807896
1766747455.596194 -7.007434 -1.135102 0.319801 -0.001412 -0.004101 0.588508 0.808480
1766747455.646535 -6.981996 -1.078436 0.306870 0.002551 -0.009169 0.589129 0.807983
1766747455.711705 -6.980629 -1.062059 0.310468 -0.025618 0.004898 0.584732 0.810808
1766747455.751249 -6.957888 -0.994667 0.313689 -0.021017 0.003538 0.583529 0.811813
1766747455.805129 -6.938217 -0.931218 0.297800 -0.014111 -0.006413 0.586035 0.810138
1766747455.870632 -6.929472 -0.932095 0.304150 -0.015920 -0.002701 0.588456 0.808368
1766747455.909956 -6.908867 -0.875444 0.310257 -0.008444 0.001621 0.590520 0.806977
1766747455.967872 -6.889436 -0.814293 0.314610 -0.005764 -0.007731 0.589050 0.808039
1766747456.018587 -6.865633 -0.739995 0.309330 -0.014302 -0.008870 0.589080 0.807899
1766747456.071220 -6.862131 -0.733544 0.310526 -0.020068 0.004411 0.585450 0.810448
1766747456.123244 -6.844845 -0.672780 0.311755 -0.014978 -0.008534 0.585513 0.810480
1766747456.178239 -6.821669 -0.598834 0.297841 -0.013539 -0.014365 0.586779 0.809506
1766747456.240069 -6.813216 -0.575631 0.309064 -0.012940 -0.002510 0.591129 0.806470
1766747456.285413 -6.792974 -0.513829 0.314991 -0.009234 -0.001504 0.592206 0.805732
1766747456.351106 -6.769380 -0.446209 0.309102 -0.008318 -0.011634 0.592642 0.805339
1766747456.396519 -6.773788 -0.454307 0.309032 -0.016963 0.000659 0.590954 0.806527
1766747456.444685 -6.754529 -0.395528 0.312531 -0.018540 0.000065 0.590659 0.806708
1766747456.498194 -6.733708 -0.326980 0.315094 -0.011179 -0.009838 0.593214 0.804908
1766747456.556288 -6.717688 -0.283413 0.303686 -0.013271 -0.004643 0.594480 0.803988
1766747456.606966 -6.704697 -0.261248 0.310930 -0.007382 0.005722 0.598194 0.801297
1766747456.658091 -6.683489 -0.197010 0.315824 -0.002798 -0.001089 0.597338 0.801984
1766747456.715656 -6.657476 -0.125080 0.301780 -0.002800 -0.009269 0.597820 0.801572
1766747456.767758 -6.669917 -0.145625 0.309105 -0.024344 0.001073 0.594099 0.804023
1766747456.821510 -6.646956 -0.075361 0.314898 -0.017394 -0.006124 0.593470 0.804645
1766747456.883068 -6.628171 -0.004674 0.300657 -0.010561 -0.016565 0.596253 0.802556
1766747456.930886 -6.617952 0.005459 0.307503 -0.010733 -0.003166 0.598997 0.800673
1766747456.986776 -6.598382 0.069217 0.312891 -0.001822 0.005371 0.601136 0.799127
1766747457.040096 -6.581002 0.131232 0.315879 -0.001683 -0.004174 0.600213 0.799828
1766747457.095440 -6.570736 0.176922 0.306379 -0.009851 -0.000935 0.600702 0.799412
1766747457.150650 -6.563204 0.202893 0.309417 -0.016329 0.005265 0.597831 0.801439
1766747457.203881 -6.544788 0.266826 0.312717 -0.011970 -0.005268 0.599810 0.800036
1766747457.263829 -6.525993 0.343806 0.303176 -0.012603 -0.007198 0.600360 0.799598
1766747457.311572 -6.517595 0.350198 0.309384 -0.010667 -0.002664 0.604980 0.796165
1766747457.365485 -6.498660 0.412941 0.315512 -0.003526 -0.002170 0.604608 0.796513
1766747457.415215 -6.477100 0.473296 0.297494 -0.000376 -0.010879 0.605104 0.796072
1766747457.470639 -6.463819 0.523624 0.308336 -0.013378 0.007169 0.604414 0.796526
1766747457.523692 -6.442317 0.593496 0.311484 -0.015098 0.010340 0.600243 0.799608
1766747457.575416 -6.422854 0.659078 0.313120 -0.009740 -0.000478 0.602035 0.798410
1766747457.632171 -6.409509 0.724821 0.305234 -0.018866 -0.007326 0.602134 0.798139
1766747457.684760 -6.393139 0.751823 0.309202 -0.005663 0.009801 0.608739 0.793290
1766747457.735369 -6.375857 0.811612 0.314199 -0.001223 0.002001 0.608372 0.793649
1766747457.790438 -6.360322 0.866718 0.288742 0.001783 -0.005643 0.608753 0.793338
1766747457.841582 -6.361748 0.880166 0.302728 -0.014837 0.010902 0.605636 0.795529
1766747457.909782 -6.340695 0.948626 0.308632 -0.014634 0.002367 0.604221 0.796679
1766747457.947378 -6.322781 1.017596 0.304318 -0.009143 -0.009822 0.606517 0.794957
1766747458.002742 -6.305678 1.070479 0.306302 -0.012254 -0.002779 0.608187 0.793694
1766747458.066503 -6.288912 1.146244 0.313798 -0.006415 0.003332 0.612875 0.790147
1766747458.110712 -6.268913 1.214160 0.317947 -0.001246 -0.005205 0.612729 0.790275
1766747458.167084 -6.254956 1.267265 0.302694 -0.006731 -0.009020 0.612692 0.790242
1766747458.218693 -6.242951 1.299192 0.309020 -0.024731 0.001722 0.609108 0.792700
1766747458.272531 -6.226361 1.355195 0.309043 -0.017729 -0.005619 0.609769 0.792361
1766747458.324136 -6.204673 1.422398 0.299820 -0.013817 0.001470 0.611584 0.791057
1766747458.405129 -6.199679 1.457191 0.300123 -0.019241 -0.015675 0.612004 0.790465
1766747458.455405 -6.183556 1.534065 0.304641 -0.024230 -0.010837 0.614939 0.788128
1766747458.509945 -6.175685 1.577264 0.305869 -0.036246 -0.010772 0.631135 0.774751
1766747458.567383 -6.169970 1.600775 0.304628 -0.027407 -0.011731 0.655636 0.754488
1766747458.615919 -6.165665 1.631829 0.306618 -0.017997 -0.019695 0.677911 0.734660
1766747458.669932 -6.162261 1.662540 0.317137 -0.019288 -0.010957 0.706139 0.707726
1766747458.722918 -6.163883 1.688383 0.318789 -0.030863 -0.019631 0.732378 0.679915
1766747458.777895 -6.159718 1.715142 0.318534 -0.029597 -0.020498 0.761726 0.646899
1766747458.833647 -6.157277 1.734095 0.320573 -0.028480 -0.016397 0.787209 0.615810
1766747458.884141 -6.159159 1.753066 0.319026 -0.020471 -0.014193 0.813654 0.580815
1766747458.938731 -6.161732 1.770536 0.316415 -0.013376 -0.012857 0.840201 0.541957
1766747458.995111 -6.166864 1.786630 0.313722 -0.018540 -0.011921 0.863356 0.504114
1766747459.043747 -6.171245 1.796816 0.310603 -0.024550 -0.003937 0.884674 0.465547
1766747459.095967 -6.176730 1.800916 0.309949 -0.021076 0.000208 0.907231 0.420104
1766747459.153719 -6.178319 1.801414 0.310739 -0.023883 -0.015651 0.927276 0.373289
1766747459.206512 -6.181716 1.803364 0.310116 -0.025748 -0.022555 0.946992 0.319429
1766747459.262284 -6.179111 1.804732 0.308632 -0.022256 -0.010277 0.964821 0.261761
1766747459.314854 -6.179665 1.800691 0.310655 -0.022070 -0.013994 0.977103 0.211156
1766747459.372273 -6.180721 1.802504 0.313352 -0.026548 -0.005258 0.987517 0.155168
1766747459.422845 -6.182626 1.800834 0.312198 -0.026295 -0.001107 0.994553 0.100860
1766747459.475501 -6.185885 1.800078 0.308837 -0.024777 -0.000249 0.998757 0.043244
1766747459.528546 -6.185562 1.797388 0.306301 -0.017968 0.002134 0.999752 -0.012995
1766747459.583663 -6.186529 1.795805 0.310187 -0.014454 -0.004452 0.997669 -0.066539
1766747459.639168 -6.189506 1.796641 0.311809 -0.011510 -0.004715 0.991399 -0.130285
1766747459.691722 -6.192673 1.796728 0.313028 -0.012724 0.006055 0.982115 -0.187756
1766747459.752868 -6.193140 1.797346 0.314937 -0.005088 0.007061 0.969117 -0.246446
1766747459.801641 -6.193091 1.798114 0.315497 -0.008677 0.013366 0.953111 -0.302202
1766747459.849385 -6.191023 1.795102 0.313729 -0.016192 0.000211 0.934283 -0.356166
1766747459.905397 -6.189064 1.790583 0.309320 -0.025981 -0.005311 0.911453 -0.410549
1766747459.961813 -6.188977 1.784841 0.307504 -0.017349 -0.006250 0.886135 -0.463061
1766747460.016065 -6.193067 1.784562 0.305849 -0.012413 -0.002346 0.857748 -0.513916
1766747460.071029 -6.194664 1.783743 0.309424 -0.013021 -0.005615 0.826093 -0.563356
1766747460.124525 -6.193624 1.781111 0.311163 -0.011411 -0.011294 0.799037 -0.601068
1766747460.172983 -6.194507 1.780533 0.313730 -0.017869 -0.004143 0.787182 -0.616448
1766747460.225937 -6.191244 1.777529 0.315990 -0.014461 -0.004302 0.784632 -0.619778
1766747460.278419 -6.188462 1.772687 0.314731 -0.007359 -0.007065 0.786869 -0.617036
1766747460.335871 -6.188574 1.760519 0.312255 -0.007224 -0.007424 0.789495 -0.613670
1766747460.390892 -6.185961 1.749784 0.312409 0.002015 -0.015431 0.787926 -0.615574
1766747460.440895 -6.186248 1.734058 0.312356 0.005892 -0.020527 0.786666 -0.617009
1766747460.495344 -6.193007 1.715103 0.313182 0.001543 -0.023771 0.786682 -0.616899
1766747460.548544 -6.197294 1.695339 0.315079 0.000537 -0.020446 0.786585 -0.617143
1766747460.601925 -6.201370 1.664554 0.317028 0.013444 -0.023734 0.786410 -0.617102
1766747460.655149 -6.208643 1.634129 0.311288 0.007890 -0.024576 0.786314 -0.617288
1766747460.708773 -6.211179 1.601130 0.312327 0.006136 -0.029229 0.788066 -0.614866
1766747460.774056 -6.218780 1.562736 0.310988 0.010379 -0.025039 0.786938 -0.616437
1766747460.818434 -6.226853 1.520902 0.310470 0.015249 -0.013610 0.785042 -0.619106
1766747460.870570 -6.237128 1.471209 0.308266 0.005879 -0.007709 0.784051 -0.620620
1766747460.924407 -6.244564 1.431700 0.306883 -0.006214 -0.007184 0.779798 -0.625959
1766747460.987323 -6.255573 1.384774 0.309826 -0.004177 0.004080 0.780768 -0.624795
1766747461.042659 -6.269153 1.336496 0.312902 0.003886 0.010540 0.781358 -0.623982
1766747461.088685 -6.279377 1.280375 0.308584 0.004518 -0.006558 0.781547 -0.623795
1766747461.136984 -6.295096 1.235567 0.311327 -0.008836 -0.010167 0.782922 -0.621974
1766747461.198972 -6.306581 1.181490 0.313977 -0.000703 -0.009950 0.782165 -0.622991
1766747461.245036 -6.319006 1.121089 0.315073 0.006361 -0.004245 0.780679 -0.624885
1766747461.300410 -6.310466 1.073226 0.309409 0.004913 -0.016379 0.784115 -0.620380
1766747461.352673 -6.322308 1.023029 0.308339 0.002185 -0.020297 0.791173 -0.611251
1766747461.408198 -6.331437 0.970571 0.311027 0.001080 -0.025773 0.794711 -0.606439
1766747461.458537 -6.343550 0.915226 0.311589 -0.004835 -0.023037 0.794089 -0.607345
1766747461.512241 -6.350366 0.869427 0.304417 0.003087 -0.009327 0.792214 -0.610164
1766747461.564636 -6.359631 0.824441 0.312395 0.003477 -0.013597 0.792686 -0.609469
1766747461.620861 -6.370744 0.776250 0.314143 0.009333 -0.006904 0.791500 -0.611059
1766747461.673410 -6.382947 0.720122 0.314707 0.014506 -0.003110 0.791032 -0.611594
1766747461.728166 -6.395209 0.675493 0.310215 -0.001081 -0.005712 0.789077 -0.614267
1766747461.778028 -6.407504 0.624525 0.313396 -0.002598 0.002572 0.788115 -0.615517
1766747461.841099 -6.422398 0.572243 0.316496 0.006986 0.005699 0.788942 -0.614401
1766747461.888138 -6.442694 0.510392 0.310270 0.010333 0.008582 0.788007 -0.615520
1766747461.944682 -6.453164 0.467788 0.312171 -0.011162 -0.008677 0.791025 -0.611620
1766747461.995458 -6.467614 0.405281 0.315036 -0.002299 -0.008854 0.792337 -0.610015
1766747462.046468 -6.482565 0.342314 0.316424 0.007801 -0.001250 0.790485 -0.612431
1766747462.109527 -6.498515 0.282998 0.309688 -0.007240 0.002791 0.788983 -0.614366
1766747462.155293 -6.509242 0.221683 0.313167 -0.015181 -0.003924 0.785628 -0.618501
1766747462.209198 -6.521946 0.168323 0.314506 -0.008193 -0.003748 0.786537 -0.617477
1766747462.261168 -6.526223 0.117494 0.293561 -0.001494 -0.017793 0.790285 -0.612480
1766747462.318261 -6.538926 0.068199 0.303032 -0.012758 0.004396 0.791030 -0.611628
1766747462.371524 -6.548088 0.016398 0.316315 -0.004923 -0.000441 0.790864 -0.611972
1766747462.420390 -6.562438 -0.034574 0.318337 0.002574 0.003073 0.788712 -0.614750
1766747462.473003 -6.574687 -0.094928 0.316231 -0.000191 -0.003111 0.789033 -0.614343
1766747462.529709 -6.587506 -0.137186 0.315608 -0.005763 0.001420 0.785545 -0.618777
1766747462.581982 -6.599533 -0.182954 0.319457 -0.004316 0.010803 0.785207 -0.619125
1766747462.634482 -6.616245 -0.234438 0.321001 0.007736 0.015544 0.785306 -0.618865
1766747462.687116 -6.625933 -0.288825 0.312613 0.007380 -0.010107 0.786044 -0.618045
1766747462.749178 -6.645851 -0.339511 0.314966 -0.012560 -0.009319 0.788747 -0.614519
1766747462.798457 -6.657266 -0.397109 0.316069 -0.000397 -0.010014 0.788780 -0.614594
1766747462.858379 -6.672290 -0.462482 0.308293 0.004189 -0.004776 0.787357 -0.616465
1766747462.905146 -6.681479 -0.498223 0.308836 -0.007200 -0.009268 0.784774 -0.619671
1766747462.959252 -6.700250 -0.566194 0.311967 -0.013811 0.001107 0.783641 -0.621060
1766747463.011033 -6.709682 -0.621394 0.314276 -0.005204 -0.000736 0.784147 -0.620553
1766747463.064168 -6.721748 -0.678547 0.300396 -0.005206 -0.006771 0.783027 -0.621930
1766747463.120924 -6.717413 -0.682927 0.310223 -0.011102 -0.004055 0.784693 -0.619772
1766747463.170528 -6.728168 -0.740175 0.315103 0.006776 -0.003861 0.783705 -0.621084
1766747463.234184 -6.740800 -0.806184 0.316678 0.020958 0.003473 0.781405 -0.623663
1766747463.277520 -6.757117 -0.866611 0.309607 -0.007935 0.004781 0.778785 -0.627223
1766747463.332130 -6.762465 -0.917108 0.311793 -0.010732 -0.007236 0.779026 -0.626858
1766747463.386451 -6.762411 -0.967549 0.298187 -0.000166 -0.035025 0.787794 -0.614942
1766747463.442789 -6.777320 -1.006255 0.299530 -0.008159 -0.008490 0.799902 -0.600015
1766747463.494206 -6.786156 -1.041912 0.303945 -0.009310 0.003499 0.805562 -0.592428
1766747463.545266 -6.800911 -1.085048 0.312997 -0.021486 -0.002052 0.807861 -0.588978
1766747463.598100 -6.811494 -1.128586 0.310017 -0.022635 -0.008781 0.807222 -0.589749
1766747463.653386 -6.823002 -1.163484 0.308983 -0.006420 -0.011509 0.809003 -0.587657
1766747463.706455 -6.836225 -1.200696 0.314448 -0.017361 -0.003306 0.808519 -0.588204
1766747463.762181 -6.845799 -1.236881 0.317031 -0.011255 -0.003042 0.808701 -0.588105
1766747463.812179 -6.860161 -1.281734 0.317618 -0.002782 -0.006875 0.807395 -0.589965
1766747463.867024 -6.871165 -1.316772 0.312560 -0.005697 -0.013066 0.807286 -0.589988
1766747463.919703 -6.883268 -1.360404 0.314375 -0.002646 -0.014951 0.807050 -0.590288
1766747463.974751 -6.899173 -1.412656 0.315325 0.007518 -0.010258 0.805671 -0.592227
1766747464.031442 -6.916107 -1.471093 0.314822 0.012365 -0.004563 0.803992 -0.594494
1766747464.080970 -6.930161 -1.522709 0.308965 -0.001663 -0.007364 0.802068 -0.597186
1766747464.134192 -6.945950 -1.578415 0.312691 -0.006697 -0.001979 0.800274 -0.599593
1766747464.194490 -6.963149 -1.634155 0.316291 0.000539 -0.001344 0.801494 -0.598001
1766747464.240528 -6.985780 -1.696034 0.306434 0.006078 -0.003136 0.801130 -0.598451
1766747464.295811 -6.998106 -1.728813 0.309119 -0.009308 -0.014232 0.802706 -0.596133
1766747464.357057 -7.017262 -1.792109 0.311584 -0.001047 -0.008594 0.803517 -0.595219
1766747464.414653 -7.035028 -1.854257 0.313339 0.010486 -0.000507 0.801677 -0.597665
1766747464.457943 -7.051252 -1.913152 0.308752 0.002373 -0.003098 0.800766 -0.598965
1766747464.511607 -7.066799 -1.974770 0.312294 -0.004510 0.000824 0.798887 -0.601464
1766747464.575162 -7.085598 -2.037225 0.315056 0.001627 0.004145 0.799758 -0.600307
1766747464.625626 -7.110686 -2.109312 0.306191 0.007484 0.002462 0.799506 -0.600606
1766747464.681526 -7.108638 -2.118995 0.310695 -0.007215 -0.015728 0.801691 -0.597488
1766747464.734143 -7.126812 -2.186029 0.313750 0.002503 -0.010759 0.800927 -0.598660
1766747464.811223 -7.141196 -2.243609 0.301939 0.011937 -0.006922 0.799399 -0.600642
1766747464.850481 -7.154840 -2.309898 0.307711 0.004636 -0.013804 0.797557 -0.603069
1766747464.898458 -7.173532 -2.378361 0.314218 -0.004407 -0.005186 0.796182 -0.605020
1766747464.950838 -7.192589 -2.442116 0.319182 0.003561 -0.003600 0.796869 -0.604131
1766747465.011276 -7.210541 -2.491928 0.309821 -0.002734 -0.002423 0.795683 -0.605702
1766747465.061297 -7.212070 -2.513354 0.311186 -0.006738 -0.012616 0.797145 -0.603619
1766747465.112347 -7.230414 -2.577358 0.312931 0.002083 -0.009344 0.795943 -0.605296
1766747465.164860 -7.248861 -2.653532 0.301404 0.004063 -0.008262 0.794755 -0.606861
1766747465.217000 -7.254223 -2.662789 0.307000 0.000322 -0.007730 0.791595 -0.610997
1766747465.270457 -7.269878 -2.725895 0.313340 -0.000462 -0.004679 0.791532 -0.611110
1766747465.326019 -7.291514 -2.794040 0.309895 0.008715 -0.003157 0.791572 -0.611006
1766747465.376626 -7.288846 -2.796116 0.305696 -0.002138 -0.011966 0.791971 -0.610438
1766747465.432902 -7.307237 -2.863748 0.309554 0.000671 -0.009717 0.794240 -0.607526
1766747465.483905 -7.323058 -2.935970 0.313459 0.017513 -0.004560 0.792953 -0.609014
1766747465.539253 -7.337276 -3.002976 0.301529 0.015242 -0.004232 0.792377 -0.609827
1766747465.590929 -7.349807 -3.066624 0.307591 -0.009558 -0.004695 0.787760 -0.615891
1766747465.644764 -7.366254 -3.132703 0.313608 -0.007618 -0.005023 0.787037 -0.616839
1766747465.706684 -7.387997 -3.206616 0.300609 -0.001526 -0.010034 0.786146 -0.617958
1766747465.764755 -7.387736 -3.207855 0.306889 -0.004476 -0.008181 0.787230 -0.616589
1766747465.810964 -7.403781 -3.274882 0.312546 0.004479 -0.005635 0.785889 -0.618326
1766747465.865166 -7.418181 -3.341147 0.293767 0.011499 -0.000630 0.783767 -0.620949
1766747465.917406 -7.423056 -3.343495 0.300663 0.004737 -0.010053 0.783180 -0.621696
1766747465.976524 -7.437178 -3.397563 0.309450 -0.005526 -0.002278 0.780276 -0.625407
1766747466.025878 -7.452160 -3.461355 0.315112 0.002232 0.002083 0.780043 -0.625719
1766747466.078342 -7.468347 -3.524694 0.309282 0.004184 -0.002689 0.779335 -0.626588
1766747466.134635 -7.467757 -3.531192 0.310703 -0.004818 -0.014323 0.781310 -0.623961
1766747466.197176 -7.482831 -3.601476 0.314042 0.008522 -0.008465 0.779818 -0.625891
1766747466.255761 -7.494712 -3.677145 0.297714 0.012512 -0.006472 0.779024 -0.626836
1766747466.297617 -7.500752 -3.677902 0.305435 0.000553 -0.008111 0.775875 -0.630835
1766747466.351590 -7.514277 -3.746001 0.312755 -0.002415 -0.006049 0.775465 -0.631357
1766747466.405700 -7.530251 -3.812407 0.310186 0.007955 -0.006931 0.775594 -0.631144
1766747466.461241 -7.538203 -3.857566 0.308669 -0.001576 -0.012481 0.775850 -0.630792
1766747466.511275 -7.553720 -3.931027 0.312140 -0.002344 -0.006054 0.776014 -0.630683
1766747466.567741 -7.566068 -4.001483 0.315086 0.010441 0.001409 0.773419 -0.633808
1766747466.622038 -7.584650 -4.060713 0.305564 0.000797 0.001980 0.772063 -0.635542
1766747466.674805 -7.594308 -4.126940 0.314201 -0.014468 0.003610 0.767789 -0.640529
1766747466.729666 -7.607943 -4.190434 0.319787 -0.008078 0.006070 0.767906 -0.640482
1766747466.779783 -7.626212 -4.262584 0.302385 0.001555 0.005891 0.767897 -0.640544
1766747466.833966 -7.638135 -4.309363 0.311094 -0.010923 -0.011002 0.770899 -0.636769
1766747466.902455 -7.652714 -4.377504 0.314413 -0.003896 -0.006093 0.772421 -0.635070
1766747466.937442 -7.663955 -4.442630 0.298900 0.004538 -0.004131 0.771160 -0.636611
1766747466.991134 -7.667225 -4.437502 0.301485 0.002738 -0.007984 0.769714 -0.638333
1766747467.045206 -7.678097 -4.493963 0.311178 -0.004884 -0.003457 0.765994 -0.642819
1766747467.101016 -7.690018 -4.561870 0.316731 0.004504 -0.004400 0.766128 -0.642657
1766747467.150691 -7.697237 -4.595399 0.305960 -0.002145 -0.004580 0.765324 -0.643626
1766747467.204179 -7.698467 -4.624941 0.309400 -0.003349 -0.015480 0.766672 -0.641844
1766747467.257190 -7.708205 -4.691257 0.312156 0.009363 -0.009636 0.765171 -0.643688
1766747467.311043 -7.718569 -4.769421 0.299483 0.015654 -0.008162 0.764318 -0.644598
1766747467.370077 -7.729254 -4.752115 0.305104 -0.002653 -0.002843 0.759713 -0.650248
1766747467.420549 -7.740805 -4.830700 0.312472 -0.001379 -0.000310 0.760550 -0.649278
1766747467.474626 -7.752999 -4.894384 0.293971 0.007765 -0.002933 0.760026 -0.649840
1766747467.531739 -7.747242 -4.868295 0.298162 -0.002071 -0.008040 0.760766 -0.648973
1766747467.588184 -7.758308 -4.939898 0.308966 0.000098 -0.003202 0.760504 -0.649325
1766747467.634802 -7.774075 -5.004289 0.308127 0.007845 0.000588 0.761996 -0.647534
1766747467.687563 -7.775382 -5.039307 0.303008 0.020736 -0.016096 0.773511 -0.633239
1766747467.739498 -7.780210 -5.061173 0.306359 0.016263 -0.009507 0.787152 -0.616471
1766747467.794568 -7.787809 -5.106705 0.316502 0.010229 -0.015604 0.809460 -0.586879
1766747467.847950 -7.800832 -5.143888 0.317830 0.001755 -0.017916 0.834187 -0.551188
1766747467.922593 -7.805621 -5.176747 0.313161 0.004134 -0.001136 0.861237 -0.508186
1766747467.968669 -7.803843 -5.208112 0.319357 0.002541 -0.017040 0.879126 -0.476279
1766747468.021380 -7.814244 -5.233046 0.321957 0.002016 -0.015035 0.882359 -0.470333
1766747468.079363 -7.829018 -5.263402 0.321132 0.005469 -0.012503 0.882435 -0.470236
1766747468.131284 -7.846971 -5.292876 0.319552 0.010369 -0.006554 0.881810 -0.471445
1766747468.180589 -7.867371 -5.327061 0.318925 -0.004674 0.000430 0.880137 -0.474698
1766747468.234208 -7.888458 -5.359428 0.315729 -0.007772 -0.000531 0.879116 -0.476545
1766747468.301578 -7.911002 -5.389453 0.314878 -0.003733 0.011472 0.879233 -0.476240
1766747468.343233 -7.928485 -5.424690 0.314265 0.002018 0.008679 0.868958 -0.494805
1766747468.397495 -7.948961 -5.461685 0.308307 0.009010 -0.009775 0.846346 -0.532467
1766747468.452751 -7.960377 -5.476443 0.313203 0.011358 -0.011304 0.820778 -0.571023
1766747468.504955 -7.976814 -5.517224 0.325227 0.012883 -0.021310 0.793314 -0.608303
1766747468.559166 -7.999794 -5.554289 0.323847 0.004398 -0.019474 0.779607 -0.625951
1766747468.611735 -8.007668 -5.587765 0.314449 0.003699 -0.017316 0.778973 -0.626807
1766747468.664515 -8.017891 -5.627419 0.313065 0.014750 -0.013644 0.781210 -0.623945
1766747468.728010 -8.025465 -5.658155 0.318850 -0.001059 -0.002147 0.780369 -0.625315
1766747468.770531 -8.030648 -5.695140 0.319988 -0.000708 -0.001924 0.779229 -0.626736
1766747468.831261 -8.039896 -5.744147 0.319718 0.004677 -0.009559 0.776797 -0.629662
1766747468.874135 -8.047392 -5.780052 0.314843 -0.006335 -0.005926 0.776856 -0.629619
1766747468.930135 -8.058700 -5.818147 0.318273 -0.007066 -0.006000 0.784800 -0.619679
1766747468.982882 -8.069710 -5.857631 0.317546 -0.000902 -0.007482 0.805450 -0.592616
1766747469.037822 -8.083303 -5.890423 0.304969 -0.006087 -0.007318 0.830464 -0.556991
1766747469.100214 -8.088422 -5.921944 0.307174 0.012970 -0.009701 0.846769 -0.531714
1766747469.145538 -8.110949 -5.952138 0.319225 -0.007565 0.007003 0.844568 -0.535349
1766747469.206481 -8.124210 -5.980075 0.323317 -0.010898 0.018808 0.844597 -0.534962
1766747469.250865 -8.142160 -6.012970 0.322641 -0.012831 0.030842 0.842729 -0.537300
1766747469.304146 -8.159895 -6.050701 0.309201 -0.014497 0.017181 0.842088 -0.538872
1766747469.354612 -8.170240 -6.083771 0.313159 -0.025585 0.005012 0.842157 -0.538602
1766747469.421399 -8.192701 -6.118626 0.317342 -0.022076 0.005009 0.842023 -0.538967
1766747469.460527 -8.210700 -6.161007 0.317953 -0.007502 0.005779 0.841451 -0.540251
1766747469.514227 -8.233310 -6.214089 0.314309 0.000884 0.003455 0.840728 -0.541447
1766747469.567167 -8.252024 -6.250095 0.312444 -0.008726 -0.004510 0.838552 -0.544732
1766747469.633529 -8.272947 -6.296885 0.316250 -0.008398 0.001873 0.837611 -0.546200
1766747469.674127 -8.295182 -6.346786 0.318740 0.002149 -0.000847 0.838275 -0.545243
1766747469.726986 -8.321168 -6.399530 0.315121 0.004072 -0.007392 0.837732 -0.546016
1766747469.780849 -8.338943 -6.435893 0.311787 -0.007678 -0.013838 0.839615 -0.542952
1766747469.837389 -8.363160 -6.487689 0.315269 -0.000829 -0.013338 0.834083 -0.551477
1766747469.886554 -8.383650 -6.527331 0.298338 -0.016575 -0.010334 0.813655 -0.581020
1766747469.940579 -8.388833 -6.559859 0.306394 0.007951 -0.039933 0.785897 -0.617016
1766747470.005527 -8.406654 -6.593889 0.313738 0.013820 -0.032606 0.751826 -0.658410
1766747470.049374 -8.405383 -6.628043 0.306914 0.024284 -0.048505 0.713076 -0.698985
1766747470.100202 -8.417881 -6.648413 0.308744 0.023971 -0.032418 0.668994 -0.742174
1766747470.155879 -8.416744 -6.676590 0.315101 0.025618 -0.033029 0.626517 -0.778286
1766747470.206288 -8.412390 -6.705502 0.321614 0.027149 -0.040912 0.576744 -0.815448
1766747470.268590 -8.409649 -6.733223 0.318588 0.039643 -0.044244 0.522710 -0.850438
1766747470.313996 -8.411937 -6.758099 0.320233 0.022168 -0.026060 0.476059 -0.878748
1766747470.361889 -8.405513 -6.777153 0.319722 0.009735 -0.011955 0.458712 -0.888452
1766747470.417740 -8.394548 -6.801984 0.320001 0.011278 -0.001180 0.454582 -0.890633
1766747470.470595 -8.381902 -6.829920 0.317692 0.009870 0.015535 0.455495 -0.890048
1766747470.531829 -8.360548 -6.856287 0.317565 0.027543 -0.013880 0.462811 -0.885920
1766747470.576963 -8.345806 -6.883950 0.317055 0.010655 -0.013992 0.466975 -0.884096
1766747470.631618 -8.322738 -6.915489 0.317797 0.018730 -0.013743 0.466900 -0.884005
1766747470.683298 -8.294588 -6.950274 0.316608 0.025078 -0.005247 0.465282 -0.884792
1766747470.739566 -8.264647 -6.987094 0.315111 0.025786 0.006775 0.463321 -0.885790
1766747470.789901 -8.235170 -7.029815 0.311227 0.001110 -0.007968 0.457913 -0.888961
1766747470.844011 -8.207250 -7.066849 0.313635 -0.000026 -0.005722 0.455773 -0.890078
1766747470.897353 -8.178674 -7.099401 0.314140 0.005449 -0.003236 0.455604 -0.890160
1766747470.954813 -8.142194 -7.141894 0.305906 0.015040 -0.010628 0.443631 -0.896020
1766747471.008381 -8.123842 -7.169512 0.309433 0.002540 -0.000619 0.422282 -0.906461
1766747471.060376 -8.096832 -7.200058 0.322473 0.008944 -0.009450 0.394998 -0.918590
1766747471.114498 -8.076768 -7.236966 0.324276 0.005543 -0.015746 0.369667 -0.929014
1766747471.179214 -8.053677 -7.265266 0.321147 -0.000884 -0.015568 0.363719 -0.931378
1766747471.226489 -8.029325 -7.293579 0.321854 0.007519 -0.005305 0.365631 -0.930714
1766747471.274557 -8.010756 -7.317802 0.320890 -0.000482 -0.003360 0.365273 -0.930894
1766747471.331481 -7.981832 -7.344183 0.319919 -0.005333 0.004807 0.364190 -0.931297
1766747471.383752 -7.951799 -7.372339 0.318539 0.000132 0.008213 0.362059 -0.932119
1766747471.448915 -7.923985 -7.399449 0.314594 0.009615 -0.012981 0.361764 -0.932130
1766747471.488225 -7.897209 -7.429845 0.316155 0.001781 -0.019455 0.356176 -0.934215
1766747471.548467 -7.867646 -7.459080 0.318516 -0.000376 -0.024654 0.339285 -0.940361
1766747471.597003 -7.836949 -7.495372 0.312611 -0.005717 -0.031435 0.321316 -0.946433
1766747471.651194 -7.809133 -7.520610 0.309675 0.006443 -0.023998 0.318508 -0.947595
1766747471.704082 -7.790823 -7.542881 0.309939 -0.005609 -0.015052 0.314746 -0.949040
1766747471.757931 -7.764739 -7.563814 0.312430 -0.002033 -0.011180 0.314447 -0.949207
1766747471.818417 -7.734447 -7.589764 0.313090 0.003670 -0.003954 0.313873 -0.949450
1766747471.864257 -7.705630 -7.613567 0.311110 0.009249 -0.016459 0.313974 -0.949244
1766747471.916419 -7.673457 -7.636215 0.314912 0.008669 -0.020370 0.314900 -0.948867
1766747471.970370 -7.641984 -7.661476 0.316861 0.014539 -0.017814 0.311363 -0.950013
1766747472.024148 -7.604554 -7.689079 0.313281 0.009009 -0.018811 0.295799 -0.955022
1766747472.079812 -7.570812 -7.712402 0.302201 0.017165 -0.028406 0.269345 -0.962472
1766747472.130277 -7.550791 -7.733705 0.306392 0.011251 -0.020008 0.231911 -0.972466
1766747472.185101 -7.528225 -7.749959 0.312826 0.008663 -0.020498 0.206041 -0.978290
1766747472.238105 -7.499348 -7.763058 0.314834 0.015134 -0.024665 0.199259 -0.979520
1766747472.294657 -7.465366 -7.779352 0.313315 0.019195 -0.024480 0.198874 -0.979531
1766747472.343615 -7.442709 -7.794074 0.310444 0.017930 -0.019207 0.200991 -0.979241
1766747472.396713 -7.411533 -7.805432 0.314001 0.021015 -0.021470 0.200736 -0.979185
1766747472.449828 -7.379790 -7.820565 0.314648 0.022163 -0.021805 0.198900 -0.979526
1766747472.506407 -7.344954 -7.835493 0.312977 0.019198 -0.019149 0.196762 -0.980076
1766747472.558024 -7.307470 -7.854861 0.309622 0.008349 -0.019850 0.194454 -0.980675
1766747472.610585 -7.275914 -7.871299 0.303542 0.016130 -0.014552 0.194306 -0.980701
1766747472.659894 -7.257259 -7.883306 0.310337 0.005612 -0.008319 0.203481 -0.979028
1766747472.734273 -7.235703 -7.890571 0.313401 0.006602 -0.009485 0.219368 -0.975574
1766747472.770567 -7.195083 -7.908305 0.312808 0.010190 -0.016432 0.228328 -0.973392
1766747472.823625 -7.167994 -7.920129 0.311846 0.009539 -0.011908 0.226275 -0.973944
1766747472.873991 -7.141314 -7.929698 0.312830 0.019861 -0.007865 0.225838 -0.973931
1766747472.932234 -7.118992 -7.937949 0.316985 0.020478 -0.007996 0.226536 -0.973755
1766747472.978663 -7.098592 -7.948136 0.318511 0.019638 -0.010617 0.221631 -0.974875
1766747473.033328 -7.076052 -7.960264 0.320519 0.019492 -0.019266 0.196230 -0.980175
1766747473.083714 -7.055700 -7.978109 0.313393 0.010709 -0.036353 0.159745 -0.986431
1766747473.143885 -7.043989 -7.984131 0.310633 0.018167 -0.038150 0.113304 -0.992662
1766747473.195765 -7.037538 -7.991882 0.314019 0.012035 -0.028241 0.067230 -0.997265
1766747473.255487 -7.036274 -7.996513 0.313358 0.010035 -0.019937 0.018678 -0.999577
1766747473.299945 -7.038408 -7.995992 0.315306 0.002787 -0.017248 -0.031363 -0.999355
1766747473.353810 -7.040944 -7.994452 0.314486 0.006988 -0.018957 -0.082705 -0.996369
1766747473.410326 -7.039913 -7.992138 0.309718 0.015503 -0.022703 -0.134185 -0.990575
1766747473.459192 -7.037010 -7.990540 0.306761 0.024750 -0.025533 -0.176877 -0.983590
1766747473.515267 -7.030876 -7.989743 0.309833 0.020361 -0.016267 -0.201251 -0.979193
1766747473.566681 -7.022198 -7.984967 0.310795 0.018076 -0.013391 -0.208959 -0.977666
1766747473.617777 -7.011482 -7.979897 0.309498 0.015709 -0.014953 -0.209373 -0.977596
1766747473.670264 -6.999825 -7.973299 0.308294 0.018439 -0.009787 -0.208061 -0.977893
1766747473.724044 -6.987412 -7.965666 0.305883 0.016618 -0.006346 -0.211630 -0.977188
1766747473.785332 -6.974107 -7.955778 0.304730 0.011392 -0.008215 -0.226137 -0.973994
1766747473.830313 -6.963291 -7.950156 0.304043 0.007845 -0.011386 -0.245516 -0.969294
1766747473.883210 -6.953924 -7.944149 0.303253 0.000325 -0.011224 -0.266208 -0.963850
1766747473.937106 -6.942464 -7.935746 0.303832 -0.002002 -0.008974 -0.273466 -0.961838
1766747473.990420 -6.927230 -7.926206 0.304502 -0.002178 -0.006220 -0.272599 -0.962105
1766747474.043143 -6.910635 -7.914092 0.304759 0.001050 -0.004073 -0.270649 -0.962669
1766747474.102907 -6.893172 -7.903312 0.303520 0.001061 0.000154 -0.254987 -0.966944
1766747474.155493 -6.873566 -7.892975 0.306454 0.016204 0.006958 -0.224781 -0.974250
1766747474.209591 -6.852765 -7.882706 0.308621 0.018975 -0.000512 -0.194025 -0.980813
1766747474.279603 -6.831350 -7.876836 0.309706 0.018051 -0.007419 -0.153621 -0.987937
1766747474.333746 -6.807396 -7.872075 0.308737 0.011993 -0.011522 -0.119080 -0.992745
1766747474.382705 -6.778954 -7.872555 0.306428 0.004866 -0.015236 -0.083178 -0.996406
1766747474.436620 -6.749363 -7.870009 0.303639 0.008717 -0.009207 -0.068833 -0.997548
1766747474.494189 -6.726356 -7.863806 0.300284 0.007712 -0.007107 -0.073253 -0.997258
1766747474.555900 -6.703553 -7.860911 0.304642 -0.000504 -0.012962 -0.076262 -0.997004
1766747474.602284 -6.685707 -7.856855 0.306268 -0.010690 -0.015204 -0.074718 -0.997032
1766747474.656716 -6.670147 -7.850324 0.305108 -0.010134 -0.020515 -0.072634 -0.997096
1766747474.714475 -6.648232 -7.843962 0.305930 -0.009978 -0.036248 -0.086149 -0.995573
1766747474.763178 -6.640000 -7.839811 0.309933 -0.001034 -0.029643 -0.114442 -0.992987
1766747474.816891 -6.625951 -7.837505 0.309613 0.000917 -0.020808 -0.150752 -0.988352
1766747474.869059 -6.620101 -7.836681 0.310153 0.004713 -0.014618 -0.167496 -0.985753
1766747474.924478 -6.612047 -7.832469 0.310182 0.005676 -0.013038 -0.168484 -0.985602
1766747474.977106 -6.601486 -7.828723 0.310013 0.004904 -0.011057 -0.169915 -0.985385
1766747475.029005 -6.589544 -7.824131 0.309540 0.003320 -0.009723 -0.171467 -0.985136
1766747475.082661 -6.578354 -7.821106 0.308703 -0.002152 -0.010026 -0.174850 -0.984542
1766747475.133008 -6.566341 -7.816057 0.308278 -0.004684 -0.010074 -0.178426 -0.983891
1766747475.186788 -6.548580 -7.810079 0.307605 -0.004330 -0.007681 -0.178373 -0.983924
1766747475.247540 -6.532454 -7.804266 0.307403 0.001199 -0.002777 -0.156233 -0.987716
1766747475.295979 -6.517529 -7.796803 0.308833 -0.001159 -0.000731 -0.137222 -0.990539
1766747475.347006 -6.501578 -7.793986 0.311926 -0.003465 -0.002200 -0.137042 -0.990557
1766747475.399266 -6.483347 -7.793647 0.312223 -0.013667 0.004908 -0.142913 -0.989629
1766747475.466193 -6.464603 -7.791745 0.310733 -0.016824 0.009918 -0.142707 -0.989572
1766747475.505808 -6.441274 -7.790467 0.307839 -0.021160 0.016503 -0.136353 -0.990297
1766747475.558364 -6.419949 -7.783475 0.308545 0.000470 0.009502 -0.116764 -0.993114
1766747475.612668 -6.392814 -7.779302 0.309870 0.008404 0.002943 -0.093397 -0.995589
1766747475.675566 -6.372055 -7.773676 0.314838 0.017451 -0.003323 -0.069341 -0.997435
1766747475.730628 -6.352075 -7.772297 0.316628 0.017429 -0.007676 -0.045161 -0.998798
1766747475.779796 -6.328211 -7.771559 0.315585 0.016217 -0.012998 -0.039743 -0.998994
1766747475.827450 -6.301237 -7.770720 0.312255 0.009658 -0.018587 -0.042219 -0.998889
1766747475.879609 -6.274693 -7.768994 0.307920 0.013890 -0.020865 -0.044309 -0.998703
1766747475.933897 -6.246675 -7.768334 0.306350 0.014817 -0.011436 -0.046162 -0.998759
1766747475.988906 -6.223483 -7.768330 0.307215 0.005758 -0.012867 -0.048299 -0.998734
1766747476.043300 -6.200946 -7.767048 0.308663 -0.003217 -0.010521 -0.048664 -0.998755
1766747476.097208 -6.174978 -7.764888 0.308968 -0.001983 -0.007143 -0.047895 -0.998825
1766747476.150206 -6.146766 -7.762685 0.308370 -0.001033 -0.002976 -0.047987 -0.998843
1766747476.202815 -6.116247 -7.759129 0.306272 0.006700 -0.004321 -0.048635 -0.998785
1766747476.259237 -6.085021 -7.755787 0.311560 0.011372 -0.007957 -0.044842 -0.998898
1766747476.312679 -6.060311 -7.750827 0.314516 0.012769 -0.005814 -0.046414 -0.998824
1766747476.379943 -6.030323 -7.745762 0.314345 0.016285 -0.002906 -0.047888 -0.998716
1766747476.423879 -5.997277 -7.739873 0.312631 0.017886 0.000543 -0.049179 -0.998630
1766747476.474018 -5.964385 -7.735118 0.310279 0.014441 0.002249 -0.051252 -0.998579
1766747476.529427 -5.929778 -7.731761 0.306159 0.011449 -0.002941 -0.053238 -0.998512
1766747476.583373 -5.902435 -7.730767 0.308461 0.010273 -0.002991 -0.057555 -0.998285
1766747476.644462 -5.874169 -7.730760 0.310243 0.002027 0.002108 -0.058510 -0.998283
1766747476.682640 -5.845135 -7.728103 0.309482 0.000175 0.002570 -0.056891 -0.998377
1766747476.737016 -5.812570 -7.726233 0.308061 -0.001507 0.007031 -0.056259 -0.998390
1766747476.793254 -5.777252 -7.721882 0.306443 0.004084 0.005634 -0.056719 -0.998366
1766747476.844340 -5.745144 -7.721200 0.309952 0.005622 -0.005146 -0.054129 -0.998505
1766747476.897281 -5.718617 -7.717485 0.314945 0.008190 -0.007565 -0.067340 -0.997668
1766747476.949333 -5.686256 -7.713608 0.320097 0.013699 -0.011908 -0.093687 -0.995436
1766747477.009057 -5.652589 -7.708352 0.320225 0.013096 -0.017573 -0.124086 -0.992029
1766747477.056754 -5.623940 -7.697340 0.310224 0.020763 -0.018784 -0.158137 -0.987020
1766747477.110124 -5.597090 -7.696772 0.310623 0.016810 -0.015835 -0.196132 -0.980306
1766747477.163106 -5.580559 -7.693877 0.313645 0.016216 -0.019669 -0.232961 -0.972152
1766747477.215641 -5.561203 -7.685097 0.314150 0.016953 -0.022448 -0.248709 -0.968170
1766747477.278992 -5.540490 -7.671838 0.313531 0.024852 -0.022876 -0.251913 -0.967160
1766747477.322219 -5.518589 -7.662667 0.310131 0.023252 -0.023592 -0.253522 -0.966762
1766747477.375677 -5.498838 -7.650815 0.310718 0.026545 -0.018535 -0.262875 -0.964287
1766747477.432962 -5.481589 -7.639071 0.314129 0.026118 -0.018471 -0.277321 -0.960245
1766747477.483549 -5.461517 -7.625997 0.314129 0.027937 -0.017047 -0.283120 -0.958526
1766747477.535771 -5.439135 -7.610889 0.313028 0.028229 -0.017206 -0.284915 -0.957983
1766747477.590950 -5.415493 -7.596658 0.310036 0.023124 -0.019754 -0.285965 -0.957758
1766747477.642459 -5.392927 -7.579706 0.306239 0.026692 -0.013659 -0.286958 -0.957474
1766747477.704236 -5.368796 -7.566559 0.307137 0.016048 -0.008981 -0.287970 -0.957463
1766747477.749245 -5.349890 -7.556316 0.309922 0.009360 -0.007450 -0.290160 -0.956904
1766747477.803454 -5.329610 -7.542563 0.310709 0.003765 -0.007001 -0.290228 -0.956924
1766747477.857486 -5.308193 -7.528884 0.310075 0.003179 -0.003486 -0.289861 -0.957057
1766747477.921669 -5.283698 -7.512798 0.308594 0.005656 -0.001227 -0.295082 -0.955454
1766747477.961721 -5.262994 -7.496508 0.307088 0.015615 -0.007470 -0.309238 -0.950827
1766747478.016235 -5.245723 -7.481216 0.311569 0.017409 -0.007835 -0.327751 -0.944572
1766747478.069597 -5.230545 -7.464245 0.315453 0.023828 -0.000463 -0.349923 -0.936475
1766747478.129275 -5.213379 -7.444713 0.317785 0.030831 0.007266 -0.377987 -0.925269
1766747478.177200 -5.194987 -7.422225 0.316910 0.031836 0.012453 -0.409712 -0.911574
1766747478.229886 -5.178532 -7.401873 0.315123 0.026032 0.004924 -0.443041 -0.896110
1766747478.283691 -5.163934 -7.383973 0.317084 0.022276 0.001484 -0.471816 -0.881414
1766747478.340406 -5.152036 -7.363895 0.316086 0.017893 -0.002949 -0.480960 -0.876555
1766747478.392867 -5.139610 -7.342234 0.315223 0.020601 -0.000221 -0.481726 -0.876080
1766747478.443024 -5.126208 -7.316699 0.312770 0.024715 0.000945 -0.480898 -0.876427
1766747478.495120 -5.112401 -7.293726 0.309003 0.017815 0.001343 -0.483006 -0.875435
1766747478.557084 -5.103119 -7.276490 0.312967 0.022211 0.000230 -0.491068 -0.870838
1766747478.603532 -5.092886 -7.255190 0.315774 0.025945 -0.001142 -0.506912 -0.861606
1766747478.655993 -5.082047 -7.230711 0.316610 0.030498 0.000980 -0.527065 -0.849277
1766747478.713576 -5.070410 -7.204367 0.315263 0.031146 -0.001837 -0.552417 -0.832984
1766747478.767157 -5.057684 -7.180227 0.311342 0.033783 0.001606 -0.573986 -0.818166
1766747478.839661 -5.050773 -7.154963 0.311910 0.032709 0.003139 -0.577868 -0.815469
1766747478.876237 -5.043618 -7.134936 0.312798 0.028164 0.001663 -0.579296 -0.814629
1766747478.928909 -5.038035 -7.110478 0.312537 0.030657 0.003076 -0.578286 -0.815252
1766747478.985491 -5.031437 -7.082861 0.309522 0.035664 0.007420 -0.577866 -0.815319
1766747479.046081 -5.020384 -7.054540 0.308612 0.021399 0.006917 -0.578959 -0.815047
1766747479.093921 -5.015163 -7.028698 0.312396 0.029440 0.007506 -0.578290 -0.815265
1766747479.146974 -5.006580 -7.005229 0.314476 0.028801 0.004255 -0.578102 -0.815445
1766747479.202833 -4.998055 -6.977504 0.313309 0.028029 0.001478 -0.578736 -0.815032
1766747479.255105 -4.985319 -6.943313 0.311197 0.022318 -0.003341 -0.580305 -0.814087
1766747479.311494 -4.976913 -6.910717 0.305969 0.024099 -0.001404 -0.581558 -0.813147
1766747479.365727 -4.964223 -6.885064 0.307296 0.011797 -0.003189 -0.582235 -0.812929
1766747479.423399 -4.954276 -6.859201 0.311797 0.003838 -0.004443 -0.583625 -0.812002
1766747479.478012 -4.945806 -6.832103 0.312607 0.002601 -0.003287 -0.583094 -0.812394
1766747479.528884 -4.939200 -6.806887 0.311253 0.005050 -0.001290 -0.583220 -0.812297
1766747479.583547 -4.934494 -6.780660 0.305035 0.012751 -0.008035 -0.583836 -0.811732
1766747479.636187 -4.932300 -6.768706 0.306395 0.001085 -0.014945 -0.583750 -0.811795
1766747479.688288 -4.934178 -6.760077 0.307453 0.005379 -0.012699 -0.580456 -0.814175
1766747479.752399 -4.934722 -6.756576 0.308418 0.002714 -0.014959 -0.578658 -0.815429
1766747479.796874 -4.937527 -6.754242 0.308686 0.001784 -0.016132 -0.579014 -0.815156
1766747479.856641 -4.938793 -6.754957 0.310857 0.002533 -0.017183 -0.579069 -0.815094
1766747479.903994 -4.941234 -6.757957 0.307399 0.006746 -0.019095 -0.579669 -0.814600
1766747479.963027 -4.945094 -6.763755 0.307312 0.010141 -0.020190 -0.579211 -0.814865
1766747480.016207 -4.949637 -6.771197 0.308266 0.014478 -0.020134 -0.579541 -0.814566
1766747480.068359 -4.955149 -6.781974 0.307923 0.017874 -0.018831 -0.580293 -0.813994
1766747480.125637 -4.960330 -6.793617 0.307540 0.019820 -0.017348 -0.580983 -0.813489
1766747480.174963 -4.965663 -6.803912 0.307451 0.024494 -0.018777 -0.582630 -0.812151
1766747480.233532 -4.974564 -6.820465 0.305252 0.030556 -0.019726 -0.584945 -0.810257
1766747480.282489 -4.980116 -6.839471 0.301102 0.020504 -0.020162 -0.585193 -0.810384
1766747480.335858 -4.989069 -6.855903 0.303581 0.026339 -0.014609 -0.583111 -0.811834
1766747480.396579 -4.992523 -6.874845 0.306476 0.024776 -0.022326 -0.584280 -0.810867
1766747480.454631 -4.997089 -6.894790 0.308547 0.025845 -0.027840 -0.586046 -0.809387
1766747480.498658 -5.001153 -6.914718 0.310168 0.025837 -0.033299 -0.587995 -0.807766
1766747480.552498 -5.005025 -6.931891 0.310765 0.027975 -0.035318 -0.590720 -0.805618
1766747480.606036 -5.008826 -6.951349 0.311833 0.029213 -0.037468 -0.593469 -0.803453
1766747480.667027 -5.015330 -6.974834 0.310591 0.029973 -0.037252 -0.595815 -0.801697
1766747480.713579 -5.022719 -6.997077 0.308910 0.020895 -0.028868 -0.604603 -0.795730
1766747480.777471 -5.030229 -7.013529 0.309267 0.026780 -0.029384 -0.618565 -0.784727
1766747480.822480 -5.037216 -7.032809 0.307635 0.038565 -0.028664 -0.636809 -0.769523
1766747480.877141 -5.042554 -7.058702 0.305059 0.032664 -0.027974 -0.650046 -0.758677
1766747480.928808 -5.049247 -7.076783 0.308757 0.033338 -0.020176 -0.650546 -0.758467
1766747480.984455 -5.048678 -7.094376 0.310419 0.031620 -0.026534 -0.652683 -0.756506
1766747481.040165 -5.050549 -7.113540 0.310496 0.030840 -0.034579 -0.652715 -0.756186
1766747481.089375 -5.053834 -7.134654 0.312505 0.040454 -0.026409 -0.639954 -0.766893
1766747481.153766 -5.057202 -7.156854 0.312203 0.038703 -0.017494 -0.618781 -0.784415
1766747481.199390 -5.065335 -7.175025 0.315463 0.036351 -0.017160 -0.594823 -0.802851
1766747481.250657 -5.074013 -7.192351 0.317004 0.032587 -0.020080 -0.582003 -0.812285
1766747481.306320 -5.082788 -7.214330 0.314116 0.028027 -0.025000 -0.580177 -0.813624
1766747481.366279 -5.091693 -7.234151 0.314808 0.032031 -0.019582 -0.580195 -0.813612
1766747481.411696 -5.096189 -7.250144 0.315206 0.027013 -0.025268 -0.574419 -0.817725
1766747481.462245 -5.106952 -7.271274 0.314739 0.026778 -0.028620 -0.560479 -0.827241
1766747481.515636 -5.116948 -7.293635 0.312022 0.028155 -0.027799 -0.543373 -0.838559
1766747481.586530 -5.128031 -7.315148 0.308102 0.028058 -0.019062 -0.539276 -0.841446
1766747481.623984 -5.137389 -7.334628 0.310509 0.022693 -0.018800 -0.541913 -0.839918
1766747481.675550 -5.147595 -7.349062 0.311818 0.025308 -0.019762 -0.540571 -0.840685
1766747481.731061 -5.159098 -7.364974 0.312735 0.031222 -0.017832 -0.533804 -0.844844
1766747481.783335 -5.172225 -7.383522 0.312556 0.031739 -0.017433 -0.519896 -0.853462
1766747481.836367 -5.185543 -7.403588 0.310691 0.017802 -0.018939 -0.498943 -0.866245
1766747481.886863 -5.203517 -7.415828 0.310538 0.025325 -0.013679 -0.475324 -0.879340
1766747481.939737 -5.212159 -7.431029 0.311957 0.019690 -0.016983 -0.450466 -0.892415
1766747481.994602 -5.222324 -7.443754 0.312791 0.019979 -0.021214 -0.429853 -0.902429
1766747482.043586 -5.235669 -7.459950 0.313881 0.017916 -0.026508 -0.424771 -0.904736
1766747482.095164 -5.247921 -7.475941 0.313946 0.019006 -0.029990 -0.426641 -0.903724
1766747482.148165 -5.260798 -7.492998 0.311640 0.013922 -0.036766 -0.424219 -0.904706
1766747482.206102 -5.278698 -7.510281 0.308467 0.025285 -0.018038 -0.413351 -0.910042
1766747482.255519 -5.294352 -7.525544 0.311878 0.022025 -0.022551 -0.398281 -0.916722
1766747482.309377 -5.310625 -7.537155 0.314316 0.025243 -0.025216 -0.377850 -0.925179
1766747482.362285 -5.329015 -7.550010 0.314585 0.027546 -0.027700 -0.351272 -0.935458
1766747482.415663 -5.349086 -7.564783 0.312901 0.020126 -0.031045 -0.320125 -0.946653
1766747482.468519 -5.374987 -7.570840 0.313192 0.023631 -0.023312 -0.287336 -0.957255
1766747482.521660 -5.387529 -7.581588 0.318126 0.016681 -0.032669 -0.254546 -0.966365
1766747482.576221 -5.406094 -7.586480 0.320414 0.017191 -0.038603 -0.216271 -0.975419
1766747482.628180 -5.424389 -7.592956 0.319152 0.017352 -0.041064 -0.177255 -0.983155
1766747482.682120 -5.443583 -7.600255 0.313213 0.015127 -0.040505 -0.135051 -0.989895
1766747482.735372 -5.463398 -7.604640 0.310766 0.022119 -0.028985 -0.095854 -0.994727
1766747482.789237 -5.481039 -7.605153 0.317219 0.026316 -0.030228 -0.057371 -0.997548
1766747482.843321 -5.499391 -7.603373 0.319274 0.028756 -0.031273 -0.014252 -0.998996
1766747482.894962 -5.519650 -7.602082 0.319256 0.019618 -0.032963 0.008650 -0.999227
1766747482.945539 -5.538550 -7.600309 0.316108 0.018752 -0.026777 0.010027 -0.999415
1766747483.001561 -5.556318 -7.603500 0.317104 0.016418 -0.033124 0.006633 -0.999295
1766747483.049232 -5.575318 -7.607201 0.315514 0.003897 -0.042840 0.007464 -0.999047
1766747483.103325 -5.600469 -7.605905 0.313877 0.009131 -0.039291 0.007007 -0.999162
1766747483.156348 -5.622634 -7.608675 0.311273 -0.001001 -0.027839 0.004714 -0.999601
1766747483.208508 -5.642648 -7.606689 0.313273 -0.001318 -0.030911 0.000657 -0.999521
1766747483.265904 -5.667032 -7.604830 0.313242 0.004715 -0.034545 -0.001717 -0.999391
1766747483.325132 -5.694266 -7.603431 0.308924 0.009385 -0.038645 -0.002545 -0.999206
1766747483.375287 -5.719814 -7.599861 0.307380 0.008827 -0.028518 0.001132 -0.999554
1766747483.426764 -5.741836 -7.602629 0.311806 0.005682 -0.029360 0.000311 -0.999553
1766747483.476128 -5.766841 -7.605340 0.314325 0.000035 -0.033335 -0.000663 -0.999444
1766747483.537144 -5.794329 -7.609428 0.314478 -0.005363 -0.040933 -0.000319 -0.999148
1766747483.583110 -5.823180 -7.611517 0.314494 0.003855 -0.036280 -0.003363 -0.999329
1766747483.637826 -5.849501 -7.615546 0.313175 -0.003428 -0.027417 -0.021199 -0.999394
1766747483.689134 -5.867416 -7.617094 0.313091 0.005867 -0.028822 -0.046764 -0.998473
1766747483.749945 -5.890811 -7.621606 0.309933 0.014812 -0.031185 -0.079756 -0.996217
1766747483.800974 -5.914267 -7.624880 0.303868 0.024686 -0.032066 -0.117793 -0.992213
1766747483.847546 -5.932128 -7.626289 0.306333 0.022144 -0.034788 -0.139095 -0.989420
1766747483.902384 -5.949613 -7.632186 0.310010 0.017728 -0.033908 -0.148176 -0.988221
1766747483.964768 -5.967931 -7.640666 0.311450 0.013097 -0.037022 -0.149259 -0.988018
1766747484.012542 -5.985947 -7.647678 0.311700 0.007845 -0.037859 -0.149291 -0.988037
1766747484.062360 -6.002314 -7.654296 0.312368 0.004869 -0.037755 -0.151264 -0.987760
1766747484.115618 -6.017715 -7.662457 0.312755 0.002448 -0.040701 -0.153657 -0.987283
1766747484.178359 -6.043365 -7.670630 0.310293 0.001262 -0.041668 -0.154302 -0.987144
1766747484.223484 -6.066649 -7.674141 0.309307 0.006785 -0.026301 -0.141331 -0.989590
1766747484.282543 -6.089221 -7.677125 0.314072 0.016797 -0.030378 -0.118701 -0.992323
1766747484.328958 -6.111746 -7.680264 0.316993 0.024654 -0.031876 -0.089564 -0.995166
1766747484.387556 -6.135815 -7.682481 0.315485 0.019611 -0.033048 -0.054749 -0.997761
1766747484.438283 -6.162299 -7.676669 0.312084 0.010313 -0.024205 -0.018101 -0.999490
1766747484.493207 -6.179811 -7.680333 0.316464 0.004739 -0.033426 0.021068 -0.999208
1766747484.550997 -6.197234 -7.675809 0.320764 0.006507 -0.039292 0.058668 -0.997483
1766747484.602099 -6.217913 -7.672879 0.320364 0.005061 -0.042942 0.102206 -0.993823
1766747484.664421 -6.237124 -7.670143 0.315741 0.001656 -0.043082 0.143286 -0.988742
1766747484.709339 -6.254184 -7.664721 0.310099 0.019957 -0.029989 0.184577 -0.982158
1766747484.761537 -6.269118 -7.657877 0.316331 0.010713 -0.035181 0.220577 -0.974676
1766747484.820477 -6.283378 -7.646737 0.319479 0.011188 -0.034032 0.261390 -0.964568
1766747484.872826 -6.296242 -7.634514 0.320360 0.009708 -0.033724 0.305017 -0.951700
1766747484.926235 -6.307324 -7.617043 0.318539 0.006316 -0.027657 0.348996 -0.936695
1766747484.978644 -6.316573 -7.600370 0.318473 0.013993 -0.029621 0.388155 -0.921012
1766747485.027668 -6.324205 -7.590302 0.322375 0.006907 -0.024992 0.432147 -0.901430
1766747485.086295 -6.327003 -7.576040 0.321058 0.012864 -0.021095 0.480474 -0.876661
1766747485.135180 -6.329840 -7.570038 0.315534 0.019276 -0.014257 0.527587 -0.849163
1766747485.188972 -6.332981 -7.562871 0.317831 0.016978 -0.020067 0.570234 -0.821062
1766747485.239935 -6.333428 -7.560857 0.319728 0.015502 -0.017132 0.614155 -0.788848
1766747485.296972 -6.334605 -7.563612 0.318328 0.013113 -0.015464 0.651008 -0.758800
1766747485.349136 -6.334013 -7.563423 0.316646 0.020082 -0.031801 0.684660 -0.727891
1766747485.402531 -6.340645 -7.572754 0.315774 0.008020 -0.052630 0.696306 -0.715768
1766747485.458349 -6.343163 -7.584053 0.310839 -0.006639 -0.054112 0.700095 -0.711965
1766747485.512654 -6.339861 -7.596961 0.305902 -0.004728 -0.045448 0.700307 -0.712378
1766747485.586499 -6.337192 -7.614658 0.303151 -0.015961 -0.035147 0.699429 -0.713659
1766747485.628836 -6.333843 -7.630484 0.303073 -0.020937 -0.031511 0.702602 -0.710576
1766747485.680903 -6.328484 -7.649884 0.302837 -0.011594 -0.045867 0.710774 -0.701828
1766747485.730814 -6.330384 -7.669702 0.304737 -0.008857 -0.043279 0.722728 -0.689719
1766747485.789519 -6.328132 -7.687220 0.303170 0.001352 -0.039924 0.738775 -0.672768
1766747485.840161 -6.328457 -7.705188 0.307336 0.002069 -0.041533 0.757860 -0.651091
1766747485.893124 -6.333060 -7.725348 0.308585 0.003868 -0.032522 0.777023 -0.628619
1766747485.948719 -6.341866 -7.749162 0.308759 -0.000739 -0.021261 0.797686 -0.602698
1766747486.002374 -6.350929 -7.772574 0.306110 0.009183 -0.014767 0.819433 -0.572911
1766747486.055206 -6.355082 -7.787162 0.304868 0.000917 -0.001720 0.836424 -0.548079
1766747486.111576 -6.366369 -7.804653 0.309209 -0.005060 0.012196 0.843691 -0.536667
1766747486.162359 -6.378006 -7.827414 0.308623 -0.002702 0.009011 0.844574 -0.535357
1766747486.223460 -6.386750 -7.846532 0.308513 -0.004011 0.004749 0.844841 -0.534981
1766747486.280647 -6.397497 -7.872527 0.305157 -0.008639 -0.001266 0.844370 -0.535690
1766747486.334442 -6.403710 -7.894969 0.305067 -0.008209 -0.006808 0.844153 -0.535997
1766747486.381044 -6.412641 -7.923262 0.303810 -0.003578 -0.013781 0.843254 -0.537326
1766747486.436715 -6.421780 -7.949324 0.302334 0.003930 -0.011284 0.842424 -0.538683
1766747486.503343 -6.429602 -7.974537 0.307268 0.004961 -0.011872 0.841282 -0.540444
1766747486.541182 -6.439053 -7.997367 0.308938 0.007573 -0.011659 0.839696 -0.542878
1766747486.594993 -6.449948 -8.025064 0.307432 0.012658 -0.011195 0.838815 -0.544154
1766747486.647541 -6.462674 -8.056010 0.305734 0.014076 -0.009452 0.837840 -0.545652
1766747486.701601 -6.477372 -8.087174 0.303769 0.009110 -0.008126 0.836663 -0.547582
1766747486.754334 -6.489984 -8.111953 0.303397 0.008918 -0.006686 0.834612 -0.550725
1766747486.811724 -6.503893 -8.138084 0.306063 0.010770 0.001354 0.834059 -0.551569
1766747486.865436 -6.515622 -8.164195 0.306073 0.010725 0.004741 0.834911 -0.550261
1766747486.922070 -6.528646 -8.192916 0.305990 0.014840 0.005232 0.835320 -0.549538
1766747486.970705 -6.543179 -8.226045 0.306109 0.016300 0.003487 0.834942 -0.550085
1766747487.026048 -6.555068 -8.256079 0.305928 0.013562 -0.006821 0.835932 -0.548624
1766747487.078612 -6.563942 -8.283166 0.311184 0.011192 -0.005911 0.835857 -0.548802
1766747487.132634 -6.575405 -8.312876 0.313211 0.011142 -0.007181 0.834894 -0.550251
1766747487.194141 -6.586530 -8.345008 0.312455 0.013828 -0.007031 0.833919 -0.551669
1766747487.238656 -6.600523 -8.379746 0.310759 0.011764 -0.003352 0.832716 -0.553565
1766747487.291678 -6.614381 -8.414668 0.308227 0.004316 -0.004394 0.831648 -0.555270
1766747487.347606 -6.630672 -8.444011 0.306571 0.003756 -0.001218 0.829916 -0.557875
1766747487.403254 -6.643496 -8.470377 0.310594 0.005253 0.004886 0.828872 -0.559393
1766747487.455702 -6.655519 -8.499438 0.311304 0.006413 0.005203 0.829788 -0.558018
1766747487.507333 -6.669965 -8.533461 0.310464 0.010550 0.003746 0.830168 -0.557401
1766747487.561217 -6.685239 -8.568923 0.308845 0.009505 -0.001239 0.829715 -0.558105
1766747487.619891 -6.694283 -8.597674 0.308645 0.006944 -0.007952 0.830979 -0.556204
1766747487.665133 -6.702783 -8.624568 0.312219 0.007092 -0.006631 0.830553 -0.556854
1766747487.718081 -6.715403 -8.656988 0.313491 0.007618 -0.007129 0.829478 -0.558442
1766747487.784287 -6.731325 -8.699927 0.311622 0.008746 -0.005434 0.828148 -0.560415
1766747487.838370 -6.746807 -8.736160 0.309226 0.000427 -0.004645 0.826815 -0.562455
1766747487.895511 -6.763429 -8.770077 0.306280 0.005031 -0.008101 0.825984 -0.563613
1766747487.947906 -6.774417 -8.794954 0.311017 0.005660 -0.000392 0.825084 -0.564982
1766747487.995600 -6.784170 -8.822497 0.312642 0.004108 0.002314 0.825645 -0.564171
1766747488.053122 -6.793674 -8.851156 0.313104 0.008453 -0.002649 0.819236 -0.573389
1766747488.107399 -6.803779 -8.882714 0.312788 0.009801 -0.016474 0.802662 -0.596126
1766747488.154460 -6.809387 -8.911152 0.308061 0.012168 -0.018794 0.782418 -0.622352
1766747488.208369 -6.812662 -8.930616 0.314388 0.016519 -0.021890 0.761706 -0.647342
1766747488.258970 -6.814801 -8.955258 0.317631 0.024189 -0.027524 0.740150 -0.671443
1766747488.326956 -6.815608 -8.982529 0.317015 0.027327 -0.025069 0.728365 -0.684185
1766747488.366537 -6.814876 -9.009371 0.314256 0.026603 -0.016401 0.727930 -0.684939
1766747488.414926 -6.811606 -9.033013 0.313850 0.019007 -0.014386 0.726975 -0.686250
1766747488.467772 -6.813426 -9.057221 0.316209 0.017132 -0.012552 0.725811 -0.687566
1766747488.525970 -6.814662 -9.081855 0.317513 0.016387 -0.011591 0.725529 -0.687899
1766747488.571522 -6.815584 -9.109497 0.317038 0.019880 -0.009808 0.725865 -0.687480
1766747488.625021 -6.817368 -9.141913 0.314095 0.021470 -0.009880 0.725566 -0.687746
1766747488.678568 -6.818759 -9.173807 0.311755 0.019073 -0.012332 0.725838 -0.687491
1766747488.735739 -6.818104 -9.199198 0.316102 0.013890 -0.010044 0.725906 -0.687580
1766747488.785701 -6.820135 -9.227042 0.316736 0.009940 -0.010197 0.725242 -0.688347
1766747488.839959 -6.821127 -9.258477 0.315139 0.008826 -0.009276 0.724669 -0.688979
1766747488.892320 -6.824056 -9.292943 0.312484 0.005328 -0.008701 0.723672 -0.690068
1766747488.951877 -6.824102 -9.325125 0.309527 0.007222 -0.014292 0.722775 -0.690898
1766747488.999552 -6.827669 -9.357078 0.308739 0.005864 -0.006813 0.722122 -0.691707
1766747489.050190 -6.828829 -9.385382 0.312288 0.003734 -0.002049 0.721496 -0.692406
1766747489.108950 -6.828173 -9.414434 0.312361 0.003181 -0.002811 0.721728 -0.692164
1766747489.162776 -6.827807 -9.446726 0.311421 0.007952 -0.007987 0.721056 -0.692785
1766747489.209099 -6.829940 -9.481471 0.310250 0.006201 -0.005874 0.719670 -0.694264
1766747489.262081 -6.828500 -9.511659 0.313307 0.013588 -0.013367 0.720773 -0.692909
1766747489.314857 -6.828862 -9.538615 0.316581 0.011315 -0.012597 0.720534 -0.693213
1766747489.377147 -6.829215 -9.572739 0.315872 0.011143 -0.015587 0.719482 -0.694246
1766747489.422995 -6.829325 -9.607896 0.313742 0.010627 -0.015662 0.718300 -0.695476
1766747489.477762 -6.831284 -9.648429 0.311076 0.003670 -0.012578 0.716728 -0.697229
1766747489.530635 -6.830125 -9.679298 0.306068 0.011807 -0.017760 0.715227 -0.698567
1766747489.582699 -6.836025 -9.703882 0.310140 0.005275 -0.009102 0.706810 -0.707325
1766747489.639854 -6.835220 -9.730943 0.311718 0.003346 -0.007869 0.693735 -0.720180
1766747489.691416 -6.833309 -9.757282 0.310381 0.005796 -0.009966 0.676611 -0.736250
1766747489.752749 -6.829422 -9.782761 0.307890 0.009080 -0.014321 0.656086 -0.754496
1766747489.798031 -6.823465 -9.807004 0.304975 0.008809 -0.015958 0.631531 -0.775136
1766747489.865648 -6.812814 -9.831106 0.306156 0.014627 -0.017472 0.606493 -0.794762
1766747489.908926 -6.805861 -9.848632 0.310427 0.020066 -0.015679 0.578966 -0.814954
1766747489.961263 -6.795321 -9.868493 0.314428 0.021434 -0.021137 0.543688 -0.838747
1766747490.013995 -6.781806 -9.887851 0.315251 0.030677 -0.024157 0.508344 -0.860268
1766747490.076720 -6.769711 -9.912726 0.312713 0.017197 -0.020099 0.469186 -0.882703
1766747490.122859 -6.757795 -9.932913 0.315811 0.018638 -0.020763 0.430922 -0.901958
1766747490.174581 -6.747099 -9.947594 0.315731 0.018231 -0.016623 0.392828 -0.919281
1766747490.226968 -6.731445 -9.963598 0.312653 0.015104 -0.006868 0.349258 -0.936880
1766747490.288130 -6.711287 -9.976282 0.311292 0.015070 -0.014485 0.309871 -0.950549
1766747490.333899 -6.694885 -9.985304 0.311925 0.007291 -0.022778 0.271805 -0.962055
1766747490.387116 -6.675446 -9.990630 0.313345 0.002543 -0.018838 0.229345 -0.973160
1766747490.438461 -6.652107 -9.995819 0.308775 0.006775 -0.013332 0.191988 -0.981283
1766747490.498944 -6.635868 -10.002898 0.309463 0.011358 -0.012527 0.179734 -0.983570
1766747490.546863 -6.618675 -10.003897 0.312112 0.012596 -0.011439 0.175758 -0.984287
1766747490.596585 -6.595410 -10.007259 0.309948 0.022990 -0.001503 0.172816 -0.984685
1766747490.650513 -6.568048 -10.017037 0.307998 0.007996 0.002765 0.168148 -0.985726
1766747490.705356 -6.546664 -10.023753 0.309330 0.006805 -0.003435 0.164481 -0.986351
1766747490.756844 -6.526840 -10.033547 0.313434 -0.000678 0.003871 0.162345 -0.986726
1766747490.808951 -6.503403 -10.043761 0.313557 -0.007613 0.010170 0.162769 -0.986583
1766747490.863847 -6.478412 -10.056615 0.311852 -0.014811 0.017790 0.163411 -0.986287
1766747490.929979 -6.448983 -10.066607 0.312366 -0.008080 0.011069 0.186371 -0.982384
1766747490.972402 -6.420673 -10.072671 0.312814 0.008347 -0.005725 0.218676 -0.975745
1766747491.025004 -6.399401 -10.081382 0.314948 0.006235 -0.007486 0.247809 -0.968760
1766747491.079038 -6.381928 -10.088524 0.317359 0.013054 -0.014419 0.278632 -0.960201
1766747491.133808 -6.364779 -10.101151 0.316033 0.013401 -0.014164 0.318030 -0.947880
1766747491.186764 -6.347091 -10.116169 0.313287 0.009682 -0.010728 0.351397 -0.936115
1766747491.238237 -6.328784 -10.133170 0.310121 0.004867 -0.013477 0.369334 -0.929186
1766747491.290785 -6.310771 -10.151238 0.304865 -0.001166 -0.020312 0.370779 -0.928499
1766747491.343781 -6.291986 -10.167898 0.300716 0.009703 -0.016790 0.369313 -0.929103
1766747491.400008 -6.275599 -10.185359 0.303288 -0.001819 -0.013344 0.366695 -0.930244
1766747491.451839 -6.259227 -10.202886 0.305521 -0.012341 -0.005049 0.367705 -0.929847
1766747491.504722 -6.239900 -10.223356 0.307260 -0.011244 0.003408 0.369095 -0.929318
1766747491.557485 -6.215750 -10.250476 0.308344 -0.007887 0.015672 0.369101 -0.929224
1766747491.618968 -6.182896 -10.277566 0.310274 0.011948 -0.004843 0.373693 -0.927463
1766747491.663752 -6.158735 -10.303071 0.312064 0.000713 -0.008634 0.376993 -0.926176
1766747491.717229 -6.125515 -10.331717 0.314436 0.012190 -0.008717 0.376369 -0.926349
1766747491.771835 -6.091566 -10.359813 0.315708 0.019471 -0.005753 0.365714 -0.930506
1766747491.838201 -6.047107 -10.397265 0.310502 0.008018 -0.013170 0.330449 -0.943698
1766747491.877256 -6.024299 -10.415972 0.313363 0.020734 -0.024735 0.285596 -0.957807
1766747491.931309 -5.998471 -10.433665 0.315658 0.027252 -0.029118 0.240450 -0.969842
1766747491.985566 -5.954823 -10.440320 0.314981 0.043362 -0.039942 0.191001 -0.979818
1766747492.045189 -5.928744 -10.449963 0.313649 0.031986 -0.020593 0.174434 -0.983934
1766747492.091287 -5.898889 -10.460913 0.313435 0.023557 -0.005589 0.168879 -0.985339
1766747492.147337 -5.871034 -10.466478 0.317532 0.023183 -0.011730 0.170704 -0.984980
1766747492.198794 -5.841674 -10.475196 0.318385 0.028247 -0.011210 0.171029 -0.984797
1766747492.253073 -5.805528 -10.484092 0.317845 0.034072 -0.002499 0.171095 -0.984662
1766747492.304281 -5.765018 -10.497472 0.313238 0.012951 -0.007149 0.166832 -0.985874
1766747492.354072 -5.730988 -10.504413 0.315035 0.009147 -0.014262 0.166292 -0.985931
1766747492.407074 -5.690154 -10.515660 0.319247 0.012864 -0.015098 0.192485 -0.981099
1766747492.463659 -5.650153 -10.529788 0.305360 0.014331 -0.022034 0.229237 -0.973016
1766747492.522759 -5.622072 -10.545601 0.304516 -0.033925 -0.004129 0.245594 -0.968770
1766747492.568522 -5.587132 -10.555611 0.310847 -0.023657 -0.021446 0.258445 -0.965498
1766747492.620615 -5.552981 -10.575165 0.313372 -0.025994 -0.025907 0.259952 -0.964924
1766747492.676339 -5.514594 -10.590508 0.310523 -0.010457 -0.019007 0.258795 -0.965689
1766747492.739789 -5.493713 -10.609644 0.309659 -0.024438 -0.013451 0.255319 -0.966454
1766747492.777916 -5.459932 -10.628006 0.313675 -0.024757 -0.010827 0.255422 -0.966452
1766747492.835737 -5.421268 -10.651669 0.314970 -0.014238 -0.002058 0.255444 -0.966717
1766747492.883980 -5.378520 -10.676500 0.311022 -0.001057 -0.011669 0.255252 -0.966804
1766747492.937757 -5.341728 -10.700715 0.311068 -0.001244 -0.021122 0.258530 -0.965772
1766747492.997300 -5.299809 -10.724032 0.313330 0.008046 -0.013620 0.257622 -0.966116
1766747493.043557 -5.249761 -10.750713 0.313475 0.012173 -0.001099 0.254768 -0.966925
1766747493.097544 -5.191858 -10.782759 0.307830 0.002455 -0.002641 0.251946 -0.967735
1766747493.153180 -5.157050 -10.800754 0.310311 -0.008767 -0.011446 0.248120 -0.968622
1766747493.202677 -5.109899 -10.827728 0.313127 -0.008546 -0.005929 0.248638 -0.968541
1766747493.254672 -5.055546 -10.860383 0.314946 0.003552 0.002075 0.249333 -0.968409
1766747493.311178 -5.016530 -10.881715 0.308735 0.007169 -0.015514 0.250381 -0.967997
1766747493.364894 -4.960291 -10.917224 0.311446 0.007189 -0.015938 0.253140 -0.967272
1766747493.419853 -4.906085 -10.945943 0.313537 0.012807 -0.005027 0.250630 -0.967985
1766747493.471559 -4.842762 -10.977857 0.306833 0.012912 0.000792 0.248174 -0.968629
1766747493.526581 -4.806273 -11.004104 0.309351 0.001379 -0.015282 0.240769 -0.970461
1766747493.579929 -4.767853 -11.027184 0.312082 0.012791 -0.025133 0.210461 -0.977195
1766747493.632060 -4.739152 -11.030579 0.293729 0.030511 -0.026085 0.192163 -0.980542
1766747493.684843 -4.677518 -11.051131 0.305662 0.025963 -0.023121 0.185162 -0.982093
1766747493.736940 -4.639674 -11.063547 0.308311 0.021287 -0.017853 0.183705 -0.982589
1766747493.798920 -4.598676 -11.080975 0.315180 0.020976 -0.022688 0.181895 -0.982832
1766747493.847193 -4.552960 -11.100716 0.315420 0.018019 -0.017891 0.178990 -0.983523
1766747493.900662 -4.500746 -11.118886 0.313808 0.015024 -0.017670 0.178872 -0.983599
1766747493.947023 -4.468427 -11.136949 0.309827 0.006451 -0.016436 0.175001 -0.984410
1766747494.013996 -4.423990 -11.155574 0.313526 0.000401 -0.005376 0.175483 -0.984468
1766747494.057789 -4.374054 -11.177331 0.315318 0.004731 0.007707 0.177011 -0.984168
1766747494.107774 -4.318438 -11.198998 0.306152 0.010058 0.006508 0.177176 -0.984106
1766747494.161443 -4.272925 -11.220032 0.308775 0.003117 -0.017787 0.178871 -0.983707
1766747494.218877 -4.218794 -11.240010 0.312105 0.005901 -0.010323 0.178179 -0.983926
1766747494.270350 -4.159575 -11.261838 0.314017 0.008180 0.000152 0.175678 -0.984414
1766747494.321068 -4.106393 -11.279864 0.309712 0.007838 -0.005926 0.174387 -0.984628
1766747494.374819 -4.085319 -11.292146 0.312498 -0.001689 -0.006500 0.169692 -0.985474
1766747494.436737 -4.030699 -11.312981 0.316776 0.001648 0.000250 0.170663 -0.985328
1766747494.482545 -3.969216 -11.339282 0.305591 0.009066 0.008162 0.170681 -0.985251
1766747494.535104 -3.985805 -11.327127 0.307866 0.004921 -0.014185 0.172770 -0.984848
1766747494.587759 -3.931003 -11.349895 0.312101 0.006273 -0.011457 0.172707 -0.984887
1766747494.643522 -3.870528 -11.369809 0.314365 0.011316 0.000182 0.169761 -0.985420
1766747494.699795 -3.803912 -11.394685 0.309318 0.003843 -0.006489 0.167763 -0.985799
1766747494.753191 -3.744766 -11.411188 0.312808 -0.003541 -0.011019 0.164031 -0.986387
1766747494.815411 -3.684051 -11.424843 0.311718 0.003936 -0.013064 0.166158 -0.986005
1766747494.861003 -3.636399 -11.441987 0.298141 0.001228 -0.018446 0.165518 -0.986034
1766747494.923535 -3.595919 -11.452776 0.301816 -0.014845 0.002332 0.163251 -0.986470
1766747494.972666 -3.553114 -11.465868 0.314127 -0.005625 -0.003047 0.163769 -0.986478
1766747495.018722 -3.515416 -11.481411 0.315946 -0.003784 -0.006331 0.160796 -0.986960
1766747495.082155 -3.482440 -11.497494 0.310605 -0.004967 -0.016878 0.159377 -0.987061
1766747495.137223 -3.458762 -11.509516 0.304884 0.008930 -0.018721 0.156339 -0.987486
1766747495.178311 -3.442292 -11.517981 0.307410 0.017213 -0.020024 0.151849 -0.988051
1766747495.231255 -3.432656 -11.523439 0.306854 0.025202 -0.018927 0.144563 -0.988994
1766747495.284615 -3.428557 -11.525632 0.310513 0.022135 -0.018791 0.134680 -0.990464
1766747495.344033 -3.429463 -11.525643 0.310449 0.020957 -0.017392 0.119859 -0.992417
1766747495.390920 -3.431612 -11.526411 0.310112 0.021941 -0.015518 0.099563 -0.994668
1766747495.448621 -3.434593 -11.526893 0.310319 0.022648 -0.013382 0.071120 -0.997121
1766747495.499596 -3.435105 -11.527199 0.312058 0.022449 -0.012371 0.039026 -0.998909
1766747495.556619 -3.433833 -11.525586 0.313396 0.023024 -0.013447 0.001997 -0.999642
1766747495.612056 -3.431908 -11.524397 0.313652 0.025105 -0.015762 -0.039237 -0.998790
1766747495.660210 -3.429709 -11.524596 0.313006 0.025902 -0.017136 -0.082679 -0.996092
1766747495.710888 -3.427980 -11.524755 0.312320 0.022649 -0.016052 -0.125818 -0.991665
1766747495.768195 -3.425375 -11.528291 0.311444 0.015585 -0.013267 -0.170760 -0.985100
1766747495.818081 -3.427570 -11.529235 0.312536 0.003217 -0.011069 -0.221046 -0.975195
1766747495.870017 -3.430594 -11.524484 0.310266 -0.001669 -0.008701 -0.273339 -0.961877
1766747495.921705 -3.431974 -11.524967 0.305816 -0.007010 -0.002947 -0.324811 -0.945749
1766747495.985049 -3.434976 -11.528954 0.307591 -0.007495 -0.008116 -0.378351 -0.925596
1766747496.028074 -3.436116 -11.526021 0.308371 0.001718 -0.005875 -0.432429 -0.901647
1766747496.080391 -3.438045 -11.525576 0.306912 0.013385 0.001099 -0.487533 -0.873001
1766747496.134077 -3.440354 -11.525380 0.308211 0.023748 0.000754 -0.536033 -0.843863
1766747496.191889 -3.451877 -11.517218 0.309449 0.050165 0.004497 -0.585089 -0.809404
1766747496.258111 -3.450739 -11.513017 0.308748 0.056884 -0.003320 -0.630061 -0.774453
1766747496.295882 -3.458076 -11.510988 0.305859 0.062221 -0.011636 -0.672499 -0.737386
1766747496.349520 -3.461221 -11.503839 0.303952 0.049186 -0.018400 -0.709696 -0.702548
1766747496.403162 -3.462282 -11.498821 0.303799 0.041210 -0.018220 -0.745814 -0.664629
1766747496.467427 -3.460311 -11.494056 0.307647 0.037014 -0.017296 -0.784478 -0.618810
1766747496.509532 -3.460153 -11.487388 0.308661 0.031171 -0.021504 -0.819550 -0.571755
1766747496.569327 -3.454613 -11.484307 0.310291 0.019369 -0.014431 -0.853855 -0.519950
1766747496.626696 -3.451051 -11.484332 0.312151 0.005729 -0.020279 -0.883961 -0.467085
1766747496.680384 -3.450071 -11.484601 0.312936 0.010729 -0.018067 -0.910038 -0.413991
1766747496.724614 -3.453876 -11.484550 0.310180 0.015181 -0.019592 -0.932259 -0.360941
1766747496.777950 -3.465662 -11.486513 0.306802 0.018920 -0.010634 -0.946746 -0.321248
1766747496.830034 -3.470121 -11.483874 0.307301 0.015634 0.001708 -0.949775 -0.312540
1766747496.899449 -3.473758 -11.480133 0.308938 0.010719 0.005160 -0.949326 -0.314068
1766747496.937639 -3.481812 -11.474458 0.311396 0.010373 0.007953 -0.950062 -0.311789
1766747496.990924 -3.490706 -11.467916 0.312026 0.014013 0.008770 -0.950459 -0.310409
1766747497.046619 -3.504286 -11.459684 0.311519 0.017128 0.010274 -0.950832 -0.309063
1766747497.105337 -3.520293 -11.449812 0.310857 0.018476 0.009799 -0.951349 -0.307405
1766747497.160615 -3.537825 -11.438739 0.309350 0.019310 0.007796 -0.951936 -0.305589
1766747497.206326 -3.555931 -11.427677 0.306972 0.020627 0.010804 -0.953413 -0.300768
1766747497.257926 -3.575043 -11.416474 0.303300 0.015015 0.016164 -0.956868 -0.289683
1766747497.314714 -3.591374 -11.403662 0.302952 0.013912 0.005949 -0.963154 -0.268523
1766747497.364892 -3.607496 -11.394163 0.302461 0.014502 0.000074 -0.969327 -0.245348
1766747497.415784 -3.623169 -11.387994 0.302670 0.011449 -0.006595 -0.976005 -0.217347
1766747497.474923 -3.643818 -11.382815 0.303522 0.008441 -0.000874 -0.982954 -0.183658
1766747497.531368 -3.667228 -11.376555 0.303905 0.006070 0.004238 -0.986463 -0.163815
1766747497.579799 -3.689271 -11.369730 0.301815 0.001652 0.001729 -0.987013 -0.160626
1766747497.634362 -3.709685 -11.364217 0.302311 -0.002775 0.008568 -0.986473 -0.163676
1766747497.687853 -3.731817 -11.358627 0.306606 0.000736 0.007629 -0.986664 -0.162590
1766747497.740927 -3.751703 -11.354184 0.308397 0.000633 0.012656 -0.986940 -0.160592
1766747497.803414 -3.777765 -11.348007 0.308369 0.000899 0.017265 -0.987222 -0.158412
1766747497.845711 -3.805408 -11.340378 0.308251 -0.001889 0.016426 -0.987564 -0.156346
1766747497.899231 -3.833095 -11.331488 0.307970 -0.004270 0.015521 -0.987855 -0.154541
1766747497.957896 -3.864028 -11.323521 0.305153 0.000618 0.016352 -0.988026 -0.153420
1766747498.014404 -3.888659 -11.312547 0.305698 0.000160 0.012882 -0.988428 -0.151140
1766747498.062340 -3.912978 -11.302877 0.307894 -0.005537 0.005995 -0.988431 -0.151451
1766747498.113059 -3.940269 -11.294891 0.307652 -0.007805 0.001281 -0.988316 -0.152214
1766747498.166927 -3.968202 -11.285903 0.307029 -0.011817 0.001551 -0.988141 -0.153086
1766747498.225573 -4.001501 -11.275162 0.306686 -0.012635 0.002123 -0.988297 -0.152004
1766747498.275509 -4.031883 -11.265697 0.308917 0.001272 0.010996 -0.988055 -0.153703
1766747498.329981 -4.061367 -11.260039 0.314293 0.001680 0.009505 -0.988067 -0.153720
1766747498.384252 -4.092192 -11.252749 0.315818 0.000441 0.012381 -0.988266 -0.152243
1766747498.447896 -4.124238 -11.246240 0.314348 -0.003095 0.015226 -0.988444 -0.150790
1766747498.497321 -4.159696 -11.237771 0.311736 -0.004663 0.013013 -0.988767 -0.148825
1766747498.545576 -4.196019 -11.226057 0.308188 0.000206 0.007491 -0.989170 -0.146584
1766747498.595658 -4.223907 -11.216133 0.306555 0.004622 0.008083 -0.989696 -0.142885
1766747498.649268 -4.250403 -11.205541 0.308984 -0.002313 0.002828 -0.989995 -0.141054
1766747498.709778 -4.279102 -11.196679 0.309318 -0.003746 -0.000355 -0.989772 -0.142613
1766747498.758129 -4.309461 -11.187216 0.308582 -0.007082 0.001145 -0.989624 -0.143502
1766747498.808404 -4.344260 -11.176738 0.307514 -0.006885 0.003522 -0.989768 -0.142476
1766747498.864708 -4.374448 -11.167048 0.308020 0.004710 0.010023 -0.989423 -0.144638
1766747498.913370 -4.404091 -11.160768 0.313071 0.002308 0.006523 -0.989429 -0.144857
1766747498.977108 -4.435883 -11.153219 0.314438 0.000505 0.009466 -0.989597 -0.143556
1766747499.020762 -4.473518 -11.145412 0.313039 -0.004239 0.013472 -0.989742 -0.142168
1766747499.073898 -4.515957 -11.136067 0.311144 -0.012612 0.012619 -0.989884 -0.140755
1766747499.128115 -4.561807 -11.122480 0.312054 -0.001843 -0.005615 -0.990598 -0.136675
1766747499.180657 -4.599334 -11.112457 0.313978 -0.000577 0.001974 -0.990838 -0.135038
1766747499.242545 -4.642089 -11.099904 0.316282 -0.008038 -0.005588 -0.989914 -0.141335
1766747499.286054 -4.684958 -11.091822 0.306194 0.002702 0.012398 -0.984537 -0.174715
1766747499.339497 -4.719342 -11.074849 0.306720 0.007061 -0.002558 -0.976147 -0.216982
1766747499.391189 -4.737488 -11.075667 0.311437 0.010606 0.000716 -0.966413 -0.256774
1766747499.443723 -4.771049 -11.049320 0.316093 0.028845 -0.009232 -0.962508 -0.269558
1766747499.499053 -4.800981 -11.020680 0.315251 0.042154 -0.029756 -0.962703 -0.265594
1766747499.557123 -4.833519 -11.014544 0.305884 0.037717 0.003010 -0.971905 -0.232311
1766747499.603722 -4.851645 -11.001447 0.313242 0.034508 0.001918 -0.982402 -0.183555
1766747499.657597 -4.881866 -11.000393 0.316978 0.044100 0.017626 -0.989915 -0.133469
1766747499.710875 -4.893665 -10.992823 0.314209 0.036789 0.025748 -0.994726 -0.092219
1766747499.766701 -4.931028 -10.988948 0.313609 0.010320 0.017727 -0.997111 -0.073143
1766747499.817621 -4.961596 -10.988921 0.318348 0.014924 0.026914 -0.996870 -0.072819
1766747499.875327 -4.996700 -10.982536 0.318794 0.010215 0.025853 -0.997100 -0.070839
1766747499.928562 -5.037612 -10.977578 0.316605 0.002264 0.027473 -0.997141 -0.070353
1766747499.984261 -5.081158 -10.971253 0.310961 0.011069 0.009057 -0.997680 -0.066562
1766747500.033395 -5.118178 -10.964071 0.312839 0.008715 0.012132 -0.997914 -0.062801
1766747500.087357 -5.158584 -10.956175 0.314721 -0.002946 0.004990 -0.997903 -0.064464
1766747500.138897 -5.199514 -10.947484 0.315469 -0.013559 0.003250 -0.997674 -0.066726
1766747500.196968 -5.257461 -10.940200 0.306931 -0.010491 0.017102 -0.997440 -0.068642
1766747500.249546 -5.298352 -10.933041 0.308561 0.016663 0.015692 -0.997046 -0.073318
1766747500.299260 -5.353098 -10.924611 0.311792 0.014146 0.016084 -0.996978 -0.074676
1766747500.358250 -5.411508 -10.919555 0.313310 0.002042 0.018853 -0.997257 -0.071549
1766747500.414186 -5.480332 -10.911502 0.307530 -0.000655 0.012511 -0.997516 -0.069315
1766747500.462595 -5.526911 -10.906507 0.310715 0.013616 0.004071 -0.997804 -0.064696
1766747500.517001 -5.580806 -10.898652 0.314552 0.008108 0.002317 -0.997841 -0.065135
1766747500.570286 -5.643989 -10.888739 0.317159 -0.002012 0.010116 -0.997723 -0.066661
1766747500.623155 -5.690597 -10.881606 0.309495 0.009809 0.011208 -0.997648 -0.066907
1766747500.682622 -5.750468 -10.868760 0.311269 0.015063 0.009436 -0.997180 -0.072908
1766747500.730584 -5.811865 -10.862831 0.313773 0.000781 0.015097 -0.997260 -0.072418
1766747500.784051 -5.875969 -10.845538 0.312105 -0.007332 0.012793 -0.996868 -0.077702
1766747500.836475 -5.900811 -10.849337 0.310176 -0.008717 0.032988 -0.994050 -0.103448
1766747501.058345 -5.947107 -10.834954 0.315116 -0.002930 0.017143 -0.990595 -0.135721
1766747501.089385 -5.995951 -10.828953 0.317389 -0.002421 0.012847 -0.987688 -0.155890
1766747501.095821 -6.039170 -10.819984 0.322900 0.000577 0.013647 -0.987294 -0.158314
1766747501.103514 -6.083740 -10.811902 0.320497 -0.001737 0.009815 -0.988191 -0.152905
1766747501.116960 -6.114210 -10.808925 0.323848 0.005524 0.014364 -0.988223 -0.152244
1766747501.156915 -6.147089 -10.799375 0.324950 0.001326 0.013011 -0.988225 -0.152450
1766747501.206244 -6.186942 -10.790669 0.322633 -0.006976 0.017327 -0.988228 -0.151844
1766747501.260399 -6.234280 -10.779076 0.318753 -0.010842 0.018599 -0.988434 -0.150116
1766747501.326973 -6.275799 -10.765998 0.311305 0.007663 0.005718 -0.989062 -0.147189
1766747501.366175 -6.318313 -10.753573 0.316154 0.003798 0.002860 -0.989266 -0.146048
1766747501.420847 -6.365424 -10.738168 0.320109 -0.003119 0.001134 -0.989063 -0.147454
1766747501.473837 -6.417536 -10.718168 0.321610 -0.012295 0.006198 -0.989106 -0.146559
1766747501.528958 -6.457486 -10.704934 0.314888 0.016195 0.005863 -0.988820 -0.148119
1766747501.583769 -6.513338 -10.685036 0.318414 0.021386 0.005586 -0.988244 -0.151282
1766747501.636791 -6.567072 -10.669178 0.318904 0.013299 0.008138 -0.988555 -0.150051
1766747501.704256 -6.628968 -10.651051 0.304730 0.011781 0.003206 -0.988554 -0.150371
1766747501.746130 -6.665730 -10.645922 0.308359 0.014842 0.020400 -0.987070 -0.158292
1766747501.798476 -6.706730 -10.632892 0.313883 0.021631 0.022593 -0.984148 -0.174570
1766747501.850135 -6.742132 -10.620871 0.302763 0.031468 0.024915 -0.977699 -0.206141
1766747501.903643 -6.773307 -10.610142 0.310438 0.018044 0.011197 -0.969673 -0.243483
1766747501.974540 -6.795757 -10.607453 0.315196 0.013125 0.018927 -0.956564 -0.290612
1766747502.023916 -6.818584 -10.597618 0.320872 0.014695 0.024346 -0.940007 -0.339967
1766747502.069684 -6.837929 -10.582407 0.319367 0.003203 0.024397 -0.921310 -0.388049
1766747502.122800 -6.849352 -10.547280 0.319170 0.006048 0.013684 -0.900366 -0.434877
1766747502.172475 -6.852940 -10.489679 0.317079 0.028937 0.004326 -0.890345 -0.454346
1766747502.238890 -6.859647 -10.470080 0.319074 0.014620 -0.004495 -0.889952 -0.455798
1766747502.281529 -6.872295 -10.450395 0.319628 -0.001597 -0.009918 -0.889518 -0.456790
1766747502.333787 -6.886790 -10.424296 0.317894 -0.015709 -0.008345 -0.889441 -0.456705
1766747502.389167 -6.906455 -10.395616 0.311605 -0.013851 0.003412 -0.888601 -0.458459
1766747502.447069 -6.927965 -10.367453 0.310340 0.006371 -0.002565 -0.885224 -0.465114
1766747502.495782 -6.947858 -10.334576 0.312888 0.009593 -0.007978 -0.884363 -0.466633
1766747502.547855 -6.973262 -10.300833 0.313894 0.006314 0.002470 -0.885330 -0.464913
1766747502.610050 -7.003432 -10.258418 0.314078 -0.003232 0.006673 -0.886824 -0.462047
1766747502.652955 -7.035594 -10.215846 0.310724 0.004844 -0.006010 -0.888227 -0.459339
1766747502.710680 -7.062654 -10.173871 0.311510 0.006110 -0.008150 -0.890675 -0.454526
1766747502.759397 -7.091358 -10.130218 0.312705 -0.000673 -0.004916 -0.890349 -0.455252
1766747502.814320 -7.123666 -10.078698 0.310307 -0.006929 0.005811 -0.889897 -0.456073
1766747502.870655 -7.141959 -10.056150 0.306116 0.020423 0.002862 -0.887993 -0.459395
1766747502.921079 -7.163299 -10.011915 0.308807 0.022172 -0.007852 -0.882353 -0.470000
1766747502.974360 -7.187169 -9.976034 0.307671 0.028651 -0.006474 -0.872673 -0.487420
1766747503.027009 -7.207470 -9.943640 0.309195 0.025516 0.002975 -0.857285 -0.514201
1766747503.079491 -7.224677 -9.916700 0.307870 0.017924 0.012944 -0.835975 -0.548322
1766747503.145091 -7.232075 -9.896890 0.313428 0.011571 0.000871 -0.812881 -0.582315
1766747503.187862 -7.241536 -9.872312 0.319484 0.014114 0.001336 -0.783161 -0.621657
1766747503.240612 -7.243418 -9.845410 0.320007 0.012334 -0.002964 -0.746536 -0.665225
1766747503.296912 -7.246360 -9.820846 0.317898 0.003970 0.001992 -0.706634 -0.707565
1766747503.357378 -7.251339 -9.801809 0.320557 0.015720 0.005174 -0.657641 -0.753149
1766747503.403026 -7.251087 -9.776374 0.319255 0.009987 -0.003872 -0.630505 -0.776112
1766747503.456755 -7.247723 -9.747445 0.317129 0.006859 -0.006908 -0.623331 -0.781897
1766747503.514858 -7.240967 -9.716917 0.315459 0.002774 -0.007608 -0.624210 -0.781215
1766747503.565872 -7.236985 -9.678987 0.312735 0.005847 -0.006798 -0.625893 -0.779858
1766747503.617149 -7.226864 -9.648467 0.309569 0.001069 -0.009237 -0.628537 -0.777725
1766747503.673886 -7.217508 -9.610421 0.311296 -0.010245 -0.010379 -0.627716 -0.778306
1766747503.726321 -7.207380 -9.571399 0.312612 -0.012790 -0.001304 -0.626822 -0.779057
1766747503.792111 -7.192654 -9.522223 0.314577 -0.014020 0.007501 -0.628041 -0.778018
1766747503.834214 -7.184632 -9.480770 0.312587 0.009118 -0.003616 -0.625203 -0.780401
1766747503.885774 -7.172865 -9.435280 0.314378 0.011800 -0.001599 -0.625146 -0.780417
1766747503.940487 -7.162401 -9.383043 0.315222 0.009833 0.006656 -0.627146 -0.778812
1766747503.993412 -7.150710 -9.323035 0.315988 0.003979 0.009576 -0.628686 -0.777590
1766747504.045794 -7.140170 -9.277071 0.310043 0.010251 -0.001207 -0.630990 -0.775722
1766747504.100405 -7.129175 -9.220342 0.313108 0.001816 -0.004395 -0.632497 -0.774549
1766747504.164289 -7.116977 -9.168821 0.314777 -0.001829 0.003941 -0.631819 -0.775104
1766747504.206497 -7.101382 -9.103716 0.307897 0.000969 0.006815 -0.632389 -0.774621
1766747504.267339 -7.098143 -9.083260 0.309399 0.009353 -0.016676 -0.628770 -0.777357
1766747504.314311 -7.087424 -9.023970 0.314968 0.004648 -0.004525 -0.628541 -0.777750
1766747504.367537 -7.073935 -8.959610 0.303362 -0.002331 0.005488 -0.631256 -0.775552
1766747504.419953 -7.059368 -8.908003 0.308205 0.001254 -0.004842 -0.633376 -0.773829
1766747504.472533 -7.047148 -8.840193 0.314223 -0.007030 -0.013753 -0.636580 -0.771056
1766747504.533984 -7.037032 -8.787422 0.298625 -0.007915 -0.003519 -0.635119 -0.772366
1766747504.580700 -7.025737 -8.737887 0.299841 -0.002495 -0.007197 -0.628680 -0.777627
1766747504.634034 -7.021723 -8.703996 0.309560 0.003218 0.001773 -0.609285 -0.792943
1766747504.705248 -7.007346 -8.661310 0.315302 0.003934 -0.006429 -0.584568 -0.811310
1766747504.740763 -6.992279 -8.618320 0.314130 0.000093 -0.014596 -0.552290 -0.833525
1766747504.805907 -6.980031 -8.587015 0.307555 0.006367 -0.001159 -0.512621 -0.858591
1766747504.844717 -6.971456 -8.564682 0.311167 -0.004557 -0.006185 -0.471421 -0.881875
1766747504.904462 -6.958069 -8.538129 0.320581 -0.005499 -0.009191 -0.421391 -0.906816
1766747504.960888 -6.941835 -8.514184 0.322920 0.006560 -0.011200 -0.366502 -0.930327
1766747505.009513 -6.925998 -8.499121 0.316818 -0.008223 -0.012262 -0.308698 -0.951046
1766747505.059278 -6.923615 -8.486804 0.317054 0.001462 -0.010269 -0.252068 -0.967654
1766747505.113983 -6.917359 -8.478140 0.319269 -0.000890 -0.018053 -0.203854 -0.978835
1766747505.167590 -6.901427 -8.481791 0.319632 -0.006774 -0.037661 -0.187416 -0.981535
1766747505.220029 -6.892885 -8.475841 0.314475 0.000918 -0.041193 -0.189797 -0.980958
1766747505.277763 -6.884632 -8.470005 0.305268 0.004031 -0.039836 -0.193447 -0.980293
1766747505.339030 -6.885180 -8.468428 0.311227 0.006626 -0.036607 -0.192697 -0.980553
1766747505.380452 -6.884433 -8.466141 0.313304 0.007129 -0.034284 -0.191855 -0.980799
1766747505.433125 -6.886235 -8.464772 0.314623 0.008779 -0.028846 -0.198751 -0.979586
1766747505.485395 -6.886975 -8.461991 0.317272 0.015583 -0.021271 -0.231412 -0.972499
1766747505.540886 -6.886840 -8.460396 0.320015 0.013473 -0.017133 -0.274820 -0.961249
1766747505.606752 -6.884115 -8.458971 0.321480 0.003532 -0.018444 -0.322260 -0.946465
1766747505.644622 -6.881119 -8.459821 0.320263 0.001894 -0.011890 -0.374805 -0.927025
1766747505.699701 -6.880178 -8.463392 0.317738 -0.008025 -0.007667 -0.430311 -0.902612
1766747505.751886 -6.881310 -8.463120 0.315771 -0.006607 -0.012618 -0.481793 -0.876169
1766747505.814952 -6.880753 -8.460154 0.311658 0.002335 -0.018743 -0.530445 -0.847509
1766747505.862426 -6.886333 -8.448636 0.308100 0.018091 -0.017110 -0.571015 -0.820562
1766747505.913298 -6.885955 -8.441746 0.307072 0.018783 -0.007540 -0.582998 -0.812221
1766747505.965844 -6.882892 -8.436886 0.308496 0.016739 -0.001083 -0.582422 -0.812713
1766747506.022896 -6.879247 -8.426416 0.311145 0.016891 0.001437 -0.583848 -0.811686
1766747506.076860 -6.875711 -8.415839 0.311718 0.020344 0.001061 -0.584991 -0.810784
1766747506.125287 -6.871838 -8.401872 0.310886 0.024308 0.000204 -0.585846 -0.810058
1766747506.182872 -6.866911 -8.383075 0.310063 0.025347 -0.001442 -0.587242 -0.809013
1766747506.247474 -6.861620 -8.363931 0.308463 0.025539 -0.003088 -0.588914 -0.807786
1766747506.292583 -6.856431 -8.344331 0.305927 0.026675 -0.003075 -0.590678 -0.806460
1766747506.344316 -6.849520 -8.320716 0.302873 0.023595 0.007100 -0.591375 -0.806021
1766747506.396325 -6.839215 -8.303453 0.305274 0.017619 0.003539 -0.586457 -0.809781
1766747506.451052 -6.832266 -8.287700 0.308520 0.006552 0.000159 -0.567952 -0.823036
1766747506.505055 -6.823698 -8.267083 0.311038 0.004880 -0.000190 -0.542040 -0.840339
1766747506.556792 -6.812204 -8.243978 0.311680 0.010408 0.001021 -0.511872 -0.858998
1766747506.609463 -6.798205 -8.225418 0.311783 -0.003439 0.002160 -0.482429 -0.875926
1766747506.662686 -6.792519 -8.204597 0.315732 0.007919 0.007379 -0.450522 -0.892700
1766747506.727955 -6.780108 -8.189626 0.316409 0.009248 -0.001624 -0.439901 -0.897997
1766747506.771819 -6.763309 -8.169654 0.315582 0.006719 -0.010628 -0.438378 -0.898703
1766747506.821190 -6.743983 -8.147791 0.312107 0.004482 -0.017665 -0.439968 -0.897829
1766747506.875926 -6.728428 -8.124633 0.309472 0.011863 -0.007273 -0.440889 -0.897454
1766747506.938211 -6.710166 -8.102230 0.306977 0.004633 -0.005281 -0.440704 -0.897625
1766747506.986485 -6.698135 -8.082958 0.309360 0.003494 -0.009383 -0.440408 -0.897742
1766747507.039234 -6.685039 -8.060905 0.310806 0.009396 -0.010338 -0.432779 -0.901392
1766747507.094527 -6.668946 -8.038011 0.309873 0.023800 -0.010478 -0.419045 -0.907593
1766747507.167587 -6.650355 -8.019711 0.311086 0.012448 -0.004036 -0.399158 -0.916789
1766747507.201181 -6.638967 -8.001060 0.311531 0.022145 -0.002601 -0.374088 -0.927125
1766747507.252702 -6.623680 -7.987682 0.312895 0.023336 -0.006957 -0.347869 -0.937227
1766747507.307021 -6.603486 -7.972279 0.311485 0.023071 -0.014191 -0.336891 -0.941154
1766747507.362866 -6.578796 -7.956894 0.308675 0.015119 -0.025310 -0.336319 -0.941287
1766747507.419528 -6.562088 -7.940818 0.306493 0.021310 -0.018360 -0.334667 -0.941917
1766747507.465842 -6.542371 -7.926910 0.304221 0.020336 -0.009707 -0.322472 -0.946311
1766747507.520114 -6.527448 -7.915802 0.308965 0.011359 -0.013183 -0.307723 -0.951317
1766747507.573344 -6.509165 -7.902643 0.312299 0.014404 -0.012021 -0.284898 -0.958374
1766747507.627722 -6.489068 -7.890382 0.312163 0.022163 -0.011059 -0.257406 -0.965986
1766747507.681984 -6.466398 -7.877586 0.311640 0.011520 -0.008725 -0.247429 -0.968798
1766747507.736930 -6.442775 -7.865834 0.312474 0.018386 -0.007714 -0.247706 -0.968630
1766747507.790568 -6.428681 -7.857039 0.314100 0.017129 -0.006897 -0.238130 -0.971058
1766747507.841299 -6.408921 -7.846604 0.312552 0.016006 -0.006447 -0.222109 -0.974869
1766747507.894591 -6.389042 -7.837105 0.310398 0.013409 -0.005834 -0.202500 -0.979173
1766747507.949634 -6.362721 -7.826621 0.308031 0.008289 -0.007098 -0.184207 -0.982827
1766747507.999676 -6.340591 -7.817662 0.305410 0.012619 -0.006720 -0.182552 -0.983092
1766747508.076154 -6.312965 -7.810268 0.303692 0.010135 -0.003573 -0.179952 -0.983617
1766747508.118620 -6.293194 -7.805239 0.307216 0.001129 -0.003692 -0.170040 -0.985430
1766747508.170443 -6.271523 -7.798122 0.308970 0.000102 -0.006033 -0.153040 -0.988202
1766747508.222872 -6.249238 -7.791595 0.309007 0.004338 -0.005266 -0.145398 -0.989350
1766747508.276698 -6.223034 -7.782991 0.307047 0.010449 -0.007602 -0.145022 -0.989344
1766747508.331994 -6.196512 -7.777005 0.306154 0.004780 -0.000473 -0.146609 -0.989183
1766747508.384556 -6.172870 -7.766227 0.309542 0.015584 0.001248 -0.145635 -0.989215
1766747508.446688 -6.149977 -7.759277 0.311709 0.013071 -0.002129 -0.148129 -0.988880
1766747508.493483 -6.126717 -7.752329 0.311396 0.014803 -0.001240 -0.148598 -0.988786
1766747508.554529 -6.097788 -7.742918 0.309553 0.015018 -0.000466 -0.150182 -0.988544
1766747508.601976 -6.066803 -7.734053 0.307479 0.010968 -0.003170 -0.152421 -0.988250
1766747508.651909 -6.038333 -7.723890 0.304276 0.019235 -0.001871 -0.153638 -0.987938
1766747508.710445 -6.006962 -7.718282 0.307760 0.008182 0.001706 -0.155704 -0.987768
1766747508.769173 -5.982379 -7.710907 0.309776 0.000397 0.004118 -0.156389 -0.987687
1766747508.813778 -5.956295 -7.701989 0.309608 0.000666 0.005342 -0.155639 -0.987799
1766747508.870476 -5.924067 -7.692298 0.308585 0.003161 0.008810 -0.155937 -0.987723
1766747508.923793 -5.892103 -7.682260 0.306714 0.007457 0.006675 -0.156909 -0.987562
1766747508.994422 -5.865682 -7.672308 0.309202 0.009074 -0.001488 -0.162238 -0.986709
1766747509.029025 -5.839482 -7.662107 0.314892 0.012354 -0.001935 -0.184364 -0.982779
1766747509.081118 -5.813365 -7.651182 0.319108 0.019685 -0.004451 -0.210729 -0.977336
1766747509.133554 -5.782284 -7.638415 0.319643 0.020093 -0.009071 -0.245339 -0.969187
1766747509.188211 -5.757961 -7.620828 0.311756 0.027167 -0.006366 -0.278848 -0.959930
1766747509.238357 -5.734168 -7.613495 0.311736 0.021104 -0.009858 -0.316352 -0.948356
1766747509.293390 -5.717701 -7.604561 0.315169 0.022227 -0.011482 -0.353956 -0.934928
1766747509.359916 -5.704217 -7.590206 0.315415 0.026348 -0.007680 -0.398343 -0.916826
1766747509.401366 -5.685290 -7.569419 0.314058 0.028997 -0.003936 -0.435888 -0.899525
1766747509.456950 -5.669184 -7.544170 0.309599 0.022246 -0.001160 -0.474194 -0.880139
1766747509.509303 -5.659186 -7.527712 0.312687 0.032745 0.006452 -0.484085 -0.874384
1766747509.561587 -5.650802 -7.508599 0.315023 0.031704 0.010302 -0.486570 -0.873005
1766747509.617652 -5.641662 -7.487104 0.313544 0.033568 0.017042 -0.487508 -0.872306
1766747509.672626 -5.631736 -7.462772 0.310276 0.033383 0.026191 -0.487464 -0.872111
1766747509.723400 -5.615891 -7.438530 0.310147 0.017755 0.009321 -0.493850 -0.869316
1766747509.776232 -5.604838 -7.416621 0.311351 0.019015 0.007422 -0.496031 -0.868065
1766747509.833139 -5.589113 -7.397825 0.314194 0.006505 0.005356 -0.496192 -0.868172
1766747509.895601 -5.574284 -7.378164 0.313812 -0.002404 0.007609 -0.494448 -0.869171
1766747509.940935 -5.560287 -7.357001 0.311649 -0.003532 0.008833 -0.501141 -0.865314
1766747509.994131 -5.547610 -7.335765 0.309365 0.005609 0.007236 -0.519337 -0.854521
1766747510.046036 -5.537329 -7.319588 0.306773 0.015027 0.002891 -0.546279 -0.837464
1766747510.103564 -5.531119 -7.302545 0.306766 0.019227 0.006568 -0.577634 -0.816043
1766747510.158204 -5.527061 -7.287845 0.310604 0.022247 0.008170 -0.609794 -0.792206
1766747510.209218 -5.524158 -7.272317 0.311670 0.017166 0.009795 -0.623044 -0.781938
1766747510.272540 -5.525088 -7.253886 0.313168 0.013552 0.008272 -0.626534 -0.779232
1766747510.315601 -5.525993 -7.233725 0.313094 0.007142 0.006726 -0.630096 -0.776455
1766747510.371511 -5.522407 -7.206014 0.310534 -0.001963 0.000317 -0.633724 -0.773557
1766747510.423064 -5.518119 -7.180471 0.310462 -0.003644 -0.002686 -0.632875 -0.774241
1766747510.475518 -5.510684 -7.156372 0.315543 0.002272 0.009812 -0.605109 -0.796079
1766747510.537375 -5.502614 -7.132098 0.318812 -0.000391 0.006330 -0.573957 -0.818861
1766747510.584523 -5.493240 -7.098701 0.317725 0.004847 0.007437 -0.566807 -0.823803
1766747510.639290 -5.477754 -7.072314 0.312117 -0.003627 0.011150 -0.570633 -0.821121
1766747510.688850 -5.473219 -7.048531 0.315752 0.001892 0.003326 -0.568755 -0.822498
1766747510.742181 -5.459424 -7.015647 0.316845 0.002545 0.001127 -0.569139 -0.822236
1766747510.812852 -5.445449 -6.977661 0.315616 0.003344 0.000958 -0.569830 -0.821756
1766747510.851806 -5.429877 -6.931961 0.313906 0.003476 -0.003085 -0.569871 -0.821721
1766747510.903278 -5.417300 -6.897062 0.312524 0.005931 -0.003788 -0.572996 -0.819528
1766747510.955912 -5.400565 -6.855280 0.315004 -0.003934 -0.001112 -0.573247 -0.819373
1766747511.015916 -5.384501 -6.812668 0.316540 -0.004194 0.006314 -0.571872 -0.820308
1766747511.063719 -5.362348 -6.758537 0.314330 -0.000370 0.008993 -0.572633 -0.819763
1766747511.115722 -5.346027 -6.721808 0.312966 0.009724 -0.016387 -0.569114 -0.822038
1766747511.179443 -5.329082 -6.674855 0.315382 0.012792 -0.009604 -0.567662 -0.823106
1766747511.228280 -5.306272 -6.620369 0.312697 0.008577 -0.006356 -0.578216 -0.815814
1766747511.277362 -5.299621 -6.582438 0.308352 0.027602 -0.000343 -0.607475 -0.793859
1766747511.325623 -5.282168 -6.548434 0.313608 0.022671 0.002001 -0.643762 -0.764887
1766747511.379670 -5.293180 -6.532611 0.300927 0.043442 0.008156 -0.670745 -0.740370
1766747511.454720 -5.299939 -6.489928 0.305125 0.047908 0.009748 -0.681907 -0.729804
1766747511.486432 -5.294938 -6.457511 0.311243 0.029720 0.009267 -0.686476 -0.726486
1766747511.541637 -5.290128 -6.423347 0.317551 0.037495 0.003355 -0.685654 -0.726954
1766747511.604048 -5.284973 -6.386373 0.317447 0.035059 -0.001703 -0.687094 -0.725721
1766747511.653043 -5.279844 -6.344566 0.314006 0.029488 -0.007572 -0.687530 -0.725518
1766747511.708780 -5.278856 -6.315203 0.303878 0.033394 0.007584 -0.674758 -0.737245
1766747511.750152 -5.273978 -6.281270 0.310713 0.028223 0.003051 -0.652806 -0.756994
1766747511.823444 -5.269612 -6.248703 0.313312 0.025573 -0.000169 -0.636634 -0.770742
1766747511.864804 -5.262137 -6.204142 0.312910 0.029606 -0.002472 -0.633380 -0.773271
1766747511.918939 -5.254217 -6.169289 0.312825 0.015767 0.004071 -0.635833 -0.771655
1766747511.972364 -5.253217 -6.134253 0.316669 0.024191 0.009901 -0.634193 -0.772733
1766747512.025206 -5.246632 -6.102228 0.316414 0.022889 0.010634 -0.634978 -0.772118
1766747512.080780 -5.240602 -6.064324 0.314328 0.018454 0.016004 -0.636330 -0.771030
1766747512.153189 -5.234203 -6.016117 0.312344 0.010623 0.023492 -0.637015 -0.770420
1766747512.198401 -5.223577 -5.965534 0.310725 0.013861 0.002943 -0.640824 -0.767557
1766747512.249975 -5.216266 -5.920853 0.315910 0.002967 0.002460 -0.642032 -0.766668
1766747512.301200 -5.211280 -5.878599 0.316039 0.007186 0.007246 -0.635611 -0.771942
1766747512.362387 -5.200488 -5.831768 0.303273 0.011426 0.001876 -0.621183 -0.783580
1766747512.409723 -5.202387 -5.798262 0.306874 0.001801 -0.001466 -0.611623 -0.791146
1766747512.462778 -5.195424 -5.762669 0.315006 0.006363 -0.006795 -0.609747 -0.792542
1766747512.515738 -5.186341 -5.723689 0.315369 0.008258 -0.006551 -0.611491 -0.791181
1766747512.566297 -5.175088 -5.686245 0.314464 0.006551 -0.006532 -0.612821 -0.790168
1766747512.616938 -5.170199 -5.646583 0.312449 0.012845 -0.005004 -0.612969 -0.789987
1766747512.668024 -5.155232 -5.612461 0.313646 0.005205 -0.008996 -0.614431 -0.788902
1766747512.723348 -5.144741 -5.570760 0.315614 -0.003942 -0.006828 -0.613963 -0.789296
1766747512.776262 -5.132381 -5.526047 0.316050 -0.006898 0.002074 -0.613707 -0.789501
1766747512.831348 -5.117126 -5.473104 0.313675 -0.001142 0.006815 -0.614376 -0.788983
1766747512.883525 -5.105307 -5.434566 0.313304 0.010654 -0.014107 -0.610816 -0.791575
1766747512.936092 -5.093149 -5.382345 0.317620 0.011332 -0.005016 -0.609547 -0.792653
1766747512.998708 -5.080220 -5.326624 0.318171 0.005866 0.006575 -0.611493 -0.791201
1766747513.043920 -5.066742 -5.263935 0.310591 0.001723 0.004703 -0.613274 -0.789855
1766747513.096202 -5.054217 -5.211664 0.312348 0.001807 -0.017606 -0.616274 -0.787333
1766747513.149441 -5.039091 -5.156806 0.315324 -0.003197 -0.014481 -0.616005 -0.787603
1766747513.205733 -5.018859 -5.089649 0.310634 -0.001252 -0.000441 -0.615953 -0.787782
1766747513.280250 -5.009558 -5.063728 0.309639 0.005702 -0.011301 -0.615427 -0.788092
1766747513.311748 -4.993001 -4.995347 0.310756 0.012442 -0.005429 -0.614925 -0.788469
1766747513.366340 -4.977554 -4.933869 0.312590 0.011868 0.003754 -0.616371 -0.787358
1766747513.419824 -4.966839 -4.872990 0.307491 0.019728 0.009047 -0.615466 -0.787865
1766747513.474097 -4.957808 -4.859571 0.311497 0.012063 -0.000552 -0.619524 -0.784885
1766747513.530463 -4.952426 -4.803747 0.310793 0.018360 0.002875 -0.618188 -0.785811
1766747513.578674 -4.944565 -4.767700 0.294741 0.019035 -0.004092 -0.616779 -0.786895
1766747513.631837 -4.930912 -4.743188 0.299346 -0.006514 -0.006266 -0.615409 -0.788156
1766747513.687400 -4.925885 -4.710067 0.310668 0.004464 -0.006087 -0.602815 -0.797845
1766747513.740364 -4.917920 -4.681530 0.316717 0.009192 -0.010717 -0.597881 -0.801461
1766747513.792622 -4.907564 -4.654760 0.317598 0.009974 -0.018875 -0.597776 -0.801379
1766747513.852059 -4.899448 -4.631526 0.316744 0.015899 -0.014978 -0.598717 -0.800663
1766747513.902778 -4.891439 -4.606936 0.315196 0.016328 -0.008928 -0.600643 -0.799301
1766747513.952401 -4.887051 -4.586107 0.311512 0.016871 -0.003684 -0.601033 -0.799038
1766747514.007123 -4.880713 -4.564863 0.309110 0.013689 -0.009553 -0.601932 -0.798373
1766747514.058943 -4.877203 -4.546594 0.309591 0.010188 -0.013029 -0.602679 -0.797813
1766747514.112367 -4.873174 -4.523065 0.310445 0.015231 -0.010133 -0.602071 -0.798233
1766747514.171475 -4.868414 -4.492880 0.310102 0.026053 -0.001305 -0.602259 -0.797875
1766747514.221256 -4.858406 -4.468299 0.309798 0.013058 -0.000873 -0.603178 -0.797500
1766747514.276175 -4.853684 -4.443976 0.312157 0.023322 0.001256 -0.596555 -0.802232
1766747514.329031 -4.847043 -4.422915 0.313121 0.024928 0.001714 -0.585349 -0.810396
1766747514.382290 -4.838622 -4.399060 0.312163 0.024192 0.001324 -0.569138 -0.821885
1766747514.435188 -4.826990 -4.374129 0.311188 0.018985 -0.002190 -0.548704 -0.835799
1766747514.489487 -4.815891 -4.353227 0.308950 0.016122 -0.002571 -0.525922 -0.850376
1766747514.544961 -4.800625 -4.330338 0.306603 0.018372 0.009651 -0.498590 -0.866590
1766747514.600079 -4.788118 -4.318223 0.311705 0.002689 -0.000730 -0.471590 -0.881814
1766747514.654045 -4.773467 -4.304209 0.316288 -0.009860 -0.000778 -0.437156 -0.899331
1766747514.708580 -4.757298 -4.289608 0.316487 -0.017151 0.000327 -0.415013 -0.909654
1766747514.764993 -4.738407 -4.273848 0.314886 -0.007726 0.000582 -0.411958 -0.911170
1766747514.823762 -4.721736 -4.257121 0.315145 -0.007870 -0.007689 -0.412866 -0.910725
1766747514.871420 -4.708557 -4.237669 0.315058 -0.000801 -0.011360 -0.412291 -0.910981
1766747514.928028 -4.692493 -4.218183 0.316062 0.002171 -0.006792 -0.408304 -0.912818
1766747514.981371 -4.673892 -4.198906 0.312891 0.002422 -0.002360 -0.399352 -0.916791
1766747515.032161 -4.653318 -4.179927 0.307004 -0.003963 -0.005865 -0.382737 -0.923830
1766747515.093017 -4.636617 -4.164461 0.302981 0.005186 0.008528 -0.359707 -0.933012
1766747515.139431 -4.622074 -4.155241 0.310450 -0.000998 0.004372 -0.337812 -0.941203
1766747515.198635 -4.604808 -4.143351 0.314222 -0.006640 0.004806 -0.308558 -0.951170
1766747515.243957 -4.584195 -4.130661 0.315560 -0.002505 0.006781 -0.274423 -0.961582
1766747515.304029 -4.560873 -4.120180 0.314454 0.003728 0.008500 -0.238222 -0.971166
1766747515.351996 -4.539420 -4.108195 0.314327 0.003514 0.014291 -0.199091 -0.979871
1766747515.405775 -4.518385 -4.098911 0.318733 0.010812 0.009009 -0.160324 -0.986964
1766747515.459254 -4.500462 -4.093925 0.319010 0.012565 0.000900 -0.142812 -0.989670
1766747515.515414 -4.474582 -4.087798 0.317069 0.006460 -0.006965 -0.139452 -0.990183
1766747515.567952 -4.446552 -4.081669 0.313668 0.000750 -0.012486 -0.140509 -0.990000
1766747515.618838 -4.420153 -4.075175 0.309885 0.006135 -0.009808 -0.136768 -0.990536
1766747515.671417 -4.392549 -4.069397 0.305731 0.009200 -0.003594 -0.121418 -0.992552
1766747515.734138 -4.374350 -4.064795 0.309235 0.005837 -0.005756 -0.103292 -0.994617
1766747515.781368 -4.350914 -4.058858 0.312239 0.007184 -0.008506 -0.082686 -0.996514
1766747515.848041 -4.326715 -4.054459 0.311909 0.013885 -0.008995 -0.074450 -0.997088
1766747515.888084 -4.300862 -4.050565 0.309523 0.014809 -0.007879 -0.074877 -0.997052
1766747515.940842 -4.272591 -4.045570 0.309360 0.020880 0.002315 -0.076275 -0.996866
1766747516.015254 -4.248715 -4.038766 0.313369 0.027838 0.003042 -0.075138 -0.996780
1766747516.051644 -4.226556 -4.035448 0.314408 0.024671 -0.001302 -0.077096 -0.996718
1766747516.102498 -4.200578 -4.030797 0.312989 0.023764 -0.000160 -0.077745 -0.996690
1766747516.155116 -4.169969 -4.024678 0.309918 0.022517 0.002855 -0.079034 -0.996614
1766747516.217738 -4.138310 -4.020086 0.307268 0.016875 0.001604 -0.080729 -0.996592
1766747516.265737 -4.109817 -4.018425 0.304082 0.024524 0.000119 -0.073226 -0.997014
1766747516.318757 -4.087316 -4.018517 0.308583 0.016052 0.003501 -0.059739 -0.998079
1766747516.375054 -4.064244 -4.017460 0.311531 0.007463 0.006952 -0.038247 -0.999216
1766747516.433907 -4.039845 -4.016665 0.313219 0.009458 0.008897 -0.009119 -0.999874
1766747516.478733 -4.013613 -4.017647 0.312835 0.011815 0.010045 0.020598 -0.999668
1766747516.530976 -3.989670 -4.018129 0.311507 0.006706 0.009048 0.029376 -0.999505
1766747516.588408 -3.965075 -4.021292 0.315294 0.003106 0.006042 0.028179 -0.999580
1766747516.650326 -3.942589 -4.022362 0.317265 0.001962 0.003174 0.030568 -0.999526
1766747516.700523 -3.917011 -4.024263 0.318270 0.000743 0.000213 0.032427 -0.999474
1766747516.751276 -3.886720 -4.026241 0.317416 0.001126 -0.000753 0.032060 -0.999485
1766747516.804289 -3.855823 -4.027539 0.313041 0.001432 -0.002954 0.030796 -0.999520
1766747516.860586 -3.825975 -4.030272 0.309139 0.006242 0.004033 0.029839 -0.999527
1766747516.910774 -3.802173 -4.032042 0.311796 0.000838 0.000963 0.026988 -0.999635
1766747516.963416 -3.775024 -4.032567 0.312486 -0.000258 -0.001469 0.026019 -0.999660
1766747517.023919 -3.743584 -4.032680 0.311273 0.009834 -0.002176 0.026482 -0.999599
1766747517.070243 -3.712103 -4.034569 0.309348 0.013663 -0.004229 0.025304 -0.999578
1766747517.122249 -3.680616 -4.036320 0.311359 0.018009 -0.000950 0.026770 -0.999479
1766747517.175504 -3.651536 -4.036865 0.314410 0.016394 -0.004843 0.025692 -0.999524
1766747517.225011 -3.625872 -4.041416 0.314027 0.013069 -0.010049 0.030392 -0.999402
1766747517.290267 -3.595644 -4.044751 0.312408 0.009863 -0.015321 0.042298 -0.998939
1766747517.331992 -3.565675 -4.050175 0.309634 0.014133 -0.016173 0.062824 -0.997794
1766747517.391239 -3.536233 -4.056449 0.308082 0.013839 -0.006364 0.075747 -0.997011
1766747517.437583 -3.511589 -4.063307 0.304967 0.005269 -0.001408 0.075962 -0.997096
1766747517.491530 -3.490337 -4.067445 0.310105 0.001351 -0.005132 0.074975 -0.997171
1766747517.544464 -3.471090 -4.070193 0.311523 -0.006006 -0.002692 0.075596 -0.997117
1766747517.599213 -3.445796 -4.073937 0.311973 -0.008300 -0.000328 0.075388 -0.997120
1766747517.652109 -3.417956 -4.079346 0.311262 -0.008659 0.004644 0.074872 -0.997145
1766747517.708797 -3.389163 -4.081981 0.309699 0.003086 0.000962 0.075568 -0.997136
1766747517.766196 -3.359025 -4.088011 0.311266 0.001943 -0.007137 0.077249 -0.996984
1766747517.814061 -3.333847 -4.088979 0.313900 0.005217 -0.002190 0.074867 -0.997178
1766747517.867601 -3.306765 -4.092133 0.314053 0.009895 0.000826 0.073417 -0.997252
1766747517.920213 -3.279609 -4.094452 0.312750 0.013066 0.005411 0.072477 -0.997270
1766747517.974046 -3.239827 -4.099226 0.310094 0.011667 0.004067 0.069912 -0.997477
1766747518.028750 -3.205659 -4.104124 0.305687 0.012869 -0.001255 0.068099 -0.997595
1766747518.078049 -3.178392 -4.111086 0.308163 0.011068 -0.001268 0.064336 -0.997866
1766747518.132404 -3.152277 -4.115913 0.310213 0.005881 0.002941 0.063295 -0.997973
1766747518.194110 -3.125037 -4.118986 0.309161 0.004821 0.003720 0.064524 -0.997898
1766747518.235635 -3.095299 -4.122809 0.307968 0.009913 0.005066 0.064539 -0.997853
1766747518.289110 -3.060140 -4.127922 0.306372 0.014301 0.002199 0.063324 -0.997888
1766747518.339983 -3.028421 -4.126775 0.308903 0.016159 -0.006541 0.046864 -0.998749
1766747518.397858 -3.003712 -4.129208 0.314145 0.017452 -0.008255 0.019767 -0.999618
1766747518.450385 -2.974408 -4.130940 0.317788 0.021809 -0.012747 -0.010665 -0.999624
1766747518.498144 -2.940578 -4.131486 0.318180 0.018018 -0.016371 -0.046703 -0.998612
1766747518.550988 -2.909989 -4.125328 0.313103 0.025102 -0.010353 -0.084019 -0.996094
1766747518.606526 -2.884650 -4.128674 0.314355 0.018411 -0.012924 -0.127011 -0.991646
1766747518.666438 -2.865756 -4.126961 0.315788 0.018721 -0.012761 -0.168138 -0.985503
1766747518.719692 -2.844949 -4.119521 0.315537 0.021388 -0.008237 -0.212850 -0.976816
1766747518.771200 -2.823277 -4.109051 0.314148 0.021404 -0.003059 -0.256084 -0.966413
1766747518.825367 -2.801060 -4.094471 0.309543 0.022059 -0.001204 -0.296004 -0.954932
1766747518.886188 -2.788910 -4.083297 0.308095 0.031199 0.000049 -0.329856 -0.943516
1766747518.931966 -2.773198 -4.064584 0.314075 0.035776 0.005443 -0.369129 -0.928673
1766747518.985365 -2.760929 -4.045520 0.315236 0.036358 0.006843 -0.394550 -0.918130
1766747519.036850 -2.748288 -4.024671 0.313234 0.033704 0.012304 -0.400850 -0.915441
1766747519.102255 -2.734368 -4.002885 0.307910 0.022250 0.010444 -0.400973 -0.915760
1766747519.147829 -2.722132 -3.985146 0.312832 0.024262 -0.001074 -0.402115 -0.915267
1766747519.197363 -2.704242 -3.967605 0.317062 0.019155 -0.003545 -0.403628 -0.914716
1766747519.249633 -2.686156 -3.947953 0.317651 0.014898 -0.001861 -0.403973 -0.914648
1766747519.313071 -2.666921 -3.928411 0.315458 0.010088 0.001190 -0.404025 -0.914692
1766747519.357709 -2.644488 -3.904876 0.310948 0.009538 0.002995 -0.404499 -0.914484
1766747519.415010 -2.626657 -3.879678 0.308499 0.018670 -0.003299 -0.408451 -0.912584
1766747519.469233 -2.610123 -3.861214 0.313613 0.015989 -0.006067 -0.421150 -0.906830
1766747519.528112 -2.595940 -3.841640 0.317274 0.018856 -0.003100 -0.438636 -0.898462
1766747519.579845 -2.581115 -3.819690 0.319059 0.020767 0.000080 -0.460947 -0.887185
1766747519.636003 -2.563656 -3.793923 0.318507 0.018981 -0.000484 -0.488270 -0.872486
1766747519.688949 -2.550729 -3.767390 0.313093 0.021765 0.004246 -0.517693 -0.855279
1766747519.756367 -2.533903 -3.754878 0.315413 0.013835 -0.002774 -0.544868 -0.838403
1766747519.803169 -2.524486 -3.735206 0.316112 0.012523 -0.008243 -0.553259 -0.832874
1766747519.850601 -2.515601 -3.711373 0.315860 0.018633 -0.004653 -0.554227 -0.832144
1766747519.900556 -2.507179 -3.685354 0.313629 0.025120 -0.002311 -0.553837 -0.832243
1766747519.954742 -2.495094 -3.662735 0.310450 0.016182 -0.002207 -0.553608 -0.832618
1766747520.025218 -2.488069 -3.637897 0.314200 0.025981 0.003551 -0.552024 -0.833416
1766747520.062390 -2.479277 -3.615753 0.316124 0.024992 -0.001687 -0.552857 -0.832900
1766747520.118426 -2.469058 -3.589777 0.314466 0.026832 -0.003276 -0.553184 -0.832620
1766747520.167091 -2.457581 -3.562201 0.312169 0.025667 -0.005385 -0.554288 -0.831912
1766747520.225659 -2.443223 -3.531901 0.308625 0.020903 -0.010898 -0.556102 -0.830780
1766747520.279043 -2.431962 -3.500950 0.306917 0.023690 0.001674 -0.556293 -0.830647
1766747520.334607 -2.419032 -3.479057 0.310984 0.012030 -0.004620 -0.558049 -0.829708
1766747520.388901 -2.408682 -3.452442 0.312226 0.005754 -0.006608 -0.558464 -0.829482
1766747520.441154 -2.397485 -3.423934 0.311288 0.005532 -0.004434 -0.558210 -0.829669
1766747520.495481 -2.386003 -3.394676 0.309314 0.008113 0.000128 -0.559034 -0.829105
1766747520.549032 -2.377449 -3.363208 0.307077 0.017356 -0.000997 -0.566063 -0.824179
1766747520.601968 -2.370829 -3.340523 0.312207 0.016713 -0.001161 -0.578071 -0.815815
1766747520.664475 -2.365659 -3.316519 0.315720 0.020798 0.003688 -0.592309 -0.805434
1766747520.719092 -2.359739 -3.288796 0.315403 0.020278 0.009079 -0.599258 -0.800248
1766747520.762425 -2.353467 -3.260906 0.314332 0.017989 0.011375 -0.599237 -0.800289
1766747520.816510 -2.348103 -3.234137 0.309950 0.013393 0.009848 -0.599104 -0.800498
1766747520.868442 -2.340642 -3.207462 0.304222 0.006795 -0.001034 -0.601001 -0.799219
1766747520.933714 -2.333156 -3.182556 0.307831 0.006917 0.000503 -0.604965 -0.796222
1766747520.975595 -2.323098 -3.161075 0.309848 -0.003213 0.001035 -0.606236 -0.795278
1766747521.029885 -2.312153 -3.133315 0.310046 -0.012562 0.000891 -0.605259 -0.795929
1766747521.082115 -2.298708 -3.104050 0.309518 -0.022619 0.005099 -0.604536 -0.796240
1766747521.139829 -2.285648 -3.066459 0.311504 -0.007195 0.011709 -0.600888 -0.799215
1766747521.188065 -2.274580 -3.030653 0.315539 0.006641 -0.004680 -0.594607 -0.803975
1766747521.240959 -2.262834 -2.991981 0.317074 0.011708 -0.004094 -0.592544 -0.805443
1766747521.295151 -2.252614 -2.947527 0.316424 0.012439 0.003197 -0.594211 -0.804207
1766747521.354882 -2.240585 -2.896257 0.315172 0.003590 0.014237 -0.596295 -0.802631
1766747521.405313 -2.225907 -2.841959 0.311314 -0.001659 -0.011834 -0.600645 -0.799426
1766747521.454315 -2.214415 -2.796540 0.313175 0.000804 -0.013190 -0.603691 -0.797109
1766747521.510393 -2.197893 -2.742164 0.315295 0.000399 -0.009084 -0.602570 -0.798014
1766747521.570368 -2.178575 -2.684981 0.315109 0.002430 0.001662 -0.602577 -0.798055
1766747521.617108 -2.167024 -2.646399 0.309930 0.013421 -0.012570 -0.600832 -0.799164
1766747521.672287 -2.149542 -2.589787 0.312455 0.013734 -0.005089 -0.600050 -0.799829
1766747521.725593 -2.134067 -2.535044 0.313494 0.008428 0.004653 -0.602360 -0.798166
1766747521.777956 -2.115294 -2.472390 0.302073 0.009067 0.000742 -0.605648 -0.795681
1766747521.845736 -2.106612 -2.451310 0.309949 0.020017 0.000725 -0.621746 -0.782963
1766747521.884824 -2.097842 -2.410923 0.315975 0.022981 -0.000258 -0.633234 -0.773620
1766747521.935083 -2.092821 -2.369138 0.316526 0.032432 0.003378 -0.635995 -0.771004
1766747521.987065 -2.082898 -2.327226 0.312883 0.028877 -0.001683 -0.637471 -0.769931
1766747522.051091 -2.077426 -2.289854 0.311803 0.015395 0.000483 -0.638638 -0.769354
1766747522.104118 -2.071723 -2.254410 0.316802 0.019958 -0.002494 -0.638759 -0.769144
1766747522.149435 -2.063235 -2.214880 0.317505 0.018735 0.000096 -0.639363 -0.768677
1766747522.200227 -2.053859 -2.167904 0.316270 0.010941 0.004632 -0.640261 -0.768065
1766747522.275826 -2.047496 -2.121051 0.313573 0.011575 -0.002915 -0.640885 -0.767544
1766747522.304717 -2.039588 -2.082400 0.314737 0.009352 -0.008576 -0.644822 -0.764228
1766747522.360819 -2.029513 -2.033905 0.316847 -0.001966 -0.007043 -0.644239 -0.764789
1766747522.409719 -2.016750 -1.980283 0.316886 -0.009474 0.003493 -0.644123 -0.764855
1766747522.467475 -2.012473 -1.928196 0.310351 0.017412 0.003839 -0.642121 -0.766396
1766747522.522014 -1.995349 -1.880201 0.313695 0.015417 -0.013207 -0.639541 -0.768489
1766747522.571368 -1.987266 -1.821859 0.316469 0.014328 -0.004176 -0.640498 -0.767815
1766747522.637483 -1.974102 -1.766408 0.306774 0.008916 -0.002975 -0.642422 -0.766294
1766747522.679744 -1.975139 -1.743396 0.305282 0.025209 0.009825 -0.642049 -0.766186
1766747522.732269 -1.962455 -1.698793 0.312670 0.015486 0.001548 -0.648312 -0.761216
1766747522.783827 -1.960029 -1.658148 0.316520 0.022575 -0.001620 -0.647367 -0.761842
1766747522.834602 -1.955399 -1.617169 0.314533 0.029237 -0.003062 -0.647516 -0.761485
1766747522.891527 -1.949611 -1.576826 0.314091 0.016184 -0.000997 -0.647677 -0.761742
1766747522.942328 -1.949730 -1.546760 0.315999 0.021155 0.002308 -0.647945 -0.761390
1766747522.999433 -1.946545 -1.526565 0.318238 0.019796 0.002308 -0.648151 -0.761251
1766747523.045223 -1.941314 -1.487400 0.317097 0.021290 0.004923 -0.648547 -0.760861
1766747523.104706 -1.935636 -1.450644 0.314467 0.017773 0.004922 -0.649372 -0.760248
1766747523.153951 -1.929011 -1.413741 0.310258 0.015637 -0.000522 -0.650644 -0.759222
1766747523.205194 -1.921474 -1.386218 0.308759 0.014660 0.001649 -0.652493 -0.757652
1766747523.264328 -1.915348 -1.354680 0.312229 0.006787 0.000619 -0.653440 -0.756948
1766747523.315274 -1.910976 -1.325761 0.311701 0.002875 -0.001169 -0.652495 -0.757786
1766747523.363678 -1.905381 -1.292745 0.309909 0.000238 0.002184 -0.652294 -0.757963
1766747523.425817 -1.899645 -1.255974 0.307594 0.002891 0.003217 -0.653215 -0.757160
1766747523.467728 -1.893516 -1.224577 0.309284 0.012742 -0.000580 -0.651331 -0.758686
1766747523.533258 -1.891246 -1.194799 0.314407 0.010344 0.000843 -0.651554 -0.758532
1766747523.575980 -1.886834 -1.163097 0.315446 0.012632 0.002215 -0.653232 -0.757049
1766747523.628354 -1.882772 -1.125849 0.313556 0.011798 0.004546 -0.654207 -0.756210
1766747523.681397 -1.876442 -1.088160 0.310264 0.010604 -0.002504 -0.655698 -0.754945
1766747523.735769 -1.873333 -1.052347 0.306678 0.018571 0.006810 -0.655963 -0.754534
1766747523.802781 -1.864931 -1.022347 0.310722 0.007746 0.001256 -0.657924 -0.753043
1766747523.845410 -1.861727 -0.992786 0.312620 0.004747 -0.000760 -0.657425 -0.753505
1766747523.898290 -1.858114 -0.959707 0.311836 0.007288 0.002405 -0.657091 -0.753773
1766747523.952771 -1.854097 -0.921996 0.309525 0.013843 0.006688 -0.657826 -0.753013
1766747524.010455 -1.848426 -0.888543 0.311332 0.013101 0.005544 -0.657330 -0.753469
1766747524.058714 -1.847145 -0.858492 0.316988 0.012881 0.006030 -0.657330 -0.753469
1766747524.111477 -1.842414 -0.826749 0.317638 0.014185 0.005455 -0.658268 -0.752630
1766747524.164451 -1.838328 -0.794088 0.315816 0.013913 0.004808 -0.652631 -0.757533
1766747524.230953 -1.831837 -0.761024 0.314677 0.014301 -0.002243 -0.633485 -0.773620
1766747524.282967 -1.827615 -0.732823 0.311892 0.018207 0.008696 -0.610600 -0.791682
1766747524.332992 -1.816083 -0.709114 0.316504 0.004842 0.000311 -0.582401 -0.812888
1766747524.387657 -1.808685 -0.690667 0.320332 -0.003853 -0.003881 -0.552805 -0.833293
1766747524.443733 -1.800817 -0.675810 0.321182 -0.006878 -0.004730 -0.529819 -0.848069
1766747524.491094 -1.783662 -0.650388 0.319295 -0.010051 -0.006431 -0.486244 -0.873742
1766747524.545388 -1.771436 -0.632227 0.318190 -0.004989 -0.010999 -0.450884 -0.892501
1766747524.604783 -1.755418 -0.613057 0.321413 0.004887 -0.010689 -0.413056 -0.910630
1766747524.659332 -1.743198 -0.598789 0.320134 0.008141 -0.012157 -0.369828 -0.928985
1766747524.713112 -1.728268 -0.584297 0.315866 0.009352 -0.008344 -0.331162 -0.943491
1766747524.765063 -1.708327 -0.569924 0.310869 0.006803 -0.006195 -0.290476 -0.956838
1766747524.818217 -1.684861 -0.560711 0.306329 0.006893 -0.007723 -0.257987 -0.966093
1766747524.871835 -1.665311 -0.547942 0.300390 0.008509 -0.004208 -0.256269 -0.966559
1766747524.924920 -1.641780 -0.537482 0.300260 -0.001783 -0.004920 -0.260648 -0.965420
1766747524.978716 -1.623526 -0.530640 0.303856 -0.011442 -0.007176 -0.261716 -0.965050
1766747525.035848 -1.602629 -0.522253 0.306255 -0.022397 -0.004738 -0.261651 -0.964891
1766747525.086698 -1.579907 -0.514174 0.307465 -0.028846 0.001602 -0.260494 -0.965043
1766747525.143293 -1.553092 -0.503975 0.307305 -0.037784 0.009532 -0.260183 -0.964773
1766747525.207992 -1.524125 -0.484915 0.311478 -0.009293 0.004091 -0.253940 -0.967167
1766747525.246982 -1.507267 -0.475992 0.313710 -0.009083 -0.002339 -0.252620 -0.967520
1766747525.299882 -1.487606 -0.461461 0.315378 -0.001460 -0.000618 -0.247196 -0.968964
1766747525.353647 -1.465656 -0.447562 0.314006 0.004186 0.003444 -0.234887 -0.972008
1766747525.417529 -1.441012 -0.434080 0.311747 0.004380 0.003061 -0.217007 -0.976156
1766747525.473676 -1.417964 -0.422916 0.309035 0.002685 0.004320 -0.193245 -0.981137
1766747525.516716 -1.394125 -0.415076 0.306073 0.004910 0.004173 -0.166702 -0.985986
1766747525.583466 -1.365065 -0.415497 0.304741 0.008636 0.000151 -0.141311 -0.989928
1766747525.634540 -1.335470 -0.411931 0.307131 0.001911 0.001792 -0.144504 -0.989501
1766747525.699865 -1.312924 -0.406895 0.308167 -0.000377 0.002310 -0.140946 -0.990015
1766747525.746675 -1.292445 -0.403951 0.308807 -0.006038 0.004907 -0.139028 -0.990258
1766747525.797041 -1.277262 -0.399788 0.308255 -0.009433 0.007447 -0.136043 -0.990630
1766747525.849769 -1.244389 -0.392336 0.306923 -0.006095 0.013356 -0.121352 -0.992501
1766747525.910695 -1.217761 -0.384890 0.305336 0.006747 0.010437 -0.102886 -0.994616
1766747525.958536 -1.192681 -0.381458 0.309897 0.011675 0.006156 -0.077302 -0.996920
1766747526.012841 -1.173478 -0.375935 0.313956 0.017226 -0.001721 -0.049991 -0.998600
1766747526.063631 -1.153472 -0.374011 0.314179 0.017823 -0.003213 -0.016990 -0.999692
1766747526.120592 -1.130079 -0.373533 0.312152 0.015357 -0.002506 0.017056 -0.999734
1766747526.171811 -1.106306 -0.376364 0.310210 0.008681 -0.001695 0.051898 -0.998613
1766747526.226889 -1.079272 -0.384981 0.307343 0.007881 0.000012 0.086737 -0.996200
1766747526.289265 -1.052887 -0.391398 0.300142 0.008905 0.003027 0.096292 -0.995309
1766747526.334654 -1.028206 -0.398563 0.301364 0.001473 0.003034 0.090080 -0.995929
1766747526.391447 -1.005108 -0.404221 0.305361 -0.004595 0.000504 0.092781 -0.995676
1766747526.443907 -0.983774 -0.410170 0.306745 -0.013707 0.004280 0.095138 -0.995361
1766747526.501503 -0.958308 -0.415992 0.307295 -0.018973 0.008588 0.095834 -0.995179
1766747526.552078 -0.933124 -0.423157 0.307251 -0.018989 0.016018 0.096072 -0.995064
1766747526.610455 -0.902044 -0.428348 0.307546 -0.006615 0.012114 0.097686 -0.995122
1766747526.658868 -0.869418 -0.435930 0.309355 -0.007169 -0.000030 0.100309 -0.994931
1766747526.711183 -0.846766 -0.436901 0.310661 -0.000991 0.001797 0.101138 -0.994870
1766747526.764018 -0.821435 -0.441120 0.310449 0.004773 0.002734 0.108666 -0.994063
1766747526.819854 -0.794737 -0.447034 0.309987 0.005923 0.000349 0.112626 -0.993620
1766747526.872335 -0.771281 -0.454186 0.309067 0.001697 -0.006713 0.111161 -0.993778
1766747526.925170 -0.753266 -0.462012 0.306414 0.002694 -0.012520 0.109031 -0.993956
1766747526.976541 -0.736770 -0.469736 0.303067 0.006921 -0.012064 0.106650 -0.994199
1766747527.033623 -0.722715 -0.477646 0.300278 0.011280 -0.008415 0.107083 -0.994151
1766747527.090755 -0.715454 -0.480931 0.303781 0.008269 -0.007562 0.117652 -0.992992
1766747527.138995 -0.711599 -0.483065 0.305988 0.003825 -0.003918 0.129708 -0.991537
1766747527.195615 -0.700892 -0.486807 0.308202 0.003396 -0.001949 0.154863 -0.987928
1766747527.248137 -0.687963 -0.493385 0.309098 0.003451 0.000125 0.182110 -0.983272
1766747527.308784 -0.674557 -0.500411 0.308474 0.007346 0.000755 0.212107 -0.977219
1766747527.355593 -0.660919 -0.507925 0.309303 0.014667 0.001822 0.244936 -0.969427
1766747527.412737 -0.641457 -0.516631 0.310930 0.019352 0.000233 0.254745 -0.966815
1766747527.461350 -0.628462 -0.525095 0.312593 0.012607 -0.001635 0.254340 -0.967031
1766747527.522882 -0.611641 -0.535895 0.313210 0.009943 -0.003379 0.255747 -0.966687
1766747527.569922 -0.590999 -0.548074 0.311891 0.007625 -0.004235 0.255256 -0.966834
1766747527.623997 -0.567921 -0.562993 0.308334 0.002117 -0.007763 0.253764 -0.967233
1766747527.682526 -0.545685 -0.574580 0.304963 0.009133 -0.002975 0.252833 -0.967462
1766747527.737398 -0.523167 -0.588099 0.303180 0.002901 0.001024 0.251596 -0.967827
1766747527.785122 -0.505811 -0.598116 0.305472 0.001883 0.000857 0.249957 -0.968255
1766747527.837918 -0.483950 -0.608801 0.305910 0.000170 0.001147 0.250323 -0.968162
1766747527.891333 -0.460600 -0.620655 0.306180 0.008527 0.000825 0.250940 -0.967965
1766747527.957027 -0.433174 -0.635511 0.305947 0.013218 -0.002282 0.250183 -0.968106
1766747527.997042 -0.407280 -0.649582 0.308333 0.015893 -0.002346 0.251337 -0.967767
1766747528.061502 -0.385618 -0.660906 0.311271 0.014238 -0.003970 0.249874 -0.968166
1766747528.106963 -0.359553 -0.676721 0.311943 0.012488 -0.007393 0.248995 -0.968396
1766747528.160170 -0.331647 -0.692912 0.310105 0.010653 -0.009585 0.247308 -0.968831
1766747528.210496 -0.304317 -0.710324 0.308209 0.005198 -0.011471 0.245500 -0.969315
1766747528.264807 -0.273292 -0.723636 0.306947 0.015294 -0.010405 0.244465 -0.969482
1766747528.323314 -0.249670 -0.742363 0.308025 0.005457 -0.004650 0.243222 -0.969944
1766747528.369447 -0.226034 -0.755222 0.311024 0.004249 -0.003056 0.242397 -0.970163
1766747528.424014 -0.199401 -0.769877 0.311477 0.005954 -0.002029 0.243179 -0.969961
1766747528.476563 -0.170664 -0.786330 0.310295 0.008285 0.000140 0.242852 -0.970028
1766747528.529972 -0.140776 -0.803728 0.308248 0.010297 -0.001432 0.241613 -0.970317
1766747528.587246 -0.112006 -0.817333 0.311035 0.013563 -0.005936 0.243703 -0.969737
1766747528.637660 -0.086425 -0.829476 0.314566 0.012120 -0.003739 0.241697 -0.970269
1766747528.691448 -0.058897 -0.844532 0.314893 0.011725 -0.002972 0.240438 -0.970589
1766747528.742878 -0.026088 -0.861435 0.313087 0.011108 -0.001045 0.238826 -0.970998
1766747528.797763 0.006951 -0.880458 0.310572 0.005614 -0.004188 0.237003 -0.971484
1766747528.858852 0.037415 -0.897736 0.305191 0.014843 -0.005867 0.236253 -0.971561
1766747528.907996 0.059102 -0.913730 0.308904 0.005765 -0.000031 0.234646 -0.972064
1766747528.956053 0.084691 -0.927457 0.311876 0.002654 0.001681 0.239864 -0.970801
1766747529.011523 0.110899 -0.941113 0.312110 0.011365 -0.002697 0.253745 -0.967201
1766747529.071557 0.136705 -0.956718 0.311008 0.010227 -0.002176 0.272392 -0.962130
1766747529.118270 0.162910 -0.966311 0.312740 0.016480 0.003616 0.295487 -0.955198
1766747529.173771 0.181138 -0.977216 0.316161 0.015864 -0.004569 0.302904 -0.952878
1766747529.226984 0.200903 -0.991035 0.316193 0.012893 -0.009206 0.304032 -0.952530
1766747529.281747 0.222430 -1.005857 0.314651 0.010287 -0.011658 0.303253 -0.952783
1766747529.334474 0.245999 -1.024815 0.311627 0.004124 -0.014841 0.301463 -0.953354
1766747529.388687 0.270639 -1.039806 0.308474 0.010251 -0.013300 0.300148 -0.953745
1766747529.439403 0.292289 -1.057933 0.306352 0.006400 -0.004774 0.299480 -0.954069
1766747529.499718 0.310386 -1.070718 0.309520 0.000588 -0.003172 0.297904 -0.954590
1766747529.548578 0.333473 -1.086189 0.310594 -0.001559 -0.001899 0.297484 -0.954724
1766747529.617614 0.355375 -1.101107 0.310209 0.004024 -0.001455 0.297297 -0.954776
1766747529.669986 0.391059 -1.126353 0.307896 0.007969 -0.005216 0.295747 -0.955219
1766747529.724670 0.417176 -1.141381 0.310330 0.013064 -0.006764 0.296561 -0.954901
1766747529.777264 0.440434 -1.156554 0.313709 0.010710 -0.007164 0.294503 -0.955564
1766747529.830681 0.462220 -1.172678 0.315607 0.009560 -0.008002 0.285326 -0.958350
1766747529.896986 0.489904 -1.191202 0.317737 0.009341 -0.015182 0.261913 -0.964927
1766747529.937770 0.518118 -1.206817 0.311986 0.005512 -0.021616 0.231935 -0.972475
1766747529.989696 0.545215 -1.221389 0.307811 0.016748 -0.018164 0.199829 -0.979519
1766747530.041816 0.558099 -1.234798 0.310665 0.012254 -0.020320 0.162459 -0.986430
1766747530.096932 0.579796 -1.242594 0.311627 0.012011 -0.022882 0.134325 -0.990600
1766747530.151080 0.602916 -1.248100 0.311508 0.018950 -0.026243 0.125658 -0.991545
1766747530.203569 0.628860 -1.257416 0.309494 0.020893 -0.025819 0.124704 -0.991638
1766747530.267393 0.651933 -1.263951 0.308491 0.019763 -0.016373 0.124961 -0.991830
1766747530.310094 0.675345 -1.270654 0.310761 0.019105 -0.020402 0.123010 -0.992012
1766747530.363297 0.696775 -1.278681 0.311889 0.017287 -0.022884 0.122351 -0.992072
1766747530.417286 0.726422 -1.287615 0.311056 0.013934 -0.025274 0.120699 -0.992270
1766747530.474516 0.755926 -1.298174 0.308885 0.007460 -0.027535 0.118704 -0.992520
1766747530.531332 0.787476 -1.303677 0.307789 0.018488 -0.018585 0.118526 -0.992605
1766747530.581430 0.813277 -1.312932 0.308686 0.007631 -0.014075 0.117131 -0.992988
1766747530.633694 0.839726 -1.319736 0.311001 0.002930 -0.011508 0.117423 -0.993011
1766747530.686609 0.865432 -1.325414 0.311473 0.003457 -0.011039 0.128549 -0.991636
1766747530.741998 0.895100 -1.332041 0.311721 0.018947 -0.015965 0.153481 -0.987841
1766747530.798074 0.921767 -1.345521 0.312914 0.008707 -0.006153 0.183086 -0.983039
1766747530.846669 0.943643 -1.348161 0.315519 0.020931 -0.012863 0.218628 -0.975499
1766747530.899556 0.960767 -1.356998 0.315969 0.018862 -0.016881 0.253009 -0.967133
1766747530.956980 0.979346 -1.368698 0.314725 0.018497 -0.017834 0.288250 -0.957211
1766747531.007060 0.996599 -1.385032 0.312958 0.007041 -0.016439 0.328184 -0.944445
1766747531.062610 1.008966 -1.396761 0.304714 0.015598 -0.017641 0.368795 -0.929213
1766747531.113549 1.019257 -1.402550 0.305039 0.015363 -0.014513 0.410944 -0.911416
1766747531.189287 1.021825 -1.405628 0.313199 0.007104 -0.011792 0.465951 -0.884704
1766747531.236833 1.027942 -1.411381 0.316621 -0.007238 -0.001674 0.510175 -0.860038
1766747531.289149 1.036115 -1.409921 0.316121 0.001371 -0.011033 0.555888 -0.831183
1766747531.341217 1.033760 -1.410526 0.316560 -0.001139 -0.006009 0.599913 -0.800042
1766747531.394435 1.038345 -1.409640 0.315036 0.003569 -0.011510 0.643256 -0.765556
1766747531.469431 1.042005 -1.411126 0.311411 0.010682 -0.015014 0.686343 -0.727045
1766747531.505392 1.042165 -1.408356 0.307827 0.011586 -0.018590 0.725989 -0.687358
1766747531.556908 1.041172 -1.409611 0.313230 0.008675 -0.019779 0.761109 -0.648265
1766747531.615822 1.043653 -1.408986 0.316361 0.008248 -0.016327 0.800271 -0.599359
1766747531.684826 1.042284 -1.410566 0.318597 0.011836 -0.025494 0.816841 -0.576177
1766747531.723947 1.042677 -1.413125 0.319226 0.009229 -0.018546 0.817668 -0.575318
1766747531.777974 1.041428 -1.414330 0.318017 0.005607 -0.014348 0.818028 -0.574973
1766747531.838461 1.038808 -1.414787 0.316973 0.003442 -0.011341 0.818109 -0.574942
1766747531.880340 1.036054 -1.415875 0.314563 0.001547 -0.008949 0.818459 -0.574493
1766747531.935440 1.034062 -1.417809 0.313756 0.000091 -0.007209 0.819225 -0.573427
1766747531.986274 1.033227 -1.419253 0.313377 -0.000320 -0.006285 0.820096 -0.572192
1766747532.043321 1.033399 -1.420006 0.314923 -0.000503 -0.005305 0.820864 -0.571100
1766747532.100074 1.034402 -1.420538 0.315164 0.000329 -0.004849 0.821624 -0.570009
1766747532.147280 1.035122 -1.421189 0.315330 0.000815 -0.004785 0.821668 -0.569946
1766747532.199880 1.034781 -1.422389 0.315236 0.000661 -0.003873 0.821125 -0.570736
1766747532.254653 1.034008 -1.423904 0.314915 0.000163 -0.003153 0.820876 -0.571098
1766747532.306530 1.033031 -1.425270 0.313185 -0.000353 -0.002655 0.820444 -0.571721
1766747532.362050 1.031993 -1.426732 0.313513 -0.000842 -0.002535 0.820289 -0.571943
1766747532.409674 1.031693 -1.428085 0.314152 -0.000409 -0.002947 0.824237 -0.566238
1766747532.463547 1.031780 -1.430077 0.313887 0.001626 -0.005007 0.834175 -0.551475
1766747532.514493 1.033128 -1.432969 0.313133 0.004402 -0.009961 0.847201 -0.531160
1766747532.571233 1.035131 -1.436202 0.311393 0.008620 -0.018131 0.863574 -0.503822
1766747532.622148 1.034667 -1.438270 0.311730 0.009245 -0.025725 0.880863 -0.472581
1766747532.675619 1.034257 -1.437899 0.311645 0.003079 -0.029687 0.897875 -0.439238
1766747532.732839 1.032495 -1.439368 0.310233 -0.006474 -0.026021 0.914306 -0.404135
1766747532.783144 1.031255 -1.439212 0.308603 -0.008045 -0.022227 0.928814 -0.369792
1766747532.837569 1.029780 -1.443844 0.308866 -0.001565 -0.022170 0.930338 -0.366030
1766747532.890722 1.029768 -1.447028 0.309401 -0.002150 -0.020232 0.928888 -0.369801
1766747532.945185 1.031072 -1.448629 0.308945 0.000857 -0.019875 0.927560 -0.373145
1766747533.003895 1.032514 -1.449457 0.309293 0.002495 -0.020097 0.926341 -0.376141
1766747533.054695 1.034044 -1.449805 0.309953 0.004366 -0.019989 0.925343 -0.378578
1766747533.107143 1.035045 -1.450143 0.310456 0.005252 -0.019537 0.924374 -0.380950
1766747533.164016 1.035076 -1.450328 0.311821 0.005400 -0.016425 0.926537 -0.375806
1766747533.216833 1.035243 -1.452209 0.313089 0.003665 -0.013299 0.931715 -0.362929
1766747533.278983 1.036546 -1.453035 0.315248 0.001883 -0.013020 0.940167 -0.340460
1766747533.322976 1.036441 -1.454914 0.317069 0.000299 -0.011107 0.950989 -0.309026
1766747533.386402 1.036021 -1.457104 0.318829 -0.000921 -0.010096 0.961914 -0.273165
1766747533.437064 1.034875 -1.459498 0.319914 -0.002042 -0.010380 0.973879 -0.226819
1766747533.498589 1.033909 -1.460999 0.320259 -0.002497 -0.010936 0.983414 -0.181030
1766747533.538985 1.033767 -1.460855 0.319748 -0.000963 -0.005227 0.990744 -0.135640
1766747533.591975 1.035849 -1.466561 0.317324 0.000143 -0.005314 0.996612 -0.082080
1766747533.647453 1.036417 -1.464985 0.318061 -0.003920 -0.006330 0.999443 -0.032549
1766747533.701754 1.034638 -1.466039 0.315926 -0.012339 -0.003839 0.999723 0.019680
1766747533.749038 1.031758 -1.466161 0.313256 -0.021394 0.000300 0.997095 0.073108
1766747533.802106 1.029657 -1.465507 0.310289 -0.016742 -0.002492 0.991818 0.126534
1766747533.853774 1.023294 -1.472774 0.307787 -0.012314 -0.004295 0.985780 0.167533
1766747533.932832 1.016759 -1.474082 0.311730 -0.016127 0.000715 0.983054 0.182604
1766747533.969158 1.010721 -1.474056 0.311707 -0.017117 -0.000963 0.982666 0.184593
1766747534.017391 1.002963 -1.470952 0.312005 -0.017848 -0.000535 0.983091 0.182247
1766747534.072509 0.993935 -1.468276 0.311423 -0.019079 -0.000214 0.983439 0.180235
1766747534.124068 0.985427 -1.466030 0.310480 -0.020813 -0.000794 0.983524 0.179575
1766747534.174426 0.973107 -1.462216 0.309452 -0.020525 -0.001648 0.983657 0.178871
1766747534.226993 0.956868 -1.457304 0.308201 -0.020234 -0.005101 0.983732 0.178428
1766747534.280226 0.938982 -1.450713 0.306116 -0.015778 -0.005324 0.984054 0.177090
1766747534.348870 0.919093 -1.443545 0.306654 -0.009134 -0.016071 0.984300 0.175534
1766747534.391596 0.897866 -1.439047 0.309895 -0.009385 -0.024356 0.984392 0.174044
1766747534.443539 0.879397 -1.434099 0.311937 -0.011177 -0.022290 0.983599 0.178637
1766747534.496471 0.859540 -1.427609 0.311280 -0.009892 -0.021529 0.981140 0.191839
1766747534.553499 0.835812 -1.420519 0.308824 -0.004564 -0.019608 0.977157 0.211565
1766747534.606647 0.811014 -1.410655 0.306536 0.000460 -0.019729 0.972848 0.230604
1766747534.660629 0.789478 -1.400046 0.304061 0.001881 -0.013364 0.972182 0.233837
1766747534.712930 0.767566 -1.384985 0.301156 -0.006112 -0.009638 0.973344 0.229067
1766747534.766380 0.750155 -1.371947 0.301929 0.000201 -0.004569 0.973305 0.229470
1766747534.820176 0.731680 -1.360923 0.304168 0.003215 -0.000280 0.972772 0.231741
1766747534.869825 0.712198 -1.351630 0.304623 0.007916 0.003791 0.972544 0.232553
1766747534.922882 0.690088 -1.340297 0.304646 0.011345 -0.000320 0.972099 0.234296
1766747534.980642 0.664081 -1.326830 0.303916 0.012354 -0.002215 0.972093 0.234259
1766747535.030261 0.637398 -1.314628 0.303197 0.003762 -0.006606 0.971815 0.235623
1766747535.098214 0.610776 -1.302378 0.308486 -0.000201 -0.009190 0.971406 0.237248
1766747535.134225 0.588633 -1.293459 0.311437 -0.000330 -0.009691 0.971825 0.235503
1766747535.188148 0.561298 -1.281190 0.310725 0.000456 -0.012309 0.972158 0.234002
1766747535.248780 0.527919 -1.266628 0.308883 0.001928 -0.013224 0.972508 0.232485
1766747535.296029 0.499869 -1.251741 0.307596 0.000292 -0.007919 0.972842 0.231337
1766747535.349503 0.472506 -1.234937 0.303228 -0.004844 -0.018946 0.970742 0.239329
1766747535.402590 0.454106 -1.221927 0.306995 -0.001256 -0.011827 0.967601 0.252206
1766747535.456125 0.434878 -1.210853 0.311247 0.000630 -0.008776 0.962273 0.271945
1766747535.514970 0.409900 -1.196564 0.312035 -0.001976 -0.010021 0.959194 0.282564
1766747535.569063 0.387249 -1.181027 0.311020 0.001639 -0.008263 0.959081 0.283008
1766747535.622274 0.362162 -1.166652 0.307660 0.000747 -0.011197 0.959680 0.280870
1766747535.684897 0.339228 -1.154290 0.307237 -0.008976 -0.010854 0.958710 0.284038
1766747535.754157 0.314985 -1.143041 0.312907 -0.009503 -0.016030 0.955837 0.293306
1766747535.795088 0.295817 -1.133422 0.314701 -0.005431 -0.015147 0.953295 0.301612
1766747535.845122 0.274535 -1.122364 0.313670 0.000237 -0.018382 0.952589 0.303704
1766747535.901199 0.249309 -1.109156 0.311103 0.005743 -0.023380 0.952688 0.302995
1766747535.962184 0.224680 -1.093578 0.308318 0.006031 -0.014249 0.953908 0.299702
1766747536.008625 0.203092 -1.077152 0.305022 -0.003008 -0.005187 0.955339 0.295452
1766747536.064046 0.184664 -1.060357 0.306643 -0.000246 -0.005516 0.956455 0.291829
1766747536.122143 0.167167 -1.045742 0.307449 0.007011 -0.001838 0.956691 0.291014
1766747536.169703 0.145991 -1.031195 0.306803 0.009586 -0.003825 0.956191 0.292560
1766747536.225363 0.121877 -1.013325 0.305804 0.013168 -0.005299 0.956063 0.292817
1766747536.277001 0.094108 -0.996469 0.304401 0.006675 -0.012386 0.955982 0.293087
1766747536.328911 0.069010 -0.976502 0.308314 -0.001592 -0.008910 0.955091 0.296175
1766747536.388515 0.045697 -0.963234 0.313168 -0.002619 -0.009077 0.955712 0.294151
1766747536.438138 0.021072 -0.946746 0.313741 -0.004287 -0.009210 0.956307 0.292189
1766747536.490459 -0.008556 -0.928525 0.311717 -0.003058 -0.010611 0.956668 0.290973
1766747536.545904 -0.039369 -0.906838 0.308901 -0.006369 -0.004380 0.957270 0.289094
1766747536.603333 -0.073907 -0.887221 0.305158 -0.008711 -0.016420 0.957169 0.288932
1766747536.657130 -0.092707 -0.868483 0.309163 -0.003409 -0.006894 0.957885 0.287050
1766747536.712285 -0.119429 -0.851725 0.311664 0.002353 -0.001052 0.958088 0.286463
1766747536.770331 -0.149557 -0.831132 0.312225 0.005975 -0.000326 0.957968 0.286814
1766747536.817036 -0.183875 -0.805319 0.312633 0.009093 -0.002881 0.958479 0.285005
1766747536.876044 -0.213340 -0.784247 0.312003 -0.008344 -0.007968 0.957428 0.288442
1766747536.922784 -0.248606 -0.760383 0.316501 -0.009909 -0.006975 0.956763 0.290615
1766747536.978178 -0.288291 -0.734645 0.318006 -0.007579 -0.011502 0.957373 0.288526
1766747537.031434 -0.332534 -0.706675 0.317305 0.001354 -0.012756 0.958067 0.286257
1766747537.086826 -0.383762 -0.676335 0.313081 -0.006004 -0.002755 0.958560 0.284813
1766747537.144264 -0.426612 -0.650616 0.313623 -0.011021 -0.000361 0.959875 0.280212
1766747537.198492 -0.473968 -0.618217 0.316362 -0.003494 -0.000226 0.959361 0.282160
1766747537.249536 -0.522157 -0.594962 0.299768 -0.002169 -0.012010 0.959020 0.283075
1766747537.313596 -0.548746 -0.574944 0.308215 -0.009855 -0.002423 0.959468 0.281636
1766747537.364902 -0.601381 -0.548039 0.315070 -0.011001 -0.005147 0.958704 0.284145
1766747537.413236 -0.642651 -0.522437 0.317057 -0.006618 -0.008374 0.959507 0.281484
1766747537.467426 -0.686695 -0.494103 0.315227 -0.000575 -0.008452 0.960193 0.279208
1766747537.519868 -0.733186 -0.463809 0.311157 -0.009301 -0.006185 0.960438 0.278270
1766747537.584322 -0.770078 -0.440055 0.314793 -0.007818 0.000343 0.961543 0.274542
1766747537.626204 -0.804433 -0.420396 0.315607 -0.005433 -0.002181 0.960999 0.276489
1766747537.693363 -0.848100 -0.398792 0.312410 -0.008372 -0.012079 0.960562 0.277677
1766747537.733415 -0.885582 -0.371945 0.304041 -0.009951 -0.001213 0.961297 0.275332
1766747537.790372 -0.913711 -0.363551 0.310704 -0.011268 -0.005320 0.960718 0.277247
1766747537.842910 -0.939095 -0.345336 0.314260 -0.012336 -0.007802 0.960446 0.278084
1766747537.892198 -0.967263 -0.326002 0.312144 -0.013594 -0.005629 0.958292 0.285411
1766747537.952596 -0.994161 -0.307508 0.310274 -0.018084 -0.003304 0.953426 0.301067
1766747538.002756 -1.017394 -0.289592 0.308433 -0.012470 -0.012277 0.946389 0.322557
1766747538.056134 -1.032518 -0.273383 0.310175 -0.009004 -0.005921 0.937755 0.347130
1766747538.109516 -1.043832 -0.263759 0.313338 -0.003932 -0.000826 0.931742 0.363098
1766747538.155757 -1.060187 -0.245826 0.313589 0.001699 0.003493 0.929919 0.367743
1766747538.221359 -1.075509 -0.227608 0.312133 0.009357 0.008141 0.931084 0.364593
1766747538.266430 -1.093719 -0.210908 0.313239 -0.006366 -0.000198 0.930696 0.365738
1766747538.315438 -1.110436 -0.192549 0.313261 -0.007226 0.006258 0.930968 0.364976
1766747538.369038 -1.128864 -0.179830 0.314778 -0.001766 0.002423 0.930669 0.365850
1766747538.422255 -1.149191 -0.165446 0.314229 0.002631 -0.004856 0.929501 0.368779
1766747538.476140 -1.169698 -0.146677 0.308507 0.007112 -0.010268 0.925903 0.377554
1766747538.528718 -1.189991 -0.129292 0.304301 0.006131 -0.009749 0.918712 0.394760
1766747538.582655 -1.204373 -0.113698 0.301722 -0.000603 -0.008962 0.909804 0.414942
1766747538.635618 -1.216040 -0.096368 0.306941 0.002678 -0.002921 0.904321 0.426835
1766747538.699825 -1.224543 -0.079224 0.308837 0.009516 0.000918 0.903076 0.429375
1766747538.746076 -1.239548 -0.058405 0.309431 0.008724 -0.000862 0.902596 0.430400
1766747538.797106 -1.250245 -0.041102 0.308772 0.011769 -0.000874 0.902028 0.431517
1766747538.862838 -1.263423 -0.020914 0.307019 0.017581 -0.000350 0.900394 0.434721
1766747538.911836 -1.280728 0.001150 0.305647 0.012478 -0.006847 0.894880 0.446081
1766747538.961289 -1.296005 0.023988 0.307279 0.002629 -0.004456 0.885006 0.465551
1766747539.012495 -1.310535 0.041471 0.312020 -0.005413 -0.009063 0.874991 0.484025
1766747539.068594 -1.322054 0.061891 0.313150 -0.006959 -0.003335 0.870707 0.491741
1766747539.132041 -1.335041 0.084613 0.313006 -0.008726 0.001336 0.870666 0.491795
1766747539.180861 -1.348686 0.109499 0.310988 -0.010965 0.005487 0.871734 0.489827
1766747539.231434 -1.362811 0.132784 0.307383 -0.015477 0.001449 0.871866 0.489498
1766747539.284685 -1.376232 0.158299 0.306044 -0.012201 -0.007395 0.867255 0.497661
1766747539.344093 -1.385741 0.175783 0.307265 -0.011575 -0.002121 0.859544 0.510926
1766747539.393935 -1.395539 0.194093 0.309788 -0.009291 0.000673 0.854549 0.519287
1766747539.444289 -1.405901 0.213898 0.309743 -0.008159 -0.000737 0.853203 0.521515
1766747539.494958 -1.415570 0.235136 0.308278 -0.006416 -0.001526 0.853682 0.520753
1766747539.551012 -1.428736 0.261710 0.305742 -0.007137 -0.005278 0.852849 0.522082
1766747539.615035 -1.439801 0.284297 0.307642 -0.009122 -0.009940 0.846066 0.532908
1766747539.654218 -1.450643 0.302702 0.312260 -0.014354 -0.016179 0.836535 0.547486
1766747539.710131 -1.461311 0.322451 0.314328 -0.020362 -0.012481 0.822646 0.568052
1766747539.775260 -1.469007 0.342139 0.312693 -0.019757 -0.013287 0.806462 0.590806
1766747539.821389 -1.476584 0.365081 0.310017 -0.015372 -0.011420 0.787960 0.615429
1766747539.871911 -1.481223 0.389024 0.307702 -0.008431 -0.009333 0.766713 0.641867
1766747539.923189 -1.482901 0.411316 0.304241 -0.003892 -0.006480 0.745011 0.667010
1766747539.975226 -1.483011 0.437257 0.303599 -0.008821 -0.000146 0.731642 0.681633
1766747540.041631 -1.480481 0.459027 0.305802 0.000161 0.000558 0.729824 0.683635
1766747540.083724 -1.478582 0.478937 0.307080 0.001803 0.002555 0.727021 0.686608
1766747540.137947 -1.474662 0.497779 0.307568 0.007280 0.003790 0.725560 0.688110
1766747540.189076 -1.473168 0.518710 0.306306 0.018289 0.003229 0.724955 0.688546
1766747540.249304 -1.472867 0.546214 0.303874 0.028291 -0.002928 0.725115 0.688041
1766747540.298550 -1.478910 0.581333 0.309207 0.002202 -0.008769 0.720480 0.693417
1766747540.347256 -1.479253 0.606920 0.310939 0.003173 -0.000815 0.719596 0.694386
1766747540.402956 -1.483064 0.638941 0.313113 0.001151 -0.008846 0.720497 0.693401
1766747540.456374 -1.489287 0.679170 0.311956 0.002789 -0.019228 0.721944 0.691679
1766747540.511055 -1.495282 0.722367 0.309897 0.010782 -0.024761 0.723812 0.689469
1766747540.567694 -1.500417 0.759228 0.309995 -0.003216 -0.007637 0.724902 0.688803
1766747540.612296 -1.506013 0.779561 0.308421 -0.020334 -0.018961 0.721095 0.692278
1766747540.669022 -1.512971 0.810895 0.313771 -0.027921 -0.014286 0.713200 0.700258
1766747540.719424 -1.526193 0.838919 0.313406 -0.040201 -0.012387 0.701554 0.711374
1766747540.773202 -1.537258 0.857906 0.313223 -0.029603 -0.009264 0.688528 0.724546
1766747540.827684 -1.549944 0.877076 0.311252 -0.025172 -0.011610 0.674003 0.738208
1766747540.882692 -1.560587 0.884996 0.313852 -0.028533 -0.012328 0.658336 0.752082
1766747540.957497 -1.564587 0.891429 0.314913 -0.019261 -0.011562 0.637069 0.770479
1766747540.985693 -1.570726 0.904805 0.313420 -0.016310 -0.020950 0.606316 0.794780
1766747541.037518 -1.577978 0.915030 0.313757 -0.015260 -0.015518 0.576698 0.816667
1766747541.095521 -1.570809 0.927243 0.315302 -0.019456 -0.003813 0.564468 0.825217
1766747541.144335 -1.567968 0.935600 0.314676 -0.021220 0.002451 0.562128 0.826775
1766747541.195045 -1.560385 0.953053 0.313923 -0.021443 0.007880 0.563028 0.826122
1766747541.248926 -1.548847 0.976252 0.312749 -0.015597 0.005089 0.564699 0.825134
1766747541.307029 -1.544507 0.998869 0.311371 -0.021905 -0.002407 0.564689 0.825010
1766747541.363487 -1.530272 1.029438 0.311586 -0.007631 0.001889 0.565723 0.824558
1766747541.416694 -1.519399 1.060243 0.311632 0.002348 0.000745 0.564133 0.825680
1766747541.473178 -1.506131 1.095380 0.311263 0.002291 -0.005633 0.563318 0.826218
1766747541.527457 -1.486469 1.141724 0.311744 -0.002368 -0.009646 0.564913 0.825091
1766747541.597433 -1.480474 1.154296 0.308275 -0.009718 0.000176 0.562538 0.826715
1766747541.631875 -1.463185 1.203357 0.311722 -0.015049 -0.006870 0.560428 0.828038
1766747541.686214 -1.446330 1.250894 0.312196 -0.013031 -0.016430 0.562212 0.826728
1766747541.744168 -1.428597 1.302720 0.312056 -0.006303 -0.027722 0.564088 0.825226
1766747541.794898 -1.409537 1.353922 0.311137 -0.002263 0.002810 0.568331 0.822792
1766747541.849085 -1.391482 1.401799 0.311737 -0.001513 0.005297 0.570010 0.821619
1766747541.899108 -1.370552 1.451562 0.314147 0.001919 0.000328 0.568435 0.822726
1766747541.961168 -1.339973 1.519681 0.308480 0.002177 -0.010379 0.568527 0.822596
1766747542.013592 -1.327102 1.553998 0.310368 -0.008843 0.005212 0.566521 0.823984
1766747542.077896 -1.304114 1.609446 0.314234 -0.009727 -0.001944 0.565663 0.824577
1766747542.119412 -1.282317 1.666636 0.316801 -0.006511 -0.011669 0.568138 0.822825
1766747542.172566 -1.258740 1.737825 0.308781 -0.004685 -0.011169 0.569411 0.821964
1766747542.224478 -1.239886 1.785536 0.312978 -0.007860 0.004685 0.572447 0.819891
1766747542.284690 -1.217550 1.842817 0.316027 -0.001982 0.000905 0.571543 0.820570
1766747542.332175 -1.193705 1.901612 0.317957 -0.004628 -0.010779 0.570955 0.820898
1766747542.382988 -1.186993 1.935051 0.307916 -0.021847 -0.001527 0.569468 0.821722
1766747542.437883 -1.164132 1.986965 0.310042 -0.021433 0.004655 0.567679 0.822958
1766747542.506458 -1.142357 2.049825 0.312655 -0.015288 -0.009218 0.569352 0.821900
1766747542.543525 -1.117773 2.119787 0.297977 -0.012511 -0.011797 0.570607 0.821043
1766747542.595027 -1.107134 2.123302 0.307823 -0.009350 -0.003400 0.574923 0.818147
1766747542.659110 -1.084675 2.182385 0.314903 -0.004392 -0.000552 0.574754 0.818314
1766747542.716326 -1.063453 2.244222 0.294121 -0.001885 -0.011855 0.574280 0.818571
1766747542.761557 -1.043772 2.291602 0.305697 -0.012497 0.002208 0.574799 0.818196
1766747542.812822 -1.012187 2.364496 0.308094 -0.014267 0.003095 0.573947 0.818762
1766747542.865424 -0.990044 2.430714 0.310529 -0.013086 -0.006173 0.576271 0.817131
1766747542.923936 -0.974096 2.476424 0.304632 -0.021691 -0.011957 0.575965 0.817099
1766747542.972816 -0.955266 2.509076 0.308959 -0.008665 0.001710 0.581974 0.813160
1766747543.025947 -0.933095 2.572079 0.313780 -0.006656 -0.005283 0.581747 0.813326
1766747543.079203 -0.919893 2.618756 0.295914 -0.014872 -0.007374 0.581861 0.813119
1766747543.131620 -0.910928 2.616700 0.304740 -0.009423 -0.002671 0.580462 0.814228
1766747543.187881 -0.893563 2.654248 0.301937 -0.001073 0.014292 0.580459 0.814164
1766747543.238830 -0.877554 2.662178 0.296935 -0.005514 0.029484 0.581779 0.812794
1766747543.292401 -0.867905 2.680316 0.304987 -0.019867 0.016009 0.582591 0.812365
1766747543.345437 -0.860428 2.698717 0.303483 -0.013943 0.020348 0.584818 0.810790
1766747543.416149 -0.854962 2.715246 0.304856 -0.014490 0.020523 0.586333 0.809681
1766747543.455833 -0.851377 2.723110 0.311307 -0.013111 0.023059 0.587798 0.808573
1766747543.506520 -0.849711 2.730478 0.308158 -0.008042 0.021951 0.588593 0.808091
1766747543.558559 -0.849872 2.735545 0.310801 -0.004082 0.013942 0.588699 0.808222
1766747543.619558 -0.850266 2.738998 0.310110 0.001285 0.005341 0.587503 0.809204
1766747543.669111 -0.851190 2.741441 0.305504 0.006121 -0.002198 0.585455 0.810679
1766747543.719030 -0.852399 2.746196 0.299610 0.010853 -0.006694 0.584151 0.811545
1766747543.773324 -0.852356 2.748259 0.298066 0.012580 -0.006517 0.585582 0.810490
1766747543.836504 -0.852968 2.750870 0.296771 0.014005 -0.005378 0.584914 0.810957
1766747543.879057 -0.853033 2.750659 0.298621 0.014002 -0.005064 0.585497 0.810538
1766747543.931445 -0.856014 2.749691 0.302663 0.007178 -0.000191 0.597082 0.802148
1766747543.984396 -0.856432 2.745709 0.307569 0.004955 0.009015 0.622167 0.782817
1766747544.044450 -0.859052 2.744376 0.309451 0.006345 0.011794 0.650108 0.759724
1766747544.095859 -0.860961 2.741459 0.311873 0.010852 0.014267 0.679663 0.733305
1766747544.148634 -0.866115 2.742925 0.312481 0.015840 0.015461 0.710707 0.703140
1766747544.208818 -0.879085 2.747986 0.314148 0.012852 0.015442 0.724513 0.688968
1766747544.252547 -0.882537 2.748066 0.312789 -0.000306 0.016745 0.728139 0.685225
1766747544.319201 -0.886848 2.751139 0.311510 -0.010708 0.018531 0.730814 0.682241
1766747544.362358 -0.885925 2.754375 0.308616 -0.009190 0.020162 0.730807 0.682225
1766747544.416728 -0.887114 2.759448 0.307678 -0.016369 0.014447 0.732620 0.680288
1766747544.469139 -0.884810 2.764179 0.307806 -0.017661 0.012315 0.742079 0.669967
1766747544.531979 -0.883113 2.772176 0.309286 -0.021624 0.013105 0.756632 0.653352
1766747544.575026 -0.881695 2.785055 0.311174 -0.024193 0.014564 0.773742 0.632871
1766747544.628334 -0.882972 2.797822 0.310212 -0.023968 0.007529 0.792588 0.609240
1766747544.681546 -0.883715 2.813882 0.308989 -0.018775 0.004725 0.814481 0.579867
1766747544.743938 -0.882715 2.824286 0.308764 -0.018312 0.008838 0.828896 0.559033
1766747544.794095 -0.886969 2.836100 0.309143 -0.019055 0.013255 0.832584 0.553412
1766747544.840756 -0.893981 2.851536 0.309835 -0.022798 0.006616 0.832197 0.553973
1766747544.895176 -0.902759 2.869756 0.309242 -0.023427 0.001754 0.832030 0.554233
1766747544.965160 -0.912720 2.898260 0.306814 -0.017686 -0.000744 0.832423 0.553858
1766747545.009646 -0.922105 2.920753 0.309395 -0.023106 -0.014255 0.830307 0.556644
1766747545.057505 -0.933184 2.947224 0.312006 -0.023973 -0.014086 0.831416 0.554954
1766747545.109577 -0.941827 2.973522 0.312328 -0.022895 -0.012316 0.834369 0.550592
1766747545.162045 -0.955885 3.008277 0.311826 -0.029973 -0.004577 0.844229 0.535125
1766747545.224706 -0.968373 3.043190 0.303415 -0.039366 -0.004928 0.858827 0.510728
1766747545.269530 -0.977681 3.069260 0.301676 -0.036319 -0.017247 0.867610 0.495617
1766747545.322491 -0.988910 3.095597 0.307312 -0.028874 -0.006465 0.870776 0.490789
1766747545.374282 -1.004647 3.122297 0.309822 -0.023922 -0.009945 0.870304 0.491833
1766747545.432850 -1.022982 3.154170 0.310782 -0.018108 -0.017571 0.870584 0.491372
1766747545.484775 -1.039796 3.183796 0.308661 -0.021112 -0.021913 0.869769 0.492520
1766747545.536010 -1.061577 3.216042 0.312851 -0.023412 -0.021476 0.868247 0.495114
1766747545.588257 -1.082720 3.251122 0.315051 -0.021364 -0.023719 0.868583 0.494514
1766747545.643228 -1.109561 3.291339 0.314066 -0.010352 -0.023318 0.870072 0.492264
1766747545.697479 -1.141865 3.337062 0.314197 0.000501 -0.023016 0.870887 0.490944
1766747545.748544 -1.164385 3.376483 0.310097 -0.009914 -0.006668 0.872987 0.487598
1766747545.802959 -1.191584 3.421603 0.314557 0.000726 0.003081 0.874255 0.485457
1766747545.865550 -1.217532 3.467209 0.317552 0.006012 -0.005671 0.873040 0.487579
1766747545.907151 -1.246012 3.524305 0.310155 0.012436 -0.010891 0.872980 0.487476
1766747545.962723 -1.271198 3.557390 0.311298 -0.018039 -0.005999 0.871742 0.489597
1766747546.014704 -1.289343 3.597708 0.309974 -0.022870 -0.001799 0.875762 0.482198
1766747546.080012 -1.310736 3.640872 0.295828 -0.026738 0.009467 0.884135 0.466371
1766747546.130830 -1.332029 3.676109 0.300487 -0.026364 -0.002835 0.898275 0.438633
1766747546.172457 -1.344690 3.694869 0.305239 -0.021742 -0.011738 0.912675 0.407938
1766747546.226348 -1.361863 3.720659 0.311960 -0.023151 -0.008659 0.931007 0.364163
1766747546.284869 -1.393136 3.738731 0.313981 -0.021454 -0.017799 0.948647 0.315107
1766747546.334943 -1.425298 3.756294 0.311096 -0.020695 -0.016806 0.956428 0.290751
1766747546.390920 -1.444568 3.771129 0.306646 -0.014590 -0.020493 0.956078 0.292031
1766747546.442276 -1.472158 3.786115 0.312446 -0.020879 -0.027007 0.954919 0.294896
1766747546.498916 -1.493342 3.798778 0.314417 -0.017507 -0.032368 0.955899 0.291380
1766747546.554263 -1.530001 3.819008 0.315433 -0.010110 -0.038645 0.957174 0.286745
1766747546.604858 -1.566211 3.840099 0.314837 0.006621 -0.038100 0.958046 0.283994
1766747546.660327 -1.601323 3.864480 0.313740 -0.004915 -0.010725 0.960671 0.277440
1766747546.713109 -1.633864 3.885199 0.313849 -0.011559 -0.007640 0.961633 0.273991
1766747546.764589 -1.671142 3.910883 0.316639 -0.001316 0.000178 0.961360 0.275292
1766747546.820672 -1.708905 3.939151 0.318095 0.010345 -0.000481 0.961096 0.276021
1766747546.871356 -1.756821 3.967293 0.310073 -0.004549 -0.012104 0.960525 0.277895
1766747546.927595 -1.787896 3.994678 0.312920 -0.020793 0.000285 0.959346 0.281467
1766747546.981099 -1.834567 4.023508 0.316367 -0.016402 -0.005845 0.959542 0.281025
1766747547.032160 -1.886796 4.056922 0.317246 -0.008009 -0.007734 0.960429 0.278301
1766747547.088514 -1.935138 4.083424 0.311330 -0.012436 -0.006011 0.960812 0.276857
1766747547.141803 -1.983730 4.117380 0.313018 -0.010602 0.002371 0.961923 0.273105
1766747547.201825 -2.024766 4.139639 0.300698 -0.011135 -0.007583 0.957365 0.288568
1766747547.251384 -2.063574 4.166738 0.302883 -0.011382 -0.000447 0.945476 0.325494
1766747547.304535 -2.096233 4.186176 0.308177 -0.005292 -0.003693 0.928786 0.370561
1766747547.358780 -2.113779 4.201532 0.299468 -0.010191 -0.005841 0.911924 0.410190
1766747547.418911 -2.128628 4.220839 0.297198 -0.017436 0.000063 0.903923 0.427340
1766747547.466771 -2.160283 4.251436 0.299279 -0.019960 -0.011777 0.893648 0.448170
1766747547.518960 -2.174204 4.274675 0.307132 -0.017165 0.009714 0.883648 0.467737
1766747547.571241 -2.189875 4.294671 0.313231 -0.017647 0.009997 0.868431 0.495396
1766747547.628850 -2.205247 4.322248 0.315607 -0.017438 0.010611 0.861895 0.506677
1766747547.705979 -2.222440 4.348913 0.315666 -0.025320 0.005218 0.861731 0.506707
1766747547.731536 -2.239106 4.384201 0.314201 -0.012170 0.004562 0.864343 0.502734
1766747547.784696 -2.257737 4.408326 0.315388 -0.015485 -0.007016 0.863660 0.503789
1766747547.840199 -2.270058 4.432016 0.314643 -0.014742 -0.009433 0.864782 0.501842
1766747547.900170 -2.290321 4.466611 0.313392 -0.009949 -0.015433 0.866084 0.499562
1766747547.950380 -2.314249 4.504229 0.312295 -0.001967 -0.019944 0.867101 0.497730
1766747547.998290 -2.333406 4.546891 0.307048 -0.004810 -0.001193 0.867335 0.497701
1766747548.051560 -2.358612 4.577666 0.310111 -0.019487 -0.010231 0.860780 0.508502
1766747548.120607 -2.378263 4.610058 0.315050 -0.026612 -0.013236 0.846447 0.531643
1766747548.158612 -2.396388 4.642342 0.300732 -0.037509 -0.014233 0.827037 0.560714
1766747548.215126 -2.422518 4.670010 0.306353 -0.024936 -0.008864 0.806443 0.590720
1766747548.264562 -2.429386 4.690964 0.309083 -0.026279 -0.001941 0.798733 0.601108
1766747548.326682 -2.436984 4.715493 0.313155 -0.024217 0.005764 0.796108 0.604642
1766747548.372098 -2.444800 4.746090 0.313193 -0.017335 0.011223 0.797327 0.603194
1766747548.424630 -2.448950 4.779706 0.306271 -0.013009 0.008987 0.793476 0.608396
1766747548.479715 -2.451056 4.804905 0.303455 -0.009819 0.004245 0.781466 0.623856
1766747548.541286 -2.457758 4.830352 0.310645 -0.005230 0.006510 0.767883 0.640536
1766747548.585293 -2.463089 4.859722 0.312907 -0.005099 0.003758 0.762598 0.646842
1766747548.638030 -2.466713 4.890582 0.311870 -0.002903 0.002805 0.762521 0.646951
1766747548.691184 -2.471263 4.927218 0.308511 -0.000930 -0.000632 0.764658 0.644436
1766747548.758462 -2.477521 4.966583 0.311455 -0.016836 -0.001629 0.762938 0.646250
1766747548.801187 -2.485771 4.997801 0.314955 -0.015799 -0.004777 0.763939 0.645078
1766747548.851379 -2.493358 5.039990 0.317262 -0.011881 -0.009466 0.765538 0.643212
1766747548.904739 -2.504726 5.084554 0.315706 -0.005756 -0.016114 0.767485 0.640839
1766747548.959756 -2.513571 5.135704 0.310565 -0.000426 -0.017005 0.768875 0.639173
1766747549.013145 -2.522976 5.184712 0.310165 -0.015311 -0.007255 0.771714 0.635744
1766747549.066067 -2.530625 5.233109 0.314405 -0.001874 -0.002395 0.773247 0.634098
1766747549.138037 -2.540308 5.282567 0.317698 0.000797 -0.009032 0.772082 0.635458
1766747549.173783 -2.550080 5.344000 0.315538 -0.002836 -0.012676 0.772566 0.634802
1766747549.226593 -2.554059 5.382074 0.313548 -0.011758 0.004469 0.770290 0.637570
1766747549.278094 -2.557352 5.427486 0.312642 -0.014437 0.001128 0.767706 0.640639
1766747549.334918 -2.562031 5.489191 0.310470 -0.012182 0.011822 0.756447 0.653834
1766747549.393687 -2.572575 5.521303 0.302889 -0.023937 -0.011909 0.736250 0.676181
1766747549.451663 -2.570567 5.554024 0.309476 -0.011331 -0.006671 0.711257 0.702809
1766747549.498243 -2.573622 5.585338 0.318778 -0.012077 -0.001458 0.680485 0.732661
1766747549.550108 -2.573980 5.613486 0.321116 -0.015817 0.000918 0.646124 0.763068
1766747549.601835 -2.566086 5.641548 0.322691 -0.004093 0.018319 0.624479 0.780816
1766747549.670475 -2.564529 5.670565 0.321075 -0.017746 0.015320 0.623975 0.781093
1766747549.713321 -2.558663 5.694810 0.321975 -0.011073 0.011520 0.622188 0.782705
1766747549.771943 -2.552232 5.730139 0.320862 -0.004965 0.004238 0.621068 0.783730
1766747549.822616 -2.537592 5.765289 0.316931 0.001508 0.005127 0.615695 0.787966
1766747549.875380 -2.532341 5.799333 0.310558 0.000311 -0.003725 0.604842 0.796337
1766747549.927985 -2.519786 5.822030 0.315663 0.011922 0.002002 0.606332 0.795120
1766747549.981138 -2.510443 5.852891 0.318090 0.018169 0.003215 0.606798 0.794642
1766747550.033881 -2.498271 5.886313 0.317214 0.020945 -0.001705 0.606771 0.794599
1766747550.090285 -2.485263 5.924763 0.314551 0.022512 -0.006714 0.606869 0.794455
1766747550.141565 -2.473786 5.966741 0.314394 -0.008524 0.001544 0.601614 0.798740
1766747550.194453 -2.463792 6.004394 0.315022 -0.011972 0.003389 0.599542 0.800247
1766747550.247665 -2.453960 6.050908 0.316800 -0.014442 -0.006901 0.600294 0.799620
1766747550.309931 -2.443427 6.101591 0.316354 -0.006102 -0.017499 0.602512 0.797895
1766747550.366558 -2.425928 6.160723 0.305840 0.004354 -0.000453 0.606148 0.795340
1766747550.411165 -2.416510 6.207290 0.308524 -0.007577 0.006291 0.608578 0.793433
1766747550.461084 -2.412219 6.246008 0.310100 -0.006316 0.005048 0.614474 0.788896
1766747550.515183 -2.400703 6.299162 0.314857 -0.017865 -0.002419 0.640864 0.767443
1766747550.567958 -2.393046 6.333363 0.311556 -0.025443 -0.004079 0.674366 0.737947
1766747550.623974 -2.386559 6.367714 0.312279 -0.023480 -0.027519 0.692033 0.720959
1766747550.671638 -2.385279 6.404980 0.324163 -0.031734 -0.027973 0.694292 0.718449
1766747550.724983 -2.384075 6.439403 0.321759 -0.026968 -0.026649 0.694544 0.718451
1766747550.787064 -2.385955 6.478796 0.318637 -0.025173 -0.028553 0.693217 0.719723
1766747550.830312 -2.383095 6.518784 0.314894 -0.027070 -0.005863 0.695903 0.717602
1766747550.883870 -2.379687 6.555759 0.318271 -0.018448 -0.001101 0.698005 0.715855
1766747550.943812 -2.376950 6.597476 0.321194 -0.009840 -0.004146 0.696386 0.717589
1766747551.000309 -2.374691 6.645173 0.319127 -0.009803 -0.017275 0.687092 0.726299
1766747551.058076 -2.367108 6.691849 0.317134 -0.003059 -0.006399 0.657265 0.753626
1766747551.109464 -2.365323 6.721478 0.320467 -0.008409 -0.007235 0.622722 0.782364
1766747551.161538 -2.356895 6.748178 0.308233 -0.007799 0.002938 0.591540 0.806233
1766747551.218470 -2.347009 6.769588 0.305603 -0.011054 0.006214 0.552539 0.833391
1766747551.280588 -2.341111 6.791900 0.309405 0.002041 0.011155 0.516258 0.856358
1766747551.323510 -2.332129 6.814795 0.315832 0.002390 0.016513 0.495609 0.868386
1766747551.377293 -2.318156 6.839163 0.317231 0.003285 0.016103 0.490733 0.871155
1766747551.434654 -2.305005 6.860183 0.315362 0.008209 0.013440 0.494145 0.869237
1766747551.487006 -2.290593 6.885130 0.314278 -0.006544 0.018313 0.492110 0.870316
1766747551.537804 -2.274770 6.905437 0.315210 -0.005678 0.021381 0.481773 0.876017
1766747551.600677 -2.265780 6.924268 0.317066 -0.004318 0.014685 0.476552 0.879013
1766747551.647338 -2.255412 6.946252 0.317318 -0.003379 0.007828 0.475952 0.879430
1766747551.709542 -2.243126 6.972701 0.313980 -0.004093 -0.005400 0.476663 0.879060
1766747551.770280 -2.226881 6.994273 0.308912 -0.002016 -0.003384 0.470965 0.882143
1766747551.815127 -2.214374 7.013549 0.303999 -0.010435 -0.007404 0.457387 0.889176
1766747551.868851 -2.200074 7.028165 0.305434 -0.006319 -0.006906 0.440150 0.897876
1766747551.917814 -2.190843 7.039423 0.308755 -0.006075 -0.006731 0.427387 0.904023
1766747551.990413 -2.176912 7.053450 0.310491 0.001975 -0.007702 0.424816 0.905245
1766747552.026969 -2.160837 7.068317 0.310539 0.011661 -0.010079 0.425443 0.904854
1766747552.078217 -2.143493 7.087971 0.311033 0.002109 -0.005837 0.416179 0.909262
1766747552.130491 -2.127220 7.104000 0.310914 -0.008824 -0.002624 0.399201 0.916817
1766747552.194849 -2.112092 7.121098 0.312712 -0.016905 -0.004949 0.379218 0.925140
1766747552.247908 -2.102045 7.134840 0.314994 -0.019528 0.000823 0.354973 0.934672
1766747552.292270 -2.087333 7.147892 0.313209 -0.021224 0.000780 0.326798 0.944856
1766747552.345292 -2.067890 7.163938 0.309304 -0.019813 -0.002792 0.308919 0.950878
1766747552.402813 -2.047777 7.178091 0.305626 -0.014565 -0.000066 0.306794 0.951665
1766747552.452082 -2.027316 7.193051 0.301390 -0.017911 0.003280 0.308481 0.951056
1766747552.507550 -2.002909 7.207086 0.300530 -0.013300 0.001570 0.312527 0.949815
1766747552.563098 -1.985400 7.217996 0.302340 -0.007360 0.001503 0.313098 0.949691
1766747552.613478 -1.966905 7.230805 0.303459 0.000431 0.003542 0.311341 0.950292
1766747552.670723 -1.946271 7.245521 0.303765 -0.003042 0.000904 0.305219 0.952277
1766747552.720689 -1.924952 7.261085 0.303624 -0.011602 -0.001176 0.292276 0.956263
1766747552.774814 -1.900981 7.273621 0.304553 -0.004894 -0.004641 0.274478 0.961570
1766747552.827675 -1.881123 7.287818 0.308669 -0.018030 -0.008261 0.248230 0.968498
1766747552.882380 -1.862240 7.299156 0.311076 -0.024418 -0.002813 0.221041 0.974955
1766747552.934491 -1.843611 7.306061 0.311198 -0.022236 0.002021 0.189593 0.981609
1766747552.987370 -1.821518 7.312275 0.310423 -0.020659 0.007717 0.164104 0.986197
1766747553.047297 -1.793650 7.318658 0.307807 -0.012391 0.019392 0.157953 0.987179
1766747553.103016 -1.768228 7.326785 0.304541 -0.020253 0.019991 0.157286 0.987143
1766747553.156492 -1.744291 7.336202 0.301718 -0.020641 0.009761 0.157749 0.987215
1766747553.201670 -1.725340 7.340204 0.302915 -0.007266 0.014558 0.159058 0.987135
1766747553.256568 -1.705105 7.348183 0.306349 -0.001826 0.015286 0.150135 0.988546
1766747553.314152 -1.681709 7.358274 0.307951 -0.010582 0.014507 0.137673 0.990315
1766747553.364693 -1.653322 7.365629 0.307739 -0.011088 0.016622 0.135617 0.990560
1766747553.421549 -1.623317 7.375105 0.308584 -0.011043 0.002890 0.136466 0.990579
1766747553.479361 -1.594741 7.386597 0.312032 -0.024418 0.001935 0.135039 0.990538
1766747553.531408 -1.568673 7.395100 0.312685 -0.025720 0.002040 0.137543 0.990160
1766747553.593605 -1.538653 7.404705 0.312459 -0.027298 -0.002613 0.139481 0.989845
1766747553.637494 -1.501579 7.418868 0.311719 -0.025270 -0.011054 0.141493 0.989555
1766747553.692343 -1.458587 7.431310 0.308910 -0.009156 -0.010648 0.144453 0.989412
1766747553.743361 -1.419703 7.445950 0.311226 -0.012322 0.001326 0.148419 0.988847
1766747553.815074 -1.373865 7.456591 0.314323 0.000005 -0.004597 0.148588 0.988889
1766747553.850588 -1.328422 7.469309 0.316915 -0.002083 -0.010789 0.146062 0.989215
1766747553.904790 -1.271271 7.481325 0.315912 -0.001548 -0.018203 0.146718 0.989010
1766747553.956476 -1.234303 7.492211 0.312886 -0.003527 0.010198 0.143654 0.989569
1766747554.018600 -1.180081 7.506810 0.316170 -0.009459 0.010363 0.142841 0.989646
1766747554.077792 -1.124840 7.522971 0.316936 -0.009713 0.005450 0.145876 0.989240
1766747554.117270 -1.059990 7.543813 0.311433 -0.004482 0.007755 0.147154 0.989073
1766747554.173181 -1.046839 7.546063 0.310256 0.004474 0.014055 0.152108 0.988254
1766747554.224857 -0.994911 7.561137 0.315373 0.008158 0.008722 0.152728 0.988196
1766747554.276803 -0.943180 7.585351 0.316479 0.000286 -0.004934 0.156646 0.987643
1766747554.334454 -0.898215 7.598730 0.307515 -0.013292 -0.000086 0.185588 0.982538
1766747554.380967 -0.899838 7.584431 0.317011 -0.002342 -0.001675 0.224164 0.974547
1766747554.444364 -0.858568 7.595173 0.329921 -0.015184 0.003440 0.269305 0.962929
1766747554.488037 -0.826273 7.605267 0.318789 -0.027640 0.018075 0.319578 0.946984
1766747554.542843 -0.803814 7.609282 0.324586 -0.043097 -0.000940 0.374528 0.926213
1766747554.595073 -0.782003 7.607905 0.328430 -0.018316 -0.003282 0.426005 0.904529
1766747554.650525 -0.771780 7.606494 0.332756 -0.020229 -0.009402 0.472756 0.880911
1766747554.708060 -0.761917 7.608116 0.323519 -0.019489 -0.013790 0.527089 0.849475
1766747554.751040 -0.754789 7.619741 0.309335 0.005760 -0.018426 0.565941 0.824220
1766747554.804652 -0.749971 7.640024 0.320524 -0.004200 0.003016 0.571348 0.820692
1766747554.860597 -0.745069 7.654302 0.320348 -0.016572 0.005090 0.568138 0.822751
1766747554.912481 -0.736681 7.676028 0.318275 -0.013155 0.013266 0.569788 0.821580
1766747554.963402 -0.731633 7.695661 0.317511 -0.017426 0.012680 0.571722 0.820165
1766747555.018601 -0.722852 7.720489 0.315455 -0.018230 0.011097 0.573926 0.818629
1766747555.070685 -0.710836 7.754067 0.312665 -0.014488 0.004366 0.576339 0.817071
1766747555.125748 -0.697471 7.788448 0.307382 -0.017727 0.004288 0.578527 0.815460
1766747555.178370 -0.683192 7.822072 0.307002 -0.010498 0.008599 0.582181 0.812946
1766747555.233543 -0.670390 7.855544 0.308681 -0.000511 0.004455 0.581032 0.813869
1766747555.284128 -0.656985 7.893059 0.311613 -0.010112 -0.007783 0.566980 0.823633
1766747555.342296 -0.624763 7.927775 0.303921 -0.002145 0.006293 0.545194 0.838283
1766747555.388300 -0.619933 7.960592 0.308400 -0.006865 0.015579 0.534096 0.845253
1766747555.443815 -0.603186 7.994156 0.311750 -0.011736 0.019375 0.535404 0.844292
1766747555.513944 -0.583056 8.031026 0.311997 -0.004100 0.017545 0.539399 0.841858
1766747555.547131 -0.566949 8.072673 0.310291 -0.004098 0.015243 0.539454 0.841868
1766747555.601414 -0.544504 8.105445 0.310947 0.013083 0.021197 0.539613 0.841545
1766747555.657663 -0.525812 8.145453 0.316008 0.017287 0.019346 0.539048 0.841875
1766747555.711369 -0.503861 8.186938 0.318025 0.020394 0.006213 0.538562 0.842316
1766747555.771534 -0.478566 8.232797 0.311249 0.017509 0.002253 0.538969 0.842141
1766747555.817024 -0.459746 8.271899 0.312004 -0.006222 0.021397 0.535134 0.844473
1766747555.879188 -0.434954 8.320695 0.315526 -0.009651 0.011994 0.535497 0.844397
1766747555.920360 -0.413067 8.369883 0.316584 -0.008691 0.000650 0.537285 0.843356
1766747555.987340 -0.390932 8.429657 0.311367 -0.011142 0.000876 0.537606 0.843122
1766747556.029432 -0.385285 8.447326 0.311861 -0.019867 0.007955 0.533867 0.845298
1766747556.081604 -0.373350 8.486735 0.302409 -0.037723 0.008334 0.516445 0.855448
1766747556.130998 -0.369358 8.504043 0.296658 -0.035349 0.017517 0.492041 0.869678
1766747556.192268 -0.363080 8.539460 0.305137 -0.024664 0.009435 0.463628 0.885636
1766747556.239164 -0.347574 8.564001 0.308911 -0.026964 0.014199 0.455797 0.889562
1766747556.291316 -0.329788 8.589955 0.311380 -0.021273 0.017725 0.454581 0.890275
1766747556.344352 -0.306684 8.618038 0.311426 -0.014076 0.016036 0.456380 0.889529
1766747556.411377 -0.286089 8.654990 0.310103 -0.023927 0.004446 0.456618 0.889330
1766747556.450032 -0.260787 8.677360 0.309263 -0.002694 0.011008 0.458467 0.888639
1766747556.511046 -0.240249 8.704248 0.312116 0.005957 0.007578 0.457640 0.889085
1766747556.565970 -0.206402 8.746199 0.314267 0.008395 -0.005469 0.456365 0.889736
1766747556.616561 -0.175201 8.789086 0.309351 -0.005969 -0.005385 0.455512 0.890193
1766747556.674013 -0.145274 8.822319 0.311096 -0.010267 0.015799 0.451542 0.892051
1766747556.725219 -0.117304 8.861709 0.314396 -0.012251 0.007565 0.450468 0.892677
1766747556.777135 -0.085307 8.907717 0.316045 -0.009379 -0.003990 0.452631 0.891640
1766747556.830166 -0.045925 8.965670 0.310913 -0.005262 -0.001084 0.454628 0.890665
1766747556.887172 -0.021465 9.002003 0.310766 -0.005325 0.010294 0.457778 0.888991
1766747556.936284 0.010343 9.045820 0.315030 0.000984 0.005572 0.457383 0.889252
1766747556.991552 0.047373 9.095278 0.317549 -0.002009 -0.007544 0.455988 0.889952
1766747557.053430 0.066503 9.120974 0.308228 -0.007781 0.004439 0.456662 0.889595
1766747557.096011 0.088391 9.147295 0.311858 -0.013511 0.012357 0.454008 0.890810
1766747557.150663 0.125169 9.199734 0.315535 -0.014156 0.001976 0.455834 0.889950
1766747557.203953 0.164093 9.256516 0.305899 -0.009589 -0.002964 0.457751 0.889024
1766747557.260782 0.177578 9.266621 0.307630 -0.010091 0.010972 0.461983 0.886764
1766747557.324632 0.210930 9.314758 0.314321 -0.005599 0.009163 0.463440 0.886063
1766747557.369679 0.248562 9.367448 0.312366 -0.006362 -0.003978 0.462696 0.886486
1766747557.433119 0.274097 9.400015 0.304837 -0.007616 0.004603 0.463090 0.886267
1766747557.475106 0.284847 9.413894 0.309015 -0.010317 0.012314 0.459118 0.888230
1766747557.530941 0.320924 9.467100 0.312123 -0.009273 -0.000452 0.461145 0.887277
1766747557.600939 0.376691 9.554079 0.303407 -0.013771 -0.003799 0.462550 0.886478
1766747557.656444 0.404421 9.602317 0.309845 -0.005693 0.006185 0.467254 0.884083
1766747557.710074 0.442345 9.656794 0.315642 -0.001318 0.001846 0.466356 0.884595
1766747557.764090 0.483076 9.710758 0.302058 -0.004004 -0.009902 0.466348 0.884537
1766747557.827979 0.451388 9.680427 0.303118 -0.012732 0.009700 0.464490 0.885434
1766747557.883336 0.485777 9.726786 0.312650 -0.011680 0.004163 0.463949 0.885775
1766747557.939641 0.521123 9.782299 0.307067 -0.007788 -0.008604 0.467343 0.884000
1766747557.994297 0.554057 9.826641 0.307320 -0.009561 0.004929 0.469429 0.882905
1766747558.046861 0.584403 9.875112 0.312088 -0.000071 0.012110 0.472550 0.881221
1766747558.099245 0.622526 9.928585 0.316395 0.000313 0.000651 0.471457 0.881889
1766747558.165254 0.658103 9.976262 0.299922 -0.001088 -0.004699 0.471184 0.882022
1766747558.207038 0.674047 10.002988 0.305168 -0.020594 0.013977 0.468993 0.882851
1766747558.259043 0.715702 10.063692 0.307777 -0.019257 0.007378 0.470617 0.882096
1766747558.310417 0.749520 10.120662 0.293432 -0.018926 0.006139 0.473051 0.880810
1766747558.379752 0.760495 10.139939 0.298557 -0.005453 -0.000165 0.478496 0.878073
1766747558.419828 0.799961 10.198611 0.308384 -0.000221 0.001470 0.481635 0.876371
1766747558.479344 0.841815 10.256351 0.314153 0.000346 -0.006726 0.482512 0.875863
1766747558.526854 0.838234 10.253000 0.306527 -0.008174 0.011122 0.481766 0.876191
1766747558.592900 0.881247 10.314434 0.312534 -0.006005 0.014379 0.480179 0.877032
1766747558.650306 0.924173 10.386991 0.307043 -0.009318 0.001316 0.481982 0.876131
1766747558.698608 0.933518 10.396641 0.306503 -0.010635 0.000578 0.483198 0.875446
1766747558.753701 0.969740 10.451886 0.312183 -0.004206 0.005702 0.488810 0.872361
1766747558.809240 1.000242 10.506587 0.294087 -0.005189 -0.002028 0.488131 0.872753
1766747558.870733 1.001397 10.517863 0.292822 -0.005927 0.001746 0.489528 0.871966
1766747558.931997 1.009436 10.524742 0.303437 -0.008413 0.006904 0.485751 0.874030
1766747558.973961 1.044036 10.583687 0.309436 -0.006690 -0.006511 0.488710 0.872396
1766747559.026578 1.082473 10.649763 0.294598 -0.008051 -0.010152 0.490270 0.871474
1766747559.080592 1.092966 10.666945 0.305633 -0.010557 0.001995 0.494412 0.869161
1766747559.148939 1.132317 10.729685 0.310413 -0.001477 -0.000106 0.495837 0.868414
1766747559.187231 1.172974 10.790760 0.302127 0.000566 -0.011758 0.495180 0.868711
1766747559.250111 1.158763 10.782475 0.301678 -0.010958 0.002946 0.493982 0.869398
1766747559.291540 1.191309 10.820831 0.313196 -0.014306 0.006987 0.506278 0.862223
1766747559.343696 1.219429 10.843468 0.298487 -0.011479 0.025029 0.536846 0.843231
1766747559.393708 1.226029 10.873736 0.303553 -0.034522 0.007364 0.558115 0.829013
1766747559.448638 1.246055 10.918810 0.303919 -0.058409 -0.018142 0.567432 0.821146
1766747559.512357 1.255007 10.967154 0.299399 -0.066150 -0.017767 0.574448 0.815671
1766747559.568118 1.269565 11.002418 0.302827 -0.042899 -0.018794 0.580683 0.812781
1766747559.611217 1.280363 11.035771 0.309476 -0.047056 -0.020474 0.579051 0.813675
1766747559.662969 1.294072 11.073909 0.314484 -0.041715 -0.019110 0.579259 0.813852
1766747559.718030 1.309419 11.118711 0.317565 -0.028669 -0.022160 0.579133 0.814427
1766747559.783859 1.325179 11.161028 0.314631 -0.016182 -0.000154 0.581763 0.813197
1766747559.820474 1.334036 11.198838 0.314492 -0.018100 0.001285 0.572820 0.819480
1766747559.875056 1.345593 11.240895 0.316160 -0.030158 -0.005685 0.541758 0.839974
1766747559.927390 1.357489 11.285548 0.305911 -0.022728 0.003054 0.505618 0.862453
1766747559.989900 1.371537 11.316948 0.305125 0.009052 0.021006 0.491924 0.870337
1766747560.038225 1.386805 11.355108 0.312252 -0.001534 0.028815 0.482978 0.875157
1766747560.091097 1.409136 11.389018 0.313927 0.003938 0.027690 0.484133 0.874547
1766747560.141681 1.429283 11.425316 0.308625 0.001546 0.011995 0.485936 0.873911
1766747560.204684 1.452190 11.452617 0.311512 0.020426 0.017463 0.488867 0.871944
1766747560.252585 1.473041 11.482480 0.314975 0.023654 0.009944 0.488473 0.872202
1766747560.303299 1.501127 11.518539 0.315633 0.028016 -0.004362 0.488072 0.872343
1766747560.359855 1.526261 11.563097 0.307279 -0.005677 -0.001535 0.483351 0.875407
1766747560.419037 1.554627 11.601367 0.310697 -0.009388 0.013335 0.478552 0.877908
1766747560.475971 1.582960 11.643112 0.315791 -0.011414 0.007434 0.486210 0.873736
1766747560.528266 1.612817 11.687468 0.300585 -0.009411 0.023055 0.520655 0.853404
1766747560.579058 1.619307 11.716997 0.306864 -0.042879 -0.003499 0.552573 0.832354
1766747560.635157 1.641047 11.754290 0.311122 -0.048709 0.001538 0.566067 0.822918
1766747560.695481 1.649749 11.802104 0.313537 -0.072104 -0.010816 0.568311 0.819577
1766747560.738653 1.670162 11.830332 0.306213 -0.038378 0.002952 0.573090 0.818588
1766747560.794399 1.680612 11.863945 0.306405 -0.040964 0.001473 0.572888 0.818608
1766747560.847425 1.695345 11.897736 0.312103 -0.036476 0.006128 0.571614 0.819689
1766747560.901424 1.711819 11.936978 0.315638 -0.027790 0.003309 0.571399 0.820195
1766747560.957076 1.729067 11.989380 0.316317 -0.018551 0.005387 0.571175 0.820601
1766747561.008649 1.745022 12.022333 0.310941 -0.009861 0.011067 0.574199 0.818582
1766747561.060498 1.761784 12.065199 0.311488 0.000873 0.003867 0.573276 0.819353
1766747561.116223 1.782279 12.115273 0.312803 0.007824 -0.009942 0.572184 0.820028
1766747561.170605 1.806331 12.173300 0.300347 0.007414 -0.017538 0.572145 0.819931
1766747561.222872 1.821659 12.220297 0.306488 -0.018434 -0.004021 0.570476 0.821098
1766747561.276697 1.842659 12.274833 0.310449 -0.017483 -0.007365 0.570209 0.821281
1766747561.330467 1.862531 12.332913 0.312522 -0.012618 -0.014699 0.572479 0.819690
1766747561.393090 1.882974 12.395702 0.308232 -0.012499 -0.009375 0.574110 0.818629
1766747561.436794 1.893270 12.411111 0.310352 -0.006415 -0.000211 0.578746 0.815483
1766747561.490817 1.914215 12.464188 0.314977 0.000511 -0.002905 0.577940 0.816074
1766747561.544517 1.939782 12.525987 0.308531 0.001866 -0.012626 0.577724 0.816133
1766747561.603021 1.934956 12.521870 0.308124 -0.011857 0.001355 0.575561 0.817672
1766747561.651056 1.953061 12.562601 0.311726 -0.011557 -0.000441 0.574808 0.818207
1766747561.703569 1.975009 12.625394 0.315129 -0.007394 -0.010370 0.577347 0.816399
1766747561.757913 1.995577 12.696401 0.309095 -0.011839 -0.010492 0.577471 0.816258
1766747561.814404 2.013121 12.746667 0.313316 -0.004373 0.004871 0.583617 0.812003
1766747561.862924 2.030465 12.800993 0.314898 -0.000218 0.000991 0.584809 0.811171
1766747561.914636 2.042063 12.857546 0.294645 -0.008737 -0.009564 0.591161 0.806450
1766747561.970852 2.060166 12.871512 0.304640 0.004448 -0.005443 0.604218 0.796788
1766747562.023618 2.072093 12.919860 0.318351 -0.001479 -0.005062 0.606454 0.795101
1766747562.077819 2.087392 12.964029 0.318932 -0.005733 -0.004481 0.609670 0.792622
1766747562.130501 2.103235 13.008915 0.317891 -0.006617 0.000766 0.610222 0.792202
1766747562.184402 2.118947 13.051014 0.310627 -0.008946 -0.011588 0.610114 0.792179
1766747562.245386 2.132051 13.086481 0.317749 0.003416 -0.001810 0.612079 0.790787
1766747562.290962 2.143565 13.126169 0.320067 0.007176 -0.004333 0.612715 0.790260
1766747562.344509 2.162187 13.179040 0.321401 0.010285 -0.010824 0.614362 0.788883
1766747562.396567 2.170839 13.219509 0.315891 -0.014087 0.001614 0.611576 0.791059
1766747562.448296 2.187872 13.265303 0.316341 -0.010790 0.007546 0.609419 0.792739
1766747562.507228 2.202075 13.319629 0.316622 -0.006426 -0.000552 0.610973 0.791625
1766747562.555874 2.216999 13.382212 0.316738 -0.000036 -0.004678 0.613148 0.789954
1766747562.610303 2.230079 13.430404 0.309695 -0.005541 0.004192 0.615007 0.788491
1766747562.664561 2.244550 13.486541 0.312307 0.004856 0.004799 0.615633 0.788004
1766747562.730498 2.261814 13.545793 0.315628 0.009783 -0.007192 0.614638 0.788716
1766747562.780031 2.277180 13.608652 0.307942 -0.003646 -0.008109 0.614430 0.788921
1766747562.827622 2.283294 13.622728 0.312863 -0.011235 0.010856 0.610488 0.791871
1766747562.881166 2.298009 13.682045 0.317183 -0.010759 0.001231 0.610636 0.791838
1766747562.938790 2.313918 13.745090 0.311449 -0.005618 -0.004712 0.613002 0.790047
1766747562.984942 2.320713 13.767439 0.307618 -0.009870 0.001352 0.614770 0.788643
1766747563.037285 2.336354 13.822357 0.312105 -0.005955 0.007058 0.619470 0.784966
1766747563.090806 2.351707 13.882777 0.316225 -0.005809 -0.002012 0.618489 0.785770
1766747563.153936 2.374413 13.950960 0.304217 -0.006775 -0.004807 0.619044 0.785312
1766747563.194503 2.358224 13.906061 0.307417 -0.019844 0.005397 0.616010 0.787470
1766747563.246797 2.375318 13.971796 0.310546 -0.020030 -0.002327 0.615706 0.787718
1766747563.299161 2.391119 14.037531 0.300267 -0.013893 -0.009604 0.618407 0.785677
1766747563.360170 2.396330 14.056281 0.303885 -0.014518 -0.003187 0.620465 0.784093
1766747563.406673 2.411231 14.112047 0.310083 -0.004110 0.002852 0.625827 0.779946
1766747563.457417 2.415738 14.167136 0.309496 -0.005686 -0.004680 0.630129 0.776456
1766747563.509166 2.430473 14.208547 0.299224 -0.000699 -0.007433 0.641486 0.767099
1766747563.571142 2.439807 14.245420 0.308693 0.013912 -0.012165 0.655769 0.754736
1766747563.619411 2.448825 14.294467 0.320940 0.003019 -0.005830 0.662730 0.748830
1766747563.673357 2.455308 14.336208 0.321777 -0.002106 -0.005639 0.664852 0.746951
1766747563.723943 2.462445 14.380497 0.319755 -0.006128 -0.003983 0.664307 0.747425
1766747563.777848 2.474185 14.418615 0.317043 -0.001338 -0.003354 0.664764 0.747045
1766747563.831834 2.480616 14.455343 0.320060 0.001862 0.003226 0.666142 0.745816
1766747563.886811 2.486928 14.495260 0.320483 0.004559 -0.000973 0.666541 0.745454
1766747563.935228 2.497690 14.545353 0.319501 0.008662 -0.006509 0.668065 0.744025
1766747563.999696 2.500570 14.583166 0.313255 -0.016570 0.001832 0.665136 0.746536
1766747564.043443 2.508366 14.632289 0.314752 -0.017553 0.003196 0.664377 0.747185
1766747564.110455 2.513899 14.689965 0.315295 -0.012532 -0.006693 0.666668 0.745219
1766747564.164043 2.520344 14.768455 0.308890 -0.008759 -0.009839 0.668023 0.744024
1766747564.213511 2.524156 14.806566 0.310184 -0.011381 -0.000113 0.669719 0.742527
1766747564.271881 2.531599 14.863517 0.313932 0.000361 0.003198 0.669979 0.742374
1766747564.322332 2.538987 14.920993 0.317042 0.001881 -0.008704 0.668183 0.743944
1766747564.373442 2.546314 14.983007 0.310449 -0.011424 -0.007438 0.668083 0.743962
1766747564.426251 2.557778 15.031518 0.313719 -0.018925 0.007086 0.664631 0.746898
1766747564.482529 2.563929 15.094267 0.316557 -0.017233 -0.003419 0.664840 0.746779
1766747564.536033 2.580377 15.156925 0.314156 -0.006544 -0.006476 0.655552 0.755094
1766747564.585339 2.572735 15.183868 0.308541 -0.024424 -0.027020 0.627605 0.777679
1766747564.636980 2.581312 15.233649 0.313746 -0.013238 -0.017143 0.605929 0.795224
1766747564.689821 2.588651 15.277364 0.318279 -0.013879 -0.013251 0.598838 0.800640
1766747564.748095 2.597778 15.322763 0.323673 -0.013920 -0.012338 0.599103 0.800456
1766747564.796496 2.606962 15.364450 0.320882 -0.016221 -0.011433 0.602522 0.797856
1766747564.849065 2.613995 15.401821 0.318727 -0.015618 -0.013786 0.603784 0.796876
1766747564.906444 2.622114 15.436292 0.321402 -0.013429 -0.010058 0.603212 0.797404
1766747564.961230 2.632618 15.479106 0.321027 -0.012422 -0.015446 0.604213 0.796576
1766747565.010549 2.643540 15.524769 0.319144 -0.008404 -0.019906 0.605423 0.795610
1766747565.062298 2.658917 15.580560 0.311589 -0.002094 -0.009187 0.607152 0.794530
1766747565.117270 2.668430 15.622481 0.314527 -0.009704 0.000071 0.610701 0.791802
1766747565.170939 2.683075 15.671847 0.317047 -0.002913 -0.000823 0.612206 0.790693
1766747565.227633 2.698567 15.725503 0.318606 -0.002502 -0.011744 0.612275 0.790553
1766747565.276892 2.713742 15.778029 0.311979 -0.010622 -0.009569 0.612807 0.790103
1766747565.329564 2.717331 15.789286 0.309802 -0.014129 0.002153 0.609263 0.792839
1766747565.386038 2.733776 15.849221 0.312203 -0.010370 -0.005276 0.609983 0.792330
1766747565.435537 2.751810 15.909635 0.303227 -0.005375 -0.008829 0.611972 0.790812
1766747565.491252 2.757369 15.921658 0.305458 -0.006020 -0.001249 0.613578 0.789610
1766747565.542040 2.776019 15.979124 0.312798 0.007489 0.003018 0.617822 0.786276
1766747565.606114 2.792041 16.036812 0.319549 0.009143 -0.008532 0.616366 0.787361
1766747565.654220 2.812469 16.105974 0.310858 0.003997 -0.010384 0.616270 0.787457
1766747565.710691 2.827880 16.149733 0.313566 -0.018256 0.009014 0.612819 0.789961
1766747565.768370 2.843756 16.215689 0.315585 -0.015220 0.003892 0.612470 0.790338
1766747565.821095 2.860158 16.283804 0.297857 -0.010151 -0.001980 0.614267 0.789030
1766747565.867389 2.862316 16.284138 0.305768 -0.013619 -0.006020 0.614896 0.788467
1766747565.915472 2.880151 16.340393 0.310733 -0.000072 0.001746 0.617405 0.786644
1766747565.969446 2.897044 16.403990 0.316393 0.000960 -0.007821 0.616646 0.787201
1766747566.019735 2.912426 16.459999 0.307019 -0.006852 -0.005807 0.617107 0.786828
1766747566.073181 2.915277 16.455465 0.310337 -0.015105 0.005753 0.612738 0.790121
1766747566.133719 2.929585 16.509108 0.311793 -0.011865 -0.002805 0.613205 0.789830
1766747566.182953 2.950503 16.567047 0.301316 -0.011021 0.000446 0.615715 0.787892
1766747566.244773 2.955006 16.602558 0.299766 -0.028568 -0.018969 0.613889 0.788647
1766747566.287204 2.977403 16.643959 0.307676 -0.013132 -0.013732 0.619632 0.784663
1766747566.339867 2.985618 16.685158 0.315444 -0.013201 -0.010176 0.619061 0.785167
1766747566.394384 2.994155 16.724728 0.317036 -0.012489 -0.006553 0.618729 0.785478
1766747566.451475 3.002457 16.761227 0.310362 -0.015403 -0.002236 0.615716 0.787814
1766747566.504517 3.006209 16.791155 0.309600 -0.010790 -0.008948 0.604944 0.796145
1766747566.562989 3.012042 16.816545 0.316360 -0.013332 -0.008591 0.587334 0.809189
1766747566.609900 3.019256 16.836824 0.317526 -0.015330 -0.006234 0.566393 0.823969
1766747566.666907 3.029121 16.858582 0.316134 -0.016110 -0.002058 0.541480 0.840557
1766747566.718617 3.041019 16.879965 0.314175 -0.012133 0.003182 0.515522 0.856785
1766747566.769113 3.053929 16.897493 0.311236 -0.007638 0.008069 0.484820 0.874544
1766747566.823047 3.062177 16.913042 0.304530 -0.019356 -0.002950 0.448479 0.893579
1766747566.880157 3.069728 16.922047 0.308201 -0.014008 0.001312 0.413197 0.910533
1766747566.930414 3.074571 16.925728 0.314839 -0.008575 0.000813 0.369650 0.929131
1766747566.983891 3.078429 16.930305 0.316341 0.008322 0.004987 0.321861 0.946737
1766747567.037990 3.076649 16.939278 0.315218 -0.003897 0.004060 0.270834 0.962610
1766747567.087060 3.079616 16.935602 0.316411 0.004231 0.005065 0.224554 0.974439
1766747567.142845 3.079263 16.940474 0.316331 -0.006334 0.004601 0.171573 0.985140
1766747567.193287 3.080177 16.945034 0.313753 -0.012909 0.003189 0.114496 0.993335
1766747567.246839 3.077466 16.946804 0.307042 -0.021982 -0.001107 0.062843 0.997781
1766747567.317035 3.078682 16.946140 0.312805 -0.021945 0.004348 0.010761 0.999692
1766747567.357723 3.079515 16.947439 0.317036 -0.017210 0.003332 -0.046388 0.998770
1766747567.406786 3.081855 16.951874 0.317628 -0.025926 0.003677 -0.102482 0.994390
1766747567.462787 3.083492 16.948660 0.317117 -0.018666 0.000126 -0.165009 0.986116
1766747567.515091 3.086637 16.956476 0.314773 -0.028510 0.002191 -0.219863 0.975112
1766747567.577409 3.085851 16.954369 0.313805 -0.018616 0.008037 -0.274644 0.961332
1766747567.628125 3.086471 16.954607 0.312115 -0.004708 0.009944 -0.331841 0.943271
1766747567.680022 3.088132 16.955076 0.311251 0.002038 0.002481 -0.371405 0.928466
1766747567.733797 3.095561 16.953499 0.310417 0.001588 -0.001757 -0.432935 0.901422
1766747567.788575 3.100111 16.953342 0.310107 0.008547 -0.001458 -0.482417 0.875899
1766747567.840027 3.102775 16.956200 0.313052 0.002924 -0.004038 -0.526436 0.850200
1766747567.893851 3.105410 16.956217 0.317165 -0.008733 0.001302 -0.575383 0.817837
1766747567.949731 3.105180 16.954563 0.315251 -0.003023 -0.002528 -0.626890 0.779097
1766747567.999792 3.106483 16.953451 0.314983 -0.007200 0.003811 -0.666741 0.745245
1766747568.055458 3.109233 16.951832 0.314463 -0.000189 0.009008 -0.710817 0.703319
1766747568.105995 3.110863 16.949797 0.311737 -0.000904 0.011574 -0.748843 0.662646
1766747568.161026 3.112060 16.949469 0.305170 -0.011850 0.015304 -0.783478 0.621118
1766747568.211191 3.112471 16.942532 0.308581 -0.003491 0.014957 -0.806237 0.591394
1766747568.265875 3.113134 16.939821 0.314412 0.003406 0.013454 -0.831511 0.555334
1766747568.319167 3.115357 16.932539 0.315901 0.005002 0.022849 -0.849425 0.527190
1766747568.375268 3.113282 16.923281 0.315331 0.003997 0.016605 -0.852663 0.522182
1766747568.425869 3.111897 16.913025 0.312442 0.000088 0.017033 -0.851591 0.523930
1766747568.485021 3.107962 16.903069 0.313448 -0.003930 0.018258 -0.850708 0.525308
1766747568.533700 3.099059 16.893761 0.314344 -0.002342 0.012831 -0.850138 0.526399
1766747568.588508 3.089042 16.878628 0.313347 0.002518 0.004949 -0.850857 0.525368
1766747568.638695 3.078977 16.859465 0.310919 0.006218 -0.000793 -0.851258 0.524711
1766747568.700868 3.067596 16.837788 0.306654 -0.006585 -0.002507 -0.851004 0.525112
1766747568.748340 3.057960 16.820774 0.308044 -0.000919 -0.003832 -0.849171 0.528103
1766747568.799446 3.047917 16.802547 0.309048 0.000044 -0.009829 -0.847814 0.530203
1766747568.851624 3.037684 16.780750 0.308989 -0.001827 -0.009930 -0.848180 0.529613
1766747568.915039 3.024734 16.756346 0.309255 -0.005953 -0.011165 -0.848204 0.529519
1766747568.962334 3.009194 16.722889 0.308598 -0.009535 -0.000390 -0.848396 0.529276
1766747569.011984 2.993114 16.696218 0.311457 -0.001112 0.006542 -0.850840 0.525383
1766747569.066838 2.979533 16.663837 0.314840 -0.001406 0.008231 -0.850388 0.526090
1766747569.129500 2.960703 16.623484 0.315195 -0.007193 0.009124 -0.849366 0.527676
1766747569.179224 2.942067 16.581196 0.314454 -0.014113 0.004601 -0.848474 0.529030
1766747569.232322 2.917213 16.530676 0.310505 0.000511 -0.003751 -0.847234 0.531206
1766747569.282679 2.901976 16.492184 0.311772 0.007214 -0.000237 -0.845248 0.534326
1766747569.336713 2.888898 16.458059 0.313225 0.007767 0.000311 -0.837108 0.546983
1766747569.410507 2.871077 16.417248 0.316903 -0.006088 0.003362 -0.818356 0.574670
1766747569.442528 2.860909 16.373894 0.308625 -0.006878 0.019376 -0.791834 0.610390
1766747569.493994 2.854693 16.380144 0.313788 -0.012904 0.024486 -0.775816 0.630352
1766747569.549210 2.851169 16.343727 0.325260 -0.016968 0.031209 -0.773963 0.632234
1766747569.602934 2.844608 16.310303 0.325177 -0.025011 0.027405 -0.773574 0.632619
1766747569.657914 2.838567 16.269459 0.318104 -0.033289 0.020576 -0.773492 0.632597
1766747569.709229 2.831645 16.228695 0.320051 -0.000778 0.014668 -0.769609 0.638346
1766747569.764270 2.825431 16.196091 0.321581 0.001591 0.014454 -0.767731 0.640607
1766747569.821955 2.819119 16.157627 0.323920 0.000255 0.007362 -0.775887 0.630829
1766747569.869316 2.807094 16.118788 0.309573 -0.009151 0.022066 -0.798423 0.601623
1766747569.921851 2.788598 16.082922 0.312689 0.014691 0.000259 -0.809084 0.587510
1766747569.978219 2.785233 16.053434 0.316677 0.020321 0.003115 -0.813286 0.581501
1766747570.041841 2.774443 16.017340 0.317843 0.020655 0.005372 -0.813073 0.581771
1766747570.086349 2.757700 15.974024 0.315207 0.017736 -0.001148 -0.811924 0.583493
1766747570.140186 2.747304 15.937260 0.313156 0.011716 0.000893 -0.811281 0.584538
1766747570.194001 2.733846 15.899755 0.315901 0.018890 -0.005144 -0.811408 0.584152
1766747570.248946 2.722206 15.860019 0.316307 0.014012 -0.009204 -0.811958 0.583475
1766747570.312800 2.704259 15.807870 0.313279 0.003423 -0.006563 -0.810631 0.585511
1766747570.356501 2.692307 15.772868 0.310352 0.013031 0.006910 -0.810631 0.585372
1766747570.409448 2.677285 15.721519 0.311500 0.009863 0.011137 -0.811222 0.584550
1766747570.463197 2.660598 15.669212 0.312448 -0.001778 0.010373 -0.809862 0.586527
1766747570.516030 2.644028 15.609661 0.313008 -0.008091 0.006009 -0.808576 0.588305
1766747570.567776 2.626492 15.561762 0.309650 0.006840 0.008472 -0.806658 0.590919
1766747570.620129 2.610694 15.509418 0.313705 0.011536 -0.002185 -0.805861 0.591989
1766747570.673195 2.592387 15.454082 0.316860 0.000453 -0.002348 -0.806852 0.590749
1766747570.726391 2.567203 15.392038 0.307893 -0.002350 -0.002179 -0.806218 0.591610
1766747570.782418 2.568848 15.384598 0.311690 0.013317 0.017657 -0.808539 0.588027
1766747570.836544 2.551272 15.327040 0.315385 0.002920 0.014395 -0.808779 0.587929
1766747570.888414 2.531782 15.262801 0.298230 -0.004751 0.008793 -0.807119 0.590304
1766747570.954363 2.525739 15.246582 0.306676 0.000551 0.012875 -0.805585 0.592341
1766747570.998800 2.503442 15.186488 0.312925 0.004226 0.005617 -0.803901 0.594722
1766747571.048071 2.485934 15.126523 0.317038 -0.004506 0.004132 -0.804427 0.594020
1766747571.102869 2.464543 15.063368 0.310259 -0.003952 0.006242 -0.803488 0.595275
1766747571.152884 2.461802 15.055032 0.311332 0.007462 0.015308 -0.805417 0.592464
1766747571.205513 2.444460 14.992859 0.315484 -0.006764 0.010814 -0.805015 0.593117
1766747571.258771 2.425999 14.921836 0.317567 -0.021313 0.004373 -0.803010 0.595569
1766747571.330674 2.404817 14.854773 0.308972 0.005668 0.005103 -0.801120 0.598455
1766747571.373112 2.388751 14.789049 0.312991 0.013903 0.001981 -0.800542 0.599112
1766747571.428211 2.373447 14.724799 0.299803 0.003477 0.005846 -0.800982 0.598650
1766747571.482830 2.367197 14.713986 0.303708 0.012524 -0.007375 -0.799209 0.600877
1766747571.538701 2.350608 14.664180 0.312203 0.007905 0.001877 -0.800876 0.598775
1766747571.595022 2.332232 14.596734 0.317083 -0.005462 0.001605 -0.799509 0.600627
1766747571.655545 2.316795 14.532051 0.311414 -0.008918 0.011176 -0.799864 0.600011
1766747571.700484 2.305083 14.523317 0.311724 0.006345 0.005540 -0.796786 0.604203
1766747571.752841 2.287933 14.460788 0.315719 0.005267 0.003086 -0.797323 0.603522
1766747571.803166 2.266066 14.389879 0.302777 -0.001991 0.008019 -0.796463 0.604632
1766747571.868844 2.268551 14.380127 0.306606 0.011837 0.013359 -0.797935 0.602479
1766747571.913806 2.250907 14.315250 0.310372 0.001151 0.008897 -0.798083 0.602480
1766747571.965453 2.233184 14.247575 0.293396 -0.008455 0.006662 -0.796113 0.605053
1766747572.019212 2.226253 14.248770 0.303250 0.000224 0.008660 -0.794422 0.607304
1766747572.072092 2.208951 14.183710 0.310663 0.007260 0.001767 -0.791959 0.610528
1766747572.126245 2.189753 14.115274 0.316388 -0.002022 0.000919 -0.791881 0.610672
1766747572.179235 2.179516 14.077044 0.308442 0.004795 0.006210 -0.791572 0.611026
1766747572.234129 2.170444 14.057205 0.308209 0.013881 0.009696 -0.797199 0.603480
1766747572.284537 2.154384 14.006508 0.303713 0.014823 0.014526 -0.807203 0.589909
1766747572.341649 2.139636 13.965995 0.297069 0.011857 0.017771 -0.811443 0.584041
1766747572.395508 2.123142 13.918827 0.302368 0.003006 0.012543 -0.812607 0.582669
1766747572.449047 2.106308 13.883647 0.309539 0.018032 0.000697 -0.810503 0.585457
1766747572.507534 2.095003 13.843005 0.312713 0.014887 0.003057 -0.810577 0.585435
1766747572.557475 2.075983 13.796500 0.311515 0.013727 0.004544 -0.808675 0.588078
1766747572.609255 2.070555 13.760058 0.311052 0.008106 0.009156 -0.810425 0.585715
1766747572.662186 2.057082 13.719613 0.313556 0.000885 0.008182 -0.809860 0.586566
1766747572.715127 2.043330 13.671726 0.312705 -0.010784 0.002823 -0.808389 0.588543
1766747572.776429 2.027895 13.614654 0.312193 -0.018093 -0.000983 -0.807297 0.589868
1766747572.822533 2.011002 13.567254 0.308231 0.003849 0.004605 -0.804386 0.594077
1766747572.875863 1.996923 13.516573 0.313173 0.006039 -0.001228 -0.803203 0.595673
1766747572.928648 1.979375 13.463287 0.316013 -0.002715 -0.003667 -0.804254 0.594269
1766747572.988532 1.955731 13.402646 0.306614 -0.006876 -0.004388 -0.803834 0.594797
1766747573.045041 1.942323 13.367620 0.311319 0.015146 0.009586 -0.810230 0.585838
1766747573.094651 1.926440 13.327855 0.312271 0.018949 0.008941 -0.822909 0.567787
1766747573.144241 1.914178 13.288315 0.300698 0.019878 0.019327 -0.830440 0.556417
1766747573.201286 1.893971 13.247450 0.299650 0.015061 0.013293 -0.830433 0.556757
1766747573.254715 1.879045 13.219048 0.299662 0.015495 0.006020 -0.829949 0.557592
1766747573.310163 1.866212 13.187313 0.307712 0.019272 0.004363 -0.828777 0.559230
1766747573.357385 1.852548 13.151171 0.310404 0.010339 0.004970 -0.828927 0.559240
1766747573.419557 1.832809 13.109050 0.309631 0.007963 0.004126 -0.827546 0.561327
1766747573.465364 1.824521 13.079621 0.307537 0.008571 0.013924 -0.829587 0.558138
1766747573.519005 1.810132 13.038754 0.311871 -0.002420 0.015617 -0.828437 0.559860
1766747573.575520 1.793885 12.990834 0.312828 -0.014413 0.010450 -0.826792 0.562225
1766747573.629474 1.775020 12.933723 0.310848 -0.022894 0.004738 -0.825559 0.563832
1766747573.679902 1.758311 12.896938 0.307635 0.003877 0.005807 -0.823109 0.567840
1766747573.732434 1.739973 12.844573 0.312324 0.007672 0.001740 -0.821266 0.570491
1766747573.785380 1.718440 12.791047 0.314539 0.001375 0.001216 -0.822000 0.569485
1766747573.843004 1.692470 12.729908 0.305841 -0.005299 0.006296 -0.821592 0.570017
1766747573.899024 1.692786 12.726545 0.310339 0.009958 0.012841 -0.823535 0.567033
1766747573.945120 1.671967 12.670426 0.314615 0.001575 0.009231 -0.824429 0.565888
1766747573.998175 1.650638 12.610550 0.316421 -0.011228 0.004354 -0.823051 0.567840
1766747574.062539 1.627839 12.552600 0.309934 0.000444 0.003133 -0.822181 0.569217
1766747574.112166 1.614933 12.502589 0.313475 0.006511 0.007606 -0.820364 0.571755
1766747574.158422 1.592728 12.445095 0.317067 0.002092 0.003665 -0.821258 0.570542
1766747574.213140 1.564955 12.380390 0.306711 -0.004169 0.005576 -0.820795 0.571181
1766747574.264693 1.550734 12.338909 0.310247 0.009838 0.014873 -0.822568 0.568387
1766747574.324357 1.528297 12.275941 0.312772 0.002032 0.012526 -0.823855 0.566659
1766747574.373615 1.506040 12.214100 0.314748 -0.008230 0.008758 -0.822585 0.568516
1766747574.425534 1.486921 12.171190 0.307777 -0.000759 0.010688 -0.821561 0.570021
1766747574.480057 1.465784 12.109216 0.312056 0.010073 0.004778 -0.817595 0.575686
1766747574.534817 1.443762 12.049361 0.316639 0.004060 0.003668 -0.817968 0.575239
1766747574.588879 1.416297 11.993214 0.302270 -0.001254 0.007382 -0.814858 0.579612
1766747574.643290 1.389881 11.996235 0.311326 0.013971 0.008927 -0.798151 0.602229
1766747574.696289 1.373406 11.955620 0.302346 0.014853 0.017702 -0.771616 0.635669
1766747574.755258 1.372117 11.930252 0.308046 0.000725 0.040139 -0.738633 0.672911
1766747574.803088 1.360026 11.903617 0.315543 -0.034781 0.036199 -0.702810 0.709605
1766747574.855259 1.345843 11.877224 0.307707 -0.017668 0.029960 -0.658449 0.751822
1766747574.909503 1.352916 11.866624 0.296961 -0.015635 0.035904 -0.613515 0.788711
1766747574.966396 1.360890 11.857624 0.301886 -0.012493 0.031179 -0.561046 0.827103
1766747575.014291 1.357072 11.838222 0.305060 -0.003181 0.016639 -0.503266 0.863966
1766747575.069234 1.352109 11.836791 0.309550 -0.007978 0.019861 -0.443936 0.895803
1766747575.122046 1.351218 11.834342 0.310203 -0.032940 0.027009 -0.393000 0.918551
1766747575.174798 1.355898 11.830229 0.312729 -0.029331 0.028416 -0.352985 0.934738
1766747575.243216 1.370649 11.827807 0.313472 -0.025290 0.021957 -0.323300 0.945704
1766747575.281753 1.382971 11.823115 0.312812 -0.009671 0.015833 -0.317281 0.948150
1766747575.335111 1.397519 11.823180 0.310513 -0.007262 0.018590 -0.316750 0.948299
1766747575.389193 1.408381 11.820629 0.306711 -0.000457 0.016467 -0.314589 0.949085
1766747575.451916 1.415182 11.818153 0.306653 -0.000673 0.019050 -0.311567 0.950033
1766747575.503093 1.417526 11.817386 0.306749 -0.001142 0.019369 -0.308710 0.950959
1766747575.548373 1.416217 11.818990 0.307426 -0.000144 0.018226 -0.306956 0.951549
1766747575.603500 1.417116 11.819238 0.307656 -0.001759 0.015555 -0.305040 0.952211
1766747575.656751 1.418714 11.818848 0.307762 -0.005258 0.014351 -0.305968 0.951919
1766747575.709014 1.422908 11.816829 0.307912 -0.006961 0.014376 -0.307190 0.951514
1766747575.767037 1.428249 11.814075 0.307803 -0.008287 0.014745 -0.307935 0.951257
1766747575.819104 1.431063 11.811978 0.307675 -0.007578 0.015429 -0.308937 0.950927
1766747575.871814 1.436217 11.809237 0.306314 -0.010344 0.014620 -0.311514 0.950073
1766747575.929003 1.441282 11.806733 0.304882 -0.011752 0.013192 -0.311809 0.949981
1766747575.979525 1.446506 11.803500 0.304531 -0.012620 0.013432 -0.311535 0.950056
1766747576.032525 1.449220 11.800282 0.303865 -0.010698 0.013108 -0.310531 0.950413
1766747576.085333 1.453763 11.795742 0.303257 -0.005731 0.013447 -0.310544 0.950447
1766747576.148315 1.464699 11.787147 0.301410 -0.000816 0.012411 -0.308864 0.951025
1766747576.193439 1.478078 11.778880 0.298553 -0.007733 0.008669 -0.307322 0.951535
1766747576.245229 1.492061 11.769234 0.297489 -0.007105 0.000329 -0.307090 0.951654
1766747576.299520 1.509137 11.757854 0.298998 -0.000899 -0.002100 -0.305771 0.952102
1766747576.360164 1.520934 11.749014 0.299688 0.001844 -0.004622 -0.305635 0.952136
1766747576.414982 1.536402 11.739072 0.299974 0.000522 -0.006529 -0.305750 0.952089
1766747576.458989 1.553301 11.727453 0.300943 -0.008115 -0.006494 -0.306696 0.951751
1766747576.511504 1.574529 11.713142 0.301088 -0.012777 -0.004782 -0.306245 0.951855
1766747576.572466 1.597286 11.698525 0.302438 -0.017988 -0.000778 -0.307902 0.951248
1766747576.617963 1.618804 11.686596 0.307369 -0.020877 0.002304 -0.307791 0.951222
1766747576.671645 1.638705 11.673662 0.309660 -0.016057 0.005598 -0.305513 0.952036
1766747576.726030 1.657516 11.659922 0.309030 -0.015374 0.008625 -0.304204 0.952444
1766747576.793353 1.676206 11.638160 0.307662 -0.006232 0.016536 -0.308307 0.951123
1766747576.831971 1.690455 11.632513 0.308398 -0.016669 0.028417 -0.336939 0.940950
1766747576.889485 1.698614 11.623485 0.311666 -0.007476 0.028113 -0.368807 0.929051
1766747576.939657 1.710180 11.621065 0.310605 -0.004553 0.025606 -0.392593 0.919344
1766747576.999476 1.711202 11.618551 0.308632 -0.005661 0.020454 -0.392819 0.919371
1766747577.049800 1.711862 11.618384 0.311800 -0.005783 0.019720 -0.388819 0.921085
1766747577.101273 1.715002 11.617783 0.313823 -0.006239 0.017920 -0.386417 0.922129
1766747577.155416 1.718466 11.617741 0.313810 -0.008071 0.016143 -0.385504 0.922530
1766747577.208309 1.723593 11.616422 0.312526 -0.011662 0.013834 -0.385136 0.922683
1766747577.269775 1.729148 11.613332 0.311263 -0.008519 0.012593 -0.382367 0.923886
1766747577.317728 1.735693 11.607718 0.310236 -0.009469 0.010144 -0.379413 0.925124
1766747577.371055 1.742022 11.601810 0.308312 -0.008053 0.008162 -0.377150 0.926081
1766747577.425650 1.750255 11.593349 0.306205 -0.007076 0.006500 -0.375341 0.926837
1766747577.487240 1.755720 11.585125 0.306666 -0.003897 0.004069 -0.376193 0.926524
1766747577.534329 1.761333 11.578145 0.307015 -0.001939 -0.003701 -0.377526 0.925990
1766747577.584809 1.771212 11.566796 0.306443 -0.002697 -0.012687 -0.378628 0.925458
1766747577.637471 1.783545 11.551067 0.303738 -0.002659 -0.025085 -0.378482 0.925265
1766747577.699059 1.802761 11.536240 0.305218 -0.017390 -0.007040 -0.383776 0.923236
1766747577.744388 1.816893 11.522232 0.307208 -0.005820 -0.004223 -0.384230 0.923209
1766747577.795035 1.834364 11.506956 0.311281 -0.009783 -0.002359 -0.377234 0.926064
1766747577.853902 1.854749 11.491891 0.315147 -0.020010 0.005295 -0.354853 0.934693
1766747577.903576 1.876167 11.476247 0.315596 -0.024907 0.008263 -0.326594 0.944800
1766747577.952145 1.898408 11.459461 0.313935 -0.019189 0.009497 -0.296855 0.954683
1766747578.005251 1.918194 11.445538 0.312054 -0.016141 0.012058 -0.260723 0.965204
1766747578.059765 1.930464 11.435851 0.313275 -0.012431 0.012929 -0.237826 0.971142
1766747578.114873 1.946540 11.430928 0.312771 -0.018764 0.023604 -0.232959 0.972019
1766747578.167537 1.959926 11.424541 0.307035 -0.020591 0.033202 -0.231532 0.972043
1766747578.226517 1.968679 11.425667 0.308808 -0.015942 0.032630 -0.227291 0.973150
1766747578.275367 1.971810 11.424047 0.312139 -0.013364 0.031898 -0.210355 0.977013
1766747578.328073 1.970851 11.421870 0.311451 -0.002330 0.022727 -0.185230 0.982430
1766747578.382267 1.971371 11.417575 0.311358 0.000311 0.020305 -0.155132 0.987685
1766747578.436115 1.971487 11.413148 0.309261 -0.001547 0.019145 -0.150532 0.988419
1766747578.492017 1.974306 11.411350 0.308265 -0.006089 0.019466 -0.152004 0.988169
1766747578.542852 1.982213 11.409931 0.307711 -0.007647 0.018910 -0.151419 0.988259
1766747578.596586 1.992935 11.406803 0.307534 -0.008169 0.018445 -0.152088 0.988161
1766747578.648771 2.001865 11.402452 0.306879 -0.005229 0.018632 -0.150314 0.988449
1766747578.700719 2.012452 11.397803 0.305786 -0.000508 0.018652 -0.148809 0.988690
1766747578.769139 2.030063 11.391080 0.303213 0.003691 0.017420 -0.146800 0.989006
1766747578.818240 2.047549 11.385528 0.301276 -0.003156 0.007466 -0.144980 0.989401
1766747578.872730 2.060847 11.380657 0.300833 0.000342 0.003429 -0.144275 0.989532
1766747578.912827 2.081444 11.373752 0.302977 0.006448 0.002251 -0.143826 0.989579
1766747578.964038 2.099852 11.368413 0.303482 0.009482 0.000356 -0.142665 0.989726
1766747579.015696 2.116242 11.363873 0.303511 0.002453 -0.001876 -0.140823 0.990030
1766747579.068189 2.139485 11.357577 0.303208 -0.002744 -0.002228 -0.130959 0.991382
1766747579.131943 2.164144 11.352475 0.302328 -0.010093 0.003206 -0.111308 0.993730
1766747579.173576 2.187217 11.350905 0.306126 -0.014291 0.008256 -0.093834 0.995451
1766747579.226117 2.205969 11.349351 0.310366 -0.016028 0.006343 -0.070974 0.997329
1766747579.278275 2.227895 11.349975 0.311322 -0.021868 0.003027 -0.063088 0.997764
1766747579.333249 2.255076 11.350033 0.309945 -0.027849 -0.005249 -0.063010 0.997611
1766747579.384439 2.284131 11.346132 0.308802 -0.014142 -0.000825 -0.059560 0.998124
1766747579.440231 2.309423 11.345406 0.308799 -0.010527 0.002458 -0.056543 0.998342
1766747579.494400 2.333062 11.339373 0.312342 -0.005822 -0.001067 -0.053331 0.998559
1766747579.547143 2.357641 11.334239 0.312726 -0.001024 -0.005601 -0.053180 0.998569
1766747579.599959 2.383041 11.328916 0.310547 0.001755 -0.012113 -0.054093 0.998461
1766747579.652634 2.413485 11.324924 0.307505 -0.001880 -0.013531 -0.055675 0.998356
1766747579.702035 2.443380 11.322483 0.308348 -0.012211 0.001762 -0.058833 0.998192
1766747579.754546 2.470244 11.320390 0.311491 -0.006648 0.002229 -0.058033 0.998290
1766747579.807144 2.495671 11.319405 0.313801 -0.009036 -0.000879 -0.056940 0.998336
1766747579.867562 2.525210 11.317539 0.312967 -0.010357 -0.004784 -0.054868 0.998429
1766747579.914107 2.558478 11.315488 0.311709 -0.008448 -0.002820 -0.045647 0.998918
1766747579.966886 2.589854 11.310697 0.309144 -0.001670 0.005986 -0.030152 0.999526
1766747580.020448 2.616135 11.306491 0.306818 -0.009608 0.004858 -0.020512 0.999732
1766747580.083539 2.638421 11.303932 0.309819 -0.006751 0.004894 -0.017099 0.999819
1766747580.127705 2.661224 11.303437 0.310454 -0.005724 0.006909 -0.017087 0.999814
1766747580.179801 2.688164 11.303297 0.309338 -0.010219 0.007132 -0.018039 0.999760
1766747580.234562 2.717441 11.303543 0.306965 -0.015530 0.008766 -0.017538 0.999687
1766747580.296990 2.745144 11.303747 0.306891 -0.014228 0.002983 -0.017545 0.999741
1766747580.343585 2.769764 11.304516 0.311911 -0.017044 0.005278 -0.012808 0.999759
1766747580.395109 2.794542 11.303655 0.314200 -0.015799 0.010115 0.001350 0.999823
1766747580.452856 2.822602 11.303823 0.315379 -0.017267 0.012469 0.021123 0.999550
1766747580.505193 2.853180 11.304127 0.314357 -0.013685 0.018318 0.047405 0.998614
1766747580.557109 2.882145 11.311972 0.312853 -0.022453 0.014088 0.077140 0.996668
1766747580.611325 2.905288 11.310039 0.313217 -0.015618 0.016730 0.111035 0.993553
1766747580.664749 2.923386 11.313511 0.312735 -0.015819 0.017785 0.147550 0.988768
1766747580.716762 2.942274 11.321711 0.311805 -0.020911 0.016066 0.185346 0.982320
1766747580.771489 2.963293 11.333351 0.310306 -0.025751 0.012534 0.226219 0.973655
1766747580.822945 2.986144 11.345249 0.306610 -0.018218 0.006609 0.267365 0.963401
1766747580.878383 3.001585 11.355268 0.310564 -0.027411 -0.000001 0.301294 0.953137
1766747580.932161 3.018305 11.368018 0.314476 -0.026430 0.001080 0.324930 0.945368
1766747580.992535 3.035322 11.383565 0.314270 -0.025154 -0.000635 0.331783 0.943020
1766747581.038984 3.052795 11.402933 0.312168 -0.026755 -0.008251 0.332043 0.942849
1766747581.091296 3.074408 11.419250 0.308428 -0.011734 -0.001388 0.335205 0.942071
1766747581.145103 3.091666 11.434681 0.311898 -0.014584 0.001926 0.338085 0.941001
1766747581.215799 3.110841 11.446300 0.314329 -0.006416 -0.000459 0.342383 0.939539
1766747581.250212 3.129733 11.459625 0.312991 0.004319 -0.002045 0.350658 0.936491
1766747581.305075 3.150269 11.474490 0.309584 0.013981 -0.002877 0.368061 0.929692
1766747581.364213 3.168602 11.491242 0.305899 0.014532 -0.000923 0.387707 0.921668
1766747581.412808 3.182862 11.512639 0.305985 0.004137 0.010296 0.391767 0.919998
1766747581.465274 3.195909 11.530684 0.304835 -0.001981 0.014918 0.391486 0.920061
1766747581.517632 3.205840 11.546968 0.307952 -0.006057 0.010244 0.393404 0.919289
1766747581.572502 3.216083 11.562148 0.309367 -0.006333 0.005539 0.395529 0.918415
1766747581.632917 3.231409 11.582425 0.307720 -0.009613 -0.002233 0.401833 0.915660
1766747581.679211 3.247809 11.604019 0.306064 -0.010883 -0.002886 0.414515 0.909973
1766747581.737680 3.265387 11.624234 0.304063 -0.007430 0.006741 0.431822 0.901903
1766747581.780183 3.282177 11.641024 0.304463 -0.005939 0.007506 0.457255 0.889284
1766747581.840582 3.294305 11.656582 0.305651 -0.008013 0.009329 0.482568 0.875772
1766747581.893952 3.303159 11.672923 0.304584 -0.008403 0.009763 0.509782 0.860207
1766747581.938876 3.312280 11.693954 0.304233 -0.009565 0.009087 0.533118 0.845938
1766747582.002526 3.321382 11.717414 0.303210 -0.014087 0.009583 0.540393 0.841240
1766747582.051144 3.333755 11.738235 0.301054 -0.005976 0.010020 0.542600 0.839910
1766747582.100380 3.340811 11.759607 0.303744 -0.015582 0.004269 0.549644 0.835243
1766747582.156023 3.346210 11.778157 0.308018 -0.017083 0.001189 0.554039 0.832315
1766747582.208836 3.351679 11.799521 0.308941 -0.020224 -0.005362 0.555547 0.831222
1766747582.278298 3.358775 11.826928 0.308267 -0.021803 -0.011862 0.556164 0.830702
1766747582.327913 3.367113 11.852182 0.309020 -0.014063 -0.014546 0.544141 0.838750
1766747582.374541 3.375019 11.872979 0.310557 -0.015312 -0.014120 0.524550 0.851125
1766747582.427262 3.386270 11.890994 0.308028 -0.015588 -0.012756 0.500086 0.865742
1766747582.482138 3.399537 11.906312 0.307634 -0.021761 0.000626 0.472609 0.881004
1766747582.545203 3.411332 11.913689 0.312506 -0.008144 0.002812 0.436896 0.899471
1766747582.591594 3.413008 11.927188 0.317391 -0.014262 -0.000407 0.394761 0.918673
1766747582.641459 3.418217 11.932389 0.318925 -0.012100 0.002916 0.349635 0.936803
1766747582.696047 3.421195 11.938128 0.319799 -0.016700 -0.002588 0.304387 0.952399
1766747582.759438 3.418534 11.946690 0.317681 -0.031739 -0.009320 0.256348 0.966018
1766747582.804768 3.418820 11.942376 0.314135 -0.034476 -0.004185 0.203451 0.978469
1766747582.856928 3.422796 11.937903 0.315329 -0.029041 -0.003148 0.145166 0.988976
1766747582.914926 3.421098 11.936167 0.314006 -0.024828 -0.004092 0.083780 0.996167
1766747582.967199 3.415303 11.937173 0.310898 -0.025145 -0.001960 0.030420 0.999219
1766747583.022823 3.414965 11.929580 0.310829 -0.013110 0.010662 -0.024676 0.999553
1766747583.073801 3.415311 11.926486 0.307509 -0.002001 0.029549 -0.081278 0.996251
1766747583.128205 3.415801 11.921053 0.303926 0.008764 0.030505 -0.135235 0.990305
1766747583.182968 3.415951 11.924467 0.305465 -0.001053 0.016078 -0.192847 0.981097
1766747583.249970 3.420509 11.925168 0.313175 -0.006967 0.015109 -0.251439 0.967730
1766747583.297981 3.423403 11.923341 0.315588 -0.003819 0.012107 -0.308989 0.950981
1766747583.346489 3.425925 11.924325 0.313808 0.002597 0.007253 -0.368314 0.929670
1766747583.406186 3.424928 11.929297 0.313574 -0.004715 0.010415 -0.422024 0.906512
1766747583.455577 3.422896 11.929193 0.314330 0.002455 0.010679 -0.472564 0.881228
1766747583.507860 3.425275 11.930757 0.312760 0.008592 0.016926 -0.522012 0.852727
1766747583.559915 3.426050 11.931160 0.309669 0.005997 0.021430 -0.571032 0.820626
1766747583.613041 3.428854 11.929546 0.306516 -0.003109 0.018665 -0.615616 0.787819
1766747583.678573 3.429723 11.929907 0.312860 0.002763 0.015023 -0.655112 0.755378
1766747583.723626 3.432373 11.928854 0.317869 -0.004475 0.011280 -0.698547 0.715462
1766747583.775104 3.435110 11.924895 0.318611 -0.008219 0.014741 -0.741945 0.670248
1766747583.827707 3.433411 11.923777 0.316474 -0.007766 0.005546 -0.777379 0.628961
1766747583.881276 3.434742 11.920381 0.317715 -0.010655 0.019227 -0.805392 0.592335
1766747583.932628 3.431971 11.916918 0.317943 0.000314 0.021770 -0.831940 0.554438
1766747583.983842 3.429398 11.911427 0.314605 0.004485 0.023583 -0.857412 0.514071
1766747584.037601 3.423464 11.904257 0.311377 0.008170 0.025775 -0.876361 0.480895
1766747584.091187 3.417109 11.894851 0.309155 0.011337 0.028407 -0.880782 0.472534
1766747584.143816 3.409592 11.883174 0.307597 0.009195 0.029116 -0.880242 0.473542
1766747584.196989 3.403265 11.873011 0.305885 0.007173 0.028947 -0.880158 0.473743
1766747584.248930 3.395955 11.861765 0.302843 0.010538 0.026519 -0.880154 0.473831
1766747584.303128 3.387141 11.848661 0.300876 0.014886 0.020819 -0.879461 0.475283
1766747584.351391 3.385601 11.841641 0.300668 0.018318 0.013767 -0.879414 0.475507
1766747584.402207 3.373897 11.822526 0.301109 0.021099 0.014817 -0.879878 0.474499
1766747584.463809 3.365093 11.801722 0.302341 0.014721 0.027876 -0.880409 0.473166
1766747584.513474 3.349967 11.784364 0.302360 0.008141 0.010989 -0.882857 0.469443
1766747584.559236 3.343114 11.765543 0.302764 -0.001190 0.021118 -0.889526 0.456394
1766747584.612720 3.330185 11.748153 0.306376 -0.001436 0.017772 -0.899212 0.437150
1766747584.663892 3.316035 11.732399 0.307577 -0.003562 0.018101 -0.909131 0.416101
1766747584.726697 3.298195 11.714051 0.307684 -0.004904 0.013054 -0.919648 0.392497
1766747584.772238 3.276760 11.697030 0.307531 -0.002978 0.003589 -0.931649 0.363329
1766747584.824248 3.258926 11.682000 0.304788 -0.014634 0.007791 -0.943380 0.331299
1766747584.877517 3.242216 11.670659 0.310522 -0.003961 -0.006204 -0.954198 0.299085
1766747584.933352 3.225246 11.661985 0.313664 -0.001848 -0.010333 -0.962535 0.270956
1766747584.982908 3.205060 11.653343 0.312409 -0.003141 -0.017306 -0.964150 0.264774
1766747585.037838 3.179874 11.643233 0.310672 -0.002308 -0.008573 -0.963558 0.267354
1766747585.092678 3.157957 11.632061 0.313651 0.006168 -0.008012 -0.963120 0.268883
1766747585.146457 3.138908 11.621105 0.314068 0.005792 -0.010442 -0.963397 0.267815
1766747585.199096 3.118668 11.606461 0.315922 0.004576 -0.008343 -0.965776 0.259205
1766747585.250547 3.092966 11.590395 0.314004 -0.001927 -0.004979 -0.967089 0.254382
1766747585.308518 3.067139 11.576684 0.310272 -0.001619 -0.006473 -0.966868 0.255191
1766747585.375641 3.041297 11.566981 0.305341 -0.006247 -0.002674 -0.966718 0.255756
1766747585.411437 3.024452 11.559010 0.309274 -0.005241 -0.003886 -0.968049 0.250676
1766747585.463009 3.002989 11.546978 0.310895 -0.002367 -0.000933 -0.971436 0.237290
1766747585.522464 2.978830 11.533879 0.311204 0.000091 0.012603 -0.976656 0.214442
1766747585.571749 2.955718 11.524546 0.310976 -0.001490 0.004940 -0.981889 0.189388
1766747585.629532 2.931247 11.515439 0.312282 -0.010887 0.013547 -0.987123 0.159017
1766747585.678320 2.911475 11.505860 0.313405 -0.005784 0.026523 -0.991707 0.125623
1766747585.731752 2.891370 11.501184 0.313939 0.000859 0.025075 -0.995671 0.089498
1766747585.784063 2.868873 11.500157 0.313590 0.004046 0.019349 -0.998512 0.050826
1766747585.834499 2.840693 11.505164 0.312981 0.009498 0.011760 -0.999610 0.023487
1766747585.885705 2.813166 11.502758 0.309262 0.013414 0.016339 -0.999636 0.016766
1766747585.941770 2.786638 11.501339 0.302908 0.008156 0.018296 -0.999622 0.018844
1766747585.995203 2.765136 11.501799 0.304847 0.012480 0.004235 -0.999614 0.024446
1766747586.060101 2.741458 11.500257 0.307949 0.012542 -0.001851 -0.999632 0.023999
1766747586.100338 2.715335 11.499158 0.309327 0.010574 -0.000063 -0.999687 0.022679
1766747586.157623 2.684474 11.496396 0.308898 0.009708 0.002768 -0.999700 0.022329
1766747586.207961 2.655924 11.495996 0.305952 0.005866 0.001646 -0.999733 0.022286
1766747586.259193 2.627310 11.492734 0.309383 0.002218 0.014647 -0.999682 0.020390
1766747586.315671 2.596578 11.489536 0.312741 0.003582 0.013911 -0.999605 0.024163
1766747586.367004 2.561350 11.487174 0.312327 -0.000629 0.016771 -0.999513 0.026300
1766747586.430730 2.520044 11.482436 0.311093 -0.009365 0.017720 -0.999401 0.028221
1766747586.480853 2.474777 11.480352 0.310418 -0.013427 0.010491 -0.999390 0.030489
1766747586.527813 2.436857 11.477497 0.311074 0.000998 0.010321 -0.999315 0.035518
1766747586.581603 2.400783 11.482252 0.314739 0.005333 0.002930 -0.997962 0.063519
1766747586.637476 2.366136 11.472540 0.315577 0.000273 0.011802 -0.994798 0.101186
1766747586.690784 2.327744 11.466101 0.318387 -0.002147 0.022789 -0.987778 0.154180
1766747586.746309 2.303002 11.446650 0.310781 0.005907 0.031276 -0.979496 0.198933
1766747586.797182 2.280305 11.441026 0.312535 0.008766 0.041842 -0.972780 0.227754
1766747586.849255 2.253179 11.425550 0.317884 0.003711 0.042544 -0.970225 0.238411
1766747586.913745 2.236835 11.412132 0.313881 -0.008479 0.045695 -0.970057 0.238390
1766747586.975736 2.201403 11.393159 0.312760 0.003391 0.031667 -0.969144 0.244428
1766747587.023236 2.177148 11.379507 0.313429 0.002347 0.030514 -0.969039 0.245005
1766747587.073182 2.148267 11.368872 0.316229 0.001446 0.020365 -0.969229 0.245314
1766747587.127632 2.115464 11.354092 0.318220 -0.004004 0.016298 -0.969820 0.243245
1766747587.190710 2.070196 11.333252 0.311104 -0.014891 0.018780 -0.969464 0.244061
1766747587.234981 2.041384 11.319034 0.313165 0.007444 0.016328 -0.970700 0.239623
1766747587.287129 1.999843 11.298368 0.314451 0.007676 0.017787 -0.970967 0.238428
1766747587.342360 1.955325 11.274624 0.313573 0.001458 0.013948 -0.970379 0.241179
1766747587.397147 1.905436 11.245106 0.313325 -0.001949 0.008598 -0.970146 0.242362
1766747587.457132 1.867232 11.224969 0.308630 0.011488 0.003769 -0.969045 0.246590
1766747587.498275 1.818754 11.200256 0.311787 0.007506 -0.003701 -0.969140 0.246370
1766747587.553135 1.770412 11.175884 0.314434 -0.004749 -0.002455 -0.969737 0.244093
1766747587.607116 1.708928 11.147281 0.304754 -0.004013 -0.001522 -0.969551 0.244854
1766747587.661689 1.679182 11.134284 0.309017 0.014438 0.000713 -0.970328 0.241359
1766747587.720274 1.628296 11.107222 0.313718 0.005368 0.004665 -0.970382 0.241473
1766747587.765950 1.571293 11.076895 0.315722 -0.004887 0.001733 -0.969719 0.244168
1766747587.831743 1.520519 11.047946 0.310676 0.001193 0.000821 -0.969480 0.245166
1766747587.887165 1.460384 11.014341 0.313420 0.011370 -0.001577 -0.967956 0.250857
1766747587.930772 1.407896 10.985666 0.316879 0.003324 -0.000705 -0.968402 0.249370
1766747587.983291 1.356745 10.957183 0.295029 -0.004404 0.003998 -0.968207 0.250080
1766747588.037938 1.374261 10.964003 0.307013 0.011136 0.010425 -0.968626 0.248054
1766747588.112454 1.314392 10.930669 0.310736 0.006104 0.014237 -0.968594 0.248165
1766747588.141773 1.263513 10.903518 0.311603 -0.008613 0.012802 -0.967922 0.250775
1766747588.193549 1.208758 10.881047 0.304663 -0.013969 0.011151 -0.972397 0.232647
1766747588.247187 1.205894 10.871360 0.309994 -0.008756 0.020022 -0.978681 0.204219
1766747588.309004 1.163423 10.851037 0.319147 -0.003070 0.019837 -0.986729 0.161129
1766747588.355230 1.122844 10.823530 0.319658 0.003926 0.017650 -0.993643 0.111113
1766747588.401098 1.088017 10.831520 0.317374 0.009928 -0.029817 -0.995543 0.088924
1766747588.457055 1.063366 10.804273 0.318900 0.013762 -0.034518 -0.996551 0.074204
1766747588.519346 1.031501 10.793008 0.322789 0.013007 -0.029404 -0.997125 0.068618
1766747588.564993 0.996462 10.783938 0.321746 0.000254 -0.019529 -0.997403 0.069327
1766747588.616404 0.957493 10.781720 0.317869 -0.000221 -0.028703 -0.996962 0.072415
1766747588.670093 0.915942 10.775735 0.317722 0.009072 -0.020578 -0.996950 0.074735
1766747588.731884 0.879998 10.770749 0.317922 -0.000576 -0.024951 -0.996852 0.075251
1766747588.777336 0.837576 10.765280 0.317830 -0.009321 -0.021797 -0.996979 0.073962
1766747588.829630 0.782620 10.761479 0.317410 -0.017885 -0.012565 -0.996942 0.075021
1766747588.882906 0.745697 10.754272 0.311928 0.010284 -0.006568 -0.997428 0.070635
1766747588.935627 0.696298 10.750880 0.312569 0.011706 -0.005644 -0.997656 0.067178
1766747588.988967 0.643571 10.743417 0.313542 0.006150 -0.002464 -0.997640 0.068346
1766747589.042411 0.580960 10.741736 0.300599 0.000628 -0.006607 -0.997587 0.069113
1766747589.091739 0.550310 10.732567 0.305571 0.005380 0.021171 -0.998160 0.056564
1766747589.150643 0.502512 10.730174 0.311425 0.008210 0.016795 -0.999134 0.037187
1766747589.199387 0.463691 10.717412 0.316017 0.016829 0.029800 -0.999413 0.001531
1766747589.263721 0.428347 10.708900 0.309049 0.016846 0.010491 -0.999602 -0.020047
1766747589.307830 0.400233 10.703887 0.308138 0.005700 -0.011104 -0.999538 -0.027708
1766747589.363165 0.377779 10.696374 0.310744 0.009747 -0.003039 -0.999448 -0.031606
1766747589.413222 0.353308 10.694947 0.312242 0.005281 -0.000382 -0.999507 -0.030956
1766747589.466705 0.325300 10.695721 0.309878 0.002809 0.001833 -0.999599 -0.028140
1766747589.520706 0.297171 10.696536 0.305237 0.001914 -0.000097 -0.999641 -0.026735
1766747589.574572 0.269797 10.697269 0.307220 -0.001904 -0.000581 -0.999716 -0.023760
1766747589.630213 0.243776 10.700719 0.311087 -0.003085 -0.005632 -0.999692 -0.023983
1766747589.681042 0.211292 10.702215 0.311473 -0.009278 -0.008072 -0.999638 -0.023936
1766747589.734313 0.175774 10.705750 0.311420 -0.014535 -0.006063 -0.999583 -0.024189
1766747589.793003 0.130535 10.710477 0.312005 -0.019047 0.000118 -0.999545 -0.023380
1766747589.840963 0.091062 10.714802 0.311050 0.003126 0.006027 -0.999582 -0.028120
1766747589.893728 0.050186 10.716866 0.312917 0.003018 0.008856 -0.999544 -0.028719
1766747589.948396 0.004678 10.722584 0.311599 0.003683 0.009435 -0.999379 -0.033746
1766747589.999856 -0.040072 10.726281 0.306668 0.010281 0.006944 -0.998438 -0.054480
1766747590.053462 -0.073269 10.726512 0.303566 0.004267 0.023972 -0.996153 -0.084180
1766747590.106590 -0.104356 10.735291 0.311430 0.005019 -0.000576 -0.995545 -0.094156
1766747590.160156 -0.136814 10.739604 0.317785 0.004124 -0.003701 -0.995160 -0.098112
1766747590.213458 -0.168176 10.748273 0.319037 0.000887 -0.008630 -0.995273 -0.096732
1766747590.274009 -0.206010 10.757792 0.316427 -0.002412 -0.008993 -0.995593 -0.093314
1766747590.321695 -0.247326 10.764174 0.316641 0.016781 0.000343 -0.995278 -0.095602
1766747590.374994 -0.281137 10.771610 0.318512 0.012964 0.002722 -0.995160 -0.097377
1766747590.430816 -0.328386 10.777556 0.319348 0.000333 0.011581 -0.995305 -0.096099
1766747590.488540 -0.377320 10.783319 0.317705 -0.010792 0.015544 -0.995436 -0.093539
1766747590.534586 -0.429676 10.798915 0.308451 0.000286 -0.004029 -0.996053 -0.088669
1766747590.586995 -0.472024 10.801732 0.311401 0.007509 0.001512 -0.996347 -0.085057
1766747590.641237 -0.523194 10.811866 0.315511 0.004752 0.000454 -0.996328 -0.085482
1766747590.708729 -0.578235 10.824652 0.318247 -0.004209 0.009121 -0.996265 -0.085764
1766747590.746689 -0.592598 10.827502 0.310943 0.012458 0.008598 -0.995978 -0.088317
1766747590.799895 -0.646628 10.839719 0.314733 0.013813 0.012128 -0.995467 -0.093320
1766747590.853121 -0.702691 10.849589 0.316622 0.004733 0.014609 -0.995663 -0.091755
1766747590.907941 -0.775708 10.863210 0.306840 0.002818 0.010350 -0.995903 -0.089788
1766747590.962796 -0.821589 10.870720 0.311290 0.010091 0.006528 -0.996300 -0.085098
1766747591.013818 -0.879298 10.881009 0.314349 0.003834 0.002263 -0.996584 -0.082460
1766747591.070115 -0.942409 10.891644 0.316519 -0.007163 0.010291 -0.996377 -0.084124
1766747591.127329 -0.982548 10.899017 0.303823 0.001908 0.009962 -0.996457 -0.083494
1766747591.176255 -0.990511 10.899430 0.308738 0.008482 0.011521 -0.996112 -0.086925
1766747591.230269 -1.049278 10.908072 0.312812 -0.001466 0.018465 -0.996289 -0.084060
1766747591.283367 -1.122266 10.918758 0.302924 -0.007665 0.018906 -0.996488 -0.081217
1766747591.346313 -1.170862 10.927976 0.309996 0.006999 0.006775 -0.997028 -0.076429
1766747591.399933 -1.233096 10.937720 0.314534 0.005273 0.001926 -0.997099 -0.075915
1766747591.447510 -1.299515 10.950723 0.318500 -0.004144 0.009503 -0.997013 -0.076532
1766747591.500189 -1.319293 10.952819 0.308649 0.007931 0.007069 -0.997042 -0.076123
1766747591.554915 -1.358190 10.964222 0.311338 0.011144 0.008689 -0.996893 -0.077486
1766747591.615844 -1.424848 10.974009 0.314416 -0.000006 0.013669 -0.997075 -0.075193
1766747591.660984 -1.498831 10.979728 0.306809 0.000476 0.018872 -0.996979 -0.075345
1766747591.713294 -1.493438 10.987145 0.309814 0.002593 0.010585 -0.997546 -0.069159
1766747591.764159 -1.563291 10.997999 0.316330 -0.000069 0.004729 -0.997582 -0.069334
1766747591.821718 -1.633106 11.011435 0.311660 -0.008183 0.010451 -0.997553 -0.068642
1766747591.872062 -1.605269 11.003667 0.306205 0.013065 0.012638 -0.997266 -0.071626
1766747591.926507 -1.678323 11.016646 0.311954 0.007148 0.013131 -0.997009 -0.075824
1766747591.989734 -1.745879 11.025331 0.315795 -0.005889 0.017766 -0.997124 -0.073445
1766747592.034090 -1.801030 11.033998 0.307041 -0.001104 0.013265 -0.997301 -0.072209
1766747592.083873 -1.818749 11.042087 0.310555 0.007563 -0.002195 -0.997827 -0.065416
1766747592.151397 -1.888848 11.052633 0.316095 0.001206 0.000489 -0.997804 -0.066229
1766747592.194745 -1.943838 11.064301 0.300535 0.001762 0.003810 -0.997895 -0.064714
1766747592.256788 -1.968553 11.062598 0.306959 0.009320 -0.000691 -0.997597 -0.068655
1766747592.315087 -2.041419 11.074409 0.312075 0.004318 0.000312 -0.997810 -0.066005
1766747592.359145 -2.104936 11.085400 0.296979 0.001050 0.000414 -0.997994 -0.063294
1766747592.410890 -2.105268 11.087667 0.306450 0.004963 -0.005112 -0.998164 -0.060146
1766747592.462656 -2.170053 11.098930 0.313488 0.000383 -0.011039 -0.998270 -0.057743
1766747592.527463 -2.236490 11.110516 0.312508 -0.012068 -0.004069 -0.998177 -0.058992
1766747592.570327 -2.269842 11.105380 0.302385 0.001438 0.015041 -0.998032 -0.060862
1766747592.620700 -2.319457 11.123385 0.308969 0.020806 0.008935 -0.998261 -0.054436
1766747592.674723 -2.370785 11.140893 0.299559 0.033190 -0.001872 -0.999238 -0.020453
1766747592.726872 -2.404631 11.145736 0.297157 0.035802 0.024349 -0.998849 0.020621
1766747592.783511 -2.441190 11.147380 0.305706 0.007377 0.046191 -0.996838 0.064229
1766747592.838921 -2.477773 11.151365 0.305007 -0.003827 0.049922 -0.991805 0.117546
1766747592.887935 -2.502479 11.128984 0.305736 0.006905 0.069052 -0.982591 0.172337
1766747592.942064 -2.519054 11.151548 0.310512 0.005137 0.048096 -0.971498 0.232062
1766747592.993199 -2.546938 11.136808 0.314614 -0.003226 0.041431 -0.956384 0.289143
1766747593.054531 -2.576016 11.130450 0.318136 0.002226 0.040524 -0.945449 0.323233
1766747593.102823 -2.590590 11.119283 0.315513 -0.002620 0.037606 -0.943542 0.329101
1766747593.156626 -2.610025 11.105479 0.317098 -0.003888 0.023304 -0.945329 0.325262
1766747593.207215 -2.627639 11.096277 0.321191 -0.001700 0.012523 -0.945154 0.326381
1766747593.263196 -2.648697 11.082516 0.321299 -0.006524 -0.004074 -0.944464 0.328525
1766747593.315216 -2.678910 11.064500 0.319064 -0.014350 -0.016317 -0.943219 0.331462
1766747593.368107 -2.712427 11.037024 0.320119 -0.005427 0.011736 -0.945231 0.326146
1766747593.421100 -2.740252 11.020903 0.315809 0.010005 0.005198 -0.945433 0.325622
1766747593.473933 -2.776784 10.994850 0.316131 0.008035 0.005633 -0.945353 0.325902
1766747593.527069 -2.816758 10.964101 0.315750 0.003666 0.006209 -0.944689 0.327888
1766747593.580742 -2.855360 10.929215 0.310316 0.001092 0.016532 -0.944514 0.328054
1766747593.633520 -2.891754 10.907110 0.309468 0.005863 0.005437 -0.942857 0.333103
1766747593.686275 -2.930420 10.877748 0.312967 -0.001249 0.002552 -0.943610 0.331048
1766747593.736658 -2.972051 10.845639 0.314982 -0.010021 0.007289 -0.944034 0.329614
1766747593.790560 -3.005183 10.821919 0.309226 0.005826 0.011662 -0.944137 0.329295
1766747593.843911 -3.032988 10.802591 0.311024 0.011688 0.009114 -0.945699 0.324707
1766747593.896649 -3.078069 10.768590 0.313110 0.002661 0.008287 -0.945347 0.325950
1766747593.949499 -3.127085 10.729572 0.314137 -0.006070 0.003319 -0.944386 0.328765
1766747594.003254 -3.160967 10.706010 0.309091 0.006770 0.003384 -0.943571 0.331083
1766747594.059226 -3.209581 10.668284 0.314025 0.010653 -0.006716 -0.942715 0.333363
1766747594.109675 -3.233216 10.643970 0.293326 0.002739 0.005716 -0.948406 0.316996
1766747594.164338 -3.274082 10.616090 0.304097 0.009872 -0.003488 -0.959394 0.281877
1766747594.219759 -3.305992 10.587069 0.310983 0.008773 -0.000292 -0.969303 0.245713
1766747594.272640 -3.349665 10.582777 0.312021 0.027324 -0.000943 -0.972500 0.231291
1766747594.328689 -3.386338 10.562536 0.297522 0.034233 0.005096 -0.972740 0.229303
1766747594.375678 -3.424208 10.549310 0.298147 0.023751 -0.002177 -0.973596 0.227031
1766747594.429120 -3.452902 10.531546 0.308753 0.030966 -0.007702 -0.973115 0.228100
1766747594.489894 -3.484756 10.511782 0.312731 0.028050 0.008428 -0.975716 0.217072
1766747594.539316 -3.517861 10.498971 0.307095 0.025727 0.002766 -0.979948 0.197568
1766747594.595172 -3.544813 10.484698 0.307452 0.016087 0.012594 -0.986006 0.165452
1766747594.643173 -3.566754 10.474787 0.312407 0.020098 0.020994 -0.991508 0.126755
1766747594.702167 -3.593951 10.467868 0.313347 0.017995 0.026766 -0.995516 0.088923
1766747594.752800 -3.624397 10.463439 0.311802 0.023857 0.021355 -0.996612 0.075758
1766747594.806438 -3.659730 10.458421 0.308269 0.028493 0.018163 -0.996563 0.075634
1766747594.858356 -3.687391 10.453558 0.303477 0.017857 0.013364 -0.996752 0.077380
1766747594.915042 -3.713653 10.450860 0.307623 0.018332 0.002007 -0.997564 0.067280
1766747594.965544 -3.744173 10.445519 0.310484 0.018354 0.007727 -0.998844 0.043759
1766747595.019912 -3.777897 10.441786 0.310694 0.021390 0.015985 -0.999111 0.032627
1766747595.073947 -3.811864 10.441100 0.312612 0.013621 0.006900 -0.999329 0.033297
1766747595.129398 -3.841754 10.437227 0.311847 0.008222 0.019942 -0.999181 0.034249
1766747595.180590 -3.872293 10.435720 0.315108 0.006846 0.018740 -0.999242 0.033440
1766747595.239178 -3.911234 10.432887 0.314735 -0.001209 0.018978 -0.999215 0.034758
1766747595.286117 -3.952754 10.429509 0.314061 -0.010307 0.018366 -0.999126 0.036118
1766747595.340756 -3.998049 10.423049 0.312280 0.001648 0.007807 -0.999218 0.038729
1766747595.400213 -4.040341 10.420269 0.313973 -0.000923 0.009033 -0.999084 0.041809
1766747595.444381 -4.089133 10.417411 0.316236 -0.006380 0.001757 -0.999133 0.041117
1766747595.506827 -4.141010 10.414918 0.317761 -0.014283 0.006403 -0.999054 0.040575
1766747595.555126 -4.186260 10.411796 0.312268 0.002412 0.018893 -0.999021 0.039921
1766747595.617493 -4.230678 10.412099 0.313780 0.015313 0.005614 -0.999414 0.030107
1766747595.657826 -4.275317 10.413866 0.312099 0.020744 0.004398 -0.999666 0.014764
1766747595.709443 -4.314944 10.409595 0.298758 0.022990 0.013947 -0.999633 0.003152
1766747595.770127 -4.362058 10.411358 0.298508 0.009273 0.017613 -0.999799 0.002299
1766747595.829510 -4.389925 10.414537 0.304114 0.007883 0.007298 -0.999933 0.004283
1766747595.875502 -4.423069 10.411172 0.307982 0.011742 0.008057 -0.999893 0.003337
1766747595.926928 -4.456249 10.408216 0.307085 0.018501 0.014138 -0.999722 0.003838
1766747595.979649 -4.484368 10.407060 0.306525 0.007981 0.008189 -0.999921 0.005291
1766747596.033235 -4.507128 10.402452 0.309369 0.006150 0.017350 -0.999820 0.004707
1766747596.086516 -4.527740 10.401367 0.312772 0.005708 0.016548 -0.999831 0.005710
1766747596.140145 -4.550021 10.400187 0.313134 0.003147 0.019798 -0.999783 0.005702
1766747596.189755 -4.575255 10.397487 0.312388 -0.001204 0.023021 -0.999721 0.005243
1766747596.247859 -4.607641 10.394423 0.310081 -0.008620 0.023169 -0.999680 0.005316
1766747596.300882 -4.641163 10.392966 0.312468 -0.000576 0.003718 -0.999920 0.012083
1766747596.349802 -4.680239 10.391812 0.314196 -0.000221 0.004950 -0.999917 0.011865
1766747596.403536 -4.715532 10.393633 0.315625 -0.008629 -0.000168 -0.999904 0.010844
1766747596.459573 -4.751519 10.393896 0.315880 -0.014363 -0.001794 -0.999852 0.009320
1766747596.507838 -4.799149 10.395652 0.315797 -0.022295 0.002682 -0.999705 0.009278
1766747596.560517 -4.841966 10.394871 0.308830 -0.003947 0.010936 -0.999910 0.006700
1766747596.611820 -4.888303 10.396749 0.309235 -0.003451 0.000888 -0.999991 0.002295
1766747596.666383 -4.939389 10.396091 0.310825 -0.009887 0.004984 -0.999934 0.003150
1766747596.720493 -4.994073 10.395487 0.312702 -0.017990 0.003043 -0.999821 0.005106
1766747596.773377 -5.050495 10.390100 0.310428 -0.012385 0.006618 -0.999885 0.005782
1766747596.828951 -5.076014 10.392467 0.311794 -0.012756 -0.006077 -0.999849 0.010084
1766747596.882921 -5.132377 10.392003 0.317182 -0.019341 -0.002667 -0.999769 0.008948
1766747596.936619 -5.196710 10.395002 0.309075 -0.025608 0.007236 -0.999604 0.009103
1766747596.992981 -5.199101 10.391191 0.308090 -0.002967 0.010198 -0.999926 0.005909
1766747597.050297 -5.255869 10.398030 0.308797 0.012383 0.004338 -0.999830 -0.012963
1766747597.097560 -5.300127 10.398494 0.299867 0.024459 0.004708 -0.999156 -0.032651
1766747597.165615 -5.345988 10.404563 0.298117 0.018213 0.005462 -0.999154 -0.036459
1766747597.206561 -5.381262 10.412086 0.298696 0.009445 -0.001247 -0.999271 -0.036971
1766747597.263676 -5.416357 10.415385 0.307472 0.011811 -0.007160 -0.999299 -0.034797
1766747597.313647 -5.455348 10.418299 0.310566 0.004775 -0.005533 -0.999326 -0.035984
1766747597.372602 -5.503200 10.424963 0.311329 -0.000379 -0.005360 -0.999412 -0.033861
1766747597.421662 -5.536496 10.425703 0.309167 0.014611 0.004240 -0.999205 -0.036857
1766747597.475907 -5.572192 10.428759 0.312474 0.011347 0.006946 -0.999094 -0.040425
1766747597.525488 -5.611742 10.434770 0.310022 0.010687 0.012705 -0.998474 -0.052663
1766747597.598531 -5.654268 10.435102 0.306955 0.014112 0.010800 -0.997651 -0.066151
1766747597.638289 -5.700532 10.440457 0.302068 0.008947 0.022137 -0.997495 -0.066587
1766747597.705652 -5.728365 10.451774 0.308170 0.005174 0.003694 -0.998089 -0.061472
1766747597.743076 -5.761026 10.457008 0.312861 0.001637 -0.004805 -0.998164 -0.060359
1766747597.796257 -5.797163 10.464231 0.314162 -0.006377 -0.005841 -0.998097 -0.061061
1766747597.866832 -5.841777 10.474442 0.314444 -0.014573 -0.007619 -0.998043 -0.060339
1766747597.906334 -5.879146 10.479119 0.311836 0.009845 0.008556 -0.997749 -0.065774
1766747597.959754 -5.922334 10.485151 0.315560 0.010508 0.012734 -0.997549 -0.067997
1766747598.013944 -5.968612 10.489499 0.317605 0.002215 0.019012 -0.997615 -0.066313
1766747598.071868 -6.025353 10.494864 0.317639 -0.009619 0.018463 -0.997765 -0.063494
1766747598.124243 -6.081062 10.500719 0.311758 0.005506 0.001955 -0.998149 -0.060528
1766747598.173725 -6.133897 10.504055 0.313681 0.011815 0.001455 -0.998308 -0.056917
1766747598.227687 -6.184887 10.511075 0.316033 0.007463 0.005129 -0.998255 -0.058351
1766747598.286822 -6.247978 10.520383 0.317321 -0.000475 0.014984 -0.998160 -0.058747
1766747598.337708 -6.288190 10.523799 0.310223 0.012228 0.012541 -0.998031 -0.060233
1766747598.382313 -6.338823 10.532820 0.309605 0.019939 0.010528 -0.997538 -0.066405
1766747598.439571 -6.390434 10.543545 0.306904 0.020183 0.012577 -0.996596 -0.078939
1766747598.504261 -6.432772 10.550593 0.300202 0.015577 0.020492 -0.994099 -0.105374
1766747598.542967 -6.466946 10.559302 0.301406 -0.001319 0.011473 -0.992948 -0.117984
1766747598.597209 -6.507237 10.574959 0.307754 0.000554 -0.005922 -0.993333 -0.115128
1766747598.649297 -6.540810 10.584040 0.314918 -0.001530 -0.013859 -0.993344 -0.114342
1766747598.711512 -6.576788 10.595914 0.316737 -0.007080 -0.021416 -0.993349 -0.112910
1766747598.757928 -6.616817 10.605895 0.313767 -0.005814 -0.011204 -0.993617 -0.112094
1766747598.811523 -6.655814 10.615083 0.313561 0.010747 -0.007516 -0.993126 -0.116313
1766747598.867209 -6.696231 10.624419 0.316369 0.009003 0.001415 -0.993152 -0.116470
1766747598.919300 -6.739516 10.632153 0.317119 -0.000235 0.010080 -0.993242 -0.115626
1766747598.973385 -6.785465 10.648470 0.313860 -0.004578 0.006991 -0.992409 -0.122700
1766747599.024606 -6.827218 10.657598 0.309084 0.001777 0.015498 -0.990653 -0.135511
1766747599.079748 -6.861148 10.677408 0.313847 0.004273 0.000834 -0.991206 -0.132254
1766747599.131853 -6.896032 10.688545 0.317125 -0.000396 -0.005195 -0.991130 -0.132798
1766747599.186490 -6.931358 10.701079 0.316543 -0.007942 -0.008894 -0.990970 -0.133554
1766747599.260027 -6.973551 10.716653 0.313625 -0.018315 -0.011186 -0.990874 -0.133076
1766747599.294826 -7.017001 10.728175 0.314071 0.008031 0.007759 -0.990154 -0.139534
1766747599.349890 -7.050627 10.738799 0.314084 0.013919 0.002371 -0.989270 -0.145414
1766747599.407883 -7.087387 10.749906 0.312395 0.013723 0.005394 -0.986797 -0.161292
1766747599.455449 -7.127107 10.757973 0.309029 0.016691 0.004217 -0.984769 -0.173013
1766747599.522284 -7.171639 10.775468 0.305182 0.013706 0.011165 -0.984891 -0.172270
1766747599.572333 -7.200309 10.791810 0.306718 0.011499 0.002061 -0.985773 -0.167674
1766747599.623820 -7.228240 10.803387 0.311210 0.005491 -0.007888 -0.985916 -0.166965
1766747599.678905 -7.260310 10.816702 0.313363 -0.002894 -0.004770 -0.985779 -0.167955
1766747599.729457 -7.300874 10.835732 0.314835 -0.012335 -0.003944 -0.985790 -0.167480
1766747599.787362 -7.340694 10.847613 0.311582 0.013295 0.008517 -0.984592 -0.174156
1766747599.831520 -7.375185 10.862153 0.314905 0.011219 0.005915 -0.984383 -0.175585
1766747599.887110 -7.419426 10.877070 0.315576 0.002541 0.014440 -0.984877 -0.172632
1766747599.939235 -7.472013 10.895114 0.314754 -0.008036 0.016423 -0.985255 -0.170114
1766747599.992725 -7.521494 10.911830 0.308321 0.009158 0.006356 -0.985171 -0.171215
1766747600.053420 -7.564719 10.923225 0.310620 0.018437 0.021581 -0.982732 -0.182846
1766747600.105525 -7.611783 10.936031 0.312590 0.031052 0.037428 -0.976521 -0.209863
1766747600.158093 -7.645897 10.948817 0.300063 0.025725 0.023062 -0.969678 -0.241933
1766747600.208688 -7.676427 10.952895 0.304583 0.018646 0.011466 -0.965505 -0.259465
1766747600.259459 -7.699610 10.965869 0.309367 0.024219 0.008631 -0.964742 -0.261939
1766747600.326738 -7.729643 10.982020 0.310971 0.020365 0.005720 -0.965100 -0.261028
1766747600.365812 -7.761747 11.002471 0.309640 0.012376 0.003794 -0.965701 -0.259333
1766747600.425049 -7.794401 11.021770 0.307508 0.009522 -0.002469 -0.966638 -0.255959
1766747600.471967 -7.824057 11.042480 0.309770 -0.001483 -0.007071 -0.966735 -0.255677
1766747600.533933 -7.856867 11.063835 0.311194 -0.012357 -0.007993 -0.966069 -0.257865
1766747600.578181 -7.897082 11.091420 0.312808 -0.021084 -0.002391 -0.965850 -0.258233
1766747600.632572 -7.938888 11.118376 0.308580 0.003178 0.009410 -0.965436 -0.260451
1766747600.684950 -7.974006 11.141582 0.309580 0.012502 -0.008427 -0.964794 -0.262576
1766747600.746899 -8.022486 11.169545 0.312391 0.010049 0.000412 -0.964829 -0.262687
1766747600.792709 -8.073891 11.199797 0.314050 0.001957 0.002955 -0.965451 -0.260560
1766747600.844888 -8.124493 11.223469 0.310237 0.007636 0.008222 -0.965716 -0.259357
1766747600.897669 -8.138935 11.236159 0.310538 0.007679 -0.002979 -0.966981 -0.254717
1766747600.960814 -8.187469 11.264050 0.314410 0.003009 -0.000041 -0.966508 -0.256619
1766747601.006959 -8.243249 11.299728 0.313505 -0.003515 0.009239 -0.966470 -0.256589
1766747601.058236 -8.280427 11.321415 0.309097 0.015108 0.008198 -0.965758 -0.258876
1766747601.112889 -8.332567 11.353482 0.311358 0.015864 0.011114 -0.965703 -0.258925
1766747601.167651 -8.387308 11.382710 0.313124 0.005343 0.017584 -0.966441 -0.256232
1766747601.224640 -8.454335 11.415279 0.302878 0.006355 0.018331 -0.966569 -0.255673
1766747601.271362 -8.449679 11.421268 0.307339 0.006832 0.013531 -0.968171 -0.249832
1766747601.325438 -8.501751 11.450306 0.313262 0.003144 0.011482 -0.968090 -0.250321
1766747601.380179 -8.561612 11.486003 0.318047 -0.003121 0.017922 -0.968174 -0.249618
1766747601.433752 -8.562399 11.484392 0.308859 0.013309 0.012491 -0.967859 -0.250830
1766747601.485510 -8.605609 11.510175 0.311054 0.011053 0.012821 -0.967601 -0.251917
1766747601.539192 -8.664079 11.541689 0.313558 -0.001025 0.016814 -0.968485 -0.248504
1766747601.591798 -8.731290 11.576832 0.307168 0.002157 0.013873 -0.968924 -0.246959
1766747601.646510 -8.758785 11.587415 0.310589 0.009172 0.003363 -0.969943 -0.243135
1766747601.699268 -8.817800 11.620915 0.313869 0.003757 0.004024 -0.969844 -0.243663
1766747601.752410 -8.879453 11.659788 0.300804 -0.004750 0.011623 -0.969746 -0.243793
1766747601.804935 -8.867783 11.646730 0.307336 0.014506 0.005790 -0.969188 -0.245826
1766747601.858394 -8.916911 11.677904 0.311069 0.010127 0.008728 -0.969063 -0.246452
1766747601.909886 -8.972746 11.707399 0.307865 -0.000831 0.014081 -0.969713 -0.243841
1766747601.961889 -9.026896 11.735788 0.305295 0.004847 0.015807 -0.969796 -0.243359
1766747602.018476 -9.041983 11.749363 0.310147 0.006513 0.003477 -0.971287 -0.237795
1766747602.065171 -9.097639 11.780254 0.316032 0.002494 0.004243 -0.971312 -0.237756
1766747602.118335 -9.159429 11.818276 0.301614 -0.004717 0.010131 -0.971284 -0.237663
1766747602.168515 -9.161209 11.815071 0.306621 0.014329 0.003656 -0.970597 -0.240258
1766747602.220815 -9.222686 11.849756 0.310390 0.009740 0.009644 -0.970626 -0.240204
1766747602.278542 -9.283546 11.880152 0.312660 -0.001606 0.015857 -0.971397 -0.236928
1766747602.328174 -9.335899 11.913049 0.306074 0.004289 0.007146 -0.971933 -0.235109
1766747602.399022 -9.403803 11.942932 0.310464 0.009080 0.000366 -0.972995 -0.230649
1766747602.435484 -9.461402 11.973687 0.314018 0.001918 0.002646 -0.973026 -0.230671
1766747602.487927 -9.523853 12.009274 0.303176 0.000370 0.007881 -0.973151 -0.230033
1766747602.538476 -9.493459 11.989519 0.308600 0.017926 0.010095 -0.972344 -0.232646
1766747602.591711 -9.556454 12.022497 0.314229 0.011141 0.014848 -0.972757 -0.231084
1766747602.652103 -9.618720 12.051499 0.299246 0.004053 0.018866 -0.973358 -0.228478
1766747602.695760 -9.616303 12.053952 0.304668 0.007827 0.016804 -0.973909 -0.226181
1766747602.744410 -9.674586 12.084883 0.310923 0.005538 0.005914 -0.974306 -0.225082
1766747602.797851 -9.733645 12.115163 0.317188 -0.000791 0.011369 -0.974185 -0.225463
1766747602.857449 -9.760089 12.129482 0.306059 0.001868 0.002520 -0.974782 -0.223137
1766747602.908001 -9.806765 12.149261 0.310725 0.011077 0.005589 -0.973786 -0.227128
1766747602.959075 -9.868896 12.178853 0.314828 0.003470 0.011488 -0.974466 -0.224213
1766747603.011384 -9.943975 12.210693 0.305477 0.004268 0.011510 -0.974786 -0.222802
1766747603.067298 -9.949449 12.221176 0.311178 0.005920 -0.002584 -0.976425 -0.215758
1766747603.117508 -10.008836 12.250646 0.317550 -0.000164 -0.003001 -0.976936 -0.213512
1766747603.172664 -10.066527 12.281339 0.299849 -0.010662 0.006264 -0.976734 -0.214096
1766747603.226312 -10.068458 12.277682 0.301260 0.010138 0.006478 -0.976297 -0.216101
1766747603.285757 -10.123839 12.308959 0.308848 0.016084 0.007954 -0.975796 -0.217945
1766747603.331074 -10.192689 12.340114 0.311620 0.004264 0.010987 -0.976567 -0.214892
1766747603.385223 -10.250764 12.361376 0.304343 0.007584 0.021324 -0.976515 -0.214257
1766747603.445807 -10.267998 12.376966 0.307612 0.007403 0.000212 -0.978406 -0.206561
1766747603.494297 -10.326763 12.403604 0.313444 0.000403 0.002835 -0.978432 -0.206551
1766747603.562780 -10.392091 12.437523 0.302646 -0.002368 0.006942 -0.978686 -0.205230
1766747603.603328 -10.414497 12.443343 0.309329 0.016332 0.009686 -0.977974 -0.207859
1766747603.659195 -10.484129 12.475955 0.312679 0.009702 0.011281 -0.978269 -0.206807
1766747603.708657 -10.550883 12.504308 0.295078 0.002863 0.014212 -0.978797 -0.204319
1766747603.764719 -10.565535 12.512884 0.305249 0.004656 0.016875 -0.979430 -0.201022
1766747603.817107 -10.625364 12.542137 0.313165 0.000784 0.005885 -0.979790 -0.199942
1766747603.872118 -10.694321 12.574223 0.320454 -0.006462 0.011336 -0.979719 -0.199950
1766747603.925449 -10.695095 12.572929 0.306257 0.004080 0.007159 -0.979912 -0.199263
1766747603.986207 -10.750448 12.598546 0.310045 0.006985 -0.000766 -0.979324 -0.202175
1766747604.032075 -10.813943 12.625087 0.313464 -0.001504 0.006768 -0.980045 -0.198655
1766747604.091487 -10.884349 12.656089 0.300524 0.000657 0.003622 -0.980387 -0.197049
1766747604.141848 -10.895154 12.665492 0.308009 0.008491 -0.007395 -0.981239 -0.192468
1766747604.197244 -10.950803 12.691665 0.311301 0.000274 -0.007890 -0.981153 -0.193073
1766747604.257266 -11.013958 12.717093 0.289189 -0.008332 -0.000424 -0.980929 -0.194188
1766747604.306722 -11.021647 12.712914 0.306277 0.014445 -0.001812 -0.980277 -0.197093
1766747604.360369 -11.090293 12.744942 0.312617 0.012066 0.005485 -0.980301 -0.197065
1766747604.416751 -11.159652 12.771933 0.296715 0.006787 0.014149 -0.980722 -0.194776
1766747604.482239 -11.166946 12.775428 0.304622 0.013026 0.021237 -0.981010 -0.192349
1766747604.523685 -11.216675 12.795259 0.307386 0.017396 0.024845 -0.981229 -0.190445
1766747604.572399 -11.267313 12.801881 0.297623 0.029901 0.033139 -0.980250 -0.192660
1766747604.625842 -11.298332 12.815911 0.297733 0.013268 0.016430 -0.981016 -0.192777
1766747604.678509 -11.332862 12.828430 0.300144 -0.004579 0.000982 -0.982221 -0.187670
1766747604.734460 -11.360442 12.839371 0.305717 0.012590 0.003229 -0.981946 -0.188715
1766747604.788524 -11.375387 12.845824 0.309783 0.017872 0.011497 -0.982039 -0.187476
1766747604.840216 -11.383339 12.849580 0.311136 0.018520 0.013933 -0.982431 -0.185180
1766747604.894965 -11.387833 12.849718 0.313142 0.015405 0.019454 -0.982768 -0.183170
1766747604.946219 -11.389832 12.850099 0.311697 0.007941 0.020017 -0.982742 -0.183721
1766747604.998128 -11.394257 12.850546 0.313014 0.005705 0.014960 -0.982946 -0.183199
1766747605.052180 -11.400513 12.853007 0.313278 0.005643 0.014941 -0.983161 -0.182042
1766747605.106374 -11.409827 12.856854 0.312723 0.006693 0.014835 -0.983236 -0.181609
1766747605.156477 -11.422097 12.861259 0.311023 0.008628 0.015037 -0.983345 -0.180920
1766747605.208606 -11.435602 12.866657 0.309596 0.012353 0.013250 -0.983600 -0.179451
1766747605.261666 -11.444204 12.870819 0.308225 0.017309 0.010276 -0.984020 -0.176920
1766747605.317783 -11.462138 12.878571 0.305690 0.019582 0.006327 -0.984310 -0.175243
1766747605.387665 -11.480127 12.886209 0.303242 0.017946 0.011201 -0.984787 -0.172477
1766747605.425890 -11.499498 12.898211 0.302772 0.009724 0.005549 -0.988847 -0.148516
1766747605.479262 -11.518543 12.905480 0.304674 0.009257 0.001974 -0.992592 -0.121126
1766747605.530450 -11.537192 12.909941 0.304233 0.014173 -0.004429 -0.995531 -0.093260
1766747605.593390 -11.553863 12.911542 0.304910 0.015287 -0.008913 -0.997944 -0.061608
1766747605.636366 -11.574563 12.912379 0.305740 0.011971 -0.006566 -0.999004 -0.042479
1766747605.692216 -11.599269 12.912506 0.306479 0.011837 0.003630 -0.999213 -0.037691
1766747605.748185 -11.626969 12.916763 0.305009 0.008318 0.002272 -0.999242 -0.037967
1766747605.802492 -11.650043 12.915595 0.304223 0.005639 0.012706 -0.999076 -0.040660
1766747605.854094 -11.673496 12.915820 0.307479 0.006972 0.013514 -0.999139 -0.038617
1766747605.909342 -11.696271 12.916537 0.308616 0.004840 0.017679 -0.999145 -0.037062
1766747605.960989 -11.721917 12.916877 0.308437 0.005514 0.021810 -0.999286 -0.030340
1766747606.025290 -11.750807 12.918035 0.307546 0.007011 0.019629 -0.999661 -0.015629
1766747606.070087 -11.779841 12.919107 0.305242 0.015854 0.012942 -0.999772 0.006063
1766747606.125151 -11.807942 12.923296 0.302813 0.012711 0.013201 -0.999219 0.035012
1766747606.178666 -11.829807 12.923857 0.304126 0.012603 0.006941 -0.997913 0.062959
1766747606.236733 -11.847753 12.921980 0.304579 0.011901 0.002270 -0.995437 0.094652
1766747606.297410 -11.866129 12.917130 0.304953 0.007880 0.002401 -0.991932 0.126503
1766747606.342717 -11.888824 12.911262 0.304811 0.007252 0.004503 -0.990246 0.139066
1766747606.394657 -11.912283 12.903438 0.303930 0.004885 0.010500 -0.990186 0.139277
1766747606.451997 -11.934740 12.897629 0.302010 0.000227 0.006596 -0.990617 0.136512
1766747606.504208 -11.957707 12.890607 0.305380 -0.000953 0.012763 -0.990678 0.135619
1766747606.558863 -11.978367 12.883278 0.308367 0.002588 0.012266 -0.990342 0.138076
1766747606.611712 -12.002284 12.876316 0.308599 0.003303 0.018232 -0.989406 0.143991
1766747606.662549 -12.027924 12.868239 0.307928 0.008044 0.020191 -0.987370 0.156934
1766747606.715772 -12.056852 12.860555 0.305543 0.018534 0.013332 -0.984082 0.176242
1766747606.769646 -12.084351 12.851460 0.303723 0.014516 0.023391 -0.982695 0.183176
1766747606.821481 -12.107672 12.844858 0.303622 0.012899 0.017751 -0.982935 0.182639
1766747606.874857 -12.127437 12.839302 0.305884 0.010261 0.011535 -0.982967 0.183135
1766747606.926858 -12.145328 12.832525 0.307805 0.007122 0.008253 -0.983226 0.182064
1766747606.979618 -12.166620 12.824588 0.308430 -0.000276 0.011254 -0.983494 0.180588
1766747607.031918 -12.190513 12.816225 0.307693 -0.006725 0.012190 -0.983099 0.182545
1766747607.085238 -12.215761 12.803701 0.306547 -0.002410 0.026508 -0.980919 0.192589
1766747607.138741 -12.240170 12.794721 0.310505 0.003278 0.025700 -0.977187 0.210795
1766747607.205487 -12.259749 12.784005 0.315338 0.000802 0.027765 -0.971364 0.235966
1766747607.248973 -12.283303 12.770789 0.317806 -0.002126 0.031084 -0.963969 0.264186
1766747607.298870 -12.305059 12.756359 0.317982 -0.003628 0.030202 -0.956037 0.291663
1766747607.353448 -12.326295 12.739491 0.314864 -0.004987 0.031054 -0.945257 0.324807
1766747607.408274 -12.348656 12.724657 0.316917 -0.000085 0.031026 -0.931081 0.363492
1766747607.461807 -12.364264 12.713647 0.316917 0.002688 0.031555 -0.916604 0.398539
1766747607.513328 -12.376608 12.698920 0.315094 0.000178 0.033616 -0.900509 0.433536
1766747607.565052 -12.389480 12.678904 0.313010 -0.003077 0.032788 -0.881484 0.471065
1766747607.630722 -12.401790 12.651721 0.307837 -0.000710 0.029424 -0.871422 0.489651
1766747607.668438 -12.413461 12.634968 0.304761 -0.005152 0.020303 -0.873164 0.486976
1766747607.720945 -12.424772 12.613627 0.307301 -0.002412 0.026914 -0.874059 0.485068
1766747607.775194 -12.435601 12.594417 0.310727 0.001579 0.029400 -0.872577 0.487589
1766747607.830014 -12.448248 12.574112 0.311614 -0.000605 0.032585 -0.871518 0.489280
1766747607.881410 -12.462445 12.550971 0.311511 0.001418 0.032186 -0.870330 0.491414
1766747607.937093 -12.479225 12.527239 0.310835 0.005699 0.025647 -0.869753 0.492787
1766747607.990455 -12.492724 12.499285 0.307745 0.004074 0.028471 -0.869343 0.493371
1766747608.049438 -12.506262 12.482479 0.306292 0.008549 0.014410 -0.869362 0.493892
1766747608.108501 -12.520685 12.464080 0.311104 0.009933 0.004311 -0.869620 0.493602
1766747608.147935 -12.535565 12.441097 0.312906 0.009274 -0.002630 -0.869931 0.493079
1766747608.201797 -12.550171 12.419753 0.312565 0.007011 -0.006461 -0.868116 0.496271
1766747608.259274 -12.566095 12.394385 0.311170 0.004632 -0.006484 -0.862020 0.506812
1766747608.310778 -12.577817 12.368376 0.311077 0.008059 0.013642 -0.852150 0.523058
1766747608.363234 -12.588855 12.350165 0.312050 0.010950 0.013255 -0.839947 0.542396
1766747608.415321 -12.593328 12.327939 0.316931 -0.002924 0.019831 -0.824334 0.565749
1766747608.471724 -12.598032 12.302199 0.319134 -0.015996 0.027621 -0.805341 0.591953
1766747608.521488 -12.607628 12.276878 0.317653 -0.014196 0.021061 -0.785962 0.617753
1766747608.578960 -12.614425 12.247910 0.315568 -0.007037 0.013353 -0.778110 0.627947
1766747608.638144 -12.621326 12.225034 0.320038 -0.004878 0.012978 -0.777665 0.628525
1766747608.686409 -12.626612 12.202011 0.320269 -0.004936 0.007675 -0.776646 0.629871
1766747608.740567 -12.630860 12.179166 0.318044 -0.009519 0.004867 -0.776111 0.630506
1766747608.793084 -12.637432 12.148271 0.313158 -0.012813 0.003256 -0.774895 0.631952
1766747608.845532 -12.637513 12.119794 0.311244 -0.006668 0.021242 -0.769227 0.638588
1766747608.901491 -12.641047 12.094473 0.314880 -0.000792 0.021322 -0.757181 0.652857
1766747608.950963 -12.641389 12.076157 0.317314 -0.000799 0.019756 -0.742333 0.669740
1766747609.011563 -12.641912 12.056139 0.316934 -0.003506 0.018547 -0.735458 0.677307
1766747609.056147 -12.644148 12.026840 0.314805 -0.005751 0.015732 -0.734389 0.678523
1766747609.109968 -12.645342 11.999408 0.311256 -0.003400 0.012956 -0.734218 0.678782
1766747609.162197 -12.646616 11.971910 0.306117 -0.003824 0.013838 -0.733515 0.679522
1766747609.211679 -12.651120 11.948776 0.308302 -0.002136 0.010613 -0.731864 0.681365
1766747609.266465 -12.655039 11.933787 0.309979 0.000713 0.003234 -0.731433 0.681905
1766747609.322294 -12.655837 11.900893 0.309603 0.000469 0.001952 -0.732585 0.680673
1766747609.384485 -12.658130 11.874815 0.307646 -0.003682 0.000458 -0.733018 0.680199
1766747609.428209 -12.660515 11.842617 0.305504 -0.006171 -0.000325 -0.732852 0.680360
1766747609.480506 -12.663043 11.813618 0.304155 -0.002433 0.010216 -0.733660 0.679436
1766747609.536175 -12.664017 11.787861 0.309616 -0.004163 0.012713 -0.732844 0.680265
1766747609.582866 -12.665334 11.769044 0.311427 -0.003282 0.013777 -0.725040 0.688562
1766747609.635989 -12.667313 11.742451 0.313855 -0.000979 0.011542 -0.712932 0.701138
1766747609.688836 -12.668674 11.712792 0.314283 0.001584 0.009038 -0.696035 0.717949
1766747609.741663 -12.668328 11.685395 0.312186 0.003657 0.007962 -0.683656 0.729752
1766747609.796097 -12.666530 11.654233 0.311172 -0.000470 0.006645 -0.681785 0.731523
1766747609.848452 -12.668136 11.633471 0.313074 0.005273 0.004160 -0.681989 0.731332
1766747609.912747 -12.666692 11.613898 0.313733 0.005251 0.000942 -0.681003 0.732261
1766747609.955857 -12.663662 11.589073 0.312841 -0.000546 0.003456 -0.681106 0.732177
1766747610.020837 -12.660377 11.560450 0.310840 -0.005270 0.007154 -0.680313 0.732868
1766747610.067052 -12.657965 11.530365 0.309097 -0.007627 0.011187 -0.680821 0.732325
1766747610.118283 -12.652167 11.504332 0.313709 -0.010809 0.015161 -0.680232 0.732760
1766747610.172805 -12.650208 11.480565 0.313691 -0.006917 0.015776 -0.678338 0.734549
1766747610.230401 -12.646795 11.452659 0.312707 -0.006301 0.015864 -0.677421 0.735397
1766747610.280585 -12.642699 11.419667 0.310429 -0.006126 0.013525 -0.675981 0.736769
1766747610.331223 -12.640368 11.387186 0.308324 -0.000589 0.009762 -0.674184 0.738499
1766747610.388552 -12.637789 11.353849 0.304291 -0.005559 0.008509 -0.672561 0.739972
1766747610.450263 -12.635847 11.329098 0.306956 -0.004188 0.005744 -0.670471 0.741902
1766747610.496833 -12.632485 11.303135 0.307312 -0.000967 0.000613 -0.666074 0.745885
1766747610.558820 -12.627459 11.275274 0.306336 -0.001941 0.002532 -0.665196 0.746662
1766747610.612879 -12.622829 11.244828 0.304459 -0.004524 0.003866 -0.665214 0.746629
1766747610.665296 -12.618800 11.216012 0.302821 -0.001893 0.004496 -0.664882 0.746932
1766747610.723929 -12.612514 11.187831 0.310548 -0.008823 0.010145 -0.666170 0.745679
1766747610.771242 -12.608170 11.166149 0.315280 -0.007134 0.011808 -0.663641 0.747924
1766747610.837522 -12.604593 11.141379 0.316851 -0.006910 0.012396 -0.662886 0.748585
1766747610.873600 -12.599095 11.112680 0.315596 -0.009001 0.012145 -0.662070 0.749289
1766747610.935100 -12.594082 11.080997 0.312643 -0.009108 0.009806 -0.660542 0.750670
1766747610.981246 -12.589859 11.048629 0.309674 -0.003979 0.009181 -0.658693 0.752345
1766747611.033647 -12.588097 11.017779 0.306808 -0.001804 0.009886 -0.656437 0.754314
1766747611.097309 -12.586820 10.993516 0.308621 -0.002511 0.005707 -0.655712 0.754986
1766747611.145652 -12.583288 10.965078 0.309200 0.000583 -0.000048 -0.656324 0.754479
1766747611.195465 -12.579612 10.936308 0.308313 -0.002103 -0.002171 -0.657058 0.753834
1766747611.248002 -12.575916 10.903187 0.306891 -0.003674 -0.004123 -0.656638 0.754185
1766747611.301457 -12.571614 10.869378 0.306087 -0.004273 0.011421 -0.657736 0.753150
1766747611.358865 -12.565710 10.839525 0.312539 -0.004327 0.013517 -0.658225 0.752688
1766747611.412493 -12.560281 10.810159 0.316355 -0.004221 0.013910 -0.656896 0.753841
1766747611.462714 -12.553546 10.780017 0.315504 -0.006724 0.012124 -0.655571 0.755006
1766747611.515217 -12.546254 10.744242 0.312597 -0.007570 0.010166 -0.654280 0.756147
1766747611.566738 -12.546510 10.710086 0.310071 -0.000618 0.008635 -0.658104 0.752877
1766747611.626882 -12.540421 10.684156 0.308185 -0.007267 0.019278 -0.676662 0.736005
1766747611.675462 -12.542818 10.664827 0.310719 -0.001696 0.009547 -0.695341 0.718615
1766747611.728367 -12.542146 10.640533 0.316661 0.003775 0.001519 -0.716661 0.697410
1766747611.781006 -12.543369 10.615436 0.318639 0.005118 -0.000332 -0.738813 0.673891
1766747611.835208 -12.546978 10.587784 0.317989 0.005213 -0.000939 -0.745177 0.666846
1766747611.896717 -12.550220 10.564318 0.316848 0.005642 0.008058 -0.744531 0.667516
1766747611.948021 -12.553187 10.533946 0.315444 0.008258 0.013115 -0.743377 0.668693
1766747612.006266 -12.554188 10.520072 0.316752 0.012519 0.008714 -0.741506 0.670773
1766747612.057753 -12.554918 10.488120 0.317753 0.009330 0.007613 -0.742104 0.670177
1766747612.105360 -12.555073 10.457893 0.315917 -0.000469 0.007704 -0.742055 0.670294
1766747612.158037 -12.559207 10.424973 0.311296 0.000587 0.004567 -0.741073 0.671409
1766747612.208290 -12.563322 10.400724 0.308869 0.000264 0.007095 -0.739505 0.673114
1766747612.278797 -12.567828 10.381189 0.312050 0.001246 0.006176 -0.737976 0.674797
1766747612.315777 -12.570318 10.349113 0.312074 0.002122 0.006683 -0.740105 0.672455
1766747612.367836 -12.571552 10.321097 0.311009 -0.004020 0.015700 -0.746943 0.664690
1766747612.428854 -12.575520 10.290621 0.308726 -0.003554 0.018524 -0.757742 0.652282
1766747612.479989 -12.576845 10.263895 0.312571 -0.012483 0.024018 -0.773203 0.633581
1766747612.540401 -12.577047 10.243676 0.313893 -0.010765 0.031494 -0.789194 0.613242
1766747612.579092 -12.581181 10.223953 0.312865 -0.008017 0.034408 -0.797738 0.601969
1766747612.637802 -12.587770 10.201129 0.311486 0.002043 0.034544 -0.799431 0.599760
1766747612.691062 -12.595353 10.175569 0.309856 0.007299 0.033199 -0.798362 0.601218
1766747612.741259 -12.604499 10.149387 0.307637 0.014125 0.029095 -0.797317 0.602693
1766747612.795610 -12.610902 10.121032 0.306213 0.000252 0.027332 -0.797275 0.602997
1766747612.847389 -12.620335 10.097958 0.307548 0.005848 0.020008 -0.796712 0.603999
1766747612.910678 -12.626493 10.074023 0.310446 0.008144 0.015839 -0.797434 0.603143
1766747612.956509 -12.632054 10.049273 0.310979 0.006907 0.016174 -0.800620 0.598915
1766747613.010818 -12.638994 10.019991 0.309689 0.001331 0.025849 -0.807344 0.589513
1766747613.065492 -12.651563 9.994136 0.310423 0.001402 0.010845 -0.815666 0.578420
1766747613.114811 -12.654258 9.970938 0.313303 0.000524 0.021817 -0.818732 0.573760
1766747613.188015 -12.662188 9.951992 0.314747 0.003036 0.023494 -0.818987 0.573322
1766747613.223632 -12.670793 9.927822 0.313421 0.006041 0.024799 -0.818441 0.574024
1766747613.279322 -12.680701 9.901456 0.311463 0.009506 0.026206 -0.817534 0.575205
1766747613.330929 -12.690299 9.874087 0.307837 0.012261 0.026281 -0.816689 0.576348
1766747613.395141 -12.698709 9.844431 0.306868 -0.000106 0.023826 -0.816623 0.576679
1766747613.442232 -12.710174 9.820922 0.308359 0.004465 0.018084 -0.815876 0.577927
1766747613.494959 -12.717731 9.796509 0.311907 0.006223 0.011982 -0.815749 0.578249
1766747613.554130 -12.724276 9.771996 0.312883 0.001137 0.015551 -0.818271 0.574621
1766747613.604003 -12.732421 9.743913 0.311396 -0.002484 0.023972 -0.823441 0.566890
1766747613.653961 -12.744748 9.719526 0.311242 -0.005604 0.015175 -0.832949 0.553114
1766747613.706799 -12.749784 9.696423 0.313362 -0.010075 0.027222 -0.845178 0.533697
1766747613.764310 -12.757753 9.680043 0.311770 -0.004355 0.029753 -0.851507 0.523481
1766747613.825414 -12.768741 9.659491 0.312029 0.003298 0.030523 -0.852407 0.521978
1766747613.871768 -12.781415 9.636823 0.310448 0.011707 0.028602 -0.851158 0.523998
1766747613.933737 -12.794992 9.612365 0.307803 0.015999 0.029685 -0.850361 0.525118
1766747613.980446 -12.808974 9.586755 0.306814 0.006447 0.023702 -0.850171 0.525934
1766747614.035858 -12.821416 9.563396 0.305078 0.006667 0.013947 -0.850240 0.526169
1766747614.100310 -12.830758 9.542883 0.308566 0.008245 0.010732 -0.849761 0.526994
1766747614.142015 -12.840548 9.520570 0.309784 0.006903 0.007846 -0.850256 0.526265
1766747614.204385 -12.853378 9.494328 0.309281 0.001242 0.008771 -0.850448 0.525985
1766747614.249031 -12.865725 9.465993 0.307422 -0.002615 0.014746 -0.851718 0.523786
1766747614.308239 -12.876562 9.439151 0.310487 -0.005183 0.015212 -0.857822 0.513696
1766747614.360700 -12.886045 9.417258 0.313921 -0.005669 0.017211 -0.857934 0.513440
1766747614.411282 -12.896952 9.398169 0.314927 -0.002048 0.015708 -0.856940 0.515173
1766747614.472740 -12.908706 9.376343 0.315120 -0.001152 0.016875 -0.856717 0.515509
1766747614.523826 -12.921817 9.350607 0.312950 -0.000144 0.017016 -0.856419 0.516001
1766747614.575773 -12.937664 9.323027 0.309533 0.004599 0.015223 -0.855465 0.517616
1766747614.628329 -12.949521 9.296124 0.306972 0.001497 0.020734 -0.854829 0.518494
1766747614.680972 -12.960568 9.269555 0.308417 0.003444 0.014209 -0.849796 0.526910
1766747614.744185 -12.973428 9.253576 0.311452 0.005308 0.008990 -0.836490 0.547883
1766747614.787560 -12.980839 9.234559 0.311145 0.005556 0.006405 -0.821507 0.570136
1766747614.838020 -12.987084 9.212816 0.309507 0.000343 0.010516 -0.801040 0.598518
1766747614.894118 -12.992193 9.186668 0.307763 -0.003609 0.011778 -0.780148 0.625474
1766747614.950096 -12.995042 9.163915 0.305279 -0.003733 0.010256 -0.774554 0.632414
1766747615.008314 -12.998299 9.145862 0.304047 -0.011188 0.009999 -0.776424 0.630033
1766747615.051092 -13.001675 9.123425 0.307009 -0.010140 0.013016 -0.775329 0.631342
1766747615.111728 -13.003396 9.101959 0.308958 -0.006307 0.015023 -0.774079 0.632880
1766747615.157525 -13.006586 9.078704 0.308551 -0.010074 0.018700 -0.773347 0.633627
1766747615.210154 -13.009847 9.051562 0.307859 -0.011263 0.018337 -0.772092 0.635146
1766747615.267890 -13.014736 9.021767 0.306753 -0.012501 0.015187 -0.771108 0.636400
1766747615.320926 -13.020714 8.989239 0.305329 -0.011440 0.014481 -0.769871 0.637933
1766747615.379697 -13.026312 8.954974 0.306290 -0.003509 0.016467 -0.767785 0.640487
1766747615.432729 -13.034951 8.928250 0.309668 -0.004492 0.004281 -0.768897 0.639343
1766747615.481606 -13.042227 8.898257 0.310748 -0.005687 -0.007073 -0.772227 0.635282
1766747615.535795 -13.051320 8.864238 0.313000 -0.007663 -0.007320 -0.791104 0.611590
1766747615.591885 -13.063361 8.824575 0.312924 -0.001695 -0.001113 -0.818088 0.575090
1766747615.651870 -13.064301 8.797949 0.315193 0.006063 -0.000828 -0.834240 0.551367
1766747615.725768 -13.074067 8.772014 0.316682 0.010697 0.006315 -0.838044 0.545462
1766747615.749592 -13.087717 8.740408 0.315545 0.012974 0.008463 -0.837547 0.546146
1766747615.809138 -13.105429 8.706162 0.315254 0.012221 0.006062 -0.836525 0.547759
1766747615.857021 -13.118585 8.667495 0.312473 0.012226 0.007970 -0.836247 0.548159
1766747615.930866 -13.135801 8.636358 0.313550 0.014392 0.000374 -0.835569 0.549197
1766747615.964549 -13.151879 8.598216 0.315396 0.015853 -0.003423 -0.836350 0.547956
1766747616.015483 -13.168817 8.560081 0.315667 0.007133 -0.006450 -0.837232 0.546763
1766747616.073050 -13.193695 8.507876 0.312936 -0.000106 -0.005715 -0.835604 0.549303
1766747616.116328 -13.210274 8.472612 0.310964 0.022145 0.007420 -0.837330 0.546199
1766747616.173465 -13.234933 8.424565 0.311383 0.018046 0.008426 -0.837860 0.545523
1766747616.226084 -13.259624 8.370197 0.307803 0.011985 0.007549 -0.836304 0.548083
1766747616.285986 -13.275820 8.328621 0.304542 -0.001801 0.020735 -0.835939 0.548428
1766747616.332575 -13.305918 8.279594 0.312571 0.008835 0.001515 -0.832261 0.554312
1766747616.384762 -13.327527 8.229071 0.318173 0.001016 0.001175 -0.832737 0.553667
1766747616.436635 -13.356318 8.175807 0.310442 -0.005283 -0.000514 -0.832442 0.554088
1766747616.506620 -13.351398 8.181670 0.308588 0.010989 0.024127 -0.835082 0.549487
1766747616.562388 -13.376964 8.124403 0.313740 0.008007 0.023814 -0.835993 0.548165
1766747616.597365 -13.400960 8.065642 0.315033 -0.000652 0.017317 -0.834274 0.551077
1766747616.650371 -13.421036 8.013645 0.308472 0.001803 0.019865 -0.833002 0.552910
1766747616.704366 -13.443820 7.971728 0.311471 0.010831 0.006700 -0.831404 0.555522
1766747616.775442 -13.466591 7.917887 0.315322 0.001372 0.004182 -0.832655 0.553775
1766747616.811073 -13.498775 7.854970 0.302636 -0.005463 0.002427 -0.832345 0.554226
1766747616.870678 -13.496396 7.857231 0.311081 0.015358 0.013839 -0.833344 0.552368
1766747616.920615 -13.522196 7.811168 0.311632 0.018372 0.014754 -0.832979 0.552804
1766747616.981567 -13.543429 7.766863 0.299285 0.023820 0.026790 -0.831996 0.553623
1766747617.068022 -13.565277 7.729631 0.302841 0.019180 0.027447 -0.831065 0.555166
1766747617.090455 -13.571831 7.704310 0.303728 0.006410 0.034922 -0.831286 0.554710
1766747617.133798 -13.582549 7.675671 0.308818 0.014017 0.036375 -0.827982 0.559397
1766747617.188078 -13.587685 7.653911 0.314731 0.015479 0.040002 -0.811336 0.583004
1766747617.240771 -13.591662 7.635567 0.314382 0.002428 0.044766 -0.795024 0.604919
1766747617.294572 -13.599400 7.613616 0.317895 -0.003846 0.041131 -0.791108 0.610280
1766747617.349121 -13.605318 7.596945 0.316965 -0.007156 0.038033 -0.790668 0.611022
1766747617.416323 -13.610828 7.574742 0.319060 -0.011480 0.041411 -0.790162 0.611390
1766747617.453342 -13.619037 7.552069 0.317869 -0.014875 0.039274 -0.789015 0.612937
1766747617.505127 -13.626019 7.521457 0.314826 -0.019711 0.033370 -0.788194 0.614206
1766747617.555475 -13.633702 7.489311 0.310694 -0.024952 0.025099 -0.787221 0.615655
1766747617.624108 -13.643102 7.454124 0.312472 -0.009976 0.028054 -0.784098 0.619922
1766747617.659998 -13.652119 7.424009 0.314392 -0.008704 0.019424 -0.782013 0.622898
1766747617.726301 -13.659268 7.394380 0.314918 -0.007670 0.016573 -0.782923 0.621851
1766747617.763897 -13.667253 7.360518 0.313493 -0.011525 0.016317 -0.783924 0.620536
1766747617.822351 -13.675428 7.322526 0.311201 -0.013750 0.019340 -0.783602 0.620810
1766747617.871244 -13.681911 7.285738 0.310743 -0.009294 0.023810 -0.784168 0.620022
1766747617.920111 -13.685586 7.261220 0.313947 -0.007528 0.022668 -0.783757 0.620608
1766747617.975743 -13.692167 7.235786 0.314471 -0.003871 0.022249 -0.785537 0.618402
1766747618.033588 -13.700101 7.206603 0.314368 0.000922 0.016641 -0.798770 0.601406
1766747618.081084 -13.708428 7.174811 0.313775 0.005401 0.014349 -0.815380 0.578723
1766747618.132936 -13.719411 7.147760 0.310531 0.009340 0.018203 -0.820178 0.571743
1766747618.189068 -13.731541 7.118860 0.305044 0.000607 0.020314 -0.818908 0.573565
1766747618.245992 -13.744335 7.100169 0.308660 0.008042 0.005457 -0.817382 0.576015
1766747618.300154 -13.754291 7.079803 0.311532 0.009209 -0.003632 -0.817496 0.575849
1766747618.349600 -13.765922 7.058567 0.311843 0.006556 -0.010559 -0.817745 0.575447
1766747618.409281 -13.778969 7.035381 0.310141 0.005595 -0.021868 -0.817692 0.575213
1766747618.456351 -13.787910 7.006962 0.310598 0.002181 -0.004425 -0.820573 0.571521
1766747618.533936 -13.798046 6.980774 0.310795 0.009290 0.001608 -0.820808 0.571127
1766747618.563911 -13.805232 6.956575 0.313255 0.007545 0.002139 -0.820314 0.571859
1766747618.617642 -13.813694 6.930076 0.313442 0.000033 0.006583 -0.819584 0.572922
1766747618.672663 -13.823753 6.897652 0.310913 -0.005239 0.006237 -0.818452 0.574517
1766747618.725014 -13.834410 6.866609 0.308210 -0.003404 0.005612 -0.817266 0.576223
1766747618.777794 -13.843539 6.836162 0.304508 -0.001890 0.010674 -0.816118 0.577783
1766747618.831957 -13.856546 6.810573 0.309808 0.007450 0.006201 -0.803123 0.595735
1766747618.888685 -13.864491 6.790565 0.312217 0.002491 0.003408 -0.788020 0.615635
1766747618.947415 -13.870212 6.767246 0.312430 0.001333 0.000623 -0.779655 0.626208
1766747618.991419 -13.877012 6.741832 0.311525 -0.000540 0.001636 -0.778634 0.627476
1766747619.043720 -13.883120 6.715553 0.309276 -0.003393 0.000972 -0.779462 0.626440
1766747619.096898 -13.888669 6.689020 0.306316 -0.002008 0.008371 -0.780518 0.625074
1766747619.169797 -13.892946 6.663102 0.310764 -0.002006 0.012767 -0.781947 0.623212
1766747619.203546 -13.895977 6.641253 0.313558 -0.001707 0.014682 -0.780395 0.625113
1766747619.258335 -13.900973 6.614629 0.313330 -0.003593 0.016758 -0.779721 0.625893
1766747619.309419 -13.906145 6.584359 0.311600 -0.004449 0.016404 -0.778940 0.626868
1766747619.361866 -13.912608 6.554202 0.309354 -0.002268 0.014044 -0.777889 0.628240
1766747619.436867 -13.918936 6.521994 0.306029 0.001996 0.014521 -0.776670 0.629737
1766747619.473790 -13.930061 6.491885 0.308336 -0.001305 0.012768 -0.775592 0.631105
1766747619.524496 -13.936089 6.468740 0.311573 -0.001739 0.006814 -0.775717 0.631042
1766747619.583363 -13.941159 6.441844 0.312072 0.000129 0.003114 -0.778729 0.627353
1766747619.651844 -13.945996 6.412267 0.312190 -0.006364 0.012570 -0.792345 0.609911
1766747619.683460 -13.955810 6.384849 0.311451 -0.001598 0.014138 -0.798685 0.601581
1766747619.736832 -13.960859 6.356300 0.315217 -0.002181 0.018809 -0.799264 0.600682
1766747619.790235 -13.965672 6.335529 0.318244 -0.001530 0.018466 -0.798809 0.601299
1766747619.859611 -13.972274 6.311161 0.317474 -0.001957 0.019650 -0.798543 0.601613
1766747619.897721 -13.979694 6.280856 0.315731 -0.002785 0.020219 -0.798139 0.602127
1766747619.952225 -13.988739 6.251422 0.312272 0.001373 0.016447 -0.797181 0.603515
1766747620.004241 -13.995497 6.220840 0.307387 -0.001402 0.020283 -0.796313 0.604543
1766747620.082223 -14.006371 6.191938 0.309547 0.001326 0.012503 -0.795583 0.605714
1766747620.109677 -14.014608 6.166674 0.312743 0.001997 0.007000 -0.794654 0.607020
1766747620.165436 -14.020911 6.141478 0.312635 0.002040 0.006855 -0.795964 0.605302
1766747620.229949 -14.028467 6.111262 0.311056 -0.003544 0.013456 -0.801078 0.598398
1766747620.275513 -14.038599 6.082590 0.309295 -0.001891 0.010518 -0.809633 0.586839
1766747620.329679 -14.040220 6.058322 0.312885 -0.008587 0.018812 -0.820574 0.571167
1766747620.374607 -14.044833 6.040232 0.314491 -0.005238 0.021709 -0.823675 0.566622
1766747620.445795 -14.053217 6.019682 0.315190 -0.000667 0.024754 -0.823257 0.567129
1766747620.494320 -14.062684 5.991069 0.314323 0.001490 0.026375 -0.822218 0.568559
1766747620.548368 -14.073907 5.964754 0.312216 0.007609 0.024585 -0.821203 0.570056
1766747620.589655 -14.082408 5.940185 0.309507 0.008997 0.024905 -0.820332 0.571275
1766747620.646035 -14.091604 5.911402 0.307503 -0.000910 0.021159 -0.820255 0.571606
1766747620.713932 -14.101747 5.889570 0.308672 0.005113 0.015824 -0.820338 0.571638
1766747620.753388 -14.109076 5.866138 0.310391 0.006685 0.011536 -0.820651 0.571275
1766747620.804371 -14.116608 5.841069 0.310261 0.003665 0.012977 -0.821142 0.570565
1766747620.861462 -14.126415 5.810535 0.308787 -0.000086 0.016265 -0.820604 0.571265
1766747620.914545 -14.138987 5.781193 0.307904 -0.001202 0.011115 -0.819853 0.572465
1766747620.973701 -14.145980 5.753983 0.312822 -0.005685 0.019164 -0.820321 0.571554
1766747621.016995 -14.155246 5.728884 0.312852 -0.001675 0.019384 -0.818538 0.574123
1766747621.071835 -14.165907 5.700954 0.312609 -0.000943 0.020023 -0.818046 0.574804
1766747621.123114 -14.177202 5.669601 0.310431 0.000453 0.018066 -0.816981 0.576381
1766747621.177660 -14.190793 5.636431 0.307612 0.006599 0.015071 -0.815621 0.578353
1766747621.236072 -14.201814 5.602457 0.304562 -0.003609 0.018236 -0.814858 0.579362
1766747621.284473 -14.213095 5.579271 0.309008 -0.000066 0.010073 -0.814206 0.580489
1766747621.337821 -14.222216 5.553398 0.311570 0.001141 0.005386 -0.814617 0.579973
1766747621.392457 -14.231470 5.525122 0.311075 -0.003460 0.007348 -0.815696 0.578424
1766747621.443344 -14.242479 5.494828 0.309675 -0.006814 0.007505 -0.815488 0.578686
1766747621.495394 -14.254621 5.461127 0.307973 -0.005539 0.010715 -0.814930 0.579434
1766747621.550546 -14.263700 5.431021 0.311788 -0.005590 0.019082 -0.816154 0.577493
1766747621.604528 -14.270155 5.409325 0.313569 -0.005012 0.017537 -0.815115 0.579012
1766747621.657443 -14.281348 5.375518 0.313534 -0.005561 0.018329 -0.814097 0.580413
1766747621.713178 -14.293111 5.339147 0.311226 -0.004968 0.016478 -0.813252 0.581658
1766747621.776240 -14.306206 5.304751 0.308301 0.004594 0.013676 -0.811756 0.583818
1766747621.825402 -14.319593 5.271355 0.304767 -0.002929 0.020204 -0.811144 0.584491
1766747621.899561 -14.330665 5.248679 0.310172 -0.001569 0.010078 -0.810461 0.585704
1766747621.926872 -14.339948 5.220106 0.312510 -0.001013 0.006152 -0.811165 0.584784
1766747621.979849 -14.349218 5.193203 0.312040 -0.004287 0.005398 -0.811559 0.584230
1766747622.057889 -14.362013 5.157835 0.309863 -0.007257 0.004605 -0.811004 0.584977
1766747622.088063 -14.375519 5.123911 0.309201 -0.003404 0.017728 -0.811712 0.583779
1766747622.140423 -14.383865 5.094555 0.314166 -0.002341 0.019250 -0.812501 0.582637
1766747622.195571 -14.392401 5.065439 0.316458 -0.003285 0.019976 -0.811573 0.583901
1766747622.252798 -14.400891 5.031519 0.314842 -0.007461 0.019971 -0.810405 0.585483
1766747622.310213 -14.413111 4.991828 0.311601 -0.005000 0.015548 -0.808838 0.587805
1766747622.363664 -14.424423 4.954709 0.307433 0.000706 0.017458 -0.807795 0.589204
1766747622.417217 -14.439118 4.926041 0.309206 -0.000595 0.014784 -0.806497 0.591053
1766747622.470393 -14.449892 4.898733 0.312012 -0.000905 0.005107 -0.806433 0.591303
1766747622.546961 -14.458397 4.871021 0.311576 -0.002062 0.004311 -0.807453 0.589912
1766747622.577705 -14.469646 4.838897 0.310088 -0.005651 0.002441 -0.807724 0.589529
1766747622.630221 -14.481431 4.801545 0.308052 -0.006783 0.007610 -0.807215 0.590170
1766747622.683737 -14.489458 4.773017 0.309470 -0.002529 0.018931 -0.808228 0.588560
1766747622.743093 -14.495057 4.746963 0.313496 -0.001808 0.017456 -0.807923 0.589027
1766747622.797357 -14.504003 4.715914 0.314891 -0.002851 0.019225 -0.807117 0.590072
1766747622.839653 -14.512290 4.681386 0.313399 -0.005488 0.019400 -0.806043 0.591514
1766747622.893001 -14.523031 4.646288 0.310787 -0.003303 0.015641 -0.804830 0.593291
1766747622.953087 -14.533351 4.610840 0.306707 0.000689 0.018810 -0.803691 0.594749
1766747623.000882 -14.547602 4.581125 0.308392 0.001677 0.012272 -0.802271 0.596832
1766747623.054590 -14.557694 4.554393 0.312111 0.001553 0.004457 -0.801708 0.597697
1766747623.107856 -14.567023 4.525137 0.312404 -0.000297 0.003114 -0.802447 0.596715
1766747623.160803 -14.578250 4.493406 0.310746 -0.003402 0.000014 -0.802685 0.596393
1766747623.212077 -14.588617 4.456092 0.308042 -0.005892 0.008320 -0.802531 0.596523
1766747623.266261 -14.601684 4.425024 0.310645 -0.000450 0.018328 -0.804218 0.594051
1766747623.320824 -14.607662 4.396060 0.314286 -0.002062 0.015853 -0.803970 0.594455
1766747623.373752 -14.614871 4.365141 0.314726 -0.006082 0.016694 -0.802919 0.595823
1766747623.448826 -14.622961 4.329437 0.312600 -0.009008 0.014896 -0.801939 0.597152
1766747623.480545 -14.633040 4.292692 0.309721 -0.005652 0.011236 -0.800623 0.599036
1766747623.533448 -14.642754 4.258695 0.305844 -0.005818 0.017389 -0.799725 0.600087
1766747623.587957 -14.654974 4.231520 0.308762 -0.001058 0.010368 -0.798860 0.601427
1766747623.640015 -14.665318 4.202101 0.310959 -0.000818 0.002247 -0.799212 0.601045
1766747623.699949 -14.673891 4.173900 0.310934 -0.003637 0.001029 -0.800084 0.599877
1766747623.747489 -14.685436 4.138702 0.309891 -0.007529 0.000500 -0.799773 0.600255
1766747623.796538 -14.695067 4.107149 0.307917 -0.006193 0.009299 -0.799605 0.600423
1766747623.868535 -14.703657 4.077322 0.312644 -0.003322 0.015409 -0.801306 0.598047
1766747623.903966 -14.710736 4.048299 0.315292 -0.004213 0.016396 -0.800620 0.598934
1766747623.959894 -14.718603 4.015345 0.314581 -0.005896 0.016642 -0.799457 0.600464
1766747624.008141 -14.728088 3.979434 0.312366 -0.005343 0.014972 -0.798491 0.601798
1766747624.066502 -14.738954 3.944062 0.309284 0.002405 0.012270 -0.797021 0.603823
1766747624.120952 -14.752302 3.908041 0.306207 -0.003128 0.016860 -0.796965 0.603783
1766747624.173415 -14.758510 3.885582 0.311254 -0.001123 0.012544 -0.800632 0.599024
1766747624.229585 -14.764623 3.858558 0.312796 -0.000085 0.015633 -0.808033 0.588930
1766747624.295006 -14.771925 3.824678 0.311393 -0.001270 0.025786 -0.811024 0.584444
1766747624.362885 -14.781487 3.794695 0.309732 -0.004249 0.019304 -0.810279 0.585712
1766747624.404557 -14.788972 3.766546 0.311344 -0.014028 0.019573 -0.809731 0.586308
1766747624.452163 -14.795210 3.743203 0.313703 -0.013238 0.023248 -0.809531 0.586467
1766747624.506487 -14.801940 3.723047 0.312695 -0.009374 0.021956 -0.808834 0.587553
1766747624.560018 -14.809468 3.697730 0.311792 -0.008387 0.022684 -0.808541 0.587942
1766747624.613812 -14.817682 3.669403 0.309527 -0.008775 0.019888 -0.807922 0.588888
1766747624.670333 -14.827754 3.638603 0.307048 -0.006597 0.015440 -0.806849 0.590519
1766747624.726923 -14.836873 3.608436 0.304417 -0.006086 0.019361 -0.805493 0.592258
1766747624.779079 -14.849028 3.583157 0.308511 -0.005425 0.013754 -0.804261 0.594092
1766747624.834198 -14.857889 3.559054 0.309978 -0.004769 0.006016 -0.804659 0.593687
1766747624.882428 -14.866878 3.532404 0.309366 -0.006725 0.003237 -0.805871 0.592044
1766747624.936601 -14.877857 3.502417 0.307744 -0.008751 -0.000190 -0.805997 0.591855
1766747624.990870 -14.886421 3.468519 0.306105 -0.011058 0.012165 -0.806326 0.591243
1766747625.046367 -14.898275 3.437801 0.311582 -0.000924 0.013484 -0.807403 0.589845
1766747625.114514 -14.903935 3.412450 0.315392 -0.004393 0.013173 -0.806611 0.590920
1766747625.148383 -14.912343 3.382865 0.315103 -0.007066 0.013368 -0.806087 0.591604
1766747625.203669 -14.920642 3.350320 0.313582 -0.009800 0.011633 -0.805306 0.592664
1766747625.273071 -14.931811 3.313140 0.309931 -0.005803 0.010407 -0.803742 0.594859
1766747625.309951 -14.940817 3.281301 0.305257 -0.005110 0.015164 -0.803299 0.595361
1766747625.362916 -14.954444 3.253704 0.308096 0.000301 0.007950 -0.801011 0.598597
1766747625.416798 -14.964234 3.226297 0.309530 0.001197 0.000660 -0.801084 0.598550
1766747625.470284 -14.972974 3.197142 0.309223 -0.002028 0.002040 -0.802079 0.597212
1766747625.525567 -14.984949 3.159549 0.308412 -0.006291 0.003393 -0.802162 0.597064
1766747625.576971 -14.993544 3.130205 0.306416 -0.002784 0.013070 -0.802214 0.596887
1766747625.629027 -15.001729 3.100520 0.310954 -0.001316 0.015327 -0.803281 0.595402
1766747625.692605 -15.009092 3.072007 0.313497 -0.001549 0.015948 -0.802105 0.596968
1766747625.735919 -15.017198 3.039670 0.312967 -0.003451 0.016575 -0.801001 0.598424
1766747625.789067 -15.026603 3.006356 0.311108 -0.002898 0.014769 -0.800180 0.599571
1766747625.841144 -15.037774 2.972282 0.308555 0.003755 0.012303 -0.798774 0.601494
1766747625.904469 -15.049773 2.939123 0.305653 -0.001533 0.016461 -0.798373 0.601937
1766747625.946985 -15.060556 2.914450 0.310739 0.001174 0.007445 -0.797588 0.603156
1766747626.000190 -15.069169 2.886860 0.312775 0.002795 0.001895 -0.797849 0.602849
1766747626.055007 -15.079475 2.856858 0.311846 0.000354 -0.000171 -0.798120 0.602498
1766747626.111156 -15.090774 2.824075 0.309568 -0.002488 -0.003058 -0.798050 0.602579
1766747626.160074 -15.100980 2.787878 0.308370 -0.002172 0.018335 -0.799049 0.600982
1766747626.213185 -15.108768 2.757583 0.313687 0.003522 0.017383 -0.799765 0.600052
1766747626.267050 -15.115828 2.726823 0.316188 0.000793 0.016540 -0.799543 0.600380
1766747626.323208 -15.123072 2.693504 0.314662 -0.003531 0.015800 -0.798269 0.602083
1766747626.373760 -15.132371 2.656530 0.311255 -0.003642 0.013368 -0.797120 0.603662
1766747626.429510 -15.143508 2.618787 0.307374 0.004144 0.012568 -0.795705 0.605540
1766747626.483488 -15.155886 2.588391 0.307619 0.002101 0.012470 -0.794169 0.607566
1766747626.537473 -15.164168 2.565285 0.310601 0.000113 0.006903 -0.793804 0.608135
1766747626.590115 -15.173814 2.533050 0.310776 -0.000035 0.002908 -0.794983 0.606625
1766747626.643565 -15.183959 2.501603 0.309148 -0.003958 0.000419 -0.795920 0.605388
1766747626.698131 -15.194571 2.465351 0.307008 -0.005949 0.001565 -0.795634 0.605746
1766747626.748076 -15.204890 2.433324 0.309343 0.000894 0.016061 -0.796976 0.603797
1766747626.807901 -15.210442 2.404827 0.313497 -0.000473 0.015607 -0.795805 0.605352
1766747626.859672 -15.218772 2.373373 0.314817 -0.003364 0.016137 -0.794642 0.606854
1766747626.916870 -15.226900 2.337842 0.313137 -0.006256 0.014465 -0.793586 0.608255
1766747626.966706 -15.236776 2.302259 0.310244 -0.002470 0.012440 -0.792243 0.610074
1766747627.023654 -15.245000 2.266841 0.305310 -0.002240 0.018159 -0.791107 0.611404
1766747627.082297 -15.257906 2.237037 0.308085 0.001093 0.009741 -0.789941 0.613104
1766747627.126191 -15.266401 2.208623 0.311449 0.001612 0.003696 -0.789642 0.613554
1766747627.192752 -15.274450 2.179442 0.311511 -0.000852 0.003792 -0.790329 0.612671
1766747627.236921 -15.284245 2.143332 0.309844 -0.004524 0.005253 -0.790225 0.612778
1766747627.286098 -15.293086 2.111269 0.307011 -0.003249 0.011178 -0.789374 0.613802
1766747627.345980 -15.299324 2.083782 0.310577 0.002502 0.015278 -0.778995 0.626839
1766747627.393377 -15.305410 2.053791 0.317135 -0.000854 0.024016 -0.761828 0.647334
1766747627.450263 -15.311058 2.022109 0.320019 0.001389 0.028109 -0.740236 0.671758
1766747627.499315 -15.314469 1.990596 0.317241 0.005024 0.028427 -0.717858 0.695591
1766747627.552154 -15.314684 1.959507 0.312197 -0.006218 0.030004 -0.691383 0.721838
1766747627.606138 -15.323126 1.941270 0.314303 0.003078 0.025553 -0.671850 0.740240
1766747627.663417 -15.321305 1.921638 0.316032 0.006095 0.027615 -0.665644 0.745733
1766747627.715255 -15.315610 1.894620 0.316141 -0.003826 0.034479 -0.664144 0.746800
1766747627.767038 -15.315301 1.871558 0.313126 -0.004501 0.036612 -0.660082 0.750287
1766747627.819852 -15.309786 1.848790 0.313284 -0.008779 0.034586 -0.649217 0.759766
1766747627.875200 -15.308831 1.827034 0.316487 -0.007106 0.034831 -0.634900 0.771776
1766747627.929553 -15.304858 1.804464 0.316575 -0.006863 0.034434 -0.631620 0.774483
1766747627.994773 -15.298527 1.776901 0.315215 -0.005792 0.034951 -0.631672 0.774426
1766747628.038876 -15.292904 1.751332 0.312159 -0.002084 0.031740 -0.631431 0.774780
1766747628.093738 -15.286314 1.724184 0.307308 0.000853 0.028111 -0.630142 0.775970
1766747628.156579 -15.282040 1.695085 0.305089 -0.006217 0.020644 -0.629028 0.777084
1766747628.200478 -15.278645 1.672937 0.308388 -0.003259 0.015656 -0.627238 0.778664
1766747628.255618 -15.275132 1.649444 0.309615 0.001022 0.008397 -0.627040 0.778942
1766747628.306003 -15.270437 1.626687 0.309268 -0.003256 0.007938 -0.622846 0.782298
1766747628.364530 -15.265628 1.602174 0.307764 -0.005102 0.006064 -0.612861 0.790151
1766747628.419467 -15.255894 1.572796 0.305461 -0.008342 0.012284 -0.593218 0.804905
1766747628.472584 -15.246112 1.550358 0.306547 -0.007525 0.022316 -0.573871 0.818607
1766747628.526689 -15.235826 1.533569 0.311071 -0.012511 0.019669 -0.548307 0.835953
1766747628.576706 -15.224258 1.518087 0.314175 -0.019946 0.023525 -0.520211 0.853481
1766747628.630152 -15.209649 1.502026 0.315166 -0.032321 0.022176 -0.489523 0.871109
1766747628.680034 -15.194776 1.479009 0.314322 -0.021137 0.017391 -0.455824 0.889649
1766747628.733673 -15.172194 1.457759 0.314754 -0.021048 0.019065 -0.423751 0.905333
1766747628.785287 -15.158044 1.440282 0.316117 -0.016060 0.015094 -0.416320 0.908951
1766747628.840235 -15.142658 1.424385 0.315658 -0.013753 0.013619 -0.416133 0.909098
1766747628.910020 -15.123459 1.405047 0.313484 -0.015282 0.011254 -0.417244 0.908596
1766747628.946464 -15.103271 1.384233 0.309214 -0.015411 0.013959 -0.417413 0.908479
1766747628.999249 -15.084082 1.366495 0.309903 -0.017371 0.012322 -0.418922 0.907773
1766747629.065804 -15.065756 1.349279 0.314216 -0.016667 0.014714 -0.418768 0.907821
1766747629.110418 -15.048590 1.331403 0.314649 -0.013466 0.016473 -0.417784 0.908297
1766747629.163404 -15.028588 1.311800 0.313275 -0.014693 0.016866 -0.417195 0.908542
1766747629.217753 -15.007338 1.289436 0.310845 -0.012762 0.014348 -0.415767 0.909269
1766747629.278703 -14.987286 1.266646 0.308023 -0.006148 0.011110 -0.413642 0.910351
1766747629.322949 -14.966966 1.245086 0.304937 -0.012419 0.014559 -0.412505 0.910754
1766747629.375360 -14.951230 1.222401 0.308916 -0.007146 0.011175 -0.409045 0.912418
1766747629.438021 -14.935142 1.205591 0.309354 -0.004290 0.008836 -0.401056 0.916001
1766747629.482477 -14.917535 1.190814 0.308123 -0.006148 0.009749 -0.387047 0.921988
1766747629.532904 -14.897237 1.173558 0.305703 -0.010591 0.011994 -0.364517 0.931059
1766747629.589121 -14.874181 1.157273 0.302833 -0.014169 0.017642 -0.336464 0.941424
1766747629.643992 -14.852567 1.144229 0.302280 -0.018204 0.005358 -0.327507 0.944658
1766747629.706127 -14.832313 1.133592 0.306157 -0.028592 0.007894 -0.330172 0.943455
1766747629.746337 -14.814120 1.120584 0.308736 -0.026651 0.011469 -0.326582 0.944723
1766747629.800329 -14.798084 1.111243 0.308306 -0.021278 0.011647 -0.324329 0.945633
1766747629.855113 -14.778543 1.098332 0.308489 -0.025003 0.010430 -0.323332 0.945898
1766747629.907065 -14.753982 1.084702 0.306648 -0.029926 0.004614 -0.322939 0.945935
1766747629.960997 -14.733559 1.067849 0.306524 -0.014999 0.004695 -0.319021 0.947617
1766747630.012456 -14.710093 1.052780 0.306623 -0.013052 0.008387 -0.315578 0.948773
1766747630.066237 -14.692683 1.035939 0.309766 -0.008782 -0.000681 -0.314169 0.949326
1766747630.122842 -14.673469 1.019805 0.309986 -0.005246 -0.007501 -0.315447 0.948899
1766747630.174968 -14.655826 1.004746 0.308304 -0.003907 -0.013659 -0.316962 0.948332
1766747630.226218 -14.630247 0.982586 0.305795 -0.001054 -0.020208 -0.317373 0.948085
1766747630.275226 -14.602996 0.966962 0.306260 -0.012066 -0.002591 -0.319336 0.947561
1766747630.330483 -14.581054 0.948309 0.310471 -0.000340 0.003981 -0.319229 0.947669
1766747630.384625 -14.559856 0.935523 0.313564 -0.001921 0.004146 -0.317610 0.948210
1766747630.436007 -14.535952 0.918198 0.314489 -0.003012 0.004322 -0.315932 0.948767
1766747630.489234 -14.509030 0.900516 0.313174 -0.004879 0.003093 -0.314858 0.949121
1766747630.544180 -14.480337 0.879455 0.310530 -0.002163 0.004565 -0.312836 0.949794
1766747630.594939 -14.450435 0.859823 0.306391 -0.006412 0.009160 -0.311190 0.950282
1766747630.650159 -14.428843 0.839338 0.310363 0.001621 0.005608 -0.309228 0.950970
1766747630.711613 -14.404892 0.821657 0.312581 0.006389 0.001545 -0.308839 0.951092
1766747630.767551 -14.378889 0.804947 0.311705 0.002704 0.002945 -0.310322 0.950623
1766747630.818808 -14.347755 0.782640 0.309545 -0.002071 0.003740 -0.309892 0.950762
1766747630.874174 -14.319646 0.764705 0.307228 -0.001535 0.005459 -0.309180 0.950987
1766747630.925899 -14.293386 0.749728 0.312976 -0.008032 0.009537 -0.311238 0.950250
1766747630.979394 -14.269617 0.733352 0.314073 -0.006698 0.010927 -0.308666 0.951084
1766747631.033023 -14.242206 0.715237 0.313487 -0.008173 0.011243 -0.307133 0.951565
1766747631.087751 -14.214068 0.696032 0.311284 -0.007507 0.009486 -0.305364 0.952159
1766747631.142652 -14.183943 0.674132 0.308612 -0.001946 0.010006 -0.303223 0.952865
1766747631.191594 -14.157228 0.652003 0.306497 -0.007753 0.013792 -0.307164 0.951525
1766747631.254364 -14.136142 0.638553 0.311565 -0.005181 0.013612 -0.328320 0.944454
1766747631.313938 -14.111131 0.621160 0.313945 -0.004694 0.015454 -0.357826 0.933648
1766747631.357759 -14.085686 0.602485 0.314233 -0.015196 0.025918 -0.388263 0.921059
1766747631.410994 -14.066956 0.580971 0.317753 -0.009146 0.011804 -0.420847 0.907009
1766747631.461470 -14.048484 0.568563 0.320293 -0.016776 0.015039 -0.456159 0.889613
1766747631.523274 -14.038033 0.559022 0.320758 -0.011554 0.016639 -0.491375 0.870712
1766747631.568590 -14.026213 0.541173 0.317923 -0.006576 0.019721 -0.505385 0.862643
1766747631.633231 -14.014507 0.518127 0.314046 0.003420 0.022339 -0.507045 0.861623
1766747631.676453 -14.002861 0.497744 0.309210 0.000928 0.026914 -0.505013 0.862692
1766747631.734342 -13.990145 0.473350 0.306661 -0.004826 0.018877 -0.504410 0.863244
1766747631.781784 -13.978092 0.453040 0.308489 0.003886 0.018194 -0.503216 0.863961
1766747631.836625 -13.968612 0.437262 0.309124 0.009300 0.014229 -0.502869 0.864196
1766747631.894194 -13.950171 0.408725 0.308849 0.001246 0.017477 -0.503375 0.863890
1766747631.944789 -13.933732 0.383917 0.307633 -0.006195 0.025024 -0.502295 0.864312
1766747632.002575 -13.919688 0.357546 0.307308 -0.007071 0.016366 -0.501555 0.864942
1766747632.053398 -13.903826 0.336984 0.311731 -0.011501 0.025763 -0.502994 0.863830
1766747632.105170 -13.890736 0.314718 0.313483 -0.013683 0.026355 -0.502478 0.864080
1766747632.159949 -13.874637 0.288594 0.312162 -0.013746 0.024649 -0.505798 0.862190
1766747632.212830 -13.861367 0.259955 0.310811 -0.006109 0.022296 -0.516972 0.855690
1766747632.271606 -13.847747 0.235502 0.308427 -0.011343 0.022599 -0.535275 0.844299
1766747632.322222 -13.842562 0.214076 0.310571 -0.002357 0.012871 -0.554836 0.831857
1766747632.377501 -13.838871 0.196901 0.315488 0.007039 0.002419 -0.576362 0.817160
1766747632.435820 -13.835418 0.172883 0.317636 0.013635 -0.007910 -0.601938 0.798387
1766747632.481536 -13.830540 0.147984 0.318443 0.010591 -0.001634 -0.631022 0.775691
1766747632.537680 -13.825729 0.122277 0.316529 0.002850 0.010519 -0.648430 0.761196
1766747632.588411 -13.821518 0.098400 0.317929 0.006035 0.009359 -0.647056 0.762361
1766747632.647234 -13.819166 0.078872 0.318751 0.000916 0.009315 -0.646566 0.762801
1766747632.696956 -13.816260 0.056575 0.318778 -0.004506 0.005060 -0.647450 0.762078
1766747632.749025 -13.811040 0.029953 0.316731 -0.010654 0.001703 -0.647151 0.762286
1766747632.806943 -13.806718 0.002316 0.314047 -0.009370 0.000544 -0.649316 0.760460
1766747632.863990 -13.804401 -0.023105 0.310145 -0.006736 0.002073 -0.658157 0.752848
1766747632.914013 -13.802855 -0.045194 0.310551 -0.008676 0.002276 -0.672286 0.740237
1766747632.962639 -13.803197 -0.061864 0.313946 -0.007241 -0.000665 -0.688562 0.725141
1766747633.012801 -13.802640 -0.083486 0.316197 -0.007256 -0.001594 -0.708190 0.705983
1766747633.079512 -13.803590 -0.108426 0.316881 -0.011531 0.002901 -0.731449 0.681793
1766747633.124182 -13.808840 -0.133787 0.316712 -0.013218 -0.005398 -0.755562 0.654922
1766747633.182853 -13.812655 -0.158434 0.319729 -0.018436 0.003905 -0.780143 0.625318
1766747633.227957 -13.814712 -0.174367 0.320696 -0.010584 0.013594 -0.797639 0.602889
1766747633.281179 -13.823318 -0.196927 0.318998 0.000146 0.015888 -0.802056 0.597038
1766747633.336020 -13.833584 -0.221857 0.315788 0.013427 0.013040 -0.802211 0.596748
1766747633.389369 -13.842628 -0.249158 0.310695 0.012378 0.020188 -0.801676 0.597290
1766747633.449028 -13.849981 -0.274672 0.307588 0.005456 0.014218 -0.801756 0.597457
1766747633.496267 -13.856347 -0.296134 0.307440 0.011045 0.012743 -0.802233 0.596773
1766747633.547249 -13.861097 -0.319894 0.309399 0.012171 0.012148 -0.801988 0.597093
1766747633.602349 -13.866418 -0.347655 0.309508 0.005669 0.019024 -0.801956 0.597054
1766747633.655850 -13.874453 -0.377544 0.307727 0.002829 0.023602 -0.800798 0.598462
1766747633.713090 -13.881632 -0.406006 0.309997 -0.006624 0.021653 -0.800606 0.598764
1766747633.758728 -13.888057 -0.431650 0.313333 -0.006306 0.024125 -0.800692 0.598557
1766747633.817864 -13.895585 -0.451299 0.313945 -0.003639 0.025317 -0.799931 0.599546
1766747633.868697 -13.906184 -0.488714 0.311982 0.000087 0.025057 -0.799111 0.600662
1766747633.922237 -13.917256 -0.517901 0.309444 0.005295 0.020384 -0.798635 0.601447
1766747633.982522 -13.929039 -0.549837 0.304119 0.003529 0.026811 -0.803151 0.595161
1766747634.050931 -13.939752 -0.574101 0.304957 -0.000625 0.019881 -0.814817 0.579377
1766747634.099384 -13.950253 -0.597881 0.310532 0.001775 0.012580 -0.819493 0.572948
1766747634.152910 -13.960176 -0.620152 0.311869 0.001569 0.007559 -0.820509 0.571582
1766747634.205414 -13.972099 -0.641033 0.311030 0.002843 -0.001570 -0.819517 0.573046
1766747634.262878 -13.982087 -0.666593 0.310210 0.004252 0.004821 -0.819861 0.572527
1766747634.313781 -13.993763 -0.692533 0.309668 0.006268 0.014068 -0.820146 0.571947
1766747634.368595 -14.001026 -0.716404 0.312504 0.006910 0.011418 -0.819154 0.573419
1766747634.419425 -14.008112 -0.739516 0.314572 0.001148 0.010625 -0.818963 0.573747
1766747634.479319 -14.016763 -0.768597 0.312307 -0.006920 0.008828 -0.818505 0.574391
1766747634.528157 -14.026994 -0.800630 0.308724 -0.009478 0.007555 -0.817594 0.575668
1766747634.578927 -14.038512 -0.829852 0.304525 -0.003463 0.008223 -0.816782 0.576878
1766747634.629567 -14.048419 -0.853547 0.307236 -0.002884 0.011300 -0.815012 0.579327
1766747634.688587 -14.060355 -0.878033 0.309409 -0.003825 0.002688 -0.814451 0.580214
1766747634.749514 -14.069460 -0.903839 0.309178 -0.003909 0.002610 -0.815360 0.578935
1766747634.789092 -14.080561 -0.931317 0.308069 -0.007847 0.000448 -0.815628 0.578524
1766747634.843198 -14.092899 -0.966502 0.306640 -0.009963 0.004398 -0.815183 0.579101
1766747634.896937 -14.102962 -0.992315 0.308097 -0.006439 0.015017 -0.818730 0.573947
1766747634.950554 -14.107605 -1.012526 0.312861 -0.002850 0.017635 -0.825567 0.564021
1766747635.004762 -14.116971 -1.037113 0.314087 0.002820 0.015223 -0.829358 0.558503
1766747635.055844 -14.125863 -1.059684 0.314111 0.006937 0.014299 -0.829902 0.557683
1766747635.108097 -14.135689 -1.078328 0.312727 0.013385 0.013767 -0.829244 0.558557
1766747635.160482 -14.143889 -1.094302 0.310573 0.012241 0.018157 -0.828088 0.560170
1766747635.214427 -14.151464 -1.105459 0.308534 0.012871 0.019993 -0.826065 0.563073
1766747635.267739 -14.155838 -1.113390 0.306620 0.012068 0.022164 -0.824595 0.565161
1766747635.322032 -14.157569 -1.116853 0.306347 0.012600 0.023621 -0.823536 0.566631
1766747635.375077 -14.156776 -1.119355 0.304593 0.010183 0.023743 -0.823292 0.567030
1766747635.428431 -14.156378 -1.118895 0.306060 0.010143 0.021898 -0.822713 0.567945
1766747635.482818 -14.154957 -1.116578 0.307768 0.007776 0.021698 -0.822524 0.568263
1766747635.545308 -14.153613 -1.114261 0.308485 0.006442 0.021775 -0.822978 0.567619
1766747635.600165 -14.152630 -1.112240 0.308794 0.005616 0.021795 -0.823327 0.567121
1766747635.642313 -14.152065 -1.110804 0.308882 0.005200 0.021917 -0.823500 0.566869
1766747635.697935 -14.151826 -1.109848 0.309006 0.005307 0.021924 -0.823931 0.566241
1766747635.751509 -14.151778 -1.109071 0.309078 0.005471 0.021944 -0.824260 0.565760
1766747635.806482 -14.151696 -1.108426 0.309078 0.005558 0.021912 -0.824446 0.565489
1766747635.859819 -14.151546 -1.107874 0.309073 0.005474 0.021845 -0.824651 0.565193
1766747635.917591 -14.151405 -1.107439 0.309046 0.005374 0.021731 -0.824755 0.565047
1766747635.961723 -14.151942 -1.101688 0.308451 0.006841 0.021687 -0.824943 0.564759
1766747636.020924 -14.148226 -1.098439 0.307039 0.007333 0.022009 -0.825326 0.564180
1766747636.068955 -14.146121 -1.092606 0.308621 0.008874 0.022962 -0.825043 0.564534
1766747636.122013 -14.143184 -1.083198 0.309610 0.012372 0.024102 -0.824340 0.565447
1766747636.177001 -14.140502 -1.072827 0.310159 0.015825 0.024304 -0.823626 0.566391
1766747636.230362 -14.138631 -1.060556 0.311582 0.019785 0.023157 -0.822406 0.568085
1766747636.285990 -14.138435 -1.048284 0.312841 0.028200 0.021875 -0.821324 0.569344
1766747636.338353 -14.137139 -1.032465 0.312517 0.039972 0.021444 -0.820694 0.569565
1766747636.395665 -14.133625 -1.013679 0.313582 0.041877 0.023002 -0.818473 0.572556
1766747636.460382 -14.128483 -0.993549 0.313233 0.040022 0.022265 -0.816235 0.575901
1766747636.513385 -14.120931 -0.974029 0.309453 0.030030 0.024330 -0.815904 0.576895
1766747636.564191 -14.112409 -0.955986 0.309067 0.036170 0.018560 -0.815948 0.576695
1766747636.608554 -14.102300 -0.939778 0.309898 0.038604 0.026198 -0.815581 0.576759
1766747636.661088 -14.091949 -0.912967 0.307053 0.041847 0.032458 -0.814475 0.577776
1766747636.722972 -14.081179 -0.892991 0.307786 0.026204 0.031958 -0.816842 0.575379
1766747636.769357 -14.075839 -0.873609 0.311198 0.026409 0.032129 -0.816460 0.575903
1766747636.828758 -14.069596 -0.851174 0.312502 0.033366 0.029025 -0.815811 0.576625
1766747636.874215 -14.063082 -0.826142 0.313364 0.039435 0.028605 -0.815536 0.576652
1766747637.016151 -14.054105 -0.801552 0.312169 0.031320 0.033711 -0.814366 0.578525
1766747637.052188 -14.047990 -0.776915 0.310935 0.025102 0.027618 -0.818462 0.573347
1766747637.057794 -14.038692 -0.758071 0.314026 0.026816 0.027230 -0.826304 0.561926
1766747637.088263 -14.029488 -0.738380 0.315561 0.026916 0.029132 -0.837393 0.545161
1766747637.256423 -14.019126 -0.716591 0.314941 0.029715 0.028279 -0.847207 0.529678
1766747637.279943 -14.005301 -0.690560 0.311657 0.027843 0.026118 -0.848706 0.527485
1766747637.283893 -13.999798 -0.674373 0.314769 0.026776 0.027038 -0.846776 0.530587
1766747637.314468 -13.994111 -0.656985 0.316076 0.033772 0.024023 -0.846127 0.531367
1766747637.363365 -13.985167 -0.635452 0.316563 0.038844 0.022529 -0.846302 0.530807
1766747637.488836 -13.977858 -0.618580 0.315331 0.030832 0.025558 -0.846478 0.530915
1766747637.518741 -13.975016 -0.615611 0.313074 0.017093 0.024344 -0.846901 0.530918
1766747637.536175 -13.973166 -0.610082 0.312600 0.014792 0.019430 -0.846118 0.532436
1766747637.584619 -13.972497 -0.608678 0.312043 0.013691 0.021865 -0.845761 0.532937
1766747637.770751 -13.971967 -0.610481 0.311387 0.013289 0.024365 -0.845937 0.532560
1766747637.775709 -13.971731 -0.614288 0.311421 0.013368 0.026866 -0.845908 0.532484
1766747637.782211 -13.971755 -0.617624 0.311685 0.013139 0.028662 -0.845974 0.532292
1766747637.797979 -13.971756 -0.619716 0.312069 0.012676 0.030114 -0.845983 0.532208
1766747637.968707 -13.971962 -0.620434 0.312238 0.012507 0.030335 -0.846069 0.532063
1766747637.975946 -13.972242 -0.620342 0.312306 0.012507 0.029959 -0.846074 0.532076
1766747637.980187 -13.972384 -0.620102 0.312314 0.012471 0.029654 -0.845984 0.532238
1766747638.014571 -13.972399 -0.620043 0.312312 0.012410 0.029570 -0.846006 0.532209
1766747638.064791 -13.972262 -0.620314 0.312339 0.012279 0.029809 -0.846082 0.532078
1766747638.251969 -13.972251 -0.620691 0.312363 0.012203 0.030005 -0.846157 0.531949
1766747638.256001 -13.972346 -0.620951 0.312373 0.012241 0.030083 -0.846229 0.531828
1766747638.294949 -13.972615 -0.621063 0.312383 0.012385 0.029895 -0.846242 0.531815
1766747638.445561 -13.972595 -0.621053 0.312381 0.012357 0.029889 -0.846201 0.531882
1766747638.470180 -13.972531 -0.621112 0.312396 0.012301 0.029981 -0.846155 0.531951
1766747638.473882 -13.972539 -0.621171 0.312400 0.012322 0.030007 -0.846210 0.531862
1766747638.507204 -13.972509 -0.621160 0.312396 0.012385 0.029887 -0.846249 0.531805
1766747638.561035 -13.972325 -0.620752 0.311772 0.012225 0.028240 -0.845735 0.532715
1766747638.683320 -13.971835 -0.620787 0.310877 0.012597 0.025784 -0.844598 0.534632
1766747638.714389 -13.971773 -0.620770 0.311044 0.013809 0.022640 -0.843375 0.536670
1766747638.721081 -13.971587 -0.620579 0.311005 0.015259 0.019096 -0.842497 0.538147
1766747638.778632 -13.971932 -0.619899 0.310996 0.016689 0.015766 -0.841637 0.539555
1766747638.926239 -13.971748 -0.619020 0.310861 0.018064 0.012172 -0.841002 0.540594
1766747638.930326 -13.971447 -0.618031 0.310899 0.018719 0.009201 -0.840135 0.541976
1766747638.975248 -13.971127 -0.617214 0.311158 0.018694 0.008352 -0.838979 0.543779
1766747638.980938 -13.971305 -0.616280 0.311147 0.018133 0.008470 -0.837671 0.545809
1766747639.046883 -13.971595 -0.615019 0.310655 0.017612 0.008385 -0.836198 0.548081
1766747639.159226 -13.971802 -0.614294 0.309075 0.016735 0.008633 -0.834819 0.550203
1766747639.163074 -13.972023 -0.614159 0.308561 0.016410 0.009107 -0.833765 0.551801
1766747639.197363 -13.972037 -0.614333 0.308437 0.016151 0.009637 -0.833013 0.552934
1766747639.252825 -13.972030 -0.614434 0.308450 0.015757 0.010080 -0.832360 0.553920
1766747639.406515 -13.972160 -0.614402 0.308470 0.015481 0.010378 -0.831739 0.554853
1766747639.410274 -13.972383 -0.614326 0.308506 0.015455 0.010368 -0.831286 0.555533
1766747639.412977 -13.972539 -0.614202 0.308521 0.015454 0.010335 -0.831066 0.555863
1766747639.461382 -13.972609 -0.614037 0.308536 0.015362 0.010453 -0.830797 0.556265
1766747639.511832 -13.972635 -0.613845 0.308561 0.015311 0.010494 -0.830421 0.556826
1766747639.668798 -13.972646 -0.613712 0.308601 0.015182 0.010508 -0.830172 0.557201
1766747639.675498 -13.972667 -0.613645 0.308616 0.015077 0.010600 -0.829969 0.557506
1766747639.724389 -13.972749 -0.613572 0.308685 0.014767 0.010888 -0.829453 0.558275
1766747639.871623 -13.972726 -0.613559 0.308715 0.014593 0.010994 -0.829242 0.558590
1766747639.904633 -13.972699 -0.613555 0.308714 0.014527 0.011027 -0.829163 0.558709
1766747639.908892 -13.972688 -0.613566 0.308715 0.014465 0.011056 -0.829143 0.558740
1766747639.943142 -13.972757 -0.613510 0.308714 0.014460 0.010994 -0.829017 0.558928
1766747640.109755 -13.972776 -0.613494 0.308715 0.014405 0.011017 -0.828929 0.559060
1766747640.113030 -13.972760 -0.613499 0.308743 0.014341 0.011009 -0.828922 0.559072
1766747640.145230 -13.972731 -0.613534 0.308754 0.014289 0.011081 -0.828902 0.559102
1766747640.152364 -13.972680 -0.613527 0.308746 0.014147 0.011190 -0.828774 0.559293
1766747640.205169 -13.972660 -0.613533 0.308767 0.014045 0.011258 -0.828657 0.559467
1766747640.353236 -13.972672 -0.613518 0.308777 0.013991 0.011232 -0.828594 0.559562
1766747640.360233 -13.972678 -0.613508 0.308798 0.013918 0.011229 -0.828533 0.559654
1766747640.383670 -13.972623 -0.613507 0.308813 0.013786 0.011373 -0.828416 0.559828
1766747640.419001 -13.972593 -0.613515 0.308808 0.013708 0.011478 -0.828259 0.560060
1766747640.589017 -13.972573 -0.613552 0.308835 0.013687 0.011492 -0.828205 0.560141
1766747640.593565 -13.972592 -0.613571 0.308853 0.013679 0.011497 -0.828164 0.560201
1766747640.595916 -13.972629 -0.613545 0.308866 0.013624 0.011472 -0.828078 0.560329
1766747640.627340 -13.972572 -0.613546 0.308878 0.013537 0.011559 -0.828010 0.560431
1766747640.682020 -13.972523 -0.613568 0.308891 0.013481 0.011616 -0.827917 0.560568
