# raw base_link odometry (TUM format), robot's own estimator
1778755008.837661 -4.501917 -30.252174 0.051920 0.015389 0.048621 0.589188 -0.806385
1778755008.890584 -4.501906 -30.252174 0.051937 0.015407 0.048601 0.589193 -0.806382
1778755009.299177 -4.501882 -30.252201 0.051989 0.015402 0.048619 0.589210 -0.806369
1778755009.305224 -4.501854 -30.252232 0.052060 0.015385 0.048617 0.589233 -0.806352
1778755009.310720 -4.501793 -30.252285 0.052209 0.015301 0.048570 0.589361 -0.806264
1778755009.350981 -4.501757 -30.252325 0.052208 0.015270 0.048527 0.589417 -0.806226
1778755009.354127 -4.501719 -30.252359 0.052241 0.015230 0.048565 0.589370 -0.806258
1778755009.375137 -4.501654 -30.252377 0.052266 0.015217 0.048540 0.589491 -0.806172
1778755009.399335 -4.501481 -30.252403 0.052219 0.015156 0.048502 0.590003 -0.805801
1778755009.421932 -4.501335 -30.252411 0.052238 0.015222 0.048431 0.590337 -0.805559
1778755009.476496 -4.501829 -30.251486 0.053920 0.015261 0.047305 0.590432 -0.805556
1778755009.540035 -4.502960 -30.249702 0.060709 0.012945 0.040927 0.590863 -0.805629
1778755009.577667 -4.504404 -30.245619 0.070190 0.013294 0.037641 0.591633 -0.805219
1778755009.630183 -4.506808 -30.239397 0.084722 0.016755 0.042049 0.591136 -0.805301
1778755009.685871 -4.509737 -30.233250 0.104437 0.019169 0.047263 0.591055 -0.805017
1778755009.734474 -4.512152 -30.229002 0.126266 0.017410 0.047282 0.591282 -0.804890
1778755009.798307 -4.513762 -30.227337 0.150698 0.013304 0.043105 0.591696 -0.804898
1778755009.840961 -4.514522 -30.227791 0.174714 0.008736 0.037985 0.592192 -0.804854
1778755009.906135 -4.514672 -30.230040 0.199589 0.004661 0.032523 0.592454 -0.804934
1778755009.947125 -4.514058 -30.233543 0.223520 0.001468 0.027684 0.592774 -0.804892
1778755010.000843 -4.513003 -30.237341 0.245539 -0.000339 0.023383 0.593066 -0.804814
1778755010.053545 -4.511730 -30.241573 0.266863 -0.001631 0.020185 0.592993 -0.804953
1778755010.117290 -4.510410 -30.245770 0.287027 -0.002419 0.018055 0.593151 -0.804885
1778755010.163104 -4.509071 -30.249847 0.304512 -0.002590 0.016581 0.593401 -0.804732
1778755010.214043 -4.507502 -30.253916 0.313756 -0.002323 0.016125 0.593307 -0.804811
1778755010.267836 -4.506124 -30.258396 0.319445 -0.004305 0.013451 0.593575 -0.804655
1778755010.320105 -4.505220 -30.261482 0.321547 -0.005723 0.011615 0.593497 -0.804732
1778755010.374869 -4.504962 -30.262632 0.322582 -0.006400 0.010859 0.593337 -0.804855
1778755010.427626 -4.505115 -30.262106 0.322952 -0.006429 0.010853 0.593535 -0.804710
1778755010.480559 -4.505476 -30.260826 0.323086 -0.006274 0.010976 0.593575 -0.804679
1778755010.533931 -4.506011 -30.259085 0.323134 -0.006110 0.011178 0.593145 -0.804995
1778755010.587780 -4.506541 -30.257351 0.323132 -0.005807 0.011549 0.592925 -0.805154
1778755010.636942 -4.506752 -30.256531 0.323130 -0.005591 0.011772 0.593110 -0.805016
1778755010.704975 -4.506736 -30.256472 0.323146 -0.005495 0.011823 0.593089 -0.805031
1778755010.752530 -4.506597 -30.256937 0.323166 -0.005556 0.011725 0.593108 -0.805018
1778755010.800835 -4.506434 -30.257372 0.323183 -0.005621 0.011599 0.593193 -0.804957
1778755010.853416 -4.506377 -30.257553 0.323193 -0.005659 0.011549 0.593118 -0.805013
1778755010.908105 -4.506436 -30.257538 0.323195 -0.005707 0.011614 0.593116 -0.805013
1778755010.962621 -4.506469 -30.257429 0.323193 -0.005662 0.011660 0.593144 -0.804992
1778755011.043653 -4.506466 -30.257368 0.323192 -0.005613 0.011663 0.593068 -0.805048
1778755011.066924 -4.506437 -30.257433 0.323194 -0.005666 0.011607 0.593054 -0.805059
1778755011.136356 -4.506415 -30.257463 0.323198 -0.005660 0.011579 0.593110 -0.805018
1778755011.173282 -4.506417 -30.257475 0.323198 -0.005669 0.011574 0.593120 -0.805011
1778755011.722857 -4.506444 -30.257410 0.323197 -0.005618 0.011630 0.593076 -0.805043
1778755011.725377 -4.506393 -30.257381 0.323198 -0.005564 0.011584 0.593009 -0.805094
1778755011.737267 -4.506391 -30.257435 0.323200 -0.005619 0.011556 0.593031 -0.805077
1778755011.740840 -4.506394 -30.257498 0.323202 -0.005678 0.011506 0.593074 -0.805046
1778755011.744829 -4.506346 -30.257498 0.323203 -0.005634 0.011444 0.593056 -0.805060
1778755011.764985 -4.506328 -30.257463 0.323204 -0.005587 0.011441 0.592947 -0.805141
1778755011.777225 -4.506289 -30.257460 0.323205 -0.005560 0.011403 0.592957 -0.805134
1778755011.804192 -4.506312 -30.257504 0.323207 -0.005621 0.011385 0.593034 -0.805077
1778755011.812260 -4.506346 -30.257526 0.323207 -0.005661 0.011417 0.593025 -0.805083
1778755011.816468 -4.506346 -30.257526 0.323207 -0.005661 0.011417 0.593025 -0.805083
1778755011.836456 -4.506267 -30.257433 0.323208 -0.005499 0.011398 0.592866 -0.805202
1778755011.852157 -4.506297 -30.257450 0.323209 -0.005535 0.011427 0.592924 -0.805159
1778755011.885262 -4.507058 -30.251724 0.321200 -0.000369 0.009688 0.592236 -0.805707
1778755011.930741 -4.505934 -30.252518 0.320223 -0.001602 0.008928 0.588575 -0.808392
1778755011.977190 -4.506193 -30.247742 0.318113 0.001047 0.005626 0.585385 -0.810735
1778755012.030255 -4.506249 -30.245789 0.315924 0.000193 0.002232 0.582969 -0.812492
1778755012.084006 -4.505888 -30.245657 0.314792 0.001260 0.000279 0.580864 -0.814000
1778755012.155526 -4.505376 -30.246990 0.314105 0.001707 -0.000386 0.579368 -0.815064
1778755012.186791 -4.505046 -30.248861 0.313623 0.002016 -0.000922 0.578606 -0.815604
1778755012.239720 -4.504553 -30.250622 0.313310 0.002209 -0.001244 0.577704 -0.816243
1778755012.294451 -4.504005 -30.252159 0.313079 0.002380 -0.001655 0.576991 -0.816745
1778755012.366539 -4.503554 -30.253292 0.312925 0.002564 -0.002163 0.576414 -0.817151
1778755012.400447 -4.503115 -30.254000 0.311999 0.002923 -0.002868 0.575567 -0.817745
1778755012.461059 -4.502837 -30.254482 0.311536 0.003068 -0.003036 0.574935 -0.818188
1778755012.507553 -4.502798 -30.254742 0.311408 0.003182 -0.003111 0.574754 -0.818314
1778755012.568483 -4.502810 -30.255032 0.311368 0.003198 -0.003095 0.574687 -0.818361
1778755012.613629 -4.502800 -30.255266 0.311305 0.003273 -0.003011 0.574411 -0.818555
1778755012.666106 -4.502764 -30.255449 0.311330 0.003372 -0.003023 0.574080 -0.818787
1778755012.720110 -4.502729 -30.255613 0.311298 0.003417 -0.003057 0.573911 -0.818905
1778755012.778100 -4.502720 -30.255829 0.311634 0.003386 -0.003032 0.573801 -0.818982
1778755012.827162 -4.502695 -30.255920 0.312089 0.003400 -0.003027 0.573728 -0.819033
1778755012.879864 -4.502632 -30.256039 0.311932 0.003455 -0.003090 0.573610 -0.819115
1778755012.933517 -4.502614 -30.256128 0.312208 0.003438 -0.003073 0.573528 -0.819173
1778755012.989434 -4.502547 -30.256306 0.312391 0.003485 -0.003007 0.573512 -0.819184
1778755013.042907 -4.502500 -30.256540 0.312280 0.003456 -0.002959 0.573476 -0.819209
1778755013.093856 -4.502415 -30.256823 0.312442 0.003464 -0.002932 0.573426 -0.819245
1778755013.143334 -4.502346 -30.257019 0.312500 0.003437 -0.002911 0.573366 -0.819287
1778755013.202210 -4.502276 -30.257259 0.312497 0.003403 -0.002896 0.573279 -0.819348
1778755013.255547 -4.502133 -30.257648 0.312506 0.003380 -0.002892 0.573299 -0.819334
1778755013.307346 -4.502006 -30.257885 0.312495 0.003434 -0.002919 0.573280 -0.819347
1778755013.361114 -4.501866 -30.258142 0.312476 0.003454 -0.002965 0.573108 -0.819467
1778755013.418324 -4.501750 -30.258503 0.312496 0.003399 -0.002975 0.573000 -0.819543
1778755013.475688 -4.501675 -30.258703 0.312476 0.003395 -0.002951 0.573058 -0.819502
1778755013.534751 -4.501589 -30.259005 0.312469 0.003365 -0.002936 0.572945 -0.819582
1778755013.583006 -4.501525 -30.259182 0.312469 0.003336 -0.002925 0.572870 -0.819634
1778755013.636874 -4.501421 -30.259445 0.312480 0.003303 -0.002906 0.572791 -0.819690
1778755013.691145 -4.501362 -30.259680 0.312468 0.003227 -0.002905 0.572778 -0.819699
1778755013.743675 -4.501307 -30.259867 0.312484 0.003206 -0.002884 0.572722 -0.819738
1778755013.802174 -4.501260 -30.259941 0.312498 0.003197 -0.002866 0.572636 -0.819798
1778755013.849786 -4.501215 -30.260004 0.312486 0.003174 -0.002805 0.572564 -0.819849
1778755013.903959 -4.501163 -30.260057 0.312490 0.003187 -0.002849 0.572525 -0.819876
1778755013.956491 -4.501178 -30.260107 0.312506 0.003149 -0.002802 0.572509 -0.819888
1778755014.010544 -4.501169 -30.260117 0.312521 0.003156 -0.002776 0.572396 -0.819967
1778755014.063786 -4.501108 -30.260170 0.312516 0.003178 -0.002796 0.572343 -0.820004
1778755014.141119 -4.501125 -30.260193 0.312504 0.003153 -0.002773 0.572365 -0.819988
1778755014.203701 -4.501115 -30.260227 0.312507 0.003126 -0.002772 0.572380 -0.819978
1778755014.229250 -4.501101 -30.260260 0.312512 0.003129 -0.002799 0.572332 -0.820011
1778755014.276817 -4.501063 -30.260244 0.312520 0.003178 -0.002789 0.572283 -0.820046
1778755014.331874 -4.501035 -30.260262 0.312510 0.003191 -0.002802 0.572303 -0.820031
1778755014.387492 -4.501055 -30.260290 0.312518 0.003172 -0.002775 0.572307 -0.820029
1778755014.433251 -4.501044 -30.260315 0.312511 0.003164 -0.002788 0.572317 -0.820022
1778755014.488736 -4.500960 -30.260345 0.312498 0.003238 -0.002856 0.572242 -0.820074
1778755014.543378 -4.500918 -30.260384 0.312512 0.003256 -0.002885 0.572190 -0.820110
1778755014.612177 -4.500923 -30.260439 0.312493 0.003218 -0.002880 0.572242 -0.820074
1778755014.649726 -4.500919 -30.260494 0.312485 0.003154 -0.002920 0.572282 -0.820046
1778755014.713577 -4.500912 -30.260525 0.312482 0.003142 -0.002936 0.572139 -0.820145
1778755014.756163 -4.500886 -30.260527 0.312490 0.003161 -0.002951 0.572122 -0.820157
1778755014.876602 -4.500896 -30.260508 0.312498 0.003159 -0.002950 0.572207 -0.820098
1778755014.883278 -4.500953 -30.260536 0.312479 0.003088 -0.002897 0.572219 -0.820090
1778755014.932237 -4.500935 -30.260550 0.312480 0.003061 -0.002938 0.572190 -0.820110
1778755014.970339 -4.500892 -30.260542 0.312461 0.003110 -0.002980 0.572139 -0.820146
1778755015.024882 -4.500888 -30.260553 0.312463 0.003094 -0.002994 0.572115 -0.820162
1778755015.079107 -4.500923 -30.260559 0.312451 0.003080 -0.002922 0.572190 -0.820110
1778755015.130064 -4.500923 -30.260565 0.312474 0.003087 -0.002895 0.572138 -0.820147
1778755015.186973 -4.500894 -30.260563 0.312486 0.003115 -0.002920 0.572084 -0.820184
1778755015.245455 -4.500876 -30.260574 0.312463 0.003124 -0.002935 0.572051 -0.820207
1778755015.301111 -4.500878 -30.260624 0.312462 0.003071 -0.002974 0.572092 -0.820178
1778755015.346418 -4.500872 -30.260616 0.312462 0.003092 -0.002978 0.572042 -0.820213
1778755015.401292 -4.500814 -30.260620 0.312442 0.003134 -0.003041 0.571944 -0.820281
1778755015.456702 -4.500800 -30.260609 0.312435 0.003146 -0.003058 0.571908 -0.820306
1778755015.511824 -4.500816 -30.260632 0.312447 0.003113 -0.003049 0.571951 -0.820276
1778755015.566951 -4.500828 -30.260677 0.312433 0.003046 -0.003066 0.571931 -0.820291
1778755015.614067 -4.500786 -30.260698 0.312435 0.003066 -0.003139 0.571843 -0.820351
1778755015.666419 -4.500771 -30.260674 0.312454 0.003108 -0.003136 0.571808 -0.820376
1778755015.720778 -4.500771 -30.260672 0.312447 0.003106 -0.003151 0.571813 -0.820372
1778755015.776290 -4.500765 -30.260693 0.312452 0.003084 -0.003158 0.571817 -0.820370
1778755015.840516 -4.500735 -30.260693 0.312447 0.003099 -0.003216 0.571796 -0.820384
1778755015.883775 -4.500715 -30.260653 0.312442 0.003165 -0.003197 0.571709 -0.820444
1778755015.942649 -4.500736 -30.260637 0.312458 0.003175 -0.003138 0.571732 -0.820429
1778755015.988120 -4.500739 -30.260658 0.312451 0.003156 -0.003145 0.571754 -0.820413
1778755016.043330 -4.500736 -30.260641 0.312429 0.003181 -0.003132 0.571663 -0.820476
1778755016.096164 -4.500713 -30.260630 0.312424 0.003222 -0.003152 0.571562 -0.820547
1778755016.152701 -4.500721 -30.260609 0.312419 0.003243 -0.003115 0.571609 -0.820514
1778755016.204573 -4.500738 -30.260658 0.312434 0.003186 -0.003119 0.571615 -0.820510
1778755016.256262 -4.500758 -30.260675 0.312456 0.003174 -0.003074 0.571627 -0.820502
1778755016.309845 -4.500728 -30.260654 0.312463 0.003214 -0.003087 0.571535 -0.820566
1778755016.363889 -4.500678 -30.260666 0.312441 0.003257 -0.003154 0.571494 -0.820594
1778755016.416777 -4.500724 -30.260666 0.312427 0.003248 -0.003074 0.571580 -0.820534
1778755016.470469 -4.500756 -30.260706 0.312440 0.003205 -0.002986 0.571524 -0.820573
1778755016.527101 -4.500705 -30.260733 0.312445 0.003252 -0.003045 0.571528 -0.820571
1778755016.577028 -4.500683 -30.260757 0.312453 0.003236 -0.003095 0.571471 -0.820610
1778755016.630393 -4.500706 -30.260752 0.312448 0.003225 -0.003036 0.571529 -0.820570
1778755016.686041 -4.500729 -30.260803 0.312445 0.003160 -0.003035 0.571578 -0.820536
1778755016.736351 -4.500735 -30.260809 0.312441 0.003135 -0.003046 0.571501 -0.820590
1778755016.789742 -4.500713 -30.260778 0.312428 0.003206 -0.003018 0.571459 -0.820619
1778755016.842206 -4.500690 -30.260811 0.312430 0.003220 -0.003008 0.571448 -0.820626
1778755016.893605 -4.500707 -30.260874 0.312453 0.003159 -0.002987 0.571499 -0.820592
1778755016.950011 -4.500690 -30.260933 0.312446 0.003123 -0.003046 0.571478 -0.820606
1778755017.002804 -4.500681 -30.260939 0.312429 0.003161 -0.003004 0.571430 -0.820639
1778755017.078073 -4.500640 -30.260963 0.312448 0.003175 -0.003024 0.571429 -0.820640
1778755017.115382 -4.500654 -30.261005 0.312438 0.003160 -0.002985 0.571497 -0.820593
1778755017.165671 -4.500655 -30.261055 0.312448 0.003153 -0.002968 0.571470 -0.820612
1778755017.219316 -4.500627 -30.261105 0.312439 0.003148 -0.002985 0.571412 -0.820652
1778755017.272974 -4.500577 -30.261095 0.312449 0.003197 -0.003026 0.571430 -0.820639
1778755017.335730 -4.500622 -30.261148 0.312453 0.003127 -0.002964 0.571454 -0.820623
1778755017.382596 -4.500681 -30.261171 0.312475 0.003054 -0.002897 0.571461 -0.820619
1778755017.432721 -4.500684 -30.261156 0.312468 0.003059 -0.002892 0.571455 -0.820623
1778755017.486355 -4.500628 -30.261135 0.312472 0.003138 -0.002929 0.571337 -0.820704
1778755017.540881 -4.500635 -30.261133 0.312458 0.003130 -0.002897 0.571378 -0.820676
1778755017.597308 -4.500661 -30.261160 0.312449 0.003087 -0.002902 0.571429 -0.820641
1778755017.654164 -4.500655 -30.261131 0.312462 0.003145 -0.002873 0.571370 -0.820681
1778755017.705610 -4.500587 -30.261116 0.312475 0.003207 -0.002948 0.571296 -0.820733
1778755017.756548 -4.500580 -30.261147 0.312465 0.003197 -0.002950 0.571290 -0.820737
1778755017.809629 -4.500605 -30.261164 0.312449 0.003159 -0.002952 0.571323 -0.820714
1778755017.866096 -4.500612 -30.261183 0.312452 0.003151 -0.002930 0.571286 -0.820740
1778755017.919185 -4.500549 -30.261194 0.312465 0.003192 -0.003013 0.571252 -0.820763
1778755017.972695 -4.500556 -30.261196 0.312463 0.003209 -0.002970 0.571216 -0.820788
1778755018.028968 -4.500576 -30.261219 0.312465 0.003172 -0.002956 0.571234 -0.820776
1778755018.082304 -4.500612 -30.261196 0.312461 0.003166 -0.002888 0.571257 -0.820760
1778755018.132392 -4.500593 -30.261173 0.312458 0.003216 -0.002901 0.571171 -0.820820
1778755018.195101 -4.500579 -30.261150 0.312452 0.003247 -0.002903 0.571144 -0.820838
1778755018.242717 -4.500567 -30.261152 0.312444 0.003250 -0.002909 0.571133 -0.820846
1778755018.293235 -4.500594 -30.261187 0.312445 0.003182 -0.002908 0.571156 -0.820830
1778755018.347054 -4.500590 -30.261185 0.312443 0.003188 -0.002926 0.571103 -0.820867
1778755018.400145 -4.500569 -30.261190 0.312428 0.003195 -0.002937 0.570991 -0.820945
1778755018.454526 -4.500608 -30.261169 0.312454 0.003201 -0.002864 0.571047 -0.820906
1778755018.512198 -4.500619 -30.261213 0.312445 0.003142 -0.002863 0.571087 -0.820879
1778755018.560056 -4.500634 -30.261261 0.312440 0.003093 -0.002864 0.571027 -0.820921
1778755018.612476 -4.500574 -30.261232 0.312435 0.003165 -0.002919 0.571012 -0.820931
1778755018.667156 -4.500565 -30.261236 0.312436 0.003162 -0.002938 0.570993 -0.820943
1778755018.718908 -4.500576 -30.261263 0.312440 0.003139 -0.002943 0.571039 -0.820912
1778755018.774158 -4.500592 -30.261251 0.312439 0.003137 -0.002915 0.571109 -0.820863
1778755018.826670 -4.500582 -30.261250 0.312439 0.003152 -0.002932 0.570994 -0.820943
1778755018.883779 -4.500548 -30.261198 0.312449 0.003240 -0.002929 0.571039 -0.820911
1778755018.935721 -4.500578 -30.261213 0.312449 0.003193 -0.002902 0.571093 -0.820874
1778755018.987358 -4.500632 -30.261225 0.312445 0.003126 -0.002863 0.571113 -0.820861
1778755019.041101 -4.500612 -30.261202 0.312446 0.003161 -0.002859 0.571090 -0.820877
1778755019.093783 -4.500583 -30.261213 0.312451 0.003196 -0.002891 0.571050 -0.820904
1778755019.153381 -4.500573 -30.261221 0.312442 0.003204 -0.002899 0.571063 -0.820895
1778755019.199450 -4.500619 -30.261229 0.312453 0.003156 -0.002858 0.571184 -0.820811
1778755019.253596 -4.500578 -30.261250 0.312452 0.003161 -0.002932 0.571089 -0.820877
1778755019.321939 -4.500549 -30.261200 0.312446 0.003235 -0.002911 0.570967 -0.820961
1778755019.360686 -4.500566 -30.261187 0.312445 0.003242 -0.002870 0.570983 -0.820951
1778755019.419193 -4.500613 -30.261208 0.312448 0.003190 -0.002809 0.571044 -0.820909
1778755019.465739 -4.500638 -30.261238 0.312467 0.003151 -0.002796 0.571028 -0.820920
1778755019.519508 -4.500590 -30.261200 0.312469 0.003242 -0.002802 0.570961 -0.820966
1778755019.571248 -4.500559 -30.261190 0.312452 0.003251 -0.002860 0.570935 -0.820984
1778755019.622952 -4.500593 -30.261206 0.312447 0.003218 -0.002828 0.571000 -0.820939
1778755019.675756 -4.500606 -30.261204 0.312452 0.003207 -0.002817 0.571018 -0.820926
1778755019.729169 -4.500577 -30.261209 0.312446 0.003226 -0.002860 0.570978 -0.820954
1778755019.783517 -4.500551 -30.261190 0.312450 0.003258 -0.002908 0.570887 -0.821017
1778755019.842330 -4.500544 -30.261179 0.312460 0.003280 -0.002889 0.570863 -0.821034
1778755019.889848 -4.500583 -30.261234 0.312449 0.003204 -0.002858 0.570956 -0.820969
1778755019.942222 -4.500566 -30.261234 0.312450 0.003219 -0.002871 0.570894 -0.821013
1778755019.998020 -4.500517 -30.261253 0.312461 0.003256 -0.002927 0.570791 -0.821084
1778755020.050774 -4.500501 -30.261257 0.312452 0.003270 -0.002954 0.570757 -0.821107
1778755020.102429 -4.500557 -30.261250 0.312463 0.003223 -0.002879 0.570791 -0.821084
1778755020.156770 -4.500569 -30.261261 0.312458 0.003219 -0.002859 0.570768 -0.821100
1778755020.213330 -4.500514 -30.261250 0.312441 0.003274 -0.002928 0.570713 -0.821138
1778755020.265843 -4.500506 -30.261253 0.312449 0.003267 -0.002930 0.570666 -0.821171
1778755020.315844 -4.500551 -30.261278 0.312419 0.003197 -0.002902 0.570768 -0.821100
1778755020.368685 -4.500598 -30.261276 0.312422 0.003147 -0.002841 0.570779 -0.821093
1778755020.422688 -4.500597 -30.261251 0.312423 0.003168 -0.002831 0.570719 -0.821134
1778755020.477788 -4.500579 -30.261250 0.312435 0.003177 -0.002851 0.570689 -0.821155
1778755020.529781 -4.500588 -30.261244 0.312431 0.003181 -0.002830 0.570742 -0.821118
1778755020.584198 -4.500631 -30.261280 0.312431 0.003115 -0.002809 0.570787 -0.821088
1778755020.635488 -4.500621 -30.261272 0.312440 0.003106 -0.002814 0.570730 -0.821127
1778755020.690311 -4.500591 -30.261238 0.312446 0.003183 -0.002813 0.570668 -0.821170
1778755020.755980 -4.500597 -30.261259 0.312454 0.003149 -0.002819 0.570634 -0.821194
1778755020.797555 -4.500616 -30.261282 0.312463 0.003115 -0.002820 0.570725 -0.821131
1778755020.859377 -4.500636 -30.261269 0.312451 0.003112 -0.002788 0.570749 -0.821114
1778755020.902790 -4.500633 -30.261248 0.312455 0.003140 -0.002776 0.570649 -0.821183
1778755020.971215 -4.500629 -30.261208 0.312472 0.003189 -0.002747 0.570694 -0.821152
1778755021.012495 -4.500657 -30.261265 0.312463 0.003095 -0.002754 0.570773 -0.821097
1778755021.068423 -4.500663 -30.261278 0.312452 0.003071 -0.002760 0.570786 -0.821089
1778755021.123986 -4.500634 -30.261251 0.312451 0.003116 -0.002782 0.570746 -0.821116
1778755021.176181 -4.500614 -30.261244 0.312452 0.003133 -0.002816 0.570659 -0.821176
1778755021.232141 -4.500600 -30.261290 0.312464 0.003094 -0.002857 0.570713 -0.821139
1778755021.282220 -4.500587 -30.261295 0.312446 0.003123 -0.002871 0.570782 -0.821091
1778755021.345268 -4.500596 -30.261271 0.312444 0.003142 -0.002823 0.570677 -0.821164
1778755021.395963 -4.500582 -30.261257 0.312452 0.003140 -0.002855 0.570675 -0.821165
1778755021.448784 -4.500610 -30.261284 0.312451 0.003100 -0.002825 0.570653 -0.821181
1778755021.502326 -4.500656 -30.261284 0.312451 0.003072 -0.002772 0.570730 -0.821128
1778755021.552241 -4.500626 -30.261292 0.312440 0.003077 -0.002827 0.570707 -0.821143
1778755021.608927 -4.500581 -30.261286 0.312434 0.003120 -0.002868 0.570561 -0.821244
1778755021.697575 -4.500585 -30.261265 0.312428 0.003151 -0.002829 0.570633 -0.821194
1778755021.712121 -4.500620 -30.261248 0.312434 0.003119 -0.002797 0.570668 -0.821170
1778755021.768546 -4.500618 -30.261253 0.312457 0.003126 -0.002789 0.570674 -0.821166
1778755021.821156 -4.500595 -30.261215 0.312444 0.003187 -0.002792 0.570596 -0.821220
1778755021.891273 -4.500597 -30.261198 0.312439 0.003197 -0.002794 0.570570 -0.821238
1778755021.927292 -4.500613 -30.261175 0.312441 0.003199 -0.002733 0.570615 -0.821207
1778755021.979480 -4.500661 -30.261198 0.312441 0.003166 -0.002676 0.570630 -0.821197
1778755022.031826 -4.500651 -30.261169 0.312460 0.003189 -0.002679 0.570594 -0.821222
1778755022.086847 -4.500610 -30.261135 0.312452 0.003250 -0.002693 0.570481 -0.821300
1778755022.145307 -4.500635 -30.261147 0.312447 0.003221 -0.002691 0.570475 -0.821304
1778755022.195899 -4.500669 -30.261173 0.312445 0.003171 -0.002671 0.570546 -0.821255
1778755022.248834 -4.500620 -30.261171 0.312451 0.003221 -0.002706 0.570495 -0.821290
1778755022.302955 -4.500556 -30.261168 0.312458 0.003267 -0.002788 0.570392 -0.821362
1778755022.360009 -4.500605 -30.261158 0.312461 0.003237 -0.002730 0.570446 -0.821325
1778755022.410177 -4.500618 -30.261168 0.312453 0.003208 -0.002719 0.570463 -0.821313
1778755022.466276 -4.500629 -30.261173 0.312441 0.003201 -0.002708 0.570445 -0.821325
1778755022.516571 -4.500599 -30.261143 0.312461 0.003240 -0.002742 0.570364 -0.821381
1778755022.576319 -4.500586 -30.261141 0.312465 0.003265 -0.002727 0.570415 -0.821346
1778755022.622657 -4.500599 -30.261183 0.312453 0.003215 -0.002753 0.570411 -0.821349
1778755022.675839 -4.500625 -30.261148 0.312444 0.003236 -0.002685 0.570413 -0.821347
1778755022.728539 -4.500601 -30.261124 0.312445 0.003267 -0.002720 0.570320 -0.821412
1778755022.781962 -4.500553 -30.261095 0.312447 0.003356 -0.002724 0.570313 -0.821416
1778755022.831954 -4.500511 -30.261265 0.312448 0.003312 -0.002703 0.570389 -0.821363
1778755022.885895 -4.498842 -30.263533 0.312488 0.003434 -0.001332 0.570676 -0.821167
1778755022.941877 -4.497281 -30.267857 0.312108 0.002478 -0.000463 0.571637 -0.820502
1778755022.991726 -4.495153 -30.275764 0.311702 0.000491 0.000287 0.572937 -0.819599
1778755023.049599 -4.492886 -30.285109 0.311012 -0.002502 0.000633 0.574241 -0.818682
1778755023.099304 -4.491479 -30.292723 0.310379 -0.007664 -0.001177 0.575027 -0.818098
1778755023.153640 -4.490430 -30.301741 0.309074 -0.008059 -0.001557 0.576182 -0.817280
1778755023.220496 -4.489997 -30.309525 0.307526 -0.006353 -0.004129 0.576471 -0.817083
1778755023.261399 -4.489189 -30.316750 0.303590 -0.000974 -0.005597 0.577066 -0.816678
1778755023.313637 -4.490505 -30.318838 0.300220 -0.000892 -0.004010 0.578621 -0.815586
1778755023.363793 -4.491287 -30.320099 0.301761 -0.003316 -0.007273 0.577547 -0.816318
1778755023.433959 -4.493240 -30.317812 0.301973 -0.002889 -0.006116 0.578070 -0.815959
1778755023.474378 -4.496120 -30.312468 0.301764 -0.001968 -0.006147 0.577000 -0.816719
1778755023.529822 -4.499347 -30.306114 0.301706 0.001576 -0.006025 0.571021 -0.820912
1778755023.584354 -4.503284 -30.299149 0.303461 0.005017 -0.005698 0.561709 -0.827300
1778755023.632643 -4.507833 -30.292112 0.305316 0.005783 -0.009270 0.552605 -0.833372
1778755023.691531 -4.513236 -30.284962 0.306177 0.002892 -0.013338 0.544297 -0.838782
1778755023.739395 -4.519354 -30.277193 0.306140 0.000640 -0.018487 0.536521 -0.843684
1778755023.792019 -4.526242 -30.268270 0.306865 -0.001565 -0.022072 0.529458 -0.848048
1778755023.851894 -4.534104 -30.256823 0.307559 -0.002901 -0.027584 0.522520 -0.852176
1778755023.910992 -4.541966 -30.244373 0.307157 -0.004277 -0.033018 0.515434 -0.856282
1778755023.953931 -4.550104 -30.230906 0.305949 -0.004816 -0.036993 0.509173 -0.859856
1778755024.004218 -4.558933 -30.214293 0.304162 -0.003146 -0.038319 0.503470 -0.863157
1778755024.060503 -4.569399 -30.196499 0.303858 -0.005090 -0.038109 0.499292 -0.865580
1778755024.127432 -4.577127 -30.181364 0.304344 -0.010795 -0.033077 0.496336 -0.867433
1778755024.164064 -4.583937 -30.166775 0.304098 -0.012483 -0.037826 0.492755 -0.869256
1778755024.221470 -4.594872 -30.147223 0.301933 -0.014313 -0.044120 0.490045 -0.870462
1778755024.271704 -4.603127 -30.124838 0.301704 -0.013718 -0.033050 0.492572 -0.869536
1778755024.329660 -4.615149 -30.108755 0.306178 -0.014195 -0.031643 0.489645 -0.871232
1778755024.378986 -4.628442 -30.093164 0.307396 -0.023194 -0.031353 0.489694 -0.871021
1778755024.431652 -4.639866 -30.073685 0.307880 -0.022836 -0.034391 0.497701 -0.866366
1778755024.483966 -4.651389 -30.056362 0.308444 -0.008850 -0.030783 0.510412 -0.859333
1778755024.541391 -4.661277 -30.041243 0.311064 -0.011059 -0.027002 0.529107 -0.848054
1778755024.592739 -4.667274 -30.027727 0.314939 -0.012508 -0.021988 0.549379 -0.835191
1778755024.645397 -4.671831 -30.017017 0.316802 -0.014783 -0.019492 0.573078 -0.819136
1778755024.702291 -4.677316 -30.006607 0.316180 -0.021049 -0.014605 0.600320 -0.799349
1778755024.754126 -4.678249 -29.997616 0.316873 -0.018118 -0.019449 0.628999 -0.776952
1778755024.810014 -4.680096 -29.992037 0.317196 -0.018804 -0.018057 0.657823 -0.752722
1778755024.862885 -4.680282 -29.992462 0.318926 -0.022963 -0.020958 0.686577 -0.726392
1778755024.914069 -4.678715 -29.990379 0.317398 -0.027757 -0.023961 0.712581 -0.700631
1778755024.968239 -4.678444 -29.988010 0.311521 -0.027723 -0.024345 0.745300 -0.665708
1778755025.029133 -4.678686 -29.986650 0.306470 -0.015139 -0.027631 0.772861 -0.633793
1778755025.075952 -4.678648 -29.986233 0.310011 -0.017608 -0.028345 0.797215 -0.602773
1778755025.130780 -4.675407 -29.982225 0.313502 -0.019370 -0.026148 0.826089 -0.562600
1778755025.185349 -4.674047 -29.984539 0.314765 -0.017072 -0.030519 0.852506 -0.521546
1778755025.239186 -4.674957 -29.982668 0.315542 -0.017155 -0.020563 0.875769 -0.481986
1778755025.292686 -4.672721 -29.983948 0.314853 -0.016414 -0.010538 0.894439 -0.446764
1778755025.345067 -4.667838 -29.986736 0.313169 -0.013555 -0.016668 0.908832 -0.416610
1778755025.404850 -4.666611 -29.987312 0.312325 -0.011559 -0.023009 0.919095 -0.393193
1778755025.465089 -4.667795 -29.987753 0.310128 -0.017315 -0.021037 0.927639 -0.372482
1778755025.509925 -4.670936 -29.989319 0.308771 -0.023146 -0.018936 0.935547 -0.351935
1778755025.568366 -4.676142 -29.991381 0.305825 -0.026325 -0.014871 0.941540 -0.335542
1778755025.614655 -4.683160 -29.998148 0.304502 -0.020688 -0.017640 0.946219 -0.322384
1778755025.668612 -4.692585 -30.007708 0.303926 -0.017405 -0.019591 0.950223 -0.310468
1778755025.723423 -4.701515 -30.017859 0.304922 -0.022909 -0.022243 0.952391 -0.303204
1778755025.775756 -4.715802 -30.030081 0.304481 -0.023139 -0.021204 0.954629 -0.296139
1778755025.829163 -4.740673 -30.047590 0.303145 -0.014657 -0.012385 0.956411 -0.291392
1778755025.880620 -4.767543 -30.066616 0.300081 -0.014391 -0.006416 0.957964 -0.286455
1778755025.938618 -4.797937 -30.086803 0.304713 -0.017317 -0.000892 0.958454 -0.284720
1778755025.992684 -4.828399 -30.103340 0.307888 -0.009726 0.010237 0.960218 -0.278895
1778755026.049670 -4.868738 -30.125105 0.308141 0.000885 0.016129 0.962059 -0.272365
1778755026.104623 -4.916405 -30.152205 0.302905 0.003411 0.010478 0.962985 -0.269329
1778755026.160759 -4.954082 -30.170835 0.307747 -0.015140 0.001897 0.964119 -0.265030
1778755026.212734 -4.996131 -30.194183 0.312620 -0.011430 -0.001346 0.964669 -0.263213
1778755026.265542 -5.043140 -30.222033 0.314144 -0.004326 -0.002994 0.964312 -0.264718
1778755026.322166 -5.099739 -30.256262 0.309085 -0.007956 0.000477 0.964315 -0.264637
1778755026.386559 -5.138890 -30.276911 0.310686 -0.012284 0.001076 0.964026 -0.265522
1778755026.426435 -5.184234 -30.303135 0.314841 -0.009553 0.004602 0.964438 -0.264098
1778755026.489576 -5.228933 -30.329113 0.316201 -0.000048 0.001102 0.964933 -0.262496
1778755026.528836 -5.283519 -30.357653 0.312147 -0.006603 -0.003548 0.964795 -0.262897
1778755026.593274 -5.302414 -30.371033 0.314242 -0.021260 -0.012995 0.965328 -0.259849
1778755026.636472 -5.348208 -30.396578 0.316478 -0.014864 -0.017615 0.965440 -0.259604
1778755026.686971 -5.404615 -30.429005 0.315654 -0.005273 -0.012844 0.964796 -0.262633
1778755026.737066 -5.451388 -30.455877 0.308761 -0.008609 -0.019445 0.964625 -0.262765
1778755026.791282 -5.506891 -30.484003 0.312822 -0.013850 -0.002789 0.963568 -0.267090
1778755026.847856 -5.555560 -30.512917 0.316659 -0.004362 -0.004628 0.964036 -0.265694
1778755026.897656 -5.612447 -30.543766 0.301787 0.003713 -0.009934 0.964400 -0.264236
1778755026.952270 -5.609310 -30.544704 0.307915 -0.015214 -0.015644 0.964661 -0.262589
1778755027.004055 -5.662511 -30.574961 0.314034 -0.012841 -0.017610 0.964738 -0.262309
1778755027.058767 -5.713012 -30.607130 0.315808 -0.000021 -0.017192 0.963967 -0.265465
1778755027.112170 -5.772357 -30.642496 0.306151 0.001640 -0.014213 0.963549 -0.267148
1778755027.163343 -5.818388 -30.665775 0.312687 -0.017312 -0.012453 0.963019 -0.268589
1778755027.222307 -5.868814 -30.696501 0.317717 -0.017128 -0.006444 0.963084 -0.268580
1778755027.279562 -5.924671 -30.729988 0.319214 -0.006293 -0.010787 0.963537 -0.267285
1778755027.330555 -5.964964 -30.748535 0.308712 -0.014280 -0.000087 0.964769 -0.262711
1778755027.380122 -5.976858 -30.757673 0.312679 -0.016464 0.001427 0.969513 -0.244481
1778755027.432425 -6.023663 -30.782999 0.314735 -0.000740 -0.006021 0.974285 -0.225236
1778755027.495890 -6.083052 -30.812057 0.304883 0.016753 -0.003662 0.978335 -0.206318
1778755027.542130 -6.132489 -30.825935 0.297635 0.002719 0.004532 0.981329 -0.192265
1778755027.597862 -6.186180 -30.850883 0.306174 -0.025683 0.013595 0.983364 -0.179308
1778755027.651748 -6.241951 -30.867586 0.316298 -0.024381 0.012425 0.988574 -0.148236
1778755027.696761 -6.298353 -30.876059 0.318179 -0.019731 -0.002603 0.994413 -0.103670
1778755027.774327 -6.347699 -30.876448 0.312265 -0.014395 0.039353 0.997709 -0.053108
1778755027.805530 -6.381588 -30.886953 0.312936 -0.012715 0.005983 0.999901 0.000049
1778755027.861345 -6.435570 -30.891056 0.292262 0.001330 0.000029 0.999150 0.041201
1778755027.921393 -6.490901 -30.880112 0.298552 0.005393 0.004356 0.997279 0.073398
1778755027.965605 -6.512690 -30.873663 0.309507 -0.025893 0.047123 0.994765 0.086898
1778755028.542500 -6.567760 -30.862711 0.318954 -0.026993 0.046792 0.992249 0.111911
1778755028.552815 -6.655533 -30.837456 0.301703 -0.021651 0.049622 0.986866 0.152202
1778755028.574830 -6.709730 -30.831053 0.307759 -0.010536 0.027037 0.984649 0.172116
1778755028.578125 -6.757729 -30.813597 0.311469 0.003535 0.014734 0.983079 0.182557
1778755028.600551 -6.815210 -30.787102 0.298937 0.007566 0.010463 0.981447 0.191299
1778755028.614761 -6.846294 -30.773951 0.305571 0.001137 -0.005522 0.980109 0.198382
1778755028.659333 -6.884501 -30.755451 0.313216 0.001778 -0.001085 0.979611 0.200896
1778755028.679407 -6.957885 -30.736511 0.305424 -0.016262 -0.014989 0.976034 0.216493
1778755028.691321 -6.984314 -30.729717 0.303171 -0.007176 -0.010147 0.975385 0.220160
1778755028.703150 -7.008528 -30.724037 0.308490 -0.007018 -0.015220 0.974670 0.223021
1778755028.752122 -7.023793 -30.718437 0.313742 -0.008110 -0.011777 0.974321 0.224709
1778755028.757083 -7.040053 -30.711988 0.315984 -0.005997 -0.014615 0.974095 0.225586
1778755028.788367 -7.060267 -30.705708 0.316254 -0.003636 -0.020708 0.973645 0.227099
1778755028.821196 -7.085352 -30.697660 0.313508 -0.001744 -0.025475 0.973251 0.228321
1778755028.869958 -7.107309 -30.686491 0.312506 -0.007766 -0.011446 0.974447 0.224192
1778755028.919895 -7.129259 -30.677526 0.309212 -0.012832 -0.011960 0.975211 0.220579
1778755028.974412 -7.150321 -30.666471 0.310219 -0.010264 -0.013772 0.975484 0.219401
1778755029.034070 -7.169176 -30.656380 0.311065 -0.004111 -0.012689 0.975516 0.219522
1778755029.079938 -7.191469 -30.646898 0.311448 -0.002191 -0.016340 0.975071 0.221282
1778755029.129840 -7.218685 -30.635267 0.311137 -0.001117 -0.022279 0.974845 0.221764
1778755029.185910 -7.249464 -30.620535 0.310497 0.002062 -0.016762 0.974905 0.221979
1778755029.235439 -7.274371 -30.612619 0.314649 -0.004395 -0.023968 0.974104 0.224786
1778755029.307546 -7.306145 -30.598383 0.315227 -0.004217 -0.020579 0.974600 0.222967
1778755029.357481 -7.341972 -30.584526 0.314492 -0.001516 -0.020839 0.975177 0.220438
1778755029.396810 -7.384854 -30.566874 0.313114 0.010636 -0.017321 0.975536 0.218897
1778755029.459269 -7.433081 -30.547915 0.310064 0.000733 0.002392 0.976474 0.215623
1778755029.506589 -7.470100 -30.531494 0.311922 -0.005780 -0.002868 0.976887 0.213659
1778755029.576264 -7.515926 -30.510031 0.314823 0.001880 0.000036 0.976737 0.214433
1778755029.612105 -7.563180 -30.487444 0.316507 0.009399 -0.008187 0.976394 0.215636
1778755029.670615 -7.611372 -30.462708 0.310559 0.000523 -0.006898 0.976387 0.215920
1778755029.720136 -7.644201 -30.448877 0.309480 -0.006246 -0.004862 0.975902 0.218068
1778755029.768120 -7.689741 -30.427101 0.311881 0.000875 -0.009053 0.976223 0.216579
1778755029.863831 -7.745005 -30.402300 0.314086 0.010935 -0.010176 0.976889 0.213223
1778755029.881243 -7.803737 -30.380898 0.309167 0.006653 -0.014552 0.976931 0.212954
1778755029.929760 -7.847488 -30.358343 0.310635 0.006439 -0.002266 0.977707 0.209865
1778755029.981323 -7.897065 -30.336634 0.313662 0.013259 -0.002016 0.977636 0.209876
1778755030.033112 -7.953907 -30.309214 0.318209 0.019179 -0.011473 0.977421 0.210118
1778755030.090353 -7.995719 -30.290098 0.308552 -0.001206 -0.009788 0.977303 0.211619
1778755030.138434 -8.046431 -30.265587 0.311114 -0.004508 -0.010581 0.976666 0.214458
1778755030.194194 -8.096884 -30.244690 0.314160 0.003719 -0.018354 0.977064 0.212123
1778755030.248028 -8.157010 -30.218857 0.316114 0.013687 -0.018040 0.977676 0.208895
1778755030.300515 -8.203792 -30.199146 0.309245 0.000111 -0.007212 0.978490 0.206168
1778755030.359966 -8.260319 -30.177061 0.313515 0.001248 -0.001444 0.977224 0.212202
1778755030.419678 -8.314236 -30.151821 0.319281 0.005754 -0.013500 0.971742 0.235588
1778755030.458112 -8.361266 -30.114975 0.316457 0.000492 -0.013103 0.963987 0.265627
1778755030.521801 -8.405939 -30.096626 0.314639 -0.000805 -0.009542 0.954986 0.296495
1778755030.566303 -8.447948 -30.066229 0.310151 -0.004483 -0.008910 0.947846 0.318574
1778755030.622470 -8.487444 -30.033421 0.291698 -0.000230 0.000423 0.941544 0.336891
1778755030.688513 -8.527445 -30.006580 0.295753 0.003082 -0.011116 0.935586 0.352911
1778755030.728042 -8.563036 -29.974249 0.308491 0.001573 0.007879 0.932181 0.361903
1778755030.779143 -8.598195 -29.949034 0.314517 -0.004188 0.002180 0.927238 0.374443
1778755030.838445 -8.631042 -29.917362 0.316912 -0.012424 -0.002590 0.923512 0.383360
1778755030.883236 -8.659081 -29.889381 0.310282 0.003943 0.011639 0.920344 0.390916
1778755030.934151 -8.685324 -29.870327 0.315263 0.000051 0.001566 0.913387 0.407089
1778755030.998789 -8.706083 -29.844208 0.316946 0.000173 -0.000936 0.905529 0.424283
1778755031.041652 -8.729702 -29.814255 0.315933 0.001456 -0.000301 0.897967 0.440061
1778755031.097882 -8.749967 -29.782484 0.314014 0.003794 0.005927 0.891841 0.452295
1778755031.148304 -8.772573 -29.753910 0.305762 -0.000550 -0.011109 0.885905 0.463733
1778755031.201078 -8.784498 -29.729574 0.307303 0.006474 -0.000846 0.881675 0.471813
1778755031.259731 -8.802235 -29.703203 0.312986 0.011196 0.001946 0.876641 0.481011
1778755031.312345 -8.819731 -29.676184 0.314331 0.009014 -0.003653 0.872074 0.489277
1778755031.363285 -8.838683 -29.645966 0.313162 0.004917 -0.011382 0.866233 0.499486
1778755031.421221 -8.853374 -29.617275 0.311977 0.012298 -0.013103 0.858017 0.513307
1778755031.472510 -8.870413 -29.591703 0.312996 0.002557 -0.026379 0.844462 0.534960
1778755031.529797 -8.882530 -29.570829 0.314326 -0.003953 -0.024471 0.830119 0.557035
1778755031.579741 -8.893934 -29.544353 0.312542 -0.005928 -0.024590 0.813355 0.581218
1778755031.631469 -8.903843 -29.518860 0.310800 -0.000250 -0.020752 0.795010 0.606241
1778755031.688272 -8.911211 -29.488581 0.309935 0.010858 -0.018278 0.773651 0.633256
1778755031.744334 -8.914627 -29.455379 0.305827 0.013422 -0.008797 0.752692 0.658178
1778755031.791636 -8.918359 -29.424057 0.305951 0.005118 -0.000331 0.740728 0.671786
1778755031.846341 -8.914331 -29.401152 0.307855 0.021451 0.002881 0.725413 0.687974
1778755031.902689 -8.910418 -29.374577 0.308598 0.034853 0.000894 0.710294 0.703041
1778755031.950365 -8.912865 -29.341612 0.308821 0.017474 -0.012811 0.695558 0.718143
1778755032.008359 -8.910321 -29.310104 0.312661 0.015469 -0.003885 0.685302 0.728085
1778755032.060032 -8.913145 -29.288382 0.314799 0.019442 -0.006212 0.678530 0.734289
1778755032.114214 -8.913140 -29.261503 0.314945 0.021439 -0.016172 0.671500 0.740518
1778755032.177922 -8.913177 -29.228548 0.310274 0.021478 -0.032272 0.664807 0.746009
1778755032.221022 -8.906154 -29.196909 0.308067 0.026805 -0.010573 0.665102 0.746197
1778755032.274221 -8.901483 -29.172092 0.307364 0.020137 -0.012731 0.660946 0.750055
1778755032.331970 -8.895413 -29.149427 0.309427 0.023910 -0.013532 0.656348 0.753958
1778755032.385278 -8.889892 -29.126207 0.309366 0.027989 -0.017416 0.651947 0.757548
1778755032.448867 -8.883372 -29.100386 0.307702 0.032679 -0.022574 0.648503 0.760175
1778755032.492176 -8.879594 -29.071405 0.306622 0.020559 -0.026917 0.644560 0.763803
1778755032.548614 -8.875383 -29.041130 0.307589 0.007939 -0.017276 0.640997 0.767308
1778755032.598791 -8.875117 -29.019537 0.309950 0.006670 -0.015476 0.640333 0.767913
1778755032.651820 -8.872433 -28.991838 0.310645 0.005539 -0.018240 0.640139 0.768022
1778755032.705475 -8.871040 -28.962322 0.309535 0.005183 -0.024795 0.640032 0.767931
1778755032.758258 -8.868770 -28.931217 0.307524 0.006606 -0.028491 0.639620 0.768134
1778755032.812568 -8.863866 -28.901196 0.306110 0.010346 -0.022657 0.636639 0.770759
1778755032.865619 -8.859287 -28.871731 0.304964 -0.001514 -0.011711 0.631754 0.775079
1778755032.918074 -8.849883 -28.851900 0.306485 0.001812 -0.014224 0.626032 0.779666
1778755032.975699 -8.841780 -28.827810 0.308998 0.010803 -0.018085 0.618879 0.785204
1778755033.031202 -8.834784 -28.804291 0.309187 0.012522 -0.024119 0.611491 0.790784
1778755033.082845 -8.824872 -28.777035 0.307969 0.017761 -0.028392 0.606364 0.794482
1778755033.144144 -8.816553 -28.748379 0.300730 0.018278 -0.028641 0.601970 0.797796
1778755033.187840 -8.808366 -28.724691 0.293580 0.022419 -0.028598 0.598001 0.800671
1778755033.244749 -8.801619 -28.701294 0.293947 0.031188 -0.024894 0.595642 0.802259
1778755033.294146 -8.793191 -28.675514 0.295830 0.035423 -0.025496 0.592692 0.804246
1778755033.355274 -8.786204 -28.648003 0.297946 0.035773 -0.026280 0.591314 0.805219
1778755033.401795 -8.777894 -28.617212 0.300593 0.033932 -0.027521 0.590845 0.805601
1778755033.467451 -8.766982 -28.585115 0.303313 0.036298 -0.023092 0.591566 0.805108
1778755033.518888 -8.758133 -28.553946 0.296029 0.030739 -0.026683 0.589995 0.806380
1778755033.563805 -8.747477 -28.530457 0.292948 0.034709 -0.027551 0.588241 0.807471
1778755033.615767 -8.737872 -28.503366 0.304192 0.040648 -0.031355 0.586975 0.807976
1778755033.666966 -8.727485 -28.476667 0.308453 0.041314 -0.038009 0.584278 0.809610
1778755033.719629 -8.712204 -28.446280 0.310615 0.047566 -0.045551 0.582382 0.810243
1778755033.776485 -8.699108 -28.406763 0.320571 0.021194 -0.049038 0.579225 0.813416
1778755033.828760 -8.686530 -28.376066 0.306726 0.022891 -0.041217 0.576069 0.816040
1778755033.901616 -8.673306 -28.338663 0.303313 0.026504 -0.044982 0.574561 0.816795
1778755033.940044 -8.661516 -28.294947 0.305886 0.033278 -0.053067 0.573981 0.816469
1778755034.012397 -8.649821 -28.249664 0.310272 0.043820 -0.060493 0.574383 0.815171
1778755034.042268 -8.631192 -28.193806 0.303618 0.058953 -0.050378 0.577728 0.812537
1778755034.094870 -8.610410 -28.152163 0.301638 0.049898 -0.002553 0.587202 0.807897
1778755034.151608 -8.594942 -28.098261 0.304243 0.039069 0.002992 0.588024 0.807894
1778755034.202123 -8.573223 -28.048923 0.311424 0.037825 0.004492 0.586475 0.809071
1778755034.264931 -8.552031 -27.997627 0.297830 0.033835 0.002201 0.585475 0.809981
1778755034.307750 -8.540640 -27.945700 0.307622 -0.005865 0.026685 0.580708 0.813654
1778755034.362780 -8.513386 -27.891676 0.320554 -0.003728 0.034208 0.577595 0.815598
1778755034.418601 -8.494740 -27.832047 0.322614 -0.006038 0.021402 0.578560 0.815337
1778755034.479870 -8.472407 -27.764784 0.315218 -0.009495 0.027193 0.577991 0.815534
1778755034.525446 -8.461511 -27.752094 0.316980 -0.016096 0.054877 0.583583 0.810038
1778755034.578295 -8.442626 -27.697830 0.317962 -0.017123 0.063460 0.583916 0.809149
1778755034.648180 -8.422723 -27.640467 0.297244 -0.020374 0.062047 0.579812 0.812129
1778755034.691916 -8.422294 -27.649641 0.308632 -0.010431 0.064257 0.563843 0.823313
1778755034.741718 -8.405075 -27.600443 0.317906 -0.016038 0.051239 0.542637 0.838250
1778755034.799137 -8.381028 -27.548115 0.311654 -0.017985 0.023061 0.510803 0.859200
1778755034.850531 -8.356842 -27.510935 0.298973 -0.022294 -0.001699 0.471354 0.881661
1778755034.910511 -8.336559 -27.491999 0.305067 0.023544 0.023410 0.449674 0.892576
1778755034.962283 -8.305269 -27.450039 0.313499 0.030459 0.016144 0.423529 0.905226
1778755035.011619 -8.264138 -27.409567 0.318661 0.025507 0.000192 0.398468 0.916827
1778755035.064231 -8.229816 -27.383287 0.309485 0.033698 0.018233 0.379999 0.924193
1778755035.117203 -8.196131 -27.352240 0.310166 0.023611 0.016939 0.364171 0.930879
1778755035.173983 -8.151918 -27.313053 0.311361 0.016942 0.003269 0.351110 0.936175
1778755035.224159 -8.096508 -27.266605 0.303225 0.018292 0.000725 0.341369 0.939751
1778755035.283932 -8.087816 -27.261293 0.309090 0.023735 0.017190 0.337516 0.940864
1778755035.334333 -8.042119 -27.225864 0.315928 0.023743 0.015247 0.330650 0.943331
1778755035.398505 -7.996632 -27.190012 0.306366 0.014970 0.003371 0.321647 0.946735
1778755035.440747 -7.958535 -27.162970 0.306213 0.013351 0.011251 0.314614 0.949059
1778755035.500535 -7.921832 -27.127687 0.308491 -0.000716 0.008234 0.308248 0.951270
1778755035.556581 -7.875440 -27.092569 0.311565 -0.005930 -0.007524 0.305104 0.952271
1778755035.605619 -7.819894 -27.051699 0.310425 -0.004418 -0.017903 0.304306 0.952396
1778755035.677590 -7.784419 -27.028805 0.308473 0.000073 -0.002089 0.303648 0.952782
1778755035.711371 -7.728816 -26.986116 0.314834 0.004788 0.006510 0.304517 0.952473
1778755035.762914 -7.679124 -26.951094 0.319676 0.000235 0.001654 0.300459 0.953793
1778755035.830769 -7.625817 -26.918173 0.307879 -0.007480 0.001517 0.298463 0.954391
1778755035.882460 -7.593904 -26.892799 0.312226 -0.007278 0.006792 0.292987 0.956065
1778755035.932979 -7.535000 -26.849760 0.315996 -0.007215 -0.004175 0.293035 0.956066
1778755035.984051 -7.483234 -26.813547 0.316845 -0.004799 -0.013039 0.295375 0.955281
1778755036.037203 -7.437993 -26.787767 0.308323 -0.004845 -0.001871 0.295380 0.955366
1778755036.092204 -7.388065 -26.750254 0.311155 0.001036 0.003797 0.296980 0.954876
1778755036.143872 -7.340349 -26.717178 0.314291 0.002105 -0.003395 0.295130 0.955449
1778755036.202654 -7.286658 -26.681736 0.314105 -0.003458 -0.010165 0.294006 0.955743
1778755036.249147 -7.244601 -26.649881 0.310666 -0.003062 0.009217 0.280554 0.959789
1778755036.305139 -7.201535 -26.622936 0.314130 -0.004751 0.001522 0.257709 0.966210
1778755036.353683 -7.154511 -26.592844 0.314750 -0.008240 -0.018323 0.227141 0.973655
1778755036.407571 -7.103562 -26.567360 0.298506 -0.002260 -0.035490 0.186986 0.981719
1778755036.466077 -7.049528 -26.556002 0.309111 0.037055 0.008700 0.157369 0.986806
1778755036.514540 -6.999694 -26.537333 0.320936 0.030651 0.007873 0.121967 0.992030
1778755036.576910 -6.949885 -26.528803 0.326502 0.020295 0.000708 0.089678 0.995764
1778755036.628110 -6.874919 -26.526085 0.313519 0.039985 0.012207 0.058696 0.997400
1778755036.679470 -6.834034 -26.515482 0.312038 0.028202 0.007017 0.032526 0.999048
1778755036.736170 -6.774645 -26.511068 0.313924 0.017825 -0.005698 0.015490 0.999705
1778755036.785646 -6.711265 -26.509987 0.298982 0.015352 -0.010437 0.002592 0.999824
1778755036.836667 -6.725452 -26.518610 0.306037 0.029979 0.003757 -0.004059 0.999535
1778755036.889044 -6.663805 -26.521471 0.314576 0.034597 0.003549 -0.015335 0.999278
1778755036.940624 -6.606187 -26.527317 0.318893 0.024391 -0.005460 -0.028722 0.999275
1778755036.994545 -6.542690 -26.537180 0.306213 0.019558 -0.001863 -0.038412 0.999069
1778755037.043978 -6.559682 -26.527895 0.308443 0.009519 0.018287 -0.049641 0.998554
1778755037.098767 -6.502112 -26.533798 0.313075 0.005528 0.006322 -0.056009 0.998395
1778755037.147822 -6.445668 -26.538626 0.315340 -0.002023 -0.007251 -0.058823 0.998240
1778755037.201898 -6.379391 -26.545872 0.308515 -0.002250 -0.001217 -0.061828 0.998084
1778755037.256234 -6.322995 -26.549675 0.314332 0.005600 0.004429 -0.059133 0.998225
1778755037.306636 -6.265295 -26.556475 0.318751 0.005623 0.002083 -0.063118 0.997988
1778755037.367336 -6.200897 -26.568285 0.313196 -0.002309 -0.002583 -0.066091 0.997808
1778755037.416407 -6.160933 -26.573977 0.311357 0.002281 0.011951 -0.070215 0.997458
1778755037.469552 -6.098912 -26.581116 0.314114 -0.003107 0.006010 -0.073747 0.997254
1778755037.523768 -6.037232 -26.589779 0.316080 -0.007819 -0.005378 -0.072698 0.997309
1778755037.577322 -5.962183 -26.605003 0.306821 -0.004100 -0.004854 -0.078967 0.996857
1778755037.641052 -5.935798 -26.612574 0.311951 0.011822 0.006977 -0.094458 0.995434
1778755037.684149 -5.881556 -26.625195 0.317330 0.008189 0.005455 -0.123107 0.992345
1778755037.743937 -5.818682 -26.653690 0.309850 -0.001972 0.009538 -0.158701 0.987279
1778755037.800112 -5.764837 -26.672949 0.312907 0.016696 0.003352 -0.189002 0.981829
1778755037.853454 -5.712252 -26.688955 0.318063 0.003409 0.001535 -0.214102 0.976804
1778755037.907171 -5.658641 -26.711691 0.293217 -0.000020 -0.007958 -0.230260 0.973097
1778755037.962615 -5.613690 -26.739773 0.307922 0.020916 0.004300 -0.238018 0.971026
1778755038.020232 -5.563308 -26.760122 0.317745 0.028798 0.020140 -0.229757 0.972613
1778755038.069696 -5.516043 -26.779114 0.322290 0.016418 0.021779 -0.213387 0.976587
1778755038.146302 -5.466454 -26.800880 0.302008 0.013396 0.020164 -0.179190 0.983517
1778755038.192991 -5.433964 -26.813654 0.303499 0.004363 0.001960 -0.147030 0.989121
1778755038.244336 -5.397068 -26.827440 0.318182 -0.008432 0.008706 -0.117214 0.993033
1778755038.296073 -5.364374 -26.841803 0.318450 -0.011895 0.016530 -0.082424 0.996389
1778755038.345981 -5.338342 -26.845169 0.313714 -0.033772 0.022657 -0.042263 0.998279
1778755038.401580 -5.319745 -26.856688 0.316504 -0.038087 0.011988 0.001773 0.999201
1778755038.459910 -5.305229 -26.862991 0.319825 -0.041584 0.020389 0.046490 0.997845
1778755038.508010 -5.288861 -26.861469 0.317532 -0.045373 0.023836 0.088968 0.994715
1778755038.561342 -5.274356 -26.858706 0.313565 -0.039764 0.029263 0.125234 0.990898
1778755038.611822 -5.258894 -26.854612 0.309452 -0.027802 0.024613 0.151915 0.987696
1778755038.671374 -5.244573 -26.852119 0.311284 -0.028705 0.019566 0.177985 0.983420
1778755038.716441 -5.232752 -26.847816 0.314791 -0.030475 0.016245 0.197947 0.979604
1778755038.769923 -5.216820 -26.840029 0.315333 -0.033334 0.014249 0.218086 0.975256
1778755038.827292 -5.197628 -26.829006 0.313860 -0.032976 0.011463 0.233406 0.971752
1778755038.880161 -5.175535 -26.817966 0.311280 -0.026397 0.010994 0.238847 0.970636
1778755038.936542 -5.155205 -26.805819 0.306144 -0.027879 0.008583 0.234814 0.971603
1778755038.987271 -5.132175 -26.795849 0.310211 -0.021374 0.005534 0.223052 0.974557
1778755039.040471 -5.112970 -26.788918 0.313670 -0.010945 0.002994 0.207529 0.978163
1778755039.095891 -5.091626 -26.779665 0.314792 -0.006724 0.003024 0.186455 0.982436
1778755039.148890 -5.062500 -26.769524 0.313808 -0.009017 0.001855 0.156775 0.987592
1778755039.203603 -5.030519 -26.765942 0.314377 0.003131 -0.004857 0.116933 0.993123
1778755039.260875 -4.999815 -26.758165 0.319451 -0.016895 -0.002553 0.066655 0.997630
1778755039.314960 -4.977129 -26.755547 0.320292 -0.026634 0.007021 0.004473 0.999611
1778755039.367511 -4.935642 -26.753208 0.322339 -0.032719 0.008629 -0.059022 0.997683
1778755039.420464 -4.899695 -26.759777 0.303622 -0.031274 0.003741 -0.123101 0.991894
1778755039.474183 -4.866773 -26.780943 0.310341 0.016258 0.015838 -0.174299 0.984431
1778755039.528380 -4.826473 -26.795071 0.323787 0.025977 0.023153 -0.221912 0.974446
1778755039.581510 -4.786752 -26.818666 0.328990 0.012579 0.013979 -0.268775 0.963020
1778755039.632509 -4.744544 -26.847082 0.324982 0.008120 0.024225 -0.306759 0.951444
1778755039.688910 -4.710649 -26.869522 0.317566 0.022963 0.010646 -0.341147 0.939669
1778755039.742484 -4.680786 -26.897989 0.318841 0.008063 0.011127 -0.368019 0.929717
1778755039.792840 -4.643924 -26.931427 0.304953 0.006419 0.001406 -0.388882 0.921264
1778755039.853278 -4.616314 -26.971012 0.307257 0.020488 0.003116 -0.405027 0.914070
1778755039.899988 -4.571298 -27.017366 0.314867 0.042543 0.010505 -0.414004 0.909220
1778755039.960057 -4.541053 -27.059326 0.319003 0.034641 0.009151 -0.431750 0.901282
1778755040.005263 -4.507767 -27.115240 0.311017 0.022374 0.015964 -0.457621 0.888722
1778755040.061866 -4.502779 -27.141781 0.310236 0.034391 0.007752 -0.487276 0.872536
1778755040.115297 -4.468167 -27.191267 0.312619 0.020517 0.005579 -0.509059 0.860469
1778755040.166176 -4.440817 -27.243940 0.299195 0.009628 -0.001699 -0.524610 0.851287
1778755040.234853 -4.429737 -27.265329 0.302083 0.008813 0.004422 -0.538438 0.842607
1778755040.272209 -4.417882 -27.301716 0.312891 0.032756 -0.001435 -0.541666 0.839954
1778755040.326758 -4.398713 -27.351593 0.318842 0.023743 -0.005444 -0.553804 0.832291
1778755040.380424 -4.382219 -27.411993 0.310019 0.015097 -0.007776 -0.565053 0.824880
1778755040.435184 -4.368465 -27.450518 0.309695 0.024777 0.013397 -0.573707 0.818576
1778755040.492211 -4.351098 -27.508669 0.310567 0.018174 0.014004 -0.581321 0.813351
1778755040.539719 -4.331172 -27.568846 0.312055 0.005788 0.009279 -0.584996 0.810963
1778755040.593485 -4.310636 -27.632671 0.302943 0.005312 0.012274 -0.588239 0.808577
1778755040.652781 -4.303523 -27.672428 0.309066 0.002521 0.013857 -0.587751 0.808919
1778755040.701111 -4.286457 -27.724985 0.314382 0.007243 0.008441 -0.591187 0.806458
1778755040.757534 -4.268396 -27.785152 0.315777 -0.001761 0.005701 -0.595876 0.803055
1778755040.810462 -4.260991 -27.812092 0.308825 0.012336 0.006434 -0.604180 0.796727
1778755040.863701 -4.243241 -27.856642 0.311393 0.007608 0.006260 -0.623742 0.781568
1778755040.917898 -4.229938 -27.908705 0.313955 -0.014844 0.000361 -0.647971 0.761520
1778755040.970153 -4.217773 -27.966129 0.298905 -0.030923 -0.019525 -0.669211 0.742172
1778755041.024800 -4.221914 -28.025665 0.300670 0.015312 -0.026308 -0.679129 0.733387
1778755041.076409 -4.217350 -28.075270 0.313210 0.035424 -0.016514 -0.691787 0.721043
1778755041.128720 -4.219116 -28.129814 0.322272 0.027743 -0.016563 -0.707145 0.706330
1778755041.184236 -4.227825 -28.191126 0.312820 0.020901 -0.015271 -0.720213 0.693269
1778755041.236264 -4.224600 -28.212517 0.313557 0.034654 0.000103 -0.730333 0.682211
1778755041.292970 -4.231386 -28.269499 0.313053 0.026714 -0.000614 -0.740550 0.671470
1778755041.351111 -4.239118 -28.335413 0.314069 0.009168 -0.006800 -0.745922 0.665936
1778755041.405455 -4.250554 -28.400103 0.306677 0.009979 -0.006958 -0.749623 0.661754
1778755041.454838 -4.254809 -28.438900 0.308532 0.021213 -0.003957 -0.752802 0.657893
1778755041.507374 -4.266973 -28.497263 0.312860 0.020945 -0.006285 -0.768697 0.639239
1778755041.560648 -4.287298 -28.556417 0.309997 0.008135 0.004012 -0.789553 0.613616
1778755041.612484 -4.305616 -28.599794 0.306983 0.023767 -0.007747 -0.804969 0.592790
1778755041.668917 -4.318900 -28.644993 0.308055 0.013500 -0.008178 -0.819441 0.572946
1778755041.719776 -4.338182 -28.700291 0.300267 -0.002566 -0.012734 -0.826960 0.562111
1778755041.773644 -4.366028 -28.759197 0.297562 -0.003624 -0.011305 -0.833849 0.551865
1778755041.830768 -4.383811 -28.797602 0.307936 0.021023 -0.017507 -0.836357 0.547502
1778755041.881427 -4.409580 -28.848593 0.316152 0.020306 -0.018871 -0.842627 0.537784
1778755041.932982 -4.439522 -28.899067 0.317663 0.010057 -0.020910 -0.848857 0.528113
1778755041.988315 -4.462515 -28.945362 0.311664 0.019473 -0.001409 -0.854161 0.519641
1778755042.041023 -4.495911 -28.995941 0.312698 0.026837 -0.000376 -0.857916 0.513088
1778755042.099542 -4.522960 -29.047253 0.314436 0.014017 0.000459 -0.860515 0.509232
1778755042.145359 -4.557279 -29.107191 0.306192 0.007644 -0.001696 -0.861743 0.507284
1778755042.202249 -4.570704 -29.137819 0.307677 0.010884 0.003648 -0.862583 0.505786
1778755042.254599 -4.605190 -29.190302 0.312479 0.015382 -0.006071 -0.862241 0.506228
1778755042.313784 -4.631109 -29.242132 0.314777 0.003714 -0.002587 -0.864196 0.503135
1778755042.360039 -4.670864 -29.298483 0.308385 0.006618 0.000097 -0.859129 0.511716
1778755042.411989 -4.675042 -29.301685 0.310373 0.014314 0.009063 -0.850154 0.526262
1778755042.471029 -4.700610 -29.357395 0.316581 0.005886 0.010850 -0.833290 0.552699
1778755042.519879 -4.708661 -29.413916 0.311201 -0.007226 0.026247 -0.808900 0.587316
1778755042.580102 -4.729217 -29.457680 0.317086 -0.011862 0.018871 -0.777851 0.628053
1778755042.626709 -4.740943 -29.507875 0.321648 -0.018383 0.029285 -0.737645 0.674303
1778755042.680832 -4.747538 -29.535316 0.290019 -0.028251 0.019956 -0.691138 0.721895
1778755042.732717 -4.736027 -29.563671 0.309471 -0.030167 0.051089 -0.651118 0.756655
1778755042.786522 -4.734355 -29.628834 0.310275 -0.018741 0.050651 -0.612980 0.788251
1778755042.845078 -4.727894 -29.682482 0.303935 -0.008658 0.029584 -0.579403 0.814458
1778755042.893155 -4.713782 -29.730247 0.299618 -0.036454 0.017832 -0.551584 0.833132
1778755042.945997 -4.704700 -29.777269 0.304449 -0.027874 0.005719 -0.525572 0.850273
1778755043.000723 -4.683451 -29.814571 0.303368 -0.038213 0.011640 -0.504023 0.862766
1778755043.053569 -4.662290 -29.851135 0.287988 -0.045865 0.024593 -0.486151 0.872324
1778755043.109806 -4.634856 -29.887691 0.296105 -0.040213 0.021317 -0.478362 0.876983
1778755043.161188 -4.618835 -29.911139 0.306142 -0.026298 0.021721 -0.474205 0.879754
1778755043.216956 -4.604924 -29.934910 0.306153 -0.019759 0.022614 -0.467887 0.883278
1778755043.271523 -4.585810 -29.966681 0.304046 -0.008668 0.026459 -0.460273 0.887341
1778755043.321403 -4.571362 -29.988543 0.302116 -0.014422 0.031357 -0.455820 0.889403
1778755043.388052 -4.561428 -30.009182 0.302485 -0.011296 0.027537 -0.449568 0.892750
1778755043.429870 -4.551680 -30.021246 0.301151 -0.014224 0.025579 -0.445998 0.894556
1778755043.496018 -4.550475 -30.029551 0.302890 -0.007924 0.022396 -0.443478 0.895971
1778755043.536285 -4.547837 -30.033863 0.304896 -0.003641 0.016940 -0.441673 0.897009
1778755043.589641 -4.542971 -30.037897 0.304886 -0.001656 0.015910 -0.440134 0.897790
1778755043.673359 -4.538191 -30.044245 0.304195 0.002868 0.014822 -0.437033 0.899319
1778755043.698914 -4.533081 -30.048088 0.302006 0.001298 0.015616 -0.435041 0.900274
1778755043.759226 -4.528794 -30.051548 0.298724 0.000445 0.014692 -0.433851 0.900865
1778755043.803630 -4.525207 -30.056122 0.295240 0.000177 0.013763 -0.432484 0.901536
1778755043.857338 -4.522493 -30.059483 0.297325 -0.000937 0.012463 -0.431514 0.902020
1778755043.913814 -4.520663 -30.062235 0.297540 -0.001456 0.011464 -0.430102 0.902706
1778755043.963079 -4.520757 -30.063128 0.298223 -0.002584 0.011369 -0.428730 0.903358
1778755044.515679 -4.520475 -30.063583 0.300724 -0.003271 0.009331 -0.425281 0.905008
1778755044.522283 -4.519780 -30.062634 0.302070 -0.004866 0.007558 -0.422688 0.906231
1778755044.525353 -4.518832 -30.061022 0.302789 -0.006871 0.007455 -0.420977 0.907015
1778755044.557269 -4.518201 -30.058847 0.303257 -0.009016 0.007320 -0.419104 0.907864
1778755044.560914 -4.517949 -30.057049 0.303637 -0.009977 0.007416 -0.417128 0.908763
1778755044.564293 -4.517949 -30.057049 0.303637 -0.009977 0.007416 -0.417128 0.908763
1778755044.584952 -4.517984 -30.055580 0.303932 -0.010410 0.007169 -0.415318 0.909588
1778755044.587581 -4.518162 -30.054539 0.304117 -0.010441 0.007039 -0.413820 0.910272
1778755044.591121 -4.518423 -30.053650 0.304237 -0.010510 0.006881 -0.412888 0.910695
1778755044.628066 -4.518690 -30.052723 0.304330 -0.010737 0.006871 -0.412181 0.911013
1778755044.653321 -4.518880 -30.051802 0.304441 -0.011082 0.006885 -0.411657 0.911245
1778755044.659042 -4.519099 -30.050772 0.304546 -0.011659 0.007053 -0.410990 0.911538
1778755044.676821 -4.519358 -30.049772 0.304599 -0.012723 0.007652 -0.412606 0.910789
1778755044.723116 -4.519813 -30.049250 0.304654 -0.014592 0.009380 -0.420062 0.907329
1778755044.732985 -4.519629 -30.048223 0.305485 -0.017389 0.011546 -0.433073 0.901117
1778755044.763045 -4.520082 -30.047056 0.307554 -0.018528 0.012716 -0.449578 0.892958
1778755044.815020 -4.519712 -30.046883 0.311565 -0.015750 0.009024 -0.470449 0.882241
1778755044.865980 -4.517645 -30.048559 0.314045 -0.014883 0.006405 -0.494501 0.869026
1778755044.922744 -4.515481 -30.050497 0.315270 -0.013726 0.000921 -0.519374 0.854436
1778755044.972005 -4.511945 -30.055746 0.314761 -0.018908 0.002786 -0.547471 0.836607
1778755045.044360 -4.511813 -30.065075 0.314167 -0.025703 0.003566 -0.574330 0.818213
1778755045.087495 -4.508826 -30.076696 0.314361 -0.028385 0.011967 -0.601717 0.798115
1778755045.140107 -4.509987 -30.087929 0.313910 -0.014816 0.018207 -0.620692 0.783703
1778755045.195052 -4.512702 -30.103466 0.310244 0.003625 0.021774 -0.637289 0.770309
1778755045.248178 -4.517890 -30.119631 0.303478 0.008945 0.023775 -0.652897 0.757021
1778755045.306400 -4.514379 -30.132351 0.303851 0.002806 0.023227 -0.663959 0.747403
1778755045.350614 -4.514461 -30.138283 0.306825 0.009958 0.017365 -0.673630 0.738798
1778755045.403708 -4.513053 -30.143969 0.310151 0.013186 0.013555 -0.682503 0.730638
1778755045.456679 -4.511856 -30.151024 0.311415 0.016269 0.010332 -0.689125 0.724387
1778755045.509895 -4.510390 -30.156891 0.311986 0.015682 0.012254 -0.692797 0.720859
1778755045.573031 -4.508464 -30.161831 0.311701 0.014983 0.011068 -0.696502 0.717313
1778755045.619171 -4.506560 -30.166412 0.306105 0.012719 0.010818 -0.698965 0.714961
1778755045.677126 -4.505730 -30.171185 0.304488 0.010091 0.011109 -0.700669 0.713328
1778755045.728919 -4.505404 -30.174078 0.304585 0.008125 0.012123 -0.701509 0.712512
1778755045.779585 -4.504664 -30.176018 0.306750 0.005317 0.011882 -0.700995 0.713047
1778755045.839315 -4.503551 -30.177677 0.307784 0.003478 0.012175 -0.700407 0.713631
1778755045.893132 -4.502484 -30.178490 0.308209 0.002425 0.012734 -0.699424 0.714589
1778755045.936571 -4.501586 -30.178818 0.308501 0.001751 0.013078 -0.698484 0.715505
1778755045.990615 -4.500810 -30.178978 0.308722 0.001149 0.013356 -0.697575 0.716386
1778755046.045690 -4.500204 -30.178957 0.308917 0.000455 0.013326 -0.696588 0.717348
1778755046.099697 -4.499776 -30.179047 0.309070 0.000208 0.013387 -0.695528 0.718374
1778755046.155173 -4.499413 -30.179159 0.309174 -0.000102 0.013402 -0.694599 0.719272
1778755046.202864 -4.499149 -30.179178 0.309237 -0.000028 0.013280 -0.693708 0.720134
1778755046.258261 -4.498863 -30.179176 0.309316 -0.000085 0.013045 -0.693016 0.720804
1778755046.324351 -4.498540 -30.179173 0.309384 -0.000100 0.012908 -0.692087 0.721698
1778755046.365129 -4.498146 -30.179134 0.309468 -0.000263 0.012708 -0.691338 0.722420
1778755046.416006 -4.497714 -30.179079 0.309559 -0.000359 0.012621 -0.690495 0.723227
1778755046.469484 -4.497234 -30.178965 0.309635 -0.000590 0.012547 -0.689635 0.724049
1778755046.524111 -4.496881 -30.178848 0.309693 -0.000590 0.012518 -0.688929 0.724720
1778755046.576429 -4.496604 -30.178783 0.309728 -0.000608 0.012402 -0.688331 0.725290
1778755046.631991 -4.496487 -30.178686 0.309769 -0.000534 0.012350 -0.687829 0.725767
1778755046.679881 -4.496418 -30.178591 0.309788 -0.000546 0.012361 -0.687469 0.726108
1778755046.734879 -4.496321 -30.178535 0.309825 -0.000783 0.012442 -0.687148 0.726411
1778755046.786143 -4.496214 -30.178507 0.309850 -0.000840 0.012489 -0.686761 0.726775
1778755046.840175 -4.496140 -30.178516 0.309890 -0.000931 0.012511 -0.686447 0.727071
1778755046.900677 -4.496030 -30.178507 0.309924 -0.001094 0.012616 -0.685982 0.727509
1778755046.944904 -4.495490 -30.180027 0.309544 -0.002034 0.012465 -0.685595 0.727874
1778755047.003042 -4.494673 -30.184725 0.308701 -0.004675 0.009796 -0.685438 0.728050
1778755047.047532 -4.493567 -30.194857 0.308572 -0.006003 0.007635 -0.685254 0.728239
1778755047.102653 -4.491696 -30.208857 0.307543 -0.009308 0.006198 -0.683662 0.729713
1778755047.155533 -4.492180 -30.224592 0.308343 -0.006650 0.007286 -0.680989 0.732227
1778755047.208495 -4.494202 -30.242926 0.309010 -0.002821 0.008170 -0.680112 0.733057
1778755047.265691 -4.495252 -30.265707 0.306406 0.006909 0.011428 -0.678994 0.734022
1778755047.314035 -4.493984 -30.289055 0.302242 0.001351 0.015113 -0.668604 0.743464
1778755047.378810 -4.498655 -30.307043 0.304385 0.002382 0.012073 -0.647956 0.761579
1778755047.423208 -4.499688 -30.315813 0.306484 0.010304 0.011965 -0.619637 0.784730
1778755047.483286 -4.497574 -30.326567 0.306902 0.010507 0.014695 -0.580846 0.813813
1778755047.539193 -4.493624 -30.336128 0.307095 0.006096 0.021551 -0.532931 0.845862
1778755047.585848 -4.490057 -30.343018 0.308296 0.006165 0.023021 -0.480523 0.876658
1778755047.639571 -4.485400 -30.346651 0.312602 0.005668 0.024391 -0.431231 0.901894
1778755047.692210 -4.477665 -30.349352 0.315124 0.004195 0.025466 -0.377991 0.925449
1778755047.745191 -4.470260 -30.351458 0.315569 0.007384 0.027842 -0.325017 0.945269
1778755047.798582 -4.463289 -30.352493 0.315305 0.008614 0.041352 -0.279301 0.959274
1778755047.853590 -4.457705 -30.353647 0.309328 0.005212 0.048744 -0.232339 0.971399
1778755047.907348 -4.463924 -30.356558 0.304616 -0.000977 0.024839 -0.170231 0.985091
1778755047.959120 -4.461275 -30.354658 0.302051 -0.031659 0.026855 -0.098795 0.994242
1778755048.012460 -4.440240 -30.343184 0.310700 -0.054783 0.018657 -0.021676 0.998089
1778755048.067806 -4.423629 -30.344204 0.311963 -0.038684 0.026129 0.048602 0.997727
1778755048.119995 -4.407758 -30.336229 0.315913 -0.038530 0.028706 0.116439 0.992035
1778755048.179622 -4.388394 -30.322227 0.322334 -0.040767 0.017606 0.194918 0.979814
1778755048.229438 -4.354987 -30.301512 0.319138 -0.033512 -0.003420 0.271144 0.961949
1778755048.281740 -4.359529 -30.321930 0.309498 -0.037404 0.000487 0.324383 0.945186
1778755048.337185 -4.334691 -30.297340 0.306694 -0.044398 0.000673 0.373778 0.926455
1778755048.382149 -4.303047 -30.265984 0.316558 -0.033803 -0.009014 0.416166 0.908615
1778755048.442780 -4.275850 -30.232668 0.314495 -0.036659 -0.009901 0.450890 0.891771
1778755048.504449 -4.244401 -30.191725 0.310541 -0.023345 -0.002465 0.478387 0.877835
1778755048.545610 -4.220607 -30.148159 0.313300 -0.027106 -0.011919 0.497728 0.866828
1778755048.599751 -4.190232 -30.095200 0.306044 -0.037200 -0.019491 0.503011 0.863259
1778755048.650918 -4.192290 -30.087261 0.304755 -0.030975 -0.003769 0.491754 0.870175
1778755048.712180 -4.157225 -30.037031 0.306574 -0.026224 -0.002214 0.488418 0.872213
1778755048.761266 -4.133941 -29.991350 0.307781 -0.020399 -0.007699 0.490726 0.871041
1778755048.815292 -4.118398 -29.969875 0.293024 -0.022753 -0.009398 0.488536 0.872197
1778755048.866113 -4.102019 -29.956089 0.300217 0.002504 0.014613 0.492816 0.870007
1778755048.920045 -4.076689 -29.915722 0.308561 0.003785 0.008598 0.486705 0.873516
1778755048.976866 -4.038656 -29.867811 0.314929 0.001203 -0.003361 0.474656 0.880164
1778755049.027596 -4.013137 -29.832644 0.307723 -0.004282 0.011150 0.464539 0.885472
1778755049.081123 -3.978214 -29.782713 0.308424 -0.008856 0.010157 0.455084 0.890346
1778755049.134592 -3.943994 -29.735165 0.309853 -0.004327 -0.001823 0.450932 0.892546
1778755049.202644 -3.894071 -29.672083 0.297175 -0.001052 -0.009713 0.445820 0.895069
1778755049.249649 -3.857451 -29.627073 0.306820 -0.004215 0.010486 0.434196 0.900748
1778755049.302112 -3.823544 -29.585604 0.312617 -0.001032 0.011569 0.412879 0.910712
1778755049.355258 -3.788161 -29.539289 0.307831 -0.016446 0.003873 0.384095 0.923139
1778755049.408944 -3.749614 -29.504356 0.301867 0.000569 0.011915 0.358904 0.933298
1778755049.473940 -3.733117 -29.470430 0.305673 0.001285 0.001738 0.333101 0.942889
1778755049.516914 -3.703690 -29.444963 0.308033 -0.004446 -0.002499 0.318153 0.948026
1778755049.568134 -3.664893 -29.417236 0.307796 0.000536 -0.009248 0.302784 0.953014
1778755049.627978 -3.629733 -29.391531 0.306269 -0.003677 -0.008597 0.280227 0.959888
1778755049.679657 -3.597190 -29.378828 0.310743 0.007686 0.003652 0.260725 0.965376
1778755049.735139 -3.569727 -29.366196 0.316623 0.014951 0.001039 0.233521 0.972236
1778755049.788650 -3.536910 -29.352190 0.318988 0.009107 -0.003383 0.196292 0.980497
1778755049.842096 -3.500484 -29.339750 0.317500 0.001879 -0.001565 0.161178 0.986923
1778755049.897852 -3.468771 -29.327547 0.314177 0.005971 -0.001895 0.135440 0.990766
1778755049.950885 -3.444875 -29.319023 0.317995 0.002262 -0.003456 0.109784 0.993947
1778755050.008530 -3.416272 -29.313086 0.316263 0.001109 -0.005861 0.081928 0.996620
1778755050.055373 -3.383741 -29.307665 0.313656 0.001856 -0.008265 0.050612 0.998682
1778755050.119503 -3.354266 -29.305553 0.311100 0.006701 -0.011206 0.019203 0.999730
1778755050.165344 -3.323159 -29.304857 0.307616 0.004218 -0.008729 -0.016276 0.999821
1778755050.215599 -3.294188 -29.309172 0.305266 0.003738 -0.006385 -0.049702 0.998737
1778755050.270020 -3.275087 -29.316021 0.309453 0.015574 -0.013003 -0.083178 0.996328
1778755050.322108 -3.247208 -29.324944 0.313246 0.020028 -0.021131 -0.115790 0.992847
1778755050.385092 -3.220134 -29.336452 0.313284 0.022390 -0.029649 -0.141851 0.989191
1778755050.429266 -3.187635 -29.349699 0.314426 0.004570 -0.009970 -0.173437 0.984784
1778755050.481472 -3.160027 -29.362070 0.315825 0.011095 -0.012179 -0.198149 0.980034
1778755050.553504 -3.136499 -29.371714 0.316766 0.008636 -0.020276 -0.219552 0.975352
1778755050.590266 -3.106540 -29.383408 0.314465 0.002053 -0.028793 -0.239858 0.970379
1778755050.638965 -3.074549 -29.396854 0.311202 -0.008842 -0.041085 -0.266527 0.962911
1778755050.692681 -3.044389 -29.418234 0.313007 0.008324 -0.030982 -0.297604 0.954150
1778755050.760593 -3.021343 -29.441553 0.322696 0.009769 -0.020409 -0.334381 0.942166
1778755050.802345 -2.993269 -29.471222 0.324728 0.018238 -0.029652 -0.368132 0.929122
1778755050.861923 -2.961455 -29.504816 0.326268 0.002647 -0.026777 -0.403345 0.914652
1778755050.907151 -2.935228 -29.539310 0.317007 0.016307 -0.031638 -0.435391 0.899538
1778755050.958636 -2.911225 -29.565041 0.320257 0.012982 -0.026732 -0.471761 0.881226
1778755051.012331 -2.892202 -29.599207 0.318911 0.008891 -0.023958 -0.501760 0.864629
1778755051.064893 -2.874239 -29.637928 0.315357 0.013234 -0.027565 -0.525577 0.850196
1778755051.119226 -2.855154 -29.673134 0.307528 0.006908 -0.014681 -0.547119 0.836897
1778755051.174549 -2.851639 -29.704268 0.307810 0.023201 -0.019830 -0.560935 0.827297
1778755051.226936 -2.844026 -29.734241 0.312876 0.023418 -0.023586 -0.574953 0.817511
1778755051.284791 -2.837323 -29.770081 0.314425 0.021225 -0.029081 -0.587288 0.808577
1778755051.334041 -2.827362 -29.800030 0.312248 0.016015 -0.022888 -0.594954 0.803274
1778755051.385033 -2.821799 -29.831203 0.320449 0.018274 -0.007479 -0.596834 0.802122
1778755051.449111 -2.811297 -29.861465 0.318873 0.013008 -0.008360 -0.593555 0.804645
1778755051.496119 -2.801118 -29.892342 0.321016 0.007693 -0.010157 -0.590717 0.806778
1778755051.550445 -2.788890 -29.925930 0.320148 -0.003798 -0.008200 -0.591100 0.806548
1778755051.600703 -2.781048 -29.957104 0.312663 -0.006602 -0.010910 -0.590387 0.807020
1778755051.655579 -2.770347 -29.980125 0.313748 -0.000264 -0.000317 -0.585232 0.810866
1778755051.712463 -2.759033 -30.009483 0.304066 0.002812 0.012651 -0.583799 0.811795
1778755051.763582 -2.748716 -30.036015 0.294089 0.011658 0.011797 -0.587253 0.809234
1778755051.817231 -2.738637 -30.058500 0.311204 0.011192 0.002930 -0.595248 0.803459
1778755051.872798 -2.726710 -30.085943 0.283006 -0.016647 0.016406 -0.606000 0.795122
1778755051.926234 -2.725408 -30.114500 0.257713 -0.021723 0.003779 -0.613600 0.789309
1778755051.999944 -2.716003 -30.134247 0.269339 -0.031858 -0.000782 -0.625008 0.779968
1778755052.028196 -2.711478 -30.156693 0.275116 -0.040587 -0.031061 -0.628704 0.775964
1778755052.084347 -2.706028 -30.180313 0.293098 -0.047883 -0.053566 -0.627405 0.775372
1778755052.134554 -2.702664 -30.208256 0.302474 -0.040785 -0.065460 -0.627240 0.774998
1778755052.192848 -2.692080 -30.238708 0.328331 -0.027440 -0.068390 -0.630372 0.772788
1778755052.240268 -2.686481 -30.263830 0.315824 -0.028063 -0.072996 -0.632084 0.770944
1778755052.293066 -2.681030 -30.292496 0.286836 -0.011353 -0.081158 -0.632921 0.769867
1778755052.349076 -2.672812 -30.318243 0.284015 -0.009374 -0.086613 -0.636835 0.766062
1778755052.398387 -2.664374 -30.344700 0.281048 -0.001382 -0.089970 -0.637297 0.765347
1778755052.452544 -2.658535 -30.366871 0.285375 -0.008798 -0.085122 -0.634532 0.768145
1778755052.505814 -2.651799 -30.391302 0.292482 -0.011787 -0.085115 -0.624275 0.776465
1778755052.558782 -2.641891 -30.419178 0.300397 -0.027071 -0.061548 -0.613339 0.786953
1778755052.622716 -2.628102 -30.442743 0.309318 -0.025619 -0.030181 -0.596190 0.801867
1778755052.674503 -2.616526 -30.465832 0.313548 -0.026319 -0.017324 -0.571307 0.820132
1778755052.721487 -2.601836 -30.489370 0.316935 -0.034461 -0.006014 -0.543895 0.838424
1778755052.776197 -2.585545 -30.513506 0.317169 -0.042017 -0.000901 -0.515849 0.855648
1778755052.829077 -2.570082 -30.543049 0.314647 -0.026279 0.004869 -0.483280 0.875058
1778755052.879808 -2.555004 -30.558949 0.316194 -0.033854 0.018277 -0.447418 0.893497
1778755052.931013 -2.544160 -30.576448 0.316508 -0.032855 0.018191 -0.409301 0.911626
1778755052.985474 -2.527380 -30.589857 0.315320 -0.035775 0.023962 -0.370084 0.928000
1778755053.037220 -2.510771 -30.601175 0.311727 -0.039070 0.029315 -0.327138 0.943713
1778755053.092826 -2.496534 -30.610289 0.309140 -0.029560 0.019843 -0.284350 0.958059
1778755053.145859 -2.489291 -30.617008 0.310096 -0.031214 0.019447 -0.243058 0.969314
1778755053.197104 -2.486800 -30.620525 0.312856 -0.028892 0.020263 -0.198139 0.979538
1778755053.254281 -2.479363 -30.623394 0.314504 -0.037288 0.024662 -0.150220 0.987641
1778755053.313130 -2.479841 -30.628763 0.314435 -0.039737 0.026034 -0.109257 0.992878
1778755053.372339 -2.483891 -30.629084 0.314150 -0.036901 0.026823 -0.077884 0.995918
1778755053.413055 -2.489120 -30.624689 0.316279 -0.041678 0.033924 -0.051557 0.997223
1778755053.465767 -2.495045 -30.627285 0.314077 -0.037515 0.041158 -0.027427 0.998071
1778755053.527612 -2.506031 -30.627096 0.309990 -0.042029 0.046406 -0.000608 0.998038
1778755053.572989 -2.520023 -30.630520 0.303926 -0.030125 0.040495 0.030376 0.998264
1778755053.625204 -2.527473 -30.632261 0.305548 -0.037263 0.037238 0.058453 0.996899
1778755053.682793 -2.534099 -30.639944 0.312225 -0.028064 0.047610 0.078811 0.995357
1778755053.728773 -2.543009 -30.643866 0.315584 -0.020961 0.058777 0.097525 0.993275
1778755053.792078 -2.552069 -30.646961 0.319425 -0.019779 0.058717 0.114358 0.991506
1778755053.831640 -2.557685 -30.650026 0.323290 -0.017127 0.059994 0.133601 0.989069
1778755053.884499 -2.562727 -30.651114 0.324605 -0.019988 0.056750 0.152646 0.986448
1778755053.940538 -2.569373 -30.653250 0.328433 -0.027400 0.061662 0.174644 0.982317
1778755053.993758 -2.579310 -30.657454 0.328064 -0.037608 0.057980 0.191619 0.979033
1778755054.045048 -2.589334 -30.663725 0.324567 -0.051085 0.061548 0.211701 0.974056
1778755054.096923 -2.614967 -30.673941 0.281910 -0.050576 0.060540 0.224782 0.971211
1778755054.161847 -2.642107 -30.721313 0.256462 -0.026974 0.053844 0.233917 0.970390
1778755054.211402 -2.641527 -30.719210 0.284894 -0.035420 0.075879 0.244215 0.966099
1778755054.281742 -2.640826 -30.723791 0.309753 -0.030440 0.087710 0.246777 0.964615
1778755054.320760 -2.641102 -30.736198 0.317456 -0.013546 0.089714 0.250056 0.963971
1778755054.372217 -2.644958 -30.746609 0.272805 -0.019209 0.074204 0.251358 0.964854
1778755054.426264 -2.656572 -30.768902 0.299868 -0.017136 0.065565 0.249558 0.965986
1778755054.477695 -2.670536 -30.779907 0.292917 -0.017794 0.077558 0.248116 0.965457
1778755054.530066 -2.682862 -30.785538 0.280802 -0.020697 0.106473 0.242890 0.963971
1778755054.583721 -2.697964 -30.794830 0.284048 -0.008522 0.127907 0.237679 0.962848
1778755054.643015 -2.717652 -30.802330 0.309702 -0.003408 0.138532 0.234227 0.962255
1778755054.695865 -2.755081 -30.810045 0.353339 -0.019967 0.118516 0.238387 0.963705
1778755054.747748 -2.780807 -30.807503 0.278360 -0.050704 0.125517 0.241706 0.960860
1778755054.801545 -2.806962 -30.808161 0.293415 -0.039261 0.123814 0.228494 0.964842
1778755054.854187 -2.833497 -30.810472 0.348906 -0.052835 0.128624 0.214119 0.966860
1778755054.908820 -2.865215 -30.820599 0.371999 -0.050527 0.129137 0.197919 0.970360
1778755054.964185 -2.893031 -30.828474 0.335594 -0.025333 0.156731 0.182348 0.970331
1778755055.015472 -2.915478 -30.837721 0.308316 -0.018297 0.174005 0.169347 0.969902
1778755055.068398 -2.930368 -30.844793 0.272495 -0.019415 0.195499 0.160462 0.967293
1778755055.117836 -2.950505 -30.852497 0.256966 -0.019069 0.201401 0.153926 0.967151
1778755055.184604 -2.968030 -30.854586 0.259044 -0.024364 0.197923 0.149170 0.968494
1778755055.224947 -2.989077 -30.854361 0.268897 -0.033652 0.197804 0.143740 0.969061
1778755055.279957 -3.021614 -30.846912 0.314839 -0.049365 0.191338 0.139067 0.970368
1778755055.342367 -3.052220 -30.856674 0.279600 -0.034258 0.155617 0.130866 0.978511
1778755055.384766 -3.071973 -30.845919 0.239542 -0.053383 0.145006 0.126687 0.979834
1778755055.438181 -3.095673 -30.850189 0.311111 -0.055470 0.155538 0.123560 0.978501
1778755055.492985 -3.121994 -30.854328 0.368801 -0.054711 0.168463 0.121226 0.976694
1778755055.545048 -3.148987 -30.863876 0.372257 -0.049449 0.176725 0.119389 0.975740
1778755055.596724 -3.183506 -30.880756 0.414651 -0.030589 0.179558 0.114002 0.976641
1778755055.649839 -3.215918 -30.891008 0.291135 -0.020960 0.167325 0.109741 0.979551
1778755055.703488 -3.242225 -30.903933 0.268141 -0.019367 0.174665 0.108347 0.978457
1778755055.756303 -3.267493 -30.914774 0.264134 -0.014171 0.172556 0.105402 0.979242
1778755055.808824 -3.295262 -30.921864 0.272004 -0.012992 0.173785 0.109724 0.978566
1778755055.877863 -3.327932 -30.922874 0.303046 -0.040797 0.172692 0.129356 0.975592
1778755055.913913 -3.353348 -30.926775 0.259145 -0.053440 0.179193 0.151995 0.970532
1778755055.978483 -3.382900 -30.931456 0.296639 -0.037467 0.162830 0.168222 0.971485
1778755056.019271 -3.405655 -30.929028 0.357416 -0.043921 0.163669 0.182830 0.968430
1778755056.070299 -3.434197 -30.936087 0.404692 -0.041023 0.166941 0.198129 0.964983
1778755056.128332 -3.467595 -30.948742 0.410443 -0.036029 0.169070 0.209984 0.962302
1778755056.177701 -3.510445 -30.971079 0.430337 -0.032585 0.168531 0.217115 0.960935
1778755056.234651 -3.526541 -31.019289 0.346811 -0.010253 0.192575 0.228054 0.954359
1778755056.288741 -3.548273 -31.033867 0.276951 0.002013 0.187452 0.237852 0.953039
1778755056.341827 -3.560843 -31.045631 0.293247 0.009966 0.193614 0.237286 0.951898
1778755056.396155 -3.579033 -31.051754 0.328096 0.009915 0.197748 0.234685 0.951694
1778755056.448439 -3.602137 -31.065958 0.347316 0.003792 0.192068 0.239302 0.951751
1778755056.504920 -3.623786 -31.084030 0.383075 0.022806 0.196444 0.240483 0.950294
1778755056.553755 -3.647301 -31.091066 0.305386 0.021918 0.199440 0.248076 0.947735
1778755056.606365 -3.663381 -31.098330 0.258017 0.019280 0.201900 0.265729 0.942472
1778755056.660642 -3.675500 -31.106936 0.287283 0.007187 0.206107 0.288843 0.934900
1778755056.715670 -3.690099 -31.122616 0.302091 0.002505 0.216028 0.307444 0.926717
1778755056.774200 -3.701353 -31.142483 0.264232 0.001070 0.232488 0.320992 0.918103
1778755056.824878 -3.711609 -31.165281 0.312046 -0.005802 0.228206 0.339880 0.912343
1778755056.878218 -3.729593 -31.186346 0.352756 -0.019720 0.207889 0.356460 0.910675
1778755056.933568 -3.752243 -31.204626 0.292542 -0.038167 0.181949 0.371154 0.909770
1778755056.983762 -3.772217 -31.226639 0.336759 -0.060879 0.136138 0.384851 0.910851
1778755057.038982 -3.790520 -31.249256 0.319854 -0.063667 0.142865 0.389993 0.907437
1778755057.107133 -3.817582 -31.268717 0.336097 -0.072109 0.142897 0.394852 0.904695
1778755057.161223 -3.837798 -31.295347 0.306074 -0.038834 0.131410 0.394089 0.908800
1778755057.208832 -3.852140 -31.309536 0.265499 -0.015338 0.109360 0.393786 0.912545
1778755057.251331 -3.857949 -31.329538 0.256478 -0.003724 0.125864 0.393370 0.910716
1778755057.309005 -3.866225 -31.346508 0.258824 0.001052 0.133572 0.395046 0.908899
1778755057.359827 -3.874749 -31.366381 0.271248 -0.008158 0.126566 0.401986 0.906820
1778755057.423211 -3.885806 -31.382864 0.286256 -0.006589 0.121383 0.405779 0.905851
1778755057.467499 -3.899396 -31.399139 0.296013 -0.005773 0.117495 0.408124 0.905316
1778755057.519497 -3.915000 -31.414558 0.300626 -0.006370 0.109273 0.410502 0.905266
1778755057.574929 -3.932972 -31.431982 0.305019 -0.007356 0.098652 0.413061 0.905315
1778755057.624891 -3.955010 -31.452318 0.308070 -0.009142 0.076770 0.414910 0.906572
1778755057.682623 -3.975457 -31.475113 0.307453 0.005450 0.066050 0.415196 0.907315
1778755057.734393 -3.995012 -31.489326 0.309823 -0.001776 0.064904 0.414842 0.907574
1778755057.789761 -4.015411 -31.508966 0.311730 -0.016364 0.063399 0.413211 0.908278
1778755057.844475 -4.035070 -31.527761 0.311300 -0.012897 0.046215 0.404319 0.913359
1778755057.895141 -4.049700 -31.544310 0.312124 -0.023430 0.041531 0.388881 0.920053
1778755057.966058 -4.065028 -31.559479 0.313072 -0.018257 0.048159 0.371468 0.927016
1778755058.002925 -4.084887 -31.577930 0.313187 -0.016393 0.050103 0.355858 0.933052
1778755058.055331 -4.106754 -31.595795 0.310548 -0.020435 0.043552 0.342546 0.938268
1778755058.108315 -4.126822 -31.613388 0.312091 -0.013970 0.037576 0.333531 0.941886
1778755058.161543 -4.147358 -31.624367 0.314366 -0.017830 0.039375 0.324314 0.944962
1778755058.215258 -4.169141 -31.636568 0.315090 -0.022521 0.042189 0.315460 0.947733
1778755058.268515 -4.196005 -31.653618 0.312971 -0.019308 0.044133 0.307779 0.950238
1778755058.322123 -4.218430 -31.662823 0.312852 -0.026610 0.030620 0.298250 0.953625
1778755058.374599 -4.234121 -31.674961 0.313942 -0.021203 0.033077 0.284987 0.957726
1778755058.429860 -4.253878 -31.685009 0.313363 -0.019097 0.033590 0.266351 0.963101
1778755058.487975 -4.272371 -31.692486 0.311023 -0.022391 0.027289 0.243303 0.969308
1778755058.534200 -4.288966 -31.699209 0.307656 -0.020487 0.027694 0.214829 0.976044
1778755058.589824 -4.300562 -31.702671 0.310984 -0.023664 0.024103 0.187806 0.981625
1778755058.640421 -4.307230 -31.702606 0.315518 -0.025814 0.025039 0.158820 0.986652
1778755058.700699 -4.313335 -31.702703 0.317522 -0.023785 0.023581 0.127902 0.991221
1778755058.751022 -4.320123 -31.701653 0.319074 -0.020520 0.020321 0.090997 0.995432
1778755058.798172 -4.326024 -31.698992 0.318485 -0.017911 0.016850 0.048539 0.998519
1778755058.856803 -4.330928 -31.693609 0.318306 -0.026075 0.014444 0.000892 0.999555
1778755058.911458 -4.333747 -31.687969 0.316607 -0.032681 0.008811 -0.058114 0.997736
1778755058.964836 -4.334268 -31.682474 0.314634 -0.035219 0.005994 -0.123365 0.991718
1778755059.015011 -4.333191 -31.674128 0.311222 -0.037151 0.002903 -0.193006 0.980490
1778755059.066815 -4.332624 -31.668196 0.312023 -0.028531 0.005961 -0.261273 0.964825
1778755059.564289 -4.329199 -31.668264 0.315572 -0.013200 0.015349 -0.326705 0.944910
1778755059.567021 -4.328082 -31.671106 0.307128 -0.007849 0.024887 -0.399525 0.916351
1778755059.568318 -4.328082 -31.671106 0.307128 -0.007849 0.024887 -0.399525 0.916351
1778755059.597841 -4.321712 -31.661907 0.307641 -0.003211 0.013202 -0.471829 0.881585
1778755059.602388 -4.317247 -31.659651 0.314248 -0.007434 0.008454 -0.538574 0.842503
1778755059.610059 -4.309698 -31.655319 0.314879 -0.012353 0.006802 -0.605159 0.795979
1778755059.635616 -4.309197 -31.650753 0.313022 -0.011980 0.012758 -0.654138 0.756172
1778755059.639021 -4.307458 -31.649734 0.309749 -0.012316 0.015654 -0.693354 0.720322
1778755059.642156 -4.307458 -31.649734 0.309749 -0.012316 0.015654 -0.693354 0.720322
1778755059.670033 -4.306682 -31.650158 0.307004 -0.011953 0.018523 -0.726977 0.686308
1778755059.675671 -4.305941 -31.650324 0.303355 -0.013422 0.021670 -0.753339 0.657138
1778755059.711026 -4.307174 -31.651995 0.310017 -0.013619 0.016637 -0.791779 0.610430
1778755059.726425 -4.306294 -31.654501 0.314281 -0.009040 0.011190 -0.820776 0.571069
1778755059.784793 -4.304584 -31.658047 0.315895 -0.011739 0.017195 -0.852300 0.522639
1778755059.820081 -4.305107 -31.659170 0.315208 -0.012136 0.017317 -0.885271 0.464594
1778755059.871729 -4.300419 -31.662273 0.313004 -0.017964 0.017515 -0.916974 0.398158
1778755059.928886 -4.297773 -31.663858 0.311437 -0.016139 0.025827 -0.939389 0.341499
1778755059.977895 -4.300464 -31.663422 0.308031 -0.003334 0.019307 -0.955948 0.292881
1778755060.033027 -4.304834 -31.665079 0.304069 0.009284 0.016938 -0.967997 0.250216
1778755060.085168 -4.312649 -31.668329 0.299147 0.011326 0.018586 -0.976810 0.213000
1778755060.137644 -4.325479 -31.675222 0.303132 0.019208 0.010546 -0.981855 0.188362
1778755060.190985 -4.342998 -31.682171 0.307557 0.014384 0.001928 -0.986298 0.164335
1778755060.251257 -4.363966 -31.688938 0.310093 0.010823 -0.005496 -0.990018 0.140419
1778755060.297210 -4.391904 -31.695538 0.311395 0.008811 -0.004202 -0.992808 0.119321
1778755060.351725 -4.427548 -31.699688 0.313336 0.006622 0.001462 -0.994392 0.105543
1778755060.404494 -4.456882 -31.710552 0.312835 0.005910 0.006425 -0.995927 0.089744
1778755060.461529 -4.494324 -31.715355 0.313408 0.002712 0.007253 -0.996916 0.078089
1778755060.523166 -4.546387 -31.724249 0.311481 -0.007977 0.007244 -0.997511 0.069682
1778755060.577233 -4.593807 -31.730486 0.312624 -0.011683 0.002805 -0.997890 0.063810
1778755060.624650 -4.639462 -31.738184 0.307244 0.004745 0.002854 -0.998129 0.060888
1778755060.679307 -4.690727 -31.742052 0.308937 0.007270 -0.009135 -0.998308 0.056959
1778755060.728492 -4.736925 -31.747192 0.314158 -0.000017 -0.004164 -0.998762 0.049568
1778755060.779962 -4.794360 -31.749468 0.316666 -0.006471 0.001143 -0.999017 0.043852
1778755060.840735 -4.823280 -31.764194 0.311836 0.029207 0.025100 -0.998450 0.040193
1778755060.895346 -4.849316 -31.783318 0.298788 0.097302 0.064839 -0.992198 0.043269
1778755060.944788 -4.891731 -31.778046 0.286319 0.121715 0.042376 -0.990467 0.048641
1778755060.996393 -4.932618 -31.769022 0.298863 0.140870 0.022338 -0.988191 0.055996
1778755061.047392 -4.953758 -31.770868 0.315755 0.108700 0.043654 -0.990938 0.065728
1778755061.102410 -5.001432 -31.791901 0.313706 0.089566 0.046097 -0.992691 0.066474
1778755061.155164 -5.065587 -31.813543 0.309839 0.120684 0.028447 -0.990349 0.061933
1778755061.209466 -5.098757 -31.833221 0.286689 0.166268 0.039536 -0.982839 0.069423
1778755061.260566 -5.087797 -31.816431 0.263491 0.168667 0.021831 -0.981851 0.083931
1778755061.321908 -5.134963 -31.832436 0.292591 0.171157 0.010603 -0.979619 0.104596
1778755061.368505 -5.165339 -31.849873 0.290119 0.153533 -0.010496 -0.979459 0.130298
1778755061.417588 -5.183445 -31.851845 0.284601 0.154057 0.015590 -0.977050 0.146274
1778755061.474707 -5.177467 -31.844179 0.282997 0.202599 0.027629 -0.965291 0.162493
1778755061.521262 -5.213995 -31.877178 0.309332 0.213823 0.056594 -0.951255 0.214921
1778755061.589446 -5.235147 -31.903433 0.332281 0.182387 0.057253 -0.946114 0.261392
1778755061.628103 -5.272546 -31.926125 0.342195 0.153695 0.050570 -0.939061 0.303290
1778755061.684178 -5.307125 -31.956526 0.343225 0.154308 0.081661 -0.925155 0.337059
1778755061.742954 -5.344797 -31.972218 0.285454 0.175966 0.078764 -0.907011 0.374384
1778755061.789556 -5.367258 -31.957470 0.272611 0.205612 0.096169 -0.882181 0.412591
1778755061.850264 -5.376531 -31.953377 0.314906 0.179722 0.093508 -0.871669 0.446262
1778755061.894068 -5.391858 -31.968714 0.306910 0.130227 0.080587 -0.864125 0.479411
1778755061.947185 -5.402389 -31.983562 0.290298 0.097250 0.076571 -0.855117 0.503442
1778755062.006342 -5.413781 -32.012421 0.292262 0.114426 0.082709 -0.844818 0.516089
1778755062.060052 -5.418383 -32.037823 0.295597 0.136395 0.084471 -0.836243 0.524365
1778755062.121804 -5.422038 -32.061253 0.328257 0.146455 0.082456 -0.835857 0.522586
1778755062.172560 -5.428022 -32.081974 0.332064 0.140308 0.079986 -0.840502 0.517177
1778755062.226082 -5.444153 -32.106701 0.331115 0.130938 0.075176 -0.846816 0.510007
1778755062.279657 -5.461630 -32.127911 0.322937 0.127845 0.062805 -0.856131 0.496741
1778755062.337478 -5.472547 -32.135578 0.268288 0.144899 0.061686 -0.864953 0.476504
1778755062.382452 -5.480444 -32.115841 0.256645 0.179241 0.075035 -0.868689 0.455655
1778755062.437228 -5.499346 -32.120705 0.297525 0.176145 0.074781 -0.872333 0.449907
1778755062.490515 -5.524683 -32.141907 0.337348 0.171998 0.076720 -0.875357 0.445287
1778755062.546504 -5.534700 -32.160255 0.291904 0.151497 0.094496 -0.882912 0.434264
1778755062.597066 -5.556926 -32.172073 0.287891 0.155382 0.091775 -0.891810 0.414860
1778755062.651052 -5.574330 -32.185719 0.288757 0.157324 0.091382 -0.901438 0.392821
1778755062.703062 -5.593164 -32.205448 0.315037 0.153860 0.092485 -0.912520 0.367533
1778755062.768761 -5.610880 -32.215561 0.292329 0.160844 0.099591 -0.924666 0.330461
1778755062.817116 -5.628243 -32.228046 0.299846 0.151836 0.110258 -0.939221 0.287496
1778755062.866005 -5.659014 -32.227386 0.247869 0.139152 0.087146 -0.955523 0.244988
1778755062.920928 -5.627565 -32.202480 0.260508 0.113976 0.072452 -0.968928 0.207219
1778755062.976973 -5.662799 -32.206600 0.270444 0.086156 0.027563 -0.980438 0.174814
1778755063.028579 -5.696231 -32.215706 0.287720 0.074311 0.034598 -0.984776 0.153290
1778755063.086836 -5.739086 -32.214363 0.296614 0.058305 0.005452 -0.990366 0.125480
1778755063.143957 -5.779761 -32.213657 0.297415 0.014788 -0.031521 -0.994916 0.094493
1778755063.190637 -5.810423 -32.227421 0.303976 0.005521 0.013560 -0.998812 0.046477
1778755063.244700 -5.852607 -32.223682 0.308093 -0.010711 0.021251 -0.999703 -0.005296
1778755063.300295 -5.904855 -32.216354 0.305754 -0.021179 0.017424 -0.997369 -0.067113
1778755063.350275 -5.894531 -32.204693 0.306318 0.014904 -0.050351 -0.991342 -0.120354
1778755063.412542 -5.940793 -32.166626 0.294902 0.066530 -0.142394 -0.970662 -0.181969
1778755063.459457 -5.968928 -32.128033 0.303423 0.109430 -0.171103 -0.949275 -0.240055
1778755063.511305 -6.038938 -32.096401 0.270040 0.175468 -0.154406 -0.928792 -0.287604
1778755063.564447 -6.067143 -32.045658 0.241546 0.215895 -0.186331 -0.880086 -0.379631
1778755063.617281 -6.119566 -32.047054 0.278601 0.218894 -0.131069 -0.849047 -0.462630
1778755063.691176 -6.154099 -32.055576 0.282772 0.165496 -0.073417 -0.822471 -0.539224
1778755063.723639 -6.195487 -32.013309 0.277558 0.143954 -0.096141 -0.789276 -0.589133
1778755063.780831 -6.224732 -31.974689 0.281078 0.143815 -0.077717 -0.755491 -0.634437
1778755063.830423 -6.250760 -31.957916 0.294871 0.106166 -0.031042 -0.717358 -0.687868
1778755063.886005 -6.271431 -31.951967 0.282409 0.051283 0.031539 -0.673346 -0.736872
1778755063.943654 -6.242574 -31.973120 0.281696 -0.010945 0.078549 -0.624071 -0.777333
1778755063.994527 -6.247736 -31.942337 0.312096 -0.054314 0.017546 -0.601377 -0.796924
1778755064.046005 -6.247001 -31.921207 0.327631 -0.084181 -0.029294 -0.569069 -0.817445
1778755064.100185 -6.229827 -31.887283 0.339395 -0.104838 -0.036141 -0.517994 -0.848166
1778755064.154290 -6.153135 -31.829021 0.309072 -0.120467 -0.045106 -0.465605 -0.875594
1778755064.207375 -6.146138 -31.800982 0.309477 -0.088960 -0.084382 -0.418357 -0.899968
1778755064.256223 -6.166031 -31.796833 0.270987 -0.086802 -0.080864 -0.367907 -0.922264
1778755064.321686 -6.155613 -31.799009 0.274528 -0.097703 -0.068681 -0.309238 -0.943456
1778755064.369018 -6.135977 -31.772528 0.287329 -0.082784 -0.045908 -0.266805 -0.959090
1778755064.413977 -6.104680 -31.743938 0.300988 -0.085161 -0.077212 -0.242139 -0.963408
1778755064.480559 -6.081351 -31.716602 0.279727 -0.061712 -0.078392 -0.218141 -0.970804
1778755064.523950 -6.045988 -31.704588 0.279238 -0.067247 -0.065431 -0.205731 -0.974100
1778755064.587742 -6.031075 -31.689796 0.281103 -0.060199 -0.036597 -0.200932 -0.977069
1778755064.630285 -5.994358 -31.666517 0.294650 -0.041613 -0.032045 -0.200432 -0.978299
1778755064.684002 -5.954651 -31.650091 0.294443 -0.038580 -0.029244 -0.214096 -0.975612
1778755064.737763 -5.923516 -31.637831 0.293341 -0.014877 -0.016395 -0.226983 -0.973647
1778755064.792779 -5.899453 -31.627876 0.299405 -0.021428 -0.016729 -0.238036 -0.970876
1778755064.840758 -5.874528 -31.611382 0.305180 -0.012708 -0.013521 -0.245363 -0.969254
1778755064.896041 -5.846768 -31.592566 0.308040 -0.000453 -0.006852 -0.251366 -0.967868
1778755064.955631 -5.816573 -31.575455 0.307747 0.002115 -0.004798 -0.257916 -0.966153
1778755065.002070 -5.793918 -31.559481 0.307066 0.012593 0.005643 -0.260745 -0.965309
1778755065.056478 -5.768855 -31.541063 0.311012 0.015780 0.004352 -0.266641 -0.963657
1778755065.107301 -5.746657 -31.526165 0.312064 0.016351 0.002153 -0.272023 -0.962150
1778755065.166377 -5.718627 -31.505945 0.310929 0.019780 0.003790 -0.277072 -0.960638
1778755065.226702 -5.691500 -31.487091 0.308893 0.016317 0.006142 -0.281200 -0.959491
1778755065.270717 -5.661368 -31.467735 0.305403 0.012777 0.002343 -0.285632 -0.958251
1778755065.324402 -5.637970 -31.449690 0.306274 0.013771 0.000856 -0.290425 -0.956798
1778755065.377198 -5.615406 -31.436737 0.308809 0.005660 0.006067 -0.292094 -0.956354
1778755065.430849 -5.593300 -31.420525 0.309421 0.005010 0.008030 -0.290526 -0.956820
1778755065.508883 -5.567991 -31.403646 0.308498 0.004133 0.013804 -0.288057 -0.957505
1778755065.537629 -5.541394 -31.384798 0.307037 0.008055 0.015127 -0.281972 -0.959270
1778755065.605695 -5.516832 -31.367311 0.306896 0.008987 0.013956 -0.271763 -0.962221
1778755065.647081 -5.495892 -31.351065 0.311300 0.011130 0.011869 -0.266277 -0.963759
1778755065.703485 -5.474874 -31.336998 0.312714 0.008005 0.008749 -0.261790 -0.965052
1778755065.750690 -5.451563 -31.321547 0.312333 0.007908 0.007142 -0.257714 -0.966163
1778755065.803306 -5.424955 -31.303915 0.310424 0.006929 0.008409 -0.255731 -0.966687
1778755065.856489 -5.398463 -31.288443 0.308305 0.003471 0.007234 -0.254730 -0.966979
1778755065.911072 -5.374187 -31.271904 0.305364 0.008628 0.006013 -0.252572 -0.967521
1778755065.960576 -5.346517 -31.260000 0.305716 0.003101 0.007603 -0.250358 -0.968119
1778755066.013515 -5.324855 -31.248434 0.309359 -0.001910 0.010357 -0.247412 -0.968853
1778755066.067898 -5.302550 -31.233955 0.309586 -0.001362 0.009277 -0.244173 -0.969686
1778755066.137065 -5.278505 -31.219790 0.308698 0.002387 0.012201 -0.241807 -0.970245
1778755066.169254 -5.251359 -31.204052 0.307172 0.006556 0.011703 -0.240852 -0.970469
1778755066.227362 -5.225139 -31.189716 0.307674 0.010779 0.013263 -0.236773 -0.971415
1778755066.280746 -5.203563 -31.176525 0.310510 0.014456 0.015499 -0.229547 -0.973067
1778755066.337665 -5.183044 -31.163910 0.312776 0.010705 0.009987 -0.218525 -0.975722
1778755066.384870 -5.159412 -31.151573 0.311837 0.011016 0.009808 -0.206729 -0.978287
1778755066.437503 -5.135254 -31.138176 0.309354 0.009502 0.011380 -0.198298 -0.980030
1778755066.490698 -5.107484 -31.124542 0.307285 0.006084 0.013270 -0.191475 -0.981389
1778755066.553352 -5.078655 -31.112400 0.306086 0.002028 0.012380 -0.186729 -0.982331
1778755066.600642 -5.049619 -31.101494 0.304068 0.005614 0.004028 -0.183854 -0.982929
1778755066.657180 -5.024080 -31.093519 0.307474 0.000015 0.007707 -0.182993 -0.983084
1778755066.710252 -5.000437 -31.086079 0.307894 -0.006933 0.010623 -0.188065 -0.982075
1778755066.765254 -4.976491 -31.076567 0.306700 -0.006475 0.014031 -0.199789 -0.979717
1778755066.867282 -4.949601 -31.066515 0.303852 -0.012139 0.020167 -0.213249 -0.976714
1778755066.869580 -4.923621 -31.051626 0.303841 0.001566 0.016703 -0.221486 -0.975019
1778755066.927287 -4.898467 -31.036598 0.308208 0.001879 0.008154 -0.229102 -0.973367
1778755066.977241 -4.877952 -31.022505 0.310580 0.000899 0.012097 -0.240715 -0.970520
1778755067.031127 -4.857831 -31.008471 0.313560 0.002208 0.012651 -0.250929 -0.967920
1778755067.085596 -4.834959 -30.992828 0.313158 0.003225 0.019252 -0.259118 -0.965648
1778755067.141427 -4.808188 -30.973370 0.310778 0.004241 0.025704 -0.265841 -0.963665
1778755067.189489 -4.779858 -30.956476 0.307572 0.000122 0.019656 -0.272871 -0.961850
1778755067.243802 -4.754583 -30.940552 0.305712 0.002825 0.010532 -0.280218 -0.959874
1778755067.305966 -4.731129 -30.926891 0.310200 -0.001093 0.011196 -0.286420 -0.958038
1778755067.351467 -4.710960 -30.913641 0.311264 -0.003533 0.012622 -0.288092 -0.957513
1778755067.403484 -4.687736 -30.898540 0.309843 -0.002666 0.015572 -0.290210 -0.956833
1778755067.461140 -4.660161 -30.880533 0.307492 -0.002587 0.017938 -0.299916 -0.953794
1778755067.514259 -4.635871 -30.861080 0.307987 0.011138 0.008374 -0.311935 -0.950001
1778755067.568025 -4.614986 -30.842892 0.310417 0.012464 0.007496 -0.322423 -0.946484
1778755067.623240 -4.596915 -30.824892 0.314195 0.011994 0.009273 -0.334733 -0.942191
1778755067.675308 -4.577014 -30.805437 0.315104 0.011683 0.013528 -0.344761 -0.938520
1778755067.736745 -4.555322 -30.782024 0.313202 0.009884 0.018932 -0.352084 -0.935725
1778755067.778464 -4.531806 -30.757822 0.309599 0.006881 0.018709 -0.355049 -0.934635
1778755067.837526 -4.509047 -30.736376 0.303856 0.005052 0.008443 -0.351193 -0.936252
1778755067.891608 -4.488154 -30.718069 0.309711 0.011384 0.012703 -0.341320 -0.939793
1778755067.964548 -4.466557 -30.702433 0.312036 0.001605 0.012641 -0.328668 -0.944360
1778755067.998246 -4.446033 -30.686365 0.313611 0.003063 0.014982 -0.316602 -0.948435
1778755068.052779 -4.419826 -30.666210 0.312356 0.006929 0.018217 -0.307304 -0.951412
1778755068.103548 -4.396510 -30.645994 0.309068 0.009820 0.017065 -0.300605 -0.953546
1778755068.158796 -4.375921 -30.628771 0.313510 0.011532 0.012004 -0.292885 -0.956003
1778755068.210562 -4.354626 -30.613628 0.315757 0.009031 0.005977 -0.287925 -0.957592
1778755068.265499 -4.331241 -30.596968 0.315164 0.007410 0.003885 -0.283437 -0.958955
1778755068.317119 -4.304894 -30.579155 0.313078 0.006126 0.001909 -0.281053 -0.959671
1778755068.370213 -4.276644 -30.562813 0.309656 -0.001183 -0.003588 -0.280183 -0.959939
1778755068.420882 -4.250933 -30.544628 0.306779 0.005980 0.001374 -0.278329 -0.960466
1778755068.481232 -4.225530 -30.533756 0.309079 -0.002947 0.002185 -0.278478 -0.960436
1778755068.527116 -4.200468 -30.519285 0.312476 -0.011812 0.006041 -0.276731 -0.960856
1778755068.583755 -4.171483 -30.502945 0.313664 -0.013589 0.010949 -0.272966 -0.961866
1778755068.633937 -4.135105 -30.485029 0.313674 -0.016041 0.019777 -0.271595 -0.962075
1778755068.686808 -4.102022 -30.463207 0.313647 0.013156 0.006592 -0.265747 -0.963930
1778755068.740063 -4.070178 -30.443916 0.316868 0.006028 -0.003628 -0.256129 -0.966617
1778755068.816454 -4.032605 -30.421593 0.319346 0.008266 0.004467 -0.239832 -0.970769
1778755068.858050 -3.994269 -30.396132 0.318332 0.007540 0.021276 -0.223044 -0.974547
1778755068.901672 -3.947282 -30.370647 0.304748 -0.003738 0.032518 -0.208973 -0.977373
1778755068.957429 -3.898121 -30.351164 0.305566 -0.023887 -0.006963 -0.203581 -0.978742
1778755069.010249 -3.856257 -30.331633 0.314679 -0.016475 -0.008843 -0.191609 -0.981293
1778755069.062562 -3.810876 -30.312317 0.318556 -0.005909 -0.002071 -0.179400 -0.983756
1778755069.116221 -3.758498 -30.290083 0.307968 0.003594 -0.004672 -0.174279 -0.984679
1778755069.170012 -3.721846 -30.273907 0.311815 0.004667 -0.013319 -0.176980 -0.984113
1778755069.223921 -3.682611 -30.258480 0.315971 0.008758 -0.011603 -0.186078 -0.982428
1778755069.291829 -3.636890 -30.240295 0.317482 0.010715 -0.009102 -0.204477 -0.978770
1778755069.333871 -3.596524 -30.219776 0.307978 0.015263 -0.009694 -0.227028 -0.973720
1778755069.399894 -3.564080 -30.210005 0.308094 0.015101 -0.004444 -0.249400 -0.968273
1778755069.439622 -3.533419 -30.193216 0.314561 0.015908 -0.010605 -0.272393 -0.961996
1778755069.495521 -3.504457 -30.171041 0.314877 0.025256 -0.009206 -0.290235 -0.956578
1778755069.546561 -3.474361 -30.149136 0.311979 0.033414 -0.007055 -0.312543 -0.949290
1778755069.604759 -3.448644 -30.127077 0.310591 0.033625 0.002113 -0.339643 -0.939951
1778755069.662498 -3.429286 -30.108021 0.316522 0.035735 0.002851 -0.367280 -0.929419
1778755069.709989 -3.405494 -30.083275 0.318212 0.042801 0.007506 -0.399061 -0.915894
1778755069.763782 -3.381937 -30.054422 0.315643 0.041163 0.008865 -0.433121 -0.900352
1778755069.816782 -3.359846 -30.029827 0.311194 0.038298 0.002933 -0.467630 -0.883090
1778755069.869802 -3.340975 -30.006596 0.315079 0.029898 0.000997 -0.503916 -0.863234
1778755069.927568 -3.331711 -29.986046 0.315811 0.026426 0.007112 -0.537088 -0.843082
1778755069.981139 -3.321459 -29.958189 0.315229 0.023164 0.016415 -0.573904 -0.818430
1778755070.031525 -3.312970 -29.929827 0.313598 0.017681 0.023979 -0.607559 -0.793715
1778755070.083880 -3.307740 -29.899977 0.312279 0.026712 0.022027 -0.641909 -0.765999
1778755070.130682 -3.307634 -29.871901 0.318809 0.029158 0.026429 -0.676706 -0.735201
1778755070.186272 -3.312373 -29.841036 0.325942 0.046537 0.042667 -0.718444 -0.692713
1778755070.236398 -3.315165 -29.803688 0.323567 0.047728 0.047606 -0.765856 -0.639469
1778755070.294563 -3.320026 -29.773006 0.321460 0.057323 0.040112 -0.811784 -0.579751
1778755070.343288 -3.327338 -29.745029 0.325090 0.054421 0.044127 -0.850574 -0.521167
1778755070.398797 -3.343104 -29.718159 0.327941 0.049967 0.049276 -0.889096 -0.452309
1778755070.449468 -3.358801 -29.697340 0.321375 0.043370 0.051084 -0.922293 -0.380638
1778755070.502668 -3.385827 -29.675581 0.317842 0.056768 0.034692 -0.944781 -0.320878
1778755070.560007 -3.408683 -29.656002 0.315979 0.057684 0.024057 -0.962747 -0.263081
1778755070.613982 -3.445515 -29.637432 0.314421 0.058478 0.022117 -0.978810 -0.194995
1778755070.663257 -3.465955 -29.631519 0.317842 0.034977 0.003064 -0.991122 -0.128236
1778755070.716415 -3.489717 -29.607164 0.312459 0.006224 0.010552 -0.998634 -0.050803
1778755070.769581 -3.517587 -29.608782 0.313175 0.000911 0.011091 -0.999693 0.022148
1778755070.824378 -3.532196 -29.606548 0.313589 -0.012157 0.024044 -0.994865 0.097560
1778755070.878380 -3.534022 -29.623831 0.295239 -0.027224 0.025837 -0.983523 0.176847
1778755070.951839 -3.571954 -29.639750 0.310270 0.011243 0.061335 -0.969359 0.237604
1778755070.987024 -3.613533 -29.662998 0.312935 0.010908 0.056934 -0.951101 0.303393
1778755071.039458 -3.651315 -29.696894 0.324355 0.007279 0.041778 -0.927246 0.372043
1778755071.098140 -3.673061 -29.716625 0.313417 -0.020542 0.049828 -0.897174 0.438377
1778755071.155221 -3.707201 -29.745396 0.313379 -0.014894 0.043452 -0.866527 0.497012
1778755071.199317 -3.732183 -29.776814 0.309408 -0.029326 0.048986 -0.830900 0.553485
1778755071.252824 -3.736727 -29.794535 0.289444 -0.045465 0.048622 -0.792567 0.606141
1778755071.311272 -3.727491 -29.732241 0.301325 -0.019375 0.080563 -0.762323 0.641871
1778755071.363440 -3.750310 -29.774174 0.298120 0.005709 0.073672 -0.740813 0.667635
1778755071.416864 -3.760561 -29.813152 0.292703 0.003729 0.071218 -0.719728 0.690584
1778755071.476970 -3.764657 -29.844494 0.303788 -0.021860 0.063497 -0.700555 0.710432
1778755071.526796 -3.771616 -29.876606 0.300766 -0.029587 0.046511 -0.685074 0.726385
1778755071.577785 -3.771808 -29.905533 0.303102 -0.023170 0.058592 -0.667441 0.741993
1778755071.628132 -3.771222 -29.922976 0.297485 -0.017210 0.049765 -0.655566 0.753300
1778755071.680285 -3.769124 -29.938417 0.300341 -0.016052 0.043523 -0.644827 0.762920
1778755071.739284 -3.768199 -29.946777 0.303591 -0.016278 0.044181 -0.635842 0.770382
1778755071.785886 -3.769736 -29.950068 0.308595 -0.016174 0.042740 -0.627534 0.777247
1778755071.852046 -3.770813 -29.953493 0.309749 -0.014967 0.041846 -0.621226 0.782370
1778755071.893046 -3.770951 -29.957363 0.309669 -0.009511 0.036953 -0.616563 0.786381
1778755071.953554 -3.770251 -29.960430 0.309541 -0.008512 0.033694 -0.612340 0.789830
1778755072.001522 -3.770021 -29.963747 0.308480 -0.006990 0.030914 -0.608574 0.792864
1778755072.056612 -3.770358 -29.965633 0.307620 -0.006740 0.028602 -0.605864 0.795026
1778755072.107073 -3.770243 -29.966980 0.307439 -0.008356 0.025954 -0.603197 0.797126
1778755072.160053 -3.770452 -29.968248 0.307706 -0.009925 0.024988 -0.600923 0.798855
1778755072.218457 -3.770516 -29.968971 0.308290 -0.010243 0.024400 -0.599598 0.799864
1778755072.269596 -3.770688 -29.969473 0.308465 -0.010310 0.023608 -0.599033 0.800310
1778755072.322943 -3.770991 -29.969692 0.308511 -0.010070 0.023062 -0.598937 0.800401
1778755072.387561 -3.771247 -29.969791 0.308493 -0.009862 0.022694 -0.598900 0.800442
1778755072.427488 -3.771430 -29.969772 0.308487 -0.009745 0.022482 -0.598996 0.800377
1778755072.477047 -3.771509 -29.969696 0.308503 -0.009721 0.022378 -0.599065 0.800329
1778755072.530258 -3.771528 -29.969698 0.308496 -0.009701 0.022356 -0.599063 0.800331
1778755072.582683 -3.771595 -29.969717 0.308506 -0.009661 0.022270 -0.599215 0.800220
1778755072.649916 -3.771716 -29.969727 0.308506 -0.009561 0.022210 -0.599314 0.800148
1778755072.689755 -3.771843 -29.969669 0.308495 -0.009501 0.022095 -0.599405 0.800085
1778755072.743698 -3.771943 -29.969589 0.308511 -0.009417 0.021971 -0.599587 0.799953
1778755072.799879 -3.772098 -29.969683 0.308605 -0.009424 0.022055 -0.600099 0.799566
1778755072.853829 -3.773151 -29.970106 0.309797 -0.009419 0.021484 -0.605302 0.795650
1778755072.909508 -3.773867 -29.970865 0.311470 -0.010113 0.021213 -0.615186 0.788031
1778755072.959139 -3.774504 -29.971905 0.312906 -0.009816 0.020975 -0.628901 0.777140
1778755073.012066 -3.775333 -29.972582 0.314064 -0.009527 0.020220 -0.645316 0.763589
1778755073.068931 -3.776040 -29.972740 0.314944 -0.008835 0.019227 -0.664877 0.746653
1778755073.118086 -3.776268 -29.973196 0.315551 -0.008136 0.016744 -0.686837 0.726573
1778755073.183144 -3.777797 -29.975182 0.315466 -0.008824 0.014215 -0.710159 0.703843
1778755073.226928 -3.777856 -29.977312 0.314967 -0.012034 0.010844 -0.736171 0.676602
1778755073.284649 -3.778853 -29.984182 0.314733 -0.017566 0.016447 -0.763093 0.645840
1778755073.334027 -3.778985 -29.992111 0.316855 -0.012504 0.024121 -0.787109 0.616216
1778755073.389915 -3.781671 -30.000208 0.318550 -0.002951 0.025959 -0.814799 0.579154
1778755073.437829 -3.786735 -30.011488 0.317027 -0.001914 0.022092 -0.839715 0.542574
1778755073.492267 -3.792966 -30.025511 0.313103 -0.004669 0.018879 -0.859336 0.511042
1778755073.557841 -3.804230 -30.042942 0.308927 0.000482 0.014871 -0.876228 0.481668
1778755073.596115 -3.819872 -30.064096 0.306684 0.013468 0.025522 -0.884417 0.465804
1778755073.650073 -3.834441 -30.076162 0.309389 0.012354 0.013067 -0.892876 0.449943
1778755073.709216 -3.847959 -30.085537 0.311321 0.007802 -0.002392 -0.901770 0.432139
1778755073.752650 -3.863561 -30.099979 0.310394 0.001404 -0.007598 -0.906608 0.421904
1778755073.809337 -3.881314 -30.115969 0.306639 -0.002718 -0.005948 -0.907477 0.420051
1778755073.859485 -3.898070 -30.135256 0.306959 0.002452 0.009895 -0.905060 0.425162
1778755073.910801 -3.913794 -30.147934 0.307716 0.008125 0.002150 -0.898529 0.438834
1778755073.963026 -3.925006 -30.163815 0.311090 0.005005 0.006968 -0.889903 0.456070
1778755074.016302 -3.941137 -30.184526 0.314446 0.005925 0.012101 -0.878371 0.477789
1778755074.069752 -3.958301 -30.202379 0.311889 0.011036 0.012239 -0.863475 0.504122
1778755074.122275 -3.971091 -30.217901 0.310955 0.003368 0.021237 -0.846702 0.531634
1778755074.180217 -3.981265 -30.225586 0.313224 0.006065 0.020889 -0.828015 0.560284
1778755074.229822 -3.989072 -30.234005 0.314978 0.003496 0.030794 -0.806629 0.590245
1778755074.282048 -3.993464 -30.241896 0.313541 0.002228 0.037244 -0.782696 0.621285
1778755074.340995 -3.995911 -30.250553 0.309472 -0.000577 0.044876 -0.754861 0.654347
1778755074.390459 -3.997468 -30.255724 0.304746 0.002437 0.036781 -0.726868 0.685787
1778755074.444726 -3.997185 -30.261930 0.307827 0.001714 0.038958 -0.701993 0.711116
1778755075.111081 -3.998452 -30.264500 0.313594 -0.005345 0.040310 -0.670230 0.741039
1778755075.114509 -3.998342 -30.269720 0.317646 -0.012200 0.047592 -0.635111 0.770857
1778755075.149787 -3.997547 -30.277422 0.316958 -0.012543 0.045936 -0.598294 0.799861
1778755075.153249 -4.002179 -30.283224 0.313725 -0.008092 0.034243 -0.564823 0.824462
1778755075.160778 -4.002827 -30.286369 0.315753 -0.000763 0.022374 -0.539994 0.841371
1778755075.176337 -4.007195 -30.290384 0.315064 0.002835 0.018230 -0.495887 0.868191
1778755075.204025 -4.007404 -30.292463 0.313222 0.005889 0.015329 -0.477853 0.878286
1778755075.218395 -4.007380 -30.292850 0.311603 0.007190 0.014802 -0.463045 0.886182
1778755075.260412 -4.007567 -30.291870 0.309819 0.008164 0.013511 -0.451199 0.892284
1778755075.264058 -4.006660 -30.291706 0.308650 0.007513 0.013219 -0.442548 0.896616
1778755075.266056 -4.005997 -30.291691 0.308753 0.006091 0.012430 -0.436297 0.899696
1778755075.285071 -4.005263 -30.292025 0.309037 0.004668 0.012064 -0.431896 0.901831
1778755075.308714 -4.004544 -30.292454 0.309157 0.003886 0.011558 -0.427832 0.903776
1778755075.358655 -4.003788 -30.292791 0.308433 0.003694 0.011000 -0.423877 0.905646
1778755075.384120 -4.003261 -30.292822 0.308296 0.003120 0.010675 -0.421786 0.906627
1778755075.390543 -4.002806 -30.292786 0.308838 0.002961 0.010489 -0.420589 0.907186
1778755075.418116 -4.002466 -30.292673 0.309383 0.002765 0.010939 -0.420201 0.907361
1778755075.464881 -4.002340 -30.292658 0.309413 0.002621 0.011168 -0.419876 0.907509
1778755075.523152 -4.002272 -30.292645 0.309413 0.002608 0.011209 -0.420024 0.907440
1778755075.562392 -4.002265 -30.292616 0.309397 0.002541 0.011231 -0.420216 0.907351
1778755075.612823 -4.002285 -30.292601 0.309381 0.002458 0.011238 -0.420383 0.907274
1778755075.668930 -4.002283 -30.292593 0.309371 0.002370 0.011249 -0.420544 0.907199
1778755075.719702 -4.002250 -30.292599 0.309363 0.002322 0.011250 -0.420805 0.907078
1778755075.774032 -4.002239 -30.292622 0.309359 0.002306 0.011297 -0.421143 0.906921
1778755075.825453 -4.002249 -30.292589 0.309351 0.002253 0.011308 -0.421372 0.906815
1778755075.880350 -4.002252 -30.292528 0.309342 0.002198 0.011292 -0.421550 0.906732
1778755075.938141 -4.002217 -30.292482 0.309336 0.002278 0.011257 -0.421744 0.906642
1778755075.986587 -4.002196 -30.292446 0.309332 0.002298 0.011290 -0.421995 0.906525
1778755076.049841 -4.002203 -30.292440 0.309326 0.002267 0.011304 -0.422106 0.906473
1778755076.092201 -4.002221 -30.292393 0.309321 0.002200 0.011239 -0.422074 0.906489
1778755076.169813 -4.002233 -30.292395 0.309317 0.002234 0.011194 -0.422143 0.906457
1778755076.209669 -4.002203 -30.292389 0.309315 0.002182 0.011165 -0.422171 0.906445
1778755076.256552 -4.002117 -30.292345 0.309353 0.002129 0.011056 -0.420066 0.907424
1778755076.309987 -4.002389 -30.292776 0.309577 0.002030 0.010876 -0.413396 0.910484
1778755076.367954 -4.001946 -30.293362 0.310178 0.000745 0.011262 -0.402045 0.915550
1778755076.425282 -4.001653 -30.293921 0.311383 -0.001446 0.010976 -0.385980 0.922441
1778755076.481323 -4.002332 -30.294436 0.312636 -0.003967 0.010918 -0.366509 0.930342
1778755076.525887 -4.002353 -30.295856 0.313630 -0.005944 0.010752 -0.344003 0.938888
1778755076.579562 -4.001895 -30.297411 0.313623 -0.003470 0.010991 -0.322166 0.946613
1778755076.634793 -4.001902 -30.298235 0.313007 -0.007233 0.010434 -0.303222 0.952835
1778755076.689982 -4.002515 -30.299805 0.312219 -0.000849 0.007675 -0.288568 0.957428
1778755076.742085 -4.001822 -30.299953 0.312480 0.001034 0.006984 -0.274728 0.961496
1778755076.795434 -4.001250 -30.300497 0.312583 0.004070 0.005103 -0.255998 0.966655
1778755076.848612 -3.999993 -30.299219 0.314262 0.009385 0.002509 -0.233980 0.972193
1778755076.903834 -3.996791 -30.296011 0.314315 0.006119 0.010779 -0.207063 0.978249
1778755076.960258 -3.993751 -30.293783 0.311636 -0.000729 0.022535 -0.173646 0.984550
1778755077.008810 -3.990184 -30.290462 0.305857 -0.001779 0.021195 -0.147974 0.988762
1778755077.064313 -3.987860 -30.289284 0.302881 0.000130 0.016281 -0.127973 0.991644
1778755077.117153 -3.987535 -30.289459 0.303762 -0.001985 0.014786 -0.112196 0.993574
1778755077.176664 -3.987872 -30.291327 0.303931 0.002566 0.014869 -0.099193 0.994954
1778755077.224027 -3.986027 -30.291290 0.304259 0.004226 0.015989 -0.088797 0.995912
1778755077.276042 -3.986787 -30.291302 0.305385 0.001873 0.009259 -0.080710 0.996693
1778755077.338796 -3.985700 -30.290415 0.306518 0.000729 0.005876 -0.075241 0.997148
1778755077.383292 -3.984717 -30.288433 0.307356 -0.001254 0.004691 -0.070338 0.997511
1778755077.435823 -3.983610 -30.286350 0.307813 -0.002962 0.004386 -0.065905 0.997812
1778755077.490465 -3.982920 -30.285011 0.307398 -0.004012 0.004221 -0.061883 0.998066
1778755077.543887 -3.982612 -30.283791 0.307273 -0.004536 0.004136 -0.059047 0.998236
1778755077.600308 -3.982498 -30.282948 0.307404 -0.004958 0.003693 -0.057635 0.998319
1778755077.649060 -3.982611 -30.281775 0.307425 -0.003911 0.003028 -0.054627 0.998495
1778755077.726358 -3.982008 -30.281021 0.308285 -0.003505 0.002119 -0.044515 0.999000
1778755077.755646 -3.980495 -30.278828 0.308108 -0.002556 0.000534 -0.029532 0.999560
1778755077.814779 -3.978438 -30.277578 0.308007 -0.002561 0.001832 -0.010735 0.999937
1778755077.862616 -3.976645 -30.277756 0.308009 0.001375 0.002242 0.014175 0.999896
1778755077.911898 -3.974730 -30.277176 0.307443 0.002316 0.004096 0.039480 0.999209
1778755077.970867 -3.972460 -30.274593 0.307410 0.003162 0.002631 0.068843 0.997619
1778755078.020049 -3.970861 -30.274246 0.306059 0.004030 0.002462 0.091604 0.995784
1778755078.072933 -3.971524 -30.271967 0.307004 0.006979 0.004448 0.108973 0.994010
1778755078.126206 -3.970669 -30.270031 0.310307 0.006254 0.009187 0.127576 0.991767
1778755078.178568 -3.971773 -30.268166 0.309631 0.003718 0.011941 0.145220 0.989320
1778755078.233341 -3.972735 -30.264841 0.307227 0.004013 0.013611 0.161605 0.986754
1778755078.287238 -3.973883 -30.262331 0.305260 0.009322 0.012943 0.175618 0.984329
1778755078.341733 -3.975538 -30.260977 0.305138 0.003039 0.009492 0.184667 0.982750
1778755078.401367 -3.975639 -30.259348 0.305361 -0.001451 0.007649 0.199584 0.979850
1778755078.450771 -3.977252 -30.259268 0.306274 -0.004193 0.005478 0.218966 0.975708
1778755078.509634 -3.976212 -30.259039 0.307550 0.001545 0.007624 0.241096 0.970470
1778755078.555388 -3.977644 -30.257879 0.307755 -0.005122 0.001016 0.258504 0.965996
1778755078.612059 -3.976810 -30.257444 0.308566 -0.005742 0.001201 0.273623 0.961819
1778755078.665701 -3.978514 -30.256287 0.309267 -0.005930 -0.000349 0.283042 0.959089
1778755078.718947 -3.979280 -30.254713 0.309406 -0.005464 -0.000772 0.290527 0.956851
1778755078.773549 -3.980251 -30.253052 0.309674 -0.005737 -0.001494 0.295338 0.955375
1778755078.821031 -3.981017 -30.251799 0.310358 -0.006564 -0.002545 0.298550 0.954368
1778755078.883564 -3.981536 -30.251272 0.310625 -0.006664 -0.003735 0.303470 0.952810
1778755078.937460 -3.981257 -30.250439 0.311261 -0.006818 -0.004712 0.314254 0.949303
1778755078.982226 -3.980918 -30.249548 0.311923 -0.005600 -0.005981 0.329850 0.943998
1778755079.037822 -3.978558 -30.247433 0.312512 -0.005431 -0.005920 0.352080 0.935936
1778755079.092481 -3.973526 -30.243935 0.314040 -0.006918 -0.004023 0.384151 0.923236
1778755079.146091 -3.967231 -30.236139 0.318118 -0.010662 -0.001373 0.427080 0.904150
1778755079.193852 -3.953537 -30.222963 0.319564 -0.008000 0.002768 0.466587 0.884435
1778755079.249083 -3.937554 -30.204744 0.316976 0.006046 0.006794 0.496060 0.868241
1778755079.305791 -3.916698 -30.187580 0.318022 0.014982 0.011299 0.523484 0.851829
1778755079.359433 -3.906881 -30.169319 0.319142 0.020322 0.011295 0.555663 0.831082
1778755079.412910 -3.901674 -30.146551 0.326059 0.011380 -0.009302 0.595531 0.803198
1778755079.462247 -3.898054 -30.128916 0.293509 0.024879 -0.030924 0.643585 0.764345
1778755079.533418 -3.905197 -30.103210 0.305775 -0.016216 -0.042792 0.683557 0.728462
1778755079.570291 -3.907521 -30.075792 0.318733 -0.043644 -0.028067 0.723282 0.688601
1778755079.626969 -3.918101 -30.029318 0.328900 -0.048289 -0.032571 0.770781 0.634432
1778755079.683876 -3.937179 -29.981575 0.324576 -0.038773 -0.031243 0.805517 0.590477
1778755079.727834 -3.951871 -29.952265 0.317709 -0.048037 -0.034721 0.829327 0.555611
1778755079.787298 -3.966483 -29.909430 0.312986 -0.041693 -0.032881 0.848166 0.527063
1778755079.845250 -3.993230 -29.859205 0.296099 -0.038832 -0.050881 0.864038 0.499342
1778755079.891897 -4.010488 -29.837589 0.302258 -0.032270 -0.047297 0.864059 0.500123
1778755079.945322 -4.036051 -29.784611 0.305962 -0.022271 -0.035633 0.859996 0.508569
1778755079.999219 -4.060332 -29.742281 0.305805 -0.010988 -0.039623 0.851129 0.523343
1778755080.057123 -4.072439 -29.705870 0.284296 -0.007875 -0.034072 0.834216 0.550329
1778755080.108218 -4.061991 -29.680298 0.306173 0.001231 0.006223 0.817384 0.576058
1778755080.159449 -4.082292 -29.631495 0.317370 0.009491 0.018189 0.800193 0.599392
1778755080.213452 -4.097271 -29.575985 0.324427 0.002194 0.006909 0.782319 0.622836
1778755080.268943 -4.104425 -29.535290 0.311754 0.005324 0.025853 0.768181 0.639689
1778755080.333029 -4.113249 -29.506062 0.313048 0.006297 0.022669 0.754106 0.656331
1778755080.372533 -4.122211 -29.451866 0.310934 0.009309 0.011044 0.746116 0.665659
1778755080.427758 -4.129615 -29.393755 0.295069 0.010819 0.005903 0.740129 0.672353
1778755080.479666 -4.134566 -29.320982 0.310339 0.004027 0.020084 0.742965 0.669017
1778755080.532669 -4.142735 -29.264549 0.318149 0.004088 0.015520 0.751759 0.659243
1778755080.587128 -4.147004 -29.206560 0.320577 0.013595 0.011003 0.760203 0.649451
1778755080.638208 -4.150736 -29.144873 0.292747 0.024327 0.004243 0.767166 0.640974
1778755080.694082 -4.164267 -29.161715 0.298945 -0.013312 0.011940 0.768565 0.639522
1778755080.749625 -4.174702 -29.099924 0.305938 -0.014783 0.003583 0.772960 0.634273
1778755080.797957 -4.188194 -29.043409 0.305695 -0.008760 -0.010142 0.772237 0.635193
1778755080.850388 -4.200898 -28.974018 0.302610 -0.006972 -0.010108 0.763835 0.645295
1778755080.909738 -4.199452 -28.955660 0.306126 -0.000053 0.007047 0.758978 0.651078
1778755080.966378 -4.208769 -28.898306 0.311622 0.005387 0.001392 0.751843 0.659319
1778755081.014680 -4.215767 -28.831715 0.309711 0.003496 -0.008130 0.745885 0.666017
1778755081.068400 -4.215898 -28.809547 0.306465 0.006184 0.007782 0.744029 0.668074
1778755081.123643 -4.221973 -28.752804 0.313750 0.004312 0.005625 0.748805 0.662753
1778755081.177068 -4.232947 -28.693501 0.320118 0.004805 0.000589 0.764934 0.644091
1778755081.230766 -4.259386 -28.641342 0.311598 -0.009262 -0.016160 0.781910 0.623114
1778755081.281212 -4.259949 -28.604795 0.312649 -0.008244 -0.009353 0.799025 0.601168
1778755081.335468 -4.281465 -28.564161 0.299555 -0.021500 -0.021994 0.809151 0.586796
1778755081.390405 -4.290289 -28.530052 0.291272 -0.016048 -0.013438 0.820343 0.571489
1778755081.442554 -4.310400 -28.493254 0.292421 -0.009872 -0.027962 0.828878 0.558643
1778755081.498217 -4.320683 -28.464981 0.303253 -0.013384 -0.018503 0.834900 0.549928
1778755081.549207 -4.330976 -28.435740 0.303653 -0.015356 -0.013252 0.841735 0.539510
1778755081.603114 -4.338669 -28.412344 0.307701 -0.019067 -0.004937 0.846151 0.532579
1778755081.655572 -4.349631 -28.387403 0.305207 -0.023183 -0.012876 0.850709 0.524968
1778755081.708531 -4.356488 -28.369600 0.303719 -0.021758 -0.013234 0.855357 0.517412
1778755081.768717 -4.362865 -28.357916 0.301336 -0.021654 -0.018087 0.858379 0.512240
1778755081.816039 -4.368179 -28.348772 0.299365 -0.017971 -0.018750 0.860612 0.508598
1778755081.871772 -4.375026 -28.345873 0.307582 -0.021881 -0.020664 0.862077 0.505883
1778755081.921431 -4.382314 -28.342957 0.314535 -0.024427 -0.016471 0.861740 0.506494
1778755081.972815 -4.392042 -28.341862 0.322511 -0.033015 -0.019300 0.859797 0.509202
1778755082.027859 -4.405080 -28.337389 0.330081 -0.042381 -0.025513 0.857144 0.512695
1778755082.079359 -4.414753 -28.336000 0.322246 -0.039570 -0.029805 0.855837 0.514868
1778755082.134540 -4.411498 -28.333340 0.321558 -0.032924 -0.022895 0.854725 0.517530
1778755082.184682 -4.403436 -28.324108 0.329534 -0.032694 -0.008952 0.853111 0.520627
1778755082.238482 -4.390762 -28.313768 0.337045 -0.031696 0.013834 0.850766 0.524406
1778755082.291761 -4.372203 -28.307030 0.339228 -0.027479 0.047407 0.846165 0.530096
1778755082.347136 -4.355289 -28.307079 0.334648 -0.018087 0.071410 0.841697 0.534903
1778755082.399918 -4.349304 -28.306217 0.335735 -0.014692 0.101377 0.834855 0.540856
1778755082.451419 -4.355029 -28.297138 0.377617 -0.026033 0.132399 0.825022 0.548755
1778755082.508263 -4.358785 -28.268627 0.413958 -0.052556 0.165759 0.810218 0.559739
1778755082.561549 -4.357584 -28.236341 0.442464 -0.083343 0.205412 0.789655 0.572106
1778755082.611291 -4.352353 -28.199041 0.470094 -0.125037 0.252322 0.761270 0.584095
1778755082.669505 -4.345449 -28.165752 0.496154 -0.168818 0.304909 0.719490 0.600720
1778755082.723278 -4.341505 -28.153442 0.518552 -0.206723 0.340438 0.674475 0.621652
1778755082.775697 -4.341188 -28.139650 0.530522 -0.225260 0.353044 0.634332 0.649801
1778755082.828212 -4.338652 -28.103155 0.310715 -0.228662 0.341236 0.607617 0.679760
1778755082.882200 -4.368334 -28.090117 0.196082 -0.230502 0.322057 0.589107 0.704345
1778755082.938863 -4.378410 -28.121092 0.218599 -0.234184 0.295263 0.576930 0.724658
1778755082.996370 -4.399730 -28.134281 0.358922 -0.229039 0.236192 0.579887 0.745309
1778755083.040935 -4.464865 -28.130381 0.368714 -0.221954 0.150824 0.591894 0.760033
1778755083.094849 -4.498022 -28.151155 0.255737 -0.224455 0.046446 0.593690 0.771360
1778755083.148270 -4.589506 -28.145084 0.304847 -0.222245 -0.054391 0.572374 0.787424
1778755083.214569 -4.641858 -28.156246 0.343995 -0.207514 -0.161139 0.552566 0.790976
1778755083.254507 -4.749799 -28.101908 0.299315 -0.214170 -0.275059 0.505939 0.788986
1778755083.308806 -4.895247 -28.096493 0.187395 -0.222501 -0.379490 0.432153 0.787226
1778755083.365160 -5.021119 -28.126009 0.096662 -0.261131 -0.509720 0.363155 0.734925
1778755083.415435 -5.094714 -28.088226 0.153043 -0.327728 -0.549405 0.356909 0.680709
1778755083.468009 -5.132915 -27.923803 0.047039 -0.491229 -0.382586 0.465605 0.628915
1778755083.521361 -5.219259 -28.047325 -0.031268 -0.604302 -0.387928 0.371365 0.588574
1778755083.575344 -5.339799 -28.066776 -0.031467 -0.699482 -0.429926 0.262825 0.506766
1778755083.630080 -5.358530 -28.079502 -0.079446 -0.791276 -0.446181 0.149844 0.390323
1778755083.681047 -5.275211 -28.142023 -0.178770 -0.870609 -0.459630 -0.010385 0.175136
1778755083.735734 -5.299708 -28.178450 -0.156248 -0.895577 -0.436994 -0.079752 0.024845
1778755083.787221 -5.331548 -28.184418 -0.145873 -0.904544 -0.424893 -0.030897 -0.017664
1778755083.844164 -5.342903 -28.121952 -0.149015 -0.918032 -0.391886 -0.057104 0.019553
1778755083.895894 -5.350769 -28.053499 -0.144030 -0.920273 -0.377323 -0.003558 0.103502
1778755083.948406 -5.322809 -28.032917 -0.110912 -0.915278 -0.364719 0.062938 0.159015
1778755084.000993 -5.291225 -28.043762 -0.061691 -0.914783 -0.332733 0.115890 0.197562
1778755084.053809 -5.271221 -28.061079 -0.019038 -0.910500 -0.295183 0.146696 0.249674
1778755084.105616 -5.244015 -28.087273 0.013533 -0.894513 -0.256130 0.161216 0.329018
1778755084.157969 -5.234805 -28.101276 0.021757 -0.871859 -0.230090 0.141282 0.408607
1778755084.211744 -5.254582 -28.093117 0.006302 -0.832896 -0.222565 0.159038 0.481099
1778755084.265544 -5.293553 -28.084656 -0.020114 -0.788912 -0.217651 0.192504 0.541469
1778755084.317739 -5.324399 -28.068676 -0.035262 -0.732675 -0.205364 0.217026 0.611485
1778755084.371263 -5.363485 -28.045977 -0.031106 -0.644623 -0.178008 0.227343 0.707877
1778755084.424343 -5.400040 -28.043783 -0.000010 -0.524010 -0.147863 0.234249 0.805405
1778755084.478121 -5.424357 -28.060696 0.046959 -0.412390 -0.106479 0.244814 0.871013
1778755084.530290 -5.434339 -28.087627 0.074376 -0.350336 -0.055509 0.253606 0.899927
1778755084.584572 -5.424614 -28.103668 0.088617 -0.316174 -0.013994 0.256087 0.913377
1778755084.640305 -5.406775 -28.117783 0.108083 -0.263259 0.037619 0.251423 0.930627
1778755084.691220 -5.393299 -28.129726 0.124596 -0.205715 0.074750 0.244508 0.944621
1778755084.746967 -5.387246 -28.139963 0.140027 -0.156835 0.076211 0.250717 0.952227
1778755084.799025 -5.385220 -28.157768 0.157136 -0.116045 0.073361 0.266423 0.954029
1778755084.851904 -5.389716 -28.172657 0.170611 -0.084950 0.073388 0.278356 0.953895
1778755084.905255 -5.398071 -28.186806 0.175894 -0.061237 0.070268 0.287970 0.953093
1778755084.959705 -5.408249 -28.200562 0.188404 -0.045455 0.063608 0.295370 0.952179
1778755085.011741 -5.419080 -28.212915 0.206385 -0.034589 0.051150 0.302715 0.951079
1778755085.066162 -5.427240 -28.222786 0.224296 -0.025795 0.040446 0.304743 0.951226
1778755085.117773 -5.435416 -28.229891 0.234412 -0.017195 0.023602 0.303017 0.952538
1778755085.171175 -5.439576 -28.234301 0.245704 -0.015168 0.010726 0.305846 0.951900
1778755085.224740 -5.442771 -28.235159 0.249807 -0.015607 0.000102 0.305195 0.952162
1778755085.278194 -5.444971 -28.233027 0.254592 -0.020118 -0.005173 0.304709 0.952219
1778755085.330711 -5.446154 -28.229181 0.260102 -0.026092 -0.006529 0.304367 0.952175
1778755085.386319 -5.446327 -28.225292 0.265951 -0.031739 -0.005191 0.303915 0.952156
1778755085.438060 -5.447355 -28.222757 0.271957 -0.036522 -0.003353 0.303575 0.952101
1778755085.491629 -5.448406 -28.221146 0.276396 -0.039348 -0.002309 0.303641 0.951971
1778755085.544325 -5.449556 -28.220493 0.279445 -0.040837 -0.002467 0.303943 0.951811
1778755085.599192 -5.450677 -28.220295 0.281515 -0.041559 -0.002963 0.304922 0.951466
1778755085.651917 -5.452033 -28.220634 0.283348 -0.041750 -0.003638 0.305566 0.951248
1778755085.704778 -5.453221 -28.220903 0.284205 -0.042196 -0.003758 0.306253 0.951007
1778755085.757719 -5.454144 -28.221186 0.284540 -0.042179 -0.004003 0.306832 0.950820
1778755085.811071 -5.454853 -28.221409 0.284690 -0.042165 -0.004201 0.307524 0.950596
1778755085.871222 -5.455472 -28.221720 0.284813 -0.042105 -0.004384 0.307938 0.950464
1778755085.918179 -5.456120 -28.221991 0.284904 -0.042166 -0.004566 0.308146 0.950393
1778755085.971149 -5.456710 -28.222136 0.285002 -0.042339 -0.004878 0.308337 0.950322
1778755086.024374 -5.457248 -28.222225 0.285096 -0.042542 -0.005165 0.308712 0.950190
1778755086.078781 -5.457696 -28.222202 0.285213 -0.042905 -0.005550 0.309383 0.949953
1778755086.131177 -5.458278 -28.222425 0.285461 -0.042601 -0.006069 0.312170 0.949051
1778755086.184113 -5.458398 -28.221918 0.286413 -0.040896 -0.005367 0.326031 0.944459
1778755086.238215 -5.458312 -28.220917 0.287426 -0.038115 -0.003272 0.351709 0.935327
1778755086.304454 -5.456924 -28.220915 0.289978 -0.035997 0.001587 0.384939 0.922238
1778755086.343685 -5.456675 -28.220747 0.294618 -0.038114 0.002105 0.427111 0.903393
1778755086.396218 -5.455464 -28.217852 0.296571 -0.036915 0.000258 0.481090 0.875893
1778755086.450473 -5.457121 -28.213362 0.296353 -0.039821 -0.005188 0.539098 0.841285
1778755086.504297 -5.452250 -28.213167 0.297074 -0.033875 -0.000368 0.594088 0.803687
1778755086.558788 -5.455632 -28.209818 0.299954 -0.045474 0.001717 0.648641 0.759733
1778755086.610322 -5.456733 -28.203074 0.303710 -0.048355 0.003728 0.705509 0.707040
1778755086.663844 -5.456808 -28.200081 0.302575 -0.046534 0.006733 0.758729 0.649708
1778755086.716799 -5.460959 -28.193275 0.297772 -0.033313 0.011170 0.810200 0.585100
1778755086.770106 -5.463125 -28.190123 0.302309 -0.027865 -0.001559 0.853309 0.520658
1778755086.824815 -5.462875 -28.181761 0.308615 -0.017839 0.000216 0.891568 0.452536
1778755086.876085 -5.464793 -28.171993 0.309444 -0.008837 0.006806 0.923032 0.384562
1778755086.930754 -5.461863 -28.160055 0.306080 0.005703 0.010932 0.944719 0.327650
1778755086.984618 -5.463716 -28.150101 0.307465 0.009345 0.022560 0.958023 0.285650
1778755087.035156 -5.465632 -28.152964 0.308429 0.015902 0.026824 0.967645 0.250382
1778755087.088103 -5.479374 -28.152542 0.313613 0.012579 0.013416 0.975946 0.217237
1778755087.141306 -5.492102 -28.151051 0.315481 0.017349 -0.000118 0.982129 0.187407
1778755087.193893 -5.519207 -28.143051 0.316930 0.020180 -0.010236 0.984902 0.171630
1778755087.247281 -5.537404 -28.135769 0.316128 0.016135 -0.011461 0.983200 0.181456
1778755087.303059 -5.566352 -28.126949 0.314008 0.013817 -0.022147 0.979112 0.201638
1778755087.354071 -5.589168 -28.118362 0.313568 0.006397 -0.025039 0.973136 0.228778
1778755087.409376 -5.625324 -28.100519 0.314040 0.006918 -0.031350 0.963504 0.265763
1778755087.461203 -5.657941 -28.080828 0.306272 0.008547 -0.029236 0.950798 0.308311
1778755087.516944 -5.685318 -28.053646 0.308559 0.007634 -0.007483 0.933704 0.357888
1778755087.571052 -5.720701 -28.025166 0.320359 0.013621 0.001888 0.912928 0.407889
1778755087.628916 -5.746337 -27.987410 0.332636 0.015712 -0.007631 0.882893 0.469249
1778755087.677912 -5.767189 -27.945499 0.321826 0.026570 0.013347 0.844279 0.535079
1778755087.730685 -5.785069 -27.928822 0.319351 0.020943 0.000468 0.797149 0.603419
1778755087.784030 -5.813432 -27.885992 0.312884 0.002191 -0.010722 0.753498 0.657359
1778755087.839215 -5.800803 -27.848467 0.300647 0.017929 -0.013781 0.700252 0.713537
1778755087.893735 -5.789451 -27.849987 0.311805 0.035739 0.045822 0.653188 0.754962
1778755087.943461 -5.794474 -27.800730 0.324700 0.032051 0.046138 0.597419 0.799959
1778755088.000180 -5.781066 -27.760748 0.330501 0.016576 0.047443 0.535498 0.843040
1778755088.049910 -5.776982 -27.721565 0.320520 0.044390 0.040539 0.464363 0.883603
1778755088.104714 -5.772776 -27.688713 0.313612 0.005564 0.019802 0.399470 0.916516
1778755088.157709 -5.760912 -27.667078 0.298448 0.002460 0.001467 0.332679 0.943036
1778755088.208404 -5.695648 -27.654909 0.317780 0.051185 0.024773 0.273745 0.960120
1778755088.263807 -5.668920 -27.617529 0.325612 0.051445 0.048308 0.208165 0.975545
1778755088.317623 -5.625127 -27.597837 0.329408 0.043791 0.050254 0.135232 0.988569
1778755088.370309 -5.588953 -27.590513 0.315178 0.063569 0.054307 0.057986 0.994810
1778755088.425553 -5.575627 -27.579624 0.312847 0.030792 0.037896 -0.016414 0.998672
1778755088.476707 -5.530074 -27.559599 0.311967 0.006309 0.027215 -0.087763 0.995750
1778755088.533972 -5.474041 -27.594566 0.318707 0.004677 0.006728 -0.149041 0.988797
1778755088.584190 -5.431731 -27.607477 0.321782 0.077344 0.031206 -0.208106 0.974544
1778755088.638332 -5.379157 -27.628178 0.327036 0.071485 0.031515 -0.274837 0.958312
1778755088.690879 -5.349772 -27.656042 0.316869 0.073203 0.039530 -0.345974 0.934548
1778755088.746034 -5.331495 -27.669273 0.312218 0.078503 0.013664 -0.414595 0.906511
1778755088.797762 -5.289995 -27.689226 0.309078 0.045678 0.023157 -0.478871 0.876390
1778755088.850588 -5.278984 -27.735413 0.296293 0.024013 0.007241 -0.543629 0.838951
1778755088.908502 -5.261161 -27.786417 0.305036 0.092011 -0.003876 -0.586691 0.804558
1778755088.966015 -5.238262 -27.834711 0.313796 0.093302 0.000750 -0.636482 0.765627
1778755089.012756 -5.234247 -27.880781 0.311634 0.077815 0.013869 -0.690594 0.718910
1778755089.066971 -5.236681 -27.930393 0.303467 0.082798 -0.011388 -0.742627 0.664470
1778755089.120307 -5.225245 -27.960766 0.304874 0.046792 0.007925 -0.791862 0.608853
1778755089.174958 -5.229296 -28.002058 0.291383 0.029231 0.005118 -0.833657 0.551485
1778755089.230092 -5.282023 -28.044680 0.313093 0.046448 -0.032515 -0.868243 0.492890
1778755089.284030 -5.303833 -28.102329 0.318961 0.057550 -0.044900 -0.895441 0.439156
1778755089.337794 -5.342191 -28.134609 0.326089 0.048457 -0.049258 -0.924094 0.375868
1778755089.386913 -5.382475 -28.160084 0.307423 0.049413 -0.049035 -0.949622 0.305569
1778755089.442920 -5.398709 -28.187836 0.309889 0.033898 -0.052149 -0.970125 0.234496
1778755089.494370 -5.423620 -28.224657 0.308842 0.008753 -0.034701 -0.985081 0.168331
1778755089.548572 -5.457007 -28.241264 0.283836 -0.017286 -0.030635 -0.992741 0.115010
1778755089.600103 -5.531225 -28.241848 0.299609 0.014640 -0.055368 -0.996367 0.063038
1778755089.651448 -5.576431 -28.260193 0.312202 0.020386 -0.051225 -0.998163 0.025113
1778755089.704220 -5.619808 -28.261402 0.320528 0.018372 -0.037798 -0.999030 -0.013142
1778755089.757358 -5.669167 -28.257952 0.299257 0.014257 -0.051900 -0.997455 -0.046770
1778755089.810309 -5.707031 -28.258268 0.292634 0.002522 -0.039737 -0.996283 -0.076382
1778755089.864827 -5.767709 -28.251640 0.300292 0.001814 -0.026024 -0.994738 -0.099079
1778755089.917148 -5.809067 -28.257261 0.290309 -0.003891 0.000573 -0.992877 -0.119079
1778755089.970711 -5.849065 -28.240189 0.296401 -0.008743 -0.035106 -0.991772 -0.122799
1778755090.024148 -5.899715 -28.229168 0.308090 -0.010687 -0.030978 -0.990381 -0.134429
1778755090.079286 -5.953514 -28.208845 0.316583 -0.018540 -0.019936 -0.988571 -0.148277
1778755090.131115 -5.991028 -28.190422 0.306506 -0.014108 -0.032890 -0.987011 -0.156614
1778755090.183766 -6.038015 -28.176577 0.306652 -0.008091 -0.019250 -0.987146 -0.158448
1778755090.237099 -6.096486 -28.157581 0.311069 -0.012995 -0.009399 -0.989615 -0.142843
1778755090.292911 -6.163673 -28.153435 0.308839 -0.006479 0.005088 -0.993089 -0.117075
1778755090.345425 -6.173177 -28.145960 0.310725 0.000367 0.004603 -0.996095 -0.088168
1778755090.396893 -6.235704 -28.135986 0.313456 0.000474 0.012421 -0.997665 -0.067154
1778755090.449781 -6.301984 -28.126329 0.317073 -0.007615 0.022012 -0.998519 -0.049164
1778755090.508197 -6.325427 -28.124077 0.302552 0.002658 0.030894 -0.998789 -0.038191
1778755090.562978 -6.383249 -28.119402 0.305956 0.000345 0.027335 -0.999226 -0.028285
1778755090.610244 -6.443079 -28.117634 0.308986 -0.011154 0.026784 -0.999485 -0.013687
1778755090.663263 -6.522756 -28.118587 0.300362 -0.008710 0.025143 -0.999639 -0.003742
1778755090.715667 -6.566530 -28.120081 0.308141 -0.003342 0.015126 -0.999869 0.004640
1778755090.768930 -6.624243 -28.119736 0.314074 -0.008012 0.011928 -0.999895 -0.001796
1778755090.824351 -6.687577 -28.114538 0.319641 -0.015191 0.021117 -0.999579 -0.012839
1778755090.876330 -6.728864 -28.112867 0.309439 0.001587 0.012973 -0.999661 -0.022508
1778755090.930277 -6.792493 -28.113371 0.310495 0.003428 0.008666 -0.999457 -0.031612
1778755090.983649 -6.852167 -28.111816 0.311602 -0.005345 0.011736 -0.999342 -0.033891
1778755091.037062 -6.923820 -28.108601 0.310305 -0.011976 0.011420 -0.999339 -0.032385
1778755091.091733 -6.935303 -28.103781 0.308761 0.004183 0.010789 -0.999786 -0.017175
1778755091.143667 -6.993096 -28.102039 0.317075 0.003425 0.005223 -0.999970 0.004596
1778755091.197897 -7.051196 -28.102283 0.319114 -0.009036 0.009563 -0.999676 0.021776
1778755091.253804 -7.119139 -28.101145 0.304728 -0.018185 0.006068 -0.999126 0.037135
1778755091.299756 -7.139314 -28.113205 0.304134 0.015801 0.021779 -0.998783 0.041336
1778755091.353514 -7.202096 -28.113602 0.311915 0.013479 0.019426 -0.998550 0.048365
1778755091.407427 -7.261768 -28.122908 0.314477 0.001846 0.025335 -0.997847 0.060469
1778755091.461295 -7.328636 -28.134840 0.305986 0.000896 0.029918 -0.997220 0.068240
1778755091.513746 -7.341422 -28.127033 0.308986 0.001225 0.024319 -0.996623 0.078416
1778755091.566822 -7.398203 -28.137306 0.314114 0.000226 0.019762 -0.996424 0.082155
1778755091.622117 -7.461157 -28.148012 0.312785 -0.005298 0.026168 -0.995894 0.086498
1778755091.674106 -7.464030 -28.146589 0.307248 0.007751 0.012455 -0.995856 0.089751
1778755091.726852 -7.518402 -28.159321 0.311690 0.004583 0.016845 -0.995589 0.092183
1778755091.780114 -7.576622 -28.170679 0.313730 -0.006589 0.020280 -0.994960 0.097979
1778755091.834837 -7.650593 -28.188841 0.308596 -0.004501 0.017262 -0.994669 0.101568
1778755091.892357 -7.701526 -28.198236 0.311889 0.007730 0.004915 -0.994352 0.105742
1778755091.943062 -7.756686 -28.210201 0.316841 0.003470 0.004194 -0.994322 0.106271
1778755091.993296 -7.813247 -28.221136 0.319366 -0.006814 0.009407 -0.994329 0.105712
1778755092.045285 -7.878823 -28.232685 0.311785 0.001150 0.013110 -0.994235 0.106415
1778755092.099694 -7.922421 -28.240791 0.310040 0.015839 0.015625 -0.994505 0.102301
1778755092.148401 -7.976251 -28.252714 0.313703 0.006481 0.018237 -0.994293 0.104911
1778755092.203379 -8.041036 -28.268913 0.315289 -0.002780 0.017151 -0.992102 0.124228
1778755092.257461 -8.049875 -28.272568 0.306669 0.001144 0.029527 -0.987266 0.156310
1778755092.309427 -8.089544 -28.284834 0.315730 0.002289 0.020645 -0.981379 0.190953
1778755092.363726 -8.130111 -28.304056 0.289753 -0.007340 0.024514 -0.975561 0.218233
1778755092.416418 -8.179957 -28.329887 0.290777 -0.012361 0.037172 -0.970061 0.239680
1778755092.469893 -8.210619 -28.339893 0.300768 0.009888 0.041032 -0.967299 0.250102
1778755092.527521 -8.262582 -28.370979 0.309107 0.001417 0.044446 -0.962724 0.266806
1778755092.576978 -8.315532 -28.403496 0.292616 -0.008686 0.041147 -0.957787 0.284388
1778755092.629865 -8.333179 -28.404263 0.301823 -0.006005 0.045416 -0.954147 0.295813
1778755092.683479 -8.380565 -28.430704 0.310150 -0.001288 0.027498 -0.951340 0.306911
1778755092.738027 -8.427059 -28.466602 0.314328 -0.008875 0.025674 -0.947852 0.317552
1778755092.791884 -8.481185 -28.505791 0.300036 -0.013221 0.023877 -0.939609 0.341159
1778755092.840695 -8.460304 -28.497555 0.307171 0.007487 0.041066 -0.930434 0.364073
1778755092.893906 -8.511436 -28.541378 0.316068 0.005998 0.042896 -0.921073 0.386973
1778755092.946909 -8.555294 -28.585112 0.301999 0.004493 0.035958 -0.911085 0.410623
1778755092.999632 -8.589359 -28.625830 0.306957 -0.013430 0.046669 -0.903562 0.425697
1778755093.050301 -8.623549 -28.659483 0.313426 -0.006777 0.029123 -0.897228 0.440554
1778755093.103730 -8.658395 -28.709108 0.317279 -0.015850 0.025244 -0.891088 0.452851
1778755093.160144 -8.695249 -28.758842 0.306157 -0.018428 0.030974 -0.880799 0.472118
1778755093.210127 -8.695104 -28.755133 0.306922 0.003576 0.040578 -0.869319 0.492569
1778755093.263047 -8.725435 -28.811003 0.314190 -0.002352 0.041498 -0.856777 0.514009
1778755093.316423 -8.753866 -28.868450 0.302933 -0.005161 0.034147 -0.843933 0.535336
1778755093.371204 -8.770157 -28.910017 0.307508 -0.013307 0.034708 -0.834386 0.549926
1778755093.427487 -8.796688 -28.962406 0.314041 -0.009697 0.022172 -0.825905 0.563290
1778755093.476148 -8.813244 -29.013855 0.300654 -0.022101 0.022185 -0.818794 0.573233
1778755093.528716 -8.830806 -29.071890 0.298432 -0.021069 0.027623 -0.812389 0.582080
1778755093.585956 -8.831733 -29.076105 0.308650 -0.005347 0.046257 -0.809315 0.585526
1778755093.640835 -8.848525 -29.133139 0.314037 -0.006615 0.046732 -0.804380 0.592238
1778755093.690271 -8.864659 -29.194630 0.313681 -0.012091 0.038248 -0.799073 0.599895
1778755093.743364 -8.879476 -29.249262 0.289657 -0.031987 0.034131 -0.795822 0.603722
1778755093.795876 -8.893836 -29.303259 0.296580 -0.031624 0.017406 -0.789535 0.612643
1778755093.849836 -8.903200 -29.353909 0.302876 -0.047719 0.015403 -0.787440 0.614349
1778755093.903265 -8.918991 -29.415878 0.318788 -0.056834 0.017640 -0.784826 0.616852
1778755093.958727 -8.928185 -29.461157 0.303170 -0.042629 0.015666 -0.784233 0.618802
1778755094.010987 -8.939930 -29.513165 0.306612 -0.042432 0.018979 -0.783573 0.619559
1778755094.063099 -8.949012 -29.567888 0.308820 -0.051327 0.014448 -0.780076 0.623408
1778755094.116985 -8.957909 -29.635378 0.301897 -0.055210 0.007317 -0.777203 0.626781
1778755094.171072 -8.976934 -29.679840 0.304951 -0.020365 0.007896 -0.775337 0.631170
1778755094.223556 -8.982769 -29.740076 0.308484 -0.020044 0.008282 -0.771647 0.635681
1778755094.277833 -8.993643 -29.799240 0.312750 -0.032350 0.009141 -0.771311 0.635571
1778755094.330599 -9.009145 -29.865908 0.307361 -0.034705 0.017444 -0.771201 0.635406
1778755094.383159 -9.017948 -29.901361 0.308479 -0.012494 0.040999 -0.774161 0.631536
1778755094.436156 -9.028624 -29.961489 0.309444 -0.012144 0.055144 -0.772916 0.631991
1778755094.493205 -9.038829 -30.022480 0.303899 -0.015509 0.054142 -0.769945 0.635621
1778755094.547015 -9.056004 -30.083792 0.295278 -0.000757 0.049606 -0.768987 0.637337
1778755094.596633 -9.069335 -30.097759 0.307189 0.041396 0.054858 -0.765509 0.639744
1778755094.648950 -9.077219 -30.155741 0.314075 0.039829 0.062162 -0.765552 0.639125
1778755094.703886 -9.090229 -30.213684 0.296245 0.040365 0.058956 -0.766534 0.638217
1778755094.760863 -9.094905 -30.249292 0.300986 0.031782 0.041658 -0.769328 0.636702
1778755094.816183 -9.104912 -30.313211 0.305837 0.013647 0.036790 -0.771733 0.634735
1778755094.867136 -9.117331 -30.369940 0.306616 -0.002979 0.028081 -0.769184 0.638403
1778755094.920080 -9.138107 -30.433777 0.302397 0.007579 0.025775 -0.768344 0.639473
1778755094.973947 -9.145521 -30.479486 0.313236 0.012082 0.031871 -0.761070 0.647773
1778755095.030394 -9.150438 -30.528887 0.319899 0.004700 0.023904 -0.745149 0.666453
1778755095.084518 -9.158163 -30.580580 0.298762 -0.006799 0.010037 -0.721446 0.692365
1778755095.136454 -9.150727 -30.578041 0.303370 -0.011877 0.043495 -0.698567 0.714123
1778755095.191614 -9.153325 -30.622246 0.314108 0.007274 0.044108 -0.680343 0.731529
1778755095.240537 -9.149527 -30.689058 0.318195 0.005542 0.035663 -0.660197 0.750225
1778755095.293045 -9.141690 -30.738300 0.305898 -0.004954 0.043598 -0.646664 0.761512
1778755095.350060 -9.140559 -30.775797 0.312077 -0.006416 0.025292 -0.633753 0.773095
1778755095.400922 -9.127789 -30.827860 0.317552 -0.006152 0.025323 -0.621403 0.783057
1778755095.456104 -9.114467 -30.881216 0.293697 -0.011649 0.023680 -0.609431 0.792400
1778755095.506705 -9.114429 -30.861084 0.306506 -0.004412 0.043322 -0.602851 0.796665
1778755095.560175 -9.099289 -30.916334 0.312833 -0.006959 0.047353 -0.596537 0.801157
1778755095.612800 -9.079444 -30.975765 0.313403 -0.010285 0.037264 -0.585007 0.810106
1778755095.663104 -9.048248 -31.031219 0.308563 -0.016986 0.044175 -0.566334 0.822816
1778755095.719188 -9.050017 -31.057281 0.316081 -0.009485 0.031049 -0.532550 0.845776
1778755095.769796 -9.027169 -31.103373 0.319429 -0.012093 0.021728 -0.503930 0.863387
1778755095.824797 -8.996795 -31.161604 0.313087 -0.014333 0.002786 -0.476944 0.878813
1778755095.878561 -8.973644 -31.183052 0.303366 -0.024261 0.046888 -0.460040 0.886327
1778755095.929162 -8.945954 -31.229885 0.310712 -0.008846 0.049812 -0.442129 0.895524
1778755095.983761 -8.906583 -31.276182 0.313641 -0.015025 0.040373 -0.422842 0.905179
1778755096.036602 -8.860574 -31.325716 0.305586 -0.015041 0.036343 -0.403555 0.914110
1778755096.091783 -8.843717 -31.359646 0.313320 -0.016559 0.023768 -0.373308 0.927255
1778755096.143615 -8.813794 -31.391336 0.320366 -0.020060 0.011278 -0.342581 0.939206
1778755096.201602 -8.772792 -31.427279 0.300400 -0.025838 -0.006978 -0.314642 0.948833
1778755096.256561 -8.721425 -31.454885 0.301403 -0.042781 0.023636 -0.295505 0.954090
1778755096.312449 -8.677036 -31.488625 0.311379 -0.019399 0.039127 -0.277010 0.959874
1778755096.362323 -8.628167 -31.515129 0.315429 -0.022978 0.036564 -0.257503 0.965312
1778755096.417025 -8.555751 -31.541555 0.300144 -0.018296 0.034393 -0.242321 0.969414
1778755096.470819 -8.521389 -31.552879 0.309090 -0.024735 0.029853 -0.232091 0.971921
1778755096.524599 -8.472280 -31.579695 0.314922 -0.014818 0.022143 -0.222368 0.974599
1778755096.576190 -8.415739 -31.606325 0.306969 -0.023417 0.014796 -0.213907 0.976461
1778755096.632548 -8.409237 -31.605925 0.306980 -0.019632 0.023471 -0.207586 0.977738
1778755096.681391 -8.356981 -31.625784 0.312941 -0.022256 0.030347 -0.202186 0.978624
1778755096.737494 -8.306446 -31.646025 0.315681 -0.024683 0.024368 -0.194103 0.980368
1778755096.789541 -8.242837 -31.670683 0.307309 -0.021274 0.015225 -0.186936 0.982024
1778755096.842844 -8.218676 -31.681986 0.301714 -0.015040 0.030800 -0.182962 0.982522
1778755096.898878 -8.172919 -31.701143 0.310747 -0.004632 0.030915 -0.175782 0.983933
1778755096.950899 -8.120949 -31.714478 0.313777 -0.008983 0.023142 -0.158461 0.987053
1778755097.002871 -8.065286 -31.735840 0.294846 -0.010267 0.011870 -0.135043 0.990716
1778755097.058913 -8.083099 -31.722015 0.304753 -0.014408 0.031811 -0.119434 0.992228
1778755097.109257 -8.021733 -31.740751 0.314905 -0.013293 0.025354 -0.103939 0.994172
1778755097.166414 -7.960636 -31.751762 0.317613 -0.016729 0.014144 -0.087527 0.995921
1778755097.220264 -7.892605 -31.759474 0.310305 -0.023178 0.015851 -0.077077 0.996630
1778755097.286875 -7.868562 -31.774115 0.313769 -0.011651 0.014320 -0.062136 0.997897
1778755097.327228 -7.820915 -31.774851 0.314871 -0.016641 0.006034 -0.054154 0.998376
1778755097.378252 -7.756969 -31.780581 0.292867 -0.018756 -0.006692 -0.034927 0.999192
1778755097.437009 -7.761815 -31.773151 0.304671 -0.035797 0.016085 -0.009250 0.999187
1778755097.485668 -7.700587 -31.775967 0.314390 -0.034806 0.017238 0.014522 0.999140
1778755097.547416 -7.639926 -31.769306 0.314383 -0.033976 0.004382 0.040054 0.998610
1778755097.593588 -7.575427 -31.748857 0.313259 -0.038157 0.000608 0.058239 0.997573
1778755097.652569 -7.517445 -31.750639 0.317320 -0.014994 0.000939 0.076304 0.996972
1778755097.699375 -7.466009 -31.739874 0.319146 -0.019752 -0.005180 0.089696 0.995760
1778755097.755684 -7.400995 -31.725094 0.297248 -0.025597 -0.011136 0.101887 0.994404
1778755097.811771 -7.412154 -31.721809 0.305445 -0.031302 0.008730 0.107767 0.993645
1778755097.860293 -7.354504 -31.708101 0.310339 -0.032314 0.007020 0.116582 0.992630
1778755097.915868 -7.296175 -31.690426 0.312114 -0.030421 -0.006576 0.127839 0.991307
1778755097.967885 -7.228380 -31.672272 0.305364 -0.023083 -0.002563 0.135739 0.990472
1778755098.019854 -7.184477 -31.658609 0.309440 -0.015509 0.012181 0.144238 0.989347
1778755098.074765 -7.131266 -31.643940 0.313971 -0.008525 0.005642 0.147933 0.988945
1778755098.127881 -7.072791 -31.628370 0.316517 -0.011932 -0.006267 0.149269 0.988705
1778755098.179500 -7.039859 -31.617403 0.306109 -0.014542 0.005966 0.152168 0.988230
1778755098.234521 -7.037951 -31.617357 0.313912 -0.012106 0.012597 0.151249 0.988341
1778755098.287221 -6.985459 -31.599386 0.317894 -0.016841 0.002284 0.154123 0.987906
1778755098.341184 -6.921615 -31.577738 0.313309 -0.013047 -0.004689 0.158292 0.987295
1778755098.393651 -6.896467 -31.567690 0.310465 -0.012744 0.003834 0.160888 0.986883
1778755098.452127 -6.844397 -31.551708 0.314965 -0.001558 0.000542 0.162370 0.986729
1778755098.497984 -6.790246 -31.531921 0.318383 -0.007416 -0.011123 0.161862 0.986723
1778755098.551472 -6.726809 -31.514219 0.313551 -0.013079 -0.010112 0.163588 0.986390
1778755098.603484 -6.691789 -31.498884 0.307978 -0.011607 0.003712 0.159137 0.987181
1778755098.657152 -6.639131 -31.480576 0.307925 -0.011476 -0.002963 0.158723 0.987252
1778755098.713419 -6.581225 -31.459204 0.309426 -0.009236 -0.015916 0.163227 0.986417
1778755098.763250 -6.514493 -31.439127 0.303512 0.002168 -0.004951 0.159009 0.987262
1778755098.821223 -6.458331 -31.416100 0.309085 0.007890 0.005553 0.140236 0.990071
1778755098.876106 -6.401200 -31.401743 0.315567 -0.000949 -0.002075 0.105056 0.994464
1778755098.925893 -6.343866 -31.403896 0.307748 -0.001445 -0.001553 0.062121 0.998066
1778755098.991503 -6.308442 -31.394768 0.309228 0.011165 -0.004964 0.015718 0.999802
1778755099.030675 -6.252807 -31.386110 0.310561 0.003581 -0.006534 -0.016216 0.999841
1778755099.081994 -6.193058 -31.384501 0.310722 0.003640 -0.020108 -0.042032 0.998907
1778755099.137356 -6.134284 -31.395235 0.300436 0.028382 -0.010803 -0.059880 0.997744
1778755099.189930 -6.076532 -31.400318 0.307069 0.043685 0.014386 -0.071173 0.996403
1778755099.244140 -6.026623 -31.409548 0.314501 0.039250 0.009806 -0.089588 0.995157
1778755099.295625 -5.976147 -31.415731 0.295184 0.026328 0.006371 -0.107734 0.993811
1778755099.355669 -5.926625 -31.435469 0.304396 0.042620 0.009632 -0.119973 0.991815
1778755099.403037 -5.893714 -31.436275 0.308743 0.028080 -0.000252 -0.133908 0.990596
1778755099.460515 -5.853132 -31.449482 0.313280 0.018794 -0.005626 -0.140728 0.989854
1778755099.509248 -5.809983 -31.467773 0.305905 0.017937 -0.000901 -0.145518 0.989193
1778755099.565716 -5.775788 -31.484297 0.299645 -0.003717 0.004280 -0.156331 0.987688
1778755099.630018 -5.755798 -31.494993 0.302536 -0.006905 -0.002436 -0.169124 0.985568
1778755099.676916 -5.733892 -31.503054 0.310480 -0.006209 0.000622 -0.187975 0.982154
1778755099.728944 -5.712291 -31.509266 0.312701 -0.010771 0.005760 -0.208516 0.977943
1778755099.782505 -5.694693 -31.516155 0.313504 -0.010955 0.007688 -0.224706 0.974335
1778755099.840492 -5.679591 -31.520018 0.312302 -0.012420 -0.000500 -0.237483 0.971312
1778755099.898060 -5.665981 -31.525192 0.310472 -0.014776 -0.000153 -0.248148 0.968609
1778755099.942496 -5.656013 -31.528919 0.311270 -0.016564 -0.000633 -0.255987 0.966538
1778755099.999448 -5.650654 -31.530836 0.312312 -0.014255 0.002702 -0.261184 0.965180
1778755100.048993 -5.646917 -31.533789 0.312708 -0.011774 0.000868 -0.268772 0.963131
1778755100.116976 -5.640911 -31.538029 0.312079 -0.010940 0.000498 -0.276634 0.960913
1778755100.156205 -5.635554 -31.541189 0.309882 -0.010710 0.001475 -0.283349 0.958956
1778755100.209867 -5.629570 -31.543756 0.308232 -0.015062 -0.000274 -0.288926 0.957233
1778755100.271807 -5.624311 -31.546131 0.307260 -0.014611 -0.000613 -0.292319 0.956209
1778755100.316353 -5.620125 -31.548178 0.306531 -0.014674 -0.000863 -0.294366 0.955580
1778755100.374375 -5.617983 -31.550497 0.306197 -0.014342 0.000135 -0.295801 0.955142
1778755100.428080 -5.616369 -31.552715 0.306902 -0.013634 0.000779 -0.294816 0.955456
1778755100.479162 -5.616232 -31.553455 0.307056 -0.013028 0.000981 -0.294153 0.955669
1778755100.531589 -5.613677 -31.554876 0.307101 -0.013822 -0.000970 -0.294911 0.955424
1778755100.587615 -5.610691 -31.557236 0.307171 -0.014189 -0.002392 -0.296799 0.954832
1778755100.647484 -5.603920 -31.561186 0.306586 -0.014285 -0.003109 -0.296599 0.954890
1778755100.697597 -5.594244 -31.567013 0.304935 -0.011559 -0.003219 -0.290582 0.956775
1778755100.748925 -5.583374 -31.575102 0.304055 -0.005958 -0.002289 -0.277621 0.960669
1778755100.804792 -5.576235 -31.582956 0.304547 0.000791 0.000187 -0.259309 0.965794
1778755100.859200 -5.563092 -31.593920 0.306278 0.009283 0.008634 -0.237440 0.971320
1778755100.912980 -5.544469 -31.599461 0.308801 0.011343 0.011774 -0.210973 0.977355
1778755100.962621 -5.525351 -31.609982 0.307527 0.000737 0.005147 -0.179446 0.983754
1778755101.015472 -5.508383 -31.618639 0.309291 0.004925 0.010524 -0.149160 0.988745
1778755101.071367 -5.488094 -31.620707 0.310105 -0.004940 0.009628 -0.113245 0.993508
1778755101.126345 -5.462744 -31.621431 0.309937 -0.020209 0.007799 -0.078201 0.996702
1778755101.178231 -5.436028 -31.621952 0.308051 -0.024598 0.003659 -0.049583 0.998460
1778755101.226063 -5.414778 -31.622974 0.308511 -0.036381 -0.001243 -0.029964 0.998888
1778755101.280767 -5.390616 -31.621548 0.311087 -0.037122 0.000653 -0.009775 0.999263
1778755101.329425 -5.368339 -31.619392 0.311231 -0.038215 0.000703 0.008493 0.999233
1778755101.381065 -5.343830 -31.615505 0.310304 -0.042140 0.000200 0.024350 0.998815
1778755101.440223 -5.311685 -31.610451 0.307423 -0.039078 -0.006442 0.036421 0.998551
1778755101.493034 -5.283551 -31.608032 0.306169 -0.022822 0.002145 0.039877 0.998942
1778755101.546762 -5.258431 -31.604050 0.311390 -0.025771 -0.003334 0.035123 0.999045
1778755101.599208 -5.234761 -31.603416 0.314107 -0.019430 -0.009471 0.021811 0.999528
1778755101.656575 -5.209013 -31.600971 0.314690 -0.020650 -0.013637 -0.000908 0.999693
1778755101.710082 -5.182268 -31.601097 0.313882 -0.022004 -0.015275 -0.027758 0.999256
1778755101.761065 -5.158091 -31.599234 0.312277 -0.021344 -0.021245 -0.057653 0.997882
1778755101.818938 -5.141988 -31.598192 0.313678 -0.021840 -0.011330 -0.088498 0.995772
1778755101.872533 -5.129601 -31.600286 0.314154 -0.017575 -0.002566 -0.128288 0.991578
1778755101.927060 -5.117834 -31.604963 0.311741 -0.010854 0.005316 -0.163641 0.986446
1778755101.984624 -5.106719 -31.610228 0.306804 -0.004056 0.015874 -0.201939 0.979261
1778755102.033843 -5.100034 -31.614948 0.307889 -0.006873 0.014028 -0.234239 0.972054
1778755102.089492 -5.095501 -31.614750 0.307048 -0.009308 0.010935 -0.260113 0.965472
1778755102.139518 -5.096635 -31.611565 0.307156 -0.004902 0.010458 -0.279426 0.960098
1778755102.193861 -5.100630 -31.606564 0.307797 -0.000531 0.007373 -0.294239 0.955703
1778755102.241945 -5.106612 -31.599236 0.308417 0.001343 0.007986 -0.310660 0.950487
1778755102.294136 -5.112569 -31.592398 0.308378 0.005352 0.010780 -0.327613 0.944735
1778755102.347414 -5.124500 -31.582359 0.305891 0.012644 0.009081 -0.340407 0.940149
1778755102.400092 -5.135061 -31.569036 0.304593 0.014336 0.013331 -0.350814 0.936241
1778755102.449951 -5.143573 -31.562836 0.305242 0.014950 0.015333 -0.355376 0.934478
1778755102.502599 -5.152504 -31.554596 0.306015 0.021323 0.018388 -0.361862 0.931806
1778755102.556666 -5.162311 -31.546070 0.307124 0.020598 0.020142 -0.367564 0.929552
1778755102.613060 -5.171396 -31.540764 0.305714 0.017218 0.020925 -0.371944 0.927859
1778755102.662437 -5.177799 -31.533905 0.304834 0.004296 0.021527 -0.376896 0.925996
1778755102.723603 -5.182504 -31.528244 0.303942 -0.002061 0.021474 -0.380806 0.924403
1778755102.773112 -5.183881 -31.523520 0.304443 -0.004333 0.020061 -0.383569 0.923284
1778755102.826416 -5.184174 -31.521570 0.304499 -0.004267 0.019836 -0.385610 0.922439
1778755102.880241 -5.183963 -31.521645 0.304521 -0.003865 0.019715 -0.386934 0.921889
1778755102.932271 -5.183322 -31.523258 0.304557 -0.003217 0.019886 -0.387211 0.921771
1778755102.988467 -5.182378 -31.524981 0.304580 -0.003015 0.020002 -0.387689 0.921569
1778755103.048022 -5.181081 -31.526371 0.304613 -0.003450 0.020197 -0.388236 0.921332
1778755103.093393 -5.179798 -31.527023 0.304632 -0.004040 0.020353 -0.388772 0.921100
1778755103.148897 -5.178657 -31.526388 0.304806 -0.004787 0.020272 -0.388202 0.921339
1778755103.199246 -5.177795 -31.525705 0.305020 -0.005396 0.020089 -0.386439 0.922080
1778755103.262320 -5.177367 -31.524487 0.305271 -0.006497 0.019346 -0.385369 0.922537
1778755103.302867 -5.177229 -31.523390 0.305499 -0.006849 0.018851 -0.383553 0.923301
1778755103.356260 -5.177449 -31.522305 0.305696 -0.007082 0.017979 -0.381711 0.924080
1778755103.413175 -5.177485 -31.521734 0.305830 -0.006918 0.017613 -0.380194 0.924713
1778755103.462438 -5.177322 -31.521646 0.305898 -0.006785 0.017271 -0.379500 0.925006
1778755103.529349 -5.177090 -31.521837 0.305957 -0.006594 0.017356 -0.379069 0.925182
1778755103.569116 -5.176864 -31.521885 0.305998 -0.006561 0.017276 -0.378736 0.925320
1778755103.628971 -5.176641 -31.521818 0.306052 -0.006782 0.017193 -0.378194 0.925542
1778755103.671856 -5.176455 -31.521662 0.306154 -0.007026 0.017013 -0.377541 0.925810
1778755103.728955 -5.176191 -31.521528 0.306243 -0.007085 0.016932 -0.376795 0.926115
1778755103.783013 -5.176012 -31.521521 0.306292 -0.007108 0.016826 -0.376309 0.926314
1778755103.835591 -5.175909 -31.521534 0.306339 -0.007082 0.016766 -0.375886 0.926487
1778755103.891976 -5.175776 -31.521633 0.306378 -0.007054 0.016737 -0.375596 0.926606
1778755103.944773 -5.175689 -31.521688 0.306397 -0.007062 0.016801 -0.375484 0.926650
1778755104.017347 -5.175602 -31.521780 0.306404 -0.007025 0.016790 -0.375261 0.926740
1778755104.064303 -5.175552 -31.521832 0.306405 -0.006998 0.016689 -0.375021 0.926840
1778755104.115422 -5.175572 -31.521690 0.306481 -0.006967 0.016095 -0.372789 0.927751
1778755104.169970 -5.175187 -31.522295 0.306872 -0.008497 0.015872 -0.365184 0.930761
1778755104.221833 -5.174529 -31.522919 0.307637 -0.010987 0.014825 -0.353612 0.935210
1778755104.281205 -5.172387 -31.522902 0.308699 -0.013754 0.013400 -0.337850 0.941004
1778755104.328139 -5.169847 -31.523249 0.309866 -0.016175 0.012612 -0.318951 0.947549
1778755104.384097 -5.167531 -31.523819 0.311099 -0.017420 0.011485 -0.298280 0.954251
1778755104.440047 -5.166610 -31.525349 0.311838 -0.016724 0.011632 -0.272319 0.961991
1778755104.492977 -5.166459 -31.526857 0.312602 -0.015685 0.011231 -0.243957 0.969594
1778755104.549907 -5.165466 -31.527540 0.313136 -0.015063 0.011794 -0.209626 0.977595
1778755104.597828 -5.164887 -31.527868 0.313188 -0.019746 0.010974 -0.172618 0.984730
1778755104.662495 -5.161346 -31.530132 0.312356 -0.019432 0.010989 -0.127905 0.991535
1778755104.716591 -5.156896 -31.532120 0.313901 -0.015098 0.012661 -0.085734 0.996123
1778755104.767894 -5.146719 -31.534220 0.314261 -0.014467 0.013164 -0.043772 0.998850
1778755104.823546 -5.134596 -31.536955 0.314014 -0.009457 0.018371 -0.003491 0.999780
1778755104.875427 -5.118326 -31.539568 0.315482 -0.009270 0.025015 0.042639 0.998734
1778755104.934196 -5.102423 -31.544895 0.313739 -0.005041 0.028676 0.087771 0.995715
1778755104.981630 -5.085528 -31.542746 0.314979 -0.004965 0.026624 0.124266 0.991879
1778755105.035522 -5.067907 -31.537174 0.320254 -0.014314 0.030965 0.167844 0.985223
1778755105.089681 -5.061708 -31.521097 0.295336 -0.029067 0.028362 0.216477 0.975443
1778755105.136631 -5.068436 -31.527191 0.300797 -0.026854 0.022400 0.258234 0.965449
1778755105.191735 -5.052309 -31.513525 0.311336 -0.021755 0.026156 0.283153 0.958471
1778755105.247060 -5.033180 -31.504616 0.312223 -0.021300 0.017439 0.305993 0.951636
1778755105.297717 -5.011240 -31.491486 0.309254 -0.019221 0.013115 0.318301 0.947704
1778755105.353220 -4.991526 -31.477844 0.304374 -0.025373 0.014774 0.318001 0.947636
1778755105.410208 -4.977721 -31.468016 0.299855 -0.032886 0.003107 0.307899 0.950845
1778755105.459356 -4.967739 -31.464706 0.305459 -0.015082 0.008710 0.296339 0.954924
1778755105.512577 -4.960642 -31.457273 0.309242 -0.009345 0.007438 0.278251 0.960434
1778755105.566764 -4.949808 -31.449377 0.310913 -0.002931 0.007646 0.253631 0.967266
1778755105.620908 -4.943426 -31.441273 0.312719 -0.009392 0.009177 0.224169 0.974462
1778755105.674086 -4.938121 -31.436146 0.312107 -0.014848 0.003150 0.195962 0.980494
1778755105.731536 -4.935983 -31.432766 0.313331 -0.021136 0.001022 0.159169 0.987025
1778755105.777231 -4.936348 -31.430063 0.313098 -0.026401 -0.001173 0.125971 0.991682
1778755105.834162 -4.939507 -31.428061 0.312281 -0.030177 -0.000473 0.091667 0.995332
1778755105.887679 -4.945035 -31.428713 0.313014 -0.028631 -0.000201 0.053681 0.998148
1778755105.942517 -4.955206 -31.428907 0.312682 -0.018479 -0.000047 0.010400 0.999775
1778755105.992189 -4.972321 -31.422825 0.309306 -0.015726 -0.002344 -0.033081 0.999326
1778755106.046749 -4.984171 -31.425068 0.310811 0.003969 0.017004 -0.076114 0.996946
1778755106.101910 -4.998746 -31.418596 0.311860 0.010246 0.027272 -0.123798 0.991880
1778755106.151552 -5.014328 -31.413595 0.303796 0.014545 0.024863 -0.171590 0.984747
1778755106.206446 -5.023494 -31.402906 0.296816 -0.001170 0.015001 -0.221151 0.975124
1778755106.267119 -5.034708 -31.394646 0.305932 0.003277 0.024336 -0.260867 0.965062
1778755106.312325 -5.043597 -31.379498 0.312153 -0.007287 0.031488 -0.297024 0.954323
1778755106.368275 -5.056513 -31.363798 0.310080 -0.002482 0.026630 -0.327997 0.944300
1778755106.418471 -5.062997 -31.347263 0.304308 -0.013860 0.027433 -0.355249 0.934266
1778755106.472271 -5.071305 -31.336897 0.306967 -0.011544 0.031720 -0.372933 0.927244
1778755106.530578 -5.077932 -31.328093 0.306775 0.001196 0.033318 -0.392896 0.918978
1778755106.579858 -5.083781 -31.317745 0.304402 0.005815 0.033463 -0.407903 0.912394
1778755106.632760 -5.088200 -31.306919 0.301412 -0.007570 0.031747 -0.419350 0.907238
1778755106.685504 -5.092067 -31.299364 0.301309 -0.003697 0.029202 -0.427776 0.903405
1778755106.753261 -5.092527 -31.295359 0.301244 -0.002910 0.027302 -0.432869 0.901038
1778755106.789045 -5.093513 -31.293503 0.302880 -0.001739 0.026182 -0.437627 0.898774
1778755106.842098 -5.094094 -31.293064 0.304895 0.003954 0.022482 -0.442368 0.896543
1778755106.896763 -5.092972 -31.292772 0.305938 0.009397 0.019266 -0.446675 0.894439
1778755106.948349 -5.092097 -31.291544 0.306360 0.011408 0.017947 -0.449203 0.893177
1778755107.002519 -5.090985 -31.290436 0.304467 0.012723 0.017011 -0.450489 0.892529
1778755107.056745 -5.089595 -31.289499 0.302628 0.010301 0.018467 -0.451520 0.892010
1778755107.110054 -5.088671 -31.288780 0.303020 0.008219 0.020105 -0.451030 0.892245
1778755107.164351 -5.087964 -31.288446 0.303490 0.005972 0.020741 -0.450001 0.892767
1778755107.215171 -5.087322 -31.287786 0.303768 0.004296 0.021129 -0.449429 0.893056
1778755107.275684 -5.086611 -31.287039 0.304097 0.002941 0.021513 -0.448640 0.893449
1778755107.321812 -5.086001 -31.286366 0.304408 0.001849 0.021419 -0.447599 0.893976
1778755107.375729 -5.085311 -31.285883 0.304756 0.000769 0.021630 -0.446339 0.894602
1778755107.428725 -5.084666 -31.285608 0.304997 0.000091 0.021709 -0.445186 0.895175
1778755107.481984 -5.084186 -31.285389 0.305223 -0.000708 0.021711 -0.444224 0.895652
1778755107.538214 -5.083797 -31.285254 0.305427 -0.001339 0.021752 -0.443088 0.896213
1778755107.588506 -5.083256 -31.285227 0.305534 -0.002094 0.021619 -0.440956 0.897266
1778755107.644716 -5.082993 -31.285635 0.305912 -0.002366 0.020782 -0.434281 0.900535
1778755107.698889 -5.082589 -31.286358 0.306578 -0.003090 0.019914 -0.422764 0.906016
1778755107.747990 -5.081125 -31.286821 0.307558 -0.005957 0.019059 -0.407637 0.912926
1778755107.802770 -5.078547 -31.287079 0.308818 -0.008987 0.017540 -0.389723 0.920721
1778755107.856330 -5.076004 -31.288076 0.309544 -0.010786 0.015800 -0.368380 0.929479
1778755107.909291 -5.075023 -31.289587 0.310193 -0.011032 0.014558 -0.343729 0.938891
1778755107.961803 -5.074077 -31.291283 0.310742 -0.010089 0.013725 -0.316842 0.948325
1778755108.014681 -5.072296 -31.292711 0.311024 -0.013727 0.013965 -0.285172 0.958276
1778755108.071515 -5.070515 -31.294041 0.310879 -0.013971 0.013840 -0.251382 0.967688
1778755108.122724 -5.068600 -31.295313 0.309669 -0.013771 0.012264 -0.209949 0.977539
1778755108.175111 -5.066049 -31.295956 0.307812 -0.012509 0.011708 -0.158899 0.987146
1778755108.225131 -5.063491 -31.296179 0.304060 -0.011216 0.010019 -0.106053 0.994247
1778755108.285439 -5.061761 -31.296631 0.298111 -0.007609 0.007031 -0.040472 0.999127
1778755108.336155 -5.061986 -31.299101 0.290059 -0.000087 0.004324 0.022994 0.999726
1778755108.384237 -5.061900 -31.298410 0.287457 -0.002893 0.003725 0.084756 0.996391
1778755108.440041 -5.057436 -31.294329 0.293992 -0.032807 0.001063 0.147323 0.988544
1778755108.492896 -5.049059 -31.290031 0.294079 -0.042182 -0.015774 0.209099 0.976857
1778755108.544076 -5.056279 -31.291246 0.292174 -0.040879 -0.031775 0.263905 0.963158
1778755108.599696 -5.046895 -31.274311 0.292758 -0.069642 -0.037670 0.326845 0.941756
1778755108.651954 -5.036154 -31.242863 0.303784 -0.073606 -0.044096 0.394231 0.914997
1778755108.713823 -5.013437 -31.223488 0.306532 -0.059259 -0.016729 0.456911 0.887379
1778755108.758309 -5.007246 -31.193453 0.308281 -0.053551 -0.006588 0.509357 0.858862
1778755108.810170 -4.999187 -31.159983 0.307608 -0.050605 -0.003783 0.552846 0.831737
1778755108.867810 -4.980844 -31.119520 0.299341 -0.027148 -0.005607 0.591324 0.805957
1778755108.918250 -4.977114 -31.075832 0.304333 -0.041854 -0.017861 0.612530 0.789136
1778755108.977906 -4.969136 -31.037386 0.310269 -0.042941 -0.025414 0.635132 0.770790
1778755109.026614 -4.963459 -30.989613 0.312811 -0.032980 -0.036337 0.657176 0.752138
1778755109.075958 -4.961972 -30.945784 0.313045 -0.026332 -0.036205 0.671118 0.739997
1778755109.129029 -4.960527 -30.892410 0.309097 -0.031659 -0.019232 0.687826 0.724930
1778755109.182528 -4.961478 -30.840286 0.312622 -0.022815 -0.012238 0.697409 0.716205
1778755109.234473 -4.961409 -30.782290 0.314797 -0.027737 -0.021153 0.696621 0.716591
1778755109.289142 -4.957985 -30.725243 0.309840 -0.009511 -0.006858 0.687463 0.726125
1778755109.341038 -4.964765 -30.680605 0.313062 -0.024552 -0.015748 0.664015 0.747150
1778755109.394072 -4.960114 -30.630512 0.308831 -0.019769 -0.021131 0.646838 0.762079
1778755109.448117 -4.953983 -30.577042 0.288270 -0.007526 -0.028972 0.633448 0.773206
1778755109.501729 -4.935230 -30.529047 0.296674 0.004399 0.008576 0.625610 0.780076
1778755109.555946 -4.926451 -30.471285 0.309198 -0.001155 0.024877 0.617423 0.786237
1778755109.617027 -4.913071 -30.419586 0.317014 0.000088 0.018660 0.604847 0.796123
1778755109.660514 -4.892711 -30.363718 0.316757 -0.000107 0.013696 0.594853 0.803718
1778755109.714687 -4.881308 -30.321117 0.310480 -0.004467 0.028726 0.585719 0.809993
1778755109.768669 -4.863117 -30.267815 0.312216 -0.000069 0.022709 0.577981 0.815734
1778755109.823651 -4.845680 -30.215883 0.313205 0.001173 0.005144 0.574820 0.818263
1778755109.878824 -4.822421 -30.148489 0.303170 -0.000397 -0.001156 0.571950 0.820287
1778755109.927219 -4.805383 -30.103800 0.311548 -0.006593 0.011745 0.569605 0.821808
1778755109.981396 -4.785829 -30.049923 0.317039 -0.003079 0.012192 0.566158 0.824201
1778755110.036253 -4.763124 -29.992624 0.318323 -0.006886 -0.001869 0.561865 0.827198
1778755110.090305 -4.742622 -29.950186 0.309939 -0.001360 0.007337 0.559031 0.829113
1778755110.143936 -4.726937 -29.899012 0.310190 -0.007731 0.002421 0.554108 0.832406
1778755110.193064 -4.706930 -29.846170 0.312194 -0.003873 -0.010475 0.554891 0.831849
1778755110.246975 -4.686133 -29.787823 0.314209 0.002003 -0.019418 0.556632 0.830530
1778755110.301410 -4.665351 -29.741543 0.307282 -0.001020 0.001117 0.557154 0.830408
1778755110.355262 -4.645864 -29.687550 0.312186 -0.002274 0.008943 0.558026 0.829772
1778755110.407510 -4.627133 -29.636679 0.314299 -0.006575 0.003966 0.555230 0.831662
1778755110.460587 -4.602723 -29.581902 0.301859 -0.009386 0.006664 0.554683 0.831982
1778755110.523279 -4.593301 -29.542728 0.304083 -0.003183 0.005730 0.555084 0.831769
1778755110.564959 -4.579119 -29.499922 0.311633 -0.004670 0.001334 0.559582 0.828761
1778755110.617875 -4.561461 -29.457403 0.313390 -0.004666 0.000023 0.570885 0.821017
1778755110.676087 -4.547526 -29.407610 0.302921 -0.015692 0.006251 0.588360 0.808423
1778755110.729586 -4.532057 -29.380457 0.300393 -0.011212 -0.003815 0.606493 0.795001
1778755110.782520 -4.520644 -29.349525 0.309824 -0.007016 -0.001829 0.628961 0.777403
1778755110.836207 -4.515546 -29.318644 0.313860 -0.007164 -0.009133 0.651816 0.758288
1778755110.888522 -4.511587 -29.286812 0.315204 -0.002903 -0.014700 0.675418 0.737283
1778755110.942531 -4.511545 -29.248381 0.313297 -0.006512 -0.019894 0.696179 0.717563
1778755110.994616 -4.512314 -29.221292 0.311425 -0.018519 -0.015773 0.709113 0.704676
1778755111.048180 -4.516919 -29.197071 0.314987 -0.018643 -0.019853 0.721536 0.691841
1778755111.100989 -4.521191 -29.170746 0.315589 -0.018340 -0.020407 0.734968 0.677547
1778755111.156505 -4.526085 -29.149103 0.316424 -0.015442 -0.017286 0.746849 0.664590
1778755111.210029 -4.530899 -29.131029 0.312487 -0.014117 -0.019264 0.755800 0.654367
1778755111.263159 -4.532488 -29.112143 0.308328 -0.008529 -0.015397 0.763649 0.645391
1778755111.320354 -4.537505 -29.100683 0.312324 -0.010007 -0.015690 0.770378 0.637316
