# camera_optical trajectory from onboard odometry (NOT ground truth)
1779360452.430859 8.344604 25.042485 0.097316 -0.053634 -0.649649 0.756193 0.057023
1779360452.566123 8.344699 25.051154 0.111204 -0.054123 -0.655306 0.751289 0.056655
1779360452.706992 8.346490 25.070456 0.163603 -0.054766 -0.650311 0.755563 0.056753
1779360452.848485 8.344991 25.075316 0.220410 -0.058335 -0.662819 0.744387 0.056178
1779360452.987076 8.343891 25.069000 0.271453 -0.058936 -0.673034 0.734984 0.057877
1779360453.127910 8.345536 25.059861 0.321050 -0.056186 -0.677622 0.730880 0.059043
1779360453.270175 8.345134 25.048465 0.338819 -0.055197 -0.681747 0.727065 0.059595
1779360453.407975 8.344272 25.047595 0.339693 -0.055915 -0.682793 0.726055 0.059246
1779360453.554637 8.345597 25.052203 0.340211 -0.055189 -0.682084 0.726801 0.058953
1779360453.689019 8.345321 25.052739 0.340281 -0.055579 -0.681878 0.726950 0.059134
1779360453.829681 8.345184 25.052058 0.340300 -0.055638 -0.681938 0.726884 0.059200
1779360453.971607 8.345197 25.052097 0.340340 -0.055599 -0.681900 0.726928 0.059140
1779360454.108932 8.345207 25.052132 0.340376 -0.055598 -0.681854 0.726969 0.059162
1779360454.248055 8.345325 25.052150 0.340403 -0.055463 -0.681833 0.727005 0.059095
1779360454.390006 8.345156 25.052199 0.340426 -0.055646 -0.681787 0.727031 0.059129
1779360454.532643 8.345231 25.052230 0.340455 -0.055571 -0.681755 0.727071 0.059068
1779360454.672676 8.345233 25.052249 0.340475 -0.055561 -0.681731 0.727100 0.059001
1779360454.812510 8.345921 25.055607 0.339838 -0.054154 -0.681126 0.727698 0.059917
1779360454.968452 8.368510 25.055251 0.338124 -0.025201 -0.684308 0.727525 0.042375
1779360455.097434 8.404943 25.041399 0.337963 0.006253 -0.684348 0.729097 0.006808
1779360455.232990 8.459485 25.010945 0.339945 0.044314 -0.681457 0.728766 -0.050525
1779360455.374430 8.512038 24.984779 0.329701 0.091965 -0.681004 0.720275 -0.094769
1779360455.513273 8.576848 24.976044 0.316969 0.160828 -0.683675 0.696992 -0.144653
1779360455.658892 8.648397 24.988768 0.298921 -0.204830 0.684531 -0.667487 0.209579
1779360455.801293 8.710149 24.979484 0.302435 -0.238245 0.668561 -0.659314 0.248136
1779360455.937688 8.762036 24.961420 0.312315 0.268085 -0.648581 0.664372 -0.257067
1779360456.081498 8.829440 24.929888 0.313116 0.290306 -0.633926 0.664972 -0.267717
1779360456.220256 8.886469 24.896280 0.316763 0.301156 -0.635063 0.653670 -0.280563
1779360456.363202 8.947182 24.847675 0.319163 0.299516 -0.631306 0.656780 -0.283519
1779360456.497363 9.017293 24.794342 0.316807 0.308209 -0.635691 0.651162 -0.277295
1779360456.643423 9.115725 24.727248 0.318604 0.308383 -0.629255 0.651334 -0.291038
1779360456.782673 9.215470 24.639125 0.311687 -0.293820 0.650580 -0.640439 0.283289
1779360456.926806 9.268180 24.507909 0.303023 -0.243968 0.673629 -0.654947 0.240309
1779360457.061363 9.342200 24.393165 0.294849 -0.225608 0.678590 -0.667295 0.208168
1779360457.202261 9.385917 24.285382 0.315528 -0.189064 0.679357 -0.676741 0.211541
1779360457.340267 9.427983 24.178881 0.303567 -0.180211 0.692365 -0.673552 0.185697
1779360457.483434 9.501299 24.045722 0.307361 -0.176348 0.686287 -0.682225 0.180223
1779360457.632132 9.577506 23.896651 0.306673 -0.176048 0.688482 -0.682449 0.171063
1779360457.767681 9.626977 23.788692 0.318594 0.169729 -0.681706 0.693383 -0.160280
1779360457.907233 9.649138 23.646510 0.307571 -0.118133 0.699539 -0.691046 0.138366
1779360458.047796 9.657941 23.485191 0.306742 -0.072114 0.705292 -0.698864 0.094621
1779360458.184337 9.669059 23.344383 0.322657 0.054388 -0.693764 0.715568 -0.060790
1779360458.325875 9.673546 23.205125 0.312489 -0.027517 0.711628 -0.699069 0.064267
1779360458.466754 9.667008 23.067269 0.304378 -0.023702 0.713400 -0.699301 0.038438
1779360458.605796 9.669063 22.946155 0.304501 0.024702 -0.703888 0.709381 -0.026634
1779360458.751211 9.676361 22.817382 0.317885 0.021413 -0.701641 0.711829 -0.023243
1779360458.890723 9.678630 22.677086 0.305777 -0.025446 0.710894 -0.702777 0.009309
1779360459.029231 9.691278 22.517534 0.314567 0.028229 -0.697821 0.715652 -0.009580
1779360459.171708 9.703991 22.366365 0.321029 0.024220 -0.702237 0.711338 -0.016588
1779360459.315379 9.707175 22.237322 0.315858 0.020259 -0.706337 0.707483 -0.012097
1779360459.450335 9.712287 22.087891 0.308672 0.025674 -0.704650 0.708993 -0.011742
1779360459.595639 9.726378 21.970162 0.322354 0.034387 -0.701060 0.712142 -0.013669
1779360459.730051 9.761741 21.873407 0.315653 0.062471 -0.704754 0.705961 -0.032226
1779360459.875673 9.801603 21.771683 0.313528 0.082267 -0.700160 0.707125 -0.054607
1779360460.018909 9.828017 21.690187 0.315819 0.090158 -0.696085 0.708613 -0.072148
1779360460.155018 9.854927 21.598110 0.324171 0.096760 -0.689981 0.713360 -0.075375
1779360460.297082 9.888529 21.483062 0.322296 0.103571 -0.693325 0.708988 -0.076873
1779360460.433707 9.927500 21.369640 0.312130 0.102437 -0.699472 0.701457 -0.090574
1779360460.574886 9.956839 21.221977 0.318127 0.096025 -0.699183 0.704845 -0.071525
1779360460.714504 9.970442 21.090509 0.322441 0.065433 -0.693934 0.714685 -0.058304
1779360460.859224 9.990435 20.941186 0.303967 -0.043230 0.711465 -0.698338 0.065362
1779360460.999504 9.994748 20.796631 0.309273 -0.038062 0.707674 -0.703975 0.046568
1779360461.139235 10.009028 20.648696 0.317272 0.039539 -0.697995 0.714234 -0.033311
1779360461.291346 10.026387 20.497854 0.310097 0.035006 -0.704883 0.707587 -0.035145
1779360461.419272 10.037635 20.354420 0.315690 0.035713 -0.703603 0.709227 -0.025778
1779360461.571113 10.055944 20.197249 0.322041 0.035495 -0.695834 0.716855 -0.025955
1779360461.696345 10.069145 20.060911 0.315881 -0.026537 0.706549 -0.706250 0.035993
1779360461.839394 10.070782 19.940449 0.306672 0.020855 -0.706668 0.707143 -0.011586
1779360461.982656 10.075630 19.805372 0.322258 0.014266 -0.690495 0.723196 0.000198
1779360462.125251 10.073818 19.645425 0.310955 0.005562 0.709522 -0.704610 0.008434
1779360462.266255 10.062982 19.496178 0.307154 0.007045 0.710329 -0.703802 -0.006785
1779360462.401882 10.060647 19.359329 0.305540 -0.002326 -0.696479 0.717427 0.014490
1779360462.544643 10.057659 19.209767 0.319838 0.009579 0.707813 -0.706277 -0.008997
1779360462.687387 10.052180 19.104941 0.305149 0.005919 0.714109 -0.699749 -0.019095
1779360462.822778 10.044355 18.961779 0.320903 -0.011885 -0.693050 0.720060 0.032461
1779360462.964686 9.981796 18.818796 0.313565 0.073703 0.709961 -0.696513 -0.073435
1779360463.108117 9.909941 18.693072 0.314205 -0.123688 -0.693929 0.700295 0.112919
1779360463.246522 9.839977 18.559595 0.305338 -0.155133 -0.691141 0.695185 0.122377
1779360463.384447 9.764733 18.428226 0.310559 0.167395 0.692914 -0.686015 -0.145714
1779360463.525624 9.689733 18.302460 0.310703 -0.175407 -0.685870 0.687321 0.162494
1779360463.667927 9.613177 18.168216 0.308293 0.176520 0.690415 -0.681230 -0.167611
1779360463.813740 9.532379 18.032458 0.303793 0.178289 0.693043 -0.674842 -0.180257
1779360463.947175 9.449288 17.929787 0.320937 -0.192415 -0.666281 0.684912 0.223476
1779360464.088385 9.310561 17.852125 0.313929 -0.291639 -0.649196 0.652042 0.261405
1779360464.227280 9.155409 17.847034 0.310972 -0.385590 -0.596653 0.599896 0.368035
1779360464.369071 9.051983 17.866836 0.292832 -0.462590 -0.547295 0.569627 0.402497
1779360464.507935 8.910768 17.888037 0.291265 0.526899 0.515647 -0.514472 -0.437955
1779360464.648837 8.806388 17.944783 0.269464 0.558461 0.460987 -0.463795 -0.510398
1779360464.791910 8.727715 17.991431 0.295971 0.590715 0.418184 -0.448216 -0.524671
1779360464.936254 8.595477 18.067925 0.294107 0.601173 0.393635 -0.422687 -0.552248
1779360465.077076 8.471524 18.124051 0.303433 0.593542 0.391506 -0.400988 -0.577615
1779360465.215441 8.339352 18.192957 0.314176 0.596323 0.382233 -0.389163 -0.588939
1779360465.355512 8.213057 18.253875 0.309253 0.597920 0.383646 -0.374821 -0.595665
1779360465.496527 8.103576 18.306554 0.304636 0.602560 0.385313 -0.373664 -0.590618
1779360465.637000 7.972127 18.373677 0.307045 0.604162 0.382722 -0.369683 -0.593167
1779360465.774151 7.840042 18.432367 0.311435 -0.595833 -0.380255 0.369207 0.603387
1779360465.917695 7.695602 18.498580 0.307619 0.609389 0.378611 -0.376431 -0.586173
1779360466.054366 7.567964 18.561394 0.303395 0.606517 0.384728 -0.363812 -0.593096
1779360466.197338 7.422203 18.625970 0.312339 -0.594982 -0.381578 0.370329 0.602703
1779360466.338331 7.287882 18.686113 0.308067 0.605938 0.385175 -0.370920 -0.588980
1779360466.481453 7.154187 18.748585 0.304457 0.602019 0.387683 -0.365974 -0.594423
1779360466.619590 7.002045 18.806867 0.309982 -0.588909 -0.386168 0.374012 0.603470
1779360466.764185 6.875871 18.864034 0.316961 0.597063 0.385140 -0.376553 -0.594467
1779360466.906267 6.752023 18.922964 0.310395 0.598658 0.385960 -0.371626 -0.595431
1779360467.039476 6.628959 18.980367 0.302735 0.599741 0.386821 -0.376734 -0.590552
1779360467.183482 6.469717 19.053619 0.308297 0.599595 0.386485 -0.377023 -0.590736
1779360467.325829 6.338534 19.112968 0.305548 0.596962 0.387683 -0.371349 -0.596186
1779360467.463116 6.183925 19.173017 0.306039 0.606108 0.382498 -0.383452 -0.582488
1779360467.602019 6.072968 19.226045 0.302187 0.603002 0.386879 -0.375704 -0.587843
1779360467.741846 5.948382 19.276254 0.310962 -0.591049 -0.391233 0.374062 0.598060
1779360467.882205 5.828866 19.330250 0.311500 0.601168 0.388102 -0.383917 -0.583594
1779360468.033614 5.691374 19.394564 0.304678 0.601812 0.390267 -0.376918 -0.586043
1779360468.170597 5.548241 19.453845 0.302899 -0.590787 -0.392456 0.379669 0.593970
1779360468.322919 5.403175 19.513073 0.320479 -0.589679 -0.391659 0.382096 0.594041
1779360468.446551 5.286174 19.567385 0.305246 0.596257 0.398280 -0.372414 -0.589202
1779360468.594348 5.176840 19.615994 0.302161 -0.589413 -0.400098 0.378176 0.591182
1779360468.733618 5.035358 19.678357 0.312702 -0.586777 -0.396082 0.383259 0.593232
1779360468.868750 4.901754 19.735035 0.313554 -0.587569 -0.397893 0.376418 0.595612
1779360469.007620 4.765945 19.788930 0.304603 0.594952 0.399136 -0.384656 -0.582033
1779360469.147621 4.627686 19.849367 0.308467 0.592023 0.399544 -0.381067 -0.587079
1779360469.292181 4.485604 19.902516 0.316049 -0.582128 -0.393890 0.388640 0.595765
1779360469.435897 4.341311 19.957705 0.310207 0.593293 0.396166 -0.392748 -0.580349
1779360469.571464 4.212760 20.015371 0.306971 0.591012 0.396948 -0.386932 -0.586022
1779360469.712363 4.069019 20.066260 0.316212 -0.575514 -0.393794 0.393881 0.598805
1779360469.852477 3.929995 20.122198 0.311939 0.590177 0.398884 -0.392321 -0.581951
1779360469.994256 3.797254 20.177637 0.305526 0.589989 0.402241 -0.384372 -0.585127
1779360470.131466 3.651286 20.230612 0.314606 -0.575254 -0.400282 0.393164 0.595213
1779360470.277062 3.501649 20.286440 0.310016 0.587771 0.404650 -0.393557 -0.579566
1779360470.414217 3.367782 20.336361 0.311412 0.585848 0.407451 -0.389435 -0.582328
1779360470.554841 3.226359 20.402946 0.306885 0.594338 0.395880 -0.383925 -0.585357
1779360470.695184 3.098958 20.472844 0.312981 0.601280 0.381130 -0.374346 -0.594195
1779360470.837729 3.003865 20.519935 0.319376 -0.597790 -0.371552 0.370950 0.605799
1779360470.975182 2.862062 20.590794 0.304105 0.618842 0.365496 -0.376613 -0.584474
1779360471.113378 2.728435 20.668177 0.295244 0.615105 0.372092 -0.360839 -0.594128
1779360471.253647 2.607748 20.729905 0.318099 -0.600497 -0.366690 0.361910 0.611526
1779360471.396321 2.460295 20.799284 0.308264 0.613149 0.372659 -0.359716 -0.596471
1779360471.536767 2.357844 20.859269 0.303265 0.609109 0.371393 -0.358075 -0.602358
1779360471.675456 2.207794 20.930877 0.310559 -0.600333 -0.371826 0.360811 0.609230
1779360471.815425 2.092705 20.992002 0.316986 -0.604407 -0.367600 0.364935 0.605297
1779360471.962638 2.001172 21.043249 0.306663 0.612605 0.369472 -0.356291 -0.601051
1779360472.095485 1.855367 21.113198 0.304956 0.606430 0.370001 -0.364056 -0.602333
1779360472.237110 1.718321 21.176531 0.298955 0.609098 0.373209 -0.360058 -0.600061
1779360472.376046 1.611219 21.223646 0.315520 -0.600524 -0.372358 0.360297 0.609021
1779360472.517971 1.474217 21.282002 0.309912 0.606024 0.375460 -0.363578 -0.599645
1779360472.658046 1.352055 21.343911 0.311775 0.606090 0.376187 -0.361546 -0.600352
1779360472.801193 1.239425 21.397795 0.314918 -0.599373 -0.374120 0.363968 0.606888
1779360472.942799 1.103168 21.458590 0.309036 0.607343 0.374212 -0.371731 -0.594067
1779360473.081957 0.986365 21.516599 0.302963 0.604871 0.377312 -0.365587 -0.598425
1779360473.216288 0.870263 21.565424 0.313500 -0.590873 -0.379364 0.366757 0.610280
1779360473.356081 0.736490 21.629578 0.308428 0.604475 0.382752 -0.369077 -0.593206
1779360473.498234 0.620807 21.690462 0.298605 0.608742 0.385989 -0.360312 -0.592132
1779360473.635544 0.470713 21.759786 0.308808 -0.596649 -0.382444 0.368086 0.601880
1779360473.782705 0.350128 21.817845 0.317337 -0.598106 -0.379519 0.374333 0.598423
1779360473.915473 0.265444 21.857671 0.306321 0.602860 0.382243 -0.368588 -0.595478
1779360474.062660 0.114711 21.927249 0.303769 0.601912 0.382703 -0.376770 -0.591004
1779360474.195820 -0.006006 21.986461 0.316717 0.597646 0.378393 -0.378916 -0.596708
1779360474.340383 -0.141707 22.056715 0.309580 0.600070 0.381315 -0.369271 -0.598460
1779360474.480464 -0.254174 22.109628 0.305497 0.599347 0.382044 -0.375248 -0.594991
1779360474.620814 -0.410342 22.185031 0.306146 -0.595632 -0.381043 0.376321 0.598675
1779360474.759401 -0.505330 22.222920 0.309269 -0.595565 -0.384837 0.373732 0.597935
1779360474.900539 -0.640394 22.287487 0.316055 0.597377 0.379299 -0.384851 -0.592590
1779360475.039408 -0.769400 22.349867 0.309216 0.599099 0.386018 -0.372604 -0.594337
1779360475.179074 -0.910834 22.409287 0.312644 -0.587757 -0.385597 0.377516 0.602775
1779360475.319336 -1.059159 22.472550 0.312800 0.600461 0.385816 -0.380149 -0.588286
1779360475.461327 -1.193064 22.534371 0.308652 0.597316 0.388757 -0.376267 -0.592035
1779360475.600695 -1.321989 22.591632 0.305667 -0.585037 -0.396530 0.372646 0.601358
1779360475.742498 -1.461520 22.658739 0.323148 -0.590604 -0.384764 0.379751 0.599110
1779360475.885864 -1.571265 22.735430 0.320165 -0.603952 -0.355368 0.356710 0.617829
1779360476.019203 -1.691157 22.821058 0.300008 0.628087 0.340752 -0.348267 -0.606716
1779360476.157655 -1.806680 22.917056 0.306244 0.636509 0.326702 -0.333883 -0.613713
1779360476.300100 -1.903699 22.994767 0.315570 -0.625479 -0.324082 0.321984 0.632513
1779360476.439054 -2.029783 23.088806 0.309654 0.638317 0.319449 -0.322668 -0.621602
1779360476.580312 -2.148479 23.183835 0.306139 0.640302 0.319352 -0.312439 -0.624827
1779360476.721455 -2.279792 23.275485 0.318839 -0.627504 -0.315453 0.316218 0.637757
1779360476.860281 -2.401574 23.364152 0.306909 0.643979 0.316460 -0.317045 -0.620183
1779360477.005278 -2.468103 23.426456 0.302542 0.642490 0.317439 -0.306104 -0.626690
1779360477.146338 -2.606391 23.521593 0.309052 -0.630243 -0.319602 0.307486 0.637260
1779360477.285347 -2.723759 23.606426 0.297137 0.640091 0.323781 -0.306212 -0.625846
1779360477.420681 -2.840328 23.690257 0.306673 0.638013 0.319492 -0.306847 -0.629848
1779360477.561167 -2.968335 23.779360 0.301424 0.636804 0.319885 -0.316402 -0.626134
1779360477.705802 -3.101782 23.881014 0.307438 0.634685 0.320644 -0.313454 -0.629372
1779360477.841474 -3.205562 23.956481 0.310035 0.634451 0.321980 -0.304623 -0.633250
1779360477.979629 -3.329372 24.043438 0.304691 0.638300 0.322175 -0.312895 -0.625198
1779360478.121117 -3.457624 24.135234 0.301508 0.635517 0.326392 -0.306782 -0.628865
1779360478.267987 -3.586042 24.222424 0.317238 -0.625462 -0.323388 0.310829 0.638438
1779360478.399732 -3.723305 24.313288 0.307486 0.637639 0.323568 -0.316682 -0.623244
1779360478.541826 -3.842066 24.401632 0.302458 0.637303 0.323293 -0.314572 -0.624797
1779360478.685077 -3.984146 24.493918 0.308732 -0.618227 -0.324334 0.318637 0.641151
1779360478.821419 -4.093687 24.575880 0.309265 0.638252 0.321495 -0.324384 -0.619718
1779360478.960760 -4.187952 24.651920 0.307166 0.638821 0.322277 -0.320192 -0.620904
1779360479.100980 -4.303697 24.728599 0.308074 0.629757 0.328035 -0.319812 -0.627311
1779360479.245506 -4.422213 24.814980 0.314526 0.628890 0.326827 -0.323275 -0.627037
1779360479.380457 -4.535647 24.895427 0.309261 0.633282 0.327067 -0.318959 -0.624697
1779360479.520530 -4.645062 24.988908 0.306312 0.634064 0.321738 -0.311811 -0.630255
1779360479.661584 -4.743178 25.073539 0.309505 0.639067 0.314137 -0.299014 -0.635218
1779360479.805825 -4.807786 25.147355 0.316587 -0.646556 -0.290142 0.274546 0.649929
1779360479.938667 -4.848488 25.236747 0.315736 -0.658510 -0.245319 0.239110 0.670081
1779360480.082662 -4.869327 25.324585 0.311340 0.682875 0.199493 -0.210532 -0.670493
1779360480.220446 -4.888512 25.414548 0.305113 0.690223 0.173767 -0.172901 -0.680810
1779360480.366321 -4.912745 25.486943 0.312893 0.694106 0.156627 -0.156253 -0.685032
1779360480.501833 -4.944394 25.560046 0.311519 -0.690954 -0.149999 0.147965 0.691512
1779360480.641425 -4.976313 25.636624 0.304618 0.697666 0.151330 -0.147442 -0.684560
1779360480.781169 -5.033988 25.691681 0.306929 0.686324 0.181014 -0.167112 -0.684300
1779360480.922695 -5.119610 25.730474 0.307229 0.673433 0.240312 -0.197985 -0.670477
1779360481.060460 -5.217916 25.758186 0.307730 -0.648624 -0.295261 0.247860 0.656257
1779360481.209751 -5.297932 25.783670 0.308591 0.637581 0.327432 -0.286181 -0.635908
1779360481.338464 -5.384616 25.820828 0.309253 -0.623144 -0.343707 0.307575 0.631629
1779360481.479225 -5.472440 25.858501 0.316703 -0.613253 -0.355662 0.322491 0.627235
1779360481.620283 -5.591615 25.910750 0.309970 0.614120 0.363833 -0.338512 -0.613100
1779360481.767577 -5.722685 25.976599 0.310204 0.611394 0.368628 -0.346339 -0.608572
1779360481.903476 -5.816998 26.026523 0.306681 0.611062 0.372790 -0.345718 -0.606721
1779360482.040360 -5.944760 26.083758 0.305892 0.609266 0.373669 -0.357280 -0.601263
1779360482.183738 -6.062868 26.137586 0.296038 0.608440 0.374306 -0.356553 -0.602134
1779360482.320580 -6.172918 26.177505 0.312390 0.599939 0.381304 -0.368974 -0.598781
1779360482.464173 -6.275112 26.200383 0.299698 -0.580225 -0.415864 0.391634 0.580533
1779360482.600903 -6.355385 26.207655 0.300776 0.569924 0.438221 -0.404250 -0.565447
1779360482.740751 -6.410113 26.204490 0.296975 0.560535 0.448858 -0.416231 -0.557744
1779360482.880474 -6.438471 26.204567 0.303055 0.554622 0.456518 -0.421684 -0.553325
1779360483.025886 -6.463385 26.205663 0.301378 0.554122 0.461244 -0.425181 -0.547196
1779360483.162684 -6.482438 26.209318 0.298349 0.554297 0.464189 -0.428480 -0.541930
1779360483.301276 -6.494626 26.209490 0.297090 0.545850 0.467396 -0.432633 -0.544442
1779360483.439840 -6.498141 26.208718 0.297355 -0.542991 -0.466820 0.437340 0.544035
1779360483.590745 -6.496998 26.209875 0.297868 -0.543619 -0.465265 0.436907 0.545087
1779360483.719503 -6.497050 26.210168 0.297818 -0.543816 -0.465209 0.436438 0.545314
1779360483.861719 -6.496647 26.210370 0.297826 -0.544047 -0.464998 0.435887 0.545703
1779360483.999048 -6.496436 26.210503 0.297765 -0.544216 -0.465010 0.435573 0.545775
1779360484.144597 -6.495977 26.210544 0.297766 -0.544309 -0.464979 0.435261 0.545958
1779360484.279721 -6.495681 26.210787 0.297737 -0.544512 -0.464848 0.434877 0.546173
1779360484.419055 -6.495487 26.210942 0.297743 -0.544624 -0.464756 0.434496 0.546443
1779360484.562701 -6.495332 26.211141 0.297725 -0.544800 -0.464661 0.434134 0.546636
1779360484.697353 -6.495115 26.211192 0.297705 -0.544895 -0.464638 0.433904 0.546744
1779360484.840805 -6.494942 26.211309 0.297706 -0.544984 -0.464568 0.433678 0.546893
1779360484.980189 -6.494709 26.211343 0.297685 -0.545049 -0.464573 0.433488 0.546975
1779360485.119669 -6.494542 26.211459 0.297650 -0.545209 -0.464539 0.433165 0.547101
1779360485.261358 -6.494365 26.211519 0.297595 -0.545276 -0.464561 0.433004 0.547142
1779360485.400252 -6.494241 26.211634 0.297577 -0.545407 -0.464482 0.432769 0.547264
1779360485.538806 -6.494179 26.211618 0.297535 -0.545450 -0.464574 0.432532 0.547331
1779360485.678159 -6.494058 26.211688 0.297525 -0.545521 -0.464565 0.432274 0.547472
1779360485.818535 -6.494062 26.211681 0.297523 -0.545531 -0.464628 0.432135 0.547518
1779360485.960741 -6.494009 26.211687 0.297508 -0.545532 -0.464675 0.431957 0.547618
1779360486.098316 -6.493906 26.211834 0.297489 -0.545628 -0.464609 0.431784 0.547714
1779360486.244100 -6.493792 26.211924 0.297451 -0.545712 -0.464626 0.431537 0.547812
1779360486.379234 -6.493692 26.211945 0.297460 -0.545703 -0.464626 0.431479 0.547865
1779360486.519118 -6.493677 26.211911 0.297459 -0.545674 -0.464680 0.431323 0.547971
1779360486.657746 -6.493639 26.211969 0.297461 -0.545718 -0.464655 0.431262 0.547998
1779360486.797365 -6.493670 26.212016 0.297417 -0.545781 -0.464684 0.431097 0.548040
1779360486.942103 -6.493681 26.211931 0.297428 -0.545733 -0.464774 0.431068 0.548034
1779360487.082999 -6.493630 26.211940 0.297378 -0.545779 -0.464855 0.430970 0.547996
1779360487.217141 -6.493576 26.211940 0.297369 -0.545808 -0.464867 0.430822 0.548073
1779360487.358916 -6.493559 26.211882 0.297361 -0.545769 -0.464947 0.430754 0.548098
1779360487.498048 -6.493557 26.211907 0.297291 -0.545846 -0.464988 0.430677 0.548047
1779360487.637318 -6.493577 26.211836 0.297265 -0.545826 -0.465086 0.430563 0.548073
1779360487.779083 -6.498692 26.212854 0.299661 -0.544757 -0.463306 0.434803 0.547297
1779360487.921607 -6.520421 26.215046 0.301979 0.544331 0.461045 -0.445179 -0.541255
1779360488.060361 -6.541014 26.221859 0.305052 0.548345 0.452273 -0.452298 -0.538696
1779360488.200304 -6.584069 26.231971 0.303406 0.546535 0.449078 -0.452270 -0.543213
1779360488.341896 -6.640792 26.241019 0.301905 -0.544705 -0.458617 0.441329 0.546073
1779360488.485114 -6.705718 26.247798 0.307386 -0.537204 -0.457647 0.446163 0.550372
1779360488.618141 -6.811554 26.258719 0.307999 0.541920 0.456501 -0.455331 -0.539077
1779360488.762127 -6.926478 26.284399 0.320427 -0.537094 -0.446324 0.460064 0.548330
1779360488.904845 -7.049122 26.314962 0.306268 0.549457 0.456944 -0.443456 -0.540967
1779360489.041016 -7.183647 26.332754 0.305039 0.543378 0.461044 -0.443942 -0.543226
1779360489.178561 -7.323664 26.363662 0.313729 -0.542200 -0.454934 0.448255 0.546006
1779360489.319160 -7.415370 26.387052 0.307967 0.547614 0.457632 -0.440423 -0.544719
1779360489.461494 -7.562902 26.408433 0.303785 0.549242 0.458644 -0.446873 -0.536920
1779360489.599020 -7.701941 26.435964 0.308597 0.545968 0.459747 -0.444047 -0.541639
1779360489.739017 -7.848239 26.461834 0.312569 -0.542309 -0.457804 0.444837 0.546293
1779360489.879311 -8.017606 26.491318 0.303727 0.551213 0.458691 -0.450404 -0.531887
1779360490.021453 -8.170341 26.527996 0.302455 0.547942 0.457173 -0.446822 -0.539539
1779360490.159289 -8.287712 26.551320 0.310651 -0.542185 -0.453236 0.448149 0.547518
1779360490.300839 -8.400855 26.576990 0.313334 0.546574 0.453398 -0.453295 -0.538712
1779360490.445853 -8.518170 26.604467 0.301450 0.553812 0.460582 -0.440213 -0.536068
1779360490.579308 -8.678831 26.631469 0.307664 -0.541255 -0.464424 0.439472 0.546093
1779360490.720620 -8.815968 26.655929 0.295728 0.546379 0.461018 -0.444079 -0.540117
1779360490.860751 -8.907683 26.670191 0.301911 -0.543486 -0.462723 0.438829 0.545838
1779360491.003858 -9.055021 26.690205 0.302360 -0.540555 -0.462031 0.446954 0.542733
1779360491.140868 -9.205480 26.718078 0.313790 -0.539097 -0.458717 0.449201 0.545135
1779360491.282136 -9.343123 26.747223 0.311161 -0.539586 -0.462540 0.443926 0.545741
1779360491.424760 -9.490749 26.769349 0.304187 0.543168 0.464711 -0.447229 -0.537586
1779360491.565467 -9.643153 26.795593 0.302464 -0.536740 -0.468392 0.442443 0.544761
1779360491.704413 -9.762138 26.811268 0.321203 -0.526501 -0.461007 0.449872 0.554873
1779360491.845169 -9.905722 26.832646 0.307722 -0.536659 -0.466487 0.450094 0.540188
1779360491.992867 -10.032350 26.842033 0.298235 -0.536071 -0.470031 0.448265 0.539219
1779360492.132826 -10.130423 26.827515 0.313003 -0.514398 -0.491834 0.463047 0.528281
1779360492.263187 -10.227194 26.794592 0.304463 0.483266 0.523602 -0.492616 -0.499624
1779360492.401718 -10.301268 26.757712 0.312195 0.454923 0.544045 -0.516586 -0.479791
1779360492.546782 -10.385948 26.718011 0.313902 0.433229 0.560167 -0.531619 -0.464658
1779360492.691026 -10.475519 26.677486 0.310440 0.420503 0.570680 -0.542656 -0.450584
1779360492.824640 -10.565670 26.641506 0.314584 0.419214 0.569746 -0.558098 -0.433792
1779360492.967369 -10.679542 26.607087 0.315893 0.411890 0.570887 -0.559647 -0.437298
1779360493.106965 -10.801698 26.570065 0.312366 0.415981 0.577711 -0.553369 -0.432426
1779360493.243873 -10.918995 26.524359 0.305761 0.420381 0.577958 -0.561916 -0.416527
1779360493.385010 -11.044693 26.485909 0.313058 0.414088 0.576013 -0.564463 -0.422045
1779360493.528871 -11.165173 26.446618 0.315056 0.409174 0.573634 -0.568335 -0.424871
1779360493.669097 -11.285240 26.412975 0.304418 0.412533 0.581469 -0.564497 -0.415996
1779360493.809848 -11.398280 26.346018 0.299408 0.387681 0.598121 -0.570059 -0.408642
1779360493.948097 -11.467741 26.271354 0.317072 0.345620 0.617631 -0.595622 -0.379886
1779360494.087070 -11.528164 26.176950 0.316925 0.286530 0.643208 -0.631536 -0.324572
1779360494.230828 -11.544926 26.084453 0.324558 0.220091 0.662251 -0.661423 -0.274778
1779360494.367119 -11.553569 25.985199 0.318472 0.167427 0.681701 -0.674708 -0.228079
1779360494.516110 -11.564745 25.879761 0.319424 -0.136791 -0.684952 0.690531 0.187871
1779360494.655742 -11.586540 25.786418 0.323487 -0.131649 -0.691923 0.693883 0.149791
1779360494.794734 -11.622426 25.670398 0.313199 0.118377 0.697858 -0.691173 -0.145809
1779360494.945240 -11.663244 25.530475 0.321706 -0.108934 -0.690382 0.702271 0.135361
1779360495.072708 -11.694135 25.413161 0.315175 0.113164 0.698799 -0.696533 -0.117116
1779360495.213355 -11.730469 25.296645 0.308264 0.107072 0.703553 -0.691884 -0.121844
1779360495.351300 -11.765904 25.164769 0.309567 -0.099180 -0.694555 0.701800 0.123426
1779360495.492460 -11.808022 25.020528 0.317593 -0.103421 -0.692859 0.705158 0.109553
1779360495.632780 -11.857550 24.881488 0.310477 0.102809 0.703504 -0.693981 -0.113589
1779360495.775593 -11.893146 24.739103 0.313009 -0.094882 -0.696989 0.701390 0.115133
1779360495.914359 -11.934008 24.578817 0.322271 -0.094480 -0.698801 0.700386 0.110503
1779360496.060665 -11.968436 24.465751 0.315585 0.093890 0.700892 -0.697377 -0.116617
1779360496.196589 -12.004283 24.335011 0.304665 0.091112 0.702084 -0.697635 -0.109919
1779360496.335839 -12.048426 24.186729 0.315521 -0.090972 -0.697266 0.702450 0.110042
1779360496.481572 -12.090073 24.047466 0.315575 -0.088035 -0.698556 0.700547 0.116203
1779360496.616424 -12.123070 23.901243 0.314196 0.091793 0.700610 -0.699823 -0.104729
1779360496.761482 -12.166423 23.762123 0.321183 -0.089616 -0.695562 0.704158 0.111017
1779360496.900735 -12.200671 23.630907 0.321224 -0.085874 -0.691043 0.708098 0.116969
1779360497.039658 -12.242503 23.475286 0.314937 -0.094352 -0.699269 0.701625 0.099213
1779360497.180581 -12.291225 23.342589 0.317631 -0.105197 -0.696661 0.701642 0.106281
1779360497.322447 -12.364193 23.253847 0.332869 -0.143684 -0.673297 0.706238 0.165085
1779360497.466697 -12.465125 23.136083 0.307163 0.206021 0.682016 -0.681648 -0.166629
1779360497.603795 -12.548533 23.060954 0.306009 -0.227159 -0.674099 0.674630 0.197140
1779360497.745083 -12.666061 22.917991 0.319964 -0.226550 -0.652698 0.684017 0.234054
1779360497.885859 -12.764961 22.805236 0.320663 -0.240711 -0.663657 0.669205 0.231910
1779360498.030912 -12.874577 22.701913 0.314191 -0.257212 -0.658952 0.661219 0.249828
1779360498.165064 -12.995682 22.606653 0.315466 -0.276537 -0.642158 0.661680 0.270814
1779360498.305640 -13.119506 22.513193 0.319588 -0.293138 -0.640548 0.649576 0.286041
1779360498.443353 -13.236297 22.433659 0.310297 0.302401 0.640635 -0.636982 -0.303965
1779360498.547363 -13.327401 22.358236 0.312291 -0.292725 -0.628785 0.645067 0.320672
1779360498.666959 -13.427296 22.281272 0.310188 0.310654 0.640982 -0.632636 -0.303985
1779360498.799506 -13.536347 22.207150 0.307976 0.313404 0.637833 -0.629091 -0.314946
1779360498.938007 -13.645908 22.119089 0.315668 -0.303468 -0.630438 0.635526 0.326440
1779360499.078569 -13.741616 22.046294 0.314686 0.311626 0.640791 -0.626349 -0.316169
1779360499.232655 -13.874185 21.946211 0.314409 0.309705 0.634754 -0.630699 -0.321541
1779360499.358105 -13.984541 21.851527 0.310971 0.304359 0.634322 -0.633841 -0.321319
1779360499.506498 -14.069752 21.781365 0.318464 0.303812 0.634592 -0.633626 -0.321727
1779360499.642399 -14.184478 21.696284 0.309002 0.310454 0.640690 -0.625191 -0.319797
1779360499.784145 -14.314002 21.585592 0.305015 0.311244 0.641075 -0.628642 -0.311383
1779360499.924535 -14.434635 21.494428 0.313160 0.305061 0.635320 -0.633544 -0.319262
1779360500.065917 -14.529170 21.420601 0.307060 0.300601 0.641238 -0.627058 -0.324424
1779360500.204851 -14.604894 21.367995 0.303680 0.309456 0.642055 -0.628687 -0.311055
1779360500.340870 -14.748040 21.318665 0.308851 0.352847 0.618518 -0.606988 -0.352846
1779360500.487913 -14.905293 21.326412 0.304547 -0.428805 -0.547428 0.571941 0.435123
1779360500.628284 -15.027250 21.374588 0.304427 0.516617 0.510188 -0.504330 -0.467404
1779360500.764633 -15.152282 21.429042 0.297955 0.555027 0.460688 -0.453768 -0.523265
1779360500.902993 -15.299882 21.481862 0.295609 0.580052 0.423346 -0.442932 -0.536777
1779360501.040431 -15.357587 21.501880 0.303257 0.587195 0.419908 -0.430692 -0.541650
1779360501.300899 -15.598709 21.628765 0.326719 -0.580225 -0.377765 0.413120 0.591578
1779360501.409214 -15.783585 21.712809 0.319157 0.596686 0.374568 -0.401099 -0.585478
1779360501.543755 -15.887095 21.773311 0.308001 0.605111 0.379129 -0.380924 -0.587367
1779360501.756613 -16.060202 21.851125 0.310055 0.603204 0.381268 -0.379866 -0.588627
1779360502.003763 -16.202710 21.919628 0.305687 0.603793 0.384440 -0.367985 -0.593487
1779360502.104020 -16.383704 21.996950 0.302346 0.605626 0.381975 -0.378854 -0.586329
1779360502.264399 -16.458951 22.030448 0.311113 0.602579 0.381361 -0.377839 -0.590508
1779360502.462570 -16.663045 22.132849 0.307041 -0.590935 -0.386457 0.366831 0.605708
1779360502.749056 -16.865783 22.226343 0.302781 0.602433 0.390499 -0.369410 -0.590018
1779360502.959193 -17.162467 22.348793 0.307054 0.604047 0.388513 -0.377067 -0.584812
1779360503.196760 -17.378034 22.451359 0.318081 -0.589266 -0.387114 0.378298 0.599833
1779360503.424352 -17.540754 22.517309 0.306597 0.601539 0.389089 -0.379770 -0.585266
1779360503.665664 -17.771782 22.617041 0.300866 0.595281 0.394742 -0.375675 -0.590497
1779360503.906767 -17.896342 22.673266 0.310931 -0.589869 -0.395364 0.374633 0.596147
1779360504.017197 -18.028998 22.718070 0.314508 -0.585339 -0.400406 0.372019 0.598878
1779360504.146420 -18.068233 22.730657 0.312348 -0.583524 -0.400966 0.373734 0.599206
1779360504.389889 -18.177482 22.769481 0.308053 -0.587143 -0.401566 0.380970 0.590652
1779360504.613710 -18.316455 22.762921 0.308187 -0.554572 -0.449541 0.405880 0.570634
1779360504.839881 -18.493957 22.711892 0.305164 -0.508781 -0.506637 0.462877 0.519813
1779360505.104911 -18.639042 22.690828 0.309195 0.493554 0.517170 -0.481536 -0.507013
1779360505.334115 -18.863016 22.663213 0.302991 0.491600 0.528166 -0.498996 -0.479972
1779360505.538474 -19.050376 22.645277 0.303769 0.482481 0.533054 -0.496872 -0.485988
1779360505.686712 -19.287558 22.617037 0.307441 0.479869 0.534463 -0.504760 -0.478845
1779360505.832757 -19.414665 22.606142 0.304784 0.480323 0.530664 -0.505357 -0.481975
1779360505.965967 -19.569028 22.585093 0.307025 0.466805 0.534794 -0.509783 -0.486013
1779360506.135176 -19.634664 22.577052 0.305745 0.467003 0.539742 -0.514651 -0.475101
1779360506.244631 -19.793127 22.484114 0.309315 0.416876 0.578728 -0.547534 -0.437602
1779360506.368736 -19.839181 22.448307 0.315254 0.395641 0.591433 -0.559871 -0.424522
1779360506.560965 -19.965220 22.347195 0.314067 0.353048 0.611310 -0.596360 -0.382114
1779360506.669166 -20.023598 22.282365 0.313299 0.330469 0.621309 -0.612185 -0.360548
1779360506.847359 -20.043203 22.259704 0.314782 0.323620 0.627027 -0.612821 -0.355749
1779360506.948002 -20.143056 22.161950 0.301598 0.307981 0.646101 -0.617680 -0.325842
1779360507.074639 -20.160588 22.149475 0.304691 0.307977 0.642515 -0.622807 -0.323166
1779360507.325261 -20.294937 22.037001 0.309934 0.301151 0.643223 -0.629420 -0.315282
1779360507.557643 -20.452402 21.897506 0.308401 0.297644 0.645677 -0.635633 -0.300800
1779360507.799780 -20.658859 21.723486 0.314306 0.290808 0.643515 -0.638514 -0.305973
1779360508.051276 -20.790535 21.616688 0.319959 0.298835 0.640301 -0.638355 -0.305312
1779360508.285282 -21.067042 21.585487 0.297514 -0.431682 -0.564465 0.585820 0.389673
1779360508.515172 -21.255014 21.598319 0.302710 -0.479756 -0.531029 0.541355 0.441336
1779360508.640879 -21.428663 21.597618 0.305974 0.480153 0.518805 -0.514757 -0.485098
1779360508.807652 -21.547885 21.564665 0.313438 0.465213 0.532997 -0.525511 -0.472577
1779360509.000237 -21.639504 21.504110 0.316212 0.422495 0.568051 -0.544100 -0.450301
1779360509.124770 -21.735475 21.400237 0.313365 0.354783 0.614551 -0.591148 -0.383405
1779360509.251997 -21.753556 21.368931 0.314683 0.334173 0.624331 -0.603921 -0.365813
1779360509.496239 -21.833128 21.205272 0.310218 0.250885 0.663980 -0.636875 -0.300961
1779360509.741661 -21.892691 21.049222 0.313571 0.199145 0.674647 -0.673040 -0.228496
1779360509.988961 -21.931179 20.942781 0.315967 0.172919 0.681793 -0.678727 -0.211155
1779360510.224610 -21.978065 20.755864 0.305951 0.133856 0.697338 -0.688671 -0.146750
1779360510.471901 -21.959220 20.670144 0.310219 -0.080739 -0.700034 0.701201 0.108402
1779360510.674146 -21.931908 20.501063 0.317417 -0.021813 -0.698612 0.712228 0.064773
1779360510.813443 -21.923554 20.361965 0.321160 -0.018520 -0.702823 0.710646 0.026058
1779360510.955272 -21.928952 20.238586 0.312525 0.006453 0.709065 -0.704418 -0.031320
1779360511.097657 -21.933440 20.088510 0.312422 0.003321 0.712040 -0.701813 -0.021134
1779360511.264843 -21.931976 19.980640 0.311637 0.004098 0.710976 -0.703118 -0.011029
1779360511.375027 -21.936840 19.833442 0.306721 0.006561 0.714140 -0.699910 -0.009265
1779360511.538470 -21.936878 19.785680 0.308311 0.004944 0.713634 -0.700402 -0.011805
1779360511.675128 -21.934999 19.563601 0.316819 0.003516 0.708678 -0.705513 -0.003729
1779360511.807819 -21.939696 19.419403 0.307625 -0.003389 0.713669 -0.700335 -0.014006
1779360511.970138 -21.936828 19.306623 0.301010 -0.006571 0.707250 -0.706854 -0.010542
1779360512.084756 -21.939210 19.172703 0.315484 0.006166 -0.706488 0.707655 0.007772
1779360512.223877 -21.940602 19.069830 0.304724 -0.005194 0.714853 -0.699141 -0.012646
1779360512.468091 -21.941081 18.844042 0.310319 0.001774 0.710863 -0.703325 0.002053
1779360512.573043 -22.005737 18.667292 0.315530 -0.061374 -0.702754 0.705919 0.063624
1779360512.709484 -22.034580 18.590379 0.323392 -0.077163 -0.689572 0.714042 0.093164
1779360512.942357 -22.142923 18.376714 0.317172 0.132363 0.696621 -0.695317 -0.117191
1779360513.067448 -22.226018 18.221938 0.314651 -0.144175 -0.686743 0.696722 0.148916
1779360513.190561 -22.256542 18.154076 0.308823 -0.147367 -0.687532 0.694991 0.150233
1779360513.422664 -22.342934 17.951721 0.302925 0.149601 0.696113 -0.685231 -0.153316
1779360513.681047 -22.374581 17.711703 0.317863 -0.070608 -0.702035 0.702094 0.096047
1779360513.917176 -22.372356 17.506977 0.319118 -0.029909 -0.700615 0.708335 0.080664
1779360514.161105 -22.371417 17.354285 0.316613 -0.033900 -0.705691 0.706147 0.046977
1779360514.262240 -22.388351 17.210731 0.310564 0.032209 0.711644 -0.700274 -0.046274
1779360514.438554 -22.392365 17.095201 0.319307 -0.023937 -0.702489 0.709973 0.043289
1779360514.639030 -22.401210 16.897726 0.311374 0.025636 0.708863 -0.703985 -0.035502
1779360514.749844 -22.411956 16.696204 0.318067 -0.018481 -0.702432 0.710613 0.035727
1779360514.872085 -22.413353 16.631558 0.311040 0.019051 0.707163 -0.706027 -0.032929
1779360515.127216 -22.434036 16.461802 0.307096 0.023501 0.711863 -0.701309 -0.029411
1779360515.347795 -22.455423 16.185640 0.318559 -0.024826 -0.704557 0.708911 0.020717
1779360515.452510 -22.470484 16.022435 0.308813 0.023013 0.712044 -0.701159 -0.028972
1779360515.594192 -22.475104 15.903677 0.309592 -0.017770 -0.703565 0.709833 0.028599
1779360515.802846 -22.486843 15.658056 0.308698 0.015839 0.707387 -0.706165 -0.026151
1779360515.940777 -22.510051 15.461517 0.316863 -0.029293 -0.698247 0.714434 0.034319
1779360516.082715 -22.569874 15.316220 0.312477 0.068834 0.704209 -0.702574 -0.075771
1779360516.229331 -22.618388 15.200589 0.318333 -0.098928 -0.694606 0.705904 0.097135
1779360516.402874 -22.665701 15.060290 0.314055 -0.109506 -0.689263 0.707708 0.109885
1779360516.505025 -22.737443 14.912244 0.321431 -0.130027 -0.694815 0.696002 0.126118
1779360516.629257 -22.807032 14.839493 0.321445 -0.176235 -0.680289 0.692181 0.164418
1779360516.812059 -22.927430 14.762860 0.307436 -0.253412 -0.652085 0.680435 0.218117
1779360516.926033 -23.120315 14.680504 0.304333 -0.342299 -0.624817 0.642267 0.282717
1779360517.106587 -23.183652 14.650182 0.315327 -0.346193 -0.611070 0.638633 0.314471
1779360517.207227 -23.345243 14.581626 0.308512 -0.375210 -0.606200 0.617848 0.331666
1779360517.346470 -23.396782 14.557256 0.304984 -0.375184 -0.605622 0.608880 0.348890
1779360517.578556 -23.610543 14.446103 0.306604 0.372739 0.602353 -0.600809 -0.370493
1779360517.808601 -23.744663 14.307343 0.312399 0.317234 0.630520 -0.624724 -0.333957
1779360517.910031 -23.798951 14.232114 0.318151 0.285784 0.642459 -0.631405 -0.326958
1779360518.048964 -23.849455 14.169743 0.305898 0.282069 0.648735 -0.638727 -0.302667
1779360518.312441 -23.897729 14.103187 0.311178 0.270526 0.652837 -0.644252 -0.292504
1779360518.422146 -23.937765 13.966328 0.315452 0.207704 0.676610 -0.661724 -0.247345
1779360518.539411 -23.939182 13.938116 0.316721 0.189573 0.681948 -0.665867 -0.235860
1779360518.796454 -23.958525 13.779194 0.314187 0.136994 0.692592 -0.688216 -0.167056
1779360519.028383 -23.973249 13.626307 0.307072 0.100031 0.717221 -0.674936 -0.141598
1779360519.315081 -23.998040 13.482656 0.278158 0.094916 0.729864 -0.668913 -0.104143
1779360519.561772 -24.072518 13.217397 0.308838 0.094822 0.710737 -0.690609 -0.094453
1779360519.750758 -24.110711 13.060589 0.316223 -0.090683 -0.700069 0.702631 0.089387
1779360519.998817 -24.159880 12.860582 0.313329 -0.089074 -0.700993 0.701378 0.093513
1779360520.254274 -24.204858 12.684349 0.318607 -0.093683 -0.697278 0.705790 0.082995
1779360520.501031 -24.265401 12.448375 0.311586 -0.080835 -0.698335 0.704742 0.095567
1779360520.604812 -24.311356 12.244832 0.316578 0.068776 0.703807 -0.699926 -0.100144
1779360520.727643 -24.314465 12.211723 0.312646 0.073581 0.705238 -0.699744 -0.087085
1779360520.947155 -24.261201 11.966355 0.318296 0.018944 -0.703898 0.710044 0.002345
1779360521.074187 -24.205017 11.783843 0.310123 -0.083423 0.705339 -0.703162 0.033184
1779360521.214530 -24.169243 11.660850 0.307139 -0.096221 0.703123 -0.700802 0.072357
1779360521.353672 -24.126053 11.517779 0.300855 0.108043 -0.698903 0.702311 -0.081371
1779360521.496224 -24.108577 11.386039 0.318684 0.093096 -0.693704 0.711863 -0.057956
1779360521.632913 -24.120936 11.266282 0.303983 -0.042264 0.707148 -0.703987 0.050570
1779360521.773678 -24.136069 11.108197 0.312968 0.013390 -0.705476 0.708354 -0.018959
1779360521.915266 -24.148368 10.975435 0.312863 -0.004427 -0.704889 0.709257 -0.008124
1779360522.059564 -24.169290 10.871217 0.307340 0.018847 0.708174 -0.705786 0.000681
1779360522.204133 -24.177994 10.756209 0.298293 0.018617 0.715537 -0.698046 -0.019798
1779360522.337885 -24.185917 10.594460 0.310003 -0.012637 -0.700067 0.713523 0.025117
1779360522.483112 -24.195280 10.437663 0.313910 0.017464 0.708389 -0.705144 -0.025530
1779360522.617699 -24.208117 10.302732 0.309768 0.019781 0.709203 -0.704024 -0.031455
1779360522.759495 -24.216135 10.159846 0.307733 -0.017456 -0.703314 0.710176 0.026354
1779360522.970211 -24.228391 10.075219 0.318090 -0.022775 -0.706078 0.707420 0.022183
1779360523.229922 -24.246237 9.812159 0.308935 -0.018511 -0.703148 0.710241 0.028258
1779360523.391705 -24.263245 9.594071 0.311216 -0.014034 -0.706042 0.707277 0.032672
1779360523.532751 -24.267467 9.402271 0.312875 -0.008198 -0.703361 0.709935 0.034766
1779360523.677478 -24.271977 9.338341 0.315059 -0.011326 -0.705292 0.708297 0.027393
1779360523.927445 -24.287514 9.110944 0.318779 -0.010425 -0.706364 0.707156 0.029535
1779360524.030228 -24.297245 8.963087 0.310517 -0.015536 -0.706582 0.707306 0.014773
1779360524.153285 -24.300512 8.868017 0.304720 -0.016981 -0.699723 0.714006 0.017188
1779360524.385913 -24.310602 8.680111 0.310846 -0.018809 -0.706483 0.707337 0.014233
1779360524.643487 -24.320437 8.489951 0.305332 0.011723 0.708220 -0.705512 -0.023225
1779360524.871862 -24.323871 8.242771 0.306928 0.015159 0.711815 -0.702152 -0.008434
1779360525.119978 -24.344859 8.054729 0.307671 0.010018 0.717319 -0.696273 -0.023603
1779360525.226525 -24.349845 7.820205 0.314003 -0.014795 -0.703444 0.710504 0.011493
1779360525.365248 -24.355199 7.747021 0.317690 -0.010691 -0.701628 0.712230 0.018248
1779360525.598465 -24.359652 7.548656 0.304724 0.011301 0.708201 -0.705768 -0.014653
1779360525.722534 -24.370983 7.367584 0.310001 0.006483 0.707613 -0.706237 -0.021716
1779360525.855223 -24.382492 7.239163 0.313254 -0.009139 -0.704958 0.708762 0.024629
1779360526.119225 -24.386092 7.118892 0.313136 -0.010643 -0.704670 0.709298 0.014959
1779360526.363038 -24.404144 6.714840 0.307214 0.009721 0.707171 -0.706726 -0.018775
1779360526.562354 -24.412785 6.600150 0.323719 -0.006631 -0.699466 0.714170 0.025787
1779360526.807137 -24.427473 6.323402 0.305722 0.016117 0.710513 -0.703328 -0.015518
1779360526.912624 -24.503767 6.152440 0.309886 -0.082896 -0.702185 0.703211 0.074557
1779360527.045350 -24.557172 6.067512 0.311806 -0.120568 -0.688904 0.704492 0.120691
1779360527.290739 -24.663005 5.912613 0.309061 0.176806 0.691426 -0.683629 -0.152708
1779360527.399071 -24.754437 5.781334 0.319946 -0.187206 -0.677960 0.686821 0.183308
1779360527.517576 -24.779465 5.742406 0.314474 -0.188444 -0.676944 0.686062 0.188562
1779360527.624232 -24.868448 5.615783 0.310670 -0.203342 -0.678223 0.679653 0.191672
1779360527.748660 -24.938942 5.513780 0.318894 -0.195585 -0.669659 0.685098 0.209630
1779360527.894773 -25.028314 5.371545 0.311191 -0.207071 -0.675637 0.679380 0.197685
1779360528.037244 -25.097429 5.236270 0.302517 0.189615 0.681026 -0.678106 -0.201054
1779360528.178130 -25.133142 5.078440 0.322061 -0.136869 -0.685656 0.695196 0.166870
1779360528.314335 -25.158208 4.941596 0.323359 -0.103189 -0.688095 0.705165 0.136454
1779360528.449503 -25.161815 4.875232 0.300907 0.081688 0.702195 -0.696621 -0.122341
1779360528.594739 -25.191581 4.712465 0.309164 -0.066753 -0.698491 0.704670 0.105330
1779360528.735179 -25.203104 4.585347 0.303201 -0.060128 -0.696452 0.709178 0.091680
1779360528.873649 -25.215751 4.476663 0.316464 -0.066234 -0.698190 0.708878 0.075072
1779360529.065224 -25.237912 4.297750 0.311203 -0.063710 -0.703253 0.705614 0.059026
1779360529.246165 -25.273654 4.101010 0.308937 0.057285 0.705738 -0.703022 -0.066432
1779360529.368218 -25.294565 3.945293 0.316252 -0.047828 -0.699651 0.709484 0.069522
1779360529.517398 -25.311690 3.812721 0.304924 -0.056169 -0.696724 0.713616 0.046601
1779360529.660702 -25.318912 3.698953 0.303564 0.041406 0.709994 -0.699378 -0.071157
1779360529.788252 -25.339503 3.565157 0.296976 -0.038532 -0.704269 0.705847 0.065581
1779360529.928920 -25.353124 3.449945 0.296278 -0.043866 -0.703721 0.706335 0.062799
1779360530.069925 -25.377900 3.303401 0.315914 -0.062109 -0.682695 0.726441 0.048518
1779360530.210250 -25.395626 3.174597 0.330759 -0.057191 -0.677790 0.731224 0.051405
1779360530.351705 -25.418175 3.048268 0.333916 -0.054887 -0.680919 0.728257 0.054567
1779360530.493272 -25.443261 2.900647 0.317283 -0.052226 -0.699626 0.710216 0.058224
1779360530.651076 -25.460858 2.802656 0.308290 -0.048973 -0.702197 0.708295 0.053285
1779360530.771123 -25.488000 2.645916 0.318927 -0.045484 -0.699294 0.710874 0.059814
1779360530.910915 -25.509335 2.492827 0.317980 -0.042236 -0.696208 0.713385 0.067775
1779360531.051044 -25.530733 2.354898 0.310666 -0.051404 -0.704376 0.706199 0.049960
1779360531.190814 -25.548590 2.207815 0.306324 -0.034352 -0.705383 0.705927 0.054054
1779360531.329460 -25.504381 2.098707 0.311374 0.021382 -0.705628 0.708192 0.009768
1779360531.515863 -25.430668 1.950295 0.291190 0.095008 -0.699126 0.707648 -0.037826
1779360531.686097 -25.381858 1.837426 0.308956 -0.121190 0.703033 -0.694205 0.095590
1779360531.824242 -25.343902 1.742055 0.312652 0.132811 -0.693644 0.698828 -0.113395
1779360531.976043 -25.305447 1.666159 0.322491 0.143627 -0.683808 0.705908 -0.116066
1779360532.186870 -25.256767 1.557941 0.315945 0.147456 -0.689546 0.699374 -0.116875
1779360532.374667 -25.276259 1.424908 0.308208 0.076853 -0.702225 0.705708 -0.054322
1779360532.527439 -25.340476 1.381863 0.317677 -0.010556 -0.705701 0.708179 0.018909
1779360532.686511 -25.391016 1.361431 0.323832 -0.055518 -0.699174 0.707685 0.085180
1779360532.917389 -25.500289 1.331554 0.309207 0.141380 0.695034 -0.671010 -0.216066
1779360533.137243 -25.606304 1.290427 0.302880 0.234225 0.667754 -0.663892 -0.241846
1779360533.242509 -25.705408 1.236638 0.308609 -0.270755 -0.647722 0.654235 0.281290
1779360533.388970 -25.731474 1.218809 0.307086 -0.278604 -0.648034 0.649090 0.284807
1779360533.626590 -25.820930 1.139609 0.313995 -0.282317 -0.638724 0.649716 0.300330
1779360533.869854 -25.933583 1.053596 0.317868 -0.293318 -0.631649 0.649380 0.305432
1779360534.133786 -26.092829 0.920193 0.320482 -0.289610 -0.633865 0.643303 0.317020
1779360534.369240 -26.255971 0.781091 0.322601 -0.299243 -0.636435 0.639640 0.310265
1779360534.624529 -26.502507 0.702996 0.304292 -0.370698 -0.596880 0.604889 0.374736
1779360534.846668 -26.644475 0.569467 0.302378 0.325506 0.633563 -0.613629 -0.340739
1779360535.095916 -26.693657 0.459310 0.318592 0.255375 0.656064 -0.642787 -0.301974
1779360535.201357 -26.707363 0.291950 0.321117 -0.148740 -0.684834 0.685413 0.197708
1779360535.360186 -26.705170 0.224569 0.313224 -0.111998 -0.673882 0.711146 0.166168
1779360535.601763 -26.692956 0.113199 0.331736 -0.062667 -0.668572 0.732908 0.109222
1779360535.826688 -26.646917 -0.047051 0.356282 0.024586 -0.661764 0.747989 0.044446
1779360535.927563 -26.595677 -0.113882 0.326016 0.086719 -0.670757 0.736508 0.011015
1779360536.055421 -26.531153 -0.165937 0.315232 0.136008 -0.678128 0.720494 -0.050338
1779360536.298365 -26.411935 -0.203720 0.303155 0.226751 -0.656890 0.703534 -0.148726
1779360536.499677 -26.277473 -0.194908 0.319304 0.309932 -0.600714 0.685688 -0.270031
1779360536.608142 -26.141443 -0.149360 0.314031 0.389816 -0.563597 0.629842 -0.365651
1779360536.743035 -26.054056 -0.131322 0.315113 0.421122 -0.548278 0.585360 -0.423558
1779360536.882343 -25.972640 -0.113531 0.304369 0.455347 -0.544838 0.552895 -0.436025
1779360537.055221 -25.900983 -0.098357 0.309147 0.475171 -0.526134 0.544936 -0.447706
1779360537.168236 -25.816665 -0.105843 0.308297 0.469812 -0.523556 0.549052 -0.451339
1779360537.309925 -25.746362 -0.122864 0.316970 0.457911 -0.530003 0.545379 -0.460409
1779360537.444979 -25.664294 -0.153441 0.321834 0.440880 -0.533291 0.555465 -0.461177
1779360537.594813 -25.561977 -0.178675 0.315068 0.447678 -0.542696 0.556564 -0.441929
1779360537.735924 -25.422064 -0.203057 0.299319 -0.446708 0.557526 -0.537289 0.448261
1779360537.870421 -25.295616 -0.222616 0.255251 -0.476263 0.591875 -0.499483 0.416384
1779360538.010658 -25.160904 -0.258383 0.256541 -0.491232 0.595915 -0.501228 0.390316
1779360538.149651 -25.026048 -0.289612 0.270678 -0.480062 0.564588 -0.531805 0.409834
1779360538.302312 -24.889554 -0.326867 0.292912 -0.462975 0.556914 -0.540700 0.427954
1779360538.431028 -24.770871 -0.345324 0.314136 0.461565 -0.535556 0.560279 -0.431538
1779360538.618822 -24.629398 -0.367247 0.306905 -0.457853 0.547728 -0.543049 0.442111
1779360538.798419 -24.372880 -0.417443 0.310864 0.460893 -0.540498 0.552217 -0.436458
1779360538.930245 -24.305432 -0.429201 0.305472 0.459364 -0.536918 0.553007 -0.441460
1779360539.065655 -24.122717 -0.463831 0.302684 0.454572 -0.543862 0.545157 -0.447640
1779360539.212727 -23.988368 -0.482818 0.320728 0.454773 -0.535355 0.555985 -0.444361
1779360539.344147 -23.834284 -0.502822 0.304833 -0.456092 0.552301 -0.532771 0.450665
1779360539.524250 -23.683090 -0.525626 0.299086 -0.459314 0.546095 -0.542108 0.443767
1779360539.631414 -23.551277 -0.546812 0.316005 0.457638 -0.534712 0.550714 -0.448736
1779360539.771947 -23.445082 -0.568134 0.315546 0.456393 -0.541269 0.542091 -0.452627
1779360539.901230 -23.305783 -0.598965 0.308812 0.460525 -0.543595 0.543733 -0.443594
1779360540.045592 -23.149184 -0.632823 0.311214 0.454854 -0.536756 0.551749 -0.447854
1779360540.208145 -22.989964 -0.664317 0.331024 0.448781 -0.532431 0.553977 -0.456314
1779360540.348010 -22.862552 -0.691536 0.311449 0.453139 -0.544225 0.544543 -0.449398
1779360540.469039 -22.746278 -0.712313 0.309817 0.451406 -0.540149 0.545588 -0.454760
1779360540.607368 -22.586827 -0.743909 0.329705 0.445438 -0.531167 0.554143 -0.460838
1779360540.751410 -22.448437 -0.775405 0.310130 0.459012 -0.542647 0.547399 -0.441810
1779360540.890132 -22.280189 -0.822607 0.311232 0.440456 -0.552658 0.553742 -0.440384
1779360541.029616 -22.154301 -0.911463 0.307981 0.404349 -0.578054 0.589270 -0.393847
1779360541.168638 -22.039930 -1.001085 0.326946 0.352304 -0.596720 0.617809 -0.371644
1779360541.329891 -21.892767 -1.106753 0.314456 -0.326930 0.629873 -0.605067 0.360929
1779360541.455277 -21.799740 -1.197689 0.307069 -0.316138 0.637504 -0.613709 0.342062
1779360541.590702 -21.677317 -1.292417 0.314413 0.319705 -0.625080 0.634958 -0.322324
1779360541.736614 -21.600933 -1.354726 0.319202 0.311995 -0.628999 0.634910 -0.322347
1779360541.870828 -21.502833 -1.449302 0.316175 0.293017 -0.638826 0.646095 -0.297663
1779360542.018493 -21.411104 -1.599912 0.313449 0.229607 -0.650268 0.675143 -0.261942
1779360542.155488 -21.355837 -1.708954 0.321429 -0.202230 0.673812 -0.671785 0.231918
1779360542.260434 -21.320763 -1.804210 0.310088 -0.184301 0.685220 -0.673030 0.208655
1779360542.366226 -21.269675 -1.912720 0.324346 0.170538 -0.674522 0.691694 -0.193639
1779360542.510675 -21.203627 -2.059737 0.319013 -0.158442 0.687152 -0.684571 0.184609
1779360542.649031 -21.162122 -2.174784 0.311610 -0.156333 0.689074 -0.688021 0.165420
1779360542.790143 -21.093709 -2.326379 0.311638 0.157644 -0.688391 0.689964 -0.158797
1779360542.933619 -21.052683 -2.403382 0.273432 -0.170693 0.730282 -0.640303 0.166024
1779360543.069810 -20.985795 -2.482863 0.283518 -0.179446 0.708800 -0.643790 0.225691
1779360543.174423 -20.958326 -2.505845 0.284913 -0.203455 0.693563 -0.649643 0.235670
1779360543.286712 -20.898089 -2.560027 0.304804 -0.219877 0.666687 -0.660525 0.266250
1779360543.419835 -20.846526 -2.598767 0.313897 0.249705 -0.649962 0.666393 -0.266678
1779360543.560808 -20.790101 -2.631764 0.310326 0.277533 -0.645700 0.663198 -0.257322
1779360543.667258 -20.731434 -2.664345 0.314769 0.291251 -0.635958 0.662592 -0.267772
1779360543.771824 -20.653783 -2.716495 0.310544 0.295132 -0.633615 0.655914 -0.284967
1779360543.913037 -20.583900 -2.776139 0.327933 0.287436 -0.622820 0.666022 -0.293071
1779360544.052793 -20.500060 -2.853891 0.320501 0.292802 -0.635940 0.656662 -0.280433
1779360544.202020 -20.388658 -2.942535 0.322457 0.294683 -0.634204 0.653369 -0.289925
1779360544.339459 -20.312288 -3.020422 0.315693 -0.282495 0.646634 -0.646627 0.289713
1779360544.472211 -20.221633 -3.145541 0.308759 -0.261884 0.657774 -0.656813 0.259512
1779360544.615283 -20.136748 -3.238958 0.322074 0.252702 -0.646259 0.674540 -0.251966
1779360544.750690 -20.042074 -3.342968 0.310145 0.247012 -0.660789 0.664020 -0.247832
1779360544.983619 -19.919050 -3.497837 0.311387 0.235732 -0.667519 0.668275 -0.228599
1779360545.194942 -19.812192 -3.631226 0.307286 0.228168 -0.666704 0.668266 -0.238465
1779360545.364771 -19.736090 -3.748271 0.318742 0.222096 -0.658989 0.680026 -0.232318
1779360545.471826 -19.623854 -3.899604 0.310273 0.227535 -0.659953 0.679991 -0.224280
1779360545.744317 -19.466859 -4.133372 0.316714 0.215880 -0.670121 0.673385 -0.225582
1779360545.874479 -19.420490 -4.189684 0.322142 0.219519 -0.662725 0.679835 -0.224569
1779360546.389157 -19.289186 -4.372665 0.324954 0.221486 -0.662364 0.681481 -0.218634
1779360546.906650 -19.212911 -4.468708 0.319079 0.223875 -0.661890 0.681597 -0.217270
1779360547.586412 -19.100924 -4.611525 0.306313 -0.223395 0.676424 -0.664027 0.227186
1779360547.849555 -19.095459 -4.619496 0.307986 -0.222441 0.675928 -0.664743 0.227505
1779360548.021911 -19.091881 -4.624716 0.309081 -0.221816 0.675602 -0.665211 0.227714
1779360548.151384 -19.089193 -4.628637 0.309903 -0.221346 0.675357 -0.665562 0.227871
1779360548.629370 -19.079274 -4.643110 0.312939 -0.219612 0.674451 -0.666857 0.228448
1779360549.080345 -19.063337 -4.667117 0.310235 -0.220415 0.671809 -0.670090 0.225985
1779360549.285673 -19.053363 -4.682307 0.306712 0.221783 -0.669859 0.672381 -0.223619
1779360549.515798 -19.042180 -4.699320 0.302767 0.223311 -0.667660 0.674935 -0.220964
1779360549.651988 -18.920295 -4.861302 0.299390 -0.236086 0.670963 -0.670821 0.209931
1779360549.757170 -18.916311 -4.868931 0.300196 -0.232666 0.671122 -0.669770 0.216495
1779360549.867110 -18.790695 -4.998481 0.312601 0.232311 -0.654145 0.685258 -0.220334
1779360550.029418 -18.612699 -5.218317 0.304603 0.229728 -0.657180 0.681032 -0.227013
1779360550.187557 -18.443149 -5.404438 0.334881 0.219720 -0.647059 0.689472 -0.240139
1779360550.354910 -18.031071 -5.999427 0.320272 0.204341 -0.646585 0.700230 -0.223274
1779360550.549914 -17.574455 -6.616480 0.303699 0.227284 -0.667468 0.675182 -0.216697
1779360550.671271 -17.471024 -6.758435 0.333255 0.224952 -0.651685 0.690172 -0.219923
1779360550.819037 -17.402977 -6.862671 0.325477 0.221474 -0.668534 0.673964 -0.223125
1779360550.986501 -17.305093 -6.994086 0.316295 0.213496 -0.663696 0.678084 -0.232658
1779360551.093775 -17.073930 -7.250295 0.305002 0.250347 -0.652448 0.674882 -0.237007
1779360551.278678 -16.600883 -7.340981 0.323760 0.440196 -0.537778 0.572547 -0.434985
1779360551.391201 -16.372993 -7.337713 0.309230 0.480886 -0.521356 0.533256 -0.461059
1779360551.493941 -16.282030 -7.344991 0.315687 0.478049 -0.515123 0.530370 -0.474157
1779360551.644185 -16.184807 -7.349920 0.312828 0.482960 -0.509237 0.534199 -0.471231
1779360551.783432 -16.110074 -7.348028 0.317154 0.487805 -0.506578 0.533064 -0.470392
1779360551.936259 -16.011833 -7.348740 0.306205 0.493479 -0.504092 0.527798 -0.473074
1779360552.089720 -15.946438 -7.358090 0.315419 0.482399 -0.507729 0.523966 -0.484729
1779360552.231664 -15.864765 -7.384470 0.317770 0.464119 -0.517499 0.543725 -0.470267
1779360552.341928 -15.809869 -7.408184 0.317692 0.458017 -0.531851 0.556555 -0.444523
1779360552.484595 -15.732722 -7.439766 0.306562 0.444720 -0.552570 0.554489 -0.435239
1779360552.631564 -15.663011 -7.470421 0.306515 0.433382 -0.557715 0.564320 -0.427406
1779360552.766700 -15.597734 -7.525007 0.314276 0.406409 -0.576923 0.592022 -0.389232
1779360552.903580 -15.551672 -7.594728 0.318908 0.368300 -0.598502 0.627445 -0.335357
1779360553.042298 -15.519445 -7.671561 0.309597 0.321660 -0.632263 0.642883 -0.288928
1779360553.185469 -15.478529 -7.747447 0.307294 0.284902 -0.644979 0.657351 -0.265938
1779360553.325436 -15.451886 -7.824759 0.317665 0.242143 -0.658174 0.670589 -0.241835
1779360553.466670 -15.428223 -7.907384 0.321064 0.213928 -0.666193 0.685879 -0.199977
1779360553.607943 -15.416564 -7.976086 0.316680 0.182448 -0.678196 0.691512 -0.169038
1779360553.745585 -15.403912 -8.059307 0.307507 0.151802 -0.687710 0.695270 -0.143565
1779360553.890132 -15.398167 -8.135294 0.318619 0.120326 -0.689073 0.703105 -0.127843
1779360554.025412 -15.386553 -8.207562 0.315048 0.111916 -0.690980 0.705994 -0.107674
1779360554.176497 -15.370017 -8.284756 0.317595 0.106379 -0.695689 0.704106 -0.094526
1779360554.313473 -15.350117 -8.362909 0.312383 0.101636 -0.697571 0.703094 -0.093395
1779360554.451470 -15.341598 -8.441975 0.309906 0.093598 -0.700160 0.703207 -0.080720
1779360554.595816 -15.327877 -8.518016 0.310980 0.086010 -0.702365 0.703275 -0.068485
1779360554.757560 -15.310507 -8.603946 0.314305 0.087656 -0.702501 0.704291 -0.052751
1779360554.878067 -15.287717 -8.707355 0.313430 0.084840 -0.699011 0.707930 -0.054962
1779360555.008143 -15.275745 -8.827528 0.309343 -0.059391 0.708352 -0.701746 0.047568
1779360555.162886 -15.284674 -8.967478 0.309752 -0.031006 0.709539 -0.703517 0.025655
1779360555.293721 -15.280771 -9.109556 0.320339 0.021202 -0.696354 0.717294 -0.011460
1779360555.442609 -15.283375 -9.269650 0.316492 0.007643 -0.706765 0.707323 -0.010896
1779360555.576775 -15.291060 -9.403831 0.304860 -0.004612 0.714850 -0.699232 -0.006601
1779360555.725620 -15.295508 -9.541414 0.294862 -0.009017 0.716029 -0.697893 -0.012910
1779360555.859858 -15.300870 -9.628971 0.312899 0.001238 -0.704513 0.709669 0.005533
1779360555.999891 -15.299987 -9.729519 0.311788 0.006587 -0.706240 0.707733 0.017210
1779360556.136258 -15.293079 -9.812220 0.318086 0.012002 -0.703557 0.710227 0.021009
1779360556.281897 -15.287501 -9.908632 0.311207 0.011286 -0.703101 0.710839 0.015167
1779360556.420871 -15.287990 -9.983992 0.314184 0.006721 -0.705022 0.709101 0.008639
1779360556.563057 -15.288404 -10.069182 0.310071 0.008118 -0.704700 0.709256 0.016974
1779360556.718069 -15.269744 -10.140273 0.312888 -0.025665 0.707178 -0.706529 -0.007571
1779360556.838598 -15.221890 -10.225589 0.310098 0.069857 -0.704555 0.705347 -0.034752
1779360556.981506 -15.167793 -10.289430 0.312456 -0.113808 0.699694 -0.698747 0.096067
1779360557.119099 -15.111587 -10.352399 0.311501 0.155702 -0.687364 0.699516 -0.118174
1779360557.259855 -15.057703 -10.410588 0.317679 0.181122 -0.680964 0.696262 -0.136756
1779360557.407818 -14.979984 -10.500864 0.314564 0.186367 -0.682928 0.685166 -0.171535
1779360557.544241 -14.938327 -10.562956 0.318993 0.187779 -0.679850 0.685164 -0.181915
1779360557.683146 -14.861419 -10.698580 0.310325 -0.197407 0.686575 -0.676896 0.177360
1779360557.819442 -14.776214 -10.817889 0.311367 0.205315 -0.678475 0.681560 -0.181641
1779360557.961094 -14.727653 -10.878554 0.314429 0.207581 -0.675853 0.680871 -0.191176
1779360558.111926 -14.628711 -10.951871 0.308606 0.247691 -0.663100 0.673144 -0.214064
1779360558.251431 -14.540467 -11.007215 0.317883 0.276008 -0.647351 0.665796 -0.247936
1779360558.390408 -14.459254 -11.065417 0.317447 0.284555 -0.640803 0.656259 -0.278790
1779360558.538918 -14.369171 -11.136446 0.320426 0.300178 -0.628983 0.659629 -0.281359
1779360558.671253 -14.271987 -11.214909 0.317162 0.309053 -0.636757 0.646170 -0.285468
1779360558.808954 -14.167007 -11.288177 0.305628 -0.309292 0.643863 -0.632432 0.299681
1779360558.949830 -14.041850 -11.392064 0.308238 -0.309424 0.638769 -0.635737 0.303430
1779360559.081300 -13.950173 -11.456090 0.318818 0.314555 -0.628946 0.643659 -0.301968
1779360559.223432 -13.824455 -11.548011 0.307407 -0.315410 0.640952 -0.626888 0.310981
1779360559.369144 -13.715437 -11.633535 0.301845 -0.314950 0.636671 -0.633214 0.307403
1779360559.503111 -13.625654 -11.698344 0.316908 0.314791 -0.627836 0.639036 -0.313626
1779360559.646744 -13.532541 -11.754240 0.313921 0.331680 -0.617875 0.631499 -0.330799
1779360559.783340 -13.443431 -11.792096 0.320295 0.351849 -0.605147 0.628555 -0.338995
1779360559.925468 -13.363107 -11.821488 0.315643 0.368247 -0.603607 0.620321 -0.339492
1779360560.074482 -13.244765 -11.862290 0.318099 0.371971 -0.592722 0.618524 -0.357416
1779360560.204020 -13.142489 -11.903383 0.315239 0.376651 -0.601619 0.601844 -0.366022
1779360560.344334 -13.031836 -11.960598 0.308976 0.383255 -0.597845 0.605568 -0.359143
1779360560.486028 -12.909084 -12.013328 0.319025 0.383971 -0.587206 0.611546 -0.365742
1779360560.627682 -12.775348 -12.070386 0.310844 -0.386164 0.601733 -0.592476 0.371170
1779360560.767636 -12.648894 -12.127699 0.306440 -0.380829 0.603082 -0.593857 0.372283
1779360560.904414 -12.553719 -12.195386 0.313665 0.363598 -0.604430 0.611925 -0.357783
1779360561.049503 -12.479229 -12.265720 0.311609 -0.347407 0.620968 -0.610237 0.348308
1779360561.183428 -12.399437 -12.301112 0.314723 -0.355687 0.610342 -0.607404 0.363361
1779360561.323101 -12.313127 -12.321758 0.309392 -0.380839 0.602746 -0.597429 0.367066
1779360561.461942 -12.225289 -12.331860 0.316376 0.397788 -0.576295 0.601058 -0.385199
1779360561.633873 -12.126958 -12.346432 0.314518 0.419142 -0.573003 0.574470 -0.407396
1779360561.746181 -12.047509 -12.360161 0.310796 0.426677 -0.564858 0.571050 -0.415672
1779360561.900908 -11.972604 -12.368647 0.309390 0.437722 -0.563235 0.563719 -0.416397
1779360562.023939 -11.892639 -12.375232 0.304361 -0.447306 0.557499 -0.554123 0.426685
1779360562.167622 -11.815134 -12.374935 0.301769 -0.460434 0.546576 -0.530906 0.455405
1779360562.307188 -11.736823 -12.374077 0.301299 -0.470203 0.534609 -0.525808 0.465433
1779360562.447317 -11.660577 -12.370871 0.307893 0.481564 -0.523859 0.526944 -0.464756
1779360562.587458 -11.573638 -12.359892 0.315931 0.486891 -0.506334 0.530908 -0.474026
1779360562.723303 -11.467318 -12.357312 0.315020 0.487637 -0.510514 0.515467 -0.485674
1779360562.875759 -11.337639 -12.388208 0.323627 0.467672 -0.522422 0.536150 -0.470002
1779360563.005015 -11.234680 -12.446259 0.317469 0.430302 -0.555766 0.568973 -0.426888
1779360563.143214 -11.145898 -12.503835 0.295215 -0.397035 0.600843 -0.557378 0.413136
1779360563.288486 -11.017180 -12.589263 0.299248 -0.377079 0.612410 -0.577547 0.386271
1779360563.426949 -10.936537 -12.635413 0.312580 -0.368679 0.607591 -0.599062 0.368827
1779360563.566031 -10.800638 -12.708259 0.300483 -0.376498 0.618822 -0.589273 0.357862
1779360563.712038 -10.667946 -12.745857 0.293097 -0.395768 0.603421 -0.581326 0.375913
1779360563.842416 -10.584456 -12.742300 0.309238 -0.430368 0.572872 -0.571351 0.400200
1779360564.012552 -10.467415 -12.739020 0.311741 0.463117 -0.537662 0.545032 -0.446522
1779360564.197118 -10.387526 -12.715363 0.317797 0.491195 -0.504751 0.533375 -0.468472
1779360564.372412 -10.240590 -12.624693 0.317611 0.553603 -0.437006 0.473173 -0.527879
1779360564.474664 -10.173527 -12.588299 0.312681 0.565032 -0.419883 0.443115 -0.555055
1779360564.661742 -10.122622 -12.568361 0.320382 0.563527 -0.409810 0.446345 -0.561488
1779360564.909023 -9.965339 -12.575712 0.314104 0.532644 -0.458126 0.485863 -0.519949
1779360565.167316 -9.848086 -12.636408 0.320217 0.464178 -0.519704 0.520305 -0.493689
1779360565.406718 -9.724264 -12.694010 0.319518 -0.436646 0.552142 -0.542688 0.458223
1779360565.675970 -9.568162 -12.726994 0.319466 -0.431589 0.552576 -0.551380 0.452074
1779360565.913158 -9.333070 -12.687864 0.317579 0.499517 -0.497068 0.522622 -0.479867
1779360566.114442 -9.232252 -12.660787 0.313695 0.508916 -0.483742 0.502264 -0.504708
1779360566.234190 -9.123608 -12.647718 0.319308 -0.509829 0.475952 -0.497864 0.515437
1779360566.366641 -9.077190 -12.652243 0.315987 -0.505805 0.480450 -0.505870 0.507371
1779360566.606184 -8.934303 -12.667521 0.307525 -0.496524 0.505974 -0.505090 0.492279
1779360566.725645 -8.846356 -12.677598 0.309876 -0.488256 0.512263 -0.504800 0.494338
1779360566.857310 -8.775433 -12.686892 0.316621 -0.475927 0.513760 -0.510476 0.498957
1779360567.099067 -8.609206 -12.699523 0.312933 0.490383 -0.512730 0.519686 -0.475982
1779360567.214302 -8.486717 -12.713050 0.299871 -0.494922 0.519432 -0.506927 0.477774
1779360567.360580 -8.458171 -12.716157 0.303475 -0.492552 0.519575 -0.507219 0.479754
1779360567.579786 -8.294842 -12.719117 0.305374 -0.497380 0.514644 -0.509170 0.478016
1779360567.819001 -8.132827 -12.718368 0.304770 -0.499674 0.507669 -0.498919 0.493637
1779360568.090718 -7.988928 -12.761871 0.311228 0.471024 -0.530273 0.535145 -0.458875
1779360568.288500 -7.869711 -12.792918 0.301514 -0.459101 0.548409 -0.535531 0.449088
1779360568.406296 -7.787075 -12.816891 0.307000 -0.450580 0.554810 -0.537820 0.447116
1779360568.524522 -7.731628 -12.831576 0.302243 -0.450380 0.555703 -0.542631 0.440345
1779360568.694365 -7.623529 -12.842120 0.311706 0.459344 -0.543590 0.545734 -0.442365
1779360568.829015 -7.545997 -12.841443 0.303277 -0.468092 0.538735 -0.532105 0.455543
1779360568.968820 -7.478847 -12.839299 0.308922 -0.474484 0.527162 -0.519081 0.476990
1779360569.107656 -7.394785 -12.838414 0.306543 0.484455 -0.516255 0.519704 -0.478217
1779360569.247089 -7.326926 -12.828423 0.312909 0.498462 -0.504884 0.514481 -0.481598
1779360569.389322 -7.242808 -12.807410 0.307647 0.516707 -0.491206 0.494371 -0.497321
1779360569.526839 -7.169505 -12.793897 0.308537 0.519692 -0.483305 0.482414 -0.513433
1779360569.668461 -7.097601 -12.778245 0.307885 0.525409 -0.474242 0.481330 -0.517070
1779360569.810788 -7.021627 -12.762894 0.310116 0.533038 -0.467403 0.482076 -0.514789
1779360569.956162 -6.940353 -12.742513 0.315539 0.533001 -0.459076 0.481255 -0.523023
1779360570.090837 -6.845108 -12.722044 0.313293 0.532317 -0.464683 0.467690 -0.531012
1779360570.252196 -6.700422 -12.708523 0.322255 -0.522465 0.458471 -0.475731 0.538995
1779360570.371969 -6.594780 -12.697792 0.309694 0.537585 -0.465823 0.472299 -0.520524
1779360570.516064 -6.442285 -12.689653 0.306504 0.524876 -0.479253 0.474180 -0.519591
1779360570.659813 -6.290512 -12.693420 0.315977 -0.510429 0.489873 -0.482062 0.516819
1779360570.792257 -6.167208 -12.701494 0.304616 0.514580 -0.502904 0.485381 -0.496690
1779360570.936488 -6.029927 -12.700806 0.304418 0.512117 -0.499405 0.490971 -0.497272
1779360571.074659 -5.903268 -12.699058 0.296123 0.510362 -0.500385 0.494731 -0.494355
1779360571.217669 -5.790255 -12.694723 0.313138 0.507144 -0.495020 0.500710 -0.497042
1779360571.357030 -5.679972 -12.700394 0.300982 0.511000 -0.495789 0.499195 -0.493839
1779360571.497335 -5.588539 -12.704408 0.321006 -0.497798 0.494816 -0.503445 0.503883
1779360571.640888 -5.479043 -12.709317 0.312902 0.506562 -0.500075 0.502875 -0.490344
1779360571.776623 -5.348401 -12.702815 0.321210 0.499753 -0.490052 0.508473 -0.501549
1779360571.919945 -5.210976 -12.697878 0.313255 0.505259 -0.503130 0.491835 -0.499672
1779360572.062197 -5.071102 -12.700432 0.303786 0.511887 -0.500923 0.499425 -0.487464
1779360572.202130 -4.927729 -12.697832 0.308060 0.510221 -0.491824 0.504094 -0.493632
1779360572.342072 -4.774818 -12.699448 0.309897 0.509336 -0.502000 0.493215 -0.495290
1779360572.481309 -4.669111 -12.703303 0.306131 0.511111 -0.502865 0.497472 -0.488277
1779360572.624266 -4.519214 -12.695780 0.309691 0.507376 -0.494380 0.500322 -0.497831
1779360572.763060 -4.394782 -12.698832 0.318862 0.505008 -0.491059 0.504053 -0.499758
1779360572.899907 -4.296573 -12.698594 0.305151 0.517821 -0.495417 0.500842 -0.485366
1779360573.043980 -4.186453 -12.702002 0.298346 0.514665 -0.500014 0.487928 -0.497023
1779360573.183223 -4.051530 -12.701709 0.305437 0.515046 -0.497347 0.491104 -0.496175
1779360573.328552 -3.924855 -12.703804 0.306510 0.516876 -0.495405 0.495300 -0.492028
1779360573.464061 -3.798067 -12.698436 0.305694 0.515387 -0.498755 0.485416 -0.499991
1779360573.612763 -3.635254 -12.697094 0.303462 0.515412 -0.498278 0.488797 -0.497140
1779360573.742504 -3.488637 -12.686014 0.311037 0.510343 -0.485196 0.497392 -0.506692
1779360573.882493 -3.372731 -12.683970 0.317021 -0.508169 0.492154 -0.489495 0.509846
1779360574.034817 -3.212406 -12.681195 0.306915 0.513928 -0.491502 0.498330 -0.495955
1779360574.183894 -3.045826 -12.675956 0.309765 0.507533 -0.485638 0.500670 -0.505861
1779360574.309072 -2.905582 -12.672406 0.321565 -0.504678 0.486421 -0.499190 0.509416
1779360574.446359 -2.813894 -12.673858 0.307120 0.512954 -0.492120 0.496743 -0.497939
1779360574.593709 -2.650523 -12.661230 0.304621 0.514129 -0.492462 0.488373 -0.504623
1779360574.728177 -2.524017 -12.660060 0.316577 0.509318 -0.489032 0.494639 -0.506729
1779360574.867875 -2.419548 -12.658309 0.309556 0.518785 -0.490943 0.492466 -0.497307
1779360575.006113 -2.319930 -12.657954 0.298055 0.520070 -0.493742 0.483609 -0.501864
1779360575.155498 -2.157929 -12.658294 0.306660 0.512722 -0.493019 0.485919 -0.507869
1779360575.294715 -2.022551 -12.654452 0.313529 0.514758 -0.491419 0.491142 -0.502305
1779360575.435848 -1.866936 -12.642359 0.303656 0.517954 -0.502970 0.473693 -0.504342
1779360575.572937 -1.739024 -12.642503 0.296717 0.519884 -0.499577 0.480881 -0.498896
1779360575.714108 -1.598306 -12.636543 0.304742 0.514927 -0.488846 0.491586 -0.504205
1779360575.851597 -1.476806 -12.633977 0.310154 0.515008 -0.494113 0.482534 -0.507720
1779360575.993252 -1.366366 -12.632060 0.300455 0.520350 -0.494376 0.485446 -0.499169
1779360576.147595 -1.213255 -12.617743 0.301974 0.525051 -0.483311 0.492534 -0.498139
1779360576.276671 -1.081915 -12.614021 0.309264 0.517193 -0.484919 0.491162 -0.506088
1779360576.418048 -0.948645 -12.607688 0.309837 0.522413 -0.485540 0.493671 -0.497619
1779360576.559294 -0.788953 -12.592976 0.306088 0.521554 -0.486508 0.485496 -0.505555
1779360576.697912 -0.644555 -12.587547 0.314238 0.518071 -0.488702 0.482498 -0.509871
1779360576.844841 -0.499182 -12.581074 0.310238 0.522808 -0.486221 0.486062 -0.503989
1779360576.979140 -0.369027 -12.571642 0.306985 0.521616 -0.486299 0.480930 -0.510035
1779360577.117182 -0.225379 -12.568463 0.307726 0.521425 -0.482717 0.487303 -0.507578
1779360577.259291 -0.122043 -12.560356 0.318963 0.518097 -0.474491 0.495028 -0.511255
1779360577.399331 0.050519 -12.545558 0.312398 0.523944 -0.484680 0.480939 -0.509180
1779360577.548491 0.200160 -12.536624 0.304776 0.524885 -0.483509 0.483754 -0.506652
1779360577.683568 0.365468 -12.518408 0.310403 0.521261 -0.473227 0.489312 -0.514701
1779360577.823577 0.484572 -12.509283 0.319884 0.519651 -0.478171 0.483514 -0.517232
1779360577.964313 0.630589 -12.507065 0.304162 0.529392 -0.482760 0.480950 -0.505346
1779360578.102762 0.770993 -12.492578 0.300574 0.526476 -0.475922 0.481713 -0.514076
1779360578.245017 0.919711 -12.482964 0.310934 0.522282 -0.475924 0.481607 -0.518432
1779360578.385569 1.025022 -12.473541 0.314130 0.523218 -0.473933 0.485740 -0.515448
1779360578.542793 1.188580 -12.456382 0.308962 0.523800 -0.481348 0.473802 -0.519086
1779360578.665891 1.312576 -12.449199 0.307941 0.522941 -0.475715 0.482294 -0.517321
1779360578.821528 1.444157 -12.434680 0.320952 -0.514545 0.471000 -0.485011 0.527415
1779360578.949862 1.588498 -12.422080 0.308444 -0.522534 0.486862 -0.464709 0.523421
1779360579.084853 1.716958 -12.419121 0.304342 0.522767 -0.485792 0.468087 -0.521167
1779360579.226656 1.849905 -12.406069 0.305689 -0.520861 0.477759 -0.477705 0.521774
1779360579.369248 1.955397 -12.394224 0.316396 -0.516787 0.480332 -0.472557 0.528111
1779360579.516232 2.016123 -12.395596 0.303270 0.521507 -0.485710 0.470949 -0.519927
1779360579.653466 2.171939 -12.383513 0.304677 0.522015 -0.480985 0.473795 -0.521222
1779360579.793477 2.324549 -12.378504 0.320245 -0.512197 0.473823 -0.479455 0.532229
1779360579.941497 2.434015 -12.371825 0.306781 0.528050 -0.482231 0.477563 -0.510441
1779360580.065029 2.562612 -12.356702 0.308618 0.526996 -0.474581 0.479546 -0.516801
1779360580.206278 2.691649 -12.351751 0.321279 0.521889 -0.471058 0.485849 -0.519314
1779360580.346017 2.796489 -12.343107 0.314872 0.526088 -0.468619 0.488906 -0.514391
1779360580.485994 2.949987 -12.323800 0.307577 0.529433 -0.475830 0.474248 -0.518050
1779360580.628882 3.102278 -12.313537 0.306428 0.526947 -0.476860 0.472663 -0.521077
1779360580.767418 3.232505 -12.296641 0.318515 0.525307 -0.467291 0.479694 -0.524961
1779360580.908611 3.374128 -12.277991 0.312590 -0.526840 0.475265 -0.467699 0.527087
1779360581.045544 3.482803 -12.263219 0.303491 0.530067 -0.473925 0.474897 -0.518553
1779360581.201669 3.645966 -12.239468 0.314303 0.529063 -0.465854 0.477817 -0.524179
1779360581.331931 3.760927 -12.226389 0.317451 0.530887 -0.471643 0.471031 -0.523299
1779360581.470910 3.914963 -12.213701 0.309354 0.531335 -0.473252 0.472835 -0.519753
1779360581.606697 4.061745 -12.195299 0.299165 0.532870 -0.470627 0.470296 -0.522859
1779360581.759450 4.203545 -12.180904 0.328077 -0.523843 0.460280 -0.476363 0.535546
1779360581.885529 4.324758 -12.168830 0.310331 0.535304 -0.469550 0.472557 -0.519290
1779360582.026505 4.472373 -12.147580 0.307125 0.533296 -0.467201 0.469879 -0.525863
1779360582.166847 4.603731 -12.137614 0.306222 0.532250 -0.463995 0.474338 -0.525759
1779360582.305420 4.729517 -12.121449 0.312914 0.534588 -0.464499 0.478380 -0.519238
1779360582.463776 4.898740 -12.098433 0.306952 0.533555 -0.470353 0.465803 -0.526417
1779360582.600237 5.017697 -12.081706 0.298434 0.531895 -0.464473 0.474989 -0.525107
1779360582.744504 5.172299 -12.069844 0.312961 -0.526349 0.470982 -0.469810 0.529539
1779360582.873232 5.305886 -12.057698 0.313350 -0.523626 0.473602 -0.466550 0.532773
1779360583.013981 5.448356 -12.048006 0.307907 0.532647 -0.471510 0.474734 -0.518260
1779360583.165485 5.500241 -12.047522 0.306469 0.534525 -0.475253 0.473626 -0.513903
1779360583.299337 5.750265 -12.021286 0.311016 0.530428 -0.470680 0.473220 -0.522657
1779360583.429761 5.856014 -12.013914 0.303528 0.532479 -0.474166 0.473024 -0.517572
1779360583.566054 5.999548 -11.995711 0.300883 0.529015 -0.462200 0.480038 -0.525432
1779360583.710155 6.106878 -11.990173 0.317947 -0.527217 0.469008 -0.472139 0.528355
1779360583.847655 6.233521 -11.980878 0.309125 0.530642 -0.472585 0.474757 -0.519315
1779360583.992755 6.384338 -11.960749 0.308065 0.528970 -0.465441 0.476564 -0.525777
1779360584.137577 6.561080 -11.937764 0.318080 0.528561 -0.460097 0.480416 -0.527384
1779360584.268067 6.644908 -11.933596 0.312728 0.534895 -0.464464 0.478844 -0.518526
1779360584.371850 6.746763 -11.915308 0.312242 0.534670 -0.459153 0.480488 -0.521955
1779360584.500323 6.855088 -11.906424 0.318209 0.531135 -0.465232 0.471709 -0.528153
1779360584.618144 6.986880 -11.892468 0.306998 0.535948 -0.467862 0.473867 -0.518956
1779360584.774077 7.148568 -11.868393 0.305484 0.534788 -0.461772 0.476215 -0.523438
1779360584.897926 7.263440 -11.856298 0.321268 0.531421 -0.461318 0.474485 -0.528812
1779360585.048790 7.418093 -11.837745 0.314839 0.533781 -0.462491 0.477573 -0.522594
1779360585.183057 7.517887 -11.824990 0.306921 0.535004 -0.464515 0.471030 -0.525478
1779360585.320368 7.676594 -11.809184 0.314392 0.532616 -0.461891 0.473790 -0.527731
1779360585.473845 7.841796 -11.790820 0.315661 0.532438 -0.459292 0.478367 -0.526048
1779360585.597469 7.962513 -11.779200 0.310217 0.534273 -0.467343 0.465843 -0.528331
1779360585.745796 8.084870 -11.767476 0.305988 0.539691 -0.465881 0.472654 -0.517964
1779360585.893504 8.252782 -11.744722 0.313683 0.533158 -0.458656 0.476811 -0.527283
1779360586.023778 8.380410 -11.727043 0.316687 0.534160 -0.467249 0.464762 -0.529478
1779360586.164839 8.482660 -11.718670 0.305497 0.538634 -0.467880 0.468371 -0.521143
1779360586.307131 8.651590 -11.695628 0.303842 0.538033 -0.463347 0.468060 -0.526071
1779360586.440561 8.777479 -11.682344 0.321084 0.534766 -0.456830 0.473796 -0.529952
1779360586.580812 8.895370 -11.672803 0.310109 0.537475 -0.463907 0.471726 -0.522863
1779360586.723667 9.029980 -11.673387 0.307287 0.519507 -0.477617 0.482784 -0.518569
1779360586.869746 9.211468 -11.688991 0.318650 -0.497596 0.493502 -0.496837 0.511866
1779360587.011993 9.320137 -11.703272 0.311064 -0.494552 0.505116 -0.502853 0.497408
1779360587.166033 9.426139 -11.707336 0.309489 -0.493825 0.510532 -0.500912 0.494551
1779360587.341022 9.581966 -11.722183 0.310488 0.491865 -0.509920 0.510513 -0.487265
1779360587.498652 9.822290 -11.734282 0.308089 -0.493030 0.511487 -0.510304 0.484657
1779360587.641150 9.968934 -11.744086 0.319317 0.490406 -0.506719 0.516626 -0.485629
1779360587.788842 10.098128 -11.750589 0.318528 0.489466 -0.506185 0.519919 -0.483615
1779360587.905890 10.221925 -11.754373 0.311524 -0.490228 0.512056 -0.510176 0.487027
1779360588.049157 10.372947 -11.764801 0.314358 0.490944 -0.510630 0.513027 -0.484803
1779360588.189464 10.522665 -11.774228 0.310646 0.490925 -0.507055 0.516360 -0.485037
1779360588.350563 10.660589 -11.778493 0.315932 0.488377 -0.508581 0.513319 -0.489220
1779360588.466890 10.770367 -11.785865 0.308329 0.491164 -0.510151 0.514327 -0.483707
1779360588.625929 10.920157 -11.786181 0.318272 0.490469 -0.498411 0.521538 -0.488901
1779360588.755004 11.077715 -11.787991 0.317788 0.492428 -0.507107 0.513364 -0.486635
1779360588.891849 11.207164 -11.796447 0.308941 0.494012 -0.510402 0.513499 -0.481416
1779360589.029057 11.354732 -11.798599 0.312512 0.489591 -0.505377 0.512800 -0.491865
1779360589.170382 11.518091 -11.802658 0.307687 0.487742 -0.506161 0.513246 -0.492430
1779360589.306027 11.644368 -11.808170 0.313150 0.491894 -0.508669 0.515653 -0.483114
1779360589.462977 11.803828 -11.847854 0.310477 -0.467209 0.532758 -0.526757 0.469481
1779360589.619249 11.971532 -11.903507 0.311661 -0.441708 0.554919 -0.540501 0.452568
1779360589.754725 12.069495 -11.929321 0.317930 0.434062 -0.554844 0.555987 -0.441155
1779360589.883251 12.226340 -11.993480 0.313662 -0.415068 0.574927 -0.557642 0.431524
1779360590.011620 12.342105 -12.045159 0.308089 -0.410872 0.577599 -0.571253 0.413804
1779360590.160046 12.443488 -12.084326 0.320346 0.402182 -0.575063 0.584457 -0.407385
1779360590.290658 12.583281 -12.137726 0.314150 -0.399241 0.588183 -0.574944 0.405077
1779360590.430762 12.718033 -12.202510 0.302180 -0.404088 0.592995 -0.577931 0.388672
1779360590.572896 12.880517 -12.268172 0.300528 0.405693 -0.585035 0.586629 -0.386024
1779360590.720579 13.015852 -12.336980 0.321201 0.394546 -0.583331 0.588596 -0.397004
1779360590.853539 13.099754 -12.378309 0.307460 -0.397075 0.593868 -0.582892 0.387154
1779360591.003740 13.217228 -12.426307 0.302517 -0.397915 0.592771 -0.580293 0.391851
1779360591.130202 13.349287 -12.479443 0.303853 -0.397644 0.591722 -0.584226 0.387845
1779360591.318378 13.421374 -12.508322 0.303503 -0.402138 0.593917 -0.582330 0.382675
1779360591.480931 13.600100 -12.572985 0.307171 -0.411926 0.584638 -0.580332 0.389526
1779360591.626710 13.729501 -12.582836 0.306902 -0.435733 0.568620 -0.565341 0.408898
1779360591.751466 13.795461 -12.585459 0.314201 0.448732 -0.553935 0.561133 -0.420625
1779360592.271070 13.956116 -12.583602 0.309479 0.479856 -0.524458 0.531976 -0.460091
1779360592.404408 14.118111 -12.570232 0.313156 0.499632 -0.504165 0.526150 -0.468351
1779360592.557926 14.436223 -12.558603 0.306284 0.505651 -0.500472 0.507821 -0.485760
1779360592.699692 14.465628 -12.557587 0.303520 -0.506085 0.507157 -0.502803 0.483590
1779360593.028635 14.679752 -12.555786 0.303976 0.507821 -0.505607 0.497185 -0.489169
1779360593.235200 14.702958 -12.558372 0.304142 -0.504366 0.509912 -0.492285 0.493213
1779360593.451088 14.744487 -12.559123 0.310276 -0.501102 0.507453 -0.495275 0.496076
1779360593.894645 14.858534 -12.564877 0.299254 -0.510244 0.511119 -0.496477 0.481580
1779360594.125218 14.914852 -12.565957 0.305595 0.509005 -0.508660 0.498951 -0.482936
1779360594.230849 15.094588 -12.564487 0.307947 -0.502603 0.504200 -0.498580 0.494560
1779360594.377027 15.130468 -12.564695 0.312931 0.501041 -0.500258 0.503300 -0.495368
1779360594.662158 15.710016 -12.563818 0.306465 0.508191 -0.492822 0.507257 -0.491485
1779360594.876263 15.966844 -12.561309 0.307127 0.506174 -0.503306 0.495837 -0.494588
1779360595.439700 16.429794 -12.563077 0.305550 0.514463 -0.500707 0.498891 -0.485518
1779360595.621994 16.445130 -12.562261 0.307269 0.514161 -0.498906 0.499949 -0.486603
1779360595.951682 16.894275 -12.550833 0.308946 0.508413 -0.484716 0.510597 -0.495839
1779360596.069766 16.906558 -12.552703 0.306543 0.511017 -0.488347 0.506239 -0.494066
1779360596.328480 17.113295 -12.559853 0.304071 0.510833 -0.498915 0.496802 -0.493276
1779360596.516508 17.722245 -12.575453 0.309997 0.506621 -0.499116 0.499350 -0.494841
1779360596.650553 18.133152 -12.563084 0.312460 0.507629 -0.492833 0.500109 -0.499319
1779360596.767598 18.378133 -12.554255 0.303915 0.511997 -0.487505 0.503012 -0.497169
1779360596.871156 18.489797 -12.551649 0.310202 0.508603 -0.499354 0.487308 -0.504479
1779360597.013514 18.645630 -12.553003 0.301659 0.515611 -0.498177 0.492509 -0.493356
1779360597.117404 18.734413 -12.548739 0.308250 0.514580 -0.493323 0.494559 -0.497244
1779360597.219462 18.823903 -12.515321 0.306657 0.535626 -0.467154 0.476665 -0.517361
1779360597.357947 18.969681 -12.478459 0.317016 -0.544100 0.441697 -0.460188 0.545056
1779360597.533268 19.099180 -12.436485 0.308181 0.571691 -0.427955 0.447730 -0.538109
1779360597.639742 19.224748 -12.398460 0.311813 0.570769 -0.421498 0.433913 -0.555232
1779360597.789296 19.364014 -12.356008 0.307326 0.579696 -0.416232 0.430677 -0.552467
1779360597.944019 19.520695 -12.284944 0.307330 0.593260 -0.399913 0.413733 -0.562972
1779360598.130702 19.648511 -12.225099 0.315589 0.591562 -0.387824 0.397593 -0.584438
1779360598.272563 19.842670 -12.139488 0.308256 0.608197 -0.386399 0.388631 -0.574246
1779360598.409974 19.960838 -12.081681 0.307345 0.606253 -0.381686 0.380469 -0.584822
1779360598.556259 20.074466 -12.029598 0.301097 0.607831 -0.382931 0.377221 -0.584474
1779360598.693011 20.202932 -11.945539 0.306179 0.614860 -0.361289 0.371650 -0.594385
1779360598.831652 20.306059 -11.850154 0.320912 0.625673 -0.318217 0.350665 -0.619924
1779360598.969410 20.397449 -11.776255 0.305449 0.647473 -0.303521 0.338072 -0.611850
1779360599.145919 20.509229 -11.679772 0.306130 0.649186 -0.287942 0.319049 -0.627578
1779360599.254858 20.614879 -11.587161 0.318077 0.644596 -0.280870 0.310702 -0.639588
1779360599.396733 20.685281 -11.525004 0.309865 0.655129 -0.279187 0.304549 -0.632543
1779360599.554197 20.774970 -11.436889 0.307404 0.654944 -0.281012 0.287902 -0.639682
1779360599.698822 20.876461 -11.324544 0.302123 0.650436 -0.280530 0.284782 -0.645860
1779360599.829780 20.939635 -11.258162 0.320697 0.648871 -0.267842 0.294695 -0.648368
1779360599.957120 21.027912 -11.165862 0.308824 0.657759 -0.274252 0.281287 -0.642664
1779360600.096132 21.123594 -11.075776 0.313286 0.655486 -0.273510 0.284170 -0.644032
1779360600.245125 21.216207 -10.985476 0.311086 0.659378 -0.269038 0.288567 -0.639975
1779360600.411536 21.299463 -10.904527 0.305615 0.659377 -0.275661 0.275099 -0.643081
1779360600.531148 21.412987 -10.801991 0.305122 0.660404 -0.272276 0.280292 -0.641224
1779360600.659121 21.509950 -10.710593 0.307029 0.664141 -0.268289 0.286511 -0.636277
1779360600.799158 21.591818 -10.631257 0.304478 0.665206 -0.275305 0.270215 -0.639290
1779360600.939310 21.675819 -10.560697 0.298079 0.664818 -0.280255 0.269478 -0.637852
1779360601.078553 21.783816 -10.451790 0.309989 0.658684 -0.270515 0.281247 -0.643318
1779360601.220729 21.898558 -10.337631 0.316252 0.655449 -0.274610 0.274133 -0.647941
1779360601.370030 21.980559 -10.266208 0.303235 0.664201 -0.275224 0.278443 -0.636834
1779360601.503090 22.073462 -10.170154 0.295739 0.664522 -0.269377 0.275789 -0.640147
1779360601.644922 22.171733 -10.074536 0.297050 0.664022 -0.274520 0.271530 -0.640301
1779360601.791147 22.216903 -10.032860 0.297894 0.667686 -0.274719 0.276308 -0.634333
1779360601.928679 22.310152 -9.940145 0.301620 0.661173 -0.273421 0.272195 -0.643429
1779360602.070324 22.421309 -9.837939 0.305871 0.658704 -0.271248 0.275303 -0.645555
1779360602.204391 22.488939 -9.766690 0.314705 0.657235 -0.259687 0.284499 -0.647816
1779360602.347191 22.587916 -9.661856 0.306715 0.665276 -0.259109 0.269207 -0.646374
1779360602.500372 22.612305 -9.588435 0.299372 0.680222 -0.220597 0.240633 -0.656301
1779360602.632808 22.676662 -9.448337 0.303950 0.690166 -0.186472 0.212297 -0.666205
1779360602.789841 22.743636 -9.311777 0.315941 -0.681739 0.170253 -0.193158 0.684789
1779360602.904651 22.756247 -9.253056 0.301694 0.697795 -0.161946 0.187985 -0.671950
1779360603.050562 22.811061 -9.103149 0.310990 0.690144 -0.150356 0.176391 -0.685552
1779360603.195457 22.872096 -8.963721 0.315817 0.692052 -0.147341 0.165477 -0.687002
1779360603.332293 22.914422 -8.883595 0.315135 0.693370 -0.146145 0.164014 -0.686279
1779360603.477231 22.960721 -8.783120 0.309246 0.695422 -0.145552 0.156508 -0.686082
1779360603.612313 23.026520 -8.643150 0.311623 0.693284 -0.141718 0.157727 -0.688764
1779360603.751817 23.049276 -8.549430 0.312862 0.700394 -0.128830 0.145751 -0.686737
1779360603.890818 23.064672 -8.442242 0.301997 0.714066 -0.105840 0.101719 -0.684515
1779360604.048556 23.093428 -8.276787 0.289399 0.724451 -0.076314 0.092289 -0.678845
1779360604.169994 23.114795 -8.138235 0.295684 0.718782 -0.056598 0.085254 -0.687663
1779360604.311369 23.143080 -7.998691 0.316406 0.705394 -0.058244 0.062880 -0.703614
1779360604.455653 23.168823 -7.860872 0.301260 0.718998 -0.051117 0.065145 -0.690061
1779360604.614566 23.194503 -7.690681 0.301269 0.712287 -0.047138 0.056167 -0.698048
1779360604.746030 23.219846 -7.545422 0.320420 -0.702587 0.045091 -0.057219 0.707859
1779360604.875725 23.236764 -7.450631 0.306900 0.713639 -0.045267 0.056637 -0.696751
1779360605.032854 23.234153 -7.310545 0.304718 0.714137 -0.026259 0.035517 -0.698611
1779360605.155041 23.238788 -7.168123 0.307627 0.708641 -0.010274 0.028523 -0.704917
1779360605.296816 23.240228 -7.066231 0.310033 0.712484 0.005430 0.030784 -0.700992
1779360605.435973 23.240540 -6.921571 0.304053 0.715520 0.004904 0.013212 -0.698450
1779360605.580584 23.237438 -6.784789 0.298610 0.718334 0.012499 0.016845 -0.695382
1779360605.721931 23.231787 -6.624589 0.309909 0.707397 0.015721 0.012172 -0.706536
1779360605.862981 23.231805 -6.488782 0.312074 0.710987 0.009753 -0.001637 -0.703136
1779360605.999865 23.237201 -6.368616 0.297663 0.719055 0.004140 0.010652 -0.694859
1779360606.138825 23.275653 -6.238730 0.300306 -0.701647 0.034774 -0.051006 0.709846
1779360606.278896 23.326384 -6.140204 0.309592 0.714264 -0.083004 0.063515 -0.692029
1779360606.381835 23.371445 -6.046856 0.297519 0.715386 -0.101143 0.084968 -0.686129
1779360606.510498 23.422345 -5.907134 0.315273 -0.695916 0.106576 -0.109305 0.701709
1779360606.634360 23.441792 -5.807080 0.310058 0.709096 -0.093766 0.083549 -0.693838
1779360606.776843 23.452407 -5.706004 0.289496 0.720543 -0.074906 0.073614 -0.685411
1779360606.909782 23.477773 -5.537075 0.306345 0.710953 -0.050787 0.074760 -0.697407
1779360607.057581 23.499246 -5.390373 0.312059 -0.704689 0.041188 -0.063560 0.705462
1779360607.197258 23.513975 -5.266100 0.306329 0.709216 -0.045690 0.055095 -0.701348
1779360607.337668 23.528473 -5.097351 0.306448 -0.705770 0.044582 -0.037429 0.706046
1779360607.487546 23.550653 -4.946084 0.318367 -0.700693 0.041077 -0.040159 0.711146
1779360607.621438 23.566377 -4.835582 0.312916 0.707726 -0.037098 0.047002 -0.703945
1779360607.765190 23.566479 -4.693205 0.314399 0.708135 -0.020883 0.028600 -0.705189
1779360607.900572 23.558124 -4.562278 0.302008 -0.702690 -0.001677 -0.010801 0.711413
1779360608.037805 23.542715 -4.453115 0.314014 0.709750 0.023835 0.010062 -0.703978
1779360608.179072 23.516851 -4.295671 0.311247 0.713594 0.026526 -0.016963 -0.699851
1779360608.335270 23.503379 -4.143264 0.309347 0.709993 0.033336 -0.023309 -0.703033
1779360608.458899 23.485373 -3.992942 0.311280 -0.704491 -0.039334 0.028143 0.708063
1779360608.601483 23.473803 -3.849140 0.319777 -0.703004 -0.036039 0.036710 0.709323
1779360608.741947 23.469410 -3.717454 0.305607 0.711841 0.036593 -0.031120 -0.700696
1779360608.880209 23.450691 -3.573841 0.305046 -0.703755 -0.045540 0.026904 0.708471
1779360609.020933 23.433993 -3.442614 0.314697 -0.705808 -0.043679 0.028633 0.706475
1779360609.169530 23.453715 -3.297263 0.316675 -0.705246 -0.002787 -0.000838 0.708957
1779360609.304589 23.483630 -3.150980 0.305152 0.711263 -0.031091 0.017732 -0.702015
1779360609.445086 23.520675 -3.017971 0.306272 0.716035 -0.057102 0.032341 -0.694972
1779360609.584025 23.551084 -2.902488 0.305256 0.713880 -0.068130 0.045495 -0.695459
1779360609.732928 23.552028 -2.769858 0.305764 0.713697 -0.038415 0.038007 -0.698367
1779360609.862076 23.560804 -2.664510 0.298370 0.716560 -0.025289 0.034841 -0.696196
1779360610.001663 23.564128 -2.510121 0.312727 -0.705519 0.012662 -0.030200 0.707934
1779360610.148845 23.570788 -2.379692 0.311966 0.709651 -0.013703 0.014772 -0.704265
1779360610.294318 23.579686 -2.257972 0.307228 0.713716 -0.010496 0.019916 -0.700074
1779360610.428955 23.578357 -2.120667 0.319759 -0.703340 0.003489 -0.017569 0.710627
1779360610.569505 23.578133 -1.962915 0.313248 0.714021 -0.008985 0.009187 -0.700007
1779360610.709948 23.585941 -1.818195 0.310232 0.711447 -0.006239 0.015931 -0.702532
1779360610.847291 23.584914 -1.674466 0.312302 0.707233 -0.002703 0.016574 -0.706781
1779360611.001847 23.579825 -1.507739 0.285081 0.715374 0.000024 0.011938 -0.698640
1779360611.136371 23.584940 -1.411684 0.312885 0.707281 -0.003337 0.005663 -0.706902
1779360611.276435 23.583624 -1.290428 0.308248 0.708812 0.000365 0.000551 -0.705397
1779360611.410978 23.583813 -1.145998 0.308367 -0.702513 -0.002350 -0.005187 0.711648
1779360611.551032 23.575095 -1.060807 0.320135 -0.699483 -0.002009 -0.008331 0.714598
1779360611.689879 23.565539 -0.908036 0.307216 -0.706929 0.002634 0.007691 0.707238
1779360611.832051 23.561399 -0.760237 0.302299 0.707801 -0.000283 -0.003405 -0.706404
1779360611.976279 23.553979 -0.611522 0.322179 -0.700487 -0.006948 -0.004284 0.713619
1779360612.115586 23.549989 -0.458346 0.310048 0.711345 0.006259 -0.004034 -0.702804
1779360612.251683 23.553209 -0.308003 0.308495 0.708883 0.008777 0.000591 -0.705271
1779360612.394882 23.550156 -0.178222 0.315870 -0.704189 -0.008690 -0.001611 0.709957
1779360612.543581 23.547379 0.020880 0.313858 0.707750 0.004859 -0.005529 -0.706425
1779360612.674249 23.555176 0.167142 0.304982 0.714590 0.004835 0.000633 -0.699527
1779360612.830338 23.551723 0.351251 0.307385 -0.706678 -0.013411 -0.001984 0.707406
1779360612.959064 23.549699 0.458952 0.317340 0.707287 0.013286 -0.001817 -0.706800
1779360613.096318 23.551614 0.563445 0.310363 0.710074 0.009946 0.000678 -0.704056
1779360613.234869 23.542073 0.722225 0.310529 -0.705349 -0.013212 0.006071 0.708711
1779360613.336073 23.539788 0.807953 0.314656 0.708262 0.003939 -0.017584 -0.705720
1779360613.447093 23.543237 0.931345 0.306139 0.712627 0.007405 -0.008376 -0.701454
1779360613.586719 23.536966 1.078222 0.314648 -0.706384 -0.017821 0.002146 0.707602
1779360613.732369 23.536718 1.210552 0.313352 0.707444 0.012369 -0.006616 -0.706630
1779360613.892083 23.534683 1.327608 0.311793 0.708834 0.010431 -0.002635 -0.705293
1779360614.010617 23.525595 1.468231 0.310762 -0.705581 -0.013694 0.007872 0.708453
1779360614.171217 23.527427 1.610237 0.318154 -0.705866 -0.010376 0.011717 0.708172
1779360614.289891 23.528897 1.742562 0.308386 0.710386 0.014249 -0.005926 -0.703643
1779360614.431985 23.522339 1.893159 0.304551 0.711653 0.018667 -0.008877 -0.702227
1779360614.571328 23.523035 2.055029 0.308669 0.708315 0.018249 -0.008127 -0.705614
1779360614.711544 23.519589 2.166880 0.316982 -0.705290 -0.014200 0.007798 0.708734
1779360614.857656 23.508730 2.312410 0.310396 0.709669 0.010867 -0.018383 -0.704212
1779360614.993462 23.506730 2.470101 0.309788 0.710891 0.015515 -0.008967 -0.703074
1779360615.140568 23.497715 2.642228 0.313039 -0.703470 -0.021635 0.008300 0.710348
1779360615.274541 23.502120 2.712571 0.307934 0.712225 0.016150 -0.017839 -0.701539
1779360615.417516 23.497446 2.883592 0.302760 0.714314 0.020329 -0.008504 -0.699478
1779360615.750770 23.474900 3.104926 0.310857 0.707632 0.024144 -0.014629 -0.706017
1779360615.908936 23.470585 3.333010 0.315820 0.707934 0.020552 -0.002410 -0.705976
1779360616.047868 23.470640 3.512601 0.305151 0.715635 0.009409 -0.005563 -0.698389
1779360616.193238 23.478091 3.661465 0.302790 0.714057 0.002305 -0.004578 -0.700069
1779360616.332858 23.475142 3.820906 0.314357 -0.706738 -0.010759 -0.009192 0.707334
1779360616.468327 23.477523 3.959394 0.315609 -0.706479 -0.002839 -0.000405 0.707728
1779360616.612053 23.483660 4.101975 0.307208 0.712781 -0.005075 -0.001085 -0.701367
1779360616.784327 23.480858 4.261576 0.311941 0.708385 0.002556 0.003833 -0.705811
1779360616.896243 23.488625 4.378879 0.315760 -0.703882 0.003063 0.000821 0.710309
1779360617.033316 23.498511 4.514719 0.305666 0.713998 0.000479 0.007743 -0.700105
1779360617.172174 23.495740 4.659755 0.305593 0.710990 0.005575 0.005338 -0.703159
1779360617.311858 23.499785 4.791789 0.310090 0.709381 0.004516 0.008531 -0.704759
1779360617.452420 23.497023 4.921810 0.315369 -0.705325 -0.008094 -0.013581 0.708707
1779360617.598095 23.490167 5.097011 0.307118 0.714809 0.007630 0.004051 -0.699266
1779360617.748613 23.494100 5.235825 0.303481 0.712912 0.010876 0.009016 -0.701111
1779360617.875290 23.489861 5.388487 0.315319 -0.704139 -0.009757 -0.007295 0.709958
1779360618.033184 23.483839 5.559443 0.316060 -0.705352 -0.003092 0.004328 0.708837
1779360618.188724 23.487722 5.639840 0.301563 0.712598 0.005914 0.005157 -0.701529
1779360618.303895 23.488016 5.795048 0.301583 0.710890 0.019766 0.024341 -0.702604
1779360618.436648 23.487649 5.941270 0.314951 -0.706419 -0.008614 -0.012577 0.707630
1779360618.574945 23.486206 6.081139 0.317177 -0.702284 -0.006197 -0.010792 0.711788
1779360618.719976 23.481997 6.243242 0.315512 -0.704716 -0.002993 -0.000518 0.709483
1779360618.861024 23.478638 6.389185 0.303250 -0.706265 -0.006729 -0.006433 0.707887
1779360619.000606 23.477068 6.536290 0.321981 -0.696170 -0.007889 -0.008811 0.717779
1779360619.140027 23.472033 6.682226 0.311940 0.707436 0.000836 -0.008015 -0.706732
1779360619.278836 23.474359 6.826703 0.308111 0.708446 -0.002481 -0.011808 -0.705662
1779360619.421232 23.476653 6.959636 0.315157 -0.702692 -0.005190 0.002492 0.711471
1779360619.566139 23.474649 7.078054 0.315180 -0.706477 -0.000643 0.012102 0.707632
1779360619.727570 23.480781 7.224170 0.307627 0.711701 0.001616 -0.006606 -0.702450
1779360619.843312 23.475194 7.344396 0.320505 -0.701924 -0.008359 0.006519 0.712173
1779360619.995737 23.474040 7.470598 0.317819 -0.706043 -0.005593 0.008463 0.708097
1779360620.126668 23.476286 7.544909 0.311252 0.707589 0.007005 0.000114 -0.706590
1779360620.264693 23.466651 7.704860 0.308836 0.708381 0.008547 -0.006555 -0.705748
1779360620.404643 23.461261 7.862913 0.311648 0.707180 0.015077 -0.000731 -0.706873
1779360620.544124 23.461932 7.977188 0.315237 -0.704361 -0.014538 -0.001785 0.709691
1779360620.704758 23.447118 8.152674 0.314572 -0.704746 -0.010727 0.012641 0.709266
1779360620.829311 23.449023 8.293510 0.312798 -0.705066 -0.009627 0.008194 0.709029
1779360620.970019 23.443683 8.446160 0.316998 -0.700798 -0.012115 0.005441 0.713236
1779360621.107956 23.437569 8.554641 0.315713 -0.704123 -0.008046 0.014050 0.709894
1779360621.246700 23.438191 8.691570 0.306567 0.710803 0.009630 -0.008722 -0.703271
1779360621.389289 23.432641 8.838817 0.303043 -0.704147 -0.015386 0.008821 0.709833
1779360621.527463 23.432602 8.954460 0.315358 -0.705301 -0.008901 0.016622 0.708657
1779360621.671882 23.431812 9.076942 0.309768 0.708467 0.011035 -0.008602 -0.705605
1779360621.812636 23.417796 9.240132 0.312542 -0.702189 -0.020825 0.004584 0.711671
1779360621.983944 23.410460 9.428075 0.316631 -0.701427 -0.018755 0.007016 0.712460
1779360622.090962 23.405020 9.540941 0.318193 -0.702668 -0.013547 0.011425 0.711297
1779360622.249178 23.392536 9.689762 0.314096 -0.705749 -0.012729 0.020815 0.708042
1779360622.370642 23.392958 9.828566 0.310081 -0.705198 -0.013962 0.013807 0.708739
1779360622.513421 23.387198 9.954554 0.319127 -0.701289 -0.019845 0.011447 0.712509
1779360622.656872 23.381006 10.114249 0.317881 -0.705896 -0.016261 0.020125 0.707842
1779360622.792121 23.376912 10.233178 0.306819 0.711073 0.021073 -0.011803 -0.702703
1779360622.938539 23.366704 10.394544 0.301921 -0.705414 -0.025659 0.010305 0.708256
1779360623.076759 23.356106 10.541718 0.322460 -0.702895 -0.025717 0.012447 0.710719
1779360623.224178 23.348620 10.671139 0.310916 0.708419 0.024334 -0.013315 -0.705247
1779360623.364254 23.338074 10.809085 0.308522 -0.703883 -0.031790 0.012227 0.709499
1779360623.494318 23.338631 10.953968 0.328471 -0.695615 -0.021002 0.023013 0.717739
1779360623.637904 23.335598 11.083833 0.318507 -0.703717 -0.019851 0.020369 0.709910
1779360623.774593 23.326748 11.202656 0.308534 -0.705192 -0.024240 0.023881 0.708199
1779360623.918947 23.320795 11.349592 0.316944 -0.701026 -0.025451 0.021955 0.712344
1779360624.059913 23.317432 11.501975 0.317122 -0.700000 -0.026148 0.013335 0.713540
1779360624.199298 23.301787 11.649178 0.314600 -0.705207 -0.023699 0.025282 0.708154
1779360624.300729 23.297305 11.723062 0.320990 -0.701812 -0.026656 0.018544 0.711622
1779360624.418081 23.289081 11.877288 0.314966 -0.704699 -0.023449 0.017802 0.708895
1779360624.553612 23.290811 12.031426 0.308899 0.706990 0.005424 -0.018023 -0.706973
1779360624.699598 23.318487 12.195022 0.301586 0.709068 -0.022565 0.023039 -0.704402
1779360624.834850 23.342232 12.305504 0.324392 -0.694267 0.040837 -0.037926 0.717557
1779360624.973793 23.368056 12.454597 0.311223 0.707858 -0.057016 0.039187 -0.702958
1779360625.114307 23.397453 12.570573 0.313168 0.705304 -0.060386 0.055805 -0.704121
1779360625.252805 23.430962 12.732846 0.313490 -0.698558 0.061456 -0.069890 0.709475
1779360625.355809 23.441838 12.785590 0.308759 -0.700385 0.062601 -0.067895 0.707765
1779360625.470884 23.479843 12.955827 0.314684 -0.700838 0.070631 -0.067041 0.706642
1779360625.579378 23.487707 12.994482 0.309280 0.704673 -0.074143 0.068163 -0.702348
1779360625.752568 23.526887 13.218076 0.316630 -0.701085 0.072195 -0.068082 0.706139
1779360625.885192 23.558431 13.346396 0.310478 -0.701093 0.070837 -0.076102 0.705450
1779360626.029011 23.579281 13.445546 0.318154 -0.697438 0.068956 -0.081393 0.708661
1779360626.173102 23.600047 13.569679 0.314380 -0.702032 0.067614 -0.055395 0.706761
1779360626.307982 23.582419 13.656775 0.295623 0.707029 -0.020772 0.040235 -0.705734
1779360626.450988 23.582077 13.806536 0.298417 0.712337 -0.011359 0.018030 -0.701514
1779360626.587249 23.567856 13.913778 0.312978 -0.705818 -0.002065 0.003269 0.708383
1779360626.731818 23.560299 14.011747 0.299656 0.711042 0.010631 -0.005454 -0.703048
1779360626.877208 23.542990 14.173838 0.306742 -0.702977 -0.027182 0.009130 0.710634
1779360627.046320 23.537990 14.364399 0.313257 -0.697751 -0.021645 0.021154 0.715700
1779360627.160005 23.532392 14.429778 0.317591 -0.702389 -0.021283 0.024567 0.711051
1779360627.295802 23.519080 14.565234 0.312682 -0.705407 -0.026750 0.026729 0.707793
1779360627.432901 23.512575 14.697383 0.311917 -0.704291 -0.028462 0.023784 0.708942
1779360627.583678 23.509538 14.757709 0.308841 0.708742 0.027833 -0.021300 -0.704596
1779360627.711927 23.489623 14.963757 0.317924 -0.701560 -0.030410 0.025893 0.711490
1779360627.853698 23.478854 15.104384 0.311543 -0.705417 -0.028307 0.025535 0.707767
1779360627.998750 23.458279 15.273391 0.318913 -0.695547 -0.033283 0.026541 0.717218
1779360628.137893 23.451811 15.384102 0.321535 -0.699650 -0.028788 0.030836 0.713239
1779360628.280941 23.436866 15.535150 0.308702 0.708999 0.040372 -0.031347 -0.703354
1779360628.425063 23.381382 15.672535 0.310783 -0.697220 -0.077619 0.059800 0.710129
1779360628.559776 23.338127 15.809146 0.324067 -0.687777 -0.098273 0.077138 0.715090
1779360628.697346 23.291782 15.950285 0.317564 -0.691151 -0.113033 0.085356 0.708695
1779360628.839468 23.234417 16.087523 0.313271 -0.692504 -0.117378 0.105675 0.703913
1779360628.980939 23.189017 16.224256 0.316550 -0.686526 -0.117300 0.105621 0.709765
1779360629.125031 23.160569 16.343108 0.324638 -0.686544 -0.104636 0.098393 0.712760
1779360629.267194 23.119369 16.498546 0.315389 -0.700349 -0.087245 0.104004 0.700773
1779360629.404918 23.089915 16.647308 0.309936 0.702464 0.085073 -0.090474 -0.700801
1779360629.545994 23.052766 16.787744 0.322181 -0.693103 -0.087261 0.085647 0.710393
1779360629.683890 23.016583 16.935870 0.312627 0.709071 0.081089 -0.090671 -0.694566
1779360629.824573 23.005264 17.039035 0.300404 0.712289 0.085448 -0.076460 -0.692457
1779360629.963151 22.968435 17.181645 0.304377 -0.702060 -0.093363 0.069421 0.702550
1779360630.102959 22.940195 17.337974 0.316173 -0.698371 -0.084673 0.077841 0.706435
1779360630.258495 22.917710 17.449871 0.307099 0.705897 0.088737 -0.070045 -0.699235
1779360630.407388 22.874085 17.629485 0.313073 -0.699494 -0.086687 0.082814 0.704511
1779360630.528152 22.847434 17.751454 0.323445 -0.693186 -0.089012 0.074912 0.711307
1779360630.667969 22.818673 17.891591 0.321124 -0.694163 -0.087408 0.072485 0.710805
1779360630.807671 22.771982 18.064396 0.308447 0.708005 0.083234 -0.083489 -0.696297
1779360630.951472 22.739920 18.220659 0.303073 0.706577 0.084108 -0.080912 -0.697946
1779360631.085382 22.700701 18.354273 0.322036 -0.692776 -0.088080 0.080993 0.711156
1779360631.233998 22.666675 18.502606 0.315853 -0.699862 -0.078708 0.090768 0.704102
1779360631.372807 22.644129 18.630810 0.306034 0.707150 0.081537 -0.082068 -0.697536
1779360631.526708 22.611686 18.771458 0.312429 -0.698476 -0.085793 0.076660 0.706324
1779360631.653178 22.585070 18.874815 0.319570 -0.696491 -0.079065 0.087178 0.707848
1779360631.794925 22.536766 19.022892 0.307559 0.703874 0.107092 -0.093964 -0.695890
1779360631.929181 22.459215 19.153189 0.311608 -0.687143 -0.150670 0.104464 0.703008
1779360632.083126 22.378697 19.305055 0.318296 -0.683187 -0.167519 0.135938 0.697649
1779360632.215234 22.323520 19.387743 0.318227 -0.679627 -0.173903 0.150481 0.696577
1779360632.357715 22.232983 19.533237 0.311846 0.687403 0.180551 -0.169160 -0.682835
1779360632.495804 22.168637 19.642157 0.306244 -0.680637 -0.192632 0.166787 0.686883
1779360632.673075 22.080088 19.747347 0.311846 -0.667944 -0.221872 0.188917 0.684787
1779360632.795377 21.993931 19.854913 0.315991 -0.666858 -0.231878 0.217297 0.674029
1779360632.913698 21.921325 19.940524 0.308020 0.667283 0.244964 -0.223575 -0.666889
1779360633.057894 21.837439 20.045530 0.310604 0.669143 0.243925 -0.228786 -0.663631
1779360633.194836 21.782741 20.167482 0.313256 0.680530 0.208956 -0.215023 -0.668566
1779360633.334823 21.725533 20.292674 0.304628 0.685504 0.187543 -0.196152 -0.675600
1779360633.483401 21.649178 20.431623 0.326569 -0.667652 -0.174444 0.191201 0.698035
1779360633.622355 21.578117 20.559091 0.324307 0.685915 0.169191 -0.185841 -0.682905
1779360633.759869 21.512112 20.694157 0.312986 -0.684874 -0.166878 0.171813 0.688171
1779360633.989829 21.472759 20.777284 0.287167 0.693523 0.177665 -0.159829 -0.679644
1779360634.119438 21.411811 20.930536 0.314019 -0.686270 -0.164561 0.167586 0.688381
1779360634.242469 21.330823 21.064235 0.307244 0.687392 0.187878 -0.170233 -0.680599
1779360634.418554 21.175849 21.192179 0.313886 -0.664092 -0.251116 0.223252 0.667893
1779360634.529748 21.097052 21.254740 0.296510 0.660606 0.286169 -0.227185 -0.655815
1779360634.687100 20.988371 21.345638 0.295230 -0.646957 -0.298078 0.251184 0.655365
1779360634.926343 20.870125 21.446223 0.307484 -0.641051 -0.306829 0.277127 0.646614
1779360635.029342 20.720858 21.571285 0.301461 -0.639319 -0.309595 0.283144 0.644400
1779360635.156479 20.676540 21.597387 0.305715 0.642746 0.312278 -0.288152 -0.637439
1779360635.382847 20.491813 21.759263 0.314424 -0.643754 -0.299070 0.283797 0.644669
1779360635.643367 20.324727 21.929813 0.312716 0.655859 0.276456 -0.283338 -0.642760
1779360635.744902 20.237601 22.035552 0.306127 0.656308 0.275734 -0.264239 -0.650698
1779360635.861049 20.149077 22.116882 0.304015 -0.651874 -0.278922 0.260267 0.655381
1779360636.108062 20.053300 22.215786 0.304138 0.653535 0.285023 -0.266248 -0.648665
1779360636.219778 19.861082 22.274421 0.313132 -0.604946 -0.368073 0.317567 0.630645
1779360636.347006 19.822585 22.290286 0.312208 -0.605869 -0.373091 0.340667 0.614550
1779360636.581352 19.627303 22.310121 0.288739 0.572351 0.435379 -0.397550 -0.569924
1779360636.807454 19.418980 22.381222 0.316266 -0.561967 -0.421603 0.417792 0.576102
1779360637.062928 19.263815 22.546313 0.308623 0.626209 0.315775 -0.360110 -0.615199
1779360637.289532 19.053677 22.817668 0.308567 0.656748 0.261362 -0.279501 -0.649808
1779360637.435871 18.957647 22.922331 0.314964 0.657532 0.266496 -0.275250 -0.648745
1779360637.560080 18.869463 22.971309 0.310573 0.643703 0.312485 -0.287119 -0.636838
1779360637.782612 18.699290 22.994905 0.319588 -0.589421 -0.387397 0.366537 0.606759
1779360638.016551 18.582316 22.956211 0.292713 -0.526176 -0.496489 0.430941 0.539376
1779360638.265215 18.332849 22.891739 0.295041 0.438370 0.547880 -0.511985 -0.495510
1779360638.462227 18.157664 22.853536 0.299405 0.437405 0.555351 -0.529672 -0.468732
1779360638.626584 17.958949 22.885373 0.304418 0.485162 0.518082 -0.512255 -0.483533
1779360638.744439 17.847801 22.918436 0.319686 -0.503655 -0.485424 0.486620 0.523351
1779360638.888410 17.715510 23.011382 0.314791 0.577025 0.415899 -0.443096 -0.545652
1779360639.025767 17.595248 23.107870 0.305655 0.610923 0.367572 -0.403586 -0.573395
1779360639.169854 17.462866 23.204373 0.311265 -0.608832 -0.349118 0.368008 0.609927
1779360639.310243 17.401354 23.275455 0.315772 0.628236 0.331289 -0.351600 -0.609873
1779360639.450767 17.338223 23.355965 0.304000 0.640988 0.323683 -0.327384 -0.614153
1779360639.591980 17.224506 23.448382 0.302901 0.634127 0.322332 -0.320521 -0.625501
1779360639.732040 17.112583 23.534172 0.313376 -0.625485 -0.328888 0.316690 0.632699
1779360639.880595 16.995054 23.583103 0.311071 -0.609474 -0.365790 0.330431 0.620930
1779360640.011973 16.862863 23.645446 0.317626 -0.599329 -0.373810 0.356059 0.611795
1779360640.159460 16.769232 23.688155 0.306276 -0.596425 -0.385886 0.363645 0.602604
1779360640.297692 16.620611 23.746456 0.303448 -0.586830 -0.396438 0.368780 0.602053
1779360640.437428 16.493774 23.808487 0.331052 -0.576446 -0.387145 0.388377 0.605799
1779360640.584229 16.404337 23.852306 0.315662 -0.589924 -0.396036 0.380022 0.592223
1779360640.727067 16.284202 23.897925 0.308715 -0.587388 -0.398983 0.386897 0.588301
1779360640.859290 16.133537 23.963072 0.311516 -0.584889 -0.399428 0.388091 0.589701
1779360640.998179 16.022873 24.010669 0.313973 -0.583893 -0.394826 0.390622 0.592111
1779360641.133685 15.879539 24.067105 0.305259 0.586399 0.398568 -0.393479 -0.585196
1779360641.279829 15.739006 24.140866 0.330385 -0.581357 -0.385329 0.403362 0.592322
1779360641.416639 15.611825 24.206835 0.304514 0.598010 0.400562 -0.388030 -0.575644
1779360641.563162 15.469919 24.232586 0.301899 0.570561 0.423063 -0.416982 -0.567101
1779360641.713480 15.351034 24.243517 0.294302 -0.550640 -0.453254 0.423087 0.558886
1779360641.844816 15.195967 24.263211 0.296361 -0.538490 -0.463049 0.435299 0.553289
1779360641.982358 15.101401 24.275269 0.316328 -0.528247 -0.463833 0.454118 0.547349
1779360642.122050 14.957569 24.301742 0.307811 -0.533865 -0.472827 0.447320 0.539747
1779360642.263985 14.818387 24.318159 0.306353 -0.526673 -0.474224 0.456389 0.537992
1779360642.403754 14.670170 24.339371 0.313294 -0.525486 -0.472744 0.462003 0.535660
1779360642.542826 14.529451 24.360205 0.309170 -0.529436 -0.474790 0.460173 0.531519
1779360642.679897 14.375288 24.376294 0.310696 -0.524055 -0.475210 0.468111 0.529541
1779360642.829752 14.235721 24.403277 0.315008 -0.520108 -0.467001 0.473594 0.535823
1779360642.961118 14.142097 24.417204 0.312417 -0.527511 -0.476527 0.464452 0.528147
1779360643.101967 13.987765 24.434648 0.311867 -0.520770 -0.474814 0.470534 0.530987
1779360643.242444 13.866236 24.451757 0.310933 -0.518466 -0.477305 0.462256 0.538231
1779360643.347311 13.794434 24.459495 0.314087 -0.514931 -0.477601 0.463008 0.540710
1779360643.451849 13.638988 24.461709 0.308849 -0.515408 -0.484552 0.474600 0.523755
1779360643.592691 13.496698 24.474263 0.317020 -0.509473 -0.485892 0.480082 0.523324
1779360643.734704 13.380396 24.484607 0.313341 -0.510635 -0.490334 0.479436 0.518618
1779360643.873177 13.221953 24.493938 0.309641 0.511320 0.490722 -0.486570 -0.510875
1779360644.019770 13.080604 24.504768 0.307822 -0.505287 -0.495993 0.485624 0.512684
1779360644.179386 12.952400 24.494682 0.303876 0.495175 0.510138 -0.495444 -0.499095
1779360644.285256 12.832107 24.483944 0.316088 0.484974 0.512681 -0.508573 -0.493266
1779360644.444340 12.643247 24.473638 0.307207 0.480087 0.529877 -0.499184 -0.489451
1779360644.581156 12.501688 24.458029 0.307014 0.470423 0.530074 -0.508687 -0.488836
1779360644.719666 12.366544 24.451637 0.311995 0.467883 0.524690 -0.518321 -0.486960
1779360644.877424 12.266988 24.445772 0.310500 0.469723 0.534381 -0.507576 -0.485967
1779360645.002415 12.109879 24.428380 0.309125 0.469196 0.530628 -0.520547 -0.476780
1779360645.148288 11.970320 24.419316 0.319527 0.464540 0.526930 -0.522093 -0.483700
1779360645.289766 11.841051 24.412531 0.318167 0.464721 0.527613 -0.520376 -0.484632
1779360645.422779 11.719181 24.398271 0.313914 -0.466884 -0.525250 0.527256 0.477632
1779360645.566495 11.589961 24.382176 0.309413 -0.466473 -0.523617 0.527154 0.479934
1779360645.701766 11.475900 24.361384 0.332871 -0.449315 -0.521635 0.529854 0.495245
1779360645.845407 11.320891 24.340446 0.314586 0.467798 0.527721 -0.527241 -0.474017
1779360645.983896 11.215064 24.334686 0.313877 0.465527 0.527393 -0.524231 -0.479920
1779360646.142508 11.053610 24.316836 0.315922 -0.459768 -0.525566 0.527074 0.484341
1779360646.267741 10.928845 24.303830 0.320173 -0.465838 -0.525290 0.528557 0.477172
1779360646.423269 10.777480 24.292888 0.309287 0.469516 0.527809 -0.519082 -0.481172
1779360646.550584 10.627762 24.297734 0.315204 -0.477930 -0.507253 0.517790 0.496156
1779360646.707474 10.458212 24.312941 0.322303 -0.499556 -0.492852 0.503751 0.503762
1779360646.828389 10.353849 24.331489 0.311358 0.513613 0.488311 -0.484627 -0.512730
1779360646.970950 10.208683 24.347273 0.309268 -0.508088 -0.481659 0.483150 0.525754
1779360647.114621 10.043421 24.339866 0.315574 -0.486066 -0.488603 0.511894 0.512807
1779360647.253859 9.959676 24.290574 0.312142 0.457567 0.538899 -0.525120 -0.473782
1779360647.389873 9.825158 24.229811 0.321925 -0.410650 -0.559790 0.561896 0.449748
1779360647.530184 9.775517 24.160627 0.307074 0.348669 0.603785 -0.591870 -0.404429
1779360647.764751 9.679424 24.046303 0.308092 0.291239 0.640875 -0.615034 -0.355236
1779360647.881453 9.570590 23.865639 0.318558 0.227503 0.662414 -0.654140 -0.285571
1779360648.021495 9.495532 23.752391 0.304880 0.216408 0.675175 -0.657978 -0.253716
1779360648.163185 9.406140 23.616203 0.322740 -0.200898 -0.663331 0.682725 0.231338
1779360648.286091 9.361945 23.551072 0.331525 -0.190297 -0.659165 0.690357 0.229555
1779360648.462678 9.251055 23.360455 0.314497 -0.187450 -0.675270 0.683194 0.205227
1779360648.600220 9.184811 23.254099 0.325172 -0.186430 -0.669826 0.690772 0.198523
1779360648.733674 9.102934 23.134428 0.313680 -0.186601 -0.679445 0.680520 0.201066
1779360648.873795 9.033160 23.010941 0.311084 0.179097 0.682657 -0.680920 -0.195582
1779360649.010138 8.966054 22.878770 0.320708 -0.161299 -0.673338 0.698797 0.179669
1779360649.148774 8.935224 22.805121 0.310849 0.155925 0.692497 -0.682640 -0.173604
1779360649.287066 8.892344 22.696658 0.315269 -0.143898 -0.688251 0.690416 0.170087
1779360649.441554 8.828188 22.536545 0.302737 -0.136422 -0.689313 0.693530 0.158911
1779360649.584312 8.803165 22.418616 0.318896 0.111076 0.696193 -0.696081 -0.135823
1779360649.710988 8.797080 22.301699 0.313237 0.081771 0.704555 -0.699032 -0.090939
1779360649.848040 8.784272 22.166487 0.305242 0.040816 0.708995 -0.698882 -0.084993
1779360649.988515 8.779881 22.010406 0.307956 0.021073 0.712346 -0.699485 -0.053289
1779360650.128605 8.820189 21.908874 0.317234 0.029735 -0.703476 0.710075 0.005557
1779360650.267861 8.840920 21.800551 0.305449 -0.060349 0.709398 -0.702181 0.007393
1779360650.408252 8.883341 21.639130 0.307609 -0.078814 0.705089 -0.703968 0.032657
1779360650.558629 8.903533 21.524244 0.317219 0.083320 -0.698647 0.708448 -0.055245
1779360650.700815 8.925718 21.431432 0.306781 -0.092064 0.707003 -0.699439 0.049559
1779360650.842553 8.974706 21.262727 0.307810 -0.095790 0.703551 -0.701035 0.066263
1779360650.974370 8.998781 21.116871 0.318043 0.089215 -0.701365 0.705463 -0.049487
1779360651.119411 8.978120 20.998711 0.318542 0.029510 -0.700694 0.712811 -0.007515
1779360651.253145 8.946546 20.870082 0.309503 -0.014882 -0.703481 0.710408 0.014598
1779360651.394855 8.905224 20.767764 0.327025 -0.050504 -0.691960 0.719533 0.030204
1779360651.533144 8.873862 20.668766 0.311665 0.062071 0.708035 -0.701262 -0.055368
1779360651.675974 8.851625 20.544816 0.323732 -0.059845 -0.690687 0.717124 0.071432
1779360651.822068 8.822828 20.411623 0.318306 -0.074666 -0.700527 0.707031 0.061589
1779360651.959299 8.787361 20.298436 0.311628 0.073375 0.705082 -0.700803 -0.079695
1779360652.108310 8.753970 20.148656 0.320387 -0.069645 -0.695980 0.709364 0.086971
1779360652.239907 8.729457 20.035832 0.314971 0.075581 0.704562 -0.701094 -0.079663
1779360652.377405 8.679731 19.887047 0.313619 -0.091068 -0.699369 0.702799 0.093072
1779360652.517854 8.617923 19.760503 0.318961 -0.111538 -0.687160 0.707791 0.120010
1779360652.662073 8.548029 19.650572 0.316878 -0.142815 -0.690881 0.696881 0.129012
1779360652.795575 8.479887 19.547684 0.306214 0.155245 0.692702 -0.688485 -0.148498
1779360652.938175 8.421146 19.389043 0.313161 -0.135249 -0.691090 0.694088 0.149479
1779360653.087256 8.377884 19.249992 0.322927 -0.111275 -0.692975 0.698369 0.140303
1779360653.251754 8.332482 19.096724 0.316145 -0.101625 -0.696175 0.699468 0.125527
1779360653.367168 8.302536 18.971495 0.311054 0.097167 0.701538 -0.698292 -0.103882
1779360653.500794 8.280908 18.822699 0.321159 -0.065479 -0.688797 0.717188 0.083136
1779360653.642243 8.276272 18.718650 0.305031 0.050823 0.715346 -0.693485 -0.069100
1779360653.792560 8.265459 18.548297 0.311606 0.032385 0.710822 -0.700655 -0.052598
1779360653.927414 8.251647 18.439567 0.300177 0.034055 0.714813 -0.696625 -0.050956
1779360654.093295 8.173306 18.266707 0.311835 -0.087585 -0.691774 0.709748 0.100174
1779360654.204233 8.082206 18.177699 0.318246 -0.167020 -0.688908 0.690567 0.143622
1779360654.341921 7.968912 18.092904 0.311601 -0.230369 -0.663823 0.681853 0.203334
1779360654.483919 7.856438 18.003254 0.307336 -0.270945 -0.652739 0.668393 0.231888
1779360654.628503 7.722885 17.907427 0.314978 -0.290374 -0.642236 0.659015 0.262517
1779360654.762695 7.640941 17.853455 0.310984 -0.301477 -0.640308 0.647231 0.283214
1779360654.905455 7.518485 17.752795 0.306266 0.305173 0.643757 -0.638908 -0.290245
1779360655.050690 7.394624 17.667213 0.306533 0.311474 0.638229 -0.637242 -0.299282
1779360655.192990 7.292795 17.581644 0.317628 -0.297865 -0.633378 0.638874 0.319293
1779360655.328648 7.175665 17.485349 0.315483 0.311544 0.637093 -0.635539 -0.305195
1779360655.476762 7.082097 17.420051 0.307962 0.316373 0.638191 -0.629516 -0.310370
1779360655.613337 6.958862 17.319207 0.316674 -0.307207 -0.634182 0.634483 0.317599
1779360655.746937 6.830555 17.251135 0.316271 0.334722 0.623173 -0.622441 -0.334938
1779360655.888581 6.687845 17.236159 0.316191 -0.386667 -0.588148 0.597993 0.383373
1779360656.036179 6.552106 17.207342 0.305376 -0.424318 -0.568043 0.584471 0.394558
1779360656.172079 6.402665 17.185164 0.318544 -0.436759 -0.556739 0.568984 0.418975
1779360656.323559 6.250270 17.159979 0.318974 -0.438330 -0.546088 0.559370 0.443576
1779360656.451276 6.108496 17.131255 0.313364 -0.448016 -0.546789 0.553388 0.440528
1779360656.551486 6.032254 17.117134 0.323939 -0.445981 -0.542626 0.552820 0.448385
1779360656.672089 5.873925 17.092403 0.313670 -0.451295 -0.543070 0.543132 0.454330
1779360656.803488 5.754721 17.068340 0.310838 0.447254 0.544268 -0.542523 -0.457608
1779360656.956401 5.568418 17.061374 0.314521 -0.472017 -0.526019 0.533206 0.464967
1779360657.088953 5.437114 17.069404 0.312947 -0.485421 -0.500753 0.506679 0.506843
1779360657.244587 5.334985 17.092841 0.300836 0.528365 0.482638 -0.499529 -0.488223
1779360657.396453 5.196267 17.121763 0.307764 0.531077 0.473524 -0.481724 -0.511542
1779360657.506176 5.035528 17.147742 0.320742 -0.526000 -0.461092 0.476292 0.532788
1779360657.649909 4.883357 17.172209 0.313342 0.537142 0.460015 -0.469537 -0.528583
1779360657.789390 4.738336 17.197214 0.307046 0.538708 0.464009 -0.455939 -0.535359
1779360657.931288 4.578365 17.221764 0.308753 -0.530110 -0.461057 0.456464 0.545940
1779360658.080818 4.480515 17.258357 0.325504 -0.540955 -0.449728 0.445389 0.553842
1779360658.212105 4.433799 17.321943 0.322701 -0.579155 -0.397556 0.400355 0.588426
1779360658.355295 4.346568 17.433862 0.315189 0.628012 0.311616 -0.344602 -0.624296
1779360658.505732 4.277418 17.562290 0.305165 0.676600 0.243405 -0.264402 -0.642696
1779360658.646076 4.270439 17.725306 0.332343 -0.677274 -0.151622 0.162864 0.701274
1779360658.776483 4.271027 17.858793 0.312318 0.720586 0.072385 -0.124454 -0.678253
1779360658.876599 4.283163 17.940913 0.296947 0.723246 0.030023 -0.097919 -0.682954
1779360658.996879 4.333037 18.071824 0.308143 -0.702174 0.022770 -0.006126 0.711615
1779360659.124975 4.398795 18.184723 0.306155 0.713285 -0.101301 0.030953 -0.692824
1779360659.269088 4.469934 18.294311 0.298262 0.708290 -0.133637 0.082222 -0.688263
1779360659.434393 4.553401 18.459439 0.302111 0.698785 -0.150727 0.117497 -0.689329
1779360659.548824 4.615803 18.566502 0.314063 0.696101 -0.163010 0.133502 -0.686330
1779360659.686934 4.686826 18.695410 0.302246 0.702805 -0.161645 0.157629 -0.674602
1779360659.829989 4.700641 18.851858 0.307620 0.709626 -0.105632 0.117314 -0.686666
1779360659.981650 4.668752 18.979972 0.292826 0.717354 -0.016293 0.069455 -0.693047
1779360660.108942 4.607447 19.126095 0.299878 0.718770 0.058948 0.004285 -0.692732
1779360660.251370 4.496092 19.237606 0.308860 -0.691748 -0.160625 0.091669 0.698055
1779360660.390298 4.415726 19.320122 0.289800 0.688632 0.220025 -0.140259 -0.676537
1779360660.541802 4.296485 19.435908 0.297982 -0.669739 -0.249048 0.193014 0.672436
1779360660.670648 4.193822 19.539311 0.307927 -0.656034 -0.260886 0.223669 0.671960
1779360660.813473 4.088855 19.630642 0.311788 -0.656790 -0.270816 0.242450 0.660684
1779360660.959249 3.964638 19.735995 0.308960 0.657940 0.278172 -0.261464 -0.649132
1779360661.101304 3.870851 19.822768 0.301894 0.657655 0.284188 -0.265204 -0.645286
1779360661.234773 3.767747 19.926460 0.309121 -0.649045 -0.278856 0.263584 0.656890
1779360661.376467 3.713220 20.027415 0.308310 0.668868 0.241497 -0.246719 -0.658350
1779360661.514158 3.641935 20.135925 0.308012 0.679381 0.212813 -0.236917 -0.661077
1779360661.654224 3.557064 20.263021 0.316325 0.674261 0.206481 -0.223016 -0.673054
1779360661.796131 3.474794 20.393335 0.311963 0.683481 0.205209 -0.207076 -0.669226
1779360661.944397 3.424064 20.525589 0.312955 0.686652 0.172183 -0.172787 -0.684841
1779360662.075155 3.383807 20.671693 0.310144 -0.684516 -0.131953 0.148235 0.701464
1779360662.213615 3.351717 20.817818 0.308150 0.708254 0.103961 -0.127777 -0.686470
1779360662.357665 3.322411 20.964649 0.308586 0.706759 0.091512 -0.104901 -0.693623
1779360662.503392 3.301982 21.066272 0.305487 0.707544 0.091963 -0.092647 -0.694508
1779360662.637870 3.275915 21.207861 0.308908 0.710766 0.083334 -0.083451 -0.693471
1779360662.787115 3.255570 21.316233 0.316289 -0.698766 -0.085067 0.073201 0.706493
1779360662.922029 3.217134 21.468067 0.308568 0.714392 0.079309 -0.081945 -0.690390
1779360663.068393 3.186449 21.622166 0.303298 0.715022 0.077107 -0.075679 -0.690703
1779360663.206605 3.147945 21.765142 0.312769 0.704088 0.081895 -0.074673 -0.701411
1779360663.349832 3.115734 21.906809 0.306841 0.713323 0.078817 -0.076626 -0.692161
1779360663.483125 3.083522 22.047733 0.301368 0.714435 0.082247 -0.067754 -0.691539
1779360663.622796 3.045321 22.198942 0.305190 0.705611 0.088533 -0.068107 -0.699740
1779360663.764163 3.009022 22.347038 0.313783 0.706951 0.084161 -0.076018 -0.698111
1779360663.915460 2.970888 22.453983 0.307087 0.709697 0.095064 -0.089234 -0.692337
1779360664.047692 2.908316 22.552276 0.305726 0.702248 0.129107 -0.122841 -0.689268
1779360664.184129 2.847180 22.649374 0.295269 0.694480 0.154454 -0.134851 -0.689679
1779360664.328102 2.776728 22.762201 0.314352 -0.682881 -0.170905 0.144421 0.695419
1779360664.470677 2.709331 22.878056 0.304872 0.694982 0.174253 -0.164763 -0.677856
1779360664.606774 2.628248 23.016822 0.301661 0.691350 0.185133 -0.165453 -0.678518
1779360664.752889 2.554625 23.137728 0.311423 -0.681153 -0.190142 0.171539 0.685894
1779360664.889375 2.503663 23.275001 0.307952 0.695750 0.160334 -0.144335 -0.685122
1779360665.030080 2.472661 23.418405 0.309321 -0.695895 -0.116320 0.122553 0.697983
1779360665.171575 2.435483 23.570328 0.300102 0.706727 0.089112 -0.122868 -0.691014
1779360665.317786 2.408543 23.735749 0.304334 0.709133 0.077109 -0.105213 -0.692903
1779360665.450886 2.389358 23.868776 0.307012 0.712403 0.074606 -0.084354 -0.692676
1779360665.592867 2.362352 23.994884 0.300747 0.717993 0.073425 -0.083372 -0.687128
1779360665.732854 2.324289 24.128795 0.288350 0.716697 0.078096 -0.069530 -0.689501
1779360665.884679 2.287215 24.261789 0.321119 -0.692974 -0.081147 0.062405 0.713658
1779360666.013109 2.248331 24.409739 0.304380 0.712134 0.073992 -0.077336 -0.693837
1779360666.152926 2.225382 24.531886 0.301827 0.711713 0.072236 -0.076065 -0.694593
1779360666.289377 2.222318 24.545189 0.303018 0.711362 0.073487 -0.073826 -0.695064
1779360666.434645 2.219055 24.559351 0.304288 0.710982 0.074818 -0.071442 -0.695559
1779360666.574425 2.215915 24.572976 0.305513 0.710612 0.076098 -0.069147 -0.696031
1779360666.736750 2.212267 24.588798 0.306937 0.710175 0.077584 -0.066482 -0.696572
1779360666.883115 2.099177 25.017079 0.298935 0.707212 0.089880 -0.072975 -0.697458
1779360667.002548 2.095858 25.111356 0.322782 -0.693006 -0.060082 0.072073 0.714800
1779360667.141588 2.110640 25.209776 0.312458 0.707980 0.037827 -0.026144 -0.704734
1779360667.274890 2.123457 25.327813 0.308810 -0.704763 -0.013985 0.001723 0.709303
1779360667.416993 2.134732 25.422143 0.301279 0.720903 -0.007355 0.005424 -0.692975
1779360667.556837 2.136148 25.509498 0.290342 0.730298 -0.020093 0.019753 -0.682547
1779360667.711407 2.138260 25.557436 0.300609 0.726216 -0.027682 0.029450 -0.686277
1779360667.844042 2.147962 25.596642 0.297645 0.728103 -0.032801 0.033939 -0.683841
1779360667.976386 2.153646 25.621919 0.294259 0.728274 -0.028363 0.038685 -0.683605
1779360668.119165 2.155091 25.637358 0.295639 0.719888 -0.025636 0.044400 -0.692194
1779360668.257916 2.154981 25.647376 0.298148 0.716796 -0.029227 0.038379 -0.695612
1779360668.397333 2.165707 25.660318 0.295510 0.716425 -0.045008 0.045601 -0.694716
1779360668.538304 2.218601 25.668928 0.297238 0.716200 -0.101582 0.124966 -0.679060
1779360668.681936 2.302096 25.638763 0.314867 0.683802 -0.209292 0.244536 -0.654838
1779360668.822558 2.381961 25.558737 0.301777 0.639011 -0.344266 0.357491 -0.587662
1779360668.963507 2.423553 25.471832 0.310594 0.564595 -0.441547 0.444662 -0.537163
1779360669.101597 2.434262 25.412686 0.310716 0.512496 -0.499323 0.500434 -0.487432
1779360669.241168 2.434232 25.376698 0.307926 0.478913 -0.529314 0.535105 -0.451810
1779360669.382732 2.434539 25.353103 0.307761 0.461315 -0.541027 0.560709 -0.424363
1779360669.524784 2.434895 25.345187 0.307445 0.455372 -0.546928 0.565859 -0.416305
1779360669.664903 2.434570 25.346774 0.308457 0.454274 -0.548116 0.567273 -0.414012
1779360669.803170 2.434253 25.347796 0.307342 0.454368 -0.548155 0.566566 -0.414824
1779360669.950227 2.450526 25.343534 0.308667 0.450442 -0.549217 0.567512 -0.416405
1779360670.084974 2.489297 25.336186 0.300370 0.453494 -0.552576 0.563477 -0.414121
1779360670.231890 2.584462 25.319701 0.299428 0.448963 -0.554624 0.559559 -0.421566
1779360670.363424 2.679042 25.293069 0.319904 0.434233 -0.548184 0.571308 -0.429585
1779360670.529833 2.796611 25.260827 0.312178 0.436758 -0.555429 0.569611 -0.419862
1779360670.648091 2.929405 25.229703 0.313321 0.429335 -0.556920 0.566960 -0.429032
1779360670.790539 3.065072 25.165485 0.312657 -0.411262 0.579617 -0.579422 0.398971
1779360670.928549 3.185058 25.094743 0.310901 0.389543 -0.591650 0.596668 -0.377086
1779360671.068528 3.334472 25.021925 0.308421 0.374511 -0.596342 0.603239 -0.374462
1779360671.225319 3.478898 24.930908 0.319455 0.361817 -0.601951 0.609550 -0.367685
1779360671.364711 3.566522 24.872361 0.310573 0.364208 -0.606858 0.613344 -0.350550
1779360671.490759 3.683350 24.808615 0.306055 -0.362627 0.611585 -0.607585 0.353985
1779360671.628883 3.799942 24.736702 0.307857 0.361185 -0.609904 0.613015 -0.348963
1779360671.769043 3.898284 24.678101 0.315301 0.360075 -0.609372 0.616602 -0.344692
1779360671.927874 4.037362 24.603809 0.307057 -0.355215 0.617489 -0.605237 0.355270
1779360672.052401 4.151824 24.529926 0.310184 -0.353804 0.614338 -0.610481 0.353164
1779360672.205983 4.288129 24.449925 0.309548 0.356862 -0.609189 0.617666 -0.346449
1779360672.331819 4.371581 24.406049 0.314234 0.355372 -0.609103 0.615352 -0.352201
1779360672.479243 4.496887 24.330424 0.308121 0.362700 -0.609399 0.620051 -0.335588
1779360672.614900 4.637370 24.253527 0.313598 0.358721 -0.601959 0.624172 -0.345506
1779360672.754818 4.768324 24.178719 0.316091 -0.355607 0.613031 -0.612628 0.349890
1779360672.897240 4.865651 24.113185 0.311341 -0.353366 0.616239 -0.613057 0.345750
1779360673.037893 4.989633 24.041935 0.302295 0.362787 -0.607855 0.619382 -0.339505
1779360673.183057 5.076888 24.003180 0.298551 0.371869 -0.607013 0.621893 -0.326340
1779360673.322422 5.143714 23.974918 0.306267 0.363365 -0.607692 0.619699 -0.338599
1779360673.459611 5.188143 23.963239 0.316416 0.375287 -0.603279 0.612628 -0.346268
1779360673.599757 5.238522 23.991155 0.311861 0.428895 -0.576920 0.577793 -0.386481
1779360673.737971 5.272977 24.036820 0.306257 0.483201 -0.529821 0.540959 -0.439511
1779360673.877775 5.284719 24.084372 0.301148 0.532302 -0.490875 0.503249 -0.471631
1779360674.044068 5.298530 24.143923 0.286901 0.577510 -0.450386 0.446603 -0.513985
1779360674.163239 5.303081 24.158090 0.288339 0.592980 -0.427686 0.432983 -0.527244
1779360674.299770 5.327550 24.177319 0.289935 0.599481 -0.415774 0.414783 -0.543792
1779360674.446548 5.394734 24.212968 0.300280 0.590417 -0.404871 0.405847 -0.568133
1779360674.584152 5.482840 24.259409 0.308744 0.591218 -0.392141 0.404217 -0.577317
1779360674.724036 5.578086 24.307980 0.312579 0.597019 -0.379598 0.408502 -0.576715
1779360674.866716 5.703614 24.376611 0.307215 0.600819 -0.379842 0.393502 -0.583003
1779360675.010414 5.818689 24.429768 0.297514 0.609020 -0.384187 0.402641 -0.565134
1779360675.144949 5.900661 24.436716 0.306512 0.586062 -0.415152 0.427987 -0.548641
1779360675.296369 5.982106 24.401249 0.300059 0.548905 -0.464984 0.472651 -0.509013
1779360675.434676 6.029066 24.355953 0.312090 -0.496472 0.511212 -0.507596 0.484277
1779360675.569457 6.082241 24.313030 0.312520 -0.465126 0.538169 -0.536849 0.453679
1779360675.708457 6.139036 24.284532 0.318291 0.445960 -0.543619 0.563937 -0.433097
1779360675.846011 6.206910 24.262499 0.315616 0.430856 -0.547203 0.577401 -0.426076
1779360675.986690 6.261446 24.234901 0.313951 0.422690 -0.561095 0.577476 -0.415965
1779360676.129941 6.301531 24.191738 0.317830 0.403648 -0.572936 0.607349 -0.374084
1779360676.269435 6.319210 24.140229 0.317137 0.358225 -0.599868 0.638114 -0.323487
1779360676.410215 6.301716 24.087731 0.307298 0.296446 -0.641128 0.657763 -0.261579
1779360676.549345 6.275486 24.036877 0.308333 0.238704 -0.666474 0.679709 -0.191908
1779360676.688358 6.247472 24.009148 0.315132 0.185407 -0.680175 0.694447 -0.143975
1779360676.828426 6.233407 23.994936 0.314088 0.160046 -0.684135 0.703059 -0.109783
1779360676.968086 6.226214 23.983733 0.307067 0.150905 -0.689018 0.701882 -0.099215
1779360677.123881 6.219986 23.980623 0.304482 0.137334 -0.695089 0.697741 -0.105584
1779360677.265322 6.213429 23.979256 0.305202 0.122864 -0.695755 0.701610 -0.092588
1779360677.392852 6.190100 23.973901 0.311479 0.091622 -0.697575 0.708467 -0.055394
1779360677.532564 6.169942 23.970215 0.315008 0.064955 -0.699666 0.710847 -0.030726
1779360677.684336 6.157964 23.972569 0.315640 0.046401 -0.699596 0.712758 -0.019690
1779360677.814381 6.130173 23.974187 0.314536 0.014548 -0.699279 0.714580 0.013118
1779360677.952065 6.082479 23.979036 0.314593 -0.039727 -0.696193 0.713943 0.063428
1779360678.092326 6.050883 23.989447 0.307356 -0.079004 -0.696114 0.705968 0.103885
1779360678.237540 6.019700 24.000281 0.285841 0.134166 0.710013 -0.681613 -0.115260
1779360678.381584 6.010584 24.012813 0.284094 0.149435 0.706052 -0.678690 -0.136162
1779360678.554376 6.012058 24.027489 0.288437 0.161145 0.703353 -0.674856 -0.154585
1779360678.657677 6.013594 24.030837 0.290884 0.159543 0.700761 -0.676370 -0.161256
1779360678.800007 6.012706 24.030612 0.292063 0.156607 0.700089 -0.676955 -0.164565
1779360678.942176 6.018107 24.030369 0.298357 0.149872 0.698154 -0.680612 -0.163970
1779360679.078458 6.037790 24.023558 0.302026 0.125476 0.700495 -0.687127 -0.146349
1779360679.221217 6.069641 24.012139 0.306557 0.086140 0.702587 -0.697467 -0.111765
1779360679.361377 6.090593 24.005312 0.308118 -0.061493 -0.702525 0.703489 0.088207
1779360679.497196 6.121798 23.995000 0.310522 -0.029294 -0.705465 0.706570 0.047116
1779360679.652159 6.167269 23.987636 0.307058 0.021589 -0.706282 0.707394 -0.017134
1779360679.778959 6.193172 23.991531 0.305817 0.045885 -0.704315 0.706029 -0.057944
1779360679.922654 6.227175 23.996327 0.297021 -0.081263 0.710965 -0.693302 0.085196
1779360680.073820 6.246675 24.000790 0.296475 -0.104045 0.707071 -0.692924 0.095295
1779360680.201557 6.251332 24.005434 0.298040 -0.114070 0.703168 -0.695298 0.095411
1779360680.351774 6.249934 24.014897 0.298509 -0.119928 0.702011 -0.695736 0.093537
1779360680.487912 6.244486 24.029819 0.298486 -0.123405 0.700941 -0.696303 0.092816
1779360680.625802 6.239637 24.046235 0.303308 0.124523 -0.697083 0.700479 -0.088872
1779360680.766181 6.238529 24.052673 0.304057 0.124468 -0.696683 0.701312 -0.085452
1779360680.906649 6.233083 24.066274 0.300037 0.125005 -0.698277 0.699293 -0.088163
1779360681.048672 6.224076 24.093742 0.295748 0.125698 -0.697975 0.699032 -0.091574
1779360681.186903 6.210639 24.132716 0.288558 -0.116823 0.700016 -0.698794 0.089534
1779360681.328446 6.175703 24.173174 0.285906 -0.079893 0.718015 -0.687775 0.070968
1779360681.469288 6.146751 24.207012 0.290045 -0.055041 0.714936 -0.696209 0.033628
1779360681.608377 6.133596 24.219837 0.297446 -0.028616 0.714575 -0.698828 0.014283
1779360681.752949 6.109183 24.229366 0.298490 0.006771 0.712893 -0.700659 -0.028546
1779360681.888910 6.084439 24.231209 0.302744 0.029237 0.709706 -0.700488 -0.069130
1779360682.030393 6.069438 24.228107 0.301299 0.044052 0.708924 -0.698353 -0.088260
1779360682.168108 6.060594 24.223503 0.305227 0.066366 0.708120 -0.697481 -0.087644
1779360682.312194 6.072503 24.206238 0.307820 0.055161 0.704697 -0.703503 -0.073777
1779360682.455994 6.100964 24.185327 0.308028 0.015159 0.706680 -0.706425 -0.036559
1779360682.594044 6.132119 24.175507 0.306478 -0.029692 0.709004 -0.704556 0.005646
1779360682.734116 6.151410 24.174704 0.303380 0.049666 -0.705709 0.705779 -0.037197
1779360682.875864 6.161409 24.177008 0.306851 0.057918 -0.704630 0.705597 -0.047703
1779360683.015765 6.153896 24.178157 0.309623 -0.050471 0.705889 -0.705677 0.034553
1779360683.153100 6.144485 24.182104 0.309689 -0.039843 0.707960 -0.704850 0.019778
1779360683.296483 6.141995 24.186853 0.306670 -0.036325 0.708384 -0.704732 0.015007
1779360683.436618 6.135234 24.188515 0.305283 -0.029921 0.709810 -0.703748 0.003700
1779360683.576196 6.126910 24.190506 0.303932 -0.020711 0.711939 -0.701837 -0.011773
1779360683.719005 6.125927 24.192996 0.303799 -0.019076 0.712318 -0.701402 -0.016583
1779360683.858927 6.126376 24.194119 0.303664 -0.019493 0.712371 -0.701355 -0.015741
1779360684.006138 6.127427 24.193195 0.304768 -0.019865 0.711848 -0.701905 -0.014391
1779360684.143340 6.125116 24.182309 0.305278 -0.017730 0.709953 -0.703844 -0.016003
1779360684.279172 6.121886 24.168403 0.294774 -0.016428 0.711074 -0.702748 -0.015766
1779360684.419344 6.119891 24.162434 0.298486 -0.015164 0.710760 -0.703133 -0.013930
1779360684.561003 6.122019 24.147541 0.301048 -0.016282 0.709905 -0.704015 -0.011548
1779360684.702827 6.122635 24.125235 0.288033 -0.017013 0.714842 -0.699011 -0.009806
1779360684.842407 6.124855 24.117159 0.283629 -0.018304 0.716806 -0.696973 -0.009059
1779360684.986085 6.124715 24.114842 0.286362 -0.022887 0.717603 -0.695920 -0.014735
1779360685.123210 6.121674 24.116300 0.286980 -0.025812 0.717709 -0.695630 -0.018050
1779360685.262600 6.124491 24.121320 0.285419 -0.028986 0.717498 -0.695880 -0.010401
1779360685.402122 6.125878 24.130204 0.290128 -0.028125 0.716009 -0.697486 -0.007305
1779360685.543664 6.126046 24.140594 0.293649 -0.027888 0.713985 -0.699568 -0.007220
1779360685.685439 6.127171 24.148785 0.296456 -0.029067 0.712263 -0.701271 -0.007466
1779360685.835912 6.127933 24.155418 0.300124 -0.029830 0.711062 -0.702453 -0.007775
1779360685.966670 6.127723 24.160323 0.301423 -0.029737 0.710237 -0.703286 -0.008268
1779360686.108255 6.127992 24.164872 0.302424 -0.030048 0.709546 -0.703966 -0.008582
1779360686.251503 6.128130 24.168878 0.303436 -0.030262 0.708764 -0.704737 -0.009124
1779360686.387618 6.128297 24.171971 0.304205 -0.030400 0.708162 -0.705331 -0.009487
1779360686.524492 6.128424 24.174456 0.304680 -0.030566 0.707790 -0.705695 -0.009624
1779360686.627055 6.128472 24.175993 0.305000 -0.030629 0.707503 -0.705976 -0.009918
1779360686.736087 6.128461 24.177743 0.305364 -0.030630 0.707181 -0.706295 -0.010206
1779360686.883570 6.128409 24.178884 0.305555 -0.030557 0.707008 -0.706469 -0.010414
1779360687.016629 6.128319 24.179351 0.305646 -0.030442 0.706927 -0.706553 -0.010516
1779360687.161259 6.128272 24.179739 0.305748 -0.030378 0.706844 -0.706637 -0.010640
