# raw base_link odometry (TUM format), robot's own estimator
1779360451.939011 8.390179 25.335978 0.048208 -0.064877 -0.057729 -0.759049 0.645215
1779360451.991940 8.390223 25.335901 0.048442 -0.064329 -0.057605 -0.759121 0.645196
1779360452.046954 8.390286 25.335796 0.048762 -0.063421 -0.057252 -0.759087 0.645358
1779360452.098485 8.390403 25.335690 0.049082 -0.062596 -0.056655 -0.759002 0.645591
1779360452.153006 8.390518 25.335571 0.049350 -0.061667 -0.056049 -0.758940 0.645806
1779360452.205481 8.390675 25.335423 0.049710 -0.060381 -0.055109 -0.758790 0.646185
1779360452.258628 8.390834 25.335299 0.050068 -0.059222 -0.054248 -0.758694 0.646478
1779360452.312078 8.390993 25.335148 0.050417 -0.057999 -0.053353 -0.758565 0.646814
1779360452.365358 8.391108 25.335001 0.050787 -0.056274 -0.053065 -0.758253 0.647356
1779360452.419289 8.391271 25.335075 0.051213 -0.055224 -0.051705 -0.758191 0.647629
1779360452.472150 8.390789 25.336588 0.056035 -0.054046 -0.051122 -0.758458 0.647462
1779360452.525401 8.390779 25.340054 0.062254 -0.049866 -0.047905 -0.758715 0.647742
1779360452.578903 8.391558 25.346170 0.073242 -0.049066 -0.046355 -0.758677 0.647960
1779360452.633616 8.392528 25.353733 0.089382 -0.052895 -0.049557 -0.758569 0.647548
1779360452.692010 8.393334 25.361677 0.111227 -0.054524 -0.052076 -0.758508 0.647287
1779360452.738769 8.393732 25.367060 0.135940 -0.051699 -0.050692 -0.759093 0.646943
1779360452.794798 8.393665 25.369474 0.160245 -0.046371 -0.047169 -0.760017 0.646529
1779360452.845990 8.393400 25.369463 0.184909 -0.039938 -0.042083 -0.760817 0.646368
1779360452.898811 8.393116 25.367826 0.209058 -0.035016 -0.037403 -0.761704 0.645896
1779360452.953698 8.393113 25.365437 0.231702 -0.031678 -0.033532 -0.762323 0.645551
1779360453.002419 8.393318 25.362982 0.251583 -0.029879 -0.030572 -0.762457 0.645625
1779360453.055097 8.393572 25.359684 0.272249 -0.028685 -0.027533 -0.762348 0.645945
1779360453.108982 8.394066 25.356331 0.292578 -0.027966 -0.025455 -0.761951 0.646530
1779360453.161765 8.394385 25.352695 0.308943 -0.028222 -0.024745 -0.761713 0.646827
1779360453.215689 8.394175 25.347778 0.316823 -0.027068 -0.022613 -0.761577 0.647114
1779360453.268690 8.393601 25.343935 0.319489 -0.024887 -0.020477 -0.761799 0.647012
1779360453.334663 8.393106 25.342201 0.320626 -0.023608 -0.019720 -0.761936 0.646922
1779360453.384723 8.392787 25.342281 0.321240 -0.023155 -0.019840 -0.762046 0.646805
1779360453.439250 8.393056 25.344095 0.321365 -0.023487 -0.020134 -0.761950 0.646897
1779360453.495214 8.393479 25.346128 0.321296 -0.023873 -0.020263 -0.761738 0.647128
1779360453.544731 8.393772 25.347534 0.321197 -0.024206 -0.020424 -0.761508 0.647382
1779360453.595421 8.393867 25.348356 0.321118 -0.024382 -0.020695 -0.761539 0.647330
1779360453.649037 8.393814 25.348410 0.321095 -0.024354 -0.020777 -0.761743 0.647088
1779360453.702399 8.393737 25.348106 0.321113 -0.024300 -0.020753 -0.761780 0.647047
1779360453.756851 8.393718 25.347725 0.321147 -0.024285 -0.020679 -0.761755 0.647079
1779360453.808587 8.393682 25.347521 0.321175 -0.024263 -0.020685 -0.761809 0.647017
1779360453.861507 8.393656 25.347458 0.321189 -0.024240 -0.020704 -0.761862 0.646954
1779360453.914995 8.393620 25.347485 0.321191 -0.024228 -0.020746 -0.761866 0.646949
1779360453.966271 8.393638 25.347536 0.321188 -0.024277 -0.020744 -0.761792 0.647034
1779360454.018980 8.393690 25.347565 0.321184 -0.024351 -0.020734 -0.761704 0.647135
1779360454.072019 8.393699 25.347569 0.321184 -0.024365 -0.020746 -0.761756 0.647074
1779360454.133809 8.393637 25.347572 0.321186 -0.024323 -0.020795 -0.761815 0.647003
1779360454.181559 8.393660 25.347563 0.321187 -0.024332 -0.020752 -0.761783 0.647042
1779360454.233316 8.393694 25.347586 0.321187 -0.024389 -0.020750 -0.761699 0.647139
1779360454.285673 8.393692 25.347637 0.321184 -0.024434 -0.020822 -0.761694 0.647141
1779360454.338576 8.393623 25.347664 0.321182 -0.024392 -0.020918 -0.761789 0.647028
1779360454.393547 8.393618 25.347631 0.321184 -0.024361 -0.020878 -0.761797 0.647021
1779360454.445756 8.393656 25.347651 0.321184 -0.024421 -0.020863 -0.761703 0.647129
1779360454.498763 8.393670 25.347647 0.321183 -0.024422 -0.020844 -0.761680 0.647157
1779360454.552764 8.393615 25.347685 0.321182 -0.024398 -0.020948 -0.761764 0.647056
1779360454.605188 8.393564 25.347715 0.321181 -0.024382 -0.021021 -0.761802 0.647009
1779360454.658141 8.393600 25.347698 0.321181 -0.024404 -0.020974 -0.761706 0.647123
1779360454.711969 8.393622 25.347685 0.321183 -0.024404 -0.020938 -0.761671 0.647165
1779360454.762224 8.393593 25.347670 0.321185 -0.024353 -0.020946 -0.761714 0.647117
1779360454.817398 8.394097 25.351381 0.319838 -0.026343 -0.020352 -0.761422 0.647402
1779360454.867987 8.394051 25.352386 0.320756 -0.029118 -0.018542 -0.756808 0.652726
1779360454.922204 8.396028 25.352715 0.323628 -0.032095 -0.015043 -0.747948 0.662811
1779360454.980711 8.397142 25.353481 0.318370 -0.029691 -0.012485 -0.737499 0.674580
1779360455.030713 8.399102 25.350395 0.316711 -0.027468 -0.013238 -0.726271 0.686732
1779360455.089246 8.404018 25.342764 0.318603 -0.028920 -0.015299 -0.710363 0.703074
1779360455.138617 8.409955 25.330908 0.320912 -0.028816 -0.018581 -0.689837 0.723152
1779360455.191964 8.414904 25.319059 0.320577 -0.025812 -0.022981 -0.671222 0.740450
1779360455.244849 8.420764 25.304256 0.319516 -0.019026 -0.027850 -0.653735 0.755972
1779360455.305869 8.426306 25.289839 0.316524 -0.012150 -0.030082 -0.636764 0.770376
1779360455.351258 8.431335 25.278442 0.312282 -0.016571 -0.024984 -0.617205 0.786231
1779360455.404448 8.436467 25.267914 0.314011 -0.020383 -0.015919 -0.594244 0.803869
1779360455.457458 8.441184 25.257313 0.313804 -0.019939 -0.005369 -0.569033 0.822055
1779360455.510860 8.449773 25.248222 0.313071 -0.015275 0.001322 -0.538801 0.842293
1779360455.564202 8.460382 25.243216 0.310065 -0.003571 0.003683 -0.511811 0.859083
1779360455.618479 8.471230 25.240028 0.306329 0.006476 0.005391 -0.487157 0.873274
1779360455.670947 8.482987 25.236305 0.304920 0.012214 0.006373 -0.463288 0.886101
1779360455.727032 8.495571 25.228357 0.304285 0.012449 0.003527 -0.442613 0.896619
1779360455.776938 8.511456 25.213112 0.305143 0.011947 0.001126 -0.424407 0.905392
1779360455.833160 8.522790 25.202438 0.304063 0.006458 -0.002217 -0.415942 0.909366
1779360455.884434 8.537923 25.190525 0.307053 0.001999 -0.005867 -0.405664 0.914001
1779360455.933949 8.553821 25.179510 0.307937 -0.012353 -0.002467 -0.394512 0.918804
1779360455.989247 8.573242 25.166199 0.306363 -0.027902 -0.001277 -0.385412 0.922322
1779360456.042488 8.596705 25.149725 0.304005 -0.035992 -0.004119 -0.377855 0.925156
1779360456.097572 8.617998 25.130602 0.305127 -0.023036 -0.004273 -0.367365 0.929782
1779360456.147280 8.640437 25.114208 0.307561 -0.017129 0.003053 -0.359019 0.933168
1779360456.208006 8.656850 25.098642 0.312873 -0.020108 0.001767 -0.353956 0.935044
1779360456.255489 8.674680 25.083195 0.313999 -0.018137 -0.001233 -0.352212 0.935744
1779360456.307868 8.696648 25.066383 0.313279 -0.019419 -0.001874 -0.353144 0.935366
1779360456.360738 8.720558 25.046474 0.312120 -0.020513 -0.005191 -0.352542 0.935557
1779360456.418679 8.748835 25.023605 0.312046 -0.025754 0.005455 -0.352137 0.935578
1779360456.472619 8.777428 25.002083 0.315383 -0.024744 0.007495 -0.352698 0.935380
1779360456.523844 8.805757 24.980021 0.317208 -0.021532 0.007965 -0.348506 0.937025
1779360456.579167 8.839314 24.953941 0.315427 -0.022478 0.003896 -0.344479 0.938517
1779360456.633833 8.876988 24.925291 0.313677 -0.023669 -0.003707 -0.341152 0.939703
1779360456.685366 8.921794 24.893154 0.311331 -0.002403 0.003492 -0.338028 0.941127
1779360456.742943 8.963094 24.863712 0.314209 0.001115 0.009227 -0.342503 0.939471
1779360456.793752 9.000041 24.832336 0.318338 -0.000560 0.010645 -0.360970 0.932517
1779360456.844796 9.028226 24.798700 0.320722 -0.014539 0.017171 -0.382361 0.923739
1779360456.898448 9.056050 24.756504 0.311033 0.008442 0.007731 -0.411923 0.911147
1779360456.948222 9.089627 24.723055 0.310976 0.006807 0.013767 -0.429833 0.902778
1779360457.000526 9.125408 24.679075 0.309254 0.007666 0.008612 -0.442232 0.896827
1779360457.057506 9.166383 24.638575 0.301518 -0.005702 0.015196 -0.455797 0.889936
1779360457.109820 9.176314 24.612843 0.303694 0.029962 0.003945 -0.458992 0.887927
1779360457.161888 9.202746 24.573851 0.310624 0.023042 -0.003390 -0.469638 0.882552
1779360457.216138 9.229856 24.524649 0.315014 0.008938 -0.012178 -0.480508 0.876860
1779360457.271289 9.254572 24.484543 0.308418 0.008864 0.004496 -0.489034 0.872208
1779360457.321618 9.267800 24.455158 0.309478 0.017627 0.010046 -0.498190 0.866831
1779360457.374185 9.296586 24.408506 0.312848 0.002186 0.000511 -0.503245 0.864141
1779360457.428299 9.329513 24.352228 0.310978 -0.005120 -0.007455 -0.504480 0.863376
1779360457.480396 9.353050 24.310507 0.308435 0.003546 -0.000184 -0.505925 0.862570
1779360457.534601 9.386096 24.258186 0.311629 0.011087 0.004774 -0.506713 0.862031
1779360457.587160 9.414808 24.206114 0.315276 0.002611 0.002714 -0.510516 0.859860
1779360457.647493 9.441569 24.144913 0.307760 -0.000189 0.006464 -0.512385 0.858732
1779360457.700079 9.457491 24.121010 0.309361 0.002616 0.005693 -0.517025 0.855947
1779360457.751647 9.482294 24.070980 0.314208 -0.006541 0.001061 -0.519894 0.854205
1779360457.802763 9.509433 24.023159 0.315817 -0.019362 -0.005873 -0.528274 0.848833
1779360457.855587 9.531810 23.960892 0.304858 -0.013627 -0.008872 -0.548943 0.835702
1779360457.914005 9.543428 23.922274 0.310173 0.018032 -0.005476 -0.569363 0.821870
1779360457.961708 9.562400 23.869612 0.318480 0.014548 -0.006099 -0.591915 0.805846
1779360458.015073 9.580147 23.807798 0.310827 0.001416 0.003260 -0.611094 0.791550
1779360458.067316 9.592144 23.758371 0.306831 0.022251 -0.014779 -0.623138 0.781656
1779360458.121722 9.607146 23.707134 0.314849 0.004200 -0.008118 -0.638742 0.769367
1779360458.175017 9.618919 23.652727 0.315857 -0.007243 -0.014513 -0.645767 0.763362
1779360458.227134 9.627222 23.583014 0.301095 -0.009804 -0.012218 -0.653064 0.757141
1779360458.288126 9.628450 23.546305 0.310545 0.022493 -0.011506 -0.655064 0.755151
1779360458.338329 9.636581 23.488115 0.318853 0.025367 -0.012290 -0.660900 0.749944
1779360458.392802 9.639585 23.431612 0.321790 0.009717 -0.014094 -0.668019 0.743947
1779360458.447405 9.641542 23.367655 0.311398 0.012673 -0.004058 -0.673722 0.738865
1779360458.501733 9.638924 23.363152 0.307693 0.017570 0.006443 -0.678060 0.734768
1779360458.559307 9.642884 23.304058 0.310602 0.003953 0.000056 -0.680377 0.732852
1779360458.609374 9.647641 23.240837 0.301491 -0.002222 -0.004002 -0.681011 0.732259
1779360458.663137 9.651712 23.211868 0.303426 -0.003061 0.000047 -0.681672 0.731652
1779360458.714985 9.654449 23.156832 0.310743 0.003428 -0.005034 -0.682061 0.731270
1779360458.767233 9.658749 23.099026 0.314778 -0.007543 -0.006440 -0.685430 0.728071
1779360458.822241 9.658605 23.032619 0.315531 -0.009625 -0.003089 -0.686965 0.726620
1779360458.877344 9.663228 22.989876 0.308839 -0.002284 0.012870 -0.689361 0.724300
1779360458.937725 9.666392 22.930429 0.311312 -0.010074 0.009514 -0.689779 0.723888
1779360458.984902 9.672631 22.869110 0.313839 -0.021996 0.001870 -0.688532 0.724870
1779360459.042973 9.675926 22.800858 0.305165 -0.017076 -0.000044 -0.687613 0.725877
1779360459.106502 9.681070 22.748795 0.312266 0.001161 -0.002129 -0.684745 0.728779
1779360459.148764 9.685552 22.694456 0.318504 -0.002863 -0.002585 -0.685695 0.727878
1779360459.201369 9.688103 22.628849 0.315658 -0.015481 0.001658 -0.687237 0.726266
1779360459.253362 9.688583 22.583395 0.312465 -0.000713 0.001685 -0.688243 0.725478
1779360459.321818 9.693954 22.532192 0.315761 -0.005063 0.003697 -0.690989 0.722838
1779360459.372288 9.697195 22.469423 0.317005 -0.013323 0.000908 -0.688973 0.724664
1779360459.418073 9.696412 22.408886 0.305720 -0.005412 0.003641 -0.688344 0.725355
1779360459.476784 9.696393 22.369904 0.308025 -0.012192 0.005740 -0.687917 0.725664
1779360459.522455 9.697699 22.329145 0.315919 -0.005906 -0.000825 -0.687445 0.726212
1779360459.577778 9.704100 22.285965 0.318522 -0.015265 0.001949 -0.685382 0.728021
1779360459.630361 9.709504 22.237291 0.316851 -0.017133 0.010394 -0.677066 0.735649
1779360459.681156 9.714502 22.199352 0.310841 -0.014337 0.015388 -0.665280 0.746297
1779360459.737768 9.722781 22.166197 0.316816 -0.015945 0.014382 -0.656855 0.753711
1779360459.788020 9.729854 22.132885 0.318054 -0.020734 0.014205 -0.647934 0.761282
1779360459.837760 9.738554 22.094801 0.315711 -0.023066 0.011728 -0.640286 0.767701
1779360459.892225 9.746032 22.053495 0.309982 -0.014800 0.009744 -0.632972 0.773972
1779360459.946683 9.752426 22.019730 0.305977 -0.015499 0.011616 -0.627030 0.778754
1779360460.006625 9.757248 21.990870 0.310872 -0.015483 0.004048 -0.621797 0.783015
1779360460.052170 9.765791 21.958864 0.312893 -0.014688 -0.000798 -0.619562 0.784810
1779360460.104725 9.775616 21.921490 0.313822 -0.020573 -0.004304 -0.617527 0.786269
1779360460.168351 9.784082 21.880459 0.315859 -0.022861 -0.000121 -0.615091 0.788125
1779360460.211653 9.792899 21.841871 0.313511 -0.018091 0.008481 -0.616084 0.787427
1779360460.263819 9.803753 21.800846 0.316504 -0.019171 0.007458 -0.613086 0.789748
1779360460.317820 9.817941 21.755997 0.317555 -0.022434 0.004307 -0.609589 0.792389
1779360460.372902 9.834553 21.703093 0.318710 -0.022528 -0.003002 -0.606586 0.794693
1779360460.425853 9.843751 21.665833 0.311536 -0.008218 0.005250 -0.604347 0.796662
1779360460.476993 9.860833 21.617842 0.314445 0.000209 0.003225 -0.601798 0.798642
1779360460.528241 9.877733 21.564337 0.316954 -0.006891 0.002641 -0.608299 0.793674
1779360460.582701 9.887646 21.505035 0.316977 -0.016453 0.010555 -0.619888 0.784447
1779360460.636222 9.900790 21.461363 0.311702 -0.005750 0.002152 -0.632221 0.774764
1779360460.689048 9.912507 21.411600 0.313914 -0.011014 -0.002201 -0.640656 0.767746
1779360460.742117 9.924185 21.357786 0.313961 -0.017114 -0.011812 -0.644352 0.764446
1779360460.795082 9.938221 21.291452 0.308898 -0.016355 -0.010988 -0.648562 0.760907
1779360460.853910 9.943636 21.243303 0.308456 0.017762 -0.004371 -0.650052 0.759670
1779360460.904042 9.951032 21.189461 0.311679 0.016512 -0.005610 -0.655265 0.755198
1779360460.961222 9.957296 21.125978 0.314682 0.000947 -0.005748 -0.660993 0.750369
1779360461.020413 9.959774 21.077274 0.308407 0.008919 -0.000577 -0.664870 0.746906
1779360461.063667 9.969514 21.023193 0.308349 0.007493 -0.001048 -0.668681 0.743511
1779360461.116766 9.975389 20.971323 0.309899 -0.007831 -0.004123 -0.669626 0.742645
1779360461.173242 9.982287 20.910250 0.311481 -0.016383 -0.006342 -0.669768 0.742362
1779360461.224856 9.991709 20.854174 0.307672 -0.009447 0.002954 -0.670674 0.741686
1779360461.288974 9.996215 20.799368 0.308650 -0.000781 -0.001410 -0.671033 0.741426
1779360461.331534 10.004221 20.745684 0.314006 -0.009775 -0.001619 -0.673282 0.739319
1779360461.383734 10.007978 20.684374 0.319021 -0.020022 0.001733 -0.674507 0.737995
1779360461.437379 10.013377 20.637432 0.310670 -0.001542 0.002370 -0.676222 0.736693
1779360461.489633 10.019217 20.583494 0.312911 -0.005719 -0.002205 -0.677240 0.735736
1779360461.549660 10.025720 20.526058 0.314991 -0.015940 -0.006097 -0.675659 0.737017
1779360461.599962 10.035384 20.455542 0.311046 -0.014393 -0.005261 -0.675567 0.737139
1779360461.649963 10.037661 20.412415 0.312784 0.005068 -0.001573 -0.673853 0.738847
1779360461.702373 10.043289 20.352892 0.316226 0.004853 -0.004969 -0.675300 0.737510
1779360461.757993 10.048947 20.299953 0.311281 -0.006010 -0.004671 -0.678676 0.734399
1779360461.811460 10.054091 20.238117 0.302413 -0.007018 0.005011 -0.685634 0.727896
1779360461.864620 10.059666 20.241953 0.310306 -0.002935 0.003843 -0.695215 0.718786
1779360461.919624 10.065287 20.180582 0.311120 -0.016002 0.002808 -0.698802 0.715130
1779360461.970582 10.069789 20.120899 0.310721 -0.026601 -0.008358 -0.699453 0.714134
1779360462.024655 10.068593 20.049660 0.300552 -0.013083 -0.011763 -0.701006 0.712938
1779360462.076129 10.072170 19.998367 0.306301 0.010891 -0.002596 -0.701772 0.712314
1779360462.123004 10.072600 19.947437 0.312864 0.009885 -0.004591 -0.705516 0.708610
1779360462.178091 10.072072 19.897890 0.316842 -0.000681 -0.003390 -0.708272 0.705931
1779360462.231895 10.065405 19.826122 0.309676 -0.000440 0.001083 -0.710630 0.703565
1779360462.283018 10.070528 19.781466 0.310046 0.005264 0.004134 -0.715604 0.698475
1779360462.338282 10.069912 19.728479 0.312761 -0.010114 -0.002392 -0.716154 0.697865
1779360462.391141 10.068467 19.668816 0.293924 -0.018560 -0.006129 -0.715176 0.698671
1779360462.446015 10.064565 19.619244 0.307559 -0.008323 0.002743 -0.716068 0.697976
1779360462.498702 10.066596 19.558870 0.315870 0.005289 0.000842 -0.714740 0.699370
1779360462.552341 10.065362 19.501417 0.321267 0.000350 0.000416 -0.716599 0.697486
1779360462.611938 10.062267 19.439035 0.309071 -0.006851 0.003776 -0.717654 0.696356
1779360462.661602 10.061825 19.432838 0.309493 0.004500 0.013009 -0.719061 0.694811
1779360462.714627 10.063926 19.374956 0.312883 -0.003536 0.014570 -0.719819 0.694000
1779360462.771426 10.065352 19.322954 0.314284 -0.015172 0.008620 -0.720116 0.693635
1779360462.820199 10.063303 19.263811 0.309306 -0.025610 -0.003364 -0.727909 0.685187
1779360462.874608 10.056662 19.203888 0.306622 0.012724 -0.000256 -0.744467 0.667538
1779360462.928405 10.050578 19.148792 0.316374 0.014396 0.000709 -0.764436 0.644538
1779360462.985124 10.040105 19.091660 0.320872 0.002609 0.009902 -0.783616 0.621162
1779360463.044397 10.024925 19.031513 0.304360 0.013035 -0.008527 -0.798226 0.602156
1779360463.087776 10.015309 18.996849 0.311175 0.005111 -0.005600 -0.811840 0.583831
1779360463.140883 9.998646 18.943108 0.314129 -0.002486 -0.013346 -0.821080 0.570652
1779360463.194194 9.978459 18.881630 0.296706 -0.008531 -0.015446 -0.827979 0.560481
1779360463.249870 9.953959 18.833599 0.307002 0.015820 -0.018589 -0.832153 0.554008
1779360463.300187 9.934908 18.777237 0.317058 0.024148 -0.014794 -0.837517 0.545677
1779360463.351471 9.915428 18.736971 0.321350 0.016269 -0.012436 -0.842362 0.538523
1779360463.405653 9.880573 18.674253 0.311655 0.013017 -0.004146 -0.848338 0.529279
1779360463.459871 9.862068 18.634476 0.310149 0.023438 -0.006273 -0.852649 0.521921
1779360463.512956 9.836488 18.582283 0.312074 0.008282 -0.007138 -0.855229 0.518134
1779360463.564318 9.805883 18.525206 0.309399 -0.002064 -0.007317 -0.856478 0.516128
1779360463.621841 9.784791 18.487913 0.307800 0.003614 -0.000956 -0.857705 0.514129
1779360463.673311 9.751252 18.426208 0.313599 0.009682 0.000266 -0.857908 0.513712
1779360463.725336 9.724043 18.374691 0.315848 0.003623 0.001727 -0.860436 0.509543
1779360463.781644 9.690315 18.318136 0.312820 0.000801 0.007816 -0.861692 0.507371
1779360463.832172 9.673328 18.279812 0.310034 0.012318 0.011387 -0.864064 0.503102
1779360463.884979 9.645949 18.231750 0.313155 -0.001844 0.009855 -0.870976 0.491224
1779360463.939177 9.622884 18.184956 0.311657 -0.024353 0.008227 -0.881180 0.472082
1779360463.993648 9.587573 18.136171 0.297029 -0.027698 -0.005476 -0.896750 0.441637
1779360464.044083 9.552769 18.094801 0.308255 0.014421 -0.022223 -0.911365 0.410745
1779360464.100665 9.519192 18.050821 0.320489 0.013488 -0.014960 -0.931248 0.363829
1779360464.155025 9.472251 18.016911 0.317907 0.013048 0.004406 -0.952789 0.303319
1779360464.204854 9.438483 17.989265 0.315223 0.008526 -0.022670 -0.969979 0.241978
1779360464.254643 9.410659 17.961248 0.312012 0.005480 0.004581 -0.980528 0.196251
1779360464.309226 9.368334 17.934788 0.285335 -0.009003 -0.002956 -0.987969 0.154363
1779360464.366441 9.344821 17.943523 0.300288 0.017609 -0.041027 -0.990847 0.127390
1779360464.419117 9.293427 17.916500 0.313445 0.043055 -0.044724 -0.993267 0.097808
1779360464.473456 9.239709 17.906355 0.319870 0.048695 -0.028331 -0.996793 0.056829
1779360464.532739 9.186755 17.910479 0.315577 0.042420 -0.055052 -0.997466 0.015207
1779360464.584129 9.152022 17.908504 0.304976 0.029504 -0.037178 -0.998462 -0.028674
1779360464.631593 9.099018 17.904783 0.283059 0.025458 -0.030587 -0.997245 -0.062603
1779360464.683252 9.110849 17.896572 0.286168 0.016972 -0.015145 -0.995606 -0.090843
1779360464.738234 9.060499 17.909649 0.303829 0.021931 -0.054007 -0.992679 -0.105786
1779360464.803784 9.008869 17.919767 0.311688 0.017137 -0.046715 -0.990444 -0.128624
1779360464.844209 8.954065 17.940277 0.304027 0.022109 -0.035393 -0.988388 -0.146112
1779360464.896745 8.915362 17.955307 0.300092 0.017754 -0.041896 -0.985926 -0.160869
1779360464.955775 8.860096 17.975105 0.305814 0.006074 -0.037550 -0.984303 -0.172337
1779360465.014112 8.801882 17.996624 0.308514 -0.003165 -0.027957 -0.983252 -0.180067
1779360465.063291 8.763161 18.007418 0.304767 0.002817 -0.010827 -0.982072 -0.188172
1779360465.113053 8.715688 18.025911 0.312015 0.004282 -0.017603 -0.981158 -0.192354
1779360465.174737 8.664832 18.046221 0.314999 0.000568 -0.013628 -0.979384 -0.201547
1779360465.222318 8.605014 18.075758 0.315231 0.000169 -0.006064 -0.978144 -0.207841
1779360465.279923 8.558311 18.093910 0.309560 0.020903 -0.006292 -0.976599 -0.213960
1779360465.327462 8.512860 18.114914 0.311169 0.012041 -0.002617 -0.975965 -0.217581
1779360465.381598 8.458395 18.137194 0.312906 -0.000505 0.008773 -0.976016 -0.217524
1779360465.434791 8.397110 18.166668 0.306502 0.000044 0.010128 -0.975859 -0.218169
1779360465.492947 8.378756 18.177784 0.311215 0.011831 0.000270 -0.976112 -0.216945
1779360465.541607 8.330606 18.199902 0.315954 0.011353 -0.005394 -0.975633 -0.219050
1779360465.596199 8.277827 18.224400 0.317540 0.006162 0.003853 -0.975169 -0.221343
1779360465.649328 8.231627 18.249332 0.312849 0.013786 0.000166 -0.974767 -0.222798
1779360465.698209 8.183146 18.268490 0.313085 0.017347 -0.001593 -0.973809 -0.226699
1779360465.756300 8.130894 18.291178 0.315123 0.005317 0.008092 -0.974141 -0.225736
1779360465.803897 8.074380 18.317078 0.304667 -0.004202 0.011314 -0.974642 -0.223444
1779360465.859873 8.030286 18.343571 0.307591 0.012061 -0.002780 -0.975051 -0.221635
1779360465.907062 7.977123 18.364929 0.315628 0.013451 -0.012658 -0.975363 -0.219830
1779360465.959850 7.923874 18.388950 0.319658 0.009710 -0.002035 -0.975007 -0.221952
1779360466.020883 7.866643 18.419386 0.315042 0.007943 0.006386 -0.974738 -0.223118
1779360466.067428 7.825808 18.433504 0.312095 0.020767 0.002718 -0.973792 -0.226473
1779360466.129268 7.769678 18.458897 0.313823 0.014059 0.008439 -0.973586 -0.227731
1779360466.183056 7.708539 18.485891 0.313865 0.000359 0.012449 -0.974607 -0.223576
1779360466.234071 7.650865 18.520563 0.307567 0.005376 0.001862 -0.975232 -0.221109
1779360466.286628 7.606425 18.536289 0.313212 0.016934 -0.002325 -0.975484 -0.219405
1779360466.342650 7.554877 18.559492 0.317728 0.015496 -0.001270 -0.975509 -0.219412
1779360466.401206 7.492793 18.589613 0.317033 0.013632 0.009927 -0.975373 -0.219917
1779360466.449634 7.451974 18.607201 0.309973 0.018361 0.005298 -0.975105 -0.220916
1779360466.509100 7.400908 18.629255 0.313932 0.011430 0.008584 -0.974987 -0.221803
1779360466.558993 7.347554 18.651516 0.315343 -0.000798 0.013769 -0.975770 -0.218366
1779360466.611180 7.279507 18.677275 0.306614 -0.003446 0.015989 -0.976155 -0.216458
1779360466.664636 7.244658 18.696459 0.312537 0.010814 -0.000735 -0.976745 -0.214131
1779360466.717561 7.191376 18.718294 0.318361 0.010226 -0.005947 -0.976730 -0.214149
1779360466.778093 7.135242 18.743994 0.320296 0.004209 0.005663 -0.976557 -0.215143
1779360466.823627 7.092389 18.769217 0.313653 0.008308 -0.004082 -0.976624 -0.214756
1779360466.873282 7.054937 18.781075 0.313944 0.014299 0.002034 -0.975602 -0.219071
1779360466.928217 7.002406 18.804514 0.315384 0.005107 0.007896 -0.975970 -0.217701
1779360466.983196 6.943452 18.832449 0.298141 -0.003258 0.009854 -0.976660 -0.214540
1779360467.037189 6.904305 18.854158 0.307933 0.009501 0.001004 -0.976907 -0.213451
1779360467.088430 6.843445 18.879681 0.316754 0.012576 -0.011430 -0.977211 -0.211587
1779360467.145456 6.790369 18.903387 0.319664 0.007604 -0.004368 -0.976926 -0.213398
1779360467.193708 6.729424 18.935286 0.312005 0.009579 0.001558 -0.976914 -0.213414
1779360467.247814 6.689128 18.950399 0.312025 0.021220 0.002257 -0.975975 -0.216837
1779360467.299989 6.635747 18.974463 0.314468 0.013381 0.005740 -0.975714 -0.218565
1779360467.354445 6.581954 18.998371 0.304094 0.003211 0.010036 -0.976473 -0.215381
1779360467.407490 6.523908 19.024126 0.306900 0.010203 0.010717 -0.976724 -0.213988
1779360467.459888 6.459929 19.047949 0.314012 0.011519 -0.012477 -0.977281 -0.211266
1779360467.522240 6.404390 19.071888 0.318448 0.007918 -0.008815 -0.977118 -0.212367
1779360467.573109 6.345906 19.100468 0.310981 0.006303 0.003304 -0.976873 -0.213704
1779360467.623711 6.344937 19.100653 0.309543 0.018317 -0.005966 -0.976547 -0.214442
1779360467.686302 6.289967 19.122345 0.313339 0.016785 0.003436 -0.976410 -0.215243
1779360467.731802 6.233813 19.146128 0.314389 0.005188 0.012248 -0.977143 -0.212167
1779360467.785703 6.167324 19.177490 0.303732 0.004608 0.011406 -0.977458 -0.210771
1779360467.839190 6.146476 19.190746 0.312531 0.011631 -0.003347 -0.978389 -0.206418
1779360467.891078 6.094323 19.212942 0.319991 0.010724 -0.007385 -0.978389 -0.206362
1779360467.947044 6.039683 19.238409 0.321834 0.003421 0.003087 -0.978141 -0.207892
1779360467.996945 5.997273 19.259384 0.312986 0.012941 -0.002006 -0.977978 -0.208297
1779360468.051367 5.948934 19.276936 0.313555 0.015342 -0.000825 -0.977296 -0.211322
1779360468.106649 5.895118 19.300032 0.316392 0.008384 0.007338 -0.977773 -0.209369
1779360468.159231 5.832806 19.328838 0.302814 0.003564 0.008557 -0.978344 -0.206780
1779360468.211937 5.785884 19.346750 0.311697 0.009302 0.005904 -0.978778 -0.204626
1779360468.263558 5.734633 19.368122 0.318902 0.008202 -0.001194 -0.979124 -0.203097
1779360468.319978 5.681092 19.391100 0.321584 0.002249 0.007162 -0.978737 -0.204982
1779360468.371373 5.626355 19.418858 0.313996 0.008390 0.003678 -0.978723 -0.204980
1779360468.424240 5.581714 19.436554 0.312823 0.019847 0.005994 -0.978106 -0.207070
1779360468.474384 5.533377 19.456863 0.314874 0.012236 0.013661 -0.978007 -0.207765
1779360468.533294 5.473993 19.483103 0.303147 0.003534 0.013559 -0.979104 -0.202877
1779360468.591206 5.455607 19.496265 0.306045 0.010176 0.012578 -0.979385 -0.201354
1779360468.640387 5.406976 19.518847 0.315551 0.008619 0.001111 -0.980101 -0.198310
1779360468.701926 5.352856 19.540390 0.318879 0.003943 0.006891 -0.979752 -0.200058
1779360468.747049 5.293649 19.569138 0.311099 0.002862 0.010803 -0.979640 -0.200451
1779360468.797127 5.249748 19.585012 0.312530 0.019032 0.007453 -0.978724 -0.204161
1779360468.851245 5.195063 19.607779 0.315541 0.010912 0.013374 -0.978473 -0.205652
1779360468.905069 5.138450 19.629740 0.315993 -0.001990 0.017631 -0.979246 -0.201898
1779360468.956950 5.080554 19.659620 0.308773 0.003667 0.010489 -0.979796 -0.199691
1779360469.013048 5.038581 19.674742 0.312976 0.014774 -0.000260 -0.980440 -0.196263
1779360469.068073 4.983624 19.697279 0.317393 0.011296 0.001602 -0.980356 -0.196906
1779360469.120844 4.922178 19.725023 0.318706 0.005733 0.011045 -0.980073 -0.198246
1779360469.172937 4.886394 19.738947 0.310608 0.017362 0.002721 -0.979602 -0.200180
1779360469.235116 4.828476 19.761158 0.312584 0.010274 0.002853 -0.979489 -0.201218
1779360469.282123 4.773269 19.782446 0.313974 -0.003664 0.009223 -0.980147 -0.198022
1779360469.344792 4.703971 19.806320 0.304556 -0.006961 0.010595 -0.980542 -0.195898
1779360469.388403 4.668246 19.826654 0.310971 0.008221 -0.005303 -0.981253 -0.192476
1779360469.442093 4.612653 19.846796 0.316174 0.008176 -0.004693 -0.981281 -0.192349
1779360469.496897 4.557067 19.870913 0.317565 0.001558 0.005993 -0.981017 -0.193823
1779360469.547362 4.510211 19.893385 0.310241 0.006663 0.000425 -0.980908 -0.194360
1779360469.599814 4.465227 19.907169 0.312086 0.008491 0.004969 -0.979913 -0.199182
1779360469.653205 4.413022 19.926592 0.314158 -0.002197 0.011083 -0.980274 -0.197322
1779360469.707906 4.350278 19.950502 0.308081 -0.013106 0.013052 -0.980904 -0.193611
1779360469.764946 4.302095 19.976744 0.306868 0.005035 -0.005518 -0.981785 -0.189850
1779360469.814360 4.247156 19.994646 0.313963 0.010439 -0.006570 -0.981923 -0.188881
1779360469.868339 4.191984 20.016417 0.317399 0.006127 0.001557 -0.981547 -0.191117
1779360469.923685 4.128280 20.045534 0.306511 0.005508 0.008706 -0.981340 -0.192004
1779360469.971386 4.099891 20.054319 0.309873 0.014901 0.003170 -0.980845 -0.194195
1779360470.026894 4.038351 20.076048 0.313718 0.006321 0.011260 -0.980852 -0.194325
1779360470.080005 3.981354 20.096615 0.315354 -0.006796 0.017012 -0.981518 -0.190492
1779360470.147992 3.913428 20.126980 0.307345 -0.006300 0.012423 -0.982095 -0.187873
1779360470.191712 3.868447 20.143494 0.313147 0.012987 0.004118 -0.982688 -0.184765
1779360470.244140 3.817233 20.163425 0.318655 0.010967 -0.005518 -0.982745 -0.184559
1779360470.298334 3.757843 20.186760 0.313536 0.008797 0.005942 -0.982763 -0.184563
1779360470.352031 3.708088 20.204559 0.310810 0.010513 -0.001672 -0.982718 -0.184805
1779360470.405295 3.656214 20.223553 0.316830 0.012409 0.006004 -0.982536 -0.185562
1779360470.458767 3.601197 20.243448 0.317565 0.002574 0.013459 -0.982445 -0.186049
1779360470.511008 3.535456 20.271486 0.307174 0.000626 0.012196 -0.980668 -0.195296
1779360470.566644 3.493380 20.289145 0.314392 0.013118 -0.001397 -0.979464 -0.201189
1779360470.621771 3.443005 20.310102 0.319527 0.010706 -0.005000 -0.977844 -0.209002
1779360470.671626 3.384451 20.335476 0.321371 0.005455 0.006720 -0.975980 -0.217689
1779360470.722977 3.352709 20.354235 0.311973 0.008679 -0.008257 -0.974811 -0.222710
1779360470.782394 3.323496 20.361923 0.314679 0.007950 -0.006758 -0.973324 -0.229196
1779360470.835670 3.274592 20.384195 0.316880 -0.003357 0.004130 -0.973046 -0.230551
1779360470.886471 3.209828 20.412609 0.310434 -0.011890 0.008455 -0.972996 -0.230359
1779360470.937502 3.168396 20.438225 0.310913 0.005522 -0.016134 -0.973088 -0.229803
1779360470.991674 3.113301 20.464306 0.315404 0.014296 -0.025635 -0.972523 -0.230948
1779360471.048089 3.061712 20.490881 0.316806 0.012989 -0.013653 -0.971983 -0.234296
1779360471.094773 3.006069 20.523899 0.304138 0.015892 -0.004202 -0.971488 -0.236517
1779360471.147696 2.972450 20.539734 0.307523 0.016526 -0.006078 -0.970325 -0.241162
1779360471.201252 2.921424 20.565056 0.313361 0.007062 0.001540 -0.969887 -0.243448
1779360471.260808 2.866027 20.592499 0.315376 -0.004517 0.008774 -0.970358 -0.241471
1779360471.311031 2.804040 20.623554 0.310825 0.002385 0.004743 -0.970479 -0.241127
1779360471.359999 2.760475 20.642895 0.314457 0.015619 -0.002356 -0.971107 -0.238120
1779360471.414807 2.708453 20.669127 0.318535 0.014399 -0.001619 -0.970941 -0.238879
1779360471.474775 2.649598 20.701569 0.319315 0.010957 0.008540 -0.970810 -0.239448
1779360471.521040 2.637103 20.711781 0.307084 0.011176 0.001731 -0.970553 -0.240622
1779360471.576152 2.587455 20.736799 0.312512 0.007176 0.007171 -0.970238 -0.241939
1779360471.627866 2.532317 20.765087 0.315069 -0.003531 0.009996 -0.970960 -0.239007
1779360471.682300 2.465241 20.795788 0.308987 0.001719 0.009950 -0.971119 -0.238384
1779360471.734435 2.436390 20.812511 0.311939 0.007582 -0.000683 -0.971644 -0.236326
1779360471.787397 2.387612 20.837450 0.316117 0.003849 -0.003860 -0.971312 -0.237747
1779360471.839593 2.333491 20.866379 0.318224 -0.001666 0.006638 -0.970922 -0.239299
1779360471.901779 2.311803 20.875727 0.310591 0.011302 0.003977 -0.970688 -0.240047
1779360471.960504 2.267825 20.900164 0.313639 0.012933 0.000405 -0.969676 -0.244052
1779360472.003535 2.218395 20.923248 0.315671 0.001534 0.008647 -0.970263 -0.241895
1779360472.050712 2.159932 20.951942 0.301310 -0.007240 0.010302 -0.970954 -0.238935
1779360472.106258 2.112316 20.980368 0.309301 0.007971 -0.001332 -0.971485 -0.236964
1779360472.154147 2.059453 21.005602 0.315614 0.010262 -0.013461 -0.971637 -0.235870
1779360472.202976 2.023605 21.022356 0.318149 0.010310 -0.007077 -0.971403 -0.237107
1779360472.257607 1.960660 21.047169 0.297306 0.011564 0.007542 -0.971059 -0.238441
1779360472.314956 1.939690 21.057112 0.307277 0.012513 0.003094 -0.970651 -0.240146
1779360472.363132 1.889598 21.079149 0.314463 0.004159 0.008072 -0.970897 -0.239327
1779360472.416820 1.837651 21.102238 0.317060 -0.005723 0.017245 -0.971669 -0.235644
1779360472.471330 1.778369 21.127581 0.312301 -0.005935 0.018893 -0.971760 -0.235138
1779360472.525883 1.735252 21.148970 0.315287 0.011686 0.000013 -0.972408 -0.232995
1779360472.579967 1.685302 21.173212 0.319337 0.012691 -0.004047 -0.972334 -0.233216
1779360472.629902 1.633566 21.199263 0.320726 0.006824 0.006566 -0.972118 -0.234303
1779360472.688500 1.603321 21.215780 0.313161 0.013831 0.002162 -0.972038 -0.234406
1779360472.748966 1.564101 21.233038 0.313359 0.013659 0.004198 -0.971397 -0.237033
1779360472.797529 1.511293 21.258951 0.315430 0.001777 0.008792 -0.972126 -0.234290
1779360472.846686 1.447599 21.289724 0.302223 -0.004381 0.009345 -0.972766 -0.231559
1779360472.902085 1.415663 21.304214 0.309263 0.009282 0.002259 -0.973387 -0.228970
1779360472.955940 1.357924 21.332466 0.316026 0.007425 -0.007869 -0.973757 -0.227332
1779360473.017667 1.301334 21.357660 0.319604 0.003301 0.005498 -0.973226 -0.229761
1779360473.062851 1.261622 21.381149 0.306668 0.006548 0.000299 -0.973292 -0.229478
1779360473.117287 1.241389 21.384089 0.310187 0.013778 0.006969 -0.972707 -0.231524
1779360473.169802 1.190761 21.408102 0.312442 0.005118 0.013981 -0.972925 -0.230642
1779360473.224862 1.129688 21.437054 0.308755 -0.004971 0.016380 -0.973759 -0.226937
1779360473.291105 1.090197 21.462933 0.307529 0.008112 0.005291 -0.974313 -0.224988
1779360473.330857 1.031934 21.487337 0.313887 0.013620 -0.001645 -0.974870 -0.222350
1779360473.384118 0.978397 21.512365 0.317423 0.011195 0.004368 -0.974615 -0.223563
1779360473.439825 0.915155 21.545694 0.307618 0.012623 0.009881 -0.974484 -0.223884
1779360473.495778 0.892313 21.556349 0.310186 0.021573 0.004449 -0.973590 -0.227237
1779360473.544211 0.837697 21.581707 0.313183 0.013109 0.006117 -0.973506 -0.228205
1779360473.593880 0.784489 21.605818 0.314228 0.001574 0.011151 -0.974223 -0.225307
1779360473.652089 0.723165 21.637903 0.308545 0.005751 0.009256 -0.974648 -0.223479
1779360473.705821 0.698155 21.650684 0.311507 0.009184 -0.001531 -0.975329 -0.220562
1779360473.754752 0.652657 21.672028 0.317221 0.005387 -0.002742 -0.975243 -0.221051
1779360473.806800 0.593209 21.702387 0.319408 -0.000111 0.007486 -0.975114 -0.221579
1779360473.861687 0.584746 21.706585 0.309999 0.013490 -0.000286 -0.975018 -0.221716
1779360473.921101 0.530169 21.728928 0.312265 0.010208 0.003495 -0.974537 -0.223966
1779360473.971802 0.477760 21.753298 0.314302 0.002838 0.007958 -0.975430 -0.220148
1779360474.024185 0.416990 21.784698 0.304369 0.003244 0.005433 -0.975784 -0.218644
1779360474.077100 0.375039 21.806189 0.310771 0.010363 -0.005460 -0.976324 -0.215995
1779360474.131562 0.328205 21.828888 0.315476 0.005311 -0.012700 -0.976318 -0.215903
1779360474.185128 0.274081 21.854464 0.318093 -0.001830 -0.001562 -0.975860 -0.218382
1779360474.248078 0.222631 21.878321 0.311270 0.010166 0.003335 -0.975623 -0.219193
1779360474.290560 0.177598 21.903845 0.311908 0.016142 -0.002578 -0.974415 -0.224160
1779360474.344127 0.124452 21.927374 0.312943 0.006127 0.005803 -0.974563 -0.223957
1779360474.399005 0.065014 21.955946 0.298486 -0.003491 0.008004 -0.975312 -0.220658
1779360474.467918 0.037134 21.972610 0.305450 0.006712 0.006649 -0.975560 -0.219528
1779360474.503250 -0.019127 21.998156 0.314325 0.003510 -0.008640 -0.976198 -0.216680
1779360474.563867 -0.076356 22.023874 0.319422 -0.001873 -0.001716 -0.975801 -0.218645
1779360474.616045 -0.137892 22.057068 0.305830 0.000097 0.003937 -0.975879 -0.218277
1779360474.689389 -0.154627 22.057770 0.310427 0.011513 0.003104 -0.975144 -0.221251
1779360474.734539 -0.206284 22.082508 0.314203 0.005931 0.006251 -0.975733 -0.218793
1779360474.789707 -0.267157 22.111450 0.306979 0.002462 0.007330 -0.976397 -0.215845
1779360474.843301 -0.314006 22.132589 0.310600 0.004436 0.008646 -0.976485 -0.215366
1779360474.896963 -0.364122 22.161131 0.316286 -0.000019 -0.005868 -0.977082 -0.212781
1779360474.954005 -0.419473 22.185696 0.319561 -0.005819 0.005273 -0.976626 -0.214800
1779360475.007334 -0.472200 22.210384 0.313852 0.002811 0.007772 -0.976527 -0.215237
1779360475.060845 -0.514925 22.230640 0.314055 0.013284 0.002023 -0.975666 -0.218851
1779360475.114193 -0.568572 22.253157 0.316088 0.004772 0.011200 -0.975909 -0.217840
1779360475.169191 -0.628651 22.278999 0.309262 -0.006053 0.014262 -0.976694 -0.214075
1779360475.221337 -0.679267 22.305683 0.308567 0.007584 -0.000050 -0.977215 -0.212116
1779360475.274567 -0.736189 22.327774 0.314767 0.010951 -0.010525 -0.977491 -0.210428
1779360475.327717 -0.795347 22.352505 0.319133 0.008541 -0.001893 -0.977324 -0.211570
1779360475.379178 -0.853755 22.380999 0.308137 0.010634 0.008467 -0.977257 -0.211623
1779360475.434102 -0.890338 22.396606 0.312138 0.012049 0.000979 -0.976831 -0.213670
1779360475.488807 -0.950180 22.423435 0.314679 0.005692 0.006255 -0.977528 -0.210638
1779360475.541375 -1.002464 22.449114 0.303393 0.002828 0.008006 -0.978128 -0.207832
1779360475.597947 -1.045439 22.467773 0.304869 0.003785 0.021292 -0.977723 -0.208783
1779360475.647451 -1.093536 22.493500 0.313892 0.003726 -0.000143 -0.978625 -0.205617
1779360475.700065 -1.142819 22.513458 0.319537 -0.001455 0.004112 -0.978138 -0.207910
1779360475.754483 -1.201582 22.539938 0.321749 -0.001829 0.007507 -0.976820 -0.213922
1779360475.805862 -1.240601 22.552958 0.314298 0.004161 -0.005779 -0.971861 -0.235446
1779360475.867960 -1.291030 22.577332 0.315166 -0.002720 0.004993 -0.967887 -0.251321
1779360475.917043 -1.343773 22.605492 0.314141 -0.016123 0.008486 -0.965173 -0.260977
1779360475.969989 -1.402741 22.640820 0.302715 -0.014533 0.004285 -0.962794 -0.269812
1779360476.031161 -1.443918 22.669159 0.307260 0.012143 -0.018992 -0.961577 -0.273607
1779360476.082874 -1.492818 22.700430 0.314895 0.011174 -0.021675 -0.959221 -0.281604
1779360476.132146 -1.543275 22.733961 0.317105 0.006749 -0.009298 -0.956564 -0.291297
1779360476.182203 -1.573873 22.761753 0.309778 0.008826 -0.020464 -0.954245 -0.298195
1779360476.240755 -1.609913 22.784859 0.311385 0.009621 -0.006374 -0.952566 -0.304113
1779360476.297948 -1.657190 22.818136 0.313805 -0.002339 0.004369 -0.952050 -0.305902
1779360476.346142 -1.717221 22.859932 0.302988 -0.005222 0.008791 -0.951570 -0.307264
1779360476.397304 -1.750721 22.887260 0.309977 0.008409 -0.000668 -0.951472 -0.307619
1779360476.450944 -1.797411 22.919796 0.316883 0.006275 -0.012615 -0.950873 -0.309260
1779360476.508085 -1.845177 22.955013 0.319861 0.002245 -0.002724 -0.949637 -0.313332
1779360476.559825 -1.891543 22.993067 0.313078 0.008701 -0.004657 -0.949058 -0.314946
1779360476.611641 -1.934993 23.019846 0.313697 0.015006 -0.003707 -0.947528 -0.319298
1779360476.665378 -1.981229 23.052874 0.315303 0.004024 0.003007 -0.947634 -0.319319
1779360476.716386 -2.034909 23.091272 0.315455 -0.006668 0.006638 -0.948424 -0.316867
1779360476.766267 -2.085260 23.130116 0.309033 0.004737 -0.011997 -0.948640 -0.316095
1779360476.820723 -2.132371 23.163181 0.314430 0.012142 -0.016400 -0.949230 -0.313920
1779360476.885615 -2.179850 23.198515 0.316713 0.011261 -0.009494 -0.948569 -0.316227
1779360476.927215 -2.233927 23.243212 0.303374 0.012255 0.000668 -0.947983 -0.318083
1779360476.980162 -2.209091 23.228052 0.307611 0.016273 -0.006274 -0.946622 -0.321873
1779360477.038747 -2.259590 23.263323 0.314767 0.009962 0.003153 -0.945977 -0.324066
1779360477.087540 -2.310019 23.299826 0.316209 -0.001149 0.010956 -0.946971 -0.321130
1779360477.142899 -2.365377 23.337690 0.308376 0.001452 0.010882 -0.947188 -0.320492
1779360477.194103 -2.403153 23.365822 0.312652 0.017795 -0.008706 -0.948498 -0.316162
1779360477.247166 -2.449455 23.400553 0.317144 0.017580 -0.008570 -0.948311 -0.316738
1779360477.301148 -2.499109 23.435902 0.301200 0.015214 0.005897 -0.947792 -0.318473
1779360477.355222 -2.539180 23.466532 0.307847 0.019517 -0.002876 -0.947403 -0.319436
1779360477.408129 -2.591397 23.500521 0.311943 0.013461 0.000118 -0.946826 -0.321465
1779360477.460955 -2.636550 23.531857 0.312833 0.000599 0.009050 -0.947889 -0.318472
1779360477.515505 -2.693905 23.570578 0.300482 -0.006888 0.013434 -0.948887 -0.315255
1779360477.566794 -2.731381 23.604584 0.306828 0.008797 -0.005692 -0.949670 -0.313077
1779360477.620167 -2.777869 23.637524 0.313819 0.007122 -0.013988 -0.949716 -0.312720
1779360477.670205 -2.824857 23.671772 0.316952 0.003688 -0.002901 -0.949223 -0.314568
1779360477.723010 -2.878966 23.716089 0.307856 0.007490 0.002794 -0.949000 -0.315176
1779360477.778489 -2.910680 23.734356 0.310837 0.018711 0.002974 -0.947182 -0.320135
1779360477.832201 -2.957524 23.767534 0.313532 0.011551 0.006947 -0.946920 -0.321187
1779360477.882236 -3.010082 23.803885 0.314733 -0.000710 0.013050 -0.948095 -0.317719
1779360477.938532 -3.057491 23.845083 0.308770 0.004208 0.001975 -0.948935 -0.315437
1779360477.991235 -3.097495 23.869963 0.312176 0.013163 -0.003009 -0.949372 -0.313865
1779360478.044283 -3.146034 23.904106 0.315715 0.010375 -0.001280 -0.949146 -0.314661
1779360478.098155 -3.197597 23.942017 0.307674 0.011270 0.010754 -0.948934 -0.315091
1779360478.149375 -3.241973 23.972137 0.307858 0.015421 0.001217 -0.948558 -0.316227
1779360478.205752 -3.290600 24.004940 0.313369 0.013053 0.005071 -0.947988 -0.317997
1779360478.263441 -3.341110 24.040342 0.315315 -0.000085 0.012679 -0.949015 -0.314977
1779360478.325175 -3.400946 24.078384 0.307065 -0.001761 0.013878 -0.949605 -0.313138
1779360478.366986 -3.451738 24.115709 0.312044 0.011731 -0.002558 -0.950685 -0.309926
1779360478.420453 -3.499763 24.149372 0.315653 0.009951 -0.004512 -0.950490 -0.310563
1779360478.473167 -3.548286 24.183641 0.316216 0.005678 0.005875 -0.950113 -0.311798
1779360478.526018 -3.587373 24.216417 0.308135 0.009557 -0.003446 -0.950163 -0.311588
1779360478.576450 -3.629519 24.239780 0.310452 0.012926 0.001510 -0.949574 -0.313273
1779360478.630292 -3.683819 24.277752 0.313222 -0.001818 0.011927 -0.950254 -0.311244
1779360478.682908 -3.739911 24.316872 0.300909 -0.009249 0.015013 -0.951127 -0.308296
1779360478.738050 -3.772272 24.348072 0.307547 0.006903 -0.002852 -0.952050 -0.305853
1779360478.790722 -3.824336 24.383169 0.314287 0.010366 -0.014683 -0.952185 -0.304993
1779360478.851415 -3.874924 24.418682 0.317080 0.005336 -0.006831 -0.951648 -0.307067
1779360478.900770 -3.919628 24.462006 0.310126 0.005930 -0.015563 -0.951851 -0.306110
1779360478.957478 -3.942173 24.473585 0.314140 0.010507 -0.008377 -0.951052 -0.308739
1779360479.007265 -3.987529 24.507883 0.317157 0.002832 -0.001384 -0.951688 -0.307051
1779360479.056664 -4.038221 24.544302 0.310524 -0.001633 0.001100 -0.952435 -0.304735
1779360479.118852 -4.067923 24.558630 0.310623 0.008144 0.003610 -0.952453 -0.304556
1779360479.163754 -4.110996 24.594700 0.316563 0.006429 -0.008051 -0.953756 -0.300405
1779360479.214027 -4.157420 24.625307 0.319370 0.001703 -0.000491 -0.953076 -0.302726
1779360479.293446 -4.207502 24.666845 0.310657 0.004224 0.002891 -0.952915 -0.303194
1779360479.320331 -4.241724 24.686527 0.311251 0.015573 -0.006721 -0.951733 -0.306459
1779360479.375892 -4.287761 24.717430 0.314336 0.009175 -0.000495 -0.951955 -0.306100
1779360479.427291 -4.333920 24.753729 0.311361 -0.000156 0.002396 -0.952448 -0.304693
1779360479.489702 -4.384913 24.789135 0.307849 0.009581 0.012372 -0.949487 -0.313415
1779360479.544974 -4.420518 24.825340 0.311067 0.004717 -0.004325 -0.948429 -0.316925
1779360479.599030 -4.459019 24.851492 0.314965 0.005573 -0.000239 -0.946128 -0.323744
1779360479.652179 -4.501940 24.880644 0.315177 0.010155 0.007982 -0.944113 -0.329368
1779360479.702104 -4.538341 24.910828 0.307643 0.006603 -0.004467 -0.941934 -0.335704
1779360479.759293 -4.564160 24.921549 0.315784 0.007281 0.006534 -0.936159 -0.351440
1779360479.812017 -4.591329 24.945877 0.318201 0.005956 0.009877 -0.929827 -0.367816
1779360479.863872 -4.619456 24.968420 0.316790 0.002813 0.012955 -0.921717 -0.387637
1779360479.919057 -4.645950 24.996302 0.314440 -0.003109 0.009864 -0.910963 -0.412358
1779360479.968835 -4.669897 25.023937 0.308313 -0.002022 0.007390 -0.899456 -0.436944
1779360480.025501 -4.689428 25.049109 0.309712 0.011476 -0.003908 -0.891369 -0.453116
1779360480.080416 -4.702228 25.074017 0.314976 0.000796 -0.011717 -0.882134 -0.470852
1779360480.133811 -4.716110 25.098984 0.315768 -0.002165 -0.011557 -0.871522 -0.490215
1779360480.184097 -4.732186 25.130920 0.311980 -0.004160 -0.009880 -0.863259 -0.504648
1779360480.233675 -4.750928 25.157801 0.308018 0.008524 -0.002233 -0.857205 -0.514901
1779360480.299531 -4.765094 25.186977 0.313558 0.009645 -0.010806 -0.851197 -0.524647
1779360480.347748 -4.778260 25.207100 0.316812 0.006132 -0.005676 -0.847162 -0.531270
1779360480.396756 -4.791545 25.231470 0.316471 0.002417 -0.002177 -0.844106 -0.536167
1779360480.451158 -4.807634 25.260124 0.314501 -0.000316 0.002802 -0.841339 -0.540501
1779360480.510442 -4.823055 25.291193 0.310954 0.000917 0.001040 -0.840024 -0.542548
1779360480.557724 -4.836198 25.322197 0.304927 0.006099 -0.005212 -0.838507 -0.544832
1779360480.611901 -4.846980 25.350029 0.308707 0.011266 -0.003848 -0.838581 -0.544647
1779360480.664296 -4.856664 25.373856 0.311714 0.006352 -0.005198 -0.841973 -0.539457
1779360480.721694 -4.869838 25.396080 0.311257 0.005450 -0.003310 -0.847460 -0.530821
1779360480.771647 -4.887125 25.422745 0.309684 0.006493 0.004632 -0.857087 -0.515110
1779360480.823645 -4.907472 25.451658 0.307113 0.014517 0.011765 -0.869328 -0.493882
1779360480.875928 -4.927485 25.473251 0.308265 0.025788 0.015359 -0.880373 -0.473331
1779360480.932232 -4.946089 25.491138 0.315153 0.021998 0.020567 -0.893231 -0.448589
1779360480.988857 -4.968106 25.512333 0.317574 0.024020 0.031683 -0.907251 -0.418707
1779360481.037341 -4.993948 25.533899 0.314382 0.020031 0.038157 -0.918734 -0.392520
1779360481.089769 -5.019454 25.562922 0.310037 0.019691 0.014018 -0.930311 -0.365973
1779360481.143851 -5.044004 25.579185 0.315192 0.025612 0.023306 -0.938064 -0.344726
1779360481.215091 -5.065106 25.598040 0.316956 0.021125 0.019504 -0.943984 -0.328736
1779360481.252980 -5.092088 25.615011 0.316336 0.018152 0.022656 -0.947798 -0.317547
1779360481.303744 -5.122159 25.635921 0.314333 0.014173 0.024130 -0.951350 -0.306839
1779360481.359261 -5.149664 25.655394 0.312392 0.013615 0.021217 -0.954017 -0.298690
1779360481.413370 -5.181234 25.672508 0.317730 0.014334 0.022069 -0.956344 -0.291056
1779360481.468079 -5.211725 25.691906 0.318568 0.011636 0.023691 -0.958751 -0.283019
1779360481.517595 -5.248170 25.712437 0.317145 0.002566 0.023181 -0.961226 -0.274776
1779360481.570629 -5.284924 25.730629 0.316087 -0.004802 0.020940 -0.962831 -0.269250
1779360481.626356 -5.338928 25.762175 0.315631 0.015368 0.011075 -0.964992 -0.261596
1779360481.677889 -5.382141 25.785410 0.318055 0.014737 -0.001389 -0.966602 -0.255856
1779360481.729853 -5.427560 25.809423 0.319938 0.012131 0.005769 -0.967040 -0.254269
1779360481.792326 -5.482993 25.843424 0.313446 0.012834 0.012334 -0.967736 -0.251336
1779360481.840853 -5.496729 25.849880 0.311638 0.021779 0.006961 -0.967380 -0.252295
1779360481.892625 -5.542993 25.875370 0.314072 0.017945 0.010786 -0.967826 -0.250747
1779360481.942342 -5.595881 25.903019 0.314209 0.007687 0.013439 -0.969235 -0.245649
1779360482.000549 -5.658758 25.931528 0.309288 0.012303 0.013904 -0.969770 -0.243314
1779360482.053685 -5.686241 25.948259 0.313432 0.012160 0.000942 -0.971040 -0.238605
1779360482.114205 -5.730434 25.969509 0.317785 0.012028 0.004070 -0.970824 -0.239456
1779360482.162024 -5.782930 25.989227 0.300586 0.013239 0.013459 -0.970500 -0.240362
1779360482.225014 -5.825120 26.014225 0.305326 0.009727 -0.008982 -0.970964 -0.238859
1779360482.269605 -5.864826 26.026617 0.312220 0.009029 0.001938 -0.971494 -0.236884
1779360482.317732 -5.900834 26.045284 0.315645 0.006755 0.005661 -0.974263 -0.225241
1779360482.371822 -5.944079 26.066113 0.314452 0.006548 0.004237 -0.978556 -0.205835
1779360482.426500 -5.982464 26.086700 0.305506 0.016340 0.013239 -0.982105 -0.187157
1779360482.488524 -6.001320 26.102009 0.305431 0.009129 0.011641 -0.985365 -0.169813
1779360482.536298 -6.034556 26.114431 0.311296 0.012755 0.007053 -0.987429 -0.157392
1779360482.586471 -6.061822 26.119471 0.311695 0.017894 0.015583 -0.988599 -0.148694
1779360482.640858 -6.086896 26.123682 0.308650 0.022906 0.012432 -0.989776 -0.140232
1779360482.694025 -6.109288 26.126589 0.305141 0.016667 0.012588 -0.990953 -0.132576
1779360482.750545 -6.122145 26.129513 0.306638 0.017927 0.015406 -0.991832 -0.125341
1779360482.800122 -6.130421 26.131912 0.310677 0.017371 0.013974 -0.992610 -0.119285
1779360482.854060 -6.141674 26.134829 0.312225 0.017612 0.015937 -0.992941 -0.116209
1779360482.908189 -6.151736 26.137104 0.313124 0.018541 0.017642 -0.993212 -0.113470
1779360482.961361 -6.161400 26.139242 0.313359 0.020147 0.016275 -0.993555 -0.110358
1779360483.022370 -6.170021 26.141220 0.313285 0.021391 0.014729 -0.993854 -0.107608
1779360483.070041 -6.177722 26.143690 0.312899 0.022790 0.012551 -0.994088 -0.105415
1779360483.124324 -6.184786 26.146496 0.312381 0.024530 0.009828 -0.994277 -0.103516
1779360483.175317 -6.190388 26.149055 0.311847 0.023877 0.012278 -0.994503 -0.101207
1779360483.228212 -6.195519 26.150770 0.310202 0.022980 0.014637 -0.994832 -0.097816
1779360483.288106 -6.199516 26.151840 0.307854 0.019192 0.016838 -0.995090 -0.095629
1779360483.333962 -6.202078 26.154161 0.304662 0.015340 0.016281 -0.995331 -0.093897
1779360483.396928 -6.203527 26.154247 0.304915 0.014788 0.015382 -0.995562 -0.091661
1779360483.444817 -6.203249 26.153938 0.305022 0.014152 0.015248 -0.995596 -0.091406
1779360483.493015 -6.202624 26.153782 0.305032 0.013609 0.015031 -0.995526 -0.092287
1779360483.547940 -6.202291 26.153879 0.305047 0.013430 0.014960 -0.995470 -0.092930
1779360483.602081 -6.202335 26.154095 0.305068 0.013449 0.014901 -0.995430 -0.093356
1779360483.654846 -6.202454 26.154173 0.305096 0.013570 0.014954 -0.995405 -0.093601
1779360483.707404 -6.202454 26.154095 0.305103 0.013624 0.015098 -0.995394 -0.093693
1779360483.762284 -6.202362 26.153931 0.305140 0.013682 0.015263 -0.995369 -0.093913
1779360483.814797 -6.202229 26.153847 0.305156 0.013740 0.015362 -0.995335 -0.094253
1779360483.870202 -6.202089 26.153849 0.305152 0.013725 0.015388 -0.995315 -0.094465
1779360483.924817 -6.202024 26.153864 0.305179 0.013831 0.015403 -0.995308 -0.094520
1779360483.973553 -6.201974 26.153849 0.305204 0.013895 0.015462 -0.995295 -0.094640
1779360484.027229 -6.201889 26.153786 0.305213 0.013987 0.015538 -0.995279 -0.094775
1779360484.081947 -6.201727 26.153732 0.305247 0.014052 0.015634 -0.995268 -0.094869
1779360484.142353 -6.201518 26.153675 0.305253 0.014033 0.015682 -0.995254 -0.095009
1779360484.187059 -6.201394 26.153652 0.305251 0.014065 0.015708 -0.995244 -0.095108
1779360484.240384 -6.201313 26.153646 0.305265 0.014120 0.015737 -0.995222 -0.095320
1779360484.291352 -6.201259 26.153637 0.305289 0.014165 0.015839 -0.995200 -0.095527
1779360484.344492 -6.201206 26.153589 0.305304 0.014225 0.015969 -0.995185 -0.095658
1779360484.397267 -6.201133 26.153549 0.305312 0.014205 0.016024 -0.995165 -0.095859
1779360484.460246 -6.201117 26.153522 0.305309 0.014251 0.016069 -0.995150 -0.095999
1779360484.504325 -6.201091 26.153553 0.305332 0.014307 0.016110 -0.995140 -0.096082
1779360484.574550 -6.201008 26.153479 0.305360 0.014353 0.016196 -0.995110 -0.096369
1779360484.620434 -6.200933 26.153419 0.305364 0.014382 0.016284 -0.995107 -0.096384
1779360484.674941 -6.200868 26.153412 0.305385 0.014445 0.016275 -0.995101 -0.096435
1779360484.726885 -6.200786 26.153400 0.305383 0.014439 0.016313 -0.995076 -0.096697
1779360484.781665 -6.200721 26.153395 0.305384 0.014412 0.016360 -0.995074 -0.096707
1779360484.833763 -6.200696 26.153370 0.305403 0.014483 0.016394 -0.995063 -0.096800
1779360484.887934 -6.200667 26.153322 0.305413 0.014539 0.016440 -0.995051 -0.096917
1779360484.942407 -6.200568 26.153309 0.305430 0.014575 0.016468 -0.995045 -0.096969
1779360484.995345 -6.200444 26.153294 0.305428 0.014581 0.016521 -0.995042 -0.096986
1779360485.047579 -6.200385 26.153250 0.305449 0.014628 0.016578 -0.995027 -0.097125
1779360485.097797 -6.200370 26.153225 0.305472 0.014707 0.016633 -0.995012 -0.097257
1779360485.150745 -6.200330 26.153217 0.305489 0.014790 0.016634 -0.994999 -0.097368
1779360485.203729 -6.200253 26.153240 0.305481 0.014812 0.016642 -0.994998 -0.097377
1779360485.257572 -6.200195 26.153212 0.305480 0.014841 0.016707 -0.994993 -0.097413
1779360485.310201 -6.200162 26.153149 0.305495 0.014903 0.016771 -0.994973 -0.097601
1779360485.367927 -6.200136 26.153147 0.305491 0.014925 0.016776 -0.994969 -0.097638
1779360485.418599 -6.200085 26.153156 0.305512 0.014930 0.016790 -0.994957 -0.097751
1779360485.481745 -6.200044 26.153122 0.305518 0.014964 0.016858 -0.994950 -0.097812
1779360485.536256 -6.200060 26.153061 0.305542 0.015079 0.016958 -0.994944 -0.097834
1779360485.590125 -6.200035 26.153013 0.305546 0.015106 0.017033 -0.994933 -0.097923
1779360485.648386 -6.199985 26.152990 0.305563 0.015143 0.017086 -0.994921 -0.098034
1779360485.700767 -6.199955 26.152981 0.305580 0.015190 0.017147 -0.994912 -0.098109
1779360485.762696 -6.199947 26.152960 0.305579 0.015203 0.017189 -0.994910 -0.098125
1779360485.807445 -6.199982 26.152945 0.305612 0.015250 0.017225 -0.994906 -0.098142
1779360485.861116 -6.199975 26.152910 0.305619 0.015265 0.017295 -0.994905 -0.098145
1779360485.913098 -6.199938 26.152895 0.305617 0.015269 0.017366 -0.994903 -0.098149
1779360485.970974 -6.199944 26.152868 0.305626 0.015326 0.017410 -0.994888 -0.098282
1779360486.016747 -6.199930 26.152853 0.305630 0.015364 0.017478 -0.994882 -0.098331
1779360486.070081 -6.199900 26.152891 0.305624 0.015363 0.017431 -0.994872 -0.098440
1779360486.123898 -6.199836 26.152891 0.305639 0.015376 0.017478 -0.994864 -0.098506
1779360486.178304 -6.199812 26.152874 0.305658 0.015450 0.017536 -0.994853 -0.098592
1779360486.230907 -6.199789 26.152861 0.305660 0.015495 0.017587 -0.994845 -0.098658
1779360486.289233 -6.199745 26.152847 0.305651 0.015494 0.017621 -0.994835 -0.098756
1779360486.337363 -6.199700 26.152864 0.305662 0.015486 0.017613 -0.994838 -0.098734
1779360486.391355 -6.199680 26.152843 0.305662 0.015494 0.017666 -0.994837 -0.098731
1779360486.444372 -6.199661 26.152792 0.305670 0.015481 0.017744 -0.994828 -0.098803
1779360486.497309 -6.199687 26.152744 0.305668 0.015535 0.017829 -0.994825 -0.098817
1779360486.550542 -6.199672 26.152782 0.305679 0.015524 0.017823 -0.994824 -0.098826
1779360486.601741 -6.199679 26.152786 0.305696 0.015576 0.017803 -0.994818 -0.098882
1779360486.672527 -6.199646 26.152767 0.305686 0.015551 0.017845 -0.994816 -0.098904
1779360486.707083 -6.199712 26.152744 0.305683 0.015634 0.017905 -0.994808 -0.098958
1779360486.760067 -6.199710 26.152756 0.305701 0.015660 0.017896 -0.994804 -0.098996
1779360486.813709 -6.199696 26.152739 0.305702 0.015666 0.017935 -0.994799 -0.099030
1779360486.867791 -6.199682 26.152706 0.305724 0.015657 0.017992 -0.994804 -0.098976
1779360486.923479 -6.199702 26.152700 0.305728 0.015680 0.017993 -0.994808 -0.098927
1779360486.974957 -6.199711 26.152679 0.305737 0.015743 0.018022 -0.994797 -0.099025
1779360487.027576 -6.199669 26.152704 0.305750 0.015791 0.018022 -0.994798 -0.099012
1779360487.080471 -6.199660 26.152695 0.305757 0.015835 0.018049 -0.994801 -0.098971
1779360487.133777 -6.199618 26.152639 0.305752 0.015809 0.018095 -0.994791 -0.099059
1779360487.187018 -6.199633 26.152611 0.305780 0.015882 0.018170 -0.994788 -0.099069
1779360487.240999 -6.199608 26.152626 0.305770 0.015897 0.018143 -0.994783 -0.099117
1779360487.293676 -6.199571 26.152630 0.305772 0.015877 0.018172 -0.994787 -0.099078
1779360487.346747 -6.199591 26.152573 0.305782 0.015914 0.018249 -0.994784 -0.099089
1779360487.399876 -6.199639 26.152550 0.305794 0.015994 0.018300 -0.994784 -0.099063
1779360487.453595 -6.199646 26.152565 0.305795 0.016053 0.018275 -0.994781 -0.099094
1779360487.508942 -6.199596 26.152575 0.305786 0.016055 0.018251 -0.994779 -0.099119
1779360487.559912 -6.199625 26.152550 0.305810 0.016111 0.018296 -0.994779 -0.099096
1779360487.614789 -6.199630 26.152506 0.305807 0.016134 0.018364 -0.994776 -0.099117
1779360487.666965 -6.199628 26.152479 0.305800 0.016144 0.018412 -0.994773 -0.099135
1779360487.731271 -6.200791 26.153271 0.306257 0.014816 0.017769 -0.994806 -0.099126
1779360487.770440 -6.203530 26.154465 0.306600 0.013165 0.015933 -0.995017 -0.097543
1779360487.823346 -6.209074 26.156733 0.306042 0.012043 0.013413 -0.995404 -0.094055
1779360487.875688 -6.217117 26.159098 0.306848 0.010577 0.009849 -0.995688 -0.091634
1779360487.931548 -6.227072 26.161924 0.307391 0.009232 0.005647 -0.995950 -0.089258
1779360487.980404 -6.235638 26.164511 0.307837 0.009729 0.001148 -0.995933 -0.089567
1779360488.033509 -6.242663 26.166880 0.308258 0.005634 -0.004468 -0.995826 -0.090993
1779360488.134031 -6.255240 26.168682 0.308012 0.002557 -0.005850 -0.995748 -0.091899
1779360488.143549 -6.270255 26.172049 0.306636 0.000527 -0.004472 -0.995665 -0.092900
1779360488.197061 -6.287986 26.175543 0.303796 -0.000498 -0.003935 -0.995562 -0.094020
1779360488.247478 -6.309853 26.178022 0.301190 0.008241 0.006602 -0.995247 -0.096808
1779360488.298925 -6.332601 26.182608 0.304400 0.008403 0.007748 -0.995167 -0.097534
1779360488.358181 -6.351482 26.184515 0.306778 0.007792 0.009926 -0.995434 -0.094613
1779360488.404003 -6.373135 26.188507 0.307179 0.004617 0.008880 -0.995545 -0.093752
1779360488.473821 -6.400729 26.191673 0.306486 0.001423 0.012312 -0.995635 -0.092506
1779360488.513183 -6.435777 26.195992 0.305502 -0.006472 0.012361 -0.995814 -0.090333
1779360488.566458 -6.471360 26.201710 0.305988 -0.011532 0.007025 -0.996010 -0.088218
1779360488.614223 -6.512954 26.207552 0.309108 0.002598 -0.000786 -0.996419 -0.084514
1779360488.667565 -6.552367 26.215734 0.310922 -0.005456 -0.001477 -0.996328 -0.085438
1779360488.720398 -6.594665 26.223392 0.312288 -0.009233 -0.006622 -0.996040 -0.088175
1779360488.774112 -6.641924 26.233055 0.313245 -0.013423 0.000291 -0.995860 -0.089903
1779360488.829396 -6.684042 26.242069 0.308595 0.005259 0.005298 -0.995788 -0.091384
1779360488.880860 -6.731990 26.254374 0.311587 0.011807 0.000310 -0.995333 -0.095778
1779360488.934426 -6.782508 26.262917 0.314048 0.009980 0.005199 -0.995502 -0.094067
1779360488.987008 -6.842787 26.274467 0.314418 0.003038 0.003594 -0.995816 -0.091256
1779360489.038774 -6.886498 26.277925 0.309503 0.008584 0.008986 -0.995781 -0.090919
1779360489.092457 -6.937780 26.290606 0.314970 0.009612 -0.003253 -0.996046 -0.088258
1779360489.149721 -6.993163 26.299641 0.317855 0.002693 0.002070 -0.995751 -0.092028
1779360489.199882 -7.055145 26.314859 0.311665 0.000508 0.007588 -0.995650 -0.092863
1779360489.256385 -7.059847 26.317259 0.310543 0.014543 0.000820 -0.995402 -0.094676
1779360489.306660 -7.107464 26.326712 0.313208 0.012585 0.005984 -0.995125 -0.097634
1779360489.359578 -7.165154 26.336422 0.314662 0.001860 0.010948 -0.995364 -0.095534
1779360489.415370 -7.234339 26.349455 0.306981 0.002790 0.007980 -0.995559 -0.093755
1779360489.465648 -7.270905 26.354918 0.311359 0.012880 -0.001019 -0.995857 -0.090013
1779360489.526463 -7.326691 26.364594 0.315798 0.011542 -0.003144 -0.995916 -0.089486
1779360489.576134 -7.389427 26.377401 0.316917 0.003978 0.006733 -0.995785 -0.091386
1779360489.630605 -7.431419 26.386021 0.310609 0.018345 0.004239 -0.995524 -0.092619
1779360489.692195 -7.492545 26.396423 0.313293 0.017982 0.003214 -0.995259 -0.095526
1779360489.735896 -7.549746 26.405523 0.315328 0.004815 0.008635 -0.995602 -0.093166
1779360489.791507 -7.615530 26.418774 0.305555 -0.000952 0.005786 -0.995936 -0.089868
1779360489.843794 -7.683271 26.432528 0.309263 0.012341 -0.002098 -0.996026 -0.088181
1779360489.897219 -7.741922 26.442814 0.313781 0.014546 -0.007245 -0.996127 -0.086408
1779360489.949388 -7.803783 26.453869 0.315719 0.005786 0.002897 -0.995952 -0.089657
1779360490.006302 -7.865494 26.472536 0.307827 0.008531 0.001940 -0.995914 -0.089889
1779360490.057367 -7.899030 26.474703 0.308422 0.011381 -0.001314 -0.995302 -0.096136
1779360490.110904 -7.957249 26.486719 0.311024 0.004107 0.003807 -0.995320 -0.096471
1779360490.167768 -7.999301 26.496542 0.310153 -0.000864 0.005456 -0.995580 -0.093753
1779360490.219445 -8.025357 26.503605 0.304415 0.007150 0.008452 -0.995653 -0.092477
1779360490.268478 -8.074357 26.517120 0.313455 0.008751 -0.007284 -0.996072 -0.087809
1779360490.323715 -8.127769 26.528242 0.317665 0.000612 -0.001473 -0.995909 -0.090347
1779360490.381921 -8.191932 26.548281 0.312912 -0.006729 -0.000940 -0.995760 -0.091735
1779360490.434692 -8.210955 26.544981 0.311565 0.019933 0.000109 -0.995320 -0.094552
1779360490.483660 -8.267090 26.558184 0.316790 0.016085 0.005387 -0.995380 -0.094509
1779360490.536985 -8.328484 26.567768 0.318366 0.007754 0.013383 -0.995654 -0.091835
1779360490.591470 -8.399876 26.579119 0.311268 0.010719 0.015329 -0.995612 -0.091694
1779360490.640075 -8.442146 26.591610 0.312257 0.017837 -0.002466 -0.995869 -0.088997
1779360490.693770 -8.489584 26.599615 0.314296 0.014054 -0.003319 -0.995872 -0.089612
1779360490.744401 -8.548795 26.603548 0.291806 0.009427 0.013005 -0.995661 -0.091657
1779360490.800615 -8.565480 26.605536 0.300742 0.014371 0.006462 -0.995647 -0.091862
1779360490.850597 -8.602079 26.612328 0.306795 0.012853 0.012370 -0.995363 -0.094528
1779360490.907008 -8.662981 26.621792 0.311294 0.001288 0.016555 -0.995717 -0.090957
1779360490.982842 -8.726521 26.633020 0.300073 -0.001129 0.015530 -0.995916 -0.088934
1779360491.014353 -8.776124 26.640612 0.308605 0.010234 0.005180 -0.996207 -0.086257
1779360491.068676 -8.821963 26.649796 0.312943 0.008444 -0.002690 -0.996262 -0.085924
1779360491.128482 -8.895432 26.662230 0.316115 -0.000119 0.007234 -0.996090 -0.088045
1779360491.176025 -8.951907 26.674335 0.309601 0.007013 0.009319 -0.996010 -0.088474
1779360491.233196 -8.999203 26.685907 0.311449 0.016326 0.007273 -0.995624 -0.091724
1779360491.288548 -9.054332 26.694765 0.314582 0.004907 0.013054 -0.995923 -0.089129
1779360491.338417 -9.118838 26.705374 0.306812 -0.002998 0.014485 -0.996147 -0.086440
1779360491.390022 -9.165257 26.713209 0.308832 0.008899 0.011480 -0.996242 -0.085392
1779360491.452110 -9.218603 26.723289 0.312312 0.013604 0.001596 -0.996403 -0.083630
1779360491.499204 -9.275270 26.731813 0.315373 0.008705 0.008364 -0.996354 -0.084461
1779360491.550562 -9.341414 26.743687 0.306017 0.007097 0.017748 -0.996254 -0.084342
1779360491.602956 -9.363053 26.746538 0.309303 0.013660 0.015066 -0.995929 -0.087823
1779360491.656638 -9.417725 26.754349 0.313777 0.002760 0.016500 -0.995956 -0.088271
1779360491.712085 -9.474382 26.761395 0.315245 -0.010445 0.020276 -0.996140 -0.084761
1779360491.763951 -9.541738 26.776150 0.303322 -0.006236 0.017803 -0.996426 -0.082334
1779360491.816458 -9.584825 26.780485 0.308832 0.007685 0.012802 -0.996662 -0.080263
1779360491.866660 -9.628145 26.787830 0.312779 0.005494 0.007835 -0.996746 -0.080035
1779360491.927878 -9.678225 26.787027 0.313003 0.008320 0.018301 -0.996348 -0.082986
1779360491.976999 -9.726048 26.795429 0.301861 0.010607 0.009994 -0.996614 -0.080922
1779360492.030262 -9.759786 26.794043 0.306410 0.006250 0.018259 -0.997161 -0.072778
1779360492.083225 -9.796251 26.798452 0.315727 0.006427 0.019093 -0.997896 -0.061623
1779360492.139452 -9.836336 26.801468 0.317064 0.007589 0.021634 -0.998874 -0.041530
1779360492.196287 -9.881372 26.805161 0.313586 0.012734 0.014007 -0.999712 -0.014746
1779360492.249278 -9.919928 26.803455 0.307535 0.008260 0.026988 -0.999545 0.010632
1779360492.299936 -9.947113 26.807196 0.313183 0.004813 0.014908 -0.999346 0.032597
1779360492.352888 -9.979009 26.800816 0.314833 0.003648 0.017665 -0.998518 0.051346
1779360492.421996 -10.013879 26.793121 0.313595 0.000318 0.029691 -0.997259 0.067778
1779360492.460160 -10.049396 26.788601 0.310632 -0.000652 0.022607 -0.996383 0.081909
1779360492.513136 -10.074088 26.779852 0.312813 -0.002034 0.030033 -0.995438 0.090540
1779360492.569070 -10.103182 26.773293 0.316094 -0.001048 0.029958 -0.994415 0.101194
1779360492.619139 -10.135157 26.764133 0.315290 0.000735 0.033578 -0.993332 0.110286
1779360492.674085 -10.172209 26.753078 0.313044 -0.000546 0.031883 -0.992418 0.118699
1779360492.726059 -10.209372 26.742447 0.309654 -0.002028 0.023198 -0.991740 0.126136
1779360492.780186 -10.247787 26.729464 0.312560 0.006441 0.024122 -0.990764 0.133280
1779360492.831636 -10.281600 26.722191 0.315146 -0.002709 0.011380 -0.990354 0.138068
1779360492.884654 -10.321040 26.709801 0.315808 -0.008176 0.007889 -0.990265 0.138733
1779360492.936277 -10.367252 26.698101 0.316029 -0.016879 0.009551 -0.989906 0.140393
1779360492.988454 -10.407853 26.685703 0.311335 -0.000441 0.024272 -0.989734 0.140849
1779360493.042506 -10.454218 26.673616 0.313958 0.007384 0.014817 -0.990371 0.137448
1779360493.097462 -10.504053 26.656950 0.316468 0.005620 0.021195 -0.989860 0.140347
1779360493.150780 -10.558144 26.640110 0.316314 -0.003759 0.016697 -0.989152 0.145892
1779360493.203160 -10.613118 26.619108 0.310839 0.005279 0.014070 -0.988750 0.148821
1779360493.257122 -10.639235 26.612547 0.312662 0.011467 0.003498 -0.988254 0.152347
1779360493.315600 -10.687670 26.597008 0.316713 0.005159 0.003468 -0.988376 0.151903
1779360493.362745 -10.749178 26.579203 0.318440 -0.003808 0.009968 -0.988224 0.152644
1779360493.414981 -10.771257 26.572002 0.310401 0.009340 0.009464 -0.988364 0.151529
1779360493.478365 -10.819881 26.557068 0.312984 0.005122 0.008549 -0.988662 0.149831
1779360493.523878 -10.873569 26.539410 0.313795 -0.005284 0.010780 -0.988052 0.153653
1779360493.581280 -10.940745 26.522274 0.304014 -0.004302 0.007540 -0.987529 0.157200
1779360493.631701 -10.974092 26.514290 0.306913 0.006883 0.013644 -0.987425 0.157346
1779360493.694169 -11.018009 26.502029 0.311054 0.006668 0.007920 -0.987121 0.159637
1779360493.739942 -11.061033 26.479664 0.311261 0.002666 0.015411 -0.986305 0.164191
1779360493.793027 -11.109283 26.459871 0.302563 0.003877 0.025200 -0.983475 0.179241
1779360493.848488 -11.141419 26.445601 0.308075 0.002801 0.022925 -0.979267 0.201256
1779360493.915236 -11.178164 26.426649 0.315963 -0.002959 0.025975 -0.974246 0.223966
1779360493.962891 -11.214831 26.407291 0.318373 -0.007555 0.029107 -0.967051 0.252802
1779360494.013690 -11.254765 26.387484 0.313764 -0.005066 0.023251 -0.958610 0.283726
1779360494.062557 -11.283707 26.371027 0.312326 -0.012085 0.025889 -0.948141 0.316565
1779360494.119346 -11.308319 26.356775 0.317163 -0.014628 0.023488 -0.935676 0.351774
1779360494.171809 -11.329770 26.333817 0.317598 -0.022073 0.026976 -0.921633 0.386494
1779360494.246858 -11.353459 26.304783 0.316543 -0.028244 0.027965 -0.905764 0.421916
1779360494.279192 -11.371939 26.276630 0.312831 -0.025676 0.031828 -0.892643 0.448906
1779360494.336620 -11.385365 26.252581 0.313030 -0.026845 0.033011 -0.882881 0.467666
1779360494.386404 -11.397013 26.229200 0.314811 -0.026817 0.034332 -0.871485 0.488484
1779360494.439939 -11.409915 26.199429 0.314251 -0.031199 0.035311 -0.861807 0.505044
1779360494.494137 -11.422561 26.164158 0.311278 -0.039203 0.029641 -0.853636 0.518546
1779360494.546219 -11.442233 26.126167 0.313337 -0.013420 0.013302 -0.844879 0.534624
1779360494.599456 -11.453611 26.098227 0.318251 -0.011770 0.015653 -0.838358 0.544769
1779360494.652975 -11.468614 26.064812 0.321106 -0.009685 0.008300 -0.833804 0.551913
1779360494.704356 -11.485905 26.024742 0.321754 -0.016476 0.004425 -0.830397 0.556911
1779360494.757400 -11.501757 25.977257 0.313678 -0.021270 0.020928 -0.827406 0.560812
1779360494.809637 -11.516483 25.938345 0.313863 -0.006023 0.015513 -0.826259 0.563044
1779360494.863410 -11.534997 25.893219 0.315968 -0.014329 0.012721 -0.823484 0.567016
1779360494.917062 -11.551844 25.843931 0.316650 -0.021562 0.007816 -0.819625 0.572441
1779360494.974275 -11.570988 25.780172 0.312899 -0.016681 0.006706 -0.817278 0.575963
1779360495.023573 -11.583397 25.742661 0.312571 -0.000759 0.007548 -0.813860 0.581012
1779360495.079115 -11.599607 25.691330 0.316278 -0.000854 0.002530 -0.812667 0.582722
1779360495.154031 -11.616659 25.640141 0.318592 -0.012035 0.005390 -0.811877 0.583679
1779360495.182741 -11.629979 25.604313 0.312020 -0.001897 0.006198 -0.810927 0.585112
1779360495.236240 -11.638030 25.563368 0.312221 -0.001293 0.018470 -0.813081 0.581856
1779360495.291962 -11.653855 25.512257 0.314071 -0.008573 0.016282 -0.812075 0.583263
1779360495.349284 -11.671994 25.451910 0.304968 -0.016200 0.008383 -0.809577 0.586730
1779360495.395990 -11.688473 25.405043 0.303690 -0.005670 0.011107 -0.807282 0.590034
1779360495.445413 -11.705255 25.351139 0.307850 -0.001709 -0.000378 -0.804721 0.593651
1779360495.499445 -11.720722 25.300304 0.312665 -0.010330 -0.003485 -0.805607 0.592351
1779360495.552161 -11.744741 25.241358 0.317976 -0.020103 -0.007329 -0.805801 0.591800
1779360495.605086 -11.757447 25.195143 0.312293 0.000264 0.007795 -0.806853 0.590700
1779360495.659642 -11.775862 25.140516 0.315203 -0.001493 0.012437 -0.807022 0.590388
1779360495.718156 -11.791645 25.079370 0.317470 -0.012832 0.010361 -0.805416 0.592481
1779360495.791931 -11.808887 25.010645 0.307729 -0.012183 0.007232 -0.803849 0.594665
1779360495.822529 -11.821277 24.963007 0.313196 0.001453 0.007727 -0.801557 0.597867
1779360495.874853 -11.836074 24.906588 0.318395 0.000090 0.004659 -0.801660 0.597762
1779360495.930446 -11.852818 24.849770 0.321527 -0.012425 0.008261 -0.802238 0.596818
1779360495.982775 -11.866521 24.814957 0.311094 -0.002041 0.003690 -0.802350 0.596839
1779360496.035848 -11.873653 24.775913 0.314619 -0.005225 0.013249 -0.804853 0.593304
1779360496.088863 -11.887444 24.725796 0.316767 -0.014584 0.012975 -0.803841 0.594524
1779360496.149561 -11.902349 24.676701 0.304374 -0.021735 0.008239 -0.801170 0.597986
1779360496.204370 -11.922736 24.613976 0.305569 -0.004770 0.012189 -0.800226 0.599555
1779360496.255897 -11.938783 24.555794 0.310757 0.003189 0.005548 -0.799407 0.600756
1779360496.309337 -11.953400 24.503195 0.316166 -0.009533 0.006687 -0.800169 0.599662
1779360496.368219 -11.977057 24.439659 0.307340 -0.015297 0.007256 -0.800596 0.598965
1779360496.430551 -11.984920 24.402771 0.309570 -0.002557 0.010626 -0.802177 0.596986
1779360496.465431 -11.999923 24.351051 0.312312 -0.012739 0.014101 -0.802139 0.596835
1779360496.520931 -12.015194 24.295692 0.314725 -0.020785 0.010619 -0.800505 0.598871
1779360496.573713 -12.030219 24.226191 0.311126 -0.015447 0.011502 -0.800088 0.599574
1779360496.627140 -12.043083 24.180490 0.314426 -0.003723 0.005697 -0.798058 0.602542
1779360496.690022 -12.056577 24.129776 0.318491 -0.008015 0.003629 -0.798918 0.601375
1779360496.733786 -12.075923 24.070803 0.322984 -0.022183 0.004762 -0.799897 0.599708
1779360496.786160 -12.087848 24.031511 0.310316 -0.008596 0.007864 -0.800389 0.599368
1779360496.848539 -12.100171 23.978907 0.310464 -0.010006 0.011996 -0.802130 0.596945
1779360496.897323 -12.114430 23.923176 0.312806 -0.023747 0.007495 -0.801131 0.597971
1779360496.946401 -12.132523 23.855572 0.303701 -0.028468 0.000669 -0.799109 0.600512
1779360496.999712 -12.151292 23.807173 0.308769 -0.007388 0.004289 -0.797778 0.602891
1779360497.053602 -12.164601 23.748989 0.315374 -0.002289 0.000192 -0.797034 0.603931
1779360497.105787 -12.180609 23.692448 0.319434 -0.011361 0.000631 -0.797357 0.603400
1779360497.166073 -12.203915 23.628736 0.314733 -0.005388 -0.001214 -0.800694 0.599049
1779360497.218440 -12.198858 23.630283 0.317401 0.003114 -0.003865 -0.815632 0.578551
1779360497.269918 -12.216803 23.577597 0.318851 -0.010306 0.001714 -0.831688 0.555146
1779360497.327496 -12.238522 23.519857 0.317100 -0.028791 -0.006489 -0.845311 0.533458
1779360497.377607 -12.267869 23.478365 0.299646 -0.004660 -0.023972 -0.855084 0.517914
1779360497.430763 -12.294833 23.427185 0.307039 0.022851 -0.020290 -0.861885 0.506182
1779360497.486995 -12.322759 23.375916 0.314359 0.018200 -0.019072 -0.871638 0.489441
1779360497.537851 -12.358470 23.326937 0.317881 0.003443 -0.010544 -0.880899 0.473175
1779360497.613154 -12.379457 23.304108 0.308442 0.016348 -0.015946 -0.887289 0.460648
1779360497.642691 -12.414551 23.247910 0.309924 0.008318 -0.017422 -0.893385 0.448876
1779360497.696992 -12.446934 23.202583 0.312648 -0.009523 -0.012922 -0.896778 0.442190
1779360497.750339 -12.485193 23.148745 0.305682 -0.020492 -0.011796 -0.898859 0.437601
1779360497.812129 -12.525040 23.108000 0.308798 0.006240 -0.011803 -0.900105 0.435468
1779360497.859804 -12.558170 23.058867 0.317156 0.006909 -0.008664 -0.901397 0.432853
1779360497.914467 -12.595503 23.015541 0.322478 -0.004173 -0.005538 -0.904177 0.427101
1779360497.964108 -12.643543 22.966858 0.313353 -0.002296 -0.001169 -0.906165 0.422917
1779360498.022289 -12.666885 22.932575 0.314056 0.005427 -0.005418 -0.912364 0.409308
1779360498.068466 -12.703693 22.890856 0.315988 -0.009932 -0.002244 -0.918822 0.394540
1779360498.127128 -12.746165 22.845816 0.316798 -0.023822 -0.004589 -0.923061 0.383888
1779360498.177264 -12.792932 22.807283 0.306188 -0.001456 -0.015205 -0.926333 0.376396
1779360498.231396 -12.831985 22.767477 0.311065 0.013090 -0.015308 -0.928895 0.369794
1779360498.281744 -12.874554 22.729519 0.316114 0.004791 -0.011337 -0.933039 0.359566
1779360498.336736 -12.922351 22.690432 0.318905 -0.008456 -0.003800 -0.936662 0.350113
1779360498.392833 -12.958701 22.661352 0.309882 0.006522 0.002027 -0.939756 0.341778
1779360498.450878 -13.010615 22.617691 0.311641 0.000229 0.002695 -0.942318 0.334707
1779360498.496878 -13.050044 22.581572 0.313632 -0.015718 0.006683 -0.943233 0.331693
1779360498.560704 -13.104509 22.535690 0.297568 -0.023805 0.005608 -0.943721 0.329838
1779360498.601907 -13.142955 22.513926 0.307686 0.002200 0.001684 -0.943865 0.330321
1779360498.662055 -13.187648 22.471823 0.314299 0.008354 0.000080 -0.943984 0.329886
1779360498.711619 -13.236361 22.432341 0.317402 -0.000205 0.007748 -0.945388 0.325856
1779360498.762183 -13.278021 22.408249 0.309549 0.005984 -0.001877 -0.946011 0.324075
1779360498.816435 -13.306367 22.379803 0.311670 0.002519 0.008325 -0.948350 0.317107
1779360498.868036 -13.350877 22.343628 0.316330 -0.009767 0.011724 -0.948427 0.316627
1779360498.923314 -13.400036 22.302887 0.310535 -0.019118 0.009886 -0.947925 0.317765
1779360498.976028 -13.423985 22.292694 0.306442 -0.000862 0.006498 -0.947844 0.318668
1779360499.037171 -13.465064 22.258059 0.315020 0.009001 0.007667 -0.947122 0.320657
1779360499.087170 -13.510816 22.221746 0.320213 0.004107 0.009872 -0.947537 0.319467
1779360499.150292 -13.563678 22.184372 0.311786 0.002921 0.015917 -0.947595 0.319064
1779360499.189912 -13.599694 22.153847 0.310271 0.003409 0.006871 -0.948510 0.316655
1779360499.245026 -13.644608 22.118797 0.314702 -0.006003 0.008257 -0.948294 0.317230
1779360499.302685 -13.688416 22.084124 0.315926 -0.017750 0.006855 -0.947221 0.320015
1779360499.347516 -13.745077 22.036404 0.307962 -0.010822 0.009708 -0.946982 0.320958
1779360499.399546 -13.752069 22.025011 0.308003 0.001866 0.004857 -0.946612 0.322333
1779360499.474793 -13.796320 21.989307 0.312604 -0.000345 0.005175 -0.946342 0.323124
1779360499.518492 -13.845154 21.954391 0.316554 -0.011550 0.011054 -0.947061 0.320657
1779360499.561864 -13.881033 21.928947 0.309874 0.002438 0.008503 -0.947174 0.320599
1779360499.613097 -13.929349 21.889864 0.312349 0.006332 0.011844 -0.948188 0.317425
1779360499.672189 -13.961089 21.864016 0.313906 -0.000231 0.013007 -0.947932 0.318208
1779360499.721601 -14.022478 21.816124 0.304253 -0.005523 0.009480 -0.947004 0.321035
1779360499.769758 -14.063963 21.779083 0.308219 0.005736 0.009326 -0.946417 0.322762
1779360499.823700 -14.112223 21.742199 0.313865 0.007277 -0.002075 -0.945450 0.325681
1779360499.876250 -14.155468 21.706049 0.317723 -0.005150 0.004951 -0.946347 0.323074
1779360499.944382 -14.214033 21.665756 0.308486 -0.006649 0.009238 -0.946692 0.321939
1779360499.983401 -14.223530 21.657274 0.310938 0.007470 0.014558 -0.947180 0.320284
1779360500.037092 -14.267160 21.622757 0.313653 0.001158 0.020146 -0.947310 0.319682
1779360500.095388 -14.315886 21.583496 0.302196 -0.010936 0.017831 -0.945956 0.323619
1779360500.143493 -14.348826 21.564777 0.302710 -0.001995 0.016195 -0.945463 0.325320
1779360500.220658 -14.373361 21.549250 0.309964 0.007914 0.005239 -0.945648 0.325055
1779360500.251378 -14.422851 21.511396 0.316865 0.006096 0.008857 -0.951461 0.307581
1779360500.306494 -14.474345 21.484367 0.313620 0.008881 0.006350 -0.959663 0.280941
1779360500.374914 -14.502699 21.454227 0.312566 0.002677 0.005183 -0.971015 0.238949
1779360500.411829 -14.549235 21.426912 0.307484 -0.010693 0.015303 -0.980800 0.194120
1779360500.465327 -14.596553 21.402040 0.289757 -0.031379 0.012647 -0.988744 0.145745
1779360500.518918 -14.640851 21.402704 0.301432 0.006522 -0.038926 -0.993923 0.102761
1779360500.572411 -14.687399 21.387167 0.317413 0.029496 -0.033194 -0.997555 0.053966
1779360500.639859 -14.736224 21.383451 0.321426 0.027123 -0.019287 -0.999420 0.007222
1779360500.679309 -14.790957 21.383055 0.313897 0.038512 -0.031636 -0.998203 -0.033263
1779360500.733393 -14.824991 21.382656 0.311546 0.029058 -0.019848 -0.997155 -0.066664
1779360500.786120 -14.878226 21.378534 0.309154 0.012654 -0.007310 -0.995616 -0.092391
1779360500.841239 -14.939131 21.385878 0.295217 -0.005173 -0.003785 -0.993706 -0.111838
1779360500.892895 -15.005508 21.406864 0.304254 0.011294 -0.031497 -0.991662 -0.124444
1779360501.034241 -15.059737 21.416533 0.314947 0.019000 -0.030563 -0.990046 -0.136066
1779360501.065341 -15.108198 21.431734 0.319884 0.010859 -0.018505 -0.988240 -0.151399
1779360501.068721 -15.164039 21.458719 0.307710 0.011512 -0.014437 -0.986096 -0.165147
1779360501.102701 -15.197755 21.470242 0.303285 -0.000222 -0.029326 -0.984390 -0.173542
1779360501.156479 -15.257925 21.491146 0.311010 -0.012556 -0.018115 -0.982384 -0.185568
1779360501.296208 -15.314060 21.513882 0.315072 -0.024550 -0.011609 -0.981397 -0.190058
1779360501.342130 -15.380047 21.539049 0.307900 -0.012845 -0.015442 -0.980802 -0.193971
1779360501.349145 -15.436640 21.559746 0.312270 -0.004097 -0.026901 -0.980458 -0.194837
1779360501.378724 -15.485253 21.580912 0.315866 -0.006254 -0.022547 -0.979252 -0.201293
1779360501.455821 -15.543797 21.612349 0.318627 -0.009813 -0.013248 -0.978365 -0.206229
1779360501.489891 -15.558085 21.619940 0.311342 0.012089 -0.013996 -0.977245 -0.211308
1779360501.539184 -15.610568 21.644741 0.313761 0.008815 -0.010572 -0.976243 -0.216240
1779360501.593790 -15.665686 21.668255 0.315891 -0.001225 -0.000983 -0.976417 -0.215888
1779360501.636610 -15.732499 21.699867 0.308107 0.000731 0.000452 -0.976240 -0.216691
1779360501.753567 -15.759984 21.713167 0.313185 0.007829 -0.008683 -0.976644 -0.214548
1779360501.759049 -15.810526 21.734440 0.317509 0.008118 -0.004911 -0.976350 -0.215987
1779360501.803931 -15.869032 21.762928 0.319203 0.004532 0.009194 -0.975738 -0.218701
1779360501.851662 -15.892756 21.772476 0.310835 0.016964 0.000700 -0.975202 -0.220666
1779360502.039951 -15.941958 21.793554 0.313643 0.012528 0.003640 -0.974767 -0.222846
1779360502.055291 -15.995976 21.816208 0.314689 0.000690 0.010425 -0.975308 -0.220602
1779360502.059399 -16.064276 21.843580 0.303429 -0.004649 0.012125 -0.975805 -0.218255
1779360502.086238 -16.105585 21.868227 0.309295 0.011227 -0.007988 -0.976409 -0.215488
1779360502.254088 -16.162922 21.891762 0.315560 0.011054 -0.008932 -0.976247 -0.216195
1779360502.277720 -16.218626 21.918453 0.317109 0.003587 0.001744 -0.975963 -0.217899
1779360502.285232 -16.267317 21.946949 0.309867 0.009346 -0.005227 -0.975779 -0.218498
1779360502.289295 -16.274712 21.950874 0.311429 0.015646 0.002647 -0.974315 -0.224631
1779360502.334617 -16.328135 21.973694 0.314452 0.009008 0.014358 -0.974317 -0.224540
1779360502.459823 -16.388832 22.001173 0.305793 0.001275 0.018065 -0.974890 -0.221949
1779360502.489213 -16.428425 22.022299 0.309860 0.013601 0.008806 -0.975586 -0.219018
1779360502.496174 -16.486620 22.046179 0.315501 0.017186 0.000127 -0.975984 -0.217165
1779360502.560832 -16.541540 22.069349 0.318158 0.015745 0.008452 -0.976031 -0.216898
1779360502.763133 -16.597940 22.101892 0.311572 0.016827 0.004029 -0.976190 -0.216224
1779360502.764460 -16.638670 22.111189 0.310430 0.018100 0.009255 -0.975334 -0.219797
1779360502.777434 -16.688709 22.133299 0.314595 0.008209 0.013303 -0.975580 -0.219087
1779360502.780690 -16.746094 22.157150 0.314915 -0.006634 0.017940 -0.976337 -0.215407
1779360502.828550 -16.804520 22.190641 0.307702 0.001340 0.001303 -0.977176 -0.212424
1779360502.950006 -16.846277 22.205873 0.313167 0.017315 -0.007923 -0.977488 -0.210130
1779360502.963989 -16.912035 22.234585 0.318305 0.014310 -0.001792 -0.977071 -0.212425
1779360502.991180 -16.973314 22.264280 0.309615 0.015182 0.009243 -0.976825 -0.213299
1779360503.042717 -16.987148 22.277636 0.310424 0.014830 -0.001113 -0.976678 -0.214193
1779360503.187735 -17.039446 22.298502 0.316235 0.009213 0.006111 -0.976451 -0.215458
1779360503.191236 -17.094309 22.322771 0.317358 -0.001426 0.009872 -0.977206 -0.212061
1779360503.226026 -17.161402 22.350344 0.310919 0.002038 0.008735 -0.977512 -0.210690
1779360503.249214 -17.204407 22.369131 0.314725 0.013442 -0.009338 -0.978139 -0.207309
1779360503.413012 -17.255688 22.390924 0.319143 0.012988 -0.006435 -0.977889 -0.208620
1779360503.465614 -17.308414 22.408588 0.297790 0.012096 0.007286 -0.977547 -0.210242
1779360503.468542 -17.356285 22.432449 0.307565 0.011396 -0.010015 -0.977544 -0.210183
1779360503.485042 -17.396769 22.445700 0.314185 0.009326 0.003286 -0.977101 -0.212547
1779360503.526203 -17.444851 22.467381 0.312484 0.006160 0.009113 -0.977700 -0.209719
1779360503.659106 -17.491457 22.492434 0.307878 0.011586 0.003493 -0.978142 -0.207586
1779360503.694970 -17.525848 22.507074 0.302941 0.013443 0.023440 -0.977741 -0.208067
1779360503.698096 -17.553049 22.526400 0.308724 0.006250 0.007758 -0.978837 -0.204401
1779360503.763170 -17.589052 22.538820 0.313422 0.007637 0.008229 -0.978284 -0.206967
1779360503.918905 -17.625147 22.552189 0.313492 0.007192 0.013950 -0.977982 -0.208097
1779360503.946813 -17.662985 22.568598 0.311423 0.007357 0.008156 -0.978234 -0.207214
1779360503.948806 -17.692390 22.575300 0.314383 0.008638 0.015533 -0.977892 -0.208353
1779360503.954284 -17.719286 22.584906 0.317015 0.008910 0.017342 -0.978252 -0.206503
1779360504.005020 -17.751352 22.596039 0.316494 0.007588 0.020817 -0.978293 -0.206036
1779360504.135014 -17.784611 22.607555 0.314164 0.005833 0.022373 -0.978586 -0.204538
1779360504.180377 -17.818874 22.620378 0.309983 0.005603 0.018729 -0.979096 -0.202456
1779360504.183621 -17.849958 22.633554 0.305208 0.013441 0.017886 -0.979458 -0.200403
1779360504.214904 -17.877800 22.644188 0.309598 0.010998 0.016297 -0.980174 -0.197163
1779360504.406440 -17.903151 22.654045 0.311842 0.008311 0.011651 -0.980164 -0.197673
1779360504.413480 -17.932556 22.662529 0.311350 0.009456 0.015565 -0.981087 -0.192709
1779360504.433172 -17.965969 22.671638 0.309801 0.011683 0.023456 -0.983366 -0.179738
1779360504.464677 -18.003225 22.680185 0.307769 0.012418 0.025035 -0.987025 -0.158119
1779360504.615880 -18.027840 22.682556 0.314060 0.013820 0.029932 -0.990358 -0.134554
1779360504.641089 -18.056671 22.686296 0.316198 0.012670 0.038310 -0.993183 -0.109360
1779360504.648037 -18.090914 22.688639 0.314382 0.008222 0.043737 -0.995357 -0.085350
1779360504.675649 -18.125338 22.692472 0.309423 0.005847 0.039980 -0.997044 -0.065356
1779360504.701380 -18.157242 22.692110 0.309207 0.017305 0.030408 -0.998301 -0.046593
1779360504.830550 -18.188107 22.693964 0.314306 0.016540 0.028054 -0.998977 -0.031388
1779360504.876024 -18.219948 22.693729 0.315193 0.015682 0.024845 -0.999318 -0.022383
1779360504.880176 -18.253595 22.691631 0.314907 0.010214 0.027711 -0.999458 -0.014580
1779360504.918086 -18.296955 22.694019 0.311812 0.008027 0.024852 -0.999641 -0.005987
1779360505.092546 -18.328493 22.690428 0.315502 0.009995 0.024862 -0.999636 -0.003294
1779360505.134630 -18.364647 22.689333 0.316623 0.013713 0.023789 -0.999612 0.004749
1779360505.138953 -18.456322 22.687576 0.313775 0.011364 0.020470 -0.999557 0.018357
1779360505.172140 -18.501068 22.679970 0.311187 0.016780 0.024794 -0.999300 0.022451
1779360505.323758 -18.549227 22.681170 0.314959 0.021199 0.009084 -0.999357 0.027464
1779360505.357939 -18.597088 22.676558 0.316312 0.018560 0.008052 -0.999388 0.028556
1779360505.359954 -18.656719 22.673239 0.313850 0.013749 0.016271 -0.999322 0.030043
1779360505.387872 -18.678017 22.670973 0.309750 0.028325 0.014449 -0.999058 0.029543
1779360505.529136 -18.728455 22.666229 0.313722 0.021700 0.017560 -0.999193 0.028884
1779360505.551193 -18.781950 22.659794 0.314211 0.009032 0.022956 -0.999143 0.033239
1779360505.583643 -18.851254 22.654144 0.304489 0.005407 0.020316 -0.999082 0.037322
1779360505.600284 -18.899151 22.651344 0.310609 0.021070 0.008098 -0.998900 0.041101
1779360505.653340 -18.951731 22.645340 0.315802 0.020921 0.007553 -0.998896 0.041370
1779360505.706566 -19.010649 22.638470 0.317706 0.012056 0.018377 -0.998974 0.039589
1779360505.763660 -19.070858 22.642534 0.309924 0.014834 0.001086 -0.999074 0.040380
1779360505.840541 -19.120600 22.626524 0.312426 0.011489 0.014876 -0.999158 0.036465
1779360505.867717 -19.174768 22.620399 0.315113 0.001179 0.020310 -0.999011 0.039527
1779360505.928353 -19.238958 22.616009 0.311536 -0.006090 0.018502 -0.998852 0.043772
1779360505.979892 -19.281898 22.611265 0.308571 0.006230 0.023445 -0.998616 0.046659
1779360506.137825 -19.337532 22.610584 0.311441 0.008535 0.016477 -0.998241 0.056306
1779360506.152410 -19.380159 22.596819 0.310695 0.004063 0.021188 -0.997370 0.069197
1779360506.154373 -19.427683 22.586527 0.309894 0.000087 0.024892 -0.995693 0.089303
1779360506.203031 -19.472269 22.576546 0.307005 0.003316 0.018496 -0.993055 0.116139
1779360506.250597 -19.508806 22.563095 0.315623 0.005509 0.027029 -0.989948 0.138720
1779360506.358593 -19.544270 22.550541 0.319720 0.002057 0.031184 -0.986596 0.160164
1779360506.395225 -19.585295 22.534891 0.317298 -0.000531 0.027703 -0.983338 0.179665
1779360506.412997 -19.627832 22.518459 0.307756 0.003585 0.027552 -0.980352 0.195290
1779360506.463016 -19.656530 22.506037 0.306850 -0.000648 0.027281 -0.977664 0.208394
1779360506.551043 -19.683752 22.495867 0.312275 -0.004163 0.019585 -0.973960 0.225832
1779360506.568089 -19.709499 22.477179 0.313647 -0.009135 0.023745 -0.969512 0.243718
1779360506.626156 -19.740025 22.455391 0.312707 -0.012639 0.029193 -0.965314 0.259145
1779360506.672198 -19.769764 22.437939 0.310280 -0.010325 0.018925 -0.962031 0.272088
1779360506.863792 -19.792305 22.419609 0.313821 -0.008834 0.023565 -0.959377 0.281003
1779360506.868009 -19.816895 22.404015 0.315805 -0.004163 0.021975 -0.956213 0.291814
1779360506.873914 -19.836952 22.390158 0.315454 -0.001683 0.023690 -0.954109 0.298517
1779360506.885516 -19.873226 22.365780 0.313015 0.003763 0.020162 -0.951030 0.308416
1779360506.940775 -19.901554 22.341835 0.308959 0.005452 0.023466 -0.948833 0.314858
1779360507.136365 -19.929848 22.324333 0.309451 0.000787 0.014674 -0.947939 0.318113
1779360507.141293 -19.955584 22.303555 0.314079 -0.002640 0.007081 -0.946819 0.321679
1779360507.146670 -19.985039 22.278351 0.315084 -0.006848 0.004594 -0.946312 0.323150
1779360507.167875 -20.020313 22.251276 0.315723 -0.012686 0.007228 -0.945123 0.326389
1779360507.316250 -20.052042 22.228937 0.311990 -0.000784 0.013559 -0.944666 0.327752
1779360507.349641 -20.079782 22.206743 0.314215 0.001512 0.015070 -0.944188 0.329059
1779360507.351244 -20.122345 22.172314 0.315331 -0.005484 0.016106 -0.943057 0.332194
1779360507.366848 -20.164682 22.137127 0.315288 -0.011057 0.012288 -0.941539 0.336499
1779360507.428423 -20.205324 22.100460 0.309959 -0.003758 0.015739 -0.940859 0.338412
1779360507.554462 -20.214500 22.096781 0.310621 0.004209 0.007588 -0.939844 0.341495
1779360507.572416 -20.258839 22.058704 0.316685 -0.000107 0.002009 -0.940011 0.341138
1779360507.592934 -20.306431 22.020346 0.320238 -0.009615 0.008678 -0.940111 0.340623
1779360507.638979 -20.337830 21.995777 0.310960 0.004867 0.004983 -0.940089 0.340858
1779360507.791190 -20.377972 21.960052 0.311220 0.004772 0.007884 -0.940422 0.339884
1779360507.795995 -20.419806 21.924751 0.313137 -0.004298 0.010626 -0.939563 0.342184
1779360507.815183 -20.467981 21.883604 0.315049 -0.008272 0.007872 -0.938749 0.344411
1779360507.845322 -20.477264 21.873806 0.307887 -0.000462 0.013100 -0.938313 0.345537
1779360507.898296 -20.520012 21.841717 0.314267 0.003013 -0.003105 -0.938015 0.346568
1779360508.057643 -20.560396 21.805752 0.319751 -0.002485 0.004516 -0.941539 0.336866
1779360508.094940 -20.615986 21.771151 0.314528 0.003705 -0.005130 -0.948757 0.315945
1779360508.096425 -20.632303 21.747938 0.318475 -0.001570 0.000481 -0.961024 0.276459
1779360508.113031 -20.672731 21.719223 0.314094 -0.011000 0.008468 -0.971255 0.237637
1779360508.279275 -20.710985 21.694679 0.291376 -0.031643 0.010474 -0.979288 0.199711
1779360508.280940 -20.766811 21.690304 0.296012 0.000870 -0.027896 -0.984177 0.174975
1779360508.292153 -20.809483 21.671345 0.307590 0.025286 -0.037659 -0.987983 0.147760
1779360508.328948 -20.860384 21.658598 0.317933 0.015089 -0.028372 -0.992531 0.117681
1779360508.379758 -20.922928 21.648088 0.311835 0.013078 -0.013645 -0.995588 0.091909
1779360508.543420 -20.966000 21.642862 0.309622 0.014248 -0.026610 -0.996930 0.072250
1779360508.547212 -21.018560 21.631123 0.312465 0.006534 -0.012338 -0.998413 0.054567
1779360508.559995 -21.074883 21.625639 0.307629 -0.000881 -0.006729 -0.999046 0.043137
1779360508.592894 -21.124350 21.617493 0.304439 -0.000543 0.009452 -0.999402 0.033274
1779360508.774358 -21.143307 21.619789 0.309576 -0.000185 -0.009286 -0.999287 0.036603
1779360508.793896 -21.184780 21.611448 0.314070 0.002287 -0.001135 -0.999131 0.041612
1779360508.799060 -21.230719 21.603098 0.316174 -0.002266 0.006650 -0.998592 0.052577
1779360508.822868 -21.284340 21.596767 0.309440 0.004182 0.008795 -0.997201 0.074130
1779360508.861424 -21.315094 21.583328 0.312069 0.004099 0.020195 -0.995227 0.095393
1779360508.992502 -21.340059 21.577957 0.316490 -0.000716 0.024546 -0.993261 0.113272
1779360509.037022 -21.386339 21.563272 0.318979 -0.007687 0.032202 -0.988122 0.150061
1779360509.038524 -21.429197 21.554310 0.313945 -0.004559 0.024409 -0.982291 0.185707
1779360509.073006 -21.459579 21.540955 0.315330 -0.002048 0.026271 -0.974317 0.223632
1779360509.242429 -21.488005 21.526688 0.315859 -0.003884 0.025415 -0.966157 0.256669
1779360509.278487 -21.516005 21.508312 0.314728 -0.010405 0.027705 -0.958157 0.284711
1779360509.281348 -21.547710 21.485048 0.312608 -0.013857 0.029108 -0.951038 0.307387
1779360509.290304 -21.570927 21.463806 0.307131 -0.007393 0.029746 -0.945731 0.323503
1779360509.341648 -21.589169 21.443346 0.310362 -0.009104 0.032508 -0.938679 0.343136
1779360509.486800 -21.609425 21.422850 0.312727 -0.010120 0.038369 -0.929724 0.366114
1779360509.511877 -21.630503 21.398518 0.312139 -0.013747 0.038950 -0.920592 0.388335
1779360509.515153 -21.655210 21.370476 0.309738 -0.011161 0.031120 -0.912497 0.407746
1779360509.551760 -21.677328 21.344419 0.304783 -0.006903 0.031200 -0.904745 0.424754
1779360509.607290 -21.698351 21.325695 0.307881 -0.008760 0.022266 -0.896584 0.442227
1779360509.738118 -21.714073 21.303539 0.310441 -0.011876 0.016024 -0.889608 0.456290
1779360509.747707 -21.729519 21.278687 0.310480 -0.017278 0.014548 -0.884300 0.466373
1779360509.772998 -21.746141 21.250364 0.309729 -0.020257 0.015590 -0.879448 0.475308
1779360509.821656 -21.763498 21.221214 0.309330 -0.017341 0.015478 -0.875366 0.482902
1779360510.006033 -21.775492 21.196209 0.313168 -0.017610 0.021179 -0.871981 0.488764
1779360510.010678 -21.786551 21.174591 0.315055 -0.012952 0.019991 -0.867335 0.497154
1779360510.032385 -21.800619 21.148094 0.315265 -0.011479 0.020374 -0.864116 0.502749
1779360510.037753 -21.815056 21.118612 0.313451 -0.010925 0.019228 -0.860700 0.508632
1779360510.085929 -21.826700 21.095583 0.311360 -0.007162 0.017129 -0.857021 0.514947
1779360510.218214 -21.845789 21.054991 0.304817 -0.008026 0.024194 -0.846471 0.531824
1779360510.220227 -21.860411 21.034723 0.308304 -0.001668 0.011320 -0.834841 0.550372
1779360510.259049 -21.868773 21.012547 0.309771 -0.005614 0.006539 -0.821015 0.570842
1779360510.297557 -21.875051 20.983877 0.309408 -0.009300 0.011718 -0.806127 0.591554
1779360510.485794 -21.880093 20.957462 0.308060 -0.014822 0.013370 -0.794304 0.607193
1779360510.490072 -21.888138 20.923935 0.306348 -0.013890 0.013413 -0.782943 0.621794
1779360510.495052 -21.890425 20.897242 0.308772 -0.021924 0.019637 -0.775419 0.630761
1779360510.521481 -21.892776 20.870638 0.311980 -0.018496 0.020043 -0.765819 0.642478
1779360510.663663 -21.894747 20.841436 0.312593 -0.023068 0.020765 -0.757678 0.651891
1779360510.667833 -21.894840 20.809465 0.311254 -0.029099 0.018323 -0.750618 0.659841
1779360510.691803 -21.897102 20.768812 0.308536 -0.026016 0.004458 -0.743295 0.668443
1779360510.727797 -21.898119 20.723188 0.314525 -0.009130 0.008429 -0.735044 0.677906
1779360510.782882 -21.903120 20.687378 0.316783 -0.007544 0.003009 -0.730228 0.683155
1779360510.835905 -21.905807 20.642220 0.318447 -0.007780 -0.002459 -0.728132 0.685388
1779360510.888034 -21.909609 20.596189 0.319689 -0.017126 -0.006201 -0.726536 0.686887
1779360510.939559 -21.910620 20.549576 0.313955 -0.014676 0.013962 -0.725526 0.687896
1779360510.990216 -21.917971 20.512747 0.314790 0.000046 0.016523 -0.725797 0.687710
1779360511.041745 -21.920948 20.447609 0.316354 -0.001439 0.019039 -0.722476 0.691132
1779360511.095782 -21.923065 20.388876 0.316710 -0.003680 0.013899 -0.719163 0.694693
1779360511.256219 -21.918627 20.339567 0.309757 -0.013377 0.024253 -0.718308 0.695174
1779360511.260599 -21.925724 20.289349 0.314175 0.001617 0.007900 -0.714452 0.699638
1779360511.286212 -21.924625 20.236263 0.318785 -0.005344 0.004844 -0.715391 0.698688
1779360511.306156 -21.929022 20.176929 0.321861 -0.013705 0.006335 -0.715187 0.698770
1779360511.359614 -21.930149 20.137810 0.312637 0.006006 0.008318 -0.714896 0.699156
1779360511.552621 -21.929714 20.081408 0.313989 0.002962 0.010183 -0.715431 0.698603
1779360511.557837 -21.931011 20.020092 0.314107 -0.005973 0.007927 -0.712944 0.701151
1779360511.559610 -21.926538 19.947769 0.310337 -0.004225 0.012983 -0.712434 0.701606
1779360511.592264 -21.932203 19.923334 0.312606 0.007919 0.004472 -0.709715 0.704430
1779360511.666048 -21.931547 19.871107 0.317820 0.003111 0.001700 -0.710598 0.703589
1779360511.741537 -21.934692 19.808556 0.320659 -0.010479 0.001610 -0.711535 0.702571
1779360511.743487 -21.934364 19.787420 0.310086 0.002445 0.011216 -0.711381 0.702713
1779360511.797740 -21.935209 19.731384 0.312768 0.000288 0.015955 -0.712638 0.701351
1779360511.843135 -21.934822 19.677032 0.314831 -0.010152 0.013294 -0.711131 0.702861
1779360511.966318 -21.935089 19.607065 0.300541 -0.009083 0.008237 -0.709151 0.704950
1779360512.004361 -21.935614 19.602615 0.306679 -0.001866 0.013386 -0.707997 0.706086
1779360512.011609 -21.938274 19.546019 0.312673 0.002866 0.007087 -0.707560 0.706612
1779360512.053843 -21.937853 19.484697 0.316020 -0.007709 0.005596 -0.707992 0.706156
1779360512.212778 -21.941353 19.423025 0.310685 -0.006903 0.009656 -0.707384 0.706730
1779360512.221507 -21.937607 19.379274 0.310946 0.000286 0.017558 -0.710833 0.703142
1779360512.238092 -21.935858 19.312553 0.313765 -0.009160 0.012084 -0.710029 0.704009
1779360512.279056 -21.935892 19.244156 0.309355 -0.015174 0.004104 -0.707167 0.706872
1779360512.332268 -21.942398 19.202637 0.307192 -0.002804 0.009588 -0.706507 0.707636
1779360512.486034 -21.941051 19.136282 0.314352 0.006804 0.000834 -0.707007 0.707173
1779360512.490245 -21.942551 19.074007 0.318808 -0.003496 0.001523 -0.720296 0.693657
1779360512.514487 -21.951412 19.015511 0.309867 -0.009891 0.014796 -0.739306 0.673135
1779360512.541437 -21.951967 18.972441 0.314617 -0.000491 -0.000700 -0.763717 0.645550
1779360512.706134 -21.956907 18.921169 0.311967 -0.012038 0.000561 -0.779726 0.626005
1779360512.711238 -21.966152 18.860729 0.312430 -0.024525 -0.006744 -0.790691 0.611687
1779360512.736320 -21.986811 18.814629 0.301200 0.008189 -0.019915 -0.798743 0.601287
1779360512.754917 -22.000090 18.751720 0.311264 0.027982 -0.007436 -0.804842 0.592782
1779360512.808505 -22.016989 18.706701 0.317033 0.019438 -0.007648 -0.813073 0.581787
1779360512.977960 -22.044500 18.645084 0.319336 0.005258 -0.006744 -0.822746 0.568345
1779360512.998178 -22.054964 18.619354 0.308885 0.017163 -0.000649 -0.829101 0.558836
1779360512.999472 -22.073669 18.571386 0.310879 0.011474 0.000671 -0.835435 0.549470
1779360513.023740 -22.096716 18.515837 0.312873 -0.005280 -0.002489 -0.837802 0.545943
1779360513.180077 -22.124155 18.445375 0.302927 -0.012719 -0.002955 -0.839485 0.543226
1779360513.205112 -22.145554 18.402668 0.309009 0.005325 -0.001381 -0.840781 0.541348
1779360513.209963 -22.170467 18.344509 0.316125 0.006360 -0.003006 -0.843214 0.537533
1779360513.240606 -22.188967 18.292868 0.317155 -0.003284 -0.000891 -0.845636 0.533749
1779360513.285890 -22.212677 18.235540 0.302757 -0.002595 0.010647 -0.844812 0.534951
1779360513.459557 -22.218664 18.221088 0.308267 0.005250 0.006395 -0.841396 0.540356
1779360513.462623 -22.258915 18.123240 0.315302 -0.009097 0.007178 -0.820611 0.571370
1779360513.496912 -22.272047 18.076538 0.310057 -0.014409 0.022724 -0.807436 0.589342
1779360513.675010 -22.294308 18.044388 0.313578 -0.010704 0.013529 -0.794105 0.607536
1779360513.677571 -22.303556 18.008171 0.316567 -0.011571 0.012240 -0.786100 0.617869
1779360513.708534 -22.310898 17.965418 0.316559 -0.022062 0.016252 -0.779714 0.625536
1779360513.726726 -22.321754 17.923944 0.314484 -0.016685 0.018261 -0.773292 0.633568
1779360513.895114 -22.320761 17.891396 0.311268 -0.015901 0.021652 -0.770524 0.636845
1779360513.900822 -22.323620 17.856665 0.314654 -0.018252 0.022825 -0.766167 0.641977
1779360513.910432 -22.325205 17.818325 0.314681 -0.026676 0.024100 -0.761142 0.647588
1779360513.931255 -22.326843 17.771908 0.313107 -0.034582 0.016125 -0.756836 0.652491
1779360513.989700 -22.332439 17.719578 0.310914 -0.009827 0.003471 -0.750738 0.660518
1779360514.152308 -22.334019 17.678129 0.313851 -0.007960 0.010546 -0.747447 0.664190
1779360514.168377 -22.339762 17.630993 0.317963 -0.005780 0.002809 -0.745445 0.666537
1779360514.202935 -22.346191 17.575214 0.320346 -0.016584 0.002875 -0.744800 0.667076
1779360514.204500 -22.348406 17.549654 0.311745 -0.006785 0.012121 -0.744083 0.667943
1779360514.250313 -22.354834 17.512308 0.314976 -0.000761 0.012668 -0.745367 0.666534
1779360514.431154 -22.358253 17.459793 0.316078 -0.009649 0.013421 -0.742822 0.669285
1779360514.435510 -22.363865 17.399364 0.316262 -0.014526 0.005368 -0.739945 0.672489
1779360514.465109 -22.364422 17.345535 0.311238 -0.003749 0.010868 -0.738915 0.673701
1779360514.498830 -22.368599 17.285458 0.314676 0.006643 0.005728 -0.736857 0.675992
1779360514.626189 -22.371759 17.223667 0.318042 -0.000875 0.003890 -0.737286 0.675569
1779360514.655662 -22.379845 17.161537 0.307068 -0.004591 0.011882 -0.736597 0.676212
1779360514.658574 -22.380489 17.120703 0.309907 0.001965 0.005692 -0.737657 0.675149
1779360514.709051 -22.384481 17.063356 0.313862 -0.006259 0.007628 -0.735944 0.676971
1779360514.729140 -22.388851 17.005627 0.315049 -0.013218 0.003503 -0.733696 0.679341
1779360514.861198 -22.389925 16.939770 0.310389 -0.009999 0.010068 -0.733238 0.679824
1779360514.908585 -22.395956 16.900496 0.314379 0.005793 -0.001080 -0.730285 0.683117
1779360514.915662 -22.399309 16.847391 0.319289 0.000683 -0.002792 -0.731671 0.681652
1779360514.942276 -22.407978 16.782591 0.323280 -0.011931 -0.003713 -0.732491 0.680662
1779360515.118440 -22.410080 16.771410 0.311166 0.002629 0.007691 -0.733075 0.680099
1779360515.155461 -22.416431 16.727196 0.312476 0.001334 0.009975 -0.732932 0.680228
1779360515.160568 -22.420563 16.600327 0.305068 -0.004698 0.013455 -0.730459 0.682808
1779360515.224126 -22.432901 16.547852 0.308297 0.001503 0.001380 -0.728992 0.684519
1779360515.344230 -22.435284 16.496775 0.315834 0.002820 -0.004638 -0.729161 0.684320
1779360515.360709 -22.439081 16.442402 0.320157 -0.010783 -0.002757 -0.730695 0.682613
1779360515.376547 -22.445522 16.385700 0.313212 0.000856 0.002067 -0.730217 0.683211
1779360515.413964 -22.447735 16.334177 0.312817 0.004808 0.008986 -0.732771 0.680400
1779360515.583728 -22.450775 16.278736 0.315098 -0.005522 0.006503 -0.731961 0.681293
1779360515.589118 -22.455452 16.210938 0.306277 -0.009587 0.001146 -0.729984 0.683396
1779360515.620190 -22.455521 16.162451 0.309379 -0.003231 0.008094 -0.729340 0.684096
1779360515.625893 -22.459038 16.100653 0.314178 0.004331 0.002968 -0.726654 0.686984
1779360515.678095 -22.461704 16.040169 0.317243 -0.005011 0.003031 -0.727181 0.686421
1779360515.795047 -22.469151 15.973014 0.308088 -0.009610 0.005631 -0.727001 0.686546
1779360515.815939 -22.468834 15.931526 0.310763 0.003958 0.005996 -0.729020 0.684455
1779360515.840906 -22.470478 15.872955 0.314835 -0.007650 0.003973 -0.728911 0.684554
1779360515.889864 -22.473047 15.814018 0.316188 -0.018694 -0.001681 -0.729162 0.684084
1779360515.951329 -22.485203 15.749076 0.308605 -0.008930 -0.006389 -0.739985 0.672534
1779360515.998708 -22.491341 15.706092 0.314434 0.011055 -0.001460 -0.753100 0.657812
1779360516.048396 -22.500437 15.650449 0.318906 0.005534 -0.002021 -0.767271 0.641296
1779360516.101600 -22.513468 15.587658 0.309542 -0.007155 0.007757 -0.780236 0.625396
1779360516.155763 -22.527313 15.534095 0.309265 0.006665 -0.006089 -0.789299 0.613943
1779360516.226319 -22.535732 15.490110 0.313663 -0.004506 -0.006462 -0.798198 0.602344
1779360516.393892 -22.550945 15.429391 0.315261 -0.018217 -0.011132 -0.803026 0.595562
1779360516.398630 -22.566813 15.363684 0.303259 -0.020832 -0.009769 -0.807067 0.590011
1779360516.410241 -22.585814 15.314610 0.311578 0.010416 -0.007753 -0.809858 0.586482
1779360516.439074 -22.604280 15.257897 0.318427 0.010577 -0.006117 -0.813599 0.581299
1779360516.483097 -22.626833 15.200540 0.322504 -0.000704 0.000088 -0.821361 0.570409
1779360516.620176 -22.650173 15.150659 0.314576 0.012203 -0.016388 -0.834273 0.550972
1779360516.624208 -22.664804 15.108624 0.317698 0.001723 -0.012289 -0.854931 0.518593
1779360516.684125 -22.687649 15.061308 0.318391 -0.019168 -0.007127 -0.873552 0.486301
1779360516.691058 -22.715206 15.013234 0.295862 -0.035299 -0.011950 -0.893031 0.448449
1779360516.872166 -22.750271 14.987315 0.303696 0.022735 -0.041670 -0.905722 0.421207
1779360516.879526 -22.812696 14.917737 0.319613 0.017824 -0.028697 -0.931398 0.362432
1779360516.904142 -22.869808 14.874668 0.308347 0.025402 -0.040443 -0.942475 0.330849
1779360516.959023 -22.901424 14.845967 0.309662 0.014527 -0.035603 -0.951202 0.306163
1779360517.151865 -22.946217 14.810740 0.311777 -0.001740 -0.027812 -0.956340 0.290926
1779360517.152988 -23.003849 14.774341 0.295465 -0.006601 -0.024789 -0.960367 0.277557
1779360517.160360 -23.016752 14.771865 0.305747 0.009021 -0.029569 -0.961890 0.271684
1779360517.177221 -23.077564 14.737082 0.313501 0.017131 -0.029655 -0.964709 0.261082
1779360517.336564 -23.119791 14.708409 0.313329 0.010849 -0.018716 -0.968572 0.247789
1779360517.373545 -23.168880 14.676897 0.299065 0.013345 -0.004007 -0.971129 0.238148
1779360517.380551 -23.204966 14.653764 0.305954 0.011868 -0.007370 -0.973258 0.229292
1779360517.381633 -23.245995 14.628306 0.313607 0.003697 -0.004095 -0.975172 0.221379
1779360517.432769 -23.289928 14.603937 0.314506 -0.003921 -0.000669 -0.975065 0.221883
1779360517.576355 -23.339022 14.581859 0.307599 0.001999 -0.001139 -0.973545 0.228482
1779360517.597777 -23.370687 14.567503 0.308215 0.000988 0.006536 -0.970032 0.242886
1779360517.611161 -23.400324 14.552976 0.314590 -0.001542 0.001863 -0.965705 0.259632
1779360517.668428 -23.425184 14.534063 0.316321 -0.005230 0.006911 -0.961662 0.274101
1779360517.802444 -23.462269 14.507127 0.315589 -0.008669 0.013649 -0.957476 0.288059
1779360517.805449 -23.494448 14.484815 0.310720 -0.005002 0.009484 -0.953822 0.300182
1779360517.818967 -23.515743 14.464671 0.313271 -0.006984 0.017099 -0.951182 0.308078
1779360517.854959 -23.538519 14.444750 0.315675 -0.010224 0.020860 -0.947521 0.318848
1779360517.908478 -23.564310 14.419759 0.314839 -0.015061 0.026146 -0.943348 0.330432
1779360518.039222 -23.592901 14.393023 0.312096 -0.014966 0.023415 -0.939543 0.341302
1779360518.043901 -23.620771 14.370677 0.305700 -0.005633 0.014055 -0.936559 0.350183
1779360518.080927 -23.641058 14.344797 0.308990 -0.003159 0.023180 -0.933126 0.358788
1779360518.129212 -23.662655 14.326296 0.310413 -0.005427 0.013681 -0.931541 0.363338
1779360518.342823 -23.681223 14.305041 0.310872 -0.006907 0.015547 -0.929812 0.367641
1779360518.346059 -23.703117 14.279368 0.310490 -0.010087 0.016924 -0.925004 0.379447
1779360518.348677 -23.724724 14.253876 0.308886 -0.009028 0.018247 -0.917453 0.397322
1779360518.397988 -23.739883 14.227555 0.311230 -0.012078 0.026624 -0.908706 0.416411
1779360518.420592 -23.754726 14.204411 0.316000 -0.012341 0.027211 -0.896822 0.441382
1779360518.572933 -23.770382 14.177909 0.317687 -0.015881 0.032302 -0.883664 0.466737
1779360518.576313 -23.786711 14.146108 0.314962 -0.019793 0.029991 -0.871444 0.489177
1779360518.577329 -23.806374 14.115173 0.308315 -0.008077 0.018826 -0.860508 0.509025
1779360518.607154 -23.815605 14.087481 0.312251 -0.011665 0.026085 -0.851799 0.523089
1779360518.785539 -23.830990 14.057324 0.313576 -0.011905 0.016235 -0.843306 0.537057
1779360518.839934 -23.838690 14.028071 0.311991 -0.016579 0.021140 -0.838900 0.543623
1779360518.842819 -23.849955 13.992119 0.310393 -0.019095 0.030228 -0.832823 0.552383
1779360518.852132 -23.858889 13.960364 0.314173 -0.008590 0.030669 -0.828046 0.559754
1779360519.019506 -23.861832 13.939832 0.321937 -0.004927 0.038534 -0.822974 0.566750
1779360519.025428 -23.871101 13.911123 0.321944 0.000142 0.041833 -0.817311 0.574676
1779360519.057475 -23.878752 13.880021 0.319507 0.002498 0.042837 -0.812749 0.581032
1779360519.058823 -23.888454 13.849124 0.314735 0.009525 0.043280 -0.809179 0.585888
1779360519.100395 -23.898975 13.815518 0.306200 0.020259 0.040418 -0.805463 0.590919
1779360519.302732 -23.908714 13.783022 0.302648 0.026043 0.042930 -0.800024 0.597863
1779360519.327830 -23.920147 13.755853 0.303737 0.025674 0.026991 -0.797720 0.601877
1779360519.338967 -23.942493 13.686140 0.304193 0.012884 0.008271 -0.798162 0.602249
1779360519.378477 -23.957722 13.644416 0.297030 0.008072 0.005594 -0.797615 0.603087
1779360519.535019 -23.968365 13.603875 0.309364 0.024616 0.019983 -0.797289 0.602765
1779360519.557577 -23.980211 13.559031 0.314999 0.017097 0.013572 -0.797349 0.603123
1779360519.560311 -23.992018 13.509829 0.317818 0.010342 0.010203 -0.795399 0.605911
1779360519.587653 -24.009432 13.448038 0.308523 0.008594 0.004148 -0.793717 0.608212
1779360519.741344 -24.019756 13.405456 0.310752 0.003247 0.007653 -0.792418 0.609922
1779360519.747714 -24.034117 13.355064 0.314997 0.000566 -0.002184 -0.791288 0.611439
1779360519.786658 -24.044575 13.301278 0.317786 -0.014771 0.001070 -0.792432 0.609780
1779360519.791965 -24.062853 13.242864 0.312957 -0.010646 0.005563 -0.791986 0.610422
1779360519.857214 -24.070536 13.201223 0.310200 0.005216 0.004844 -0.792781 0.609465
1779360520.005663 -24.083670 13.148132 0.313056 -0.002781 0.001891 -0.792463 0.609911
1779360520.017440 -24.097475 13.091878 0.315249 -0.010780 -0.002607 -0.790808 0.611964
1779360520.035982 -24.108362 13.037060 0.309631 -0.008165 0.003889 -0.790495 0.612402
1779360520.061687 -24.118731 13.021345 0.311658 0.006426 -0.006165 -0.789282 0.613966
1779360520.269452 -24.131388 12.971307 0.315901 0.000668 -0.009871 -0.789918 0.613133
1779360520.272631 -24.153166 12.886002 0.309867 0.001576 0.004364 -0.790893 0.611936
1779360520.298007 -24.166243 12.843339 0.312053 0.004264 0.005647 -0.792333 0.610048
1779360520.330185 -24.178366 12.788168 0.314962 -0.008699 0.006458 -0.790964 0.611767
1779360520.545916 -24.194544 12.726117 0.306309 -0.011061 0.003560 -0.789416 0.613749
1779360520.552284 -24.196957 12.706699 0.306208 -0.007883 0.015411 -0.788552 0.614724
1779360520.554745 -24.209265 12.660337 0.312703 -0.001960 0.011106 -0.786136 0.617951
1779360520.566234 -24.221003 12.600010 0.317126 -0.011402 0.013884 -0.786987 0.616708
1779360520.594087 -24.239613 12.539088 0.316825 -0.014594 0.018334 -0.786626 0.616986
1779360520.757784 -24.248327 12.496044 0.313744 -0.001615 0.007505 -0.781941 0.623305
1779360520.761786 -24.259048 12.440254 0.317025 -0.011442 0.006714 -0.769194 0.638878
1779360520.796856 -24.261740 12.375219 0.320449 -0.012338 0.003417 -0.745861 0.665979
1779360520.805469 -24.264559 12.323360 0.312478 -0.013573 0.007937 -0.721222 0.692525
1779360520.944089 -24.268440 12.271667 0.315427 -0.012304 0.007703 -0.700463 0.713541
1779360520.975768 -24.266798 12.215804 0.319226 -0.026904 0.006341 -0.681683 0.731125
1779360520.982924 -24.261923 12.160407 0.313086 -0.035359 0.010935 -0.665236 0.745716
1779360521.022398 -24.264090 12.134690 0.309261 -0.017391 0.028278 -0.657343 0.752860
1779360521.077805 -24.253569 12.075925 0.313047 -0.024495 0.026063 -0.645144 0.763223
1779360521.126571 -24.240713 12.014545 0.297681 -0.029596 0.015448 -0.631993 0.774255
1779360521.175108 -24.245670 11.986813 0.303013 -0.019582 0.019624 -0.623427 0.781390
1779360521.229241 -24.238197 11.939452 0.311678 -0.007483 0.010654 -0.615499 0.788030
1779360521.299110 -24.223604 11.881775 0.317075 -0.014670 0.009421 -0.610136 0.792105
1779360521.334678 -24.208313 11.816945 0.298974 -0.021690 0.006956 -0.605335 0.795645
1779360521.389283 -24.200808 11.788389 0.304621 -0.002569 0.020398 -0.606851 0.794550
1779360521.445408 -24.186846 11.734588 0.309290 -0.009958 0.016419 -0.613885 0.789162
1779360521.494113 -24.172993 11.681354 0.313325 -0.026455 0.008862 -0.626638 0.778811
1779360521.551910 -24.158468 11.619504 0.294004 -0.031772 -0.001307 -0.643403 0.764867
1779360521.601678 -24.164259 11.589073 0.300257 0.000164 0.003068 -0.653202 0.757178
1779360521.663844 -24.156269 11.538560 0.309875 0.011248 -0.008159 -0.664961 0.746749
1779360521.710693 -24.150177 11.482527 0.317382 -0.003730 -0.011072 -0.678677 0.734344
1779360521.761017 -24.149632 11.414506 0.312294 -0.002268 -0.004891 -0.688668 0.725056
1779360521.819021 -24.150331 11.384153 0.309542 0.014286 -0.001830 -0.698038 0.715916
1779360521.870541 -24.149540 11.321024 0.312238 0.008630 -0.006117 -0.703037 0.711074
1779360521.932291 -24.150064 11.258068 0.310523 0.002364 -0.009351 -0.706051 0.708095
1779360521.979693 -24.154781 11.241808 0.305298 -0.001133 -0.000404 -0.710584 0.703611
1779360522.030550 -24.161465 11.199039 0.306539 0.015306 -0.009665 -0.713661 0.700257
1779360522.088058 -24.161728 11.143694 0.310344 0.006688 -0.007496 -0.718400 0.695558
1779360522.140161 -24.169065 11.074046 0.308161 0.002587 -0.003786 -0.721729 0.692161
1779360522.198959 -24.161386 11.061816 0.305339 0.009717 0.009722 -0.725806 0.687762
1779360522.244815 -24.164139 11.007383 0.308512 -0.004128 0.006296 -0.727449 0.686120
1779360522.297628 -24.165625 10.945398 0.310572 -0.016330 0.000423 -0.726332 0.687150
1779360522.354894 -24.171787 10.872252 0.301444 -0.011547 -0.000873 -0.725391 0.688240
1779360522.408546 -24.172373 10.822565 0.307959 0.007729 0.005258 -0.725374 0.688291
1779360522.459162 -24.175323 10.768252 0.313424 0.004596 0.003844 -0.727087 0.686519
1779360522.508855 -24.178886 10.703628 0.317072 -0.009941 0.007603 -0.729483 0.683885
1779360522.589280 -24.184977 10.639341 0.310436 0.000690 0.006550 -0.731391 0.681926
1779360522.630865 -24.187025 10.584608 0.312409 -0.005072 0.009296 -0.732616 0.680559
1779360522.688612 -24.190638 10.528515 0.314658 -0.014493 0.002069 -0.730507 0.682748
1779360522.738573 -24.192780 10.458415 0.302162 -0.015140 -0.000412 -0.729259 0.684070
1779360522.788568 -24.204241 10.460425 0.308241 0.002208 0.003005 -0.727736 0.685847
1779360522.958217 -24.207008 10.405108 0.315981 0.004694 -0.001774 -0.728838 0.684668
1779360522.982574 -24.211716 10.343181 0.319124 -0.005599 -0.000135 -0.729609 0.683841
1779360522.986405 -24.219955 10.284902 0.311116 0.001086 0.003299 -0.729709 0.683749
1779360523.015768 -24.218397 10.229907 0.311507 0.004332 0.011466 -0.733145 0.679962
1779360523.056955 -24.222136 10.169162 0.313553 -0.003241 0.005361 -0.731917 0.681365
1779360523.260848 -24.227194 10.101175 0.304403 -0.009346 0.000606 -0.729746 0.683654
1779360523.273630 -24.229122 10.084263 0.307925 -0.004091 0.009624 -0.729920 0.683452
1779360523.275075 -24.233164 10.030610 0.315209 0.003399 0.001950 -0.727695 0.685890
1779360523.298534 -24.235329 9.972104 0.318994 -0.008613 0.003652 -0.729165 0.684273
1779360523.376504 -24.243645 9.904377 0.310172 -0.012550 0.006842 -0.729549 0.683779
1779360523.429184 -24.242966 9.866391 0.311071 -0.003492 0.013287 -0.731122 0.682109
1779360523.436195 -24.245264 9.808786 0.313242 -0.014660 0.010355 -0.730991 0.682151
1779360523.503162 -24.248243 9.743280 0.315228 -0.022550 0.004202 -0.728641 0.684511
1779360523.544713 -24.249731 9.684896 0.307529 -0.014153 0.012340 -0.727909 0.685417
1779360523.667241 -24.254604 9.658449 0.311623 -0.008580 0.008194 -0.725578 0.688037
1779360523.694850 -24.257214 9.602995 0.316950 -0.011159 0.003707 -0.727124 0.686405
1779360523.702888 -24.263889 9.540421 0.321745 -0.021041 -0.000196 -0.727789 0.685478
1779360523.755359 -24.264898 9.497087 0.314878 -0.006272 0.011512 -0.728315 0.685117
1779360523.924419 -24.269869 9.433475 0.317797 -0.006374 0.011692 -0.727983 0.685466
1779360523.933806 -24.272053 9.362081 0.319090 -0.017472 0.003833 -0.724073 0.689491
1779360523.955389 -24.277725 9.292641 0.307650 -0.011968 0.008488 -0.722698 0.691008
1779360523.985318 -24.283695 9.278500 0.308475 0.000982 0.002185 -0.721701 0.692201
1779360524.144096 -24.286148 9.223032 0.314635 -0.002420 -0.008167 -0.723076 0.690717
1779360524.150288 -24.285883 9.169975 0.297694 -0.009487 -0.008084 -0.723920 0.689771
1779360524.171694 -24.286867 9.153047 0.304595 0.006528 -0.000611 -0.724029 0.689739
1779360524.200885 -24.290209 9.095972 0.309900 0.006474 -0.000203 -0.725515 0.688176
1779360524.254129 -24.294140 9.040835 0.312130 0.000510 -0.001291 -0.724529 0.689243
1779360524.400669 -24.296860 8.972947 0.310349 0.002012 -0.002875 -0.723308 0.690517
1779360524.403913 -24.297827 8.954449 0.308057 0.010843 -0.000381 -0.722224 0.691574
1779360524.438632 -24.300854 8.900956 0.311683 0.009250 -0.004272 -0.722581 0.691211
1779360524.470619 -24.304144 8.837167 0.317010 -0.005279 -0.006095 -0.723646 0.690125
1779360524.640017 -24.305725 8.791061 0.306434 -0.005674 0.005793 -0.724133 0.689613
1779360524.672995 -24.304590 8.777013 0.305725 0.006463 0.018256 -0.726003 0.687419
1779360524.676333 -24.305586 8.722328 0.311110 -0.002150 0.014561 -0.725471 0.688095
1779360524.701788 -24.307711 8.657878 0.313049 -0.012662 0.004929 -0.722873 0.690848
1779360524.743567 -24.313700 8.592650 0.305290 0.001124 0.005855 -0.721335 0.692561
1779360524.890554 -24.313910 8.535280 0.311917 0.009224 0.000830 -0.718403 0.695566
1779360524.892987 -24.316183 8.476338 0.317878 0.001755 -0.000475 -0.719608 0.694378
1779360524.906302 -24.321447 8.412470 0.300749 -0.009845 0.002525 -0.720670 0.693204
1779360524.957832 -24.326822 8.396515 0.311354 0.002965 0.013510 -0.721823 0.691940
1779360525.136220 -24.330885 8.350024 0.316970 0.003807 0.017697 -0.723784 0.689789
1779360525.139211 -24.332024 8.289199 0.318283 -0.004426 0.013933 -0.722155 0.691577
1779360525.190967 -24.328602 8.220407 0.306294 -0.018446 0.024316 -0.722356 0.690848
1779360525.194198 -24.339615 8.168557 0.303577 0.003369 0.003012 -0.719173 0.694817
1779360525.225162 -24.338642 8.120626 0.310960 -0.001715 -0.005205 -0.720103 0.693846
1779360525.355120 -24.342924 8.059323 0.318074 -0.017346 -0.002952 -0.721436 0.692257
1779360525.375807 -24.342974 8.033614 0.307971 -0.000460 -0.000032 -0.721305 0.692618
1779360525.387332 -24.344481 7.985061 0.309284 0.008391 0.001770 -0.722263 0.691566
1779360525.461562 -24.347507 7.912889 0.312277 -0.003391 0.002722 -0.720661 0.693274
1779360525.604751 -24.348692 7.845493 0.305429 -0.000325 0.002900 -0.719929 0.694041
1779360525.611361 -24.353767 7.842762 0.307447 0.000731 -0.000329 -0.718362 0.695669
1779360525.641380 -24.355341 7.789589 0.316827 -0.002334 -0.006882 -0.718373 0.695620
1779360525.655398 -24.359022 7.726407 0.323180 -0.017453 -0.007480 -0.719692 0.694034
1779360525.718580 -24.358768 7.669250 0.310474 -0.007258 0.008232 -0.720915 0.692937
1779360525.843279 -24.366600 7.609162 0.309893 0.003139 0.010502 -0.724318 0.689379
1779360525.850146 -24.367781 7.550646 0.312711 -0.008724 0.007081 -0.724081 0.689623
1779360525.878470 -24.370050 7.484650 0.305865 -0.013875 0.000173 -0.722178 0.691568
1779360525.920747 -24.372276 7.466920 0.304420 -0.010240 0.006882 -0.720980 0.692846
1779360526.148067 -24.375668 7.411680 0.312116 -0.003633 -0.001179 -0.719606 0.694372
1779360526.151899 -24.376942 7.353235 0.317100 -0.011254 -0.001502 -0.720480 0.693383
1779360526.154387 -24.382097 7.284616 0.308850 -0.014246 0.003720 -0.720513 0.693286
1779360526.184018 -24.382950 7.241186 0.313549 -0.004612 0.014150 -0.723024 0.690663
1779360526.191564 -24.384962 7.180244 0.318939 -0.010225 0.013238 -0.724748 0.688812
1779360526.352057 -24.386259 7.117256 0.309899 -0.015311 0.009023 -0.722819 0.690809
1779360526.355296 -24.392076 7.023263 0.306180 -0.002926 0.005193 -0.720951 0.692960
1779360526.400780 -24.391960 6.972349 0.312912 -0.011023 0.002587 -0.722369 0.691415
1779360526.552288 -24.398939 6.905084 0.318347 -0.019475 0.001426 -0.722892 0.690685
1779360526.636780 -24.400471 6.860478 0.309534 0.001889 0.008138 -0.723862 0.689894
1779360526.642210 -24.405809 6.738907 0.312790 -0.005269 0.007081 -0.723826 0.689927
1779360526.668049 -24.405354 6.667312 0.305399 -0.003298 0.010941 -0.723282 0.690458
1779360526.815221 -24.414562 6.620516 0.308972 0.004310 0.002849 -0.722704 0.691138
1779360526.844706 -24.418209 6.561774 0.318184 -0.001805 0.000532 -0.733595 0.679584
1779360526.847982 -24.425970 6.498874 0.327253 -0.018486 0.013807 -0.753663 0.656856
1779360526.896989 -24.437010 6.449936 0.309726 0.004542 -0.005437 -0.778850 0.627170
1779360527.037289 -24.440325 6.405667 0.310811 -0.003410 0.001336 -0.801440 0.598065
1779360527.041570 -24.454144 6.357272 0.306105 -0.007227 -0.007280 -0.815849 0.578175
1779360527.072270 -24.471832 6.298022 0.299411 -0.012331 -0.010949 -0.827688 0.560947
1779360527.094923 -24.476477 6.292418 0.302380 0.011126 -0.016964 -0.834861 0.550087
1779360527.153995 -24.493324 6.241473 0.311396 0.021812 -0.014566 -0.842045 0.538769
1779360527.287898 -24.522118 6.187728 0.316491 0.013088 -0.004139 -0.851395 0.524345
1779360527.301032 -24.545296 6.152091 0.308022 0.026304 -0.022683 -0.855313 0.516946
1779360527.317126 -24.568264 6.098306 0.313075 0.010301 -0.009254 -0.863461 0.504226
1779360527.368074 -24.596819 6.050690 0.318326 -0.001923 -0.006871 -0.867026 0.498212
1779360527.551764 -24.631821 5.988090 0.308996 -0.005234 -0.003958 -0.870681 0.491804
1779360527.559605 -24.656744 5.946005 0.320441 0.009274 -0.005387 -0.872789 0.487980
1779360527.596323 -24.689173 5.893711 0.324110 -0.003788 0.004315 -0.875187 0.483752
1779360527.633661 -24.713730 5.860613 0.307200 0.008129 -0.010220 -0.876829 0.480624
1779360527.688350 -24.739347 5.817846 0.306149 0.000721 0.000942 -0.879778 0.475384
1779360527.738144 -24.770245 5.770879 0.310394 -0.013693 -0.000145 -0.880031 0.474718
1779360527.820277 -24.802048 5.720656 0.314442 -0.021885 -0.004457 -0.879642 0.475112
1779360527.844538 -24.831419 5.681717 0.306494 -0.009016 -0.003296 -0.879863 0.475131
1779360527.899965 -24.867111 5.616262 0.311255 0.004045 -0.006902 -0.879881 0.475127
1779360527.962340 -24.897207 5.569369 0.315693 -0.000098 -0.003142 -0.881603 0.471982
1779360528.004514 -24.925360 5.512609 0.296558 -0.005250 0.005761 -0.879884 0.475125
1779360528.058317 -24.946348 5.476235 0.306106 -0.003622 0.008093 -0.871640 0.490066
1779360528.126621 -24.978256 5.420391 0.315989 -0.010088 0.010436 -0.858912 0.511917
1779360528.164672 -25.003342 5.363095 0.315886 -0.017027 0.007631 -0.844750 0.534836
1779360528.221016 -25.020344 5.311348 0.313747 -0.028509 0.018511 -0.834282 0.550290
1779360528.270446 -25.047504 5.259953 0.313831 -0.017794 0.006626 -0.822992 0.567735
1779360528.330437 -25.062141 5.211193 0.313833 -0.027872 0.008637 -0.814015 0.580111
1779360528.390005 -25.080954 5.154420 0.290169 -0.033346 0.010539 -0.805222 0.591942
1779360528.431940 -25.070288 5.182031 0.297786 -0.016345 0.024125 -0.802628 0.595767
1779360528.482867 -25.087219 5.126078 0.306402 -0.019808 0.021191 -0.799118 0.600474
1779360528.537065 -25.101040 5.066772 0.308835 -0.028988 0.015227 -0.792306 0.609244
1779360528.592334 -25.118916 5.005249 0.304333 -0.022831 0.016501 -0.787910 0.615146
1779360528.646585 -25.125652 4.967378 0.309712 -0.012615 0.009700 -0.781316 0.623933
1779360528.704254 -25.137110 4.911047 0.315219 -0.016886 0.007481 -0.779427 0.626221
1779360528.749907 -25.140209 4.862829 0.287435 -0.024640 0.010333 -0.778373 0.627233
1779360528.816171 -25.143188 4.838335 0.303002 -0.012214 0.008909 -0.776388 0.630074
1779360528.855560 -25.153660 4.789326 0.309775 -0.005627 -0.000342 -0.775115 0.631795
1779360528.908730 -25.160925 4.734396 0.315074 -0.017783 -0.002054 -0.772344 0.634952
1779360528.969641 -25.170706 4.676189 0.316462 -0.025584 -0.008921 -0.768749 0.638977
1779360529.063154 -25.183527 4.613526 0.308313 0.001275 -0.005427 -0.766028 0.642783
1779360529.068926 -25.190516 4.556919 0.314071 0.000959 -0.000116 -0.765390 0.643567
1779360529.123721 -25.200619 4.499352 0.317587 -0.006848 -0.001268 -0.765449 0.643458
1779360529.175086 -25.215471 4.430938 0.307512 -0.015252 0.003284 -0.765118 0.643701
1779360529.243947 -25.220842 4.399594 0.309639 -0.002812 0.005992 -0.766270 0.642485
1779360529.288838 -25.231325 4.335271 0.311794 -0.010975 0.004764 -0.765608 0.643196
1779360529.348659 -25.241117 4.270306 0.314610 -0.019243 0.001648 -0.763415 0.645619
1779360529.387858 -25.248941 4.211839 0.308039 -0.012270 0.010230 -0.763045 0.646148
1779360529.444204 -25.257627 4.178977 0.302826 0.002561 0.001481 -0.757633 0.652674
1779360529.495966 -25.268917 4.130268 0.310430 0.005636 -0.018195 -0.755279 0.655127
1779360529.547465 -25.267097 4.080285 0.280735 -0.016705 -0.006262 -0.758201 0.651777
1779360529.601443 -25.261539 4.038927 0.297328 -0.017039 0.014698 -0.758850 0.650876
1779360529.667033 -25.272259 3.990438 0.308086 -0.008769 0.020769 -0.761190 0.648137
1779360529.708940 -25.280571 3.926649 0.312773 -0.014678 0.022476 -0.759325 0.650158
1779360529.762249 -25.290911 3.864582 0.290970 -0.017668 0.014253 -0.757714 0.652192
1779360529.816287 -25.300390 3.859017 0.300308 -0.010696 0.011099 -0.756456 0.653863
1779360529.867980 -25.308676 3.801647 0.306637 0.000006 0.001570 -0.756613 0.653861
1779360529.932531 -25.307978 3.743263 0.293851 -0.011412 0.008550 -0.758460 0.651563
1779360529.977839 -25.326191 3.686350 0.279180 -0.001486 -0.028921 -0.753872 0.656383
1779360530.030364 -25.323551 3.636722 0.286631 -0.009122 -0.021799 -0.759504 0.650073
1779360530.082155 -25.333244 3.587541 0.301347 -0.016918 -0.030792 -0.759985 0.648990
1779360530.164914 -25.339615 3.532387 0.311466 -0.030909 -0.033749 -0.759202 0.649244
1779360530.187838 -25.348721 3.471812 0.310408 -0.027734 -0.030024 -0.759348 0.649400
1779360530.282725 -25.352568 3.464998 0.301742 -0.011176 -0.028269 -0.756963 0.652750
1779360530.305782 -25.361208 3.397809 0.306685 -0.014600 -0.024376 -0.758806 0.650696
1779360530.361624 -25.374208 3.332380 0.315475 -0.025433 -0.023711 -0.759417 0.649674
1779360530.419429 -25.381063 3.290342 0.308859 -0.010319 -0.002682 -0.761171 0.648464
1779360530.464093 -25.392509 3.227957 0.311220 -0.003923 -0.001041 -0.761292 0.648396
1779360530.522836 -25.400675 3.165541 0.314008 -0.012722 -0.003568 -0.758965 0.650997
1779360530.586287 -25.412584 3.095886 0.299307 -0.013095 -0.004313 -0.757343 0.652872
1779360530.660551 -25.418329 3.100038 0.306494 -0.004051 -0.000393 -0.756229 0.654295
1779360530.685839 -25.428015 3.040604 0.313644 -0.004866 -0.004960 -0.756132 0.654383
1779360530.734002 -25.437485 2.978296 0.317922 -0.017595 -0.004236 -0.757359 0.652748
1779360530.792774 -25.447014 2.921700 0.311041 -0.010248 0.004648 -0.757932 0.652237
1779360530.841005 -25.454027 2.867378 0.310967 -0.005596 0.008643 -0.760964 0.648713
1779360530.895224 -25.460222 2.808836 0.312782 -0.019388 0.006164 -0.760556 0.648953
1779360530.948200 -25.469418 2.742229 0.302960 -0.026038 -0.000532 -0.757981 0.651756
1779360531.000774 -25.483454 2.698454 0.305625 -0.006102 0.000968 -0.756831 0.653582
1779360531.077266 -25.490124 2.627487 0.312188 0.002895 -0.002991 -0.755507 0.655128
1779360531.111307 -25.497147 2.567564 0.317367 -0.008567 0.001251 -0.757656 0.652597
1779360531.170806 -25.510750 2.498486 0.304727 -0.012612 0.007783 -0.754351 0.656304
1779360531.221360 -25.511793 2.516134 0.306860 -0.006324 0.012320 -0.742918 0.669240
1779360531.275315 -25.516474 2.453754 0.317176 -0.016104 0.017030 -0.723523 0.689902
1779360531.337985 -25.508207 2.389991 0.309328 -0.016974 0.013861 -0.697507 0.716243
1779360531.380784 -25.505651 2.341551 0.310340 -0.028414 0.015465 -0.675918 0.736266
1779360531.430600 -25.504669 2.288579 0.313227 -0.018946 0.016689 -0.655376 0.754881
1779360531.513906 -25.486038 2.245260 0.289337 -0.034009 0.025564 -0.638220 0.768677
1779360531.541303 -25.497757 2.241337 0.296826 -0.017798 0.008273 -0.620385 0.784052
1779360531.592080 -25.485359 2.200552 0.307950 -0.019397 0.017797 -0.610123 0.791869
1779360531.644339 -25.479046 2.154789 0.314522 -0.013565 0.018772 -0.597803 0.801308
1779360531.704772 -25.469801 2.109225 0.314232 -0.006069 0.016517 -0.586819 0.809527
1779360531.753902 -25.452991 2.064636 0.312507 -0.015829 0.019436 -0.579452 0.814621
1779360531.808580 -25.448242 2.027261 0.311533 -0.011857 0.007559 -0.573527 0.819066
1779360531.963082 -25.433842 1.993731 0.315360 -0.016222 0.003188 -0.569627 0.821737
1779360531.973363 -25.415617 1.951126 0.315998 -0.025534 0.002758 -0.565600 0.824280
1779360531.998007 -25.399830 1.901973 0.310726 -0.019066 0.002503 -0.560166 0.828157
1779360532.021169 -25.380606 1.874179 0.311851 -0.023093 0.009099 -0.559626 0.828374
1779360532.174094 -25.369247 1.842822 0.314466 -0.021198 0.010206 -0.561369 0.827231
1779360532.236014 -25.358343 1.814370 0.313539 -0.016382 0.011034 -0.565842 0.824277
1779360532.238111 -25.346294 1.777544 0.308167 -0.007734 0.017304 -0.579684 0.814621
1779360532.272727 -25.338717 1.751329 0.304795 -0.017748 0.019821 -0.595807 0.802687
1779360532.292308 -25.333025 1.729594 0.302624 -0.026537 0.017527 -0.615293 0.787657
1779360532.371265 -25.331797 1.720340 0.307296 -0.013289 0.009804 -0.637023 0.770668
1779360532.434309 -25.329779 1.709254 0.313371 -0.008054 0.004606 -0.661806 0.749618
1779360532.469301 -25.328104 1.694897 0.315889 -0.005071 0.001440 -0.690578 0.723239
1779360532.513879 -25.327967 1.682615 0.316518 -0.004984 0.002689 -0.719517 0.694452
1779360532.675065 -25.328173 1.670560 0.316919 -0.010112 0.005637 -0.744668 0.667335
1779360532.683384 -25.331621 1.657473 0.318849 -0.017944 0.008391 -0.770183 0.637515
1779360532.706453 -25.332272 1.642699 0.319876 -0.026351 0.024496 -0.795993 0.604236
1779360532.729884 -25.334827 1.625518 0.317327 -0.030442 0.042815 -0.821620 0.567610
1779360532.773739 -25.340261 1.609818 0.313495 -0.032433 0.054340 -0.843634 0.533176
1779360532.922565 -25.353733 1.592446 0.310955 -0.025074 0.049174 -0.862378 0.503247
1779360532.947219 -25.366928 1.575819 0.308023 -0.015577 0.036704 -0.876274 0.480161
1779360532.952645 -25.385077 1.554349 0.304467 -0.004160 0.026714 -0.888959 0.457188
1779360532.984622 -25.401215 1.534410 0.297803 -0.004927 0.016445 -0.897468 0.440746
1779360533.155144 -25.417854 1.521024 0.303983 -0.001522 0.004486 -0.904589 0.426258
1779360533.164101 -25.434618 1.503576 0.306747 -0.002443 -0.007629 -0.912696 0.408560
1779360533.188469 -25.453358 1.485674 0.307113 -0.004772 -0.014620 -0.918866 0.394271
1779360533.202788 -25.476019 1.463457 0.305291 -0.010526 -0.016609 -0.923576 0.382910
1779360533.255831 -25.494432 1.439075 0.303994 -0.007852 0.008256 -0.928062 0.372253
1779360533.411706 -25.515272 1.420933 0.305906 -0.002908 0.001603 -0.930636 0.365932
1779360533.425927 -25.527533 1.404738 0.309947 -0.007957 0.001693 -0.932219 0.361803
1779360533.451396 -25.548725 1.384748 0.309567 -0.011325 0.002265 -0.933767 0.357696
1779360533.474571 -25.568933 1.363268 0.308325 -0.016287 0.003018 -0.934979 0.354317
1779360533.622295 -25.592382 1.340539 0.306896 -0.015453 0.003701 -0.935507 0.352952
1779360533.653502 -25.617054 1.320120 0.304731 -0.008546 0.002315 -0.935756 0.352538
1779360533.654706 -25.641418 1.301075 0.302335 -0.009604 0.005918 -0.936361 0.350858
1779360533.689353 -25.660397 1.285549 0.307345 -0.012162 0.000984 -0.937213 0.348544
1779360533.738012 -25.680607 1.266654 0.308701 -0.011349 -0.005810 -0.938558 0.344886
1779360533.888454 -25.706778 1.243030 0.308902 -0.015427 -0.002385 -0.940075 0.340610
1779360533.896644 -25.738876 1.216870 0.309067 -0.017177 -0.000586 -0.940535 0.339263
1779360533.905108 -25.766739 1.194080 0.307960 -0.010321 0.009950 -0.942236 0.334642
1779360534.110357 -25.791611 1.169930 0.311803 -0.009846 0.010651 -0.943015 0.332434
1779360534.116371 -25.829756 1.138537 0.312112 -0.012703 0.010131 -0.942491 0.333837
1779360534.136064 -25.864494 1.106003 0.311847 -0.019172 0.008836 -0.941819 0.335456
1779360534.150699 -25.905569 1.066898 0.310519 -0.018609 0.003809 -0.941234 0.337222
1779360534.193513 -25.944880 1.034861 0.310740 0.000603 0.004584 -0.940513 0.339725
1779360534.231425 -25.984196 1.001425 0.316167 -0.000283 -0.002628 -0.940358 0.340176
1779360534.379040 -26.025383 0.967378 0.319586 -0.007599 0.004373 -0.942960 0.332792
1779360534.390918 -26.074556 0.938057 0.315980 -0.001701 -0.001689 -0.948750 0.316018
1779360534.391918 -26.095955 0.916562 0.319397 0.000800 -0.004376 -0.959482 0.281734
1779360534.460047 -26.129877 0.888838 0.314890 -0.007889 0.006612 -0.967288 0.253471
1779360534.620075 -26.179392 0.858666 0.307297 -0.018856 0.003444 -0.971691 0.235476
1779360534.621701 -26.230307 0.837789 0.299990 -0.008750 -0.000668 -0.973699 0.227671
1779360534.642280 -26.255472 0.826770 0.303712 0.011093 -0.010256 -0.972781 0.231232
1779360534.660641 -26.286757 0.808822 0.307531 0.011376 -0.009308 -0.971510 0.236541
1779360534.714698 -26.323112 0.785472 0.309343 0.002536 -0.003395 -0.969135 0.246496
1779360534.839076 -26.363901 0.760141 0.301551 0.000636 0.007358 -0.963957 0.265955
1779360534.842953 -26.392384 0.738295 0.306055 0.002957 0.017389 -0.957436 0.288108
1779360534.879409 -26.419067 0.717570 0.313283 -0.002995 0.019289 -0.950132 0.311238
1779360534.923682 -26.446318 0.693411 0.318094 -0.012376 0.029734 -0.939822 0.340143
1779360535.111629 -26.479033 0.663571 0.315781 -0.017051 0.029955 -0.926980 0.373524
1779360535.120140 -26.505640 0.640418 0.314709 -0.012587 0.031168 -0.912161 0.408452
1779360535.121493 -26.529222 0.618930 0.318721 -0.010652 0.025161 -0.896140 0.442929
1779360535.145472 -26.545321 0.591914 0.318849 -0.017277 0.027946 -0.877901 0.477714
1779360535.194984 -26.564302 0.557106 0.316968 -0.024301 0.024814 -0.858925 0.510922
1779360535.351534 -26.580364 0.528526 0.288005 -0.035906 0.009589 -0.844261 0.534643
1779360535.355922 -26.589190 0.503424 0.292714 -0.044952 0.009005 -0.832814 0.551651
1779360535.399193 -26.599388 0.478215 0.297849 -0.052698 0.003401 -0.820248 0.569566
1779360535.405791 -26.609373 0.448168 0.301531 -0.059293 -0.000383 -0.807248 0.587227
1779360535.592234 -26.617743 0.414392 0.304110 -0.058545 -0.006185 -0.791710 0.608055
1779360535.623148 -26.630205 0.377735 0.298190 -0.048472 -0.014959 -0.775159 0.629726
1779360535.626903 -26.635002 0.352976 0.301803 -0.057256 -0.010313 -0.763190 0.643550
1779360535.644194 -26.641966 0.326332 0.309297 -0.059308 -0.022892 -0.751116 0.657102
1779360535.670687 -26.642254 0.300223 0.312937 -0.070027 -0.022216 -0.740302 0.668248
1779360535.815504 -26.642181 0.268642 0.316329 -0.077750 -0.017908 -0.724323 0.684829
1779360535.833970 -26.639080 0.238854 0.321406 -0.077538 -0.002532 -0.708504 0.701430
1779360535.843557 -26.637140 0.210606 0.300768 -0.080805 0.010674 -0.691893 0.717385
1779360535.901436 -26.630917 0.188675 0.300602 -0.080735 0.015002 -0.670261 0.737568
1779360536.045321 -26.623474 0.157979 0.299913 -0.086242 0.020443 -0.645277 0.758790
1779360536.049773 -26.613781 0.129764 0.301836 -0.069470 0.021054 -0.614436 0.785621
1779360536.071570 -26.600847 0.104071 0.303415 -0.048380 0.023344 -0.581928 0.811464
1779360536.094348 -26.586945 0.081724 0.300859 -0.022653 0.023800 -0.548542 0.835477
1779360536.147385 -26.576612 0.064492 0.300232 -0.026639 0.023626 -0.518955 0.854060
1779360536.301769 -26.566036 0.053081 0.292742 -0.063138 0.015511 -0.491864 0.868242
1779360536.305858 -26.552008 0.034120 0.305131 -0.060850 0.006836 -0.453303 0.889251
1779360536.333166 -26.531832 0.020736 0.303981 -0.076385 0.004676 -0.419689 0.904436
1779360536.345376 -26.518732 0.008144 0.287329 -0.083152 -0.015688 -0.382480 0.920081
1779360536.488725 -26.507330 0.002833 0.294992 -0.062112 -0.022503 -0.359866 0.930662
1779360536.535713 -26.485792 -0.000659 0.288392 -0.063487 -0.022637 -0.331226 0.941141
1779360536.542272 -26.461639 -0.003467 0.289197 -0.079805 -0.028244 -0.291612 0.952783
1779360536.582200 -26.436453 -0.014053 0.291852 -0.058815 -0.034710 -0.251206 0.965521
1779360536.615748 -26.405354 -0.024195 0.296944 -0.041201 -0.017026 -0.209476 0.976797
1779360536.679357 -26.380259 -0.036093 0.301808 -0.038150 -0.014297 -0.179761 0.982866
1779360536.718932 -26.355045 -0.043290 0.301971 -0.020487 -0.022101 -0.153574 0.987678
1779360536.773252 -26.324062 -0.048901 0.301776 -0.013354 -0.016821 -0.133057 0.990876
1779360536.824193 -26.296703 -0.050249 0.305895 -0.015438 -0.002209 -0.119071 0.992763
1779360536.879797 -26.267475 -0.051905 0.306920 -0.013330 0.005752 -0.103727 0.994500
1779360536.939422 -26.238398 -0.052118 0.306057 -0.021754 0.002959 -0.090906 0.995618
1779360536.984723 -26.211987 -0.053205 0.310795 -0.019638 0.005798 -0.078833 0.996678
1779360537.114196 -26.185707 -0.054616 0.310638 -0.026057 0.003104 -0.070132 0.997193
1779360537.116191 -26.155130 -0.055484 0.308625 -0.030202 -0.001047 -0.071027 0.997017
1779360537.151148 -26.123077 -0.058755 0.305583 -0.027519 -0.006780 -0.075858 0.996716
1779360537.204784 -26.092127 -0.064527 0.304373 -0.010145 0.003480 -0.075441 0.997093
1779360537.253353 -26.066887 -0.068271 0.308965 -0.015234 0.000388 -0.075595 0.997022
1779360537.311796 -26.041811 -0.076181 0.311399 -0.006148 -0.009245 -0.078628 0.996842
1779360537.362554 -26.012043 -0.084825 0.310632 0.002076 -0.017442 -0.083573 0.996347
1779360537.415094 -25.979811 -0.094616 0.307601 0.008332 -0.029738 -0.087760 0.995663
1779360537.475692 -25.937197 -0.100871 0.310639 -0.010466 -0.012492 -0.099076 0.994946
1779360537.522454 -25.904682 -0.107127 0.310344 -0.006217 0.000244 -0.103400 0.994620
1779360537.590496 -25.860411 -0.115479 0.311949 -0.009130 -0.003313 -0.104933 0.994432
1779360537.630029 -25.814291 -0.121649 0.312680 -0.015341 -0.010149 -0.103951 0.994412
1779360537.684326 -25.758213 -0.129188 0.308281 -0.015871 -0.015862 -0.102678 0.994462
1779360537.745623 -25.708090 -0.146155 0.305035 0.015926 0.014079 -0.099390 0.994821
1779360537.810907 -25.662170 -0.150966 0.303290 0.021536 0.050462 -0.098580 0.993616
1779360537.845576 -25.606953 -0.162576 0.299048 0.021826 0.065060 -0.098618 0.992757
1779360537.903714 -25.558426 -0.166428 0.304870 0.008789 0.090958 -0.100320 0.990750
1779360537.952383 -25.500454 -0.182595 0.306294 0.007399 0.104584 -0.109096 0.988486
1779360538.008532 -25.450714 -0.193515 0.315459 -0.003117 0.098235 -0.107937 0.989288
1779360538.057470 -25.392668 -0.209526 0.290976 -0.003065 0.088260 -0.104717 0.990573
1779360538.109907 -25.346434 -0.216700 0.289416 -0.035576 0.057013 -0.106402 0.992050
1779360538.175382 -25.299690 -0.234506 0.307197 -0.007809 0.047931 -0.101189 0.993681
1779360538.226613 -25.248571 -0.243003 0.312377 -0.019941 0.032344 -0.103381 0.993916
1779360538.292772 -25.190918 -0.264646 0.307282 -0.007630 0.026928 -0.103014 0.994286
1779360538.343504 -25.147495 -0.266914 0.309036 -0.017061 0.019958 -0.104754 0.994151
1779360538.395879 -25.095991 -0.278544 0.313538 -0.027189 0.011222 -0.103023 0.994244
1779360538.458443 -25.040298 -0.289675 0.314455 -0.027518 -0.004033 -0.100068 0.994592
1779360538.498021 -24.973696 -0.301841 0.308996 -0.020502 0.002096 -0.098460 0.994928
1779360538.610375 -24.930395 -0.308989 0.312083 -0.005458 0.010643 -0.095347 0.995372
1779360538.681111 -24.875788 -0.319418 0.317131 -0.006076 0.007021 -0.095847 0.995353
1779360538.682581 -24.813437 -0.332846 0.319926 -0.018181 -0.000118 -0.097056 0.995113
1779360538.705417 -24.773499 -0.341572 0.312052 -0.013114 0.011831 -0.098051 0.995025
1779360538.754644 -24.713865 -0.350292 0.312774 -0.014630 0.013840 -0.099756 0.994808
1779360538.805593 -24.659472 -0.360492 0.313736 -0.018642 0.005132 -0.097341 0.995063
1779360538.948580 -24.591330 -0.374523 0.303772 -0.016755 0.000286 -0.094140 0.995418
1779360538.953114 -24.561245 -0.383996 0.307757 -0.010073 0.010746 -0.092182 0.995633
1779360538.994434 -24.496584 -0.397497 0.314644 -0.001844 0.008013 -0.092238 0.995703
1779360539.033164 -24.441299 -0.400332 0.301943 -0.011326 0.000535 -0.094075 0.995501
1779360539.097803 -24.393909 -0.415642 0.306308 0.003022 0.005077 -0.092733 0.995674
1779360539.137244 -24.350485 -0.414870 0.311805 -0.008409 0.007283 -0.097745 0.995149
1779360539.203705 -24.296381 -0.423360 0.316613 -0.015043 -0.002391 -0.096753 0.995192
1779360539.243806 -24.236063 -0.432778 0.317365 -0.017166 -0.014472 -0.093856 0.995333
1779360539.302267 -24.177773 -0.445836 0.310993 0.005401 0.000872 -0.090681 0.995865
1779360539.348949 -24.123878 -0.450030 0.312858 0.007240 0.013809 -0.088982 0.995911
1779360539.404248 -24.067926 -0.459536 0.316762 0.001540 0.008851 -0.090560 0.995850
1779360539.456544 -24.007917 -0.464099 0.299000 -0.013155 0.009680 -0.092068 0.995619
1779360539.544982 -23.968699 -0.472195 0.306315 -0.003522 0.009794 -0.092711 0.995639
1779360539.565481 -23.914476 -0.482477 0.312884 -0.006380 0.003742 -0.092401 0.995694
1779360539.621713 -23.859924 -0.491572 0.314006 -0.012247 -0.004458 -0.089514 0.995900
1779360539.672893 -23.788897 -0.500916 0.309834 -0.013328 0.000333 -0.089574 0.995891
1779360539.728505 -23.778294 -0.508701 0.312977 -0.005119 0.005651 -0.086459 0.996226
1779360539.791323 -23.723675 -0.519297 0.317791 -0.001034 -0.000392 -0.087487 0.996165
1779360539.837512 -23.662680 -0.532846 0.321950 -0.008414 -0.009823 -0.089234 0.995927
1779360539.888420 -23.614876 -0.540450 0.313196 -0.010019 0.008478 -0.090686 0.995793
1779360539.944798 -23.552515 -0.556928 0.313916 -0.003486 0.008121 -0.094728 0.995464
1779360539.993139 -23.497896 -0.566094 0.316265 -0.012179 -0.003057 -0.093592 0.995531
1779360540.060017 -23.429174 -0.580452 0.306000 -0.010671 -0.004255 -0.092708 0.995627
1779360540.122499 -23.376112 -0.591999 0.311757 -0.005348 -0.001205 -0.089362 0.995984
1779360540.161543 -23.322224 -0.601982 0.318185 -0.000692 -0.008464 -0.089332 0.995966
1779360540.235937 -23.262651 -0.615126 0.324206 -0.010772 -0.018161 -0.091443 0.995586
1779360540.300860 -23.206129 -0.626678 0.312097 -0.002452 0.000684 -0.092289 0.995729
1779360540.357907 -23.147108 -0.637845 0.312413 -0.001941 0.001927 -0.093289 0.995635
1779360540.405370 -23.091824 -0.648443 0.314047 -0.005070 -0.005906 -0.091003 0.995820
1779360540.493025 -23.022444 -0.662513 0.304529 0.000475 -0.003828 -0.089326 0.995995
1779360540.499030 -22.992197 -0.667184 0.307914 0.003062 0.001243 -0.086242 0.996269
1779360540.545160 -22.941454 -0.678982 0.314831 0.006166 -0.006400 -0.085580 0.996292
1779360540.604038 -22.886095 -0.689436 0.318628 -0.003561 -0.019359 -0.089342 0.995807
1779360540.651258 -22.825178 -0.704071 0.310255 -0.006771 -0.016935 -0.091821 0.995609
1779360540.726810 -22.779499 -0.712075 0.311646 -0.009992 0.009337 -0.094205 0.995459
1779360540.765876 -22.721605 -0.722844 0.314154 -0.011556 0.004395 -0.094850 0.995415
1779360540.824707 -22.660561 -0.733302 0.314851 -0.013762 -0.005820 -0.093037 0.995551
1779360540.866094 -22.600527 -0.750222 0.309134 -0.006396 -0.003822 -0.103014 0.994652
1779360540.917347 -22.540890 -0.761199 0.312882 0.006009 0.003249 -0.123818 0.992281
1779360540.976678 -22.483738 -0.779133 0.317980 -0.002253 -0.002688 -0.157750 0.987473
1779360541.034559 -22.429205 -0.804831 0.305503 -0.011662 -0.000139 -0.187060 0.982279
1779360541.081103 -22.396788 -0.826023 0.310422 0.011183 -0.009849 -0.212588 0.977028
1779360541.136100 -22.335823 -0.843824 0.313792 0.001721 -0.012921 -0.237075 0.971404
1779360541.190225 -22.282196 -0.868151 0.315904 -0.002597 -0.025052 -0.250723 0.967731
1779360541.261120 -22.239723 -0.898631 0.301154 0.019454 -0.019615 -0.260668 0.965033
1779360541.290316 -22.178188 -0.928892 0.311374 0.032873 -0.000486 -0.266154 0.963370
1779360541.349482 -22.132847 -0.958778 0.319233 0.027684 -0.006631 -0.277188 0.960394
1779360541.403419 -22.084629 -0.997881 0.323864 0.016666 -0.011862 -0.287775 0.957480
1779360541.452898 -22.049301 -1.026175 0.310826 0.025368 -0.001044 -0.296175 0.954796
1779360541.502670 -22.000956 -1.060728 0.311999 0.014729 -0.001471 -0.303079 0.952850
1779360541.557240 -21.951950 -1.097484 0.314500 0.003304 -0.009391 -0.306595 0.951788
1779360541.619250 -21.892748 -1.131994 0.306485 -0.009545 -0.003567 -0.311045 0.950341
1779360541.665643 -21.891819 -1.139392 0.308805 0.002359 -0.005008 -0.311065 0.950373
1779360541.734199 -21.844896 -1.172865 0.314606 0.003075 -0.007869 -0.314458 0.949234
1779360541.767648 -21.797047 -1.208712 0.319932 -0.008754 -0.011502 -0.318939 0.947665
1779360541.825447 -21.755501 -1.235353 0.310782 0.001958 -0.003012 -0.332289 0.943171
1779360541.903697 -21.712420 -1.267487 0.313830 -0.003680 -0.008090 -0.357805 0.933754
1779360541.935339 -21.668447 -1.301974 0.315059 -0.023183 -0.018724 -0.385035 0.922421
1779360541.998236 -21.621527 -1.344446 0.296831 -0.032158 -0.036415 -0.410861 0.910403
1779360542.033822 -21.594803 -1.393875 0.300272 0.030886 -0.022668 -0.421140 0.906186
1779360542.097920 -21.558212 -1.428281 0.311939 0.026414 -0.010956 -0.440049 0.897518
1779360542.166784 -21.525793 -1.472803 0.319645 0.013785 -0.014394 -0.458778 0.888327
1779360542.197071 -21.495821 -1.529010 0.314017 0.010841 -0.011536 -0.473895 0.880439
1779360542.288837 -21.474316 -1.560247 0.311363 0.021602 -0.003637 -0.486541 0.873383
1779360542.305968 -21.442173 -1.611864 0.312754 0.010975 -0.014249 -0.496583 0.867803
1779360542.384610 -21.411695 -1.665023 0.315403 0.000520 -0.021933 -0.502360 0.864380
1779360542.415143 -21.387274 -1.718449 0.308320 0.010163 -0.015892 -0.507695 0.861331
1779360542.469368 -21.363186 -1.760186 0.313535 0.018422 -0.011326 -0.509855 0.859988
1779360542.528654 -21.336824 -1.810216 0.319056 0.012611 -0.011996 -0.516279 0.856243
1779360542.578030 -21.308432 -1.872284 0.310544 0.002363 -0.007248 -0.521601 0.853155
1779360542.631222 -21.304621 -1.887411 0.309866 0.008084 -0.002952 -0.526578 0.850083
1779360542.681432 -21.277639 -1.939373 0.313537 -0.000413 -0.005955 -0.529643 0.848200
1779360542.732761 -21.250477 -1.994810 0.315951 -0.007918 -0.010757 -0.529577 0.848157
1779360542.793806 -21.222904 -2.060354 0.310554 0.000282 -0.000763 -0.531042 0.847345
1779360542.834058 -21.237879 -2.054895 0.310605 0.032651 0.025257 -0.529944 0.847027
1779360542.892329 -21.215723 -2.099615 0.328427 0.042075 0.037676 -0.524428 0.849580
1779360542.943136 -21.185310 -2.149092 0.306861 0.042788 0.049547 -0.515195 0.854569
1779360543.000825 -21.173962 -2.189841 0.308409 0.063354 0.029619 -0.497564 0.864604
1779360543.044906 -21.152220 -2.220461 0.308677 0.054876 0.010553 -0.483862 0.873359
1779360543.097335 -21.149845 -2.247642 0.299412 0.056450 0.008086 -0.462450 0.884810
1779360543.223672 -21.126665 -2.274898 0.297699 0.026313 0.004424 -0.445273 0.894997
1779360543.225154 -21.117355 -2.300992 0.302757 0.036230 -0.018549 -0.434853 0.899581
1779360543.258130 -21.099106 -2.321017 0.299980 0.032796 -0.017797 -0.427471 0.903259
1779360543.310567 -21.085579 -2.339210 0.300925 0.020817 -0.022030 -0.414726 0.909441
1779360543.376450 -21.063198 -2.362267 0.304761 0.005790 -0.020452 -0.406001 0.913625
1779360543.446722 -21.042412 -2.389117 0.304791 -0.003149 -0.014377 -0.396240 0.918029
1779360543.475028 -21.014561 -2.405875 0.304331 -0.018081 -0.000939 -0.392495 0.919576
1779360543.600807 -20.993546 -2.423180 0.307802 -0.019215 0.002427 -0.384464 0.922937
1779360543.604184 -20.973812 -2.441105 0.308227 -0.020436 -0.000099 -0.376879 0.926037
1779360543.673085 -20.947142 -2.459899 0.308340 -0.025484 -0.001714 -0.369105 0.929037
1779360543.693053 -20.919308 -2.482292 0.307331 -0.024641 -0.007160 -0.363088 0.931402
1779360543.741447 -20.892876 -2.506145 0.302666 -0.010334 -0.007302 -0.356783 0.934102
1779360543.794273 -20.867472 -2.526063 0.304440 -0.020590 -0.005155 -0.353177 0.935316
1779360543.851153 -20.843525 -2.548614 0.308066 -0.015492 -0.017389 -0.352433 0.935547
1779360543.901234 -20.814514 -2.572017 0.309780 -0.017816 -0.023307 -0.353993 0.934788
1779360543.957439 -20.784834 -2.599536 0.312005 -0.022423 -0.028599 -0.354815 0.934230
1779360544.007123 -20.746796 -2.630611 0.315153 -0.028292 -0.007730 -0.356934 0.933669
1779360544.066213 -20.715265 -2.659061 0.314428 -0.013093 -0.003132 -0.360480 0.932670
1779360544.138728 -20.680824 -2.689494 0.314686 -0.014630 -0.002688 -0.357956 0.933620
1779360544.169081 -20.642389 -2.722955 0.315560 -0.014608 -0.007743 -0.353065 0.935453
1779360544.226002 -20.594200 -2.761353 0.316127 -0.010034 -0.006811 -0.350328 0.936549
1779360544.279055 -20.564459 -2.790306 0.311263 0.001276 0.000232 -0.350237 0.936660
1779360544.357591 -20.525238 -2.827157 0.315416 0.004314 -0.004757 -0.363605 0.931531
1779360544.396348 -20.484985 -2.864578 0.318792 -0.008011 -0.006115 -0.378574 0.925516
1779360544.451901 -20.448788 -2.910793 0.310721 0.001685 -0.002871 -0.390613 0.920549
1779360544.489279 -20.409166 -2.940799 0.308490 -0.002714 0.005479 -0.401602 0.915794
1779360544.540030 -20.385057 -2.966211 0.309060 -0.005815 0.000474 -0.405114 0.914248
1779360544.629485 -20.327602 -3.024926 0.311341 -0.016149 -0.016461 -0.408610 0.912418
1779360544.661758 -20.281719 -3.075563 0.309165 -0.003437 -0.009986 -0.412689 0.910811
1779360544.745330 -20.241478 -3.113427 0.308202 -0.001359 -0.001596 -0.414515 0.910040
1779360544.815836 -20.205526 -3.152956 0.315275 0.000655 -0.007241 -0.420648 0.907195
1779360544.818494 -20.167757 -3.185439 0.287236 -0.011904 -0.000357 -0.425654 0.904808
1779360544.977753 -20.144966 -3.217352 0.303201 0.002365 -0.000885 -0.428986 0.903307
1779360544.980593 -20.108444 -3.258468 0.311736 -0.003513 0.003910 -0.435755 0.900050
1779360545.014831 -20.070921 -3.304289 0.315602 -0.008396 -0.004254 -0.435465 0.900157
1779360545.051012 -20.024914 -3.354928 0.304565 -0.009772 -0.004517 -0.436127 0.899821
1779360545.181325 -20.011753 -3.380331 0.302895 0.005629 -0.002615 -0.432836 0.901451
1779360545.220062 -19.975672 -3.426472 0.309505 0.002040 -0.012044 -0.436611 0.899567
1779360545.223146 -19.940929 -3.472422 0.315544 -0.009114 -0.018651 -0.441393 0.897074
1779360545.430919 -19.908121 -3.528067 0.305794 -0.003677 -0.014218 -0.442721 0.896539
1779360545.434250 -19.899828 -3.535410 0.303970 0.002981 -0.005246 -0.446525 0.894751
1779360545.446310 -19.860279 -3.590877 0.308335 -0.007968 -0.013621 -0.447141 0.894324
1779360545.447409 -19.821909 -3.641124 0.314673 -0.009667 -0.020354 -0.444355 0.895567
1779360545.474796 -19.803499 -3.663379 0.301198 -0.011887 -0.006936 -0.444025 0.895909
1779360545.519957 -19.773741 -3.708822 0.310476 0.006090 -0.015445 -0.443343 0.896198
1779360545.656621 -19.740721 -3.747376 0.316827 -0.005289 -0.017057 -0.446317 0.894697
1779360545.697953 -19.706015 -3.803535 0.322695 -0.010356 -0.018716 -0.447431 0.894063
1779360545.701859 -19.683340 -3.839010 0.310258 0.007929 -0.003384 -0.448415 0.893784
1779360545.728231 -19.649296 -3.885916 0.313756 0.004205 -0.005703 -0.451264 0.892363
1779360545.865913 -19.610653 -3.936631 0.316813 -0.004237 -0.012378 -0.449171 0.893350
1779360545.900589 -19.564806 -3.986446 0.307765 -0.011495 -0.007122 -0.449422 0.893217
1779360546.081373 -19.542139 -4.030301 0.311144 0.001189 -0.009587 -0.447286 0.894339
1779360546.088747 -19.508924 -4.071342 0.316587 -0.002697 -0.010176 -0.450128 0.892902
1779360546.351786 -19.471184 -4.125080 0.321576 -0.013935 -0.011608 -0.451394 0.892141
1779360546.478034 -19.455830 -4.144697 0.308224 -0.003967 0.000135 -0.452939 0.891533
1779360546.479733 -19.425924 -4.182932 0.310438 -0.006999 0.000718 -0.454265 0.890839
1779360547.406663 -19.349558 -4.279064 0.313851 -0.020365 -0.015064 -0.447489 0.893931
1779360547.410810 -19.328936 -4.316839 0.305643 0.005810 -0.006964 -0.444919 0.895525
1779360547.412030 -19.285902 -4.367316 0.310114 0.008074 0.005126 -0.444652 0.895653
1779360548.843713 -19.254957 -4.409700 0.315633 0.008240 -0.001633 -0.446969 0.894510
1779360549.558609 -19.218975 -4.461662 0.299163 -0.005643 -0.002517 -0.449297 0.893361
1779360549.566892 -19.102133 -4.614126 0.302970 -0.017533 0.016697 -0.449498 0.892953
1779360549.764385 -19.096792 -4.630036 0.302917 -0.007026 0.008461 -0.445726 0.895102
1779360549.769261 -19.064869 -4.662177 0.307981 -0.014549 0.006232 -0.446148 0.894819
1779360549.772747 -19.001844 -4.730240 0.284129 -0.016655 -0.012033 -0.445695 0.894949
1779360549.774348 -18.979593 -4.749241 0.300048 -0.023539 -0.010025 -0.444476 0.895425
1779360549.987404 -18.963736 -4.774498 0.303902 -0.018959 -0.008975 -0.441953 0.896793
1779360549.990910 -18.945171 -4.800441 0.305008 -0.013944 -0.005967 -0.440201 0.897771
1779360549.993997 -18.885447 -4.879961 0.305230 -0.009085 -0.014553 -0.437568 0.899022
1779360550.001594 -18.819023 -4.951909 0.307633 -0.020197 -0.002484 -0.442459 0.896558
1779360550.002221 -18.800478 -4.977748 0.293830 -0.011211 -0.012772 -0.440428 0.897627
1779360550.099916 -18.784693 -4.989684 0.299465 -0.018657 -0.004857 -0.441514 0.897047
1779360550.106234 -18.770943 -5.007149 0.304192 -0.016104 -0.005548 -0.440215 0.897731
1779360550.109080 -18.755852 -5.025365 0.306301 -0.017380 -0.005141 -0.439671 0.897976
1779360550.109681 -18.737835 -5.043938 0.307447 -0.022122 -0.006206 -0.439159 0.898116
1779360550.144932 -18.715052 -5.067338 0.308932 -0.024777 -0.015715 -0.438563 0.898221
1779360550.157733 -18.638565 -5.154685 0.314687 -0.010469 -0.026899 -0.437458 0.898776
1779360550.227567 -18.612127 -5.186843 0.315558 -0.011705 -0.037473 -0.439499 0.897385
1779360550.231316 -18.580706 -5.224782 0.318574 -0.022046 -0.038836 -0.442034 0.895886
1779360550.234565 -18.554434 -5.269711 0.309720 -0.020894 -0.037607 -0.442387 0.895792
1779360550.239736 -18.531004 -5.298020 0.303962 -0.017362 -0.018981 -0.448163 0.893582
1779360550.275918 -18.441845 -5.433393 0.292879 -0.000146 -0.022039 -0.446900 0.894313
1779360550.281909 -18.352983 -5.539526 0.309709 -0.009762 -0.016597 -0.452718 0.891446
1779360550.297364 -18.294226 -5.625061 0.293431 -0.001470 -0.020934 -0.455992 0.889737
1779360550.302476 -18.260933 -5.666960 0.299324 -0.000703 -0.019279 -0.458198 0.888641
1779360550.305020 -18.247469 -5.700250 0.285462 0.005222 -0.032695 -0.458594 0.888029
1779360550.308429 -18.216740 -5.737546 0.300317 -0.000306 -0.031936 -0.459300 0.887707
1779360550.404162 -18.189556 -5.773798 0.291772 -0.035416 -0.040890 -0.459762 0.886393
1779360550.405377 -18.159748 -5.817027 0.307339 -0.007095 -0.045098 -0.457659 0.887955
1779360550.411194 -18.093796 -5.897137 0.331722 -0.027915 -0.033184 -0.456008 0.888919
1779360550.413561 -18.059288 -5.931520 0.307265 -0.031818 -0.034939 -0.458133 0.887627
1779360550.442296 -18.035027 -5.972333 0.306373 -0.029549 -0.032165 -0.455677 0.889073
1779360550.445883 -17.966091 -6.068096 0.318308 -0.026449 -0.030563 -0.452017 0.891093
1779360550.466764 -17.951746 -6.094805 0.308032 -0.009509 -0.013310 -0.448979 0.893393
1779360550.508088 -17.921659 -6.139654 0.311001 0.003967 -0.020247 -0.447419 0.894087
1779360550.509573 -17.888849 -6.184936 0.316350 -0.004600 -0.024746 -0.448418 0.893469
1779360550.543469 -17.797472 -6.314471 0.310826 -0.006568 0.008848 -0.453976 0.890946
1779360550.548393 -17.762016 -6.362823 0.302083 -0.009983 0.003466 -0.450331 0.892799
1779360550.557377 -17.710588 -6.438522 0.301606 -0.005062 -0.008527 -0.444404 0.895772
1779360550.642101 -17.675646 -6.480878 0.311991 -0.014552 -0.013307 -0.447480 0.894077
1779360550.680267 -17.642313 -6.529779 0.320419 -0.023980 -0.017784 -0.448797 0.893135
1779360550.712616 -17.624891 -6.558294 0.317061 -0.009697 -0.005307 -0.448387 0.893771
1779360550.803762 -17.589058 -6.613265 0.322289 -0.000277 -0.002243 -0.449138 0.893460
1779360550.879984 -17.554020 -6.656754 0.326183 -0.008326 -0.008716 -0.448178 0.893863
1779360550.968888 -17.513239 -6.704179 0.312139 -0.020168 -0.006198 -0.450074 0.892742
1779360550.977186 -17.491392 -6.746219 0.307896 0.002728 -0.016310 -0.446757 0.894502
1779360551.026265 -17.455620 -6.786498 0.308122 0.000932 -0.018757 -0.452312 0.891662
1779360551.046312 -17.422544 -6.824152 0.304566 -0.011892 -0.027897 -0.453949 0.890512
1779360551.061365 -17.386480 -6.880428 0.310366 -0.004738 -0.021464 -0.451879 0.891808
1779360551.065935 -17.356522 -6.909334 0.298739 -0.006773 -0.000819 -0.455843 0.890034
1779360551.073081 -17.321934 -6.955419 0.298526 -0.009113 -0.005723 -0.447886 0.894026
1779360551.087651 -17.287510 -7.000659 0.301457 -0.011628 -0.008993 -0.430249 0.902591
1779360551.100098 -17.248024 -7.043428 0.294470 -0.024346 0.000046 -0.409310 0.912070
1779360551.125966 -17.157526 -7.128402 0.320489 -0.054870 -0.002615 -0.326352 0.943651
1779360551.156709 -17.126865 -7.155236 0.315160 -0.047190 -0.017320 -0.288829 0.956060
1779360551.166271 -17.098484 -7.171584 0.312379 -0.050223 -0.005893 -0.261914 0.963766
1779360551.180664 -17.066059 -7.192495 0.314061 -0.047713 0.001922 -0.229231 0.972200
1779360551.198528 -17.033360 -7.211798 0.314860 -0.040165 0.004358 -0.201110 0.978735
1779360551.231067 -16.965178 -7.243932 0.302788 -0.032763 -0.000357 -0.164395 0.985850
1779360551.232486 -16.940735 -7.258191 0.310790 -0.023152 -0.002500 -0.144634 0.989211
1779360551.271245 -16.915184 -7.264675 0.313598 -0.019817 -0.009674 -0.128343 0.991485
1779360551.282138 -16.881880 -7.274130 0.313523 -0.020069 -0.017154 -0.112552 0.993295
1779360551.308435 -16.850338 -7.281270 0.312599 -0.020346 -0.020127 -0.100881 0.994487
1779360551.311739 -16.817667 -7.288243 0.313282 -0.027269 -0.003293 -0.094106 0.995183
1779360551.326665 -16.788704 -7.290685 0.314769 -0.025924 -0.000023 -0.084550 0.996082
1779360551.342726 -16.729498 -7.296662 0.315854 -0.024297 -0.001224 -0.067568 0.997418
1779360551.373162 -16.694883 -7.300540 0.313608 -0.020675 -0.000343 -0.060750 0.997939
1779360551.399031 -16.660748 -7.305407 0.309965 -0.013775 0.005833 -0.054415 0.998406
1779360551.474670 -16.627378 -7.311567 0.305035 -0.020089 0.000596 -0.051018 0.998496
1779360551.480641 -16.602329 -7.316072 0.309922 -0.011244 -0.004506 -0.047891 0.998779
1779360551.496594 -16.576391 -7.317269 0.312435 -0.009236 -0.005911 -0.046395 0.998863
1779360551.546953 -16.547558 -7.319283 0.312028 -0.014283 -0.009102 -0.045673 0.998813
1779360551.592254 -16.513508 -7.321441 0.310002 -0.017502 -0.007999 -0.044310 0.998833
1779360551.643167 -16.484152 -7.323276 0.308275 -0.018238 -0.006643 -0.044611 0.998816
1779360551.693360 -16.456249 -7.322018 0.313032 -0.023533 -0.005359 -0.045190 0.998687
1779360551.733055 -16.429874 -7.322992 0.314290 -0.021779 -0.004484 -0.042118 0.998865
1779360551.803031 -16.400972 -7.323948 0.313747 -0.022016 -0.004557 -0.040180 0.998940
1779360551.843183 -16.368141 -7.325000 0.311475 -0.021711 -0.005316 -0.037094 0.999062
1779360551.898669 -16.335104 -7.327763 0.308923 -0.016069 -0.003085 -0.033693 0.999298
1779360551.948828 -16.303196 -7.329648 0.303399 -0.024057 -0.001171 -0.032326 0.999187
1779360552.012185 -16.277441 -7.336491 0.306616 -0.012489 -0.005772 -0.030691 0.999434
1779360552.083828 -16.250961 -7.338556 0.309669 -0.006213 -0.008914 -0.031262 0.999452
1779360552.113390 -16.224871 -7.339630 0.309911 -0.009928 -0.010769 -0.036383 0.999231
1779360552.160924 -16.193893 -7.342324 0.309096 -0.016199 -0.013280 -0.047075 0.998672
1779360552.228300 -16.164209 -7.346473 0.307395 -0.009061 -0.016407 -0.062156 0.997890
1779360552.275097 -16.136187 -7.348230 0.311595 -0.022669 -0.013341 -0.079708 0.996471
1779360552.325511 -16.110615 -7.351416 0.313347 -0.019833 -0.006539 -0.090413 0.995685
1779360552.410232 -16.079927 -7.358253 0.312997 -0.016042 -0.001720 -0.103409 0.994508
1779360552.444357 -16.046717 -7.365419 0.310453 -0.010375 0.002006 -0.110558 0.993814
1779360552.502164 -16.015484 -7.374968 0.307543 -0.003659 0.004556 -0.114855 0.993365
1779360552.557828 -15.984619 -7.380422 0.305687 -0.014390 0.002415 -0.120620 0.992592
1779360552.623582 -15.957301 -7.391486 0.304817 -0.007444 0.000156 -0.127936 0.991755
1779360552.664042 -15.934352 -7.397749 0.309978 -0.001598 -0.002230 -0.141545 0.989928
1779360552.714818 -15.906646 -7.405422 0.312784 -0.007518 -0.001780 -0.162470 0.986683
1779360552.765177 -15.877625 -7.414527 0.313095 -0.016322 0.001302 -0.185884 0.982435
1779360552.818397 -15.849844 -7.430655 0.312606 -0.009884 -0.007897 -0.212615 0.977054
1779360552.868944 -15.822569 -7.438378 0.314603 -0.028141 -0.003052 -0.244470 0.969244
1779360552.936619 -15.799479 -7.448424 0.315803 -0.033606 0.006818 -0.276969 0.960267
1779360552.975731 -15.776601 -7.464471 0.313651 -0.033101 0.010913 -0.307105 0.951037
1779360553.034561 -15.757405 -7.479671 0.311918 -0.023257 0.011472 -0.329318 0.943863
1779360553.086969 -15.728421 -7.505198 0.309291 -0.012541 0.008652 -0.349297 0.936888
1779360553.137558 -15.704275 -7.525290 0.305383 -0.026878 0.007863 -0.368009 0.929400
1779360553.204869 -15.689575 -7.543878 0.305680 -0.011128 0.001447 -0.378854 0.925389
1779360553.245531 -15.672790 -7.562783 0.310752 -0.003320 -0.004666 -0.393825 0.919168
1779360553.305879 -15.653417 -7.584382 0.312849 -0.004274 -0.006143 -0.413034 0.910685
1779360553.348226 -15.634791 -7.607538 0.312658 -0.008793 -0.005949 -0.433239 0.901217
1779360553.409401 -15.617000 -7.633553 0.310591 -0.005649 -0.009649 -0.450403 0.892756
1779360553.452900 -15.599144 -7.654981 0.314174 -0.016890 -0.003899 -0.465837 0.884701
1779360553.509114 -15.587102 -7.670960 0.316775 -0.016598 0.000313 -0.479049 0.877631
1779360553.577097 -15.571670 -7.696470 0.314926 -0.014415 0.000280 -0.496688 0.867810
1779360553.619028 -15.557230 -7.719215 0.311794 -0.012985 -0.000037 -0.513550 0.857961
1779360553.670080 -15.542530 -7.748260 0.308567 -0.007911 -0.002919 -0.528591 0.848835
1779360553.731682 -15.530373 -7.777181 0.305994 -0.002936 -0.001477 -0.540286 0.841475
1779360553.777109 -15.517641 -7.804350 0.303074 -0.019149 0.004456 -0.551697 0.833813
1779360553.832912 -15.511749 -7.827724 0.308454 -0.008516 -0.005785 -0.561658 0.827306
1779360553.885147 -15.502537 -7.851719 0.312179 -0.003051 -0.010790 -0.571257 0.820695
1779360553.942553 -15.493857 -7.876028 0.312405 -0.005430 -0.010611 -0.579840 0.814643
1779360553.996323 -15.484435 -7.906076 0.310687 -0.008183 -0.010049 -0.585946 0.810247
1779360554.045357 -15.474601 -7.933080 0.307902 -0.010619 -0.002188 -0.590563 0.806919
1779360554.106321 -15.465740 -7.961738 0.309936 -0.008777 0.000439 -0.597012 0.802184
1779360554.148912 -15.458454 -7.981446 0.314386 -0.010154 0.001831 -0.598242 0.801249
1779360554.200982 -15.450830 -8.010591 0.315120 -0.010119 0.001617 -0.600512 0.799550
1779360554.264577 -15.441519 -8.040011 0.313891 -0.010153 0.000173 -0.602219 0.798266
1779360554.308305 -15.432892 -8.071314 0.310975 -0.007324 0.000739 -0.602535 0.798059
1779360554.365236 -15.423981 -8.104536 0.306231 -0.002457 0.007572 -0.605624 0.795711
1779360554.415778 -15.418533 -8.135919 0.305598 -0.012118 0.009259 -0.611940 0.790757
1779360554.466419 -15.413519 -8.157449 0.310845 -0.006222 0.003096 -0.615599 0.788029
1779360554.544177 -15.404983 -8.182700 0.313275 -0.004767 0.002665 -0.620230 0.784401
1779360554.576587 -15.395409 -8.213842 0.312438 -0.009644 0.007336 -0.624818 0.780676
1779360554.630081 -15.388793 -8.245375 0.309575 -0.008457 0.010040 -0.626913 0.778979
1779360554.675804 -15.381087 -8.275087 0.311803 -0.015363 0.010989 -0.631306 0.775304
1779360554.754709 -15.370232 -8.307006 0.315125 -0.018512 0.016538 -0.633141 0.773638
1779360554.788275 -15.364950 -8.340622 0.313881 -0.016576 0.016759 -0.633744 0.773184
1779360554.843054 -15.354095 -8.380965 0.311993 -0.019039 0.015071 -0.633872 0.773057
1779360554.895674 -15.343139 -8.429473 0.310378 -0.019580 0.008170 -0.633412 0.773524
1779360554.943604 -15.329074 -8.475477 0.308059 -0.004513 0.016394 -0.638827 0.769163
1779360554.998471 -15.322111 -8.521562 0.311615 -0.002093 0.009716 -0.649255 0.760506
1779360555.050061 -15.316019 -8.571756 0.316424 -0.004841 0.007038 -0.661526 0.749874
1779360555.102659 -15.309001 -8.633733 0.310070 -0.014676 0.013269 -0.671583 0.740665
1779360555.173913 -15.308626 -8.674809 0.312822 0.003084 0.004298 -0.679382 0.733766
1779360555.213410 -15.301681 -8.720378 0.316002 -0.004645 0.000544 -0.686387 0.727221
1779360555.268726 -15.297402 -8.777636 0.315465 -0.014898 -0.005445 -0.689219 0.724380
1779360555.321467 -15.291668 -8.845942 0.307212 -0.015832 -0.005770 -0.691904 0.721793
1779360555.374882 -15.293673 -8.896181 0.310281 0.005652 0.002349 -0.693921 0.720026
1779360555.423128 -15.291747 -8.948577 0.315125 0.006097 -0.001583 -0.696210 0.717810
1779360555.475366 -15.290384 -9.005359 0.318107 -0.006638 -0.002446 -0.700362 0.713753
1779360555.529241 -15.294453 -9.070092 0.310150 -0.003634 0.003986 -0.703141 0.711030
1779360555.583957 -15.289515 -9.109015 0.311680 0.003085 0.014840 -0.708764 0.705282
1779360555.643146 -15.289988 -9.149802 0.313774 0.001038 0.014387 -0.710670 0.703378
1779360555.690884 -15.293392 -9.209837 0.308510 0.003099 0.014304 -0.708649 0.705409
1779360555.746173 -15.293941 -9.260263 0.298991 -0.004850 0.023420 -0.709041 0.704761
1779360555.808181 -15.298172 -9.290901 0.301393 -0.007831 0.006283 -0.709473 0.704661
1779360555.857581 -15.299121 -9.327111 0.310549 -0.005742 0.000773 -0.709168 0.705016
1779360555.903117 -15.297870 -9.364584 0.313615 -0.010177 0.001460 -0.710566 0.703556
1779360555.956909 -15.296741 -9.400061 0.313112 -0.013656 0.005572 -0.711390 0.702643
1779360556.009343 -15.295217 -9.436039 0.310632 -0.012423 0.012379 -0.712494 0.701459
1779360556.071784 -15.291245 -9.469018 0.313819 -0.017093 0.016177 -0.712527 0.701250
1779360556.113420 -15.290490 -9.498379 0.315681 -0.018533 0.014082 -0.711653 0.702146
1779360556.165447 -15.287836 -9.529996 0.314511 -0.021511 0.012004 -0.711064 0.702696
1779360556.220883 -15.285629 -9.567275 0.311803 -0.022717 0.009126 -0.710177 0.703598
1779360556.273625 -15.285942 -9.603945 0.308062 -0.018180 0.008558 -0.709116 0.704806
1779360556.333774 -15.285755 -9.638186 0.306842 -0.010296 0.014373 -0.707592 0.706400
1779360556.383139 -15.287167 -9.665740 0.311933 -0.010304 0.006946 -0.706959 0.707146
1779360556.442147 -15.287211 -9.694293 0.312733 -0.009391 0.004904 -0.708618 0.705513
1779360556.488814 -15.286572 -9.724606 0.311247 -0.012880 0.005309 -0.710498 0.703562
1779360556.547596 -15.285345 -9.760033 0.308683 -0.014940 0.009049 -0.711255 0.702717
1779360556.598908 -15.283144 -9.790497 0.306656 -0.014556 0.013096 -0.711752 0.702158
1779360556.649850 -15.279112 -9.815663 0.311671 -0.016108 0.017058 -0.707051 0.706773
1779360556.733271 -15.277033 -9.845878 0.313716 -0.016335 0.016916 -0.695730 0.717918
1779360556.764372 -15.273407 -9.877084 0.314108 -0.019513 0.016787 -0.681466 0.731397
1779360556.810869 -15.268420 -9.912918 0.312820 -0.017588 0.015915 -0.662548 0.748644
1779360556.871164 -15.263474 -9.947609 0.308568 -0.018367 0.018611 -0.640873 0.767201
1779360556.917525 -15.264466 -9.975109 0.312982 -0.008817 0.012121 -0.617197 0.786666
1779360556.974299 -15.257405 -9.998671 0.314110 -0.007396 0.008965 -0.596635 0.802428
1779360557.025555 -15.246252 -10.026934 0.313112 -0.014517 0.011657 -0.579780 0.814560
1779360557.087384 -15.233009 -10.055518 0.311145 -0.022628 0.016246 -0.564753 0.824790
1779360557.134284 -15.222162 -10.084247 0.308755 -0.025898 0.010984 -0.552529 0.833019
1779360557.195357 -15.209524 -10.107935 0.314063 -0.027027 0.013036 -0.543491 0.838878
1779360557.240327 -15.195222 -10.132375 0.315893 -0.027859 0.013975 -0.532465 0.845878
1779360557.302342 -15.176236 -10.159678 0.314929 -0.034124 0.015749 -0.523575 0.851151
1779360557.351626 -15.152132 -10.194821 0.312491 -0.037889 0.005470 -0.516141 0.855648
1779360557.405784 -15.127596 -10.238099 0.315228 -0.008475 0.006249 -0.505293 0.862884
1779360557.457135 -15.109703 -10.268256 0.315463 -0.010000 0.007451 -0.500308 0.865758
1779360557.550217 -15.088357 -10.306417 0.317605 -0.005286 -0.000217 -0.497477 0.867461
1779360557.565160 -15.064287 -10.348563 0.319399 -0.012357 -0.004756 -0.495590 0.868456
1779360557.628429 -15.035558 -10.395900 0.313152 -0.017003 0.006916 -0.493034 0.869816
1779360557.679375 -15.016423 -10.437886 0.316333 -0.004869 0.014959 -0.494500 0.869035
1779360557.735194 -14.990260 -10.480182 0.319372 -0.009533 0.013533 -0.492310 0.870263
1779360557.782991 -14.960456 -10.528872 0.319324 -0.011443 0.004785 -0.487613 0.872972
1779360557.837269 -14.921237 -10.579411 0.309694 -0.014326 0.012989 -0.486009 0.873740
1779360557.899358 -14.920169 -10.586956 0.310387 -0.006933 0.008225 -0.482414 0.875877
1779360557.936459 -14.903392 -10.611563 0.314083 -0.007397 0.005573 -0.481371 0.876468
1779360558.007695 -14.864604 -10.654072 0.314853 -0.016981 0.005921 -0.474441 0.880103
1779360558.044134 -14.842718 -10.689793 0.304607 -0.009454 0.009512 -0.458992 0.888339
1779360558.103720 -14.818101 -10.710593 0.307829 -0.021185 0.011972 -0.440436 0.897454
1779360558.150043 -14.794486 -10.740364 0.315784 -0.024852 0.010950 -0.422345 0.906028
1779360558.201740 -14.769931 -10.765653 0.317425 -0.027933 0.007541 -0.406135 0.913355
1779360558.264324 -14.741084 -10.795904 0.314408 -0.022045 0.004106 -0.391597 0.919864
1779360558.309118 -14.714293 -10.823674 0.308565 -0.016785 0.004715 -0.380169 0.924753
1779360558.362801 -14.691836 -10.848352 0.311781 -0.011775 -0.000145 -0.370286 0.928843
1779360558.420630 -14.663877 -10.874209 0.313093 -0.009335 -0.009991 -0.363092 0.931653
1779360558.469312 -14.633112 -10.903677 0.314008 -0.013806 -0.017597 -0.357740 0.933553
1779360558.534808 -14.596848 -10.935469 0.311647 -0.025817 -0.007616 -0.353656 0.934988
1779360558.579066 -14.567862 -10.964700 0.313960 -0.014136 0.010723 -0.352303 0.935718
1779360558.631474 -14.531354 -10.996010 0.317258 -0.016538 0.011009 -0.348912 0.936945
1779360558.684607 -14.490638 -11.029352 0.317909 -0.016486 0.005769 -0.342619 0.939312
1779360558.737556 -14.436841 -11.069641 0.310157 -0.012505 0.001758 -0.337786 0.941138
1779360558.805609 -14.403821 -11.096576 0.311436 0.000826 0.010792 -0.333737 0.942604
1779360558.843161 -14.362532 -11.129074 0.315079 0.001772 0.007751 -0.332878 0.942936
1779360558.896170 -14.316867 -11.165131 0.316875 -0.008369 0.002390 -0.332958 0.942901
1779360558.953016 -14.273754 -11.207095 0.310121 -0.001072 0.004639 -0.330699 0.943724
1779360559.003663 -14.250940 -11.218759 0.312576 -0.005236 0.010460 -0.333235 0.942771
1779360559.061174 -14.204102 -11.255559 0.315485 -0.013024 0.002033 -0.329557 0.944044
1779360559.116413 -14.153337 -11.295702 0.315605 -0.014743 -0.006463 -0.325387 0.945444
1779360559.176715 -14.099221 -11.337398 0.310987 -0.000401 0.007210 -0.322729 0.946464
1779360559.235261 -14.053434 -11.372967 0.314247 0.006139 0.009762 -0.320215 0.947275
1779360559.278993 -14.009605 -11.407773 0.317646 -0.001405 0.004882 -0.321652 0.946844
1779360559.332144 -13.959942 -11.442136 0.299748 -0.010019 0.003650 -0.322595 0.946477
1779360559.385133 -13.949319 -11.453019 0.306655 0.001401 0.006302 -0.324265 0.945944
1779360559.449563 -13.910555 -11.480887 0.311752 -0.003652 -0.001700 -0.323386 0.946259
1779360559.493908 -13.871943 -11.510639 0.313739 -0.007333 -0.005777 -0.320189 0.947308
1779360559.545264 -13.830380 -11.545320 0.308895 -0.000913 -0.001539 -0.314814 0.949152
1779360559.611241 -13.798987 -11.570579 0.303143 -0.014627 -0.002829 -0.304403 0.952427
1779360559.654928 -13.776669 -11.589504 0.310337 -0.005553 -0.007188 -0.290914 0.956706
1779360559.719267 -13.745365 -11.607671 0.313831 -0.011279 -0.006705 -0.282676 0.959126
1779360559.763009 -13.710946 -11.627737 0.314358 -0.019489 -0.006801 -0.274218 0.961446
1779360559.820840 -13.677564 -11.649648 0.314179 -0.015626 -0.002466 -0.266275 0.963767
1779360559.871161 -13.645258 -11.660687 0.314196 -0.022630 0.003938 -0.263842 0.964292
1779360559.941935 -13.616405 -11.675222 0.316040 -0.022766 0.006652 -0.256350 0.966293
1779360559.976396 -13.582543 -11.691175 0.316013 -0.028816 0.006237 -0.250119 0.967766
1779360560.032950 -13.542129 -11.708075 0.313926 -0.031808 -0.002980 -0.244954 0.969008
1779360560.090583 -13.497430 -11.727525 0.311125 -0.015669 -0.006649 -0.239359 0.970782
1779360560.143326 -13.456115 -11.746824 0.315565 -0.011288 0.009886 -0.233843 0.972159
1779360560.201411 -13.413074 -11.767675 0.317456 -0.005058 0.005334 -0.230392 0.973070
1779360560.252265 -13.365315 -11.790630 0.318824 -0.012243 0.002764 -0.230440 0.973006
1779360560.304678 -13.313446 -11.819675 0.310790 -0.020185 0.004293 -0.228475 0.973331
1779360560.362071 -13.293864 -11.828774 0.311901 -0.014009 0.009939 -0.231414 0.972704
1779360560.413088 -13.246037 -11.851871 0.316247 -0.018954 0.007159 -0.229430 0.973114
1779360560.474487 -13.196206 -11.874393 0.316447 -0.022363 -0.003309 -0.225158 0.974060
1779360560.517061 -13.132120 -11.902921 0.308791 -0.018386 -0.002375 -0.222802 0.974688
1779360560.573308 -13.086698 -11.923848 0.313542 -0.000524 0.013179 -0.218793 0.975682
1779360560.633136 -13.042612 -11.944347 0.317971 -0.003104 0.012020 -0.218402 0.975780
1779360560.680444 -12.989029 -11.962920 0.307566 -0.015640 0.008731 -0.219158 0.975525
1779360560.737221 -12.948529 -11.988891 0.307086 0.003651 0.008508 -0.217979 0.975910
1779360560.783320 -12.904227 -12.002512 0.314054 -0.001368 0.009081 -0.223940 0.974560
1779360560.838943 -12.868375 -12.023365 0.314256 -0.006201 0.003855 -0.231786 0.972740
1779360560.889604 -12.827475 -12.044368 0.313837 -0.008611 -0.002166 -0.244101 0.969709
1779360560.944352 -12.788638 -12.070806 0.307741 -0.001380 0.002735 -0.256597 0.966514
1779360561.013181 -12.762710 -12.088157 0.308766 -0.005073 0.010130 -0.267256 0.963559
1779360561.052212 -12.734225 -12.112661 0.315878 0.006628 0.004526 -0.267780 0.963447
1779360561.114309 -12.707704 -12.127749 0.317120 0.006233 0.001154 -0.265304 0.964144
1779360561.160911 -12.676976 -12.148376 0.315144 0.007922 -0.004314 -0.254992 0.966901
1779360561.208894 -12.645337 -12.165098 0.313006 0.002347 -0.000167 -0.242953 0.970035
1779360561.268322 -12.612020 -12.180450 0.313111 0.003098 0.017516 -0.235613 0.971684
1779360561.320206 -12.583897 -12.189074 0.314358 -0.003760 0.009823 -0.226606 0.973930
1779360561.379375 -12.553095 -12.199308 0.315138 -0.013323 0.004130 -0.216963 0.976080
1779360561.438019 -12.520772 -12.209117 0.312774 -0.020241 -0.004631 -0.206132 0.978304
1779360561.482529 -12.485731 -12.221858 0.308705 -0.017328 -0.007340 -0.189468 0.981707
1779360561.535663 -12.455142 -12.235147 0.306976 -0.004710 0.005059 -0.174526 0.984628
1779360561.613969 -12.426882 -12.246289 0.316349 -0.007207 0.005204 -0.164173 0.986392
1779360561.650597 -12.398562 -12.255661 0.317411 -0.006102 0.005086 -0.157353 0.987511
1779360561.695250 -12.368983 -12.264318 0.315227 -0.006637 0.001455 -0.151959 0.988364
1779360561.745131 -12.335155 -12.272912 0.311525 -0.008578 0.002216 -0.146835 0.989121
1779360561.796980 -12.306741 -12.279135 0.308665 -0.009588 0.011616 -0.144089 0.989450
1779360561.848655 -12.281343 -12.282830 0.313385 -0.010888 0.010229 -0.140061 0.990030
1779360561.918071 -12.254814 -12.289037 0.315120 -0.010910 0.010484 -0.135221 0.990700
1779360561.956295 -12.224418 -12.295236 0.314199 -0.012834 0.009631 -0.130459 0.991324
1779360562.010606 -12.192771 -12.302710 0.312176 -0.009626 0.010457 -0.122516 0.992365
1779360562.064456 -12.157677 -12.309508 0.306996 -0.005573 0.016684 -0.107558 0.994043
1779360562.116337 -12.129507 -12.321959 0.307884 0.000556 0.014152 -0.089733 0.995865
1779360562.181448 -12.106201 -12.327899 0.308306 0.006605 0.009324 -0.078417 0.996855
1779360562.220629 -12.080719 -12.331506 0.307877 0.009109 0.010317 -0.071301 0.997360
1779360562.273480 -12.055918 -12.334929 0.306593 0.005983 0.007945 -0.066139 0.997761
1779360562.328493 -12.020897 -12.337860 0.304707 -0.000492 0.006053 -0.060021 0.998179
1779360562.381387 -11.990997 -12.340263 0.302029 -0.004740 0.007574 -0.056458 0.998365
1779360562.437192 -11.964521 -12.339496 0.311002 -0.009524 0.006862 -0.053630 0.998492
1779360562.486953 -11.936951 -12.339662 0.314391 -0.011601 0.006858 -0.046808 0.998813
1779360562.541611 -11.905323 -12.338603 0.313817 -0.016649 0.002424 -0.041928 0.998979
1779360562.591564 -11.869826 -12.336945 0.311829 -0.018905 -0.006596 -0.037825 0.999084
1779360562.644453 -11.831319 -12.337559 0.310057 -0.010935 -0.013781 -0.033224 0.999293
1779360562.698666 -11.785367 -12.340379 0.312385 -0.004441 0.001014 -0.027183 0.999620
1779360562.752120 -11.745301 -12.342854 0.316038 -0.002308 -0.004429 -0.025343 0.999666
1779360562.814365 -11.705796 -12.344419 0.318011 0.000422 -0.007759 -0.030029 0.999519
1779360562.861841 -11.646480 -12.350861 0.320052 -0.011660 -0.010672 -0.050366 0.998606
1779360562.909666 -11.608436 -12.354892 0.315105 0.008824 -0.001585 -0.084973 0.996343
1779360562.963007 -11.564605 -12.358073 0.316085 -0.004640 -0.000013 -0.116802 0.993145
1779360563.016415 -11.512890 -12.369097 0.313295 -0.009306 -0.006222 -0.138373 0.990317
1779360563.072702 -11.453040 -12.385427 0.307492 -0.003406 -0.010480 -0.157341 0.987483
1779360563.125876 -11.444381 -12.395368 0.304529 0.027350 0.012881 -0.168195 0.985290
1779360563.176143 -11.395773 -12.412609 0.309965 0.034401 0.015201 -0.185076 0.982004
1779360563.234200 -11.345094 -12.434616 0.312972 0.023909 0.007013 -0.201246 0.979224
1779360563.284859 -11.290090 -12.464923 0.309398 0.022322 0.011974 -0.212433 0.976847
1779360563.336906 -11.285669 -12.457974 0.312128 0.018093 0.024337 -0.224894 0.973911
1779360563.389385 -11.236796 -12.481861 0.315590 0.009359 0.012397 -0.232526 0.972466
1779360563.444216 -11.188211 -12.506309 0.315655 0.002031 0.000418 -0.235507 0.971870
1779360563.503328 -11.127355 -12.544840 0.307259 0.007809 0.005847 -0.239218 0.970917
1779360563.549855 -11.078868 -12.565557 0.313934 0.006500 0.023215 -0.237538 0.971079
1779360563.604468 -11.037535 -12.581594 0.318539 0.002977 0.026178 -0.235272 0.971572
1779360563.656529 -10.985794 -12.603185 0.312812 -0.006279 0.027774 -0.225996 0.973712
1779360563.709872 -10.943204 -12.624342 0.305362 0.001486 0.021083 -0.207313 0.978046
1779360563.764042 -10.915311 -12.632060 0.309981 -0.007666 0.018390 -0.187766 0.982012
1779360563.815669 -10.876110 -12.646978 0.317498 -0.014863 0.016020 -0.161406 0.986646
1779360563.990932 -10.833112 -12.661888 0.316050 -0.011324 0.014862 -0.131345 0.991161
1779360563.995401 -10.794134 -12.674670 0.310059 -0.026868 0.009663 -0.108794 0.993654
1779360564.009512 -10.767098 -12.686929 0.313323 -0.011860 0.005196 -0.089166 0.995933
1779360564.030491 -10.738202 -12.689278 0.317138 -0.012708 0.001170 -0.070949 0.997398
1779360564.186944 -10.704513 -12.690438 0.317167 -0.022639 -0.004307 -0.050863 0.998440
1779360564.209972 -10.663962 -12.693740 0.313221 -0.029502 -0.001237 -0.024523 0.999263
1779360564.214278 -10.636450 -12.690277 0.311637 -0.031408 0.002292 0.000059 0.999504
1779360564.282262 -10.607759 -12.687616 0.317103 -0.030750 0.001525 0.029421 0.999093
1779360564.297299 -10.575070 -12.682913 0.318767 -0.034549 -0.001678 0.058022 0.997716
1779360564.369405 -10.537950 -12.676250 0.316439 -0.031271 -0.005293 0.084582 0.995912
1779360564.431951 -10.500981 -12.670351 0.308998 -0.024494 -0.003806 0.106795 0.993972
1779360564.457879 -10.471307 -12.666778 0.309637 -0.018855 -0.004751 0.125437 0.991911
1779360564.516223 -10.444471 -12.660039 0.310963 -0.011032 -0.011275 0.136228 0.990552
1779360564.654315 -10.416303 -12.650130 0.311618 -0.018076 -0.016752 0.135534 0.990466
1779360564.701999 -10.386109 -12.639402 0.312058 -0.025849 -0.019935 0.128438 0.991180
1779360564.706210 -10.348063 -12.628688 0.309294 -0.028553 -0.023734 0.109337 0.993311
1779360564.732701 -10.322688 -12.619490 0.310038 -0.033064 -0.019264 0.091338 0.995084
1779360564.899730 -10.297910 -12.613324 0.310931 -0.027792 -0.012046 0.075613 0.996677
1779360564.903414 -10.271147 -12.609219 0.310266 -0.022291 -0.006734 0.059472 0.997958
1779360564.923981 -10.243238 -12.605953 0.310234 -0.014678 -0.009619 0.040506 0.999025
1779360564.950527 -10.210018 -12.606275 0.310588 -0.002630 -0.010519 0.015192 0.999826
1779360565.002854 -10.181305 -12.603310 0.310409 -0.014572 -0.017255 -0.011657 0.999677
1779360565.164636 -10.160627 -12.609550 0.309428 0.008891 -0.013047 -0.029847 0.999430
1779360565.169487 -10.135846 -12.613371 0.313267 0.018961 -0.016682 -0.050161 0.998422
1779360565.200284 -10.108878 -12.618692 0.314045 0.025716 -0.018922 -0.065402 0.997348
1779360565.216878 -10.078972 -12.625079 0.313249 0.020972 -0.017078 -0.078347 0.996559
1779360565.266221 -10.045131 -12.632085 0.318546 0.012034 -0.004683 -0.092113 0.995665
1779360565.421071 -10.015498 -12.634498 0.316655 0.015871 -0.006202 -0.100784 0.994762
1779360565.425196 -9.981510 -12.639130 0.317774 0.007462 -0.014494 -0.108686 0.993943
1779360565.445545 -9.942124 -12.642718 0.315969 -0.001490 -0.026894 -0.114243 0.993088
1779360565.483724 -9.900084 -12.650110 0.313004 0.001057 -0.035057 -0.115384 0.992702
1779360565.683635 -9.859262 -12.661697 0.314489 0.011231 -0.008631 -0.109936 0.993838
1779360565.699833 -9.825395 -12.667814 0.318054 -0.000468 -0.004640 -0.102660 0.994706
1779360565.713449 -9.787522 -12.672221 0.318551 -0.004931 -0.004543 -0.090977 0.995830
1779360565.726558 -9.748537 -12.678017 0.317564 -0.008349 -0.008181 -0.071334 0.997384
1779360565.897327 -9.704724 -12.683464 0.305619 -0.012046 -0.001209 -0.049980 0.998677
1779360565.906997 -9.670237 -12.678176 0.309723 -0.019209 0.002501 -0.037739 0.999100
1779360565.911070 -9.642261 -12.676808 0.315208 -0.020774 -0.001012 -0.024041 0.999495
1779360565.917824 -9.611723 -12.673603 0.316267 -0.026685 -0.007287 -0.011464 0.999552
1779360565.969737 -9.574656 -12.669801 0.314781 -0.028925 -0.014148 -0.000243 0.999482
1779360566.111046 -9.535703 -12.669641 0.309496 -0.011070 -0.007902 0.012694 0.999827
1779360566.139908 -9.505145 -12.665208 0.309496 -0.013576 -0.001573 0.022168 0.999661
1779360566.143713 -9.477018 -12.666062 0.313152 -0.008682 -0.005860 0.027631 0.999563
1779360566.185726 -9.449437 -12.664555 0.313116 -0.008307 -0.008503 0.029168 0.999504
1779360566.246017 -9.416669 -12.662886 0.310709 -0.008114 -0.015043 0.024885 0.999544
1779360566.363742 -9.381862 -12.660192 0.307913 -0.012065 -0.014525 0.015207 0.999706
1779360566.380757 -9.353161 -12.661381 0.308358 -0.011257 -0.008468 0.004764 0.999889
1779360566.401892 -9.328371 -12.658805 0.311968 -0.009864 -0.005889 -0.001104 0.999933
1779360566.458983 -9.301299 -12.659259 0.312574 -0.008377 -0.003239 -0.005957 0.999942
1779360566.600060 -9.270885 -12.659248 0.311565 -0.004895 -0.000399 -0.009077 0.999947
1779360566.602553 -9.237110 -12.660796 0.309297 -0.001440 0.002268 -0.010957 0.999937
1779360566.641348 -9.206289 -12.661269 0.306687 -0.004006 0.005437 -0.012816 0.999895
1779360566.664368 -9.173489 -12.665178 0.307962 -0.003246 0.000811 -0.014816 0.999885
1779360566.721788 -9.147124 -12.667229 0.310333 0.006532 0.000794 -0.017133 0.999832
1779360566.847018 -9.116377 -12.668296 0.311224 0.014343 -0.002559 -0.020421 0.999685
1779360566.851264 -9.082624 -12.670998 0.311117 0.013835 -0.008734 -0.024270 0.999572
1779360566.882806 -9.042900 -12.676302 0.309960 0.010297 -0.014674 -0.026386 0.999491
1779360566.933239 -9.003876 -12.675286 0.313659 -0.002056 0.007737 -0.032214 0.999449
1779360567.095596 -8.962544 -12.677569 0.313845 -0.004307 0.006777 -0.034554 0.999371
1779360567.096503 -8.918230 -12.679186 0.315257 -0.010965 0.004405 -0.033591 0.999366
1779360567.106728 -8.879589 -12.681219 0.314045 -0.009823 0.001681 -0.031334 0.999459
1779360567.151242 -8.820100 -12.687812 0.306205 -0.007894 0.012986 -0.029219 0.999457
1779360567.206008 -8.787770 -12.696775 0.308596 -0.002441 0.014954 -0.026808 0.999526
1779360567.387081 -8.752464 -12.700338 0.311429 0.000160 0.012170 -0.027319 0.999553
1779360567.390156 -8.716055 -12.702470 0.311679 -0.002787 0.006844 -0.029390 0.999541
1779360567.403219 -8.674335 -12.704497 0.310070 -0.004429 0.004813 -0.030805 0.999504
1779360567.419553 -8.636842 -12.705396 0.306919 -0.007450 0.014598 -0.030222 0.999409
1779360567.571505 -8.607593 -12.704445 0.311484 -0.005347 0.013797 -0.026679 0.999535
1779360567.591932 -8.575045 -12.704693 0.314536 -0.009289 0.010398 -0.020586 0.999691
1779360567.594718 -8.540351 -12.704484 0.313950 -0.010960 0.006962 -0.015020 0.999803
1779360567.638494 -8.504029 -12.706282 0.311558 -0.005064 0.008335 -0.009653 0.999906
1779360567.683157 -8.467292 -12.707126 0.304550 -0.011349 0.010961 -0.005734 0.999859
1779360567.815211 -8.437981 -12.714066 0.308275 -0.000158 0.007894 -0.005542 0.999954
1779360567.833381 -8.412993 -12.715625 0.312763 0.007100 0.005495 -0.010800 0.999901
1779360567.851295 -8.382753 -12.716216 0.313406 0.002782 0.006923 -0.025219 0.999654
1779360567.900218 -8.350060 -12.718241 0.311238 -0.004197 0.005988 -0.042757 0.999059
1779360568.069144 -8.317877 -12.722210 0.307500 0.004869 0.002210 -0.055311 0.998455
1779360568.087888 -8.288767 -12.721047 0.312785 -0.008760 0.003317 -0.067084 0.997703
1779360568.116237 -8.262700 -12.723507 0.315539 -0.006260 0.006537 -0.073845 0.997229
1779360568.120784 -8.235958 -12.727897 0.314807 -0.003770 0.008757 -0.080609 0.996700
1779360568.166086 -8.203322 -12.732294 0.312430 -0.003682 0.008875 -0.085031 0.996332
1779360568.282706 -8.170319 -12.739830 0.308989 0.003084 0.011634 -0.087383 0.996102
1779360568.319161 -8.136846 -12.743482 0.305474 -0.007307 0.010448 -0.090477 0.995817
1779360568.324199 -8.112372 -12.752986 0.311016 0.001101 0.009698 -0.092755 0.995641
1779360568.374794 -8.087173 -12.757594 0.313697 0.007297 0.010089 -0.096646 0.995241
1779360568.521798 -8.059825 -12.762919 0.312787 0.004806 0.010730 -0.100478 0.994870
1779360568.523396 -8.026742 -12.769179 0.309491 0.001275 0.011797 -0.103746 0.994533
1779360568.543278 -7.997430 -12.777402 0.304910 0.005576 0.007495 -0.104782 0.994452
1779360568.592866 -7.968380 -12.778166 0.311410 -0.007234 0.008940 -0.106652 0.994230
1779360568.664571 -7.934530 -12.783951 0.315983 -0.008999 0.008993 -0.097613 0.995143
1779360568.718652 -7.904917 -12.787753 0.315284 -0.010020 0.006132 -0.090704 0.995809
1779360568.772608 -7.872409 -12.792436 0.312935 -0.010047 0.004667 -0.083600 0.996438
1779360568.838156 -7.837876 -12.798189 0.308228 -0.001811 0.010387 -0.071981 0.997350
1779360568.876103 -7.807503 -12.806580 0.307832 -0.004048 0.006927 -0.060318 0.998147
1779360568.935112 -7.785295 -12.811113 0.310626 0.002313 0.002120 -0.051929 0.998646
1779360568.983944 -7.773996 -12.810818 0.310795 0.006631 0.003087 -0.045345 0.998945
1779360569.036246 -7.731487 -12.814637 0.309542 0.002404 0.003704 -0.041210 0.999141
1779360569.090263 -7.703591 -12.815170 0.308257 -0.006672 0.002385 -0.037983 0.999253
1779360569.147851 -7.671764 -12.819371 0.304997 -0.000618 -0.000896 -0.033547 0.999437
1779360569.197836 -7.648619 -12.815915 0.310554 -0.013069 0.000968 -0.031357 0.999422
1779360569.251531 -7.624708 -12.816668 0.315327 -0.013245 0.003874 -0.018597 0.999732
1779360569.304640 -7.599733 -12.816733 0.316378 -0.016103 0.005753 -0.006689 0.999831
1779360569.359283 -7.562709 -12.815831 0.314964 -0.016380 0.005501 0.007491 0.999823
1779360569.409622 -7.529088 -12.815928 0.311017 -0.007824 0.009874 0.018776 0.999744
1779360569.462332 -7.498668 -12.812185 0.306851 -0.015273 0.004825 0.025810 0.999539
1779360569.514728 -7.474578 -12.814912 0.310501 -0.003764 0.003815 0.032533 0.999456
1779360569.567973 -7.449244 -12.811347 0.311529 0.000982 0.002761 0.037677 0.999286
1779360569.622383 -7.422737 -12.807861 0.310390 -0.003792 0.002057 0.041061 0.999147
1779360569.673620 -7.393527 -12.803889 0.308245 -0.008152 0.000465 0.043721 0.999010
1779360569.728954 -7.360186 -12.801078 0.304484 -0.007356 0.000485 0.045998 0.998914
1779360569.781615 -7.332499 -12.794662 0.310120 -0.017769 0.000751 0.046089 0.998779
1779360569.837479 -7.308898 -12.790217 0.313093 -0.015264 0.002736 0.051995 0.998527
1779360569.887935 -7.281036 -12.786515 0.314278 -0.014451 0.000580 0.054229 0.998424
1779360569.940794 -7.249677 -12.779350 0.313002 -0.017027 -0.003594 0.057091 0.998217
1779360569.993718 -7.210575 -12.772004 0.311079 -0.013758 -0.012225 0.059691 0.998047
1779360570.047390 -7.169231 -12.765632 0.312220 0.002995 -0.004359 0.064273 0.997918
1779360570.111994 -7.129535 -12.759113 0.313183 -0.004664 0.000857 0.066064 0.997804
1779360570.151005 -7.086643 -12.755034 0.314724 0.005517 -0.008116 0.065661 0.997794
1779360570.214957 -7.041724 -12.749085 0.315177 0.003424 -0.013896 0.063358 0.997888
1779360570.262104 -6.986141 -12.745966 0.311350 -0.001373 -0.017693 0.063701 0.997811
1779360570.314437 -6.947713 -12.741001 0.311403 -0.003070 0.006674 0.060650 0.998132
1779360570.369372 -6.895313 -12.734074 0.313263 -0.011657 0.005695 0.060150 0.998105
1779360570.418583 -6.843976 -12.726659 0.313722 -0.013768 -0.001930 0.057173 0.998267
1779360570.471977 -6.781440 -12.721908 0.307677 -0.005874 -0.005624 0.049584 0.998737
1779360570.529134 -6.729045 -12.715460 0.310184 0.001604 0.008381 0.044310 0.998981
1779360570.575562 -6.676370 -12.711890 0.316195 0.012557 0.009676 0.039305 0.999102
1779360570.631659 -6.625955 -12.708587 0.319149 0.007800 0.002575 0.031052 0.999484
1779360570.678618 -6.566072 -12.710961 0.314373 0.006633 -0.000535 0.025388 0.999656
1779360570.747189 -6.529810 -12.707781 0.312843 0.004385 0.024029 0.016739 0.999561
1779360570.796934 -6.460416 -12.708449 0.315487 -0.000658 0.017050 0.010948 0.999795
1779360570.845698 -6.397179 -12.707217 0.315475 -0.002316 0.006845 0.010863 0.999915
1779360570.902339 -6.340551 -12.704330 0.308217 -0.012112 0.009714 0.008546 0.999843
1779360570.951087 -6.325192 -12.707409 0.312788 0.000602 0.012462 0.009917 0.999873
1779360571.009689 -6.272609 -12.705548 0.315587 -0.001457 0.010370 0.006981 0.999921
1779360571.054896 -6.220451 -12.701282 0.301825 -0.011187 0.010621 0.004930 0.999869
1779360571.109187 -6.173016 -12.702990 0.304053 0.005325 0.011196 0.004572 0.999913
1779360571.165935 -6.133068 -12.697113 0.312326 -0.004743 0.006010 0.002677 0.999967
1779360571.215998 -6.091753 -12.697207 0.314540 -0.007980 0.002201 0.004159 0.999957
1779360571.268128 -6.044604 -12.698512 0.312712 -0.005355 0.002362 0.006305 0.999963
1779360571.324332 -5.999725 -12.700589 0.304980 -0.011976 0.010657 0.006327 0.999852
1779360571.375698 -5.968626 -12.704861 0.305229 -0.009317 0.004719 0.004129 0.999937
1779360571.427699 -5.933751 -12.706390 0.314021 0.000472 -0.000375 0.004443 0.999990
1779360571.487015 -5.897024 -12.705088 0.316653 -0.001235 -0.006154 0.001666 0.999979
1779360571.542481 -5.851236 -12.706978 0.316332 -0.001434 -0.012619 0.001905 0.999918
1779360571.591193 -5.814912 -12.706430 0.313072 -0.011759 0.007788 -0.000475 0.999900
1779360571.646687 -5.774821 -12.707587 0.317358 -0.009246 0.006583 -0.003319 0.999930
1779360571.701431 -5.728368 -12.705720 0.319480 -0.014697 -0.001087 -0.002477 0.999888
1779360571.751474 -5.674678 -12.703874 0.318330 -0.013731 -0.013572 0.000335 0.999813
1779360571.810158 -5.613217 -12.703463 0.310914 -0.001087 -0.005490 0.002792 0.999980
1779360571.862259 -5.560548 -12.701120 0.313839 -0.002319 0.010234 0.004710 0.999934
1779360571.916352 -5.515406 -12.700912 0.318205 0.003736 0.008988 0.005115 0.999940
1779360571.965428 -5.454095 -12.700504 0.319655 -0.008305 0.001515 0.003310 0.999959
1779360572.016062 -5.403898 -12.701127 0.311990 -0.012066 0.011010 0.002460 0.999864
1779360572.076051 -5.361123 -12.699719 0.311428 -0.011281 0.013546 -0.001387 0.999844
1779360572.131618 -5.306503 -12.697778 0.313394 -0.018336 0.002637 -0.000089 0.999828
1779360572.184855 -5.244112 -12.698544 0.309817 -0.016851 -0.003566 0.003440 0.999846
1779360572.229810 -5.201448 -12.702838 0.308705 -0.010548 0.011332 0.004813 0.999869
1779360572.282110 -5.140201 -12.701594 0.314519 0.001659 0.016796 0.006688 0.999835
1779360572.333663 -5.085608 -12.701859 0.317958 -0.001705 0.012138 0.004800 0.999913
1779360572.388982 -5.014016 -12.704454 0.310029 -0.007797 0.007382 0.004178 0.999934
1779360572.444846 -5.008657 -12.703361 0.311462 -0.007209 0.023278 0.000519 0.999703
1779360572.495452 -4.953606 -12.702784 0.315811 -0.009307 0.010559 -0.000859 0.999901
1779360572.552277 -4.893232 -12.701164 0.317583 -0.011994 -0.004184 0.002865 0.999915
1779360572.605897 -4.821340 -12.697399 0.309271 -0.011252 -0.001110 0.003832 0.999929
1779360572.657732 -4.815289 -12.701699 0.313574 -0.001350 0.007105 0.007840 0.999943
1779360572.715686 -4.758511 -12.700839 0.319041 0.000100 0.004456 0.006243 0.999970
1779360572.760916 -4.695011 -12.701786 0.316763 -0.009043 -0.004395 0.004875 0.999938
1779360572.838432 -4.685918 -12.700440 0.309607 -0.011909 0.014515 0.003120 0.999819
1779360572.880409 -4.619356 -12.700947 0.313105 -0.018800 0.017244 0.002179 0.999672
1779360572.932576 -4.558090 -12.699800 0.313620 -0.019173 0.007267 0.005617 0.999774
1779360572.993407 -4.485965 -12.701368 0.301178 -0.016182 0.006519 0.007876 0.999817
1779360573.041068 -4.489396 -12.709106 0.306877 -0.003111 0.014925 0.011830 0.999814
1779360573.092247 -4.433874 -12.708982 0.314012 0.002739 0.013857 0.012577 0.999821
1779360573.145581 -4.372638 -12.709394 0.316079 -0.003780 0.005192 0.011577 0.999912
1779360573.215385 -4.333175 -12.707719 0.310395 -0.008479 0.018850 0.011220 0.999723
1779360573.252138 -4.295410 -12.711467 0.313993 -0.006652 0.024896 0.007065 0.999643
1779360573.319793 -4.237798 -12.709080 0.316780 -0.012649 0.013407 0.008758 0.999792
1779360573.365510 -4.169492 -12.709549 0.302595 -0.011199 0.008553 0.010539 0.999845
1779360573.411865 -4.141830 -12.708266 0.309386 -0.003471 0.016948 0.013502 0.999759
1779360573.481997 -4.082666 -12.707623 0.316018 -0.000189 0.013480 0.016326 0.999776
1779360573.525008 -4.019600 -12.706970 0.319075 -0.008662 0.002854 0.015017 0.999846
1779360573.578487 -3.964958 -12.707750 0.311416 -0.005404 0.012049 0.014727 0.999804
1779360573.639220 -3.911948 -12.702345 0.312132 -0.003617 0.015287 0.011204 0.999814
1779360573.689168 -3.855635 -12.699944 0.314163 -0.007883 0.005511 0.013532 0.999862
1779360573.740225 -3.789451 -12.696293 0.308616 -0.007964 -0.004720 0.017174 0.999810
1779360573.791383 -3.766941 -12.697927 0.307261 -0.007048 0.005331 0.018277 0.999794
1779360573.845320 -3.710904 -12.696225 0.314202 0.005284 0.005368 0.019856 0.999775
1779360573.899945 -3.654518 -12.694247 0.318742 0.000705 -0.001799 0.017397 0.999847
1779360573.954418 -3.583288 -12.694842 0.308131 -0.006609 -0.003704 0.017275 0.999822
1779360574.006840 -3.541785 -12.687872 0.309569 -0.012017 0.009159 0.012309 0.999810
1779360574.060630 -3.485148 -12.686518 0.311037 -0.012754 0.002263 0.007919 0.999885
1779360574.112947 -3.421825 -12.683207 0.312932 -0.013546 -0.011249 0.011004 0.999785
1779360574.179181 -3.351037 -12.684399 0.305267 -0.009389 -0.007780 0.013250 0.999838
1779360574.220935 -3.303653 -12.681873 0.310216 -0.000203 0.001969 0.015848 0.999873
1779360574.274339 -3.247388 -12.680632 0.314118 0.002027 -0.004257 0.015192 0.999874
1779360574.326579 -3.184258 -12.681141 0.317472 -0.007061 -0.011020 0.013762 0.999820
1779360574.401911 -3.166417 -12.680182 0.307127 -0.008229 0.008311 0.011413 0.999867
1779360574.451937 -3.107202 -12.680467 0.310701 -0.010018 0.004805 0.010965 0.999878
1779360574.503719 -3.045924 -12.678210 0.313139 -0.011506 -0.004398 0.014904 0.999813
1779360574.553277 -2.971292 -12.674668 0.309262 -0.007801 0.001307 0.016684 0.999830
1779360574.611623 -2.940969 -12.671672 0.308493 -0.000451 0.009230 0.019966 0.999758
1779360574.675678 -2.887626 -12.670007 0.313683 0.004425 0.004063 0.018652 0.999808
1779360574.719300 -2.828462 -12.670215 0.317230 -0.003759 -0.004240 0.016163 0.999853
1779360574.769370 -2.802496 -12.667738 0.308665 -0.005670 0.011165 0.016305 0.999789
1779360574.820966 -2.764751 -12.670669 0.313363 -0.008087 0.018718 0.014791 0.999683
1779360574.878687 -2.708858 -12.667437 0.316182 -0.012287 0.007963 0.016699 0.999753
1779360574.929351 -2.644636 -12.665695 0.301952 -0.008965 0.000990 0.019809 0.999763
1779360574.985356 -2.631362 -12.670794 0.304243 -0.008656 0.013715 0.021497 0.999637
1779360575.048287 -2.595434 -12.672297 0.311411 0.005349 0.015092 0.023905 0.999586
1779360575.087861 -2.529485 -12.669673 0.316873 0.005474 0.007105 0.022222 0.999713
1779360575.148814 -2.463261 -12.671301 0.309663 0.001062 0.004252 0.021247 0.999765
1779360575.197291 -2.422545 -12.667603 0.313778 0.001507 0.016753 0.018196 0.999693
1779360575.249200 -2.366330 -12.666521 0.317326 -0.004013 0.013871 0.015700 0.999773
1779360575.310632 -2.306967 -12.664167 0.317440 -0.006814 0.003740 0.017793 0.999812
1779360575.359720 -2.232135 -12.657672 0.311529 -0.005460 0.006768 0.019248 0.999777
1779360575.409362 -2.194655 -12.657119 0.315182 0.007106 0.023389 0.023245 0.999431
1779360575.464055 -2.136202 -12.655103 0.317715 0.008606 0.019374 0.022360 0.999525
1779360575.516068 -2.072959 -12.653626 0.310477 -0.002738 0.010226 0.020679 0.999730
1779360575.569805 -2.041606 -12.654078 0.308386 -0.000980 0.019775 0.019421 0.999615
1779360575.617911 -1.994927 -12.652598 0.312141 -0.003532 0.020804 0.015416 0.999659
1779360575.683609 -1.941003 -12.649974 0.314354 -0.007641 0.008616 0.017350 0.999783
1779360575.732127 -1.872707 -12.647048 0.302996 -0.006193 0.001259 0.020531 0.999769
1779360575.776335 -1.853233 -12.649972 0.307702 -0.006347 0.011821 0.022173 0.999664
1779360575.831221 -1.796531 -12.648511 0.314751 0.003518 0.011618 0.023767 0.999644
1779360575.891332 -1.737244 -12.646442 0.317794 -0.000533 0.005173 0.021624 0.999753
1779360575.937852 -1.667922 -12.647826 0.307432 -0.003549 0.007810 0.021758 0.999726
1779360576.031898 -1.664649 -12.641177 0.311041 -0.007922 0.020109 0.018515 0.999595
1779360576.041411 -1.607978 -12.639060 0.315776 -0.013550 0.011757 0.019691 0.999645
1779360576.097637 -1.543379 -12.636485 0.309920 -0.012333 0.005297 0.023491 0.999634
1779360576.150174 -1.511297 -12.631604 0.307411 -0.018363 0.009027 0.023682 0.999510
1779360576.208808 -1.469273 -12.631894 0.312712 -0.003451 0.010393 0.026791 0.999581
1779360576.253075 -1.410166 -12.628307 0.316257 -0.005534 0.004014 0.024057 0.999687
1779360576.305863 -1.346209 -12.627987 0.304150 -0.012558 0.000473 0.023035 0.999656
1779360576.362284 -1.311983 -12.624424 0.308919 -0.010805 0.015657 0.020707 0.999605
1779360576.415694 -1.250555 -12.620050 0.314975 -0.016271 0.008829 0.020295 0.999623
1779360576.474108 -1.195935 -12.615016 0.316460 -0.021019 -0.003528 0.023158 0.999505
1779360576.521623 -1.120495 -12.607709 0.306824 -0.019551 -0.004736 0.025215 0.999480
1779360576.573004 -1.076793 -12.610100 0.312946 -0.003104 0.013324 0.028401 0.999503
1779360576.625129 -1.020332 -12.606791 0.319238 0.007186 0.013392 0.029598 0.999446
1779360576.682047 -0.959015 -12.604149 0.321319 -0.002440 0.004341 0.028628 0.999578
1779360576.732558 -0.911341 -12.605451 0.312581 0.002150 0.013450 0.027807 0.999521
1779360576.788428 -0.851394 -12.598545 0.314747 -0.006101 0.017720 0.025284 0.999505
1779360576.851046 -0.792884 -12.597238 0.316228 -0.009685 0.008583 0.027474 0.999539
1779360576.901021 -0.722435 -12.594300 0.305204 -0.007600 0.004592 0.029477 0.999526
1779360576.945649 -0.703573 -12.592327 0.307874 -0.005612 0.008647 0.031176 0.999461
1779360576.999090 -0.647386 -12.590117 0.314660 -0.001614 0.008372 0.032828 0.999425
1779360577.061315 -0.586846 -12.586309 0.317476 -0.009246 -0.002515 0.030907 0.999476
1779360577.106361 -0.527443 -12.586174 0.310569 -0.009373 0.002521 0.030309 0.999493
1779360577.158969 -0.514809 -12.585927 0.311042 -0.008613 0.012778 0.026332 0.999534
1779360577.210651 -0.462761 -12.581615 0.314219 -0.012848 0.001017 0.027766 0.999531
1779360577.285572 -0.399172 -12.576589 0.315581 -0.014144 -0.011096 0.031078 0.999355
1779360577.315986 -0.335402 -12.574864 0.310508 -0.003528 0.000286 0.033123 0.999445
1779360577.369274 -0.280927 -12.568226 0.316164 -0.004858 0.011612 0.034315 0.999332
1779360577.423082 -0.223316 -12.563823 0.319554 -0.006028 0.007388 0.033308 0.999400
1779360577.481766 -0.159570 -12.561656 0.310582 -0.013356 0.002961 0.033696 0.999338
1779360577.534205 -0.115962 -12.556942 0.309299 -0.009322 0.009937 0.032363 0.999383
1779360577.581132 -0.060809 -12.553336 0.312742 -0.009050 0.006840 0.031620 0.999436
1779360577.635293 -0.010729 -12.548777 0.314625 -0.012226 -0.002885 0.034155 0.999338
1779360577.686407 0.070821 -12.539961 0.307395 -0.011269 -0.004873 0.036862 0.999245
1779360577.738652 0.100828 -12.537852 0.311412 -0.005032 0.004275 0.039087 0.999214
1779360577.796849 0.148051 -12.533202 0.317281 -0.000635 0.003059 0.038522 0.999253
1779360577.851135 0.223953 -12.530415 0.320964 -0.007227 -0.006124 0.036646 0.999283
1779360577.902834 0.269935 -12.526809 0.311252 -0.013881 0.006468 0.036108 0.999231
1779360577.962265 0.328747 -12.528522 0.312071 -0.010949 0.013363 0.035388 0.999224
1779360578.006429 0.386956 -12.523098 0.313771 -0.014591 0.003971 0.038106 0.999159
1779360578.064180 0.455784 -12.519280 0.299571 -0.011429 0.001677 0.040394 0.999117
1779360578.114676 0.477048 -12.516836 0.303773 -0.008374 0.003807 0.041787 0.999084
1779360578.201325 0.533723 -12.513789 0.310272 0.000005 0.002899 0.042671 0.999085
1779360578.218908 0.584095 -12.507946 0.313950 -0.005436 -0.003186 0.041194 0.999131
1779360578.269091 0.654546 -12.507857 0.307326 -0.004149 0.001177 0.041958 0.999110
1779360578.330731 0.658194 -12.502885 0.307775 -0.004154 0.010251 0.038907 0.999182
1779360578.375211 0.713827 -12.498428 0.312701 -0.009482 0.000166 0.038942 0.999197
1779360578.428937 0.776757 -12.492221 0.315040 -0.011072 -0.011166 0.041815 0.999002
1779360578.483253 0.837472 -12.488044 0.310436 -0.005743 -0.001636 0.042783 0.999067
1779360578.540639 0.888213 -12.482829 0.312465 0.001460 0.006221 0.043913 0.999015
1779360578.622260 0.946708 -12.477257 0.317556 -0.000193 0.002779 0.042196 0.999106
1779360578.648787 1.011426 -12.474341 0.307460 -0.008390 -0.004434 0.041575 0.999090
1779360578.705408 1.018592 -12.472735 0.308599 -0.000807 0.008656 0.040088 0.999158
1779360578.757939 1.074944 -12.467663 0.311155 0.001502 0.001506 0.040011 0.999197
1779360578.813872 1.132566 -12.462216 0.313701 -0.000346 -0.012981 0.042715 0.999003
1779360578.858516 1.207251 -12.451879 0.309091 -0.001653 -0.015662 0.044226 0.998898
1779360578.913192 1.246804 -12.455150 0.310174 0.010490 0.008456 0.047648 0.998773
1779360578.965357 1.308113 -12.448440 0.316313 0.011956 0.011553 0.046999 0.998757
1779360579.020499 1.371144 -12.444907 0.318418 0.003857 0.003580 0.046345 0.998912
1779360579.072573 1.413011 -12.447121 0.308893 0.010272 0.008370 0.046433 0.998834
1779360579.125869 1.435662 -12.442929 0.313305 0.000638 0.013935 0.040333 0.999089
1779360579.178273 1.494930 -12.437597 0.317236 -0.000934 0.002312 0.041663 0.999129
1779360579.236100 1.561998 -12.431141 0.303112 0.000760 -0.000965 0.043961 0.999033
1779360579.290581 1.566994 -12.426359 0.306582 -0.001737 0.003640 0.045522 0.998955
1779360579.343437 1.626176 -12.425698 0.313348 0.013026 0.002476 0.047429 0.998787
1779360579.392410 1.684031 -12.418276 0.316613 0.006429 -0.005589 0.044725 0.998963
1779360579.445870 1.742038 -12.418554 0.309312 0.005478 -0.000358 0.046303 0.998912
1779360579.522064 1.715186 -12.421243 0.307891 0.006683 0.008877 0.042063 0.999053
1779360579.551809 1.771429 -12.416582 0.311374 0.003355 0.001913 0.042577 0.999086
1779360579.608177 1.840518 -12.411507 0.313673 0.003876 -0.004937 0.044994 0.998968
1779360579.660691 1.878323 -12.409796 0.305918 0.003091 0.005416 0.044106 0.999007
1779360579.722513 1.937889 -12.410592 0.310882 0.015381 0.003108 0.048401 0.998705
1779360579.765789 1.995285 -12.405517 0.316443 0.007385 -0.010394 0.046045 0.998858
1779360579.828281 2.064370 -12.406070 0.307223 0.006968 -0.015896 0.044982 0.998837
1779360579.877295 2.066062 -12.397466 0.308379 -0.008545 0.015246 0.041388 0.998990
1779360579.936445 2.127860 -12.396201 0.313355 -0.006095 0.012491 0.039047 0.999141
1779360579.978685 2.187714 -12.389259 0.315500 -0.009233 0.001184 0.041564 0.999093
1779360580.033830 2.253182 -12.380409 0.307046 -0.017548 0.001632 0.041683 0.998976
1779360580.085914 2.270945 -12.385674 0.312627 -0.000906 0.003273 0.046942 0.998892
1779360580.140206 2.326206 -12.380116 0.317603 -0.003306 -0.001017 0.044465 0.999005
1779360580.195172 2.391419 -12.376990 0.320624 -0.009079 -0.009783 0.042567 0.999005
1779360580.245480 2.397389 -12.377254 0.308001 -0.007285 0.006867 0.040665 0.999123
1779360580.299006 2.449994 -12.373726 0.310338 -0.010507 0.006303 0.040157 0.999118
1779360580.357123 2.508763 -12.366659 0.313252 -0.017287 -0.006799 0.041788 0.998954
1779360580.420677 2.584807 -12.359398 0.303854 -0.013586 -0.008927 0.043941 0.998902
1779360580.464863 2.627429 -12.355537 0.310126 -0.005740 0.007580 0.048489 0.998779
1779360580.516399 2.685978 -12.349269 0.313734 -0.003693 0.004904 0.049010 0.998779
1779360580.574155 2.748809 -12.343890 0.315522 -0.008610 -0.002450 0.048597 0.998778
1779360580.625125 2.801661 -12.343395 0.309305 -0.000671 0.004733 0.049471 0.998764
1779360580.677539 2.830781 -12.338565 0.311599 -0.002979 0.008926 0.046398 0.998879
1779360580.727559 2.888964 -12.332697 0.314438 -0.006746 -0.002171 0.048930 0.998777
1779360580.784029 2.952947 -12.325485 0.315377 -0.006220 -0.007636 0.052771 0.998558
1779360580.837341 3.007921 -12.319317 0.309207 -0.004304 0.004849 0.054071 0.998516
1779360580.905430 3.072420 -12.311794 0.314528 0.004171 0.004356 0.055642 0.998433
1779360580.953001 3.125714 -12.303456 0.316380 0.000226 -0.006060 0.053237 0.998563
1779360580.998712 3.191017 -12.296945 0.300837 -0.005081 -0.003441 0.052301 0.998613
1779360581.063478 3.181746 -12.291628 0.309135 -0.006688 0.008608 0.048978 0.998740
1779360581.111069 3.241313 -12.284647 0.314274 -0.012370 0.001720 0.050127 0.998665
1779360581.177085 3.302289 -12.277097 0.315954 -0.013771 -0.009316 0.053633 0.998422
1779360581.216386 3.375005 -12.269438 0.310367 -0.005221 -0.000081 0.055474 0.998447
1779360581.272290 3.406772 -12.265937 0.314153 -0.007804 0.009898 0.057771 0.998250
1779360581.329714 3.459692 -12.260024 0.320449 -0.003067 0.004429 0.055800 0.998427
1779360581.376093 3.524747 -12.254953 0.311551 -0.011870 -0.002456 0.054864 0.998420
1779360581.433590 3.572612 -12.248932 0.309844 -0.004582 0.005866 0.054192 0.998503
1779360581.482603 3.630431 -12.243947 0.314152 -0.005896 0.006041 0.051970 0.998613
1779360581.544318 3.685635 -12.237309 0.315971 -0.007785 -0.001810 0.054184 0.998499
1779360581.592326 3.752007 -12.230578 0.300607 -0.004378 0.006428 0.056225 0.998388
1779360581.644969 3.794979 -12.227246 0.307282 -0.006072 0.001823 0.060539 0.998146
1779360581.700925 3.846837 -12.222908 0.315528 0.002278 -0.000774 0.062898 0.998017
1779360581.755226 3.902139 -12.217772 0.319655 -0.002238 -0.013766 0.061312 0.998021
1779360581.808606 3.949925 -12.216525 0.321978 -0.001632 -0.015366 0.062079 0.997952
1779360581.859245 3.999234 -12.206173 0.313354 -0.008344 0.011623 0.056133 0.998321
1779360581.910879 4.053154 -12.198925 0.315698 -0.010635 0.001566 0.056349 0.998353
1779360581.983101 4.114789 -12.190891 0.311831 -0.009742 -0.008350 0.059335 0.998156
1779360582.015099 4.169469 -12.183786 0.307681 -0.007727 0.000561 0.060404 0.998144
1779360582.064047 4.191539 -12.185251 0.312198 0.003736 0.008355 0.063125 0.997964
1779360582.123030 4.249459 -12.178680 0.317608 0.000368 0.004380 0.060958 0.998131
1779360582.172987 4.313787 -12.172729 0.303656 -0.009648 -0.002810 0.059680 0.998167
1779360582.228577 4.346007 -12.165739 0.309460 -0.013908 0.010058 0.056812 0.998237
1779360582.284697 4.405486 -12.158715 0.313381 -0.014084 0.006506 0.054129 0.998413
1779360582.330566 4.462766 -12.149765 0.314399 -0.015260 -0.006269 0.057102 0.998232
1779360582.390802 4.527779 -12.142405 0.304041 -0.014705 -0.009082 0.059162 0.998099
1779360582.437613 4.575091 -12.138414 0.308296 -0.003376 0.007733 0.061757 0.998056
1779360582.495353 4.632404 -12.131985 0.313159 0.001219 0.003564 0.062090 0.998064
1779360582.540404 4.684693 -12.119741 0.305648 -0.006265 -0.006186 0.058590 0.998243
1779360582.615813 4.728903 -12.116179 0.295533 -0.009273 -0.000739 0.058816 0.998225
1779360582.647714 4.775527 -12.113298 0.307677 0.010019 0.011273 0.055449 0.998348
1779360582.697138 4.829554 -12.108528 0.311801 0.004566 0.003965 0.055743 0.998427
1779360582.758511 4.887514 -12.103068 0.312423 0.001476 -0.002480 0.058081 0.998308
1779360582.842678 4.943326 -12.091890 0.308454 -0.013131 0.002298 0.056756 0.998299
1779360582.857218 4.989911 -12.094312 0.310191 0.008449 0.002307 0.059160 0.998210
1779360582.909369 5.048539 -12.088432 0.317516 0.007311 -0.008617 0.055781 0.998379
1779360582.961782 5.111101 -12.085355 0.316301 -0.000278 -0.018970 0.053691 0.998377
1779360583.017052 5.152308 -12.078977 0.311247 -0.009307 0.007026 0.052251 0.998566
1779360583.213988 5.217974 -12.076729 0.314128 -0.009560 0.012464 0.048965 0.998677
1779360583.250134 5.281193 -12.069009 0.316900 -0.012722 0.002802 0.050374 0.998646
1779360583.252210 5.352977 -12.061425 0.305494 -0.010241 0.005223 0.052486 0.998556
1779360583.256647 5.376542 -12.061503 0.306308 -0.005177 0.005631 0.056088 0.998397
1779360583.297405 5.449520 -12.054233 0.312624 -0.004869 0.002985 0.054700 0.998487
1779360583.345089 5.512174 -12.048090 0.315790 -0.011942 -0.006130 0.052041 0.998555
1779360583.401173 5.531642 -12.049150 0.305988 -0.001210 0.006352 0.052574 0.998596
1779360583.450057 5.576098 -12.041535 0.310366 -0.010910 0.009212 0.050618 0.998616
1779360583.533836 5.624917 -12.035637 0.313492 -0.014254 -0.001103 0.052790 0.998503
1779360583.556462 5.699844 -12.028001 0.295015 -0.012132 -0.009486 0.055607 0.998334
1779360583.607972 5.708560 -12.035318 0.305535 -0.004498 0.003181 0.058274 0.998286
1779360583.668209 5.768520 -12.028453 0.314008 0.002552 0.003693 0.058299 0.998289
1779360583.734630 5.832374 -12.022107 0.318274 -0.003067 -0.005535 0.056577 0.998378
1779360583.782434 5.893110 -12.019981 0.310403 -0.002271 -0.000843 0.056395 0.998406
1779360583.834741 5.921111 -12.013216 0.311482 -0.006222 0.006963 0.051144 0.998648
1779360583.884088 5.974615 -12.007051 0.313749 -0.008238 -0.002152 0.051768 0.998623
1779360583.943684 6.043647 -11.997135 0.310032 -0.009697 -0.016555 0.055935 0.998250
1779360584.000634 6.093094 -11.994116 0.305274 -0.006750 -0.001944 0.056440 0.998381
1779360584.046888 6.153024 -11.984254 0.311640 0.002181 -0.001030 0.060276 0.998179
1779360584.097542 6.210190 -11.975901 0.317987 -0.005043 -0.006101 0.058562 0.998252
1779360584.149445 6.278828 -11.971354 0.311158 -0.012439 -0.010600 0.057465 0.998214
1779360584.212110 6.281508 -11.974654 0.311645 -0.010473 0.003950 0.055844 0.998377
1779360584.258281 6.340986 -11.967375 0.313696 -0.015281 0.001892 0.054760 0.998381
1779360584.360939 6.401210 -11.958900 0.315117 -0.016262 -0.007524 0.057873 0.998163
1779360584.377208 6.472208 -11.946200 0.307873 -0.017400 -0.002732 0.058796 0.998115
1779360584.442062 6.487902 -11.951025 0.311193 -0.007605 0.001781 0.062822 0.997994
1779360584.488471 6.541775 -11.944503 0.316356 -0.002882 -0.000302 0.061408 0.998109
1779360584.539438 6.608685 -11.938314 0.320573 -0.010826 -0.006515 0.060397 0.998094
1779360584.583792 6.653455 -11.931262 0.309589 -0.009006 0.005866 0.059242 0.998186
1779360584.641751 6.713122 -11.922933 0.311429 -0.013211 0.005238 0.054762 0.998398
1779360584.709854 6.774758 -11.914395 0.312941 -0.016860 -0.005088 0.057046 0.998216
1779360584.763318 6.850146 -11.903405 0.303516 -0.013527 -0.002659 0.059034 0.998161
1779360584.797464 6.852024 -11.906588 0.308299 -0.011526 0.000872 0.062477 0.997980
1779360584.846571 6.907954 -11.899982 0.314616 -0.001162 0.000845 0.062533 0.998042
1779360584.902941 6.971426 -11.892953 0.318771 -0.008545 -0.005877 0.062184 0.998011
1779360584.960475 7.016479 -11.889879 0.311233 -0.002165 0.004004 0.062335 0.998045
1779360585.000355 7.074947 -11.878096 0.312920 -0.010429 0.006138 0.057060 0.998297
1779360585.062797 7.133190 -11.870999 0.314481 -0.013917 -0.004286 0.058471 0.998183
1779360585.111099 7.202496 -11.861259 0.299882 -0.012032 -0.007332 0.060976 0.998040
1779360585.174539 7.208670 -11.863317 0.306711 -0.010218 0.001836 0.062446 0.997994
1779360585.216146 7.265134 -11.858786 0.313612 0.000516 0.000225 0.062552 0.998042
1779360585.265064 7.320710 -11.852080 0.317630 -0.004011 -0.006668 0.062003 0.998046
1779360585.329905 7.388973 -11.845570 0.311739 -0.009147 -0.002962 0.062390 0.998006
1779360585.384243 7.431534 -11.840965 0.309792 -0.005212 0.012428 0.058219 0.998213
1779360585.426454 7.489823 -11.833585 0.311845 -0.010578 0.000464 0.057672 0.998280
1779360585.481837 7.553148 -11.825944 0.312405 -0.013096 -0.007490 0.060876 0.998031
1779360585.534178 7.590023 -11.821465 0.307677 -0.018173 -0.000841 0.061732 0.997927
1779360585.585754 7.653512 -11.819723 0.311821 -0.000959 0.004906 0.065245 0.997857
1779360585.642704 7.709521 -11.811049 0.315271 -0.007095 -0.000855 0.062638 0.998011
1779360585.694819 7.779490 -11.805014 0.311811 -0.016411 -0.002811 0.061807 0.997949
1779360585.766757 7.790133 -11.802285 0.310630 -0.013361 0.011706 0.058634 0.998122
1779360585.829164 7.844962 -11.793732 0.313460 -0.016633 0.001286 0.057581 0.998202
1779360585.851165 7.907025 -11.784517 0.315060 -0.017894 -0.011834 0.061089 0.997902
1779360585.911684 7.975811 -11.781179 0.308480 -0.009490 -0.003695 0.063086 0.997956
1779360585.996320 8.021375 -11.775084 0.314033 0.001387 0.009739 0.066404 0.997744
1779360586.020779 8.078495 -11.766856 0.319027 -0.000421 0.004302 0.065929 0.997815
1779360586.064664 8.144659 -11.760808 0.316819 -0.010321 -0.006194 0.064234 0.997862
1779360586.126823 8.152941 -11.760317 0.309481 -0.006929 0.008168 0.063219 0.997942
1779360586.197201 8.212276 -11.751600 0.312145 -0.010746 0.008783 0.060523 0.998070
1779360586.237226 8.274536 -11.743307 0.313958 -0.014127 -0.000271 0.063556 0.997878
1779360586.287163 8.342804 -11.735023 0.304177 -0.011319 0.002449 0.064461 0.997853
1779360586.337772 8.371786 -11.735800 0.309668 -0.003763 0.005429 0.069244 0.997578
1779360586.396732 8.428240 -11.727683 0.315151 -0.006463 0.002755 0.068401 0.997633
1779360586.450571 8.492065 -11.721338 0.318509 -0.011901 -0.008093 0.066736 0.997667
1779360586.535094 8.507421 -11.720282 0.307795 -0.007123 0.006286 0.066617 0.997733
1779360586.551811 8.568222 -11.714621 0.311526 -0.008591 0.009075 0.063819 0.997883
1779360586.607300 8.624641 -11.706002 0.313508 -0.013612 -0.001790 0.061010 0.998043
1779360586.665937 8.685437 -11.700218 0.300339 -0.009527 -0.011165 0.049582 0.998662
1779360586.728030 8.734323 -11.696408 0.306525 -0.002563 -0.001431 0.038025 0.999273
1779360586.776159 8.797387 -11.693182 0.313765 0.011523 -0.002685 0.028468 0.999525
1779360586.828770 8.861237 -11.690619 0.320051 0.003938 -0.014238 0.015390 0.999773
1779360586.882767 8.927564 -11.695995 0.311204 0.005954 -0.007075 0.007709 0.999928
1779360586.940061 8.942827 -11.696625 0.311085 0.006339 0.005827 -0.001469 0.999962
1779360587.003259 9.005106 -11.697994 0.312871 0.002790 0.000645 -0.007589 0.999967
1779360587.040777 9.069839 -11.700036 0.304398 0.001801 -0.003401 -0.009373 0.999949
1779360587.106818 9.095570 -11.697616 0.306286 -0.003743 0.002086 -0.012351 0.999915
1779360587.180691 9.133821 -11.701126 0.313655 0.007380 0.005031 -0.011332 0.999896
1779360587.211102 9.205044 -11.702867 0.319272 0.000839 -0.000624 -0.016512 0.999863
1779360587.329271 9.273666 -11.710082 0.312558 -0.002677 -0.002707 -0.019503 0.999803
1779360587.367730 9.301676 -11.709133 0.309612 -0.002413 0.012709 -0.023260 0.999646
1779360587.373627 9.365533 -11.712523 0.313205 -0.007669 0.006297 -0.025913 0.999615
1779360587.436048 9.434731 -11.715609 0.314933 -0.008528 -0.005323 -0.023523 0.999673
1779360587.470677 9.496324 -11.720225 0.309294 -0.008116 0.001501 -0.023256 0.999695
1779360587.525499 9.547808 -11.721830 0.312456 0.000744 0.007923 -0.020895 0.999750
1779360587.581536 9.605283 -11.724600 0.316456 -0.001452 0.002759 -0.022469 0.999743
1779360587.637097 9.667545 -11.730005 0.318542 -0.007438 -0.003946 -0.023437 0.999690
1779360587.678355 9.685145 -11.729027 0.309700 -0.006460 0.010106 -0.025656 0.999599
1779360587.737529 9.742856 -11.733327 0.313515 -0.004381 0.006620 -0.028441 0.999564
1779360587.791920 9.801900 -11.734795 0.316158 -0.010117 -0.004575 -0.026396 0.999590
1779360587.878902 9.873463 -11.740338 0.305621 -0.009431 -0.004165 -0.024984 0.999635
1779360587.895451 9.913260 -11.740566 0.311755 -0.001142 0.003103 -0.022448 0.999743
1779360587.959664 9.968450 -11.742516 0.319656 0.001823 -0.000356 -0.022695 0.999741
1779360588.004604 10.034333 -11.747460 0.324144 -0.008681 -0.009482 -0.023800 0.999634
1779360588.056919 10.080081 -11.750944 0.313899 -0.003500 0.003850 -0.023982 0.999699
1779360588.136216 10.138062 -11.756360 0.312414 -0.004936 0.009866 -0.026443 0.999590
1779360588.166861 10.196392 -11.758666 0.313877 -0.008879 -0.000245 -0.024424 0.999662
1779360588.228265 10.268687 -11.762301 0.302021 -0.005394 -0.004221 -0.022528 0.999723
1779360588.284832 10.302217 -11.761828 0.308010 -0.007257 0.001787 -0.020986 0.999752
1779360588.347474 10.355636 -11.764910 0.313890 -0.001387 -0.002081 -0.021950 0.999756
1779360588.384851 10.419188 -11.768530 0.318031 -0.008168 -0.010663 -0.024388 0.999612
1779360588.448423 10.457920 -11.771461 0.308766 -0.004142 -0.000691 -0.024378 0.999694
1779360588.492012 10.488175 -11.770331 0.309853 -0.008094 0.004812 -0.025381 0.999634
1779360588.555737 10.546683 -11.772032 0.313323 -0.013588 -0.004649 -0.023266 0.999626
1779360588.622064 10.614211 -11.774268 0.311968 -0.012962 -0.012393 -0.020429 0.999631
1779360588.653941 10.665862 -11.772812 0.309400 -0.007893 0.000915 -0.019280 0.999783
1779360588.713668 10.729652 -11.775013 0.314751 0.001459 0.004470 -0.018620 0.999816
1779360588.762407 10.786626 -11.775672 0.318079 -0.007365 -0.001074 -0.021077 0.999750
1779360588.830999 10.857484 -11.782149 0.312168 -0.012835 0.000658 -0.021555 0.999685
1779360588.867096 10.881623 -11.781121 0.310578 -0.006786 0.009580 -0.024646 0.999627
1779360588.921480 10.938543 -11.782804 0.312990 -0.009115 -0.001033 -0.023746 0.999676
1779360588.981501 11.002210 -11.784539 0.314524 -0.010694 -0.013748 -0.020083 0.999647
1779360589.039954 11.067033 -11.788292 0.308441 -0.000714 -0.002809 -0.017965 0.999835
1779360589.081579 11.121595 -11.789226 0.313744 0.009700 0.003618 -0.015779 0.999822
1779360589.136151 11.181049 -11.792024 0.318606 0.006537 -0.002747 -0.018764 0.999799
1779360589.189646 11.239331 -11.790258 0.296001 -0.005552 -0.007654 -0.020097 0.999753
1779360589.274114 11.276010 -11.792543 0.309623 -0.000586 0.007097 -0.022381 0.999724
1779360589.295154 11.334918 -11.793131 0.313233 -0.007161 0.002697 -0.024237 0.999677
1779360589.347063 11.381775 -11.794305 0.314849 -0.010601 -0.005892 -0.026241 0.999582
1779360589.406976 11.457783 -11.801741 0.303596 -0.007326 -0.015121 -0.044495 0.998868
1779360589.459643 11.502721 -11.810699 0.311324 0.003559 0.002036 -0.060466 0.998162
1779360589.513408 11.557117 -11.816853 0.318127 0.012879 -0.000728 -0.075728 0.997045
1779360589.567142 11.615904 -11.826415 0.322855 0.002652 -0.006298 -0.089492 0.995964
1779360589.616201 11.675099 -11.843252 0.313402 0.012644 0.001574 -0.100036 0.994902
1779360589.677722 11.725635 -11.848021 0.315088 0.012543 0.005718 -0.110844 0.993742
1779360589.759963 11.781383 -11.859878 0.315728 0.002324 -0.004787 -0.118280 0.992966
1779360589.788977 11.845537 -11.878173 0.305797 -0.000299 -0.011703 -0.126300 0.991923
1779360589.871188 11.880351 -11.890621 0.309148 0.004889 0.001072 -0.134460 0.990906
1779360589.881273 11.937416 -11.908239 0.315268 0.017079 0.000533 -0.142763 0.989609
1779360589.974745 11.993733 -11.924593 0.319391 0.007248 -0.005060 -0.153414 0.988122
1779360589.995458 12.057307 -11.949779 0.309008 0.002809 0.000009 -0.160681 0.987002
1779360590.093673 12.060733 -11.946251 0.312305 0.013931 0.010327 -0.169211 0.985427
1779360590.102462 12.113391 -11.963921 0.315441 0.003571 0.000189 -0.174171 0.984709
1779360590.169181 12.169584 -11.983677 0.315874 -0.002994 -0.008486 -0.175103 0.984509
1779360590.207085 12.230103 -12.005113 0.310666 0.002175 -0.000012 -0.177462 0.984125
1779360590.257150 12.271674 -12.020010 0.315161 0.010930 0.006112 -0.177037 0.984124
1779360590.318091 12.327921 -12.041556 0.319163 0.008397 0.001728 -0.181341 0.983383
1779360590.377759 12.386046 -12.068744 0.319843 -0.000910 -0.003695 -0.184644 0.982798
1779360590.414423 12.426581 -12.085082 0.311138 -0.000339 0.015652 -0.188459 0.981956
1779360590.487688 12.485065 -12.112149 0.311140 0.000393 0.013806 -0.191257 0.981443
1779360590.529770 12.542726 -12.135190 0.312134 -0.002825 0.004824 -0.188637 0.982031
1779360590.576363 12.607003 -12.157908 0.304037 -0.011259 0.009376 -0.190080 0.981659
1779360590.624978 12.643577 -12.185094 0.310584 0.005401 0.005944 -0.186029 0.982511
1779360590.685056 12.694556 -12.204478 0.316877 0.005306 0.000734 -0.188151 0.982126
1779360590.732237 12.751677 -12.231674 0.319387 -0.003605 -0.005369 -0.190854 0.981597
1779360590.788809 12.759685 -12.233358 0.310165 0.000296 0.012183 -0.192678 0.981186
1779360590.840200 12.809940 -12.257795 0.313105 0.002546 0.013312 -0.196709 0.980368
1779360590.895944 12.864231 -12.278920 0.315460 -0.005890 0.001345 -0.194840 0.980816
1779360590.956424 12.931589 -12.305759 0.303162 -0.005239 -0.003947 -0.193092 0.981159
1779360590.999354 12.936148 -12.312087 0.307907 0.002319 0.009212 -0.191702 0.981407
1779360591.051396 12.973747 -12.328525 0.313101 0.012852 0.009916 -0.191058 0.981444
1779360591.101935 13.042850 -12.352491 0.316746 0.001121 0.005183 -0.195399 0.980710
1779360591.157344 13.100384 -12.376144 0.301184 -0.003334 0.011975 -0.195064 0.980712
1779360591.241500 13.098279 -12.373042 0.308079 0.001203 0.018988 -0.197644 0.980089
1779360591.332136 13.152773 -12.396739 0.312907 -0.004858 0.014905 -0.195371 0.980604
1779360591.348120 13.202497 -12.420566 0.300386 -0.003431 0.015049 -0.192742 0.981128
1779360591.371778 13.241347 -12.433894 0.301392 -0.023066 0.017922 -0.194202 0.980527
1779360591.431087 13.285871 -12.459480 0.310037 -0.007460 0.013687 -0.186812 0.982272
1779360591.494023 13.329000 -12.467319 0.315119 -0.009463 0.013265 -0.180431 0.983453
1779360591.529340 13.377449 -12.481949 0.314460 -0.014173 0.015386 -0.166404 0.985836
1779360591.608499 13.418721 -12.491920 0.308593 -0.010296 0.013695 -0.151890 0.988249
1779360591.633617 13.451097 -12.498733 0.317177 -0.012340 0.015573 -0.141923 0.989678
1779360591.746706 13.493364 -12.509681 0.319870 -0.017673 0.011115 -0.127370 0.991635
1779360591.765752 13.538254 -12.519797 0.316884 -0.017588 0.008473 -0.109291 0.993818
1779360591.807994 13.577542 -12.531402 0.307030 -0.017980 0.012367 -0.092248 0.995497
1779360592.019673 13.604681 -12.541761 0.311963 -0.013193 0.009939 -0.076056 0.996967
1779360592.047938 13.633267 -12.547358 0.313251 -0.010180 0.006035 -0.064537 0.997845
1779360592.307741 13.662267 -12.548884 0.312574 -0.014211 0.006138 -0.057209 0.998242
1779360592.311069 13.698010 -12.549973 0.311099 -0.020931 0.003281 -0.050352 0.998507
1779360592.328269 13.763923 -12.550671 0.314342 -0.028656 0.002362 -0.042203 0.998695
1779360592.342953 13.797355 -12.551104 0.315981 -0.025118 0.005452 -0.034490 0.999074
1779360592.445128 13.832855 -12.551719 0.315088 -0.027637 0.004115 -0.028963 0.999190
1779360592.456321 13.926209 -12.547879 0.309367 -0.019379 -0.003546 -0.018538 0.999634
1779360592.490002 13.972307 -12.547810 0.310662 -0.013883 0.013659 -0.012900 0.999727
1779360592.494141 14.023187 -12.548601 0.314140 -0.006527 0.008978 -0.010847 0.999880
1779360592.499928 14.071761 -12.549448 0.315659 -0.009823 0.004094 -0.010549 0.999888
1779360592.547194 14.134055 -12.553644 0.309860 -0.013964 0.005729 -0.008312 0.999852
1779360592.737346 14.173636 -12.550883 0.311927 -0.007862 0.015324 -0.010594 0.999796
1779360592.741204 14.229738 -12.552457 0.315814 -0.011011 0.009199 -0.008145 0.999864
1779360592.746386 14.290743 -12.553935 0.315678 -0.010938 0.002833 -0.004120 0.999928
1779360592.772382 14.352256 -12.550083 0.311365 -0.016058 0.012014 -0.003710 0.999792
1779360593.223786 14.400894 -12.556991 0.312639 0.003219 0.014696 -0.002284 0.999884
1779360593.497543 14.453455 -12.557576 0.316016 0.003649 0.007356 -0.002875 0.999962
1779360593.501257 14.511289 -12.561817 0.317247 -0.003232 -0.003757 -0.004522 0.999978
1779360593.502695 14.526627 -12.557139 0.308411 -0.010645 0.017210 -0.005593 0.999780
1779360594.117368 14.577164 -12.561713 0.314366 -0.004946 0.024176 -0.009189 0.999653
1779360594.129436 14.635458 -12.560877 0.317320 -0.009918 0.014509 -0.007107 0.999820
1779360594.132715 14.702615 -12.562407 0.301703 -0.007240 0.009131 -0.004482 0.999922
1779360594.136425 14.717327 -12.560912 0.306483 -0.005216 0.011157 -0.002193 0.999922
1779360594.146571 14.773948 -12.562941 0.311083 0.000603 0.010012 -0.002366 0.999947
1779360594.392911 14.834373 -12.562520 0.313892 -0.004700 0.000716 -0.003658 0.999982
1779360594.409615 14.878639 -12.566683 0.307493 0.002110 0.007577 -0.002668 0.999966
1779360594.411430 14.911609 -12.561761 0.310941 -0.004343 0.013648 -0.007493 0.999869
1779360594.454678 14.970913 -12.562330 0.313570 -0.010575 0.005433 -0.006654 0.999907
1779360594.464053 15.040792 -12.562109 0.303962 -0.009370 0.001672 -0.004356 0.999945
1779360594.487678 15.066953 -12.560661 0.308170 -0.010924 0.008432 -0.003002 0.999900
1779360594.493059 15.123363 -12.562697 0.314975 -0.000202 0.007009 -0.000315 0.999975
1779360594.497948 15.243218 -12.566856 0.309710 -0.006975 0.004332 -0.001609 0.999965
1779360594.511160 15.357691 -12.561649 0.310710 -0.016424 -0.005941 -0.000822 0.999847
1779360594.694490 15.421221 -12.564122 0.306381 -0.015388 0.002651 -0.000069 0.999878
1779360594.699558 15.475023 -12.561584 0.309725 -0.011746 0.008857 0.002173 0.999889
1779360594.749825 15.523236 -12.561436 0.316610 -0.003643 0.007926 0.003312 0.999957
1779360594.751970 15.577690 -12.559519 0.319055 -0.012148 -0.000021 0.001325 0.999925
1779360594.772346 15.631512 -12.566982 0.312744 0.003159 0.005802 0.002388 0.999975
1779360594.910828 15.678669 -12.560053 0.312878 -0.003794 0.010767 0.000284 0.999935
1779360594.915674 15.731465 -12.560680 0.315908 -0.009009 0.003288 0.000421 0.999954
1779360594.934694 15.791632 -12.560945 0.316292 -0.007335 -0.007764 0.002641 0.999940
1779360594.938834 15.902938 -12.556931 0.315132 0.002779 0.005183 0.004843 0.999971
1779360594.955806 15.960876 -12.556599 0.318136 0.001013 -0.000939 0.002599 0.999996
1779360594.956856 16.027336 -12.561241 0.308382 -0.005380 -0.006022 0.001992 0.999965
1779360595.198065 16.047617 -12.561890 0.311096 -0.008222 0.017930 0.000126 0.999805
1779360595.200898 16.109894 -12.563522 0.314185 -0.012601 0.018160 -0.000807 0.999756
1779360595.878614 16.166773 -12.562230 0.315867 -0.015336 0.010270 0.002027 0.999828
1779360595.884866 16.241516 -12.559434 0.305802 -0.012593 0.011938 0.003599 0.999843
1779360595.886441 16.243824 -12.564769 0.309038 -0.003554 0.016951 0.006171 0.999831
1779360595.905585 16.294313 -12.563811 0.314044 0.000180 0.014315 0.006091 0.999879
1779360595.922717 16.355619 -12.562995 0.316407 -0.008964 0.004197 0.005065 0.999938
1779360595.933447 16.405176 -12.563931 0.309441 -0.004934 0.012838 0.005254 0.999892
1779360595.939970 16.467926 -12.557028 0.312883 -0.014577 0.011593 -0.000274 0.999826
1779360595.943405 16.593454 -12.553432 0.304915 -0.019354 -0.007087 0.004415 0.999778
1779360596.293451 16.629801 -12.560150 0.308795 -0.014000 0.011242 0.006724 0.999816
1779360596.298276 16.691103 -12.557570 0.313729 -0.010327 0.012745 0.006476 0.999844
1779360596.321973 16.750851 -12.555861 0.315667 -0.016179 0.004137 0.004977 0.999848
1779360596.323407 16.811907 -12.562324 0.309112 -0.009812 0.008491 0.005271 0.999902
1779360596.342078 16.817268 -12.562327 0.312349 -0.002121 0.013439 0.001315 0.999907
1779360596.345727 16.879942 -12.561198 0.315250 -0.008546 0.003234 0.002248 0.999956
1779360596.375221 16.939430 -12.561202 0.315154 -0.010438 -0.004014 0.004186 0.999929
1779360596.382936 17.001509 -12.557062 0.311809 -0.013236 0.004038 0.004657 0.999893
1779360596.409640 17.148907 -12.562647 0.297931 -0.001919 -0.008634 0.002694 0.999957
1779360596.417560 17.200344 -12.566704 0.313583 0.000568 0.015213 0.000087 0.999884
1779360596.442891 17.256752 -12.571446 0.309010 0.004264 0.022991 0.001425 0.999726
1779360596.486427 17.300253 -12.570913 0.300349 -0.008948 0.021959 0.001782 0.999717
1779360596.495453 17.334808 -12.576862 0.302107 -0.009331 0.006063 0.000384 0.999938
1779360596.507786 17.373430 -12.577596 0.310491 0.000513 0.010667 0.002121 0.999941
1779360596.512435 17.415077 -12.575856 0.313598 -0.005499 0.005444 0.001153 0.999969
1779360596.539184 17.462288 -12.578976 0.312730 -0.008836 0.007606 0.003420 0.999926
1779360596.568376 17.500710 -12.573788 0.310652 -0.018726 0.015816 0.001062 0.999699
1779360596.571580 17.535339 -12.574332 0.311106 -0.020405 0.014157 0.001355 0.999691
1779360596.598456 17.585642 -12.573490 0.311987 -0.019219 0.006159 0.004472 0.999786
1779360596.600270 17.644350 -12.571249 0.312537 -0.016924 -0.000626 0.006746 0.999834
1779360596.613986 17.695427 -12.570299 0.306979 -0.012084 0.010170 0.008134 0.999842
1779360596.623827 17.752417 -12.568248 0.311435 -0.002123 0.010378 0.009376 0.999900
1779360596.631768 17.806995 -12.566447 0.315087 -0.004743 0.002889 0.007517 0.999956
1779360596.677091 17.870176 -12.568463 0.309577 -0.012102 -0.002833 0.006276 0.999903
1779360596.681684 17.903946 -12.566617 0.308270 -0.009419 0.013828 0.004091 0.999852
1779360596.700441 17.959757 -12.565572 0.310198 -0.014488 0.012995 0.003651 0.999804
1779360596.724360 18.016190 -12.563758 0.311203 -0.016254 0.003967 0.006958 0.999836
1779360596.774199 18.087650 -12.559256 0.302665 -0.015001 -0.000997 0.009686 0.999840
1779360596.823958 18.137306 -12.561228 0.308537 -0.003301 0.011588 0.012169 0.999853
1779360596.875972 18.195311 -12.559426 0.315682 0.004702 0.007727 0.013316 0.999870
1779360596.930511 18.255432 -12.557959 0.318420 -0.005585 -0.000059 0.011482 0.999919
1779360596.983478 18.316999 -12.558985 0.309740 -0.008888 0.005985 0.010813 0.999884
1779360597.033240 18.364710 -12.558044 0.310304 -0.007903 0.019200 0.008041 0.999752
1779360597.113618 18.424410 -12.556281 0.312815 -0.009424 0.008989 0.009875 0.999866
1779360597.138172 18.490110 -12.553653 0.314962 -0.008527 0.002893 0.023470 0.999684
1779360597.195398 18.505327 -12.547670 0.305840 -0.021167 0.004891 0.045290 0.998738
1779360597.257331 18.557764 -12.548474 0.315860 -0.002431 0.003567 0.069193 0.997594
1779360597.320434 18.615011 -12.540412 0.318414 -0.008251 -0.004798 0.081842 0.996600
1779360597.354999 18.674009 -12.534660 0.311760 -0.007773 -0.011386 0.093352 0.995538
1779360597.405812 18.691063 -12.530862 0.310739 -0.024910 0.017268 0.098190 0.994706
1779360597.458166 18.751099 -12.519765 0.314405 -0.028186 0.015418 0.107552 0.993680
1779360597.542451 18.814318 -12.504428 0.314137 -0.026494 0.005862 0.118219 0.992617
1779360597.597339 18.864382 -12.488458 0.307935 -0.038191 0.002518 0.124197 0.991519
1779360597.620336 18.925581 -12.482077 0.313178 -0.013629 0.002885 0.134810 0.990774
1779360597.719070 18.977226 -12.465760 0.316726 -0.015392 -0.003852 0.137276 0.990406
1779360597.732014 19.048674 -12.448533 0.312957 -0.018068 -0.009402 0.141397 0.989744
1779360597.822444 19.092199 -12.436023 0.312874 -0.022437 0.015532 0.143322 0.989300
1779360597.865572 19.151154 -12.417361 0.317035 -0.023334 0.015425 0.152233 0.987949
1779360597.932041 19.210043 -12.396079 0.317612 -0.021652 0.006962 0.166566 0.985768
1779360597.958907 19.273514 -12.373613 0.310549 -0.022553 0.009816 0.177163 0.983874
1779360598.020234 19.310007 -12.363921 0.312816 -0.009706 0.011739 0.189046 0.981850
1779360598.120679 19.358871 -12.344287 0.318227 -0.007743 0.001289 0.194465 0.980878
1779360598.168945 19.419182 -12.323739 0.306543 -0.011130 -0.011285 0.198430 0.979987
1779360598.172522 19.462856 -12.298591 0.310294 -0.025957 0.014840 0.200799 0.979176
1779360598.221027 19.521084 -12.280940 0.317358 -0.015726 0.021959 0.199746 0.979476
1779360598.282197 19.576437 -12.254828 0.320234 -0.018534 0.014719 0.204446 0.978592
1779360598.319905 19.641775 -12.227554 0.306677 -0.015132 0.015790 0.208732 0.977728
1779360598.380088 19.655426 -12.222730 0.313068 -0.014555 0.013482 0.214421 0.976540
1779360598.424922 19.705059 -12.199551 0.316388 -0.007883 0.010245 0.214478 0.976643
1779360598.481156 19.760576 -12.175089 0.316954 -0.012405 0.002541 0.215795 0.976357
1779360598.530874 19.780455 -12.167449 0.308477 -0.006536 0.014875 0.217009 0.976034
1779360598.583414 19.826302 -12.143929 0.313189 -0.011270 0.014167 0.215077 0.976429
1779360598.636796 19.879456 -12.117570 0.315707 -0.016687 0.003531 0.221442 0.975024
1779360598.697615 19.941689 -12.081524 0.310970 -0.015314 0.005182 0.239518 0.970757
1779360598.750750 19.975260 -12.064815 0.309235 -0.020927 0.002637 0.262640 0.964663
1779360598.793017 20.020721 -12.038578 0.313733 -0.015823 -0.001373 0.280108 0.959837
1779360598.849123 20.072035 -12.005679 0.317823 -0.020578 -0.018765 0.292067 0.955992
1779360598.905961 20.099569 -11.987309 0.307889 -0.036095 -0.011400 0.302416 0.952424
1779360598.957464 20.144062 -11.960346 0.311426 -0.034759 0.002295 0.306766 0.951147
1779360599.013992 20.194344 -11.922660 0.315360 -0.036310 -0.006029 0.316677 0.947819
1779360599.064580 20.246815 -11.882165 0.299572 -0.029765 -0.012803 0.326582 0.944613
1779360599.140627 20.269640 -11.874288 0.307586 -0.028044 -0.005008 0.333797 0.942215
1779360599.175089 20.314528 -11.840500 0.315116 -0.017056 -0.003326 0.340867 0.939951
1779360599.231955 20.359510 -11.802643 0.319081 -0.017536 -0.013616 0.344260 0.938612
1779360599.279810 20.416798 -11.759857 0.309952 -0.017294 -0.011100 0.348532 0.937072
1779360599.332440 20.404091 -11.769923 0.310210 -0.022142 0.003164 0.348914 0.936888
1779360599.386281 20.449966 -11.731121 0.313873 -0.025150 -0.000307 0.350824 0.936103
1779360599.439075 20.498684 -11.688216 0.315265 -0.019208 -0.005770 0.356586 0.934047
1779360599.491287 20.529285 -11.656777 0.307735 -0.027334 -0.004907 0.358848 0.932983
1779360599.559926 20.556227 -11.638167 0.312558 -0.009595 0.005014 0.363214 0.931643
1779360599.623989 20.588230 -11.601260 0.312072 -0.015374 -0.000331 0.363239 0.931569
1779360599.651397 20.625952 -11.556506 0.296958 -0.028467 -0.002345 0.363409 0.931192
1779360599.705215 20.660744 -11.524912 0.304020 -0.001172 0.000500 0.365756 0.930710
1779360599.760662 20.684408 -11.499185 0.314521 -0.011191 -0.004513 0.364053 0.931300
1779360599.821678 20.714729 -11.468922 0.316574 -0.014010 -0.012196 0.367000 0.930036
1779360599.871507 20.751493 -11.433905 0.315263 -0.011969 -0.018217 0.369157 0.929112
1779360599.923279 20.790831 -11.394586 0.311959 -0.006945 -0.004962 0.371222 0.928505
1779360599.972656 20.820477 -11.363393 0.314267 -0.012956 0.008158 0.372990 0.927709
1779360600.055858 20.853842 -11.333039 0.316849 -0.005635 0.008176 0.372824 0.927849
1779360600.084286 20.900278 -11.287374 0.318010 -0.011840 -0.001730 0.370897 0.928597
1779360600.135648 20.925707 -11.265958 0.309155 -0.008443 0.007492 0.370980 0.928572
1779360600.189321 20.959105 -11.230137 0.313318 -0.015181 0.008064 0.368420 0.929501
1779360600.242424 20.996984 -11.193830 0.315385 -0.019646 0.000185 0.370730 0.928533
1779360600.312292 21.042294 -11.148714 0.315329 -0.014985 -0.006218 0.374448 0.927106
1779360600.347664 21.054855 -11.139457 0.307681 -0.017534 0.004259 0.375012 0.926844
1779360600.430511 21.093000 -11.105719 0.313381 -0.004995 0.009668 0.376090 0.926519
1779360600.463780 21.136530 -11.063556 0.317052 -0.005775 0.000941 0.375237 0.926910
1779360600.513021 21.186796 -11.020185 0.310806 -0.009327 -0.001872 0.375800 0.926652
1779360600.565303 21.216715 -10.991620 0.312181 -0.021642 0.019625 0.372059 0.927749
1779360600.617489 21.260305 -10.950763 0.314556 -0.022925 0.013046 0.370776 0.928348
1779360600.671812 21.303432 -10.908037 0.314961 -0.023078 0.002314 0.373424 0.927371
1779360600.730268 21.350613 -10.860079 0.308748 -0.027654 0.004301 0.373696 0.927129
1779360600.777744 21.363148 -10.856887 0.313757 -0.011605 0.016615 0.380175 0.924693
1779360600.831479 21.401342 -10.818973 0.318014 -0.008614 0.013826 0.378449 0.925479
1779360600.885458 21.448704 -10.774554 0.305482 -0.015417 0.005931 0.378055 0.925636
1779360600.937436 21.459782 -10.771213 0.310170 -0.007962 0.019116 0.376619 0.926137
1779360600.991568 21.496960 -10.730903 0.316660 -0.011801 0.012059 0.372258 0.927976
1779360601.044079 21.541864 -10.688622 0.317677 -0.012111 0.000019 0.374654 0.927086
1779360601.111748 21.593653 -10.633200 0.310881 -0.013953 0.004529 0.375566 0.926680
1779360601.158196 21.633537 -10.594568 0.314639 -0.004309 0.013502 0.378556 0.925470
1779360601.208347 21.672741 -10.557188 0.318960 -0.002896 0.007404 0.377775 0.925863
1779360601.259821 21.719511 -10.515991 0.320234 -0.005472 -0.006780 0.375866 0.926633
1779360601.316198 21.728893 -10.500669 0.308455 -0.020667 0.006500 0.374829 0.926841
1779360601.363300 21.760548 -10.477977 0.313074 -0.014965 0.013086 0.373516 0.927411
1779360601.436571 21.802816 -10.434892 0.316424 -0.018538 0.002071 0.375324 0.926706
1779360601.470981 21.850819 -10.388568 0.299842 -0.014941 -0.000323 0.378326 0.925552
1779360601.529456 21.867607 -10.374447 0.307835 -0.015764 0.016621 0.380897 0.924334
1779360601.581681 21.910109 -10.335960 0.314225 -0.005184 0.021915 0.380073 0.924682
1779360601.631190 21.950777 -10.292469 0.309938 -0.010332 0.012025 0.378967 0.925274
1779360601.682938 21.978321 -10.264007 0.298194 -0.010457 0.017040 0.379601 0.924934
1779360601.743193 21.970491 -10.270887 0.306092 -0.015180 0.022849 0.374556 0.926799
1779360601.807582 22.012333 -10.231344 0.312224 -0.018256 0.013494 0.375814 0.926417
1779360601.845406 22.062012 -10.185940 0.299557 -0.015187 0.009096 0.378057 0.925613
1779360601.897124 22.073965 -10.170014 0.304543 -0.015771 0.005953 0.378629 0.925395
1779360601.956008 22.116232 -10.134049 0.312422 -0.001752 0.012544 0.380220 0.924809
1779360602.010378 22.158381 -10.090529 0.315984 -0.005883 0.001058 0.378738 0.925485
1779360602.067268 22.207727 -10.048209 0.310409 -0.008012 0.004053 0.378975 0.925364
1779360602.111144 22.203602 -10.049111 0.309576 -0.016490 0.011146 0.377219 0.925910
1779360602.171920 22.243168 -10.010387 0.313380 -0.018228 -0.001358 0.377994 0.925627
1779360602.220642 22.292149 -9.961524 0.314823 -0.016558 -0.010869 0.381646 0.924097
1779360602.277875 22.334045 -9.922481 0.310167 -0.020759 -0.004474 0.382492 0.923715
1779360602.327707 22.367622 -9.891938 0.311552 -0.015266 0.005746 0.387705 0.921639
1779360602.385397 22.404182 -9.850710 0.314515 -0.012997 0.001766 0.399412 0.916678
1779360602.437964 22.446474 -9.803477 0.299742 -0.011745 -0.006916 0.422108 0.906443
1779360602.513059 22.423315 -9.828706 0.307502 -0.024058 0.003744 0.440780 0.897285
1779360602.555450 22.469704 -9.772952 0.314187 -0.020567 0.008890 0.459260 0.888019
1779360602.601597 22.503689 -9.723078 0.311092 -0.020112 0.005612 0.473982 0.880287
1779360602.666180 22.525465 -9.676276 0.310095 -0.030003 -0.007929 0.483902 0.874572
1779360602.708205 22.565786 -9.630377 0.315791 -0.006946 0.000127 0.494578 0.869106
1779360602.785131 22.591288 -9.578361 0.315194 -0.009699 -0.012638 0.500841 0.865393
1779360602.821312 22.617292 -9.530684 0.292149 -0.011455 -0.015241 0.506340 0.862123
1779360602.868752 22.596035 -9.548331 0.304163 -0.024740 0.002564 0.508573 0.860659
1779360602.921686 22.619944 -9.500835 0.312151 -0.026512 -0.001360 0.510538 0.859446
1779360602.981263 22.641733 -9.449585 0.316466 -0.024410 -0.015845 0.516411 0.855846
1779360603.030164 22.667101 -9.386314 0.309772 -0.016638 -0.019920 0.521971 0.852568
1779360603.084463 22.691252 -9.345851 0.311265 -0.013108 0.004569 0.528524 0.848805
1779360603.143655 22.714581 -9.291206 0.314451 -0.009215 0.004439 0.532643 0.846278
1779360603.192713 22.741484 -9.236095 0.316803 -0.011987 -0.006981 0.532983 0.846012
1779360603.243058 22.762890 -9.204201 0.305830 -0.004765 0.001056 0.535432 0.844565
1779360603.300743 22.769152 -9.189224 0.313399 -0.013002 -0.000147 0.532991 0.846021
1779360603.347773 22.794283 -9.137791 0.317883 -0.012224 -0.007961 0.535599 0.844346
1779360603.407251 22.820917 -9.080307 0.319598 -0.009005 -0.012464 0.538009 0.842799
1779360603.462516 22.828007 -9.070652 0.310195 -0.013829 -0.003204 0.539178 0.842072
1779360603.510773 22.852583 -9.021688 0.316523 -0.001757 0.004654 0.540922 0.841058
1779360603.566979 22.875931 -8.968033 0.319846 -0.005047 -0.004658 0.540702 0.841186
1779360603.622507 22.908283 -8.904598 0.310308 -0.011438 -0.005989 0.541434 0.840644
1779360603.677491 22.903460 -8.908091 0.313469 -0.018011 0.008510 0.539725 0.841606
1779360603.723813 22.926203 -8.853440 0.316596 -0.017200 0.001341 0.547881 0.836378
1779360603.787418 22.946053 -8.792834 0.317858 -0.012858 -0.005412 0.566854 0.823700
1779360603.836693 22.963514 -8.768536 0.308696 -0.013066 0.008389 0.581936 0.813086
1779360603.893537 22.978331 -8.727072 0.314952 -0.012697 0.017260 0.596188 0.802559
1779360603.940252 22.992804 -8.672294 0.315431 -0.015926 0.006925 0.605066 0.795986
1779360603.990749 23.009754 -8.611982 0.296329 -0.014988 0.000634 0.613012 0.789931
1779360604.046061 23.021523 -8.570087 0.307699 -0.030792 0.014967 0.617111 0.786131
1779360604.103945 23.037920 -8.513194 0.309825 -0.030756 0.011455 0.622559 0.781885
1779360604.151031 23.052780 -8.451679 0.309534 -0.026513 0.006303 0.631139 0.775191
1779360604.206283 23.058300 -8.394071 0.303882 -0.036342 -0.008474 0.634441 0.772070
1779360604.256347 23.083044 -8.342224 0.312334 -0.008885 0.004070 0.642889 0.765897
1779360604.314632 23.092402 -8.291446 0.317266 -0.002872 -0.001754 0.644003 0.765015
1779360604.367631 23.108952 -8.227290 0.319272 0.002963 -0.011294 0.646641 0.762705
1779360604.418556 23.111580 -8.191310 0.311300 -0.018993 0.004516 0.647042 0.762205
1779360604.480351 23.124866 -8.133433 0.314137 -0.023140 0.009411 0.645966 0.762958
1779360604.532150 23.134352 -8.073656 0.316180 -0.017668 0.002318 0.648862 0.760697
1779360604.585109 23.145359 -8.020692 0.301930 -0.012278 0.002975 0.651347 0.758675
1779360604.633996 23.154316 -7.965471 0.310367 -0.011210 0.002361 0.654942 0.755593
1779360604.688505 23.164705 -7.908125 0.316267 -0.003623 0.001702 0.654615 0.755952
1779360604.740903 23.176289 -7.844919 0.318659 -0.002252 -0.009784 0.654021 0.756410
1779360604.794658 23.179277 -7.817180 0.309831 -0.014581 0.001583 0.654431 0.755980
1779360604.852698 23.189985 -7.774837 0.311889 -0.015712 0.007758 0.652999 0.757156
1779360604.898132 23.197096 -7.720762 0.315457 -0.012588 -0.002106 0.655435 0.755144
1779360604.952147 23.203621 -7.652503 0.311514 -0.008525 -0.003958 0.664536 0.747198
1779360605.020344 23.205507 -7.627104 0.309630 -0.013500 0.002020 0.673184 0.739349
1779360605.058776 23.212942 -7.572495 0.314229 -0.010097 0.005442 0.680229 0.732910
1779360605.119332 23.217205 -7.512618 0.316162 -0.007878 -0.006620 0.684152 0.729267
1779360605.166425 23.223944 -7.453337 0.306708 -0.011977 -0.007467 0.688406 0.725188
1779360605.215319 23.226257 -7.452280 0.308246 -0.027925 0.002447 0.689185 0.724043
1779360605.268085 23.228916 -7.395710 0.313538 -0.025475 -0.007558 0.691976 0.721431
1779360605.328653 23.229834 -7.333074 0.315842 -0.022055 -0.017683 0.696343 0.717152
1779360605.375989 23.229214 -7.273333 0.309078 -0.027835 -0.020394 0.698400 0.714875
1779360605.430585 23.237020 -7.227353 0.310984 -0.017679 -0.000233 0.702701 0.711266
1779360605.483503 23.236067 -7.169502 0.313582 -0.016835 -0.003081 0.703980 0.710014
1779360605.538341 23.238400 -7.101317 0.307854 -0.019406 -0.009095 0.705373 0.708512
1779360605.589009 23.234793 -7.081296 0.308396 -0.027492 -0.002020 0.704541 0.709128
1779360605.660384 23.234243 -7.022837 0.313822 -0.025045 -0.006033 0.703795 0.709936
1779360605.696191 23.232590 -6.961710 0.314786 -0.014834 -0.014843 0.707517 0.706385
1779360605.746662 23.233953 -6.888913 0.305998 -0.013938 -0.012241 0.709914 0.704044
1779360605.807954 23.236557 -6.848708 0.310890 -0.016948 0.000913 0.712116 0.701856
1779360605.859286 23.236492 -6.793144 0.315342 -0.008246 0.000639 0.712846 0.701272
1779360605.910457 23.238241 -6.731937 0.316602 -0.004610 -0.010043 0.711562 0.702536
1779360605.962454 23.233719 -6.689627 0.304348 -0.022042 -0.005319 0.709835 0.704003
1779360606.024969 23.234741 -6.654202 0.310279 -0.017782 0.011426 0.699512 0.714308
1779360606.066665 23.234026 -6.598321 0.314414 -0.018784 -0.008060 0.683369 0.729787
1779360606.124131 23.233877 -6.540609 0.294187 -0.008893 -0.023825 0.665982 0.745535
1779360606.174708 23.252783 -6.526476 0.301861 0.007893 0.016140 0.654730 0.755650
1779360606.233253 23.256462 -6.472764 0.315193 -0.000292 0.025039 0.639705 0.768212
1779360606.301152 23.268717 -6.414526 0.322090 -0.001900 0.018824 0.625058 0.780349
1779360606.370503 23.289000 -6.355500 0.310607 -0.009323 0.023831 0.613263 0.789465
1779360606.394939 23.298349 -6.313899 0.310857 -0.003322 0.021425 0.601227 0.798784
1779360606.454561 23.312838 -6.255058 0.312794 -0.002163 0.005785 0.593724 0.804645
1779360606.506799 23.330885 -6.194614 0.313313 0.002037 -0.005454 0.590549 0.806981
1779360606.552123 23.342508 -6.176578 0.305396 -0.004150 0.009166 0.594432 0.804083
1779360606.606018 23.359085 -6.124969 0.315141 -0.004816 0.017401 0.607678 0.793978
1779360606.659644 23.374460 -6.073144 0.318703 -0.000473 0.008577 0.617352 0.786640
1779360606.710548 23.395372 -6.006765 0.306604 0.008928 -0.000169 0.626212 0.779602
1779360606.774513 23.388817 -6.002048 0.303975 -0.017064 0.018318 0.628565 0.777354
1779360606.820792 23.407875 -5.941839 0.311853 -0.014201 0.016219 0.631570 0.775019
1779360606.871879 23.418596 -5.880177 0.316294 -0.013049 0.001028 0.638713 0.769334
1779360606.924910 23.427040 -5.813179 0.309119 -0.021038 -0.007704 0.642467 0.765986
1779360606.980549 23.442266 -5.774569 0.310865 -0.008705 0.002801 0.650549 0.759409
1779360607.033562 23.449198 -5.717408 0.314720 -0.010168 -0.006586 0.652027 0.758099
1779360607.085668 23.461649 -5.651617 0.306712 -0.011538 -0.017403 0.653469 0.756666
1779360607.138758 23.465710 -5.614955 0.307815 -0.013106 -0.000321 0.654256 0.756160
1779360607.208664 23.472395 -5.552911 0.309678 -0.007765 -0.000856 0.655012 0.755578
1779360607.243825 23.478359 -5.492559 0.312253 -0.002787 -0.009883 0.659266 0.751840
1779360607.296428 23.484983 -5.417967 0.301800 0.001039 -0.012869 0.662360 0.749075
1779360607.350821 23.496529 -5.388115 0.308008 0.004567 0.008639 0.665673 0.746179
1779360607.407289 23.502129 -5.328853 0.314127 0.008337 0.004941 0.666231 0.745683
1779360607.467132 23.513325 -5.265786 0.317988 0.011149 -0.008094 0.665316 0.746434
1779360607.513689 23.519978 -5.216264 0.308806 -0.001311 -0.000508 0.665242 0.746626
1779360607.572122 23.525419 -5.184283 0.311565 -0.004945 0.007613 0.662989 0.748574
1779360607.630117 23.531687 -5.124511 0.314743 -0.007176 -0.004940 0.663917 0.747755
1779360607.677756 23.539623 -5.057262 0.306802 -0.004198 -0.006374 0.666538 0.745432
1779360607.728652 23.538540 -5.033513 0.308807 -0.011181 -0.006312 0.672023 0.740419
1779360607.781373 23.548571 -4.974289 0.318513 -0.002740 -0.000646 0.686254 0.727356
1779360607.835337 23.549751 -4.934934 0.321001 -0.000224 -0.007140 0.692113 0.721754
1779360607.891470 23.555349 -4.864645 0.296538 0.003119 -0.012697 0.701867 0.712188
1779360607.941149 23.549547 -4.851464 0.306008 -0.024152 -0.001250 0.705007 0.708788
1779360607.996198 23.551882 -4.795525 0.313391 -0.022872 -0.002574 0.708363 0.705473
1779360608.049551 23.547543 -4.741057 0.317509 -0.018976 -0.017305 0.715246 0.698401
1779360608.129441 23.539988 -4.669698 0.312051 -0.014244 -0.017297 0.720985 0.692588
1779360608.154011 23.537186 -4.621257 0.315013 -0.014371 0.001728 0.726796 0.686701
1779360608.207290 23.533075 -4.565535 0.319661 -0.008592 0.002497 0.730338 0.683027
1779360608.261285 23.529655 -4.504480 0.321912 -0.007452 -0.010678 0.732550 0.680589
1779360608.320749 23.529436 -4.459437 0.312095 -0.007423 -0.001119 0.734868 0.678169
1779360608.371514 23.522213 -4.399479 0.313398 -0.011167 -0.002567 0.734750 0.678241
1779360608.423565 23.518192 -4.340947 0.315296 -0.006427 -0.009723 0.738106 0.674584
1779360608.474708 23.512094 -4.269481 0.307620 -0.002639 -0.006334 0.740865 0.671619
1779360608.537215 23.509089 -4.223276 0.309603 -0.002786 0.001318 0.742575 0.669757
1779360608.585670 23.506651 -4.166646 0.316226 0.002906 0.002181 0.743102 0.669168
1779360608.635901 23.500217 -4.105955 0.318956 0.004775 -0.013717 0.741243 0.671080
1779360608.688342 23.497395 -4.042065 0.307327 0.001140 -0.013690 0.740906 0.671469
1779360608.745664 23.498133 -4.014237 0.310657 -0.008964 0.003982 0.740061 0.672469
1779360608.798718 23.490686 -3.951059 0.313280 -0.006785 -0.007580 0.740344 0.672152
1779360608.849200 23.483278 -3.883889 0.301627 -0.003559 -0.012324 0.741955 0.670327
1779360608.921445 23.478924 -3.856795 0.305882 -0.011482 -0.010813 0.742826 0.669299
1779360608.960350 23.473452 -3.801302 0.312622 -0.007003 -0.001797 0.744036 0.668101
1779360609.017347 23.464537 -3.745020 0.315226 -0.007986 -0.009127 0.742565 0.669664
1779360609.067242 23.465872 -3.689733 0.308473 0.003102 0.008546 0.738682 0.673993
1779360609.121338 23.454695 -3.649645 0.313454 -0.002226 0.003817 0.720831 0.693097
1779360609.175598 23.454527 -3.590661 0.315310 0.000329 -0.004610 0.706450 0.707748
1779360609.239285 23.453804 -3.533596 0.315820 0.005509 -0.011013 0.695124 0.718785
1779360609.281477 23.461166 -3.464352 0.307033 0.001292 -0.004158 0.683996 0.729473
1779360609.337414 23.465525 -3.430196 0.312444 0.003139 0.033257 0.679428 0.732982
1779360609.387880 23.471766 -3.377243 0.316761 0.001756 0.033015 0.670165 0.741476
1779360609.442797 23.482647 -3.316873 0.316086 0.001925 0.022406 0.661081 0.749977
1779360609.498644 23.490536 -3.281847 0.310377 0.000067 0.034747 0.653713 0.755945
1779360609.548926 23.496679 -3.236375 0.312416 -0.001293 0.031639 0.646975 0.761854
1779360609.601999 23.506491 -3.179124 0.314533 0.003849 0.014837 0.648275 0.761252
1779360609.655079 23.511620 -3.104522 0.308602 0.001089 0.015117 0.657232 0.753536
1779360609.707732 23.515825 -3.095870 0.310872 -0.009013 0.006583 0.665611 0.746216
1779360609.760470 23.523844 -3.037608 0.313792 -0.005764 0.009274 0.670228 0.742075
1779360609.816157 23.532928 -2.973428 0.313865 -0.004597 -0.002884 0.674134 0.738590
1779360609.870476 23.535688 -2.961448 0.305541 -0.016853 0.006923 0.676698 0.736035
1779360609.933631 23.540520 -2.912225 0.310267 -0.015650 0.002066 0.678782 0.734170
1779360609.983478 23.543982 -2.835071 0.314953 -0.008690 -0.010328 0.684067 0.729295
1779360610.035837 23.549694 -2.761642 0.304947 -0.005440 -0.009316 0.687597 0.726013
1779360610.102135 23.555824 -2.737197 0.309290 -0.008315 0.003459 0.691499 0.722322
1779360610.146627 23.558613 -2.681927 0.314129 -0.003276 0.002666 0.692731 0.721184
1779360610.200661 23.560907 -2.621336 0.316876 -0.002088 -0.009698 0.692422 0.721425
1779360610.260513 23.566206 -2.565009 0.309734 -0.007600 -0.002649 0.693327 0.720579
1779360610.305411 23.566927 -2.555220 0.313976 -0.012821 0.003673 0.691145 0.722593
1779360610.361825 23.567429 -2.501234 0.317539 -0.008554 -0.007580 0.692974 0.720872
1779360610.411181 23.568125 -2.435424 0.319322 -0.001937 -0.015626 0.695931 0.717936
1779360610.467637 23.572351 -2.388078 0.310609 -0.006572 0.000074 0.697530 0.716525
1779360610.520327 23.569483 -2.317898 0.316081 -0.005940 0.012381 0.698817 0.715169
1779360610.573317 23.570496 -2.258482 0.319433 -0.007199 0.006481 0.697858 0.716171
1779360610.624448 23.575510 -2.193883 0.304497 -0.013883 0.002522 0.697971 0.715987
1779360610.678096 23.576548 -2.155678 0.311027 -0.010825 0.006442 0.696765 0.717189
1779360610.732995 23.576483 -2.090779 0.316064 -0.008202 -0.005331 0.695259 0.718693
1779360610.794886 23.578154 -2.029584 0.317246 -0.003195 -0.009522 0.696774 0.717220
1779360610.861087 23.576361 -1.959814 0.311142 -0.008206 -0.005969 0.697522 0.716492
1779360610.891661 23.579140 -1.922982 0.310831 -0.007865 0.016256 0.700716 0.713212
1779360610.962436 23.579676 -1.863537 0.314023 -0.010429 0.012497 0.701011 0.712965
1779360610.998515 23.574408 -1.808409 0.291612 -0.014825 0.001974 0.701035 0.712970
1779360611.058624 23.579865 -1.794045 0.301079 -0.006227 0.009409 0.701255 0.712821
1779360611.115228 23.580820 -1.739656 0.311365 -0.004502 0.003710 0.701432 0.712712
1779360611.157934 23.581430 -1.683108 0.314747 0.001861 -0.005750 0.703749 0.710423
1779360611.212044 23.580584 -1.606064 0.307825 0.000783 -0.003959 0.705024 0.709172
1779360611.267024 23.583239 -1.598072 0.308581 -0.003301 0.001115 0.706847 0.707358
1779360611.319383 23.584936 -1.555524 0.314790 0.003018 0.001864 0.707750 0.706454
1779360611.375735 23.583410 -1.485419 0.311630 0.005437 -0.009646 0.705847 0.708278
1779360611.425118 23.582317 -1.430144 0.301619 -0.001062 -0.007810 0.705584 0.708583
1779360611.485968 23.576653 -1.438720 0.306809 -0.003798 0.001291 0.703100 0.711079
1779360611.536995 23.573092 -1.374963 0.313150 -0.000095 -0.009484 0.703374 0.710756
1779360611.593524 23.570547 -1.317630 0.315378 0.009902 -0.022547 0.705334 0.708447
1779360611.649832 23.568777 -1.251444 0.304813 0.016378 -0.009907 0.708190 0.705762
1779360611.698118 23.567459 -1.199096 0.307533 0.003041 0.008076 0.709874 0.704276
1779360611.757025 23.566565 -1.141932 0.311821 0.004486 0.007055 0.709516 0.704640
1779360611.799643 23.561747 -1.087089 0.296109 0.001454 -0.004593 0.708787 0.705406
1779360611.853670 23.563377 -1.042319 0.307411 0.000940 0.007302 0.708560 0.705612
1779360611.913433 23.556904 -0.983227 0.314218 -0.004236 0.001835 0.706479 0.707719
1779360611.963403 23.555323 -0.927611 0.317436 -0.000566 -0.010885 0.707819 0.706309
1779360612.015709 23.554634 -0.862035 0.314108 0.005593 -0.016154 0.710096 0.703897
1779360612.069977 23.555981 -0.812448 0.310811 -0.004056 0.002001 0.711455 0.702717
1779360612.121516 23.554138 -0.751251 0.314051 -0.005556 0.003308 0.712320 0.701825
1779360612.182239 23.553551 -0.687573 0.316843 -0.002430 -0.005957 0.711642 0.702513
1779360612.232999 23.557457 -0.617237 0.310006 -0.005642 -0.005404 0.711800 0.702339
1779360612.313043 23.554094 -0.577573 0.310195 -0.009274 0.005420 0.709062 0.705064
1779360612.339920 23.553576 -0.519686 0.312380 -0.006023 -0.002903 0.709248 0.704928
1779360612.414840 23.553032 -0.463131 0.313831 -0.000903 -0.009898 0.711101 0.703020
1779360612.448150 23.553118 -0.380340 0.307042 -0.008042 -0.003309 0.711756 0.702373
1779360612.501424 23.552086 -0.318703 0.311988 -0.000498 0.007084 0.713455 0.700665
1779360612.560000 23.551670 -0.263659 0.315364 -0.000261 -0.001373 0.711816 0.702364
1779360612.608826 23.555607 -0.196327 0.304155 0.001857 -0.010987 0.710404 0.703706
1779360612.660568 23.556593 -0.147653 0.310441 -0.010069 0.006505 0.709284 0.704821
1779360612.713147 23.557905 -0.090509 0.314046 -0.010825 -0.000057 0.708794 0.705332
1779360612.767442 23.555387 -0.027263 0.316266 -0.007125 -0.012995 0.710783 0.703255
1779360612.823078 23.556290 0.049033 0.306580 -0.006832 -0.009728 0.712411 0.701662
1779360612.877951 23.558434 0.066095 0.310732 -0.010624 0.002870 0.714953 0.699086
1779360612.928429 23.556749 0.121311 0.315910 -0.005980 0.002057 0.715087 0.699007
1779360612.980353 23.555656 0.185226 0.318771 -0.005976 -0.010736 0.714229 0.699805
1779360613.036966 23.557171 0.217452 0.310467 -0.009222 -0.002317 0.713812 0.700272
1779360613.093105 23.555676 0.259494 0.312817 -0.008788 -0.001528 0.711569 0.702560
1779360613.139537 23.553524 0.317126 0.314670 -0.002037 -0.012723 0.713395 0.700644
1779360613.193640 23.549910 0.381497 0.310141 0.003374 -0.016676 0.715903 0.697993
1779360613.249487 23.550385 0.436821 0.308790 -0.003755 -0.001201 0.716917 0.697148
1779360613.331397 23.549126 0.495484 0.314911 0.004957 0.010108 0.718063 0.695887
1779360613.352479 23.548233 0.552336 0.318228 0.007636 0.001027 0.716636 0.697405
1779360613.407501 23.551348 0.622323 0.310314 0.004811 -0.003011 0.716398 0.697669
1779360613.464753 23.549305 0.635531 0.311124 -0.009522 0.010123 0.714234 0.699769
1779360613.520314 23.548468 0.692635 0.314787 -0.008629 0.000271 0.714383 0.699702
1779360613.567943 23.546030 0.759240 0.316573 -0.004753 -0.008104 0.716960 0.697052
1779360613.622164 23.544329 0.814405 0.309793 -0.011902 -0.009093 0.716995 0.696918
1779360613.674922 23.547045 0.843274 0.311521 -0.005107 0.004488 0.718164 0.695841
1779360613.725364 23.544849 0.902814 0.315626 -0.002809 -0.001301 0.716656 0.697420
1779360613.783668 23.544199 0.968115 0.299847 -0.006759 -0.011025 0.715572 0.698419
1779360613.834780 23.542395 0.968577 0.307092 -0.010792 0.002797 0.713735 0.700327
1779360613.889392 23.540354 1.024729 0.313238 -0.006005 -0.001613 0.713470 0.700658
1779360613.943314 23.537624 1.083520 0.314995 0.000739 -0.011928 0.715946 0.698053
1779360613.994401 23.532990 1.159482 0.308452 -0.000461 -0.010025 0.717204 0.696791
1779360614.048327 23.538837 1.189049 0.312207 -0.003832 0.008858 0.719092 0.694848
1779360614.107833 23.537024 1.246611 0.316308 0.001211 0.011174 0.719217 0.694695
1779360614.167323 23.536812 1.306482 0.317818 0.002519 -0.000881 0.718114 0.695921
1779360614.220309 23.536619 1.359586 0.308956 -0.006941 0.004543 0.717423 0.696589
1779360614.261067 23.538706 1.411938 0.309695 -0.009051 0.006093 0.716516 0.697485
1779360614.314095 23.536375 1.468526 0.312642 -0.006257 -0.006570 0.717566 0.696431
1779360614.369725 23.535433 1.536800 0.304235 -0.001588 -0.009726 0.719538 0.694383
1779360614.421778 23.533636 1.583268 0.308048 -0.010863 -0.001484 0.720512 0.693356
1779360614.481389 23.535730 1.642515 0.311447 -0.003533 0.006120 0.721648 0.692224
1779360614.533209 23.531813 1.705680 0.315686 -0.003844 -0.004972 0.720126 0.693815
1779360614.583990 23.535013 1.771703 0.307971 -0.007264 -0.003292 0.720160 0.693762
1779360614.641247 23.533970 1.787273 0.310677 -0.008755 0.008700 0.717204 0.696754
1779360614.691116 23.529993 1.845349 0.315037 -0.004384 -0.001458 0.717214 0.696838
1779360614.745806 23.527140 1.903390 0.316445 0.003395 -0.010734 0.719313 0.694595
1779360614.800688 23.524088 1.967284 0.310617 0.000578 -0.001014 0.720272 0.693691
1779360614.868944 23.520567 2.021670 0.313047 0.001119 0.007973 0.721816 0.692038
1779360614.899961 23.518045 2.076802 0.316895 0.002820 0.004303 0.720949 0.692969
1779360614.953350 23.517101 2.141804 0.319350 0.000641 -0.007408 0.719998 0.693937
1779360615.008738 23.517099 2.181151 0.310791 -0.010162 0.003697 0.718905 0.695025
1779360615.063704 23.514145 2.248557 0.313285 -0.008305 -0.000812 0.718826 0.695140
1779360615.117362 23.511044 2.307134 0.315157 -0.003533 -0.011264 0.721178 0.692649
1779360615.166495 23.509764 2.382037 0.304749 -0.002888 -0.008813 0.722654 0.691148
1779360615.221015 23.517813 2.379649 0.308998 -0.006139 0.005409 0.724279 0.689458
1779360615.305280 23.515810 2.432077 0.314431 -0.003557 0.006635 0.723644 0.690133
1779360615.327471 23.513882 2.497285 0.316544 -0.002491 -0.003871 0.723301 0.690518
1779360615.378815 23.514454 2.552533 0.308661 -0.006310 0.002444 0.723656 0.690128
1779360615.434248 23.507534 2.597473 0.309369 -0.016366 0.001100 0.720286 0.693483
1779360615.487702 23.503036 2.656240 0.312513 -0.009618 -0.008667 0.721938 0.691836
1779360615.733143 23.500214 2.720834 0.300175 -0.003661 -0.013288 0.724606 0.689026
1779360615.738682 23.493454 2.781919 0.309582 -0.006342 -0.001761 0.726940 0.686669
1779360615.767287 23.488447 2.837430 0.314482 -0.004503 -0.006941 0.725206 0.688482
1779360615.771209 23.488560 2.899550 0.316990 -0.002118 -0.014957 0.724666 0.688935
1779360615.823423 23.485241 2.944363 0.311417 -0.018438 0.001113 0.722647 0.690971
1779360615.860745 23.483170 3.003914 0.315449 -0.013064 -0.001199 0.719346 0.694528
1779360615.924774 23.479376 3.042784 0.317211 -0.009059 -0.010357 0.718127 0.695776
1779360615.967159 23.475372 3.128653 0.301495 -0.000486 -0.016561 0.716263 0.697634
1779360616.015907 23.479130 3.179188 0.310052 -0.009603 0.006408 0.715451 0.698568
1779360616.074850 23.475149 3.241096 0.314537 -0.011341 0.006946 0.713692 0.700333
1779360616.130345 23.473848 3.300731 0.316982 -0.010178 -0.001778 0.711501 0.702609
1779360616.198217 23.481588 3.366352 0.308066 -0.005516 0.008915 0.710422 0.703698
1779360616.230033 23.476534 3.394608 0.310182 -0.015178 0.004330 0.706221 0.707816
1779360616.280211 23.475948 3.457967 0.313731 -0.013471 -0.005457 0.706374 0.707689
1779360616.330452 23.475851 3.518914 0.314360 -0.009316 -0.010217 0.707835 0.706243
1779360616.391118 23.474821 3.569162 0.308161 -0.018446 -0.011643 0.707422 0.706455
1779360616.439855 23.479866 3.627545 0.311701 -0.002905 0.001860 0.709228 0.704971
1779360616.490022 23.477560 3.683667 0.317658 0.000455 -0.005376 0.707619 0.706574
1779360616.549047 23.481133 3.749537 0.315377 -0.001412 -0.007426 0.707283 0.706890
1779360616.601186 23.481754 3.790686 0.311479 -0.003067 0.010240 0.705260 0.708868
1779360616.652679 23.482866 3.844385 0.314220 -0.000980 0.003355 0.704389 0.709805
1779360616.711435 23.484295 3.905879 0.315125 0.003539 -0.002073 0.706597 0.707605
1779360616.796348 23.479654 3.970765 0.312685 -0.005804 -0.001880 0.706433 0.707754
1779360616.820580 23.484852 3.990793 0.310994 0.002352 0.014895 0.708231 0.705820
1779360616.868340 23.485559 4.045435 0.315654 0.003978 0.005763 0.706751 0.707428
1779360616.925837 23.489902 4.114377 0.310259 0.006404 -0.008732 0.705113 0.709013
1779360616.988446 23.491381 4.153924 0.308985 -0.011405 0.002917 0.704039 0.710064
1779360617.038200 23.495832 4.221417 0.311821 -0.011020 0.002827 0.703352 0.710751
1779360617.083998 23.495522 4.280882 0.314666 -0.007349 -0.006840 0.705219 0.708918
1779360617.141551 23.494305 4.356894 0.306254 -0.006646 -0.003178 0.706594 0.707581
1779360617.189980 23.496693 4.361447 0.310464 -0.010957 -0.000589 0.707539 0.706589
1779360617.242448 23.496664 4.417289 0.315233 -0.006981 0.004021 0.706720 0.707448
1779360617.299936 23.497280 4.484088 0.313107 -0.008844 -0.006990 0.705131 0.708987
1779360617.352100 23.500711 4.517829 0.308417 -0.008801 0.005164 0.704791 0.709341
1779360617.418375 23.495634 4.585646 0.312206 -0.011096 -0.003129 0.703132 0.710965
1779360617.464827 23.494383 4.635005 0.314515 -0.008436 -0.015954 0.704672 0.709304
1779360617.519320 23.491308 4.715422 0.306646 -0.003804 -0.019551 0.706838 0.707095
1779360617.570798 23.492792 4.768977 0.311743 -0.013217 0.001839 0.708401 0.705684
1779360617.625262 23.490475 4.825065 0.315697 -0.014005 0.002023 0.709251 0.704814
1779360617.680037 23.490343 4.890894 0.317265 -0.014599 -0.008801 0.707784 0.706223
1779360617.757565 23.495403 4.941739 0.307354 -0.016009 -0.003424 0.707961 0.706062
1779360617.788691 23.491667 4.991792 0.307938 -0.013327 0.002348 0.705469 0.708612
1779360617.840666 23.491156 5.047657 0.311762 -0.010879 -0.007309 0.706628 0.707464
1779360617.895336 23.490807 5.112146 0.313501 -0.002570 -0.013825 0.709219 0.704848
1779360617.959368 23.489923 5.162983 0.306482 -0.008818 -0.007095 0.710111 0.703999
1779360618.008442 23.487225 5.229734 0.311122 0.000561 0.002404 0.711884 0.702293
1779360618.057577 23.486750 5.288775 0.317987 0.004134 -0.004604 0.709728 0.704449
1779360618.111061 23.491678 5.356376 0.302244 0.004846 -0.014227 0.708784 0.705266
1779360618.197432 23.487595 5.338027 0.306712 -0.012854 0.001594 0.707271 0.706824
1779360618.212768 23.490263 5.398354 0.309914 -0.019790 -0.001121 0.703929 0.709994
1779360618.278358 23.489117 5.460726 0.310597 -0.019175 -0.006245 0.705295 0.708627
1779360618.321356 23.483812 5.518561 0.301234 -0.030995 -0.025885 0.703812 0.709238
1779360618.381426 23.490982 5.573956 0.307728 -0.009044 -0.005773 0.706810 0.707322
1779360618.427570 23.485304 5.630570 0.315151 -0.009588 -0.011442 0.704905 0.709145
1779360618.483479 23.489443 5.696499 0.310600 -0.012063 -0.009955 0.705753 0.708285
1779360618.540827 23.484200 5.742946 0.309007 -0.007491 -0.008932 0.704909 0.709202
1779360618.590148 23.484352 5.798207 0.314956 -0.002073 -0.015169 0.704655 0.709385
1779360618.644840 23.483595 5.844332 0.316763 0.004779 -0.022046 0.706406 0.707447
1779360618.699431 23.483700 5.925960 0.312300 0.001870 -0.009715 0.707828 0.706316
1779360618.757354 23.481873 5.974710 0.315661 -0.001631 0.006008 0.709203 0.704976
1779360618.806366 23.482611 6.030732 0.318275 -0.000563 0.003468 0.707998 0.706206
1779360618.864669 23.478514 6.093084 0.301515 -0.006117 -0.008116 0.707168 0.706972
1779360618.913155 23.478146 6.142567 0.303088 -0.002935 -0.001812 0.706599 0.707606
1779360618.963891 23.477547 6.197379 0.310256 -0.001804 -0.010992 0.705452 0.708670
1779360619.017573 23.476433 6.254478 0.313991 0.004422 -0.022926 0.706984 0.706844
1779360619.080520 23.472166 6.330711 0.309743 0.006008 -0.026172 0.708313 0.705387
1779360619.127026 23.476274 6.371781 0.311275 0.003421 0.002937 0.711404 0.702769
1779360619.200747 23.473526 6.431140 0.316631 0.002377 0.008632 0.711992 0.702131
1779360619.232106 23.473621 6.497528 0.319746 -0.000443 -0.000006 0.711334 0.702854
1779360619.288861 23.479338 6.532996 0.307000 0.007082 0.010369 0.711790 0.702281
1779360619.342451 23.479706 6.573293 0.311981 0.000203 0.006573 0.709191 0.704986
1779360619.404064 23.480198 6.632799 0.314852 0.002717 -0.006075 0.710499 0.703667
1779360619.449956 23.479452 6.704648 0.305728 0.003582 -0.005176 0.711630 0.702526
1779360619.501894 23.479233 6.724987 0.308262 0.001706 0.001225 0.713379 0.700776
1779360619.573831 23.480150 6.784463 0.315411 0.006857 0.005622 0.713431 0.700669
1779360619.609492 23.481279 6.843203 0.319216 0.009130 -0.005347 0.712660 0.701430
1779360619.665294 23.481354 6.887534 0.309641 0.000478 -0.000349 0.712786 0.701382
1779360619.720653 23.484419 6.917889 0.311045 -0.002658 0.008308 0.711031 0.703106
1779360619.782083 23.483213 6.974081 0.315434 0.002028 -0.002239 0.712369 0.701799
1779360619.830474 23.481211 7.040982 0.319300 0.006432 -0.007947 0.714329 0.699736
1779360619.876569 23.482288 7.053591 0.308044 -0.001565 -0.001116 0.714869 0.699256
1779360619.928858 23.482563 7.107391 0.313680 0.003984 0.008423 0.715201 0.698857
1779360619.993045 23.479904 7.167530 0.317467 0.002739 0.000507 0.714087 0.700051
1779360620.049746 23.481951 7.233418 0.306273 -0.003094 -0.001583 0.714302 0.699830
1779360620.089341 23.480047 7.205740 0.308026 -0.006583 0.004202 0.710639 0.703514
1779360620.144666 23.478802 7.263817 0.313458 -0.002842 -0.006561 0.710469 0.703692
1779360620.216240 23.475893 7.322858 0.315209 0.004446 -0.017122 0.712784 0.701161
1779360620.257161 23.473709 7.396926 0.309565 -0.001665 -0.000264 0.714485 0.699649
1779360620.308772 23.469234 7.451769 0.312288 -0.006103 0.003743 0.715366 0.698713
1779360620.364182 23.467268 7.509931 0.316583 -0.004920 -0.000873 0.715000 0.699107
1779360620.417453 23.468187 7.579786 0.310346 -0.008088 -0.008965 0.714902 0.699121
1779360620.490338 23.469622 7.597494 0.309557 -0.011411 -0.001379 0.713342 0.700722
1779360620.525532 23.468220 7.653581 0.312335 -0.007963 -0.008070 0.712741 0.701336
1779360620.574959 23.465956 7.716493 0.314206 -0.001407 -0.015397 0.714478 0.699488
1779360620.629974 23.458544 7.786157 0.306883 -0.008500 -0.016179 0.714611 0.699284
1779360620.696436 23.457687 7.842514 0.311663 0.003098 -0.000222 0.718999 0.695004
1779360620.741265 23.454138 7.898158 0.316931 0.003737 -0.006046 0.717323 0.696705
1779360620.793187 23.456806 7.964686 0.315451 0.005657 -0.014685 0.715832 0.698096
1779360620.847500 23.456474 8.008173 0.308945 -0.000946 0.003337 0.715978 0.698114
1779360620.905917 23.454575 8.065607 0.310951 -0.001095 -0.000640 0.714456 0.699680
1779360620.955845 23.452627 8.126562 0.314048 0.003319 -0.010468 0.715563 0.698462
1779360621.008181 23.447193 8.199440 0.305590 0.001703 -0.007100 0.716416 0.697635
1779360621.059540 23.448566 8.217443 0.308486 0.004778 -0.001344 0.718577 0.695430
1779360621.119651 23.446537 8.263821 0.314370 0.006155 0.000469 0.717930 0.696088
1779360621.167415 23.446527 8.335842 0.318317 0.007532 -0.012532 0.716220 0.697721
1779360621.219964 23.446350 8.367269 0.309828 -0.000228 0.001635 0.716848 0.697228
1779360621.274297 23.445587 8.416893 0.309705 -0.008341 0.005043 0.715544 0.698500
1779360621.342239 23.443682 8.476168 0.311834 -0.004938 -0.004943 0.716619 0.697430
1779360621.378926 23.442596 8.535897 0.299823 0.001082 -0.007389 0.718854 0.695121
1779360621.435982 23.444384 8.552993 0.304534 -0.007295 -0.000433 0.720136 0.693795
1779360621.486416 23.445335 8.612789 0.310970 0.005394 0.008568 0.720493 0.693388
1779360621.544285 23.442636 8.671818 0.315067 0.005597 -0.000434 0.719423 0.694549
1779360621.606019 23.446043 8.740290 0.307769 0.001237 0.000098 0.719893 0.694084
1779360621.657190 23.441071 8.758277 0.309724 -0.004356 0.004669 0.716863 0.697185
1779360621.703227 23.438154 8.817130 0.313709 0.000999 -0.009289 0.716782 0.697235
1779360621.757456 23.435274 8.875523 0.315886 0.006200 -0.017477 0.718643 0.695132
1779360621.809046 23.429010 8.936412 0.308264 -0.003702 -0.013510 0.719463 0.694390
1779360621.864398 23.422983 8.997155 0.314114 0.001270 -0.003513 0.722063 0.691817
1779360621.926134 23.418808 9.057034 0.319299 0.001868 -0.010687 0.720241 0.693639
1779360621.976838 23.421856 9.122072 0.312079 -0.000279 -0.013901 0.719971 0.693865
1779360622.025642 23.418928 9.164924 0.311825 -0.000785 0.003370 0.718903 0.695102
1779360622.077370 23.416254 9.225471 0.314042 0.001692 -0.003295 0.718932 0.695070
1779360622.130020 23.413792 9.286206 0.316007 0.007738 -0.011354 0.720980 0.692820
1779360622.188840 23.406830 9.350863 0.310897 -0.000967 -0.009234 0.721047 0.692824
1779360622.276043 23.406725 9.407571 0.313997 0.007931 0.008298 0.724788 0.688877
1779360622.307827 23.403593 9.459024 0.317020 0.009299 0.002647 0.722721 0.691072
1779360622.343927 23.405170 9.523561 0.309712 0.008499 -0.008104 0.721345 0.692476
1779360622.396496 23.404318 9.533873 0.307485 -0.004893 0.004206 0.720317 0.693615
1779360622.450111 23.404259 9.593301 0.311275 -0.000260 0.002411 0.720546 0.693403
1779360622.511414 23.400637 9.652112 0.314726 0.001517 -0.009973 0.722541 0.691255
1779360622.561911 23.397148 9.721928 0.307702 -0.001137 -0.005850 0.722642 0.691197
1779360622.609877 23.397799 9.769219 0.312842 -0.005558 -0.002523 0.724703 0.689035
1779360622.666296 23.396162 9.823757 0.317850 0.004602 0.001657 0.725127 0.688598
1779360622.720912 23.395100 9.884214 0.320746 0.005023 -0.009113 0.724060 0.689659
1779360622.770030 23.392576 9.911513 0.310539 -0.006413 -0.001356 0.723994 0.689775
1779360622.827296 23.388056 9.968573 0.310337 -0.012653 0.000994 0.722251 0.691514
1779360622.879038 23.385712 10.027931 0.312607 -0.008916 -0.010082 0.723322 0.690380
1779360622.936182 23.382256 10.092743 0.300608 -0.006133 -0.008800 0.724811 0.688864
1779360622.985000 23.376322 10.138132 0.306269 -0.008684 -0.014958 0.724917 0.688619
1779360623.036207 23.375231 10.201578 0.316058 -0.003124 -0.004987 0.726526 0.687114
1779360623.091403 23.371271 10.256832 0.320462 -0.002578 -0.012555 0.725653 0.687941
1779360623.151979 23.374186 10.306707 0.312203 0.001182 -0.000438 0.726956 0.686682
1779360623.202177 23.365610 10.346434 0.311146 -0.009820 -0.001221 0.724845 0.688841
1779360623.251328 23.363302 10.402581 0.313916 -0.003734 -0.007259 0.726644 0.686966
1779360623.305597 23.361036 10.467503 0.302262 0.002949 -0.011161 0.729044 0.684370
1779360623.362954 23.356674 10.508044 0.306252 -0.007409 -0.012998 0.728639 0.684735
1779360623.414246 23.360487 10.572438 0.312067 0.009783 0.003141 0.730839 0.682473
1779360623.466807 23.357164 10.608823 0.315911 0.010131 -0.002352 0.729950 0.683422
1779360623.514277 23.357365 10.687975 0.321351 0.013472 -0.015646 0.727736 0.685547
1779360623.566136 23.353834 10.705448 0.311028 -0.004294 0.000466 0.726356 0.687305
1779360623.620673 23.354193 10.764342 0.314687 0.002365 -0.000191 0.726140 0.687542
1779360623.673378 23.349485 10.825478 0.318318 0.005394 -0.008286 0.728516 0.684958
1779360623.732920 23.343681 10.899772 0.306924 0.004402 -0.004853 0.728835 0.684659
1779360623.785055 23.348024 10.904253 0.307350 0.000551 -0.000888 0.731235 0.682124
1779360623.832380 23.345198 10.956043 0.311722 0.008533 0.002608 0.731658 0.681613
1779360623.884295 23.342440 11.016563 0.316330 0.009138 -0.011529 0.730525 0.682728
1779360623.940336 23.339962 11.071131 0.309642 0.000685 -0.004862 0.730287 0.683123
1779360624.004057 23.340752 11.125028 0.310629 -0.002203 0.003334 0.726390 0.687271
1779360624.044323 23.335562 11.183005 0.313830 -0.000720 -0.012573 0.726057 0.687519
1779360624.098812 23.330896 11.251134 0.305799 0.003067 -0.014682 0.727638 0.685798
1779360624.149398 23.323122 11.287340 0.307211 -0.002977 -0.009879 0.728905 0.684537
1779360624.204371 23.322496 11.356260 0.313949 0.002798 0.000253 0.731396 0.681947
1779360624.292166 23.316210 11.412477 0.318512 0.001384 -0.009052 0.729294 0.684139
1779360624.343166 23.317905 11.479343 0.309154 -0.001806 -0.008509 0.729426 0.684005
1779360624.371389 23.308981 11.525104 0.311205 -0.002144 0.002819 0.727770 0.685813
1779360624.421582 23.306402 11.581755 0.313410 -0.000619 -0.005502 0.727395 0.686196
1779360624.502131 23.301105 11.650531 0.303024 0.007935 -0.013846 0.729800 0.683474
1779360624.530351 23.302721 11.702979 0.306073 0.006401 0.001555 0.723755 0.690025
1779360624.583684 23.298218 11.768582 0.312367 0.006149 0.012453 0.712095 0.701945
1779360624.649947 23.299807 11.829498 0.317391 0.004072 0.004564 0.697594 0.716467
1779360624.689259 23.297365 11.891260 0.302264 -0.004898 0.001214 0.685752 0.727817
1779360624.740228 23.306158 11.912916 0.308642 0.006580 0.005563 0.676701 0.736207
1779360624.817299 23.306187 11.975852 0.313795 0.010471 -0.004114 0.668851 0.743311
1779360624.851035 23.311310 12.036738 0.315336 0.015524 -0.015792 0.664359 0.747086
1779360624.917981 23.319637 12.105480 0.311507 0.016892 -0.003882 0.661185 0.750022
1779360624.959922 23.324951 12.142831 0.313018 0.005793 0.012140 0.658595 0.752377
1779360625.012654 23.334127 12.198145 0.316033 0.008347 0.009191 0.653682 0.756668
1779360625.102968 23.346685 12.259888 0.317901 0.007418 -0.002364 0.648772 0.760943
1779360625.126086 23.350031 12.289931 0.309597 -0.004242 0.008332 0.644330 0.764690
1779360625.175044 23.361090 12.346016 0.312005 -0.005560 0.008163 0.638998 0.769145
1779360625.227064 23.369011 12.403972 0.314468 -0.000985 -0.006887 0.638278 0.769775
1779360625.279565 23.382261 12.473493 0.302390 0.003556 -0.012575 0.638403 0.769591
1779360625.438026 23.391533 12.509286 0.308716 -0.001667 0.000390 0.639251 0.768996
1779360625.440720 23.401918 12.569549 0.315162 0.009784 0.006656 0.638197 0.769782
1779360625.448046 23.411316 12.627884 0.319858 0.005818 -0.004263 0.635220 0.772297
1779360625.490714 23.430727 12.690731 0.305891 0.003723 0.001634 0.634624 0.772810
1779360625.602045 23.426855 12.703071 0.311699 0.001343 0.004797 0.631776 0.775135
1779360625.635427 23.437414 12.756043 0.316046 0.000134 -0.008074 0.631137 0.775630
1779360625.650492 23.449673 12.819077 0.318183 0.005417 -0.016563 0.632274 0.774549
1779360625.702170 23.459154 12.871146 0.310030 -0.001131 -0.008216 0.632321 0.774662
1779360625.764170 23.469618 12.936151 0.315737 0.005899 0.001312 0.633730 0.773530
1779360625.809663 23.480503 12.993027 0.320528 0.005672 -0.003502 0.631576 0.775285
1779360625.863250 23.498837 13.058951 0.308072 0.003085 -0.009603 0.630878 0.775817
1779360625.919047 23.492731 13.043511 0.308926 -0.005915 0.002584 0.628097 0.778109
1779360625.973606 23.505648 13.100323 0.310857 -0.006546 -0.003812 0.625791 0.779954
1779360626.034851 23.516981 13.157851 0.313070 0.000019 -0.012675 0.628090 0.778037
1779360626.076965 23.532116 13.229448 0.305414 -0.004682 -0.009333 0.628730 0.777553
1779360626.131384 23.542870 13.244801 0.307317 0.004040 0.005194 0.635298 0.772239
1779360626.203536 23.551815 13.295691 0.316855 0.011709 0.002687 0.648384 0.761219
1779360626.245745 23.556490 13.338857 0.282350 0.015553 -0.011325 0.662766 0.748580
1779360626.293766 23.553871 13.344679 0.292912 -0.009075 -0.015393 0.674572 0.737993
1779360626.348180 23.564144 13.395254 0.304024 -0.014063 0.008756 0.679408 0.733574
1779360626.396426 23.567377 13.457194 0.313836 -0.012418 0.000384 0.686210 0.727297
1779360626.468198 23.570288 13.522486 0.299515 -0.007589 0.002610 0.694118 0.719817
1779360626.504781 23.566017 13.521857 0.302140 -0.004457 0.001341 0.701847 0.712313
1779360626.555352 23.570446 13.580006 0.310235 0.002691 0.006832 0.708242 0.705932
1779360626.612370 23.569860 13.640396 0.313189 0.001250 -0.006597 0.710938 0.703223
1779360626.663540 23.573767 13.683814 0.300981 0.002801 0.002695 0.715282 0.698825
1779360626.748833 23.565451 13.718829 0.303593 -0.008924 0.001088 0.715029 0.699037
1779360626.772232 23.563953 13.778118 0.308897 -0.005573 -0.009435 0.718772 0.695160
1779360626.826360 23.560390 13.845747 0.304627 0.002029 -0.016327 0.722903 0.690754
1779360626.885194 23.558123 13.878728 0.303545 -0.006333 -0.012309 0.725280 0.688315
1779360626.930089 23.558775 13.937750 0.307857 0.006126 0.001269 0.728372 0.685153
1779360626.993262 23.554285 13.998243 0.313217 0.010250 -0.006554 0.727894 0.685582
1779360627.041359 23.556255 14.065281 0.305435 0.009313 -0.010609 0.728153 0.685269
1779360627.092792 23.555073 14.062833 0.307690 0.003255 0.003790 0.727788 0.685784
1779360627.154006 23.552467 14.122166 0.313394 0.005610 -0.001317 0.729260 0.684212
1779360627.196744 23.547897 14.181042 0.316805 0.008199 -0.011091 0.731964 0.681204
1779360627.256383 23.539640 14.250039 0.313726 0.000437 -0.008004 0.731949 0.681313
1779360627.305706 23.542284 14.270127 0.311154 0.001370 0.000505 0.733683 0.679491
1779360627.380247 23.537952 14.325444 0.313799 0.003014 0.000294 0.733235 0.679968
1779360627.411427 23.535204 14.394064 0.311904 0.002929 -0.009606 0.732982 0.680174
1779360627.466081 23.534002 14.404613 0.307105 -0.004560 0.002970 0.732316 0.680943
1779360627.602347 23.529785 14.466983 0.311265 -0.005463 -0.001854 0.731063 0.682286
1779360627.606104 23.523575 14.529124 0.314612 -0.002045 -0.014759 0.732230 0.680894
1779360627.630798 23.512358 14.592568 0.306080 -0.011723 -0.021129 0.732179 0.680684
1779360627.680695 23.517208 14.633660 0.310203 0.002505 -0.006633 0.735235 0.677775
1779360627.735634 23.510693 14.688326 0.316515 0.002859 -0.007671 0.734252 0.678827
1779360627.805833 23.508146 14.746374 0.320457 0.002969 -0.017562 0.733511 0.679444
1779360627.836361 23.503126 14.791101 0.310289 -0.000773 -0.001934 0.733578 0.679602
1779360627.908756 23.497097 14.850206 0.311553 0.001574 -0.004554 0.733302 0.679886
1779360627.951348 23.492037 14.912345 0.314499 0.008101 -0.015676 0.735110 0.677718
1779360628.006708 23.482275 14.985058 0.309068 0.007358 -0.013960 0.736493 0.676261
1779360628.061023 23.483374 14.997907 0.307423 0.002161 -0.000152 0.738191 0.674588
1779360628.108256 23.479332 15.056674 0.313085 0.007510 0.001178 0.737305 0.675517
1779360628.163579 23.475119 15.109968 0.318038 0.008086 -0.011793 0.735318 0.677571
1779360628.214334 23.475088 15.175603 0.308513 0.003604 -0.007586 0.735750 0.677201
1779360628.266873 23.469204 15.221852 0.310410 -0.007710 0.000617 0.739273 0.673361
1779360628.324572 23.461142 15.282765 0.314011 -0.006171 -0.008845 0.750500 0.660783
1779360628.375588 23.448057 15.348255 0.303665 -0.002306 -0.009688 0.763789 0.645389
1779360628.431467 23.438358 15.382133 0.306378 -0.002474 -0.016099 0.773485 0.633606
1779360628.485882 23.430035 15.440750 0.312422 0.003488 -0.012200 0.782224 0.622868
1779360628.544472 23.415985 15.499153 0.316965 0.004848 -0.025574 0.787060 0.616327
1779360628.587469 23.405136 15.553792 0.307749 -0.000093 -0.021779 0.792870 0.609001
1779360628.641558 23.391432 15.609025 0.308369 -0.010245 -0.014279 0.795091 0.606235
1779360628.700413 23.374352 15.665107 0.312035 -0.004782 -0.023068 0.799335 0.600423
1779360628.747482 23.355211 15.724220 0.314647 0.005279 -0.028245 0.804520 0.593231
1779360628.802490 23.337246 15.782458 0.307622 0.001147 -0.012124 0.808191 0.588795
1779360628.870003 23.320181 15.819028 0.310639 -0.001215 -0.011087 0.811004 0.584934
1779360628.910458 23.301798 15.873318 0.313695 0.003377 -0.018186 0.812179 0.583115
1779360628.961066 23.281773 15.938681 0.307580 0.006934 -0.025049 0.811527 0.583737
1779360629.013164 23.283619 15.940372 0.307622 0.003908 -0.005150 0.806369 0.591377
1779360629.080030 23.265350 15.995510 0.311674 0.005119 -0.007900 0.803071 0.595810
1779360629.122602 23.246786 16.052845 0.314261 0.009894 -0.016249 0.801265 0.598007
1779360629.181225 23.224146 16.121256 0.308281 0.012133 -0.015780 0.798888 0.601150
1779360629.229472 23.210985 16.167593 0.310980 0.004790 0.005173 0.798300 0.602219
1779360629.279906 23.195972 16.223648 0.315350 0.009873 0.009176 0.795467 0.605847
1779360629.348315 23.179752 16.284876 0.318836 0.009896 -0.001939 0.792257 0.610104
1779360629.389105 23.168859 16.341721 0.310170 0.003074 0.002072 0.790247 0.612777
1779360629.438606 23.153084 16.388153 0.310737 -0.000697 0.006643 0.787599 0.616152
1779360629.508694 23.138885 16.444429 0.312983 0.004369 -0.005125 0.787704 0.616018
1779360629.553266 23.122982 16.507013 0.315375 0.008514 -0.010295 0.788296 0.615151
1779360629.611989 23.113199 16.554558 0.309542 -0.001574 0.004143 0.788148 0.615470
1779360629.655490 23.094419 16.621714 0.316773 -0.002994 0.013884 0.788691 0.614626
1779360629.707787 23.084351 16.664196 0.319477 -0.002014 0.010495 0.786859 0.617040
1779360629.763102 23.070248 16.743032 0.306079 -0.005515 0.002807 0.785757 0.618505
1779360629.812364 23.076382 16.733551 0.308286 -0.015438 0.006397 0.783506 0.621160
1779360629.865742 23.063532 16.792427 0.312276 -0.010943 0.002136 0.782713 0.622283
1779360629.918569 23.049253 16.855911 0.306026 -0.005557 -0.004394 0.784211 0.620454
1779360629.981638 23.031965 16.903563 0.305056 -0.014284 -0.015459 0.783461 0.621085
1779360630.026433 23.029432 16.959026 0.311174 0.001979 0.003847 0.785333 0.619058
1779360630.078633 23.013884 17.015587 0.315178 0.000121 -0.005437 0.783924 0.620833
1779360630.133160 23.002268 17.083572 0.310538 0.001231 -0.009944 0.783326 0.621530
1779360630.191806 22.996708 17.099464 0.307912 -0.017300 -0.000138 0.782036 0.622994
1779360630.256335 22.985514 17.154032 0.310640 -0.013187 -0.005371 0.781855 0.623298
1779360630.294046 22.969652 17.213690 0.313386 -0.004273 -0.016617 0.783560 0.621080
1779360630.346933 22.951664 17.281843 0.304949 -0.006081 -0.015509 0.784308 0.620148
1779360630.399414 22.947235 17.330975 0.310469 -0.000373 -0.004301 0.786764 0.617239
1779360630.456719 22.934654 17.382263 0.315412 0.006418 -0.005340 0.786668 0.617320
1779360630.509093 22.920597 17.444593 0.319973 0.007517 -0.018953 0.784468 0.619834
1779360630.561248 22.909603 17.485697 0.310478 -0.007551 -0.011172 0.783687 0.621010
1779360630.621575 22.898811 17.551592 0.312554 -0.006102 -0.006334 0.780980 0.624494
1779360630.671361 22.885214 17.602835 0.314992 0.001368 -0.016473 0.782532 0.622391
1779360630.721586 22.866655 17.669893 0.307389 0.008220 -0.022355 0.784147 0.620117
1779360630.773993 22.851908 17.737272 0.310803 -0.004548 0.000683 0.785459 0.618897
1779360630.826729 22.836740 17.792868 0.314817 -0.006393 0.008980 0.785533 0.618722
1779360630.908462 22.821732 17.856041 0.316236 -0.005670 0.003050 0.784464 0.620140
1779360630.938122 22.813211 17.920778 0.306313 -0.005598 0.003128 0.785085 0.619355
1779360630.994375 22.797338 17.954796 0.308652 -0.006928 0.001396 0.783760 0.621023
1779360631.052536 22.783077 18.019415 0.312956 0.000539 -0.008882 0.785127 0.619271
1779360631.099893 22.767035 18.082184 0.315405 0.007903 -0.014435 0.787099 0.616607
1779360631.169296 22.753086 18.138775 0.308667 -0.001290 -0.004954 0.787094 0.616812
1779360631.231619 22.738672 18.208670 0.313225 0.008112 0.004297 0.786796 0.617145
1779360631.281850 22.725346 18.262697 0.318070 0.008916 -0.003874 0.785169 0.619205
1779360631.325948 22.715147 18.333433 0.306031 0.010163 -0.005856 0.785181 0.619156
1779360631.382062 22.712666 18.339941 0.310855 -0.007446 0.007231 0.783909 0.620788
1779360631.446395 22.702318 18.398457 0.314149 -0.000419 0.005730 0.782685 0.622392
1779360631.490773 22.687654 18.460651 0.317975 0.004403 -0.001332 0.783693 0.621131
1779360631.549970 22.675327 18.491526 0.304123 -0.003909 -0.013124 0.783551 0.621176
1779360631.593674 22.668381 18.534586 0.310113 0.007177 0.005059 0.786371 0.617692
1779360631.661837 22.653145 18.590210 0.315002 0.010107 -0.002594 0.785130 0.619243
1779360631.701614 22.642057 18.657478 0.310835 0.008051 -0.009676 0.786920 0.616927
1779360631.754089 22.631756 18.694895 0.309038 -0.011336 -0.000336 0.794435 0.607243
1779360631.816021 22.615692 18.755775 0.313081 -0.010153 -0.003727 0.803464 0.595255
1779360631.865886 22.592163 18.816185 0.305462 -0.007987 -0.009672 0.814804 0.579601
1779360631.917159 22.568989 18.860655 0.307087 -0.017514 -0.034047 0.820267 0.570698
1779360631.976426 22.553455 18.920496 0.314196 -0.005958 -0.019190 0.831738 0.554805
1779360632.025267 22.527224 18.974810 0.319535 -0.003472 -0.029868 0.836295 0.547455
1779360632.079607 22.505011 19.032061 0.315473 -0.007899 -0.023785 0.841987 0.538916
1779360632.135340 22.497572 19.042875 0.310833 -0.018356 -0.011696 0.844404 0.535265
1779360632.189449 22.472782 19.091270 0.313046 -0.011472 -0.016657 0.847688 0.530110
1779360632.236696 22.444899 19.142809 0.313893 0.003620 -0.023121 0.852396 0.522373
1779360632.291679 22.410894 19.209919 0.305468 0.004434 -0.009254 0.856274 0.516420
1779360632.344491 22.383606 19.256769 0.313465 -0.009739 -0.003202 0.859553 0.510944
1779360632.396070 22.356762 19.308111 0.319134 -0.002876 -0.004019 0.861178 0.508279
1779360632.464107 22.323421 19.364977 0.306185 0.000471 -0.017375 0.861370 0.507681
1779360632.509310 22.313036 19.387718 0.306589 -0.014175 -0.015479 0.864331 0.502485
1779360632.565561 22.299307 19.420258 0.312758 -0.018047 -0.013960 0.869595 0.493239
1779360632.612823 22.268539 19.463369 0.317763 -0.011270 -0.027922 0.876839 0.479840
1779360632.723167 22.229021 19.526894 0.301846 -0.005383 -0.022383 0.885770 0.463554
1779360632.748112 22.206585 19.566010 0.311240 -0.012480 -0.018604 0.890934 0.453579
1779360632.790639 22.178955 19.609634 0.314642 -0.004607 -0.009948 0.894655 0.446624
1779360632.829303 22.143822 19.657150 0.318147 0.002753 -0.017522 0.897662 0.440328
1779360632.885177 22.108810 19.704149 0.306453 -0.001351 -0.018996 0.900881 0.433648
1779360632.930488 22.108883 19.707697 0.313970 -0.016508 -0.005493 0.901565 0.432294
1779360633.005570 22.075487 19.749569 0.319129 -0.016545 -0.007505 0.903304 0.428617
1779360633.037961 22.040020 19.792805 0.319018 -0.010639 -0.008256 0.904598 0.426052
1779360633.088192 22.005745 19.842627 0.308779 -0.009848 0.000420 0.899867 0.436053
1779360633.146033 21.984407 19.878218 0.312596 -0.009545 0.010272 0.893520 0.448804
1779360633.197074 21.952982 19.923435 0.317543 -0.002646 0.008958 0.886212 0.463187
1779360633.254236 21.919849 19.973591 0.318408 0.000388 -0.002987 0.879300 0.476259
1779360633.309963 21.894386 20.019825 0.307904 -0.003357 0.010050 0.874132 0.485572
1779360633.372368 21.863880 20.062613 0.307344 0.003445 0.008058 0.869749 0.493417
1779360633.418790 21.835846 20.108484 0.309561 0.015599 -0.003692 0.867425 0.497309
1779360633.472260 21.803736 20.162107 0.313401 0.025234 -0.010861 0.866024 0.499247
1779360633.522460 21.781641 20.206720 0.308361 0.017732 0.007377 0.864274 0.502655
1779360633.575005 21.743237 20.262217 0.318765 0.008236 0.015080 0.863573 0.503931
1779360633.644474 21.714903 20.313114 0.326107 0.006158 0.007377 0.861144 0.508270
1779360633.689571 21.696754 20.365368 0.307413 0.010038 0.013323 0.859654 0.510605
1779360633.736469 21.664591 20.409985 0.308793 0.013036 0.006775 0.855902 0.516929
1779360633.796226 21.631464 20.457453 0.314753 -0.009743 -0.008434 0.855620 0.517444
1779360633.840237 21.615746 20.494442 0.282670 -0.005037 0.004007 0.856911 0.515424
1779360634.021454 21.610863 20.515121 0.297231 -0.018144 -0.003244 0.854979 0.518336
1779360634.025473 21.605623 20.546144 0.308171 -0.002988 0.019583 0.857039 0.514870
1779360634.033009 21.581474 20.592777 0.313186 0.003310 0.011812 0.855554 0.517569
1779360634.067893 21.557449 20.648632 0.315684 0.011511 -0.001218 0.854144 0.519908
1779360634.214171 21.532860 20.691206 0.307634 -0.013869 0.003535 0.851840 0.523607
1779360634.230908 21.510176 20.749067 0.309529 -0.013832 0.005287 0.853372 0.521092
1779360634.240640 21.480766 20.799482 0.312217 -0.011559 -0.004463 0.862113 0.506565
1779360634.268202 21.435390 20.848312 0.307859 -0.021502 -0.018970 0.875804 0.481815
1779360634.324207 21.419571 20.888807 0.310445 -0.012367 -0.010388 0.889522 0.456608
1779360634.378398 21.384706 20.934158 0.316330 -0.014465 -0.009265 0.899186 0.437229
1779360634.458145 21.346437 20.984863 0.316334 -0.009630 -0.022306 0.906990 0.420450
1779360634.477863 21.330732 20.999846 0.304927 -0.028054 -0.025023 0.912377 0.407621
1779360634.543889 21.291248 21.043062 0.308183 -0.032932 -0.027662 0.915562 0.399870
1779360634.676153 21.250134 21.087296 0.307157 -0.020789 -0.028684 0.921458 0.386859
1779360634.684124 21.201641 21.135908 0.299290 -0.019652 -0.028416 0.925354 0.377528
1779360634.714637 21.216438 21.138554 0.303215 -0.015458 -0.020567 0.929763 0.367257
1779360634.741739 21.174706 21.176626 0.310774 -0.009776 -0.016242 0.932437 0.360836
1779360634.792772 21.130587 21.218763 0.314519 -0.000303 -0.022552 0.934282 0.355820
1779360634.937168 21.092934 21.250946 0.310216 -0.013023 -0.017234 0.935927 0.351531
1779360634.947802 21.050629 21.293755 0.313718 -0.020478 -0.011322 0.934879 0.354195
1779360635.002673 21.004389 21.331366 0.316957 -0.015365 -0.019486 0.936090 0.350885
1779360635.010311 20.952190 21.375423 0.303482 -0.009788 -0.015828 0.938068 0.345951
1779360635.143611 20.931044 21.384333 0.308565 -0.016069 -0.015392 0.939176 0.342715
1779360635.168648 20.884455 21.425617 0.315442 -0.013437 -0.003751 0.941337 0.337178
1779360635.177611 20.841167 21.458824 0.318826 -0.010552 -0.012161 0.941125 0.337675
1779360635.212184 20.793190 21.503962 0.309672 -0.014653 -0.012685 0.941544 0.336332
1779360635.267073 20.756647 21.528431 0.314503 -0.013895 0.001047 0.937841 0.346786
1779360635.398046 20.711920 21.565483 0.317035 -0.006297 -0.009294 0.935344 0.353560
1779360635.401137 20.666382 21.606287 0.316524 0.005509 -0.012685 0.933848 0.357402
1779360635.432106 20.622700 21.648291 0.309479 -0.004408 0.000207 0.932512 0.361112
1779360635.499178 20.579695 21.687754 0.313975 -0.008237 0.014592 0.931331 0.363787
1779360635.654839 20.539909 21.726749 0.316877 -0.002700 0.009624 0.929034 0.369859
1779360635.701221 20.495895 21.775179 0.306939 0.002644 -0.000171 0.927006 0.375037
1779360635.704954 20.461432 21.811165 0.309533 -0.010382 -0.000354 0.923421 0.383648
1779360635.848378 20.417898 21.853775 0.311887 -0.003812 -0.009648 0.923625 0.383158
1779360635.858583 20.360970 21.903372 0.305468 -0.007802 -0.011743 0.923174 0.384125
1779360635.888001 20.356009 21.912102 0.307723 -0.005080 -0.003849 0.923722 0.383010
1779360635.906310 20.315474 21.952694 0.312865 -0.002941 -0.001650 0.922725 0.385444
1779360635.968064 20.271427 22.001932 0.313017 0.000720 -0.010524 0.922675 0.385433
1779360636.137172 20.268051 22.008009 0.308340 -0.014430 -0.006210 0.927546 0.373378
1779360636.139977 20.222185 22.048946 0.315234 -0.016585 -0.015788 0.935485 0.352622
1779360636.176155 20.172190 22.083269 0.321855 -0.011068 -0.020540 0.948458 0.316044
1779360636.178473 20.125891 22.106724 0.313353 -0.012574 -0.043794 0.958345 0.281955
1779360636.367733 20.078842 22.147623 0.316295 -0.011784 -0.017691 0.968068 0.249784
1779360636.376280 20.033480 22.169182 0.290085 -0.007212 -0.025919 0.979748 0.198420
1779360636.403708 20.018940 22.176134 0.300992 -0.022943 -0.024700 0.981965 0.186032
1779360636.440936 19.963385 22.200542 0.307238 -0.020240 -0.024875 0.985185 0.168472
1779360636.602202 19.905180 22.220884 0.297803 -0.020111 -0.016636 0.987940 0.152621
1779360636.618605 19.858448 22.235952 0.298528 -0.009349 -0.026963 0.989342 0.142788
1779360636.668026 19.755993 22.272930 0.312564 0.007562 -0.018223 0.990431 0.136589
1779360636.814891 19.702894 22.293709 0.312391 0.005034 -0.008480 0.988635 0.150016
1779360636.834645 19.660679 22.302120 0.313839 0.003768 -0.002398 0.982698 0.185162
1779360636.845437 19.613581 22.319241 0.315505 0.014605 -0.016747 0.975205 0.220184
1779360636.871891 19.559589 22.344999 0.305630 0.033617 -0.021444 0.965161 0.258601
1779360637.066718 19.514805 22.384157 0.303696 0.016325 0.028647 0.958485 0.283232
1779360637.071495 19.471872 22.409075 0.314753 -0.001634 0.036884 0.949596 0.311295
1779360637.097247 19.431387 22.442890 0.322179 0.004265 0.028250 0.939843 0.340411
1779360637.099703 19.388624 22.487888 0.305099 -0.004892 0.020794 0.930521 0.365617
1779360637.138076 19.354647 22.519646 0.312500 -0.003605 0.030439 0.924984 0.378769
1779360637.279192 19.312508 22.559172 0.315000 -0.001590 0.020990 0.922989 0.384250
1779360637.287410 19.266582 22.604342 0.308524 0.006006 0.012736 0.923711 0.382831
1779360637.318683 19.253805 22.620562 0.305862 0.000019 0.009836 0.923676 0.383049
1779360637.348026 19.219664 22.657944 0.315141 -0.001412 0.017760 0.924555 0.380633
1779360637.415484 19.179537 22.699617 0.319006 -0.000024 0.010102 0.923615 0.383188
1779360637.521265 19.129904 22.755568 0.308516 0.000017 0.003194 0.925641 0.378389
1779360637.529802 19.140076 22.743374 0.309798 -0.022686 -0.002933 0.931518 0.362975
1779360637.563351 19.095400 22.783049 0.318635 -0.015405 -0.009932 0.940959 0.338023
1779360637.615730 19.040386 22.817741 0.308308 -0.011371 -0.008915 0.951661 0.306810
1779360637.775854 19.012476 22.833326 0.313317 -0.005322 -0.023307 0.961856 0.272509
1779360637.778310 18.975235 22.862764 0.322384 -0.003952 -0.017700 0.973434 0.228250
1779360637.813809 18.931637 22.885509 0.286906 0.014118 -0.029201 0.985070 0.169070
1779360637.839694 18.948875 22.890144 0.295482 0.012583 -0.042408 0.992179 0.116718
1779360638.006147 18.890097 22.911764 0.307217 -0.027213 -0.041533 0.995834 0.076475
1779360638.058927 18.834023 22.924637 0.304748 -0.021926 -0.030558 0.998538 0.038826
1779360638.061884 18.787739 22.934254 0.298099 -0.016140 -0.039330 0.999068 0.007502
1779360638.072169 18.742905 22.934277 0.301612 0.012362 -0.045600 0.998768 -0.015169
1779360638.257503 18.681490 22.934803 0.305747 0.006169 -0.032239 0.998768 -0.037213
1779360638.262094 18.631214 22.929796 0.289258 0.010976 -0.046259 0.997008 -0.060942
1779360638.290538 18.623796 22.929037 0.300081 0.007749 -0.048603 0.995610 -0.079619
1779360638.308768 18.582327 22.923035 0.309996 -0.005676 -0.043251 0.995125 -0.088451
1779360638.319036 18.521500 22.914938 0.310096 -0.001254 -0.033385 0.994633 -0.097923
1779360638.452545 18.462332 22.907814 0.297673 0.003615 -0.026782 0.995157 -0.094506
1779360638.484581 18.430986 22.905163 0.302883 0.000998 -0.032472 0.996444 -0.077743
1779360638.512881 18.387814 22.911022 0.307191 -0.000827 -0.004065 0.997946 -0.063930
1779360638.533588 18.331318 22.905100 0.311654 0.006694 -0.007948 0.998708 -0.049741
1779360638.593417 18.262436 22.905933 0.303207 0.007694 -0.006945 0.999207 -0.038453
1779360638.652037 18.255251 22.902254 0.309367 -0.012492 0.001620 0.999609 -0.024959
1779360638.701201 18.196995 22.901802 0.312630 -0.003033 -0.003773 0.999988 -0.000325
1779360638.751570 18.139084 22.902048 0.313375 0.012668 -0.010152 0.999354 0.032065
1779360638.815119 18.080750 22.910189 0.303604 0.020573 -0.006584 0.997141 0.072406
1779360638.859074 18.038084 22.924763 0.313948 -0.001890 0.032580 0.993672 0.107476
1779360638.906510 17.984715 22.938145 0.321064 -0.002209 0.027244 0.988783 0.146834
1779360638.971140 17.929684 22.960554 0.316873 -0.004933 0.014118 0.983971 0.177700
1779360639.011391 17.880947 22.982071 0.309678 -0.001056 0.041152 0.978656 0.201341
1779360639.073201 17.832344 23.001966 0.313885 0.000229 0.022303 0.974381 0.223795
1779360639.122818 17.780252 23.028585 0.315191 0.010724 0.012430 0.971044 0.238337
1779360639.176396 17.717384 23.062836 0.305634 0.009891 0.008406 0.967497 0.252549
1779360639.227925 17.729563 23.063467 0.309041 -0.003778 0.029398 0.965751 0.257773
1779360639.276999 17.685467 23.092255 0.316776 -0.002814 0.026705 0.962429 0.270205
1779360639.329699 17.637348 23.129036 0.319400 0.003191 0.015023 0.959313 0.281928
1779360639.388954 17.606615 23.157597 0.310641 -0.008881 0.021685 0.956551 0.290623
1779360639.437940 17.592096 23.177069 0.313000 -0.012835 0.017301 0.953240 0.301446
1779360639.509869 17.543375 23.212278 0.315139 -0.005726 0.005898 0.952402 0.304735
1779360639.547963 17.488335 23.252913 0.303444 -0.008043 0.003953 0.951354 0.307971
1779360639.609111 17.459291 23.279959 0.307703 -0.004120 0.003195 0.951194 0.308549
1779360639.659300 17.413994 23.313496 0.314435 -0.000779 0.001687 0.949751 0.313000
1779360639.706117 17.363449 23.355436 0.318629 0.006855 -0.008775 0.949659 0.313089
1779360639.759014 17.348833 23.363155 0.307174 -0.012218 -0.010673 0.954053 0.299197
1779360639.813497 17.316383 23.390238 0.310805 -0.019751 -0.014268 0.958477 0.284128
1779360639.871861 17.263433 23.422495 0.315769 -0.011950 -0.022762 0.962738 0.269211
1779360639.919172 17.202396 23.455347 0.307421 -0.011958 -0.026255 0.965791 0.257712
1779360639.975027 17.164579 23.487120 0.313584 -0.006794 -0.014718 0.969146 0.245953
1779360640.027382 17.112911 23.512890 0.318401 -0.000911 -0.015272 0.971046 0.238403
1779360640.092246 17.057310 23.543863 0.321497 0.006234 -0.022357 0.972579 0.231412
1779360640.137939 17.063087 23.545195 0.307942 -0.006926 -0.014907 0.973997 0.225963
1779360640.185836 17.009224 23.570812 0.310417 -0.009384 -0.013355 0.974622 0.223260
1779360640.240889 16.960716 23.595003 0.313221 -0.002727 -0.016926 0.976145 0.216443
1779360640.295232 16.895405 23.620977 0.304178 -0.006638 -0.021827 0.976980 0.212109
1779360640.351951 16.855270 23.649014 0.308564 0.003054 -0.012926 0.978522 0.205716
1779360640.401917 16.803493 23.672176 0.316247 0.009315 -0.009095 0.978860 0.204117
1779360640.458287 16.748453 23.699163 0.322768 0.018804 -0.016977 0.978869 0.202911
1779360640.515295 16.708870 23.715595 0.322747 -0.005749 -0.019451 0.979230 0.201737
1779360640.567588 16.699179 23.725090 0.317278 -0.010225 -0.007098 0.978885 0.204032
1779360640.616854 16.641134 23.748470 0.321116 -0.000255 -0.013192 0.979482 0.201099
1779360640.670385 16.581200 23.772900 0.308906 0.006996 -0.011514 0.980283 0.197138
1779360640.737846 16.557623 23.785168 0.311686 -0.007979 -0.005546 0.980859 0.194476
1779360640.779848 16.502232 23.808958 0.316670 -0.007803 0.003792 0.981370 0.191933
1779360640.828824 16.446999 23.832144 0.319521 -0.001733 -0.005680 0.981040 0.193712
1779360640.882493 16.383684 23.862074 0.307150 -0.004427 -0.009898 0.981060 0.193401
1779360640.937544 16.358294 23.871384 0.308457 -0.008266 -0.001050 0.980434 0.196670
1779360640.994987 16.303398 23.894304 0.311943 0.001612 -0.006007 0.980691 0.195466
1779360641.049268 16.245447 23.919191 0.314004 0.008333 -0.009479 0.981261 0.192268
1779360641.099144 16.183237 23.938839 0.304700 -0.007474 -0.020018 0.981138 0.192122
1779360641.168964 16.132071 23.972126 0.309129 0.001276 0.016520 0.982162 0.187307
1779360641.215874 16.087868 23.987913 0.318874 0.013622 0.012019 0.981707 0.189531
1779360641.265355 16.029219 24.021383 0.325002 0.021470 0.003010 0.981087 0.192348
1779360641.320192 15.981587 24.044603 0.314605 -0.004947 0.004995 0.981203 0.192852
1779360641.371836 15.925327 24.076569 0.314225 -0.017424 0.005386 0.980682 0.194755
1779360641.433419 15.875946 24.099907 0.315776 -0.017458 0.004742 0.981287 0.191698
1779360641.487731 15.820155 24.115814 0.302372 -0.019381 -0.011222 0.983578 0.179088
1779360641.532874 15.787219 24.137218 0.304187 -0.005193 0.003547 0.987555 0.157148
1779360641.586803 15.732734 24.149815 0.304945 -0.004440 -0.005103 0.989802 0.142289
1779360641.637301 15.677094 24.164888 0.289983 0.005841 -0.012988 0.991623 0.128377
1779360641.697764 15.664135 24.169161 0.296401 -0.007326 -0.017544 0.992842 0.117913
1779360641.742584 15.603308 24.182760 0.305206 -0.017691 -0.022285 0.993057 0.114143
1779360641.794491 15.544400 24.195526 0.310488 -0.007720 -0.024970 0.994230 0.104036
1779360641.857163 15.477063 24.207804 0.296172 -0.006170 -0.020367 0.995258 0.094919
1779360641.904957 15.481330 24.211584 0.300102 -0.002967 -0.019421 0.996042 0.086690
1779360641.960502 15.424740 24.223251 0.309982 -0.000221 -0.010929 0.996714 0.080259
1779360642.011769 15.361221 24.234785 0.316685 0.011306 -0.019089 0.996793 0.076886
1779360642.065669 15.309556 24.242977 0.310623 0.001785 -0.019852 0.997072 0.073832
1779360642.118926 15.257470 24.255239 0.312782 -0.010285 -0.015426 0.996867 0.076888
1779360642.172492 15.197614 24.264067 0.315790 -0.002189 -0.020028 0.997039 0.074218
1779360642.225833 15.129812 24.274385 0.306302 0.003514 -0.017132 0.997409 0.069788
1779360642.276450 15.111070 24.279194 0.308180 -0.005471 -0.013742 0.997702 0.066123
1779360642.341779 15.052903 24.289146 0.315026 -0.006545 -0.001168 0.998091 0.061403
1779360642.385354 14.992327 24.296200 0.317797 -0.000544 -0.009869 0.997953 0.063179
1779360642.434567 14.926655 24.310450 0.305147 0.000152 -0.011444 0.997933 0.063233
1779360642.486384 14.888559 24.313770 0.309144 -0.013321 -0.006975 0.997737 0.065543
1779360642.540704 14.829572 24.322107 0.312526 -0.006606 -0.008266 0.997948 0.063146
1779360642.593822 14.766351 24.330772 0.314547 0.001879 -0.010376 0.998179 0.059401
1779360642.644000 14.709864 24.332411 0.307748 -0.001399 -0.022848 0.997999 0.058944
1779360642.698258 14.654844 24.348808 0.312619 -0.000503 0.002177 0.998582 0.053184
1779360642.752427 14.600206 24.355694 0.317904 0.007991 0.000697 0.998384 0.056261
1779360642.808347 14.533883 24.369164 0.307894 0.015105 -0.004483 0.998225 0.057441
1779360642.934618 14.532517 24.366823 0.309521 -0.008206 -0.004942 0.998226 0.058766
1779360642.937467 14.469439 24.379412 0.314343 -0.008594 -0.004460 0.998226 0.058744
1779360642.998782 14.393389 24.388290 0.317666 -0.001142 -0.009374 0.998436 0.055100
1779360643.038345 14.351538 24.389103 0.304593 -0.001857 -0.026928 0.998064 0.056043
1779360643.090732 14.298578 24.401701 0.308603 0.000834 -0.006404 0.998606 0.052393
1779360643.142417 14.240997 24.406687 0.314373 0.010651 -0.010287 0.998314 0.056122
1779360643.198934 14.169641 24.418213 0.311005 0.013081 -0.017087 0.998138 0.057076
1779360643.258496 14.162158 24.416151 0.308136 -0.001598 -0.017525 0.998096 0.059116
1779360643.342915 14.105393 24.424011 0.309610 0.003414 -0.019758 0.998062 0.058903
1779360643.363677 14.044168 24.429241 0.311646 0.013705 -0.021778 0.998297 0.052347
1779360643.413811 13.967554 24.435400 0.306536 0.006428 -0.015514 0.998870 0.044457
1779360643.473767 13.921014 24.439060 0.310594 -0.004968 -0.005481 0.999272 0.037438
1779360643.540298 13.859845 24.445005 0.314547 -0.000116 -0.004237 0.999376 0.035061
1779360643.572291 13.799177 24.453573 0.318124 0.010062 -0.010555 0.999329 0.033598
1779360643.627629 13.790610 24.455416 0.308054 -0.006326 -0.008589 0.999396 0.033088
1779360643.691877 13.735291 24.462315 0.311273 -0.008791 -0.006543 0.999368 0.033830
1779360643.739132 13.674133 24.467222 0.314333 -0.000699 -0.009740 0.999522 0.029319
1779360643.790029 13.598189 24.472765 0.305957 -0.002332 -0.006172 0.999645 0.025824
1779360643.837488 13.557653 24.476725 0.307200 -0.005517 -0.005390 0.999708 0.022904
1779360643.899920 13.494666 24.483274 0.313839 0.000113 0.000797 0.999755 0.022111
1779360643.971997 13.441063 24.485821 0.317147 0.010914 -0.005502 0.999668 0.022668
1779360644.000826 13.387372 24.492243 0.307732 0.003508 -0.007747 0.999756 0.020374
1779360644.054498 13.367631 24.496813 0.310238 -0.010641 -0.010964 0.999783 0.014148
1779360644.108001 13.307829 24.498604 0.315095 -0.007344 -0.012548 0.999888 0.003649
1779360644.196686 13.238922 24.497910 0.305212 -0.004913 -0.008522 0.999920 -0.007911
1779360644.214094 13.194919 24.495710 0.305448 -0.000272 -0.014602 0.999803 -0.013421
1779360644.282613 13.135686 24.497110 0.314670 0.001388 -0.005611 0.999756 -0.021303
1779360644.323455 13.076056 24.493137 0.318428 0.012273 -0.014705 0.999518 -0.024449
1779360644.369337 13.010367 24.493280 0.311066 0.008588 -0.014861 0.999426 -0.029197
1779360644.427341 12.963595 24.493040 0.312610 -0.013687 -0.019853 0.999299 -0.028650
1779360644.474837 12.905066 24.488329 0.316379 -0.005244 -0.020343 0.999275 -0.031755
1779360644.548829 12.842778 24.484041 0.317416 0.004693 -0.018443 0.999126 -0.037221
1779360644.584096 12.796914 24.481638 0.307558 -0.002049 -0.020033 0.998998 -0.039981
1779360644.636299 12.762125 24.484255 0.312100 -0.004036 -0.005770 0.999018 -0.043736
1779360644.690620 12.704519 24.480021 0.316357 0.002255 -0.008731 0.999002 -0.043739
1779360644.741400 12.636050 24.476675 0.302661 0.009421 -0.015710 0.998849 -0.044341
1779360644.800961 12.632591 24.476389 0.311079 -0.008767 -0.016420 0.998920 -0.042567
1779360644.871003 12.577037 24.472763 0.313919 -0.007230 -0.021409 0.998846 -0.042374
1779360644.905938 12.516191 24.466183 0.315568 0.003377 -0.022035 0.998669 -0.046504
1779360644.964187 12.443441 24.458967 0.306964 0.000273 -0.022611 0.998574 -0.048360
1779360645.013490 12.398013 24.460155 0.311075 -0.001689 -0.004840 0.998537 -0.053826
1779360645.100838 12.345085 24.453890 0.316721 0.004768 -0.006968 0.998561 -0.052955
1779360645.121169 12.280683 24.450447 0.320994 0.015505 -0.014146 0.998486 -0.050838
1779360645.174824 12.257104 24.448694 0.310320 -0.001004 -0.009897 0.998702 -0.049951
1779360645.230022 12.200304 24.447769 0.311797 -0.004116 -0.010838 0.998845 -0.046625
1779360645.287730 12.142477 24.442383 0.315006 0.006299 -0.013793 0.998674 -0.049202
1779360645.335325 12.074444 24.436554 0.309527 0.007184 -0.008679 0.998588 -0.051913
1779360645.390887 12.052542 24.433086 0.306880 0.003352 -0.008866 0.998473 -0.054422
1779360645.448957 11.988567 24.428625 0.312989 0.008860 -0.000681 0.998521 -0.053643
1779360645.505304 11.931754 24.417152 0.311242 0.017545 -0.009274 0.998447 -0.052057
1779360645.564201 11.889034 24.413765 0.304282 0.008580 -0.004621 0.998582 -0.052329
1779360645.612308 11.873298 24.407495 0.308359 0.006882 -0.011757 0.998694 -0.049243
1779360645.666255 11.818327 24.399590 0.315568 0.017298 -0.020295 0.998386 -0.050147
1779360645.713156 11.759445 24.391819 0.317807 0.030210 -0.018393 0.997886 -0.054528
1779360645.783158 11.695629 24.385151 0.307655 0.021012 -0.002796 0.998122 -0.057467
1779360645.818862 11.642096 24.376692 0.310773 0.001299 -0.002648 0.998346 -0.057417
1779360645.885104 11.584376 24.370825 0.316283 0.005218 -0.004399 0.998446 -0.055311
1779360645.946429 11.519773 24.365871 0.316080 0.013247 -0.013938 0.998362 -0.053881
1779360646.002162 11.510224 24.366840 0.308215 0.001894 -0.006261 0.998589 -0.052701
1779360646.035508 11.464964 24.361889 0.311334 0.003602 -0.011188 0.998647 -0.050661
1779360646.082234 11.405807 24.355816 0.314665 0.011760 -0.014091 0.998435 -0.052832
1779360646.158513 11.337385 24.347738 0.306846 0.013380 -0.010853 0.998357 -0.054646
1779360646.209237 11.309745 24.344784 0.310233 0.001659 -0.009372 0.998377 -0.056145
1779360646.241574 11.252931 24.339577 0.314763 0.003445 -0.001313 0.998422 -0.056039
1779360646.303173 11.191818 24.333620 0.317518 0.012521 -0.007719 0.998401 -0.054576
1779360646.355863 11.135402 24.334042 0.308173 0.008004 -0.002337 0.998414 -0.055682
1779360646.419300 11.081792 24.322212 0.308390 0.000464 -0.010326 0.998775 -0.048401
1779360646.457169 11.027397 24.317541 0.311376 0.010011 -0.009042 0.998872 -0.045536
1779360646.522580 10.960350 24.311779 0.307139 0.023361 -0.009397 0.999100 -0.034136
1779360646.563742 10.911695 24.313644 0.306402 0.010162 -0.001236 0.999718 -0.021409
1779360646.640537 10.849391 24.308332 0.314074 0.001028 0.009936 0.999839 -0.014900
1779360646.699319 10.774403 24.309702 0.320889 0.008145 0.004580 0.999956 0.001129
1779360646.735752 10.701882 24.315102 0.306992 0.005497 -0.000931 0.999923 0.011087
1779360646.789987 10.687141 24.313160 0.311620 -0.007291 -0.001433 0.999729 0.022072
1779360646.856066 10.629114 24.317137 0.313487 0.001325 -0.001377 0.999547 0.030039
1779360646.912820 10.564814 24.322304 0.302351 0.007636 -0.001886 0.999470 0.031593
1779360646.951058 10.532215 24.323761 0.300818 0.009159 -0.012655 0.999268 0.034914
1779360647.007475 10.463293 24.331881 0.308019 0.010348 0.000300 0.999376 0.033783
1779360647.056077 10.409767 24.335215 0.313855 0.019465 -0.002087 0.999487 0.025344
1779360647.112716 10.342792 24.340618 0.300387 0.025896 -0.001301 0.999664 0.000178
1779360647.170331 10.350437 24.333401 0.305907 -0.000727 -0.014141 0.999457 -0.029764
1779360647.225695 10.286300 24.333454 0.314667 -0.000167 -0.016125 0.998274 -0.056464
1779360647.289336 10.220173 24.326313 0.308662 0.002962 -0.013574 0.996797 -0.078759
1779360647.342075 10.170963 24.316706 0.304837 0.018761 -0.028972 0.994936 -0.094399
1779360647.380739 10.123412 24.310322 0.313350 0.018534 -0.017216 0.991997 -0.123699
1779360647.433304 10.073060 24.295372 0.300538 0.030419 -0.024568 0.985757 -0.163565
1779360647.484637 10.037594 24.288996 0.293711 0.043219 -0.019274 0.977268 -0.206660
1779360647.569156 10.052915 24.291670 0.303063 0.003683 -0.046276 0.971216 -0.233631
1779360647.597112 9.993981 24.268995 0.313704 -0.001795 -0.035563 0.965363 -0.258471
1779360647.716010 9.940878 24.238733 0.311852 -0.002208 -0.027810 0.958077 -0.285150
1779360647.792769 9.913502 24.210371 0.301716 0.031306 -0.054731 0.946727 -0.315804
1779360647.799708 9.871207 24.186161 0.309773 0.023361 -0.026281 0.937850 -0.345254
1779360647.811928 9.833179 24.149189 0.316985 0.031883 -0.028635 0.927592 -0.371129
1779360647.859954 9.783933 24.101391 0.314746 0.031928 -0.029683 0.916642 -0.397324
1779360647.911772 9.758499 24.065849 0.310268 0.014978 -0.038083 0.912105 -0.407910
1779360647.967337 9.715831 24.025763 0.312172 0.010663 -0.033153 0.907028 -0.419627
1779360648.035532 9.675434 23.975691 0.305025 0.009898 -0.025722 0.900211 -0.434581
1779360648.088035 9.643462 23.930023 0.298229 0.025598 -0.037892 0.895923 -0.441850
1779360648.126547 9.602726 23.891434 0.305922 0.016702 -0.006451 0.891339 -0.452985
1779360648.178731 9.571080 23.846722 0.313099 0.028402 -0.005129 0.888193 -0.458564
1779360648.296951 9.527560 23.792959 0.314038 0.035915 -0.003922 0.884328 -0.465467
1779360648.300476 9.519176 23.777117 0.307587 0.011709 -0.014974 0.883374 -0.468283
1779360648.336117 9.486026 23.733131 0.311606 0.011995 -0.011873 0.881777 -0.471365
1779360648.389206 9.453337 23.682953 0.315149 0.018979 -0.008310 0.878181 -0.477879
1779360648.458665 9.412173 23.616234 0.309049 0.014171 -0.005299 0.875754 -0.482520
1779360648.502933 9.399718 23.593554 0.310415 -0.000394 -0.001188 0.873632 -0.486587
1779360648.556963 9.367641 23.546324 0.312715 0.005477 0.005342 0.872667 -0.488255
1779360648.620752 9.329631 23.492037 0.316418 0.021760 0.003991 0.872789 -0.487596
1779360648.665588 9.303157 23.447075 0.305995 0.013298 -0.016606 0.873029 -0.487204
1779360648.712020 9.269850 23.403805 0.310016 0.004581 -0.006500 0.874217 -0.485470
1779360648.783264 9.241041 23.356220 0.315092 0.015073 -0.007141 0.872861 -0.487683
1779360648.825923 9.205524 23.299780 0.317740 0.019769 -0.003010 0.871119 -0.490665
1779360648.871205 9.187395 23.270144 0.309793 0.007461 -0.009413 0.869307 -0.494126
1779360648.954886 9.156527 23.227522 0.314614 0.004638 0.000342 0.863398 -0.504501
1779360648.976978 9.128478 23.177931 0.317266 0.016277 0.001756 0.859255 -0.511286
1779360649.031900 9.091696 23.121231 0.302496 0.025614 0.004719 0.854750 -0.518387
1779360649.088928 9.099509 23.120642 0.307132 0.001004 -0.012689 0.853905 -0.520274
1779360649.159291 9.066249 23.064058 0.314228 0.004422 -0.013957 0.852055 -0.523248
1779360649.194726 9.041494 23.010580 0.318357 0.015840 -0.014355 0.848300 -0.529084
1779360649.342270 9.010652 22.941074 0.308050 0.013183 -0.010611 0.845137 -0.534282
1779360649.363157 8.997214 22.919754 0.310883 0.005255 -0.014238 0.841887 -0.539440
1779360649.402858 8.979364 22.881935 0.313930 0.007210 -0.007758 0.840980 -0.540963
1779360649.414116 8.953108 22.813087 0.294050 0.021340 -0.009810 0.839696 -0.542549
1779360649.467103 8.948418 22.807846 0.303601 0.005915 -0.008509 0.838472 -0.544846
1779360649.541068 8.928843 22.761555 0.310691 0.005311 -0.011486 0.834456 -0.550929
1779360649.579937 8.907883 22.706507 0.316956 0.012369 -0.012778 0.820981 -0.570679
1779360649.625952 8.891148 22.641527 0.318576 0.011822 -0.009106 0.806073 -0.591628
1779360649.689187 8.878928 22.621849 0.314026 0.000959 -0.009010 0.793902 -0.607978
1779360649.729745 8.861982 22.567698 0.316002 0.002565 -0.005913 0.783140 -0.621813
1779360649.792049 8.844949 22.506180 0.317798 0.019231 -0.002637 0.774472 -0.632311
1779360649.834275 8.841043 22.473772 0.306402 0.019241 -0.026244 0.768080 -0.639527
1779360649.892872 8.826142 22.422415 0.312552 0.009836 -0.030080 0.762764 -0.645902
1779360649.941479 8.816514 22.357191 0.317534 0.011961 -0.025737 0.754574 -0.655601
1779360650.002273 8.810035 22.294514 0.311267 0.009009 -0.021602 0.739695 -0.672536
1779360650.056918 8.815073 22.286154 0.304329 0.021540 -0.031095 0.719507 -0.693454
1779360650.100441 8.808924 22.233950 0.312307 0.015565 -0.017061 0.700292 -0.713483
1779360650.160248 8.810925 22.180302 0.317370 0.026989 -0.011295 0.688308 -0.724828
1779360650.209436 8.811193 22.123423 0.310553 0.032397 -0.007497 0.675823 -0.736314
1779360650.281223 8.812611 22.093609 0.309360 0.020688 -0.035251 0.670966 -0.740361
1779360650.321012 8.818571 22.036951 0.313513 0.021967 -0.035598 0.663567 -0.746947
1779360650.386543 8.828569 21.975466 0.315582 0.025693 -0.024441 0.653194 -0.756360
1779360650.422460 8.841254 21.909180 0.305728 0.020440 -0.023113 0.645896 -0.762801
1779360650.492347 8.830679 21.905487 0.308229 0.008673 -0.020733 0.639643 -0.768343
1779360650.529776 8.839249 21.852325 0.312612 0.012652 -0.012353 0.635883 -0.771583
1779360650.583397 8.849860 21.789381 0.315654 0.024333 -0.006376 0.632849 -0.773866
1779360650.640670 8.858425 21.765036 0.307113 0.019937 -0.023758 0.631338 -0.774887
1779360650.717034 8.868117 21.714708 0.313037 0.016805 -0.025379 0.632697 -0.773801
1779360650.739385 8.881423 21.663847 0.316032 0.026991 -0.019988 0.628774 -0.776863
1779360650.802694 8.897027 21.600725 0.316694 0.031484 -0.011288 0.624042 -0.780675
1779360650.846889 8.907468 21.549856 0.309611 0.011549 -0.016536 0.620951 -0.783590
1779360650.908825 8.923464 21.492884 0.314094 0.009985 -0.016333 0.618697 -0.785396
1779360650.952064 8.937246 21.435404 0.318679 0.021215 -0.016892 0.627330 -0.778281
1779360651.006164 8.944394 21.376444 0.316952 0.022904 -0.019127 0.643576 -0.764800
1779360651.071420 8.958158 21.340117 0.315881 0.011300 -0.002242 0.672065 -0.740402
1779360651.126905 8.962992 21.291719 0.313299 0.017954 -0.005360 0.690733 -0.722867
1779360651.170345 8.965125 21.238287 0.295067 0.018810 0.001673 0.705343 -0.708614
1779360651.222265 8.966709 21.192381 0.303260 0.019483 -0.007624 0.718304 -0.695415
1779360651.274981 8.953636 21.153845 0.308907 -0.008108 0.011545 0.723897 -0.689764
1779360651.340206 8.948249 21.114393 0.315736 -0.004550 0.017530 0.734691 -0.678160
1779360651.385249 8.940838 21.072392 0.317497 0.003678 0.023751 0.744976 -0.666659
1779360651.438434 8.933801 21.034687 0.308328 0.003448 0.024778 0.751176 -0.659628
1779360651.487561 8.925619 20.988689 0.311994 -0.016003 0.001954 0.759183 -0.650678
1779360651.553463 8.922556 20.953884 0.315999 -0.002608 -0.000921 0.765201 -0.643785
1779360651.613091 8.916842 20.909773 0.317616 0.009206 -0.001167 0.768148 -0.640205
1779360651.647832 8.912004 20.863140 0.315022 0.022477 0.003788 0.769486 -0.638257
1779360651.706500 8.901523 20.813725 0.308952 0.015253 0.011370 0.769585 -0.638261
1779360651.785416 8.893917 20.767067 0.311545 0.000244 0.000534 0.770010 -0.638031
1779360651.809709 8.882684 20.716293 0.315413 -0.005168 0.010450 0.771232 -0.636447
1779360651.869371 8.871607 20.666805 0.318701 0.003913 0.007268 0.774452 -0.632579
1779360651.917173 8.856224 20.609406 0.314267 0.011221 -0.000278 0.776366 -0.630183
1779360651.967080 8.851135 20.588076 0.312935 -0.000864 -0.006227 0.780039 -0.625699
1779360652.017576 8.840572 20.541206 0.315836 0.008344 -0.006992 0.781916 -0.623289
1779360652.069873 8.827876 20.484991 0.317051 0.015702 -0.002915 0.781062 -0.624250
1779360652.128706 8.815713 20.418028 0.312274 0.015171 -0.001470 0.780936 -0.624425
1779360652.180629 8.804774 20.371439 0.313266 -0.002927 -0.006732 0.779483 -0.626380
1779360652.251897 8.792936 20.319933 0.316845 0.000961 -0.003177 0.780644 -0.624967
1779360652.280719 8.779480 20.265162 0.319207 0.013589 -0.002547 0.782765 -0.622164
1779360652.340502 8.761726 20.209549 0.311347 0.003784 0.001851 0.787220 -0.616658
1779360652.394243 8.755117 20.161961 0.312393 0.002230 0.000194 0.795837 -0.605508
1779360652.471989 8.738881 20.109720 0.311829 0.012832 0.000578 0.803297 -0.595440
1779360652.495878 8.719803 20.049246 0.313400 0.022294 0.005394 0.810858 -0.584793
1779360652.559216 8.705297 20.034966 0.302847 -0.000023 0.007368 0.817584 -0.575763
1779360652.602646 8.686399 19.984573 0.309712 -0.012964 0.006672 0.821847 -0.569521
1779360652.656602 8.663803 19.933426 0.315685 -0.004562 0.010043 0.829279 -0.558726
1779360652.721675 8.633115 19.873573 0.313558 0.003291 0.008357 0.835338 -0.549663
1779360652.765063 8.624404 19.860794 0.307672 -0.010566 -0.000519 0.840496 -0.541715
1779360652.811952 8.595717 19.798105 0.309061 -0.002753 0.002222 0.843507 -0.537106
1779360652.878607 8.572312 19.748348 0.312366 0.011223 0.000865 0.844256 -0.535822
1779360652.915092 8.547426 19.680355 0.310628 0.009061 -0.003999 0.839051 -0.543963
1779360652.967880 8.529194 19.644598 0.310792 0.008038 -0.007696 0.829608 -0.558235
1779360653.022270 8.510664 19.596464 0.315594 0.007268 -0.009854 0.825473 -0.564308
1779360653.074596 8.487167 19.541243 0.320674 0.019681 -0.011420 0.822262 -0.568654
1779360653.129671 8.468369 19.496666 0.311150 0.008935 -0.013147 0.818725 -0.573966
1779360653.184595 8.448652 19.441292 0.311520 0.004419 -0.014340 0.816222 -0.577543
1779360653.248318 8.429168 19.386183 0.313874 0.013692 -0.010458 0.811679 -0.583849
1779360653.295565 8.407133 19.318220 0.303747 0.012388 -0.008354 0.807788 -0.589284
1779360653.344351 8.392698 19.276537 0.309976 0.000661 -0.007168 0.803985 -0.594606
1779360653.410234 8.376169 19.226957 0.315856 0.003761 -0.000852 0.793658 -0.608352
1779360653.465080 8.357392 19.165354 0.319231 0.018036 0.007112 0.784706 -0.619565
1779360653.504220 8.342104 19.111080 0.307357 0.023502 0.005200 0.776583 -0.629555
1779360653.556945 8.345642 19.092257 0.307612 -0.001284 -0.018504 0.772514 -0.634726
1779360653.633464 8.330070 19.032030 0.312975 -0.003404 -0.020031 0.766326 -0.642131
1779360653.662959 8.320017 18.972099 0.315117 0.002013 -0.020158 0.759744 -0.649906
1779360653.715058 8.319495 18.914114 0.310207 0.015444 -0.032651 0.755115 -0.654596
1779360653.783225 8.302802 18.858702 0.314611 0.002797 -0.016130 0.748440 -0.663001
1779360653.825064 8.296995 18.802214 0.318127 0.012774 -0.011914 0.747464 -0.664073
1779360653.875016 8.285063 18.734636 0.304894 0.018107 -0.014129 0.744987 -0.666684
1779360653.935506 8.288148 18.737711 0.307841 -0.003539 -0.018071 0.748698 -0.662655
1779360653.984905 8.279704 18.680532 0.313107 -0.000398 -0.014914 0.757399 -0.652782
1779360654.038387 8.274651 18.631500 0.314086 0.016932 -0.009999 0.770644 -0.636962
1779360654.090850 8.252969 18.558275 0.303130 0.016915 0.002159 0.793628 -0.608164
1779360654.147225 8.234833 18.506598 0.313237 -0.020762 0.014465 0.815828 -0.577740
1779360654.199274 8.213307 18.453424 0.320767 -0.011516 0.014130 0.842984 -0.537629
1779360654.250862 8.186967 18.404791 0.310082 -0.004788 -0.002532 0.863827 -0.503759
1779360654.304172 8.161482 18.363380 0.307027 -0.010712 0.025882 0.879776 -0.474563
1779360654.355551 8.137886 18.326626 0.308134 -0.002260 0.021320 0.893163 -0.449223
1779360654.413486 8.103818 18.276697 0.301765 0.008824 0.023325 0.903569 -0.427716
1779360654.465737 8.071494 18.246109 0.303345 -0.004050 0.023863 0.910793 -0.412154
1779360654.518934 8.025910 18.191162 0.314108 -0.026434 0.034075 0.914064 -0.403271
1779360654.573268 7.988345 18.155195 0.318864 -0.015774 0.029427 0.920885 -0.388402
1779360654.626114 7.939127 18.115953 0.313259 -0.004914 0.022534 0.926884 -0.374640
1779360654.686342 7.932403 18.107967 0.307938 -0.020671 0.017084 0.931410 -0.362981
1779360654.734931 7.891473 18.072231 0.310077 -0.014881 0.015280 0.934819 -0.354484
1779360654.785700 7.846398 18.033192 0.312703 0.001962 0.010366 0.937115 -0.348861
1779360654.849257 7.788155 17.984262 0.303674 0.002752 0.008040 0.938750 -0.344495
1779360654.892950 7.758114 17.955328 0.309419 -0.010478 0.004318 0.938657 -0.344667
1779360654.944354 7.714811 17.918755 0.315088 -0.008054 0.007284 0.940228 -0.340372
1779360654.998999 7.666305 17.878614 0.318820 0.003968 -0.002386 0.942295 -0.334751
1779360655.053824 7.626018 17.853893 0.308558 -0.007230 0.006087 0.943158 -0.332211
1779360655.106078 7.603849 17.830381 0.312361 -0.006779 -0.003376 0.944811 -0.327528
1779360655.159028 7.560241 17.793959 0.314846 0.008577 -0.008798 0.945064 -0.326654
1779360655.212113 7.510337 17.752398 0.309714 0.016212 -0.007497 0.944493 -0.328047
1779360655.267501 7.468710 17.719893 0.309060 0.002183 -0.005898 0.944803 -0.327579
1779360655.320054 7.418040 17.676908 0.316657 -0.005136 0.003141 0.944486 -0.328498
1779360655.374021 7.374624 17.641304 0.320390 0.002302 -0.001528 0.945702 -0.325023
1779360655.425056 7.317881 17.604965 0.310170 -0.001339 -0.004408 0.946058 -0.323966
1779360655.480384 7.320619 17.601992 0.312546 -0.007760 -0.001121 0.947305 -0.320237
1779360655.531254 7.277185 17.567160 0.316778 0.000156 -0.002974 0.947942 -0.318429
1779360655.582086 7.223445 17.526920 0.317752 0.007638 -0.000065 0.946592 -0.322344
1779360655.634052 7.178909 17.485636 0.312529 0.003828 -0.008347 0.946814 -0.321649
1779360655.689086 7.141180 17.456202 0.313035 -0.008433 0.007245 0.948698 -0.315988
1779360655.735901 7.092447 17.421829 0.317121 -0.001019 0.002158 0.955571 -0.294752
1779360655.791460 7.033796 17.395512 0.313997 0.002814 -0.011091 0.965411 -0.260480
1779360655.848927 7.002215 17.382034 0.313177 -0.001994 0.008079 0.973843 -0.227069
1779360655.901996 6.948218 17.350193 0.313541 0.005058 0.006058 0.979437 -0.201597
1779360655.952943 6.895862 17.324497 0.313780 0.016911 0.008595 0.982672 -0.184378
1779360656.012554 6.861224 17.316481 0.302256 0.002300 0.017874 0.985202 -0.170448
1779360656.059199 6.810202 17.295973 0.311636 -0.015402 0.028178 0.986060 -0.163263
1779360656.120117 6.759574 17.279373 0.317138 -0.009240 0.024119 0.988413 -0.149574
1779360656.165003 6.697886 17.267145 0.320561 -0.001588 0.015084 0.990535 -0.136420
1779360656.218184 6.651592 17.254292 0.308633 -0.010465 0.014563 0.991907 -0.125695
1779360656.268057 6.601342 17.241634 0.311083 -0.006480 0.011903 0.993094 -0.116539
1779360656.321404 6.545401 17.227232 0.313628 0.009052 0.004115 0.993669 -0.111907
1779360656.372705 6.481643 17.212143 0.302998 0.014099 0.001817 0.993964 -0.108782
1779360656.428279 6.428225 17.200563 0.310184 -0.000134 0.003487 0.994258 -0.106953
1779360656.478407 6.370577 17.187105 0.316718 -0.000811 0.011239 0.994464 -0.104475
1779360656.572115 6.313629 17.174322 0.320855 0.008306 0.001822 0.995009 -0.099427
1779360656.594993 6.249185 17.169809 0.310944 0.001929 0.003430 0.995303 -0.096726
1779360656.637263 6.204430 17.153427 0.311448 -0.005008 0.001801 0.995817 -0.091213
1779360656.691741 6.149058 17.142365 0.313602 0.005248 -0.003342 0.995944 -0.089764
1779360656.751445 6.083926 17.128881 0.308916 0.014488 -0.006428 0.995724 -0.091007
1779360656.818691 6.039761 17.120903 0.308503 0.001329 -0.005939 0.995837 -0.090950
1779360656.860847 5.976747 17.108173 0.314839 -0.002193 0.004669 0.995855 -0.090809
1779360656.908470 5.918242 17.097525 0.319583 0.002391 -0.004595 0.996856 -0.079065
1779360656.966176 5.855559 17.098068 0.313125 -0.000405 0.009507 0.998303 -0.057457
1779360657.014985 5.815130 17.079548 0.315081 0.002449 -0.000532 0.999582 -0.028801
1779360657.070194 5.757709 17.074997 0.312281 0.009316 -0.007726 0.999855 -0.011967
1779360657.121502 5.700978 17.072317 0.291761 0.021235 -0.007787 0.999744 0.000022
1779360657.176765 5.681697 17.081707 0.297207 -0.000511 0.014921 0.999848 0.008994
1779360657.254789 5.627660 17.082872 0.309740 -0.013297 0.030561 0.999274 0.018446
1779360657.284877 5.573363 17.085573 0.316435 -0.007398 0.023007 0.999245 0.030410
1779360657.388213 5.507114 17.094883 0.312564 -0.003541 0.014136 0.999037 0.041396
1779360657.421508 5.458581 17.097891 0.308361 -0.012132 0.013052 0.998558 0.050643
1779360657.463750 5.401319 17.104931 0.311333 -0.003438 0.013083 0.998234 0.057839
1779360657.503987 5.335706 17.111103 0.314620 0.011149 0.004321 0.998091 0.060590
1779360657.562720 5.269674 17.118067 0.306337 0.006996 0.001245 0.997950 0.063597
1779360657.611589 5.223001 17.126581 0.309964 -0.001936 0.012011 0.997784 0.065423
1779360657.668440 5.160060 17.133806 0.315096 0.001651 0.007604 0.997560 0.069374
1779360657.721414 5.095880 17.144974 0.317961 0.003501 -0.002577 0.997405 0.071869
1779360657.775397 5.048400 17.149115 0.309712 -0.006910 -0.002553 0.997050 0.076407
1779360657.829859 4.995287 17.156872 0.312206 -0.002239 -0.001802 0.996875 0.078947
1779360657.880255 4.946616 17.164661 0.311664 0.008624 -0.005674 0.996921 0.077730
1779360657.935270 4.868956 17.175152 0.304380 0.005384 -0.010566 0.996774 0.079384
1779360657.989159 4.869984 17.179554 0.309013 0.002987 -0.005343 0.997055 0.076443
1779360658.041693 4.815619 17.189396 0.318411 0.003894 -0.001004 0.996418 0.084475
1779360658.101179 4.753136 17.203659 0.324532 0.004471 -0.012572 0.994080 0.107824
1779360658.154444 4.756144 17.205410 0.313506 -0.000361 0.008092 0.990108 0.140073
1779360658.224987 4.703703 17.214655 0.319963 0.007462 -0.005767 0.980801 0.194782
1779360658.274113 4.653154 17.228180 0.317726 0.028046 -0.021318 0.970308 0.239294
1779360658.325484 4.606744 17.254150 0.305053 0.020536 0.009998 0.958668 0.283609
1779360658.410649 4.567883 17.279585 0.319445 0.003668 0.033842 0.945245 0.324583
1779360658.433267 4.521981 17.308990 0.326728 -0.003991 0.018529 0.931568 0.363073
1779360658.502833 4.480706 17.337866 0.315308 -0.007494 0.028782 0.915205 0.401889
1779360658.536469 4.456458 17.362566 0.316201 0.004582 0.013296 0.894875 0.446095
1779360658.589705 4.413655 17.396935 0.313470 0.001314 -0.005670 0.872433 0.488699
1779360658.641962 4.401422 17.451553 0.321247 0.017949 -0.011549 0.847780 0.529919
1779360658.695561 4.388354 17.498407 0.322678 0.013635 0.055775 0.829167 0.556044
1779360658.747854 4.362250 17.542789 0.326620 0.011045 0.056382 0.808497 0.585689
1779360658.801814 4.347251 17.595875 0.327352 -0.000600 0.039060 0.788097 0.614311
1779360658.881098 4.337398 17.649345 0.310375 0.014668 0.054996 0.765769 0.640592
1779360658.914896 4.325973 17.685343 0.310557 0.002989 0.026912 0.738744 0.673442
1779360658.960792 4.312532 17.734585 0.307594 0.003531 0.001579 0.707803 0.706399
1779360659.022734 4.326611 17.798981 0.301911 0.019853 0.005050 0.681207 0.731804
1779360659.079485 4.335646 17.835625 0.309865 0.026127 0.048520 0.660443 0.748851
1779360659.128155 4.343982 17.893904 0.318116 0.024860 0.045185 0.635259 0.770575
1779360659.180140 4.358669 17.948172 0.314729 0.011850 0.030134 0.614691 0.788103
1779360659.231001 4.375515 17.989998 0.309781 0.019512 0.044513 0.596955 0.800801
1779360659.319961 4.385536 18.033003 0.310250 0.010591 0.023967 0.581369 0.813218
1779360659.336269 4.402955 18.088139 0.312065 0.011541 0.004699 0.571046 0.820823
1779360659.398318 4.427244 18.151789 0.301825 0.008211 -0.001353 0.562929 0.826464
1779360659.448460 4.447473 18.192459 0.311412 0.013319 0.030191 0.558700 0.828713
1779360659.500440 4.468868 18.244184 0.319201 0.014258 0.031727 0.550668 0.834000
1779360659.553458 4.495221 18.297573 0.320887 0.009448 0.018481 0.542214 0.839984
1779360659.614021 4.521507 18.344259 0.314169 0.001428 0.026927 0.535470 0.844124
1779360659.658265 4.541594 18.395849 0.313306 -0.012746 0.023715 0.526956 0.849466
1779360659.707097 4.564307 18.447596 0.314973 -0.011634 0.010760 0.530531 0.847518
1779360659.763875 4.589059 18.515821 0.305892 -0.009126 0.008766 0.547974 0.836400
1779360659.818376 4.603763 18.557022 0.314703 -0.017162 0.006495 0.578686 0.815344
1779360659.867962 4.618314 18.599318 0.322189 -0.017829 0.002837 0.612385 0.790354
1779360659.922371 4.625928 18.645653 0.292826 -0.016347 -0.012972 0.641244 0.767054
1779360659.986907 4.632629 18.685610 0.302534 -0.040718 -0.014556 0.664155 0.746343
1779360660.053938 4.639356 18.743122 0.309116 -0.047081 -0.002618 0.685628 0.726424
1779360660.089735 4.639116 18.805967 0.314145 -0.043334 -0.011669 0.718203 0.694385
1779360660.139080 4.615952 18.860504 0.308482 -0.046630 -0.029448 0.755650 0.652650
1779360660.199883 4.619340 18.902824 0.314207 -0.028058 -0.020800 0.792407 0.608993
1779360660.245070 4.603796 18.950312 0.314160 -0.032558 -0.036885 0.818338 0.572628
1779360660.297985 4.583794 19.004082 0.291391 -0.022176 -0.043125 0.840480 0.539669
1779360660.352123 4.581616 19.019861 0.298703 -0.043047 -0.035803 0.854380 0.516623
1779360660.404742 4.555945 19.073956 0.305143 -0.047019 -0.033089 0.865821 0.497040
1779360660.456180 4.524775 19.123360 0.309232 -0.035751 -0.032307 0.877546 0.477066
1779360660.507821 4.487170 19.161404 0.300825 -0.038679 -0.042372 0.885498 0.461087
1779360660.561446 4.467219 19.213690 0.306353 -0.019720 -0.021840 0.895751 0.443581
1779360660.615927 4.428699 19.256983 0.310241 -0.014443 -0.024584 0.901031 0.432817
1779360660.668070 4.388067 19.308790 0.306962 -0.010275 -0.027060 0.906152 0.421960
1779360660.743354 4.358248 19.339012 0.307849 -0.021102 -0.012794 0.909553 0.414854
1779360660.777000 4.316743 19.384396 0.313347 -0.017491 -0.011121 0.912950 0.407545
1779360660.836603 4.275905 19.425713 0.315423 -0.008903 -0.019305 0.916863 0.398635
1779360660.889088 4.219356 19.480106 0.309094 -0.009185 -0.014509 0.919681 0.392290
1779360660.947400 4.187923 19.512428 0.313796 -0.013004 -0.003723 0.922983 0.384603
1779360660.991694 4.144083 19.553373 0.318739 -0.012083 -0.004571 0.924364 0.381293
1779360661.044568 4.098731 19.601799 0.319626 -0.005602 -0.015064 0.925127 0.379318
1779360661.098084 4.088013 19.611055 0.309733 -0.015769 -0.003154 0.926138 0.376841
1779360661.152486 4.046031 19.650053 0.311850 -0.014221 -0.005747 0.926609 0.375713
1779360661.211081 4.001133 19.691418 0.313389 -0.005558 -0.014484 0.926472 0.376044
1779360661.258670 3.959287 19.738285 0.303635 -0.001853 -0.008607 0.921836 0.387481
1779360661.324044 3.952557 19.750299 0.310225 -0.008758 0.005047 0.915751 0.401620
1779360661.364500 3.915821 19.791285 0.315613 -0.002163 0.009470 0.908956 0.416780
1779360661.418561 3.878807 19.825930 0.298086 -0.004353 0.002241 0.903276 0.429033
1779360661.471176 3.853196 19.869431 0.307029 0.004082 0.029138 0.898741 0.437492
1779360661.530497 3.811411 19.907070 0.314056 0.002451 0.018187 0.893675 0.448340
1779360661.595685 3.781021 19.948078 0.317336 0.009135 0.009685 0.891476 0.452872
1779360661.627932 3.745375 19.996813 0.317247 0.015105 0.003156 0.889433 0.456804
1779360661.684531 3.713720 20.043201 0.311725 -0.000913 0.015458 0.887118 0.461282
1779360661.740777 3.679538 20.091520 0.315108 -0.008151 0.019716 0.885122 0.464870
1779360661.790987 3.644948 20.140078 0.317930 -0.005874 0.008768 0.882736 0.469751
1779360661.852714 3.610917 20.191809 0.312977 -0.009709 0.000286 0.879802 0.475241
1779360661.909675 3.581517 20.236103 0.312068 -0.003986 0.009940 0.865461 0.500862
1779360661.972990 3.553225 20.282034 0.314931 0.002182 -0.005984 0.852089 0.523359
1779360662.019396 3.523261 20.334433 0.314174 0.014594 -0.018306 0.841498 0.539753
1779360662.072484 3.501259 20.392757 0.301436 0.017259 -0.001982 0.833441 0.552335
1779360662.124597 3.481091 20.442965 0.307140 0.004687 0.030178 0.825947 0.562920
1779360662.177497 3.461278 20.493599 0.314973 0.003538 0.031301 0.818410 0.573771
1779360662.231150 3.442796 20.553720 0.315918 -0.000208 0.018671 0.810669 0.585208
1779360662.286420 3.428259 20.599363 0.309484 -0.002405 0.026153 0.804452 0.593437
1779360662.336851 3.411810 20.654488 0.312719 -0.001497 0.019164 0.799456 0.600416
1779360662.391718 3.393804 20.711920 0.314292 0.002783 0.003606 0.796594 0.604497
1779360662.444173 3.372013 20.781096 0.305612 -0.002829 0.001233 0.793235 0.608909
1779360662.500846 3.380455 20.773502 0.310632 -0.006214 0.006625 0.793524 0.608471
1779360662.556597 3.362486 20.840164 0.317196 -0.005377 0.011763 0.789267 0.613914
1779360662.609649 3.348667 20.899872 0.318224 -0.007401 0.001796 0.786492 0.617553
1779360662.665744 3.343719 20.932518 0.314177 -0.009763 0.015530 0.784503 0.619854
1779360662.716731 3.343091 20.947052 0.316819 -0.010575 0.006340 0.781218 0.624137
1779360662.770543 3.328826 21.001675 0.317532 -0.003697 -0.008151 0.781479 0.623867
1779360662.818323 3.310067 21.065363 0.306181 0.000996 -0.012894 0.782286 0.622785
1779360662.871927 3.302191 21.125172 0.310201 -0.009558 0.014513 0.782959 0.621831
1779360662.926403 3.283620 21.180481 0.319285 -0.010781 0.013215 0.783023 0.621758
1779360662.978807 3.270258 21.236856 0.321631 -0.013456 0.003573 0.781625 0.623594
1779360663.036227 3.263211 21.300570 0.312600 -0.011069 0.014565 0.781175 0.624045
1779360663.084704 3.244614 21.343939 0.314137 -0.013789 0.009864 0.778276 0.627694
1779360663.140186 3.231644 21.397364 0.317031 -0.009287 0.002170 0.779673 0.626115
1779360663.191425 3.216921 21.459316 0.315972 -0.002157 -0.005045 0.780944 0.624577
1779360663.245054 3.206445 21.505888 0.309843 -0.012021 0.004751 0.781206 0.624140
1779360663.301113 3.193658 21.564257 0.312760 -0.010285 0.016355 0.781342 0.623805
1779360663.359093 3.178906 21.623684 0.316457 -0.011941 0.008180 0.780292 0.625248
1779360663.417233 3.165707 21.690268 0.304677 -0.018553 0.003019 0.779718 0.625849
1779360663.460254 3.152951 21.729185 0.309951 -0.021656 0.007197 0.777796 0.628103
1779360663.511174 3.139015 21.785858 0.313796 -0.015063 0.000527 0.778205 0.627830
1779360663.570129 3.122738 21.849613 0.314563 -0.007282 -0.008997 0.780654 0.624857
1779360663.628008 3.110196 21.911924 0.308038 -0.013729 -0.007107 0.781028 0.624305
1779360663.674280 3.099378 21.953873 0.312383 -0.012947 0.008764 0.783515 0.621176
1779360663.726127 3.085208 22.009302 0.317096 -0.010228 0.008480 0.783305 0.621495
1779360663.778249 3.073301 22.071594 0.318199 -0.007849 -0.002663 0.782353 0.622781
1779360663.831039 3.068769 22.087206 0.310286 -0.014759 0.009986 0.782308 0.622637
1779360663.889488 3.054142 22.143578 0.313639 -0.013416 0.008793 0.788323 0.615053
1779360663.937447 3.043494 22.181774 0.315619 -0.010052 0.003202 0.797220 0.603597
1779360663.997054 3.005832 22.265968 0.309735 -0.016386 -0.004307 0.813462 0.581372
1779360664.051927 3.014107 22.271822 0.311776 -0.009057 0.003998 0.822412 0.568807
1779360664.100515 2.993723 22.320383 0.315103 -0.004055 0.000492 0.829089 0.559101
1779360664.155133 2.967964 22.373339 0.291355 -0.002280 -0.011254 0.835028 0.550088
1779360664.207586 2.966735 22.375422 0.305119 -0.020228 -0.004283 0.838035 0.545225
1779360664.264281 2.944568 22.422861 0.311487 -0.020291 -0.008178 0.840246 0.541764
1779360664.311231 2.917028 22.473743 0.314890 -0.010084 -0.018456 0.845412 0.533701
1779360664.364718 2.885908 22.531868 0.304692 -0.000222 -0.021801 0.849803 0.526650
1779360664.418744 2.867555 22.583456 0.309021 -0.014093 -0.000029 0.854081 0.519950
1779360664.510258 2.834694 22.634855 0.315839 -0.012709 0.006749 0.857319 0.514585
1779360664.531723 2.805340 22.689222 0.318837 -0.010069 -0.001588 0.859079 0.511742
1779360664.574789 2.779457 22.743961 0.307507 -0.013670 -0.004431 0.860675 0.508951
1779360664.628046 2.767455 22.760250 0.310000 -0.017975 -0.002755 0.859924 0.510098
1779360664.683105 2.738749 22.811266 0.313269 -0.013188 -0.009784 0.862087 0.506495
1779360664.743726 2.708566 22.866045 0.312567 -0.005241 -0.013495 0.864918 0.501704
1779360664.787515 2.681882 22.918299 0.307452 -0.013315 -0.004782 0.862213 0.506348
1779360664.844322 2.657403 22.950418 0.309470 -0.010611 0.006552 0.854579 0.519172
1779360664.899791 2.623449 23.015011 0.314823 -0.013938 -0.004821 0.839970 0.542433
1779360664.959168 2.609419 23.072123 0.304900 -0.003414 0.014279 0.829317 0.558586
1779360665.004946 2.583583 23.108559 0.305648 0.000986 0.007294 0.819301 0.573316
1779360665.057861 2.560344 23.165329 0.310602 0.007669 -0.003699 0.813082 0.582088
1779360665.112760 2.538056 23.224554 0.300797 0.015750 -0.009244 0.808485 0.588234
1779360665.166504 2.526198 23.278229 0.303577 0.009182 0.023335 0.805193 0.592483
1779360665.218226 2.509181 23.335901 0.313440 0.007543 0.037604 0.801717 0.596472
1779360665.272345 2.494273 23.392725 0.319933 0.007918 0.026807 0.796022 0.604623
1779360665.332377 2.482507 23.462843 0.306314 0.005300 0.020677 0.790934 0.611529
1779360665.385481 2.473595 23.507256 0.313070 -0.009733 0.029056 0.785582 0.617999
1779360665.440064 2.459695 23.562445 0.316413 -0.005788 0.017057 0.782120 0.622868
1779360665.496123 2.442734 23.635115 0.308380 -0.001648 0.005040 0.781550 0.623820
1779360665.553531 2.433590 23.673512 0.309806 -0.011199 0.006347 0.780449 0.625087
1779360665.599824 2.427647 23.707680 0.313906 -0.010328 0.022892 0.781033 0.623985
1779360665.654237 2.411290 23.759253 0.315562 -0.013425 0.016579 0.778824 0.626880
1779360665.705891 2.392790 23.816423 0.296599 -0.022698 0.010202 0.777744 0.628089
1779360665.759345 2.380314 23.854351 0.303742 -0.013148 0.008443 0.776075 0.630447
1779360665.810917 2.364675 23.907692 0.312466 -0.008789 -0.005958 0.773664 0.633507
1779360665.880471 2.349839 23.961033 0.314235 0.000561 -0.019820 0.774932 0.631734
1779360665.918127 2.332563 24.024267 0.304953 0.004232 -0.018865 0.776360 0.629994
1779360665.970336 2.322821 24.075275 0.308119 -0.007356 0.008861 0.778263 0.627833
1779360666.033561 2.307089 24.136520 0.313775 -0.007534 0.011757 0.778833 0.627076
1779360666.095338 2.293861 24.198841 0.315700 -0.011075 -0.000911 0.777818 0.628392
1779360666.133996 2.288453 24.236740 0.308741 -0.006460 0.010774 0.777364 0.628926
1779360666.750425 2.272671 24.296404 0.313258 -0.012486 0.001034 0.775361 0.631394
1779360666.757909 2.259425 24.355644 0.315314 -0.008744 -0.007063 0.777201 0.629152
1779360666.777549 2.241509 24.426428 0.307452 -0.009035 -0.006179 0.778074 0.628078
1779360666.782135 2.243896 24.427992 0.310804 -0.013276 0.004814 0.779236 0.626571
1779360666.784044 2.230556 24.476355 0.314900 -0.016895 0.006716 0.778945 0.626828
1779360666.807973 2.209901 24.528925 0.308786 -0.027273 -0.001894 0.777660 0.628091
1779360666.815090 2.201884 24.575302 0.297957 -0.013130 0.005512 0.779616 0.626096
1779360666.824283 2.188032 24.604652 0.303205 -0.009500 -0.004910 0.779536 0.626267
1779360666.839492 2.181885 24.638025 0.302055 -0.011395 -0.003168 0.781154 0.624226
1779360666.861284 2.171087 24.697081 0.301345 -0.016196 -0.001872 0.782469 0.622477
1779360666.881054 2.167812 24.724257 0.303840 -0.013532 -0.003635 0.783855 0.620786
1779360666.936759 2.166276 24.746084 0.304682 -0.008063 -0.002012 0.781342 0.624048
1779360666.951901 2.162594 24.762560 0.309742 -0.000407 0.000985 0.777530 0.628845
1779360666.984222 2.159192 24.774345 0.311744 0.008015 0.003847 0.775400 0.631408
1779360666.989985 2.152976 24.806593 0.313317 0.015903 -0.003197 0.771478 0.636049
1779360667.039944 2.147481 24.846937 0.312461 0.019837 -0.009975 0.765480 0.643077
1779360667.098246 2.142854 24.881338 0.314354 -0.000954 -0.001153 0.750565 0.660795
1779360667.150015 2.136746 24.916775 0.314001 -0.008730 -0.004814 0.735933 0.676981
1779360667.211414 2.134226 24.961758 0.311719 -0.010393 -0.007059 0.725962 0.687621
1779360667.254218 2.129579 25.006317 0.310577 -0.005028 -0.010406 0.717900 0.696051
1779360667.309247 2.131067 25.063751 0.300899 -0.001921 -0.005069 0.709843 0.704340
1779360667.369747 2.129644 25.092567 0.306636 -0.013290 0.006784 0.705058 0.708993
1779360667.421459 2.129298 25.125248 0.313746 -0.012971 0.015699 0.700120 0.713735
1779360667.472343 2.121480 25.165375 0.318655 -0.025408 0.015232 0.692800 0.720522
1779360667.525126 2.120428 25.200340 0.308606 -0.025997 0.024755 0.687984 0.724837
1779360667.602419 2.117590 25.225491 0.313431 -0.020412 0.023025 0.684354 0.728501
1779360667.667985 2.113154 25.244764 0.315214 -0.021268 0.018295 0.680849 0.731887
1779360667.702875 2.113983 25.257902 0.317466 -0.020762 0.019314 0.677869 0.734635
1779360667.790876 2.114456 25.268126 0.317848 -0.021703 0.016960 0.675920 0.736460
1779360667.795814 2.117000 25.284927 0.317473 -0.023334 0.018238 0.673833 0.738290
1779360667.837872 2.119452 25.297447 0.316540 -0.022443 0.021640 0.672683 0.739274
1779360667.900660 2.121743 25.308834 0.314824 -0.025058 0.020853 0.671856 0.739964
1779360667.941159 2.124038 25.318474 0.313705 -0.027543 0.018321 0.672302 0.739538
1779360667.995929 2.125702 25.326857 0.312564 -0.027468 0.016537 0.672478 0.739422
1779360668.048336 2.125734 25.332874 0.310838 -0.027003 0.011570 0.671850 0.740104
1779360668.102358 2.125468 25.338154 0.307771 -0.024758 0.005028 0.671286 0.740768
1779360668.155076 2.124835 25.340996 0.305279 -0.019964 0.003262 0.670455 0.741674
1779360668.221012 2.125667 25.343300 0.306908 -0.017221 0.005237 0.671847 0.740471
1779360668.263943 2.126376 25.349794 0.306943 -0.014832 0.006143 0.672491 0.739931
1779360668.320067 2.127456 25.354792 0.303431 -0.011705 0.006941 0.673041 0.739480
1779360668.372150 2.127938 25.361624 0.303677 -0.010998 0.010393 0.668295 0.743743
1779360668.423649 2.126724 25.364279 0.305736 -0.011310 0.010729 0.651794 0.758236
1779360668.477111 2.125349 25.372282 0.308161 -0.018237 0.008989 0.628851 0.777260
1779360668.528252 2.123182 25.383095 0.310164 -0.031373 0.008213 0.592936 0.804596
1779360668.580918 2.124916 25.391708 0.315566 -0.025515 0.001211 0.547242 0.836585
1779360668.634543 2.121683 25.398628 0.319463 -0.026874 -0.006526 0.493296 0.869422
1779360668.689204 2.119207 25.401136 0.322043 -0.032897 -0.002620 0.434467 0.900083
1779360668.754035 2.119511 25.403704 0.324149 -0.029790 0.009260 0.367352 0.929559
1779360668.798584 2.122034 25.407263 0.321657 -0.034378 0.018479 0.294090 0.954980
1779360668.852228 2.125335 25.407272 0.313226 -0.029650 0.019754 0.222921 0.974185
1779360668.923269 2.128877 25.406778 0.314367 -0.020162 0.021709 0.167864 0.985365
1779360668.961074 2.130493 25.407593 0.318758 -0.015603 0.012186 0.109619 0.993776
1779360669.025245 2.133606 25.409552 0.320737 -0.006912 0.011447 0.060871 0.998056
1779360669.068953 2.134700 25.412367 0.319222 -0.013111 0.013858 0.019330 0.999631
1779360669.125092 2.134095 25.412989 0.316951 -0.013067 0.010620 -0.013766 0.999764
1779360669.174512 2.135061 25.413090 0.314983 -0.011522 0.012985 -0.037074 0.999162
1779360669.227380 2.136301 25.416357 0.313991 -0.014029 0.011242 -0.062211 0.997901
1779360669.285446 2.139168 25.418285 0.312531 -0.024208 0.008773 -0.081727 0.996322
1779360669.335656 2.141338 25.418007 0.310363 -0.029472 0.008106 -0.098352 0.994682
1779360669.389311 2.141620 25.417610 0.311174 -0.028155 0.008709 -0.109380 0.993563
1779360669.443617 2.142553 25.416340 0.311426 -0.028511 0.009691 -0.115601 0.992839
1779360669.494360 2.143393 25.416487 0.311409 -0.028732 0.009760 -0.119450 0.992377
1779360669.551156 2.143921 25.417694 0.311283 -0.029230 0.010336 -0.121513 0.992106
1779360669.605421 2.143973 25.419226 0.312565 -0.029576 0.010411 -0.122701 0.991948
1779360669.655093 2.143831 25.420370 0.312709 -0.029702 0.010544 -0.123491 0.991845
1779360669.707857 2.143639 25.421005 0.311766 -0.029741 0.010587 -0.123816 0.991803
1779360669.760587 2.143493 25.421215 0.311539 -0.029370 0.010515 -0.123380 0.991869
1779360669.821705 2.143306 25.420973 0.311478 -0.028807 0.010589 -0.122497 0.991994
1779360669.869374 2.147912 25.420387 0.311674 -0.028140 0.008333 -0.122496 0.992035
1779360669.929787 2.154928 25.418850 0.311865 -0.026651 0.007382 -0.124565 0.991826
1779360669.979215 2.167023 25.416811 0.310715 -0.025477 0.008565 -0.125475 0.991733
1779360670.026927 2.182892 25.414341 0.308555 -0.026284 0.012110 -0.124622 0.991782
1779360670.098943 2.202476 25.409357 0.306587 -0.024861 0.014748 -0.124122 0.991846
1779360670.135011 2.229577 25.403843 0.305650 -0.021944 0.014493 -0.123481 0.991998
1779360670.192222 2.265849 25.395872 0.305292 -0.017890 0.009994 -0.123354 0.992151
1779360670.243427 2.301468 25.391323 0.304829 -0.015665 0.011591 -0.121383 0.992414
1779360670.296356 2.335793 25.381651 0.309489 -0.009578 -0.001280 -0.123024 0.992357
1779360670.350062 2.376125 25.372564 0.312619 -0.012093 -0.007946 -0.127519 0.991731
1779360670.401107 2.424922 25.359154 0.315383 -0.018942 -0.012880 -0.128729 0.991415
1779360670.459584 2.459241 25.350584 0.310362 -0.011032 0.000859 -0.131714 0.991226
1779360670.526325 2.502747 25.341743 0.311612 -0.015201 0.001838 -0.134369 0.990813
1779360670.562932 2.551511 25.330097 0.312884 -0.018723 -0.003181 -0.132704 0.990974
1779360670.620376 2.604806 25.317135 0.312963 -0.017457 -0.013637 -0.129710 0.991304
1779360670.667537 2.664682 25.302671 0.307945 0.003450 0.001284 -0.134875 0.990856
1779360670.723682 2.718513 25.290737 0.312867 0.002618 0.009474 -0.150691 0.988532
1779360670.774859 2.768626 25.273722 0.317740 -0.001493 0.005682 -0.169821 0.985458
1779360670.837302 2.827244 25.253092 0.309665 -0.019632 0.007913 -0.188025 0.981936
1779360670.880457 2.875239 25.233093 0.309295 -0.004882 0.006804 -0.200977 0.979560
1779360670.936512 2.917783 25.215990 0.312421 -0.009376 0.003208 -0.212476 0.977116
1779360670.990105 2.971237 25.195015 0.312694 -0.015750 -0.007339 -0.218627 0.975654
1779360671.042579 3.041743 25.165903 0.303340 -0.016241 -0.009206 -0.225029 0.974173
1779360671.094959 3.088560 25.141115 0.308609 0.009533 0.002466 -0.225539 0.974185
1779360671.148624 3.139216 25.115541 0.314917 0.011178 -0.001520 -0.231880 0.972679
1779360671.201864 3.190994 25.086031 0.318942 -0.001142 -0.010084 -0.238510 0.971087
1779360671.254858 3.242460 25.052610 0.310959 -0.000517 -0.002514 -0.244128 0.969740
1779360671.324915 3.253512 25.047642 0.308918 -0.002258 0.012770 -0.251458 0.967781
1779360671.361998 3.301972 25.020720 0.311031 -0.009906 0.004072 -0.252781 0.967464
1779360671.414852 3.358058 24.988882 0.312897 -0.013141 -0.005400 -0.251629 0.967719
1779360671.469175 3.407167 24.962837 0.308151 -0.006895 0.005011 -0.251622 0.967788
1779360671.525218 3.443757 24.941320 0.311333 0.004982 0.008413 -0.250719 0.968010
1779360671.591773 3.491869 24.914295 0.316990 0.001390 0.004753 -0.254180 0.967144
1779360671.635308 3.547622 24.880405 0.307992 -0.009234 0.004522 -0.256765 0.966419
1779360671.680585 3.553846 24.876358 0.311592 -0.006186 0.016760 -0.260499 0.965309
1779360671.734370 3.604182 24.847664 0.315373 -0.006668 0.012687 -0.261922 0.964983
1779360671.786738 3.656832 24.819590 0.316160 -0.013673 -0.000318 -0.259921 0.965533
1779360671.842024 3.719590 24.788485 0.307905 -0.014816 -0.002150 -0.258046 0.966017
1779360671.908368 3.751392 24.766356 0.309521 0.006476 0.008559 -0.255899 0.966644
1779360671.950735 3.806454 24.735886 0.313905 0.005775 0.003215 -0.256379 0.966554
1779360672.004431 3.859652 24.702703 0.317637 -0.006078 -0.004941 -0.258327 0.966026
1779360672.059439 3.896806 24.676647 0.310871 0.002736 0.003303 -0.259011 0.965865
1779360672.111233 3.928564 24.658398 0.313475 -0.002156 0.008463 -0.264124 0.964449
1779360672.163904 3.979518 24.628881 0.315159 -0.010524 0.001847 -0.263154 0.964695
1779360672.217906 4.043335 24.593754 0.306774 -0.009139 0.000719 -0.261381 0.965192
1779360672.272863 4.056323 24.587873 0.306340 -0.004767 0.003576 -0.258633 0.965957
1779360672.325411 4.105230 24.559521 0.312027 -0.003163 -0.000561 -0.258117 0.966108
1779360672.377117 4.157087 24.529818 0.316742 -0.015646 -0.008450 -0.260706 0.965255
1779360672.431265 4.203979 24.498165 0.312415 -0.012465 -0.002466 -0.261440 0.965136
1779360672.495578 4.251255 24.479322 0.309006 -0.021066 0.011871 -0.266980 0.963399
1779360672.543001 4.297383 24.454273 0.310190 -0.026598 0.004290 -0.266499 0.963459
1779360672.590912 4.358041 24.421400 0.311563 -0.028197 -0.008461 -0.262274 0.964544
1779360672.644505 4.403168 24.383862 0.304092 -0.004774 0.000391 -0.259274 0.965792
1779360672.703822 4.456743 24.359055 0.311937 0.002512 0.006812 -0.258619 0.965952
1779360672.752358 4.506272 24.331047 0.317794 -0.002196 0.003080 -0.260058 0.965586
1779360672.807570 4.565596 24.294111 0.310053 -0.012539 0.002633 -0.260567 0.965371
1779360672.856191 4.571836 24.286819 0.311966 0.003627 0.007756 -0.263108 0.964729
1779360672.910916 4.619824 24.259802 0.314826 -0.004164 0.004613 -0.265748 0.964023
1779360672.963878 4.671382 24.228579 0.315591 -0.010199 -0.002759 -0.263177 0.964690
1779360673.017556 4.726765 24.197174 0.303203 -0.014412 0.006432 -0.262985 0.964671
1779360673.075322 4.738763 24.187963 0.302502 -0.022912 0.004856 -0.261524 0.964913
1779360673.124316 4.774861 24.170013 0.307047 -0.019471 0.006790 -0.262175 0.964800
1779360673.185208 4.820901 24.156384 0.302439 -0.030597 0.015637 -0.265464 0.963508
1779360673.235305 4.848061 24.141191 0.294994 -0.016085 0.012437 -0.264755 0.964101
1779360673.284303 4.873307 24.132977 0.299470 -0.020779 0.003609 -0.262575 0.964681
1779360673.340257 4.890690 24.124275 0.310613 -0.017267 0.007676 -0.262778 0.964671
1779360673.389041 4.907335 24.116617 0.315629 -0.016263 0.006963 -0.263302 0.964551
1779360673.448485 4.921926 24.108673 0.318628 -0.018898 0.008719 -0.252486 0.967377
1779360673.494385 4.934026 24.101854 0.321350 -0.020073 0.013321 -0.230531 0.972767
1779360673.547423 4.945390 24.095469 0.323856 -0.018706 0.018687 -0.197535 0.979939
1779360673.603445 4.956805 24.091438 0.321798 -0.021850 0.020917 -0.167699 0.985374
1779360673.654284 4.965867 24.087843 0.315055 -0.026867 0.017202 -0.139650 0.989687
1779360673.707555 4.972984 24.082176 0.312571 -0.025225 0.015230 -0.099933 0.994558
1779360673.761250 4.979057 24.080742 0.316459 -0.029077 0.017069 -0.054177 0.997962
1779360673.815106 4.983050 24.081638 0.317072 -0.034858 0.020855 -0.016041 0.999046
1779360673.924716 4.986607 24.082203 0.314726 -0.037758 0.026609 0.020593 0.998720
1779360673.926427 4.992072 24.085585 0.310338 -0.041679 0.032031 0.052527 0.997235
1779360673.980365 4.999473 24.086113 0.308883 -0.028486 0.032200 0.077411 0.996072
1779360674.040088 5.004668 24.086637 0.308762 -0.029563 0.033770 0.096040 0.994365
1779360674.097589 5.007797 24.084803 0.308160 -0.034011 0.032081 0.113549 0.992432
1779360674.147218 5.012516 24.082262 0.308809 -0.035944 0.030423 0.125493 0.990976
1779360674.197259 5.016322 24.080231 0.309602 -0.034607 0.029786 0.138868 0.989258
1779360674.249774 5.026140 24.081720 0.309726 -0.031503 0.029788 0.147957 0.988043
1779360674.304881 5.044394 24.085552 0.309237 -0.026924 0.028192 0.157216 0.986795
1779360674.359003 5.066223 24.093771 0.307005 -0.024855 0.024160 0.163953 0.985859
1779360674.409184 5.094242 24.103374 0.305069 -0.019933 0.008756 0.170078 0.985190
1779360674.461633 5.120504 24.113091 0.308885 -0.008277 0.011420 0.175461 0.984385
1779360674.515675 5.153735 24.128538 0.309907 -0.003536 0.007669 0.180638 0.983513
1779360674.566333 5.190797 24.145517 0.311263 -0.014566 0.000241 0.184887 0.982652
1779360674.621187 5.230264 24.158463 0.309628 -0.009708 0.002309 0.188584 0.982006
1779360674.673668 5.261359 24.177900 0.311937 -0.021553 0.002589 0.188163 0.981898
1779360674.728113 5.303564 24.195772 0.312973 -0.024851 -0.004857 0.193193 0.980834
1779360674.781439 5.347983 24.216858 0.312190 -0.022636 -0.015292 0.197937 0.979834
1779360674.834241 5.401690 24.244553 0.307864 -0.017498 -0.012787 0.202039 0.979138
1779360674.886838 5.445745 24.263294 0.311928 -0.014646 0.011288 0.207198 0.978124
1779360674.939668 5.484658 24.283886 0.316235 -0.018853 0.011235 0.209281 0.977609
1779360674.994072 5.529352 24.311684 0.309951 -0.036717 0.012000 0.198027 0.979435
1779360675.048304 5.568966 24.326256 0.305522 -0.018303 0.014374 0.183507 0.982743
1779360675.100218 5.592607 24.342829 0.313196 -0.024576 0.009974 0.165635 0.985830
1779360675.155853 5.618597 24.352247 0.316688 -0.025261 0.012857 0.140933 0.989613
1779360675.210459 5.644836 24.359911 0.316938 -0.022133 0.018358 0.112698 0.993213
1779360675.260136 5.668680 24.364563 0.313480 -0.020605 0.022958 0.081297 0.996212
1779360675.318419 5.694018 24.366028 0.308787 -0.025706 0.011942 0.047252 0.998481
1779360675.367462 5.709936 24.367561 0.311042 -0.010889 0.012074 0.013910 0.999771
1779360675.430197 5.727255 24.367546 0.316568 -0.004407 0.008345 -0.016199 0.999824
1779360675.473985 5.747447 24.366011 0.318670 -0.003260 0.004048 -0.043861 0.999024
1779360675.549088 5.770488 24.361589 0.317820 0.000481 0.001593 -0.066381 0.997793
1779360675.580639 5.794401 24.358770 0.315158 -0.008107 0.009013 -0.084538 0.996347
1779360675.635028 5.821306 24.354197 0.315052 -0.013789 0.005419 -0.098700 0.995007
1779360675.689329 5.839639 24.353338 0.315622 -0.015958 -0.001589 -0.111241 0.993664
1779360675.750493 5.862782 24.350933 0.313417 -0.017980 -0.008426 -0.120856 0.992471
1779360675.798199 5.893396 24.347998 0.309448 -0.026435 -0.016732 -0.130374 0.990971
1779360675.854926 5.922296 24.340794 0.306136 -0.015821 -0.011959 -0.134480 0.990718
1779360675.908126 5.942026 24.332314 0.304833 -0.005104 -0.001413 -0.136101 0.990681
1779360675.960422 5.966156 24.326733 0.308994 -0.012101 -0.003005 -0.143933 0.989509
1779360676.016733 5.985013 24.320484 0.311252 -0.010926 -0.006914 -0.156841 0.987539
1779360676.078988 6.002563 24.316429 0.313069 -0.021235 -0.005081 -0.175963 0.984155
1779360676.120826 6.023298 24.310987 0.312543 -0.032709 -0.000787 -0.197680 0.979720
1779360676.185904 6.041457 24.303391 0.312537 -0.027554 -0.012476 -0.223282 0.974284
1779360676.225262 6.055205 24.302498 0.310655 -0.038215 -0.008625 -0.251641 0.967027
1779360676.278184 6.067692 24.299950 0.309915 -0.036147 -0.000393 -0.283357 0.958333
1779360676.333973 6.073881 24.300049 0.310543 -0.030535 0.007263 -0.317082 0.947879
1779360676.385056 6.080920 24.296404 0.308535 -0.026465 0.009528 -0.353846 0.934881
1779360676.441690 6.088075 24.291512 0.304299 -0.024846 0.008596 -0.391018 0.920007
1779360676.491254 6.093750 24.286539 0.303076 -0.026200 0.016390 -0.427647 0.903417
1779360676.546384 6.101215 24.281406 0.308879 -0.030195 0.016919 -0.456504 0.889048
1779360676.613150 6.105282 24.276690 0.312350 -0.026135 0.013776 -0.485147 0.873933
1779360676.652023 6.108099 24.277079 0.313650 -0.024337 0.010185 -0.509492 0.860071
1779360676.710677 6.113527 24.276207 0.313150 -0.030008 0.015664 -0.530617 0.846936
1779360676.758667 6.116640 24.276171 0.311649 -0.031589 0.012606 -0.546634 0.836681
1779360676.810773 6.120352 24.274189 0.310529 -0.034605 0.014971 -0.556235 0.830169
1779360676.863971 6.121794 24.270563 0.309781 -0.034569 0.017074 -0.563595 0.825151
1779360676.917274 6.122187 24.267065 0.306516 -0.034205 0.018820 -0.568349 0.821861
1779360676.981325 6.121506 24.264355 0.305333 -0.031775 0.019567 -0.570921 0.820157
1779360677.027529 6.120698 24.263037 0.305485 -0.029067 0.019487 -0.572009 0.819500
1779360677.077428 6.118509 24.263380 0.305544 -0.024136 0.016962 -0.572586 0.819314
1779360677.132104 6.118449 24.262836 0.305713 -0.015973 0.014121 -0.575372 0.817614
1779360677.184585 6.120542 24.263979 0.304704 -0.013619 0.011187 -0.579250 0.814959
1779360677.255289 6.122415 24.264944 0.303774 -0.017398 0.012186 -0.587478 0.808962
1779360677.290311 6.124656 24.266258 0.307021 -0.019727 0.012270 -0.599574 0.799982
1779360677.352658 6.126619 24.267317 0.307895 -0.022161 0.011847 -0.616458 0.786987
1779360677.398040 6.128142 24.267389 0.308559 -0.023740 0.012774 -0.631185 0.775164
1779360677.451899 6.128998 24.266859 0.309438 -0.023812 0.013091 -0.644115 0.764446
1779360677.503718 6.129295 24.266949 0.310989 -0.023211 0.012252 -0.653765 0.756242
1779360677.560307 6.129382 24.267895 0.311519 -0.022219 0.010824 -0.660913 0.750056
1779360677.621336 6.129498 24.269278 0.311631 -0.020752 0.008445 -0.666314 0.745334
1779360677.670267 6.129763 24.270706 0.311188 -0.019844 0.007125 -0.670405 0.741696
1779360677.720876 6.130097 24.272507 0.309046 -0.020175 0.005862 -0.680171 0.732753
1779360677.779557 6.129962 24.273588 0.307647 -0.020873 0.006147 -0.693629 0.720004
1779360677.827220 6.129247 24.274311 0.308209 -0.021707 0.006195 -0.710799 0.703033
1779360677.890458 6.127981 24.274765 0.307777 -0.021613 0.006111 -0.730518 0.682525
1779360677.934054 6.125918 24.275623 0.306784 -0.020376 0.002704 -0.751399 0.659528
1779360677.989815 6.126147 24.276012 0.305441 -0.021454 0.003544 -0.767485 0.640698
1779360678.040765 6.125221 24.277214 0.302558 -0.020412 0.005042 -0.780794 0.624434
1779360678.096177 6.127925 24.279545 0.301793 -0.017140 0.007698 -0.793347 0.608479
1779360678.148748 6.126854 24.280060 0.302940 0.002674 0.009006 -0.804878 0.593366
1779360678.200793 6.124685 24.280785 0.301490 0.017916 0.004741 -0.815254 0.578807
1779360678.253840 6.123221 24.281637 0.298058 0.026197 0.004750 -0.822833 0.567659
1779360678.309144 6.124599 24.282778 0.294218 0.023711 0.009326 -0.829675 0.557665
1779360678.367660 6.127985 24.287514 0.295093 0.020611 0.006295 -0.833963 0.551400
1779360678.428872 6.132966 24.290173 0.301709 0.019318 0.009588 -0.839232 0.543346
1779360678.470435 6.138050 24.293304 0.303200 0.017669 0.015213 -0.843908 0.535981
1779360678.541089 6.141091 24.296566 0.301225 0.018802 0.010542 -0.846325 0.532231
1779360678.579086 6.145247 24.298780 0.300125 0.015161 0.011760 -0.848161 0.529391
1779360678.630957 6.146287 24.299875 0.301794 0.012225 0.012266 -0.848749 0.528513
1779360678.683859 6.145997 24.299696 0.299819 0.010471 0.013823 -0.849175 0.527826
1779360678.738364 6.145771 24.299618 0.299028 0.008805 0.015049 -0.849501 0.527299
1779360678.814579 6.145364 24.299479 0.301284 0.007300 0.015663 -0.849015 0.528086
1779360678.844178 6.145548 24.299667 0.302913 0.005423 0.015152 -0.848223 0.529395
1779360678.894723 6.146741 24.300226 0.303803 0.003243 0.015307 -0.847897 0.529930
1779360678.950388 6.148213 24.300814 0.304369 0.001459 0.015908 -0.846028 0.532900
1779360679.004894 6.149609 24.300909 0.304932 -0.000431 0.016474 -0.840782 0.541123
1779360679.066381 6.150764 24.301321 0.305678 -0.002977 0.017277 -0.832644 0.553532
1779360679.106915 6.151659 24.301378 0.306387 -0.005578 0.016749 -0.822752 0.568127
1779360679.169862 6.152015 24.301210 0.306955 -0.008011 0.016332 -0.810334 0.585687
1779360679.217491 6.152765 24.300438 0.307189 -0.010153 0.015469 -0.799576 0.600281
1779360679.267156 6.153281 24.299683 0.307150 -0.011485 0.014181 -0.791567 0.610810
1779360679.320790 6.153229 24.299250 0.305375 -0.012296 0.012684 -0.784958 0.619296
1779360679.374025 6.153885 24.298382 0.306866 -0.014319 0.012935 -0.775623 0.630901
1779360679.443028 6.154407 24.296402 0.308810 -0.013152 0.012046 -0.766200 0.642355
1779360679.486760 6.154311 24.293816 0.309688 -0.009890 0.008785 -0.747819 0.663771
1779360679.536937 6.153584 24.291088 0.309483 -0.007839 0.006731 -0.730326 0.683021
1779360679.593299 6.150856 24.289122 0.308335 -0.005002 0.003796 -0.708915 0.705266
1779360679.646818 6.150990 24.287271 0.306966 -0.003041 0.002176 -0.689208 0.724554
1779360679.698287 6.149594 24.286453 0.303806 -0.000555 -0.002685 -0.672350 0.740228
1779360679.747719 6.148320 24.286875 0.302710 0.003546 -0.007156 -0.660178 0.751066
1779360679.800710 6.149893 24.289286 0.306113 0.006305 -0.006698 -0.648405 0.761240
1779360679.853544 6.152900 24.286018 0.307202 0.011436 -0.000010 -0.633645 0.773539
1779360679.907993 6.155879 24.288013 0.304863 0.010352 0.006087 -0.622168 0.782792
1779360679.960229 6.159976 24.287685 0.302736 0.011940 0.008858 -0.610488 0.791886
1779360680.014158 6.162347 24.288717 0.303980 0.005521 0.011731 -0.604631 0.796400
1779360680.083200 6.163091 24.288824 0.302777 0.002255 0.011404 -0.599649 0.800178
1779360680.121222 6.163486 24.289654 0.302475 0.001228 0.011558 -0.596723 0.802363
1779360680.173581 6.163808 24.290939 0.302517 -0.003356 0.012927 -0.595117 0.803528
1779360680.226848 6.163203 24.293436 0.302511 -0.007238 0.013569 -0.593926 0.804373
1779360680.282316 6.162457 24.295441 0.302788 -0.006962 0.013986 -0.592848 0.805163
1779360680.334059 6.161000 24.299774 0.302870 -0.009213 0.015909 -0.592512 0.805352
1779360680.387331 6.159416 24.304108 0.302751 -0.011753 0.017185 -0.591396 0.806113
1779360680.440924 6.156400 24.310184 0.302748 -0.011491 0.017773 -0.590723 0.806597
1779360680.495056 6.153513 24.316639 0.302363 -0.013201 0.017589 -0.590479 0.806753
1779360680.556021 6.151045 24.323912 0.301726 -0.015534 0.017090 -0.590513 0.806698
1779360680.600600 6.149958 24.330515 0.303759 -0.018476 0.016246 -0.591720 0.805768
1779360680.654099 6.150325 24.334877 0.304623 -0.020699 0.015994 -0.592491 0.805152
1779360680.706898 6.150723 24.337509 0.304961 -0.022244 0.016003 -0.593547 0.804333
1779360680.763012 6.150529 24.339270 0.304605 -0.021879 0.017159 -0.594039 0.803955
1779360680.816392 6.148934 24.342239 0.304065 -0.020924 0.017733 -0.594012 0.803988
1779360680.874972 6.146230 24.347174 0.303073 -0.019765 0.018014 -0.593023 0.804741
1779360680.920289 6.142605 24.354996 0.301491 -0.018569 0.017870 -0.591846 0.805639
1779360680.976206 6.138777 24.364428 0.298856 -0.017994 0.017673 -0.590836 0.806398
1779360681.027988 6.134381 24.375496 0.297378 -0.018799 0.017105 -0.589719 0.807209
1779360681.082751 6.130742 24.386309 0.297780 -0.015598 0.015592 -0.590110 0.807022
1779360681.141883 6.127594 24.400463 0.296811 -0.013097 0.018144 -0.590366 0.806825
1779360681.190144 6.123798 24.421343 0.290325 -0.013029 0.013976 -0.596647 0.802276
1779360681.243994 6.119251 24.438501 0.296641 -0.004051 0.016093 -0.605340 0.795794
1779360681.292309 6.114748 24.453192 0.298625 0.009416 0.017418 -0.616865 0.786820
1779360681.347149 6.110821 24.472738 0.299290 0.011299 0.020701 -0.632904 0.773871
1779360681.405407 6.108059 24.489552 0.294493 -0.002513 0.021144 -0.646876 0.762298
1779360681.455124 6.108877 24.502371 0.297528 -0.000503 0.020342 -0.658867 0.751985
1779360681.507138 6.110557 24.510365 0.301252 -0.003588 0.019342 -0.667541 0.744313
1779360681.560632 6.112971 24.516052 0.303811 -0.002247 0.017290 -0.676660 0.736089
1779360681.619070 6.116034 24.519918 0.304419 0.001368 0.014536 -0.687162 0.726358
1779360681.671857 6.118891 24.523449 0.304944 0.003874 0.012033 -0.700875 0.713172
1779360681.728682 6.123039 24.527641 0.302913 -0.000369 0.015009 -0.716540 0.697384
1779360681.777599 6.125458 24.530273 0.303991 -0.009240 0.019029 -0.732338 0.680612
1779360681.831350 6.126278 24.530128 0.304916 -0.012663 0.021375 -0.744304 0.667379
1779360681.887115 6.126172 24.528366 0.305517 -0.015262 0.024503 -0.754020 0.656217
1779360681.940336 6.125946 24.525841 0.304025 -0.017510 0.026064 -0.761690 0.647180
1779360681.993953 6.125643 24.524002 0.302859 -0.018735 0.027527 -0.767418 0.640282
1779360682.048465 6.125337 24.522236 0.304576 -0.015868 0.027321 -0.770968 0.636090
1779360682.100656 6.124804 24.520758 0.308042 -0.011146 0.021414 -0.774604 0.631986
1779360682.157027 6.125235 24.517225 0.308788 -0.005021 0.016454 -0.779549 0.626105
1779360682.214000 6.127135 24.512741 0.308489 -0.006555 0.013906 -0.780865 0.624511
1779360682.266958 6.126939 24.506918 0.307496 -0.008229 0.009792 -0.776058 0.630531
1779360682.329237 6.126997 24.499115 0.307645 -0.008892 0.009948 -0.765720 0.643036
1779360682.382093 6.125303 24.492779 0.307593 -0.009912 0.008110 -0.754169 0.656555
1779360682.432911 6.123794 24.486738 0.307408 -0.010327 0.008835 -0.739753 0.672741
1779360682.483706 6.121805 24.481867 0.308279 -0.010865 0.013217 -0.723481 0.690132
1779360682.536950 6.119711 24.478086 0.308995 -0.012438 0.016345 -0.706139 0.707776
1779360682.589202 6.117399 24.475325 0.308958 -0.009980 0.014495 -0.690274 0.723334
1779360682.646835 6.114625 24.472958 0.304929 -0.007827 0.011546 -0.676316 0.736479
1779360682.697997 6.114174 24.472355 0.303023 -0.007250 0.008353 -0.666851 0.745109
1779360682.750138 6.114829 24.472479 0.303964 -0.005835 0.005244 -0.660291 0.750969
1779360682.807198 6.115802 24.472738 0.306192 -0.005596 0.005200 -0.655554 0.755110
1779360682.859489 6.116621 24.473415 0.306725 -0.005389 0.004519 -0.652373 0.757866
1779360682.912719 6.116947 24.474215 0.306858 -0.006046 0.004860 -0.652146 0.758054
1779360682.968476 6.117601 24.475132 0.308858 -0.006999 0.006357 -0.656852 0.753960
1779360683.022204 6.117932 24.476105 0.310290 -0.007969 0.008297 -0.664141 0.747519
1779360683.067408 6.118277 24.477638 0.310831 -0.008196 0.010077 -0.670101 0.742156
1779360683.120450 6.118972 24.479696 0.311166 -0.008212 0.011211 -0.674602 0.738051
1779360683.173854 6.119400 24.481886 0.311494 -0.008646 0.011827 -0.677859 0.735046
1779360683.237464 6.119878 24.483917 0.311600 -0.008879 0.012094 -0.679417 0.733599
1779360683.280279 6.120218 24.485590 0.308827 -0.008711 0.012369 -0.680592 0.732506
1779360683.333590 6.120346 24.487131 0.307902 -0.009113 0.012750 -0.681578 0.731578
1779360683.387112 6.120527 24.487732 0.307911 -0.009446 0.013880 -0.684482 0.728837
1779360683.450126 6.121160 24.488283 0.308174 -0.010252 0.016758 -0.691458 0.722150
1779360683.490491 6.121957 24.488832 0.308069 -0.010484 0.019081 -0.697675 0.716083
1779360683.547233 6.122828 24.489904 0.308260 -0.010917 0.020679 -0.701410 0.712375
1779360683.611225 6.123688 24.491114 0.308356 -0.011522 0.022036 -0.703637 0.710124
1779360683.670453 6.124500 24.492088 0.308457 -0.012087 0.022973 -0.704989 0.708743
1779360683.707700 6.124956 24.492847 0.308456 -0.012373 0.023256 -0.705589 0.708132
1779360683.763228 6.125106 24.493393 0.308452 -0.012366 0.023409 -0.705709 0.708007
1779360683.811115 6.125018 24.493795 0.308433 -0.012320 0.023310 -0.705403 0.708316
1779360683.866326 6.124883 24.494122 0.308367 -0.012076 0.023096 -0.704923 0.708805
1779360683.916932 6.124798 24.494303 0.308314 -0.011944 0.023008 -0.704481 0.709250
1779360683.984445 6.124771 24.494457 0.308290 -0.011915 0.022982 -0.704150 0.709579
1779360684.033894 6.125765 24.491493 0.310004 -0.012465 0.020971 -0.704125 0.709657
1779360684.090076 6.124916 24.487692 0.310624 -0.013512 0.019944 -0.705284 0.708516
1779360684.139941 6.124518 24.482687 0.308219 -0.013834 0.019909 -0.706040 0.707757
1779360684.195929 6.123316 24.476259 0.302744 -0.013473 0.020113 -0.705958 0.707840
1779360684.252666 6.122433 24.470200 0.299553 -0.013129 0.020071 -0.706527 0.707279
1779360684.300364 6.121089 24.466928 0.297320 -0.010978 0.020411 -0.706622 0.707212
1779360684.355575 6.119290 24.465179 0.300222 -0.009570 0.020496 -0.705403 0.708446
1779360684.405864 6.119409 24.463058 0.301300 -0.010608 0.018585 -0.706183 0.707705
1779360684.460160 6.119508 24.460472 0.303038 -0.011113 0.017679 -0.706771 0.707134
1779360684.514367 6.120277 24.454494 0.304544 -0.011467 0.016910 -0.705320 0.708595
1779360684.568772 6.120024 24.446363 0.303426 -0.010887 0.016852 -0.704472 0.709448
1779360684.638742 6.119469 24.436985 0.295769 -0.008796 0.018433 -0.703470 0.710431
1779360684.673801 6.119346 24.428543 0.293213 -0.006153 0.020687 -0.703099 0.710764
1779360684.726938 6.120005 24.422321 0.296129 -0.004947 0.021855 -0.703508 0.710334
1779360684.788588 6.120250 24.419718 0.296113 -0.004799 0.021171 -0.702674 0.711181
1779360684.834555 6.120985 24.417171 0.292111 -0.003632 0.023295 -0.702229 0.711560
1779360684.903346 6.121965 24.415806 0.292162 -0.004797 0.025951 -0.702561 0.711134
1779360684.943363 6.121979 24.414640 0.294950 -0.006512 0.028484 -0.702399 0.711184
1779360685.001198 6.121334 24.414696 0.295896 -0.008485 0.030066 -0.702786 0.710715
1779360685.049665 6.120190 24.415094 0.296207 -0.009735 0.031458 -0.702949 0.710478
1779360685.104184 6.119079 24.415649 0.296346 -0.010627 0.032551 -0.702927 0.710437
1779360685.157261 6.117946 24.417006 0.296619 -0.011365 0.033722 -0.702540 0.710754
1779360685.210063 6.117050 24.419104 0.293890 -0.011298 0.032324 -0.699899 0.713420
1779360685.265576 6.116856 24.421188 0.294857 -0.008748 0.030399 -0.697254 0.716126
1779360685.320020 6.117101 24.424419 0.296786 -0.007981 0.028470 -0.696622 0.716829
1779360685.379844 6.117245 24.428247 0.297859 -0.008141 0.027410 -0.696308 0.717173
1779360685.432481 6.117248 24.432320 0.298674 -0.008880 0.026386 -0.696377 0.717136
1779360685.479071 6.117293 24.436272 0.299353 -0.009582 0.025844 -0.696282 0.717239
1779360685.536794 6.117410 24.439945 0.299906 -0.010236 0.024833 -0.696436 0.717116
1779360685.585319 6.117577 24.443186 0.300433 -0.011011 0.024333 -0.696482 0.717077
1779360685.636672 6.117815 24.446108 0.300915 -0.011810 0.024043 -0.696202 0.717346
1779360685.691458 6.118170 24.448917 0.301408 -0.012889 0.023728 -0.695937 0.717595
1779360685.743914 6.118437 24.451324 0.302980 -0.013584 0.023454 -0.695892 0.717635
1779360685.801006 6.118637 24.453722 0.303770 -0.014198 0.023268 -0.695850 0.717670
1779360685.852545 6.118697 24.455978 0.304144 -0.014641 0.023030 -0.695673 0.717840
1779360685.904731 6.118669 24.457993 0.304377 -0.015031 0.022718 -0.695807 0.717712
1779360685.958251 6.118680 24.459894 0.304588 -0.015471 0.022493 -0.696019 0.717505
1779360686.013000 6.118796 24.461693 0.304763 -0.015839 0.022395 -0.696072 0.717448
1779360686.064089 6.118895 24.463373 0.304930 -0.016278 0.022220 -0.696049 0.717465
1779360686.118420 6.118968 24.465036 0.305064 -0.016582 0.022079 -0.696017 0.717494
1779360686.173436 6.119030 24.466679 0.305215 -0.017028 0.021902 -0.696150 0.717360
1779360686.231069 6.119145 24.468163 0.305343 -0.017473 0.021750 -0.696157 0.717347
1779360686.279253 6.119308 24.469522 0.305461 -0.017961 0.021647 -0.696215 0.717282
1779360686.343910 6.119396 24.470654 0.305553 -0.018282 0.021506 -0.696347 0.717150
1779360686.379984 6.119453 24.471706 0.305645 -0.018491 0.021373 -0.696308 0.717186
1779360686.433408 6.119521 24.472628 0.305717 -0.018750 0.021275 -0.696181 0.717306
1779360686.487219 6.119545 24.473619 0.305789 -0.018924 0.021218 -0.696208 0.717277
1779360686.540261 6.119579 24.474621 0.305835 -0.019100 0.021111 -0.696299 0.717187
1779360686.616383 6.119686 24.475576 0.305882 -0.019408 0.021078 -0.696356 0.717125
1779360686.648809 6.119755 24.476450 0.305936 -0.019717 0.020953 -0.696443 0.717035
1779360686.701319 6.119795 24.477177 0.305974 -0.019877 0.020921 -0.696507 0.716970
1779360686.753122 6.119819 24.477833 0.305998 -0.020023 0.020832 -0.696535 0.716941
1779360686.806333 6.119834 24.478321 0.306013 -0.020112 0.020794 -0.696606 0.716871
1779360686.860786 6.119869 24.478661 0.306026 -0.020185 0.020784 -0.696649 0.716827
1779360686.915555 6.119880 24.478905 0.306038 -0.020260 0.020714 -0.696691 0.716786
1779360686.967894 6.119870 24.479069 0.306046 -0.020287 0.020674 -0.696757 0.716722
1779360687.021023 6.119875 24.479246 0.306049 -0.020293 0.020665 -0.696779 0.716701
1779360687.073563 6.119905 24.479433 0.306056 -0.020370 0.020645 -0.696839 0.716641
1779360687.127617 6.119901 24.479580 0.306072 -0.020422 0.020580 -0.696903 0.716579
1779360687.179838 6.119907 24.479645 0.306082 -0.020396 0.020630 -0.696854 0.716626
