# raw base_link odometry (TUM format), robot's own estimator
1778753750.877658 2.111155 -12.675895 0.048143 0.025082 0.010611 0.799358 -0.600238
1778753750.930065 2.111148 -12.675950 0.048190 0.025049 0.010627 0.799314 -0.600297
1778753750.984738 2.111158 -12.676014 0.048293 0.025041 0.010690 0.799321 -0.600287
1778753751.708765 2.111178 -12.676076 0.048419 0.024924 0.010684 0.799353 -0.600250
1778753751.712527 2.111206 -12.676122 0.048566 0.024847 0.010740 0.799378 -0.600219
1778753751.718573 2.111248 -12.676177 0.048713 0.024787 0.010812 0.799414 -0.600173
1778753751.725868 2.111279 -12.676223 0.048856 0.024726 0.010845 0.799463 -0.600108
1778753751.743834 2.111305 -12.676271 0.048984 0.024676 0.010904 0.799502 -0.600058
1778753751.747222 2.111319 -12.676332 0.049130 0.024615 0.011024 0.799589 -0.599942
1778753751.748427 2.111350 -12.676400 0.049224 0.024605 0.011110 0.799717 -0.599770
1778753751.766847 2.111409 -12.676481 0.049326 0.024507 0.011259 0.799907 -0.599518
1778753751.780921 2.111480 -12.676329 0.049534 0.024512 0.011155 0.800071 -0.599301
1778753751.783128 2.114691 -12.666888 0.073802 0.024122 0.007172 0.800401 -0.598937
1778753751.788838 2.116103 -12.660958 0.091731 0.029168 0.014044 0.800143 -0.598935
1778753751.825986 2.117659 -12.655177 0.115886 0.030952 0.017623 0.800201 -0.598673
1778753751.858617 2.118716 -12.651965 0.142548 0.028437 0.016679 0.800725 -0.598124
1778753751.870086 2.118870 -12.651712 0.168206 0.024070 0.014040 0.801284 -0.597635
1778753751.893569 2.118614 -12.653190 0.191507 0.019424 0.010652 0.801766 -0.597228
1778753751.962257 2.117815 -12.656543 0.216532 0.014408 0.006999 0.802132 -0.596932
1778753752.003985 2.117010 -12.660647 0.239724 0.011046 0.004129 0.802656 -0.596326
1778753752.056706 2.116241 -12.664991 0.260830 0.009108 0.001970 0.803038 -0.595855
1778753752.110206 2.115464 -12.669629 0.281502 0.007410 0.000049 0.803394 -0.595402
1778753752.165025 2.114547 -12.674742 0.300606 0.006351 -0.001369 0.803870 -0.594769
1778753752.216966 2.113359 -12.679350 0.310793 0.006834 -0.001647 0.804052 -0.594518
1778753752.270270 2.111723 -12.684778 0.316588 0.004551 -0.003608 0.804378 -0.594090
1778753752.324626 2.110387 -12.688828 0.320892 0.002154 -0.005433 0.804491 -0.593937
1778753752.377415 2.109668 -12.690611 0.322576 0.000913 -0.006395 0.804230 -0.594283
1778753752.435147 2.109566 -12.690532 0.323261 0.000651 -0.006506 0.804214 -0.594305
1778753752.481308 2.109956 -12.689319 0.323586 0.000848 -0.006380 0.804418 -0.594029
1778753752.545044 2.110766 -12.686918 0.323802 0.001288 -0.006279 0.804077 -0.594491
1778753752.599861 2.111391 -12.685169 0.323844 0.001807 -0.005997 0.803818 -0.594843
1778753752.654078 2.111796 -12.684265 0.323860 0.002224 -0.005867 0.803860 -0.594785
1778753752.707641 2.111770 -12.684242 0.323881 0.002285 -0.005791 0.803914 -0.594712
1778753752.761361 2.111559 -12.684820 0.323913 0.002125 -0.005853 0.803987 -0.594614
1778753752.817580 2.111386 -12.685365 0.323936 0.002005 -0.005938 0.803980 -0.594623
1778753752.866488 2.111316 -12.685639 0.323955 0.001951 -0.006002 0.803958 -0.594652
1778753752.921481 2.111287 -12.685673 0.323957 0.001905 -0.006000 0.803994 -0.594604
1778753752.975653 2.111305 -12.685515 0.323954 0.001949 -0.005902 0.804023 -0.594565
1778753753.028286 2.111313 -12.685402 0.323946 0.001981 -0.005858 0.803972 -0.594635
1778753753.084039 2.111344 -12.685410 0.323944 0.002019 -0.005883 0.803957 -0.594655
1778753753.137274 2.111331 -12.685457 0.323950 0.002008 -0.005870 0.804025 -0.594563
1778753753.190674 2.111291 -12.685487 0.323962 0.001959 -0.005862 0.804060 -0.594517
1778753753.245621 2.111326 -12.685449 0.323956 0.001999 -0.005876 0.804001 -0.594595
1778753753.296938 2.111378 -12.685413 0.323947 0.002075 -0.005897 0.803964 -0.594645
1778753753.349706 2.111371 -12.685418 0.323951 0.002068 -0.005868 0.804021 -0.594568
1778753753.403450 2.111307 -12.685404 0.323938 0.002039 -0.005784 0.804061 -0.594515
1778753753.456948 2.111298 -12.685379 0.323944 0.002052 -0.005746 0.804032 -0.594555
1778753753.510072 2.111329 -12.685368 0.323950 0.002068 -0.005773 0.803986 -0.594616
1778753753.563665 2.111328 -12.685358 0.323948 0.002076 -0.005773 0.803981 -0.594623
1778753753.617979 2.111290 -12.685379 0.323950 0.002031 -0.005743 0.804046 -0.594537
1778753753.672536 2.111300 -12.685366 0.323946 0.002063 -0.005742 0.804017 -0.594576
1778753753.724053 2.111312 -12.685332 0.323946 0.002097 -0.005730 0.803961 -0.594650
1778753753.776760 2.111336 -12.685348 0.323949 0.002104 -0.005762 0.803957 -0.594656
1778753753.830054 2.111302 -12.685365 0.323960 0.002053 -0.005748 0.803997 -0.594602
1778753753.884392 2.111548 -12.683290 0.321650 0.006555 -0.008545 0.802973 -0.595918
1778753753.941680 2.112968 -12.682426 0.320958 0.006106 -0.009138 0.800235 -0.599585
1778753753.990591 2.115073 -12.679141 0.317004 0.006814 -0.013177 0.797569 -0.603046
1778753754.043674 2.116246 -12.677861 0.314444 0.005475 -0.016025 0.795527 -0.605681
1778753754.098643 2.116465 -12.678432 0.312885 0.005888 -0.017883 0.793875 -0.607790
1778753754.152971 2.116133 -12.679988 0.312073 0.006354 -0.019144 0.792726 -0.609245
1778753754.207988 2.115494 -12.682284 0.312317 0.006293 -0.020542 0.791574 -0.610695
1778753754.257627 2.115180 -12.684245 0.313591 0.006408 -0.021414 0.790662 -0.611845
1778753754.311400 2.114810 -12.685963 0.314078 0.006427 -0.022067 0.790052 -0.612609
1778753754.366973 2.114412 -12.687188 0.314219 0.006430 -0.022264 0.789723 -0.613026
1778753754.417342 2.114175 -12.687955 0.314167 0.006320 -0.022382 0.789460 -0.613362
1778753754.467986 2.113965 -12.688553 0.314146 0.006329 -0.022250 0.789313 -0.613556
1778753754.524804 2.113854 -12.689081 0.314109 0.006243 -0.022146 0.789129 -0.613796
1778753754.576899 2.113683 -12.689591 0.314083 0.006203 -0.021884 0.788836 -0.614183
1778753754.629039 2.113430 -12.690021 0.314023 0.006177 -0.021729 0.788683 -0.614384
1778753754.681555 2.113355 -12.690464 0.313945 0.006135 -0.021687 0.788385 -0.614769
1778753754.740782 2.113161 -12.690757 0.313864 0.006162 -0.021686 0.788316 -0.614858
1778753754.790266 2.113032 -12.691161 0.313812 0.006161 -0.021715 0.788197 -0.615009
1778753754.842741 2.112944 -12.691492 0.313786 0.006122 -0.021720 0.788095 -0.615140
1778753754.897849 2.112915 -12.691760 0.313761 0.006102 -0.021831 0.788058 -0.615184
1778753754.948067 2.112843 -12.691980 0.313731 0.006036 -0.021865 0.788003 -0.615253
1778753755.003398 2.112790 -12.692113 0.313679 0.006003 -0.021894 0.787990 -0.615270
1778753755.055362 2.112788 -12.692292 0.313665 0.006008 -0.021937 0.787915 -0.615363
1778753755.108973 2.112804 -12.692445 0.313649 0.006027 -0.021965 0.787831 -0.615471
1778753755.166047 2.112811 -12.692635 0.313616 0.006028 -0.022033 0.787726 -0.615602
1778753755.218066 2.112807 -12.692868 0.313638 0.006050 -0.022082 0.787662 -0.615683
1778753755.270546 2.112720 -12.693036 0.313629 0.006069 -0.022065 0.787700 -0.615634
1778753755.325172 2.112685 -12.693234 0.313604 0.006021 -0.022081 0.787640 -0.615711
1778753755.378652 2.112670 -12.693410 0.313564 0.005961 -0.022093 0.787535 -0.615845
1778753755.432042 2.112623 -12.693503 0.313543 0.005944 -0.022077 0.787542 -0.615837
1778753755.486828 2.112565 -12.693643 0.313518 0.005865 -0.022069 0.787473 -0.615926
1778753755.539303 2.112569 -12.693790 0.313467 0.005842 -0.022083 0.787377 -0.616049
1778753755.591542 2.112588 -12.693876 0.313454 0.005833 -0.022152 0.787351 -0.616080
1778753755.645367 2.112594 -12.693974 0.313438 0.005780 -0.022238 0.787320 -0.616116
1778753755.704709 2.112645 -12.694054 0.313443 0.005787 -0.022283 0.787220 -0.616242
1778753755.752183 2.112674 -12.694137 0.313418 0.005736 -0.022327 0.787144 -0.616339
1778753755.808151 2.112757 -12.694241 0.313404 0.005747 -0.022400 0.787063 -0.616440
1778753755.858332 2.112724 -12.694280 0.313384 0.005691 -0.022423 0.787066 -0.616435
1778753755.913844 2.112679 -12.694313 0.313385 0.005656 -0.022398 0.787066 -0.616436
1778753755.965468 2.112710 -12.694319 0.313359 0.005694 -0.022411 0.787039 -0.616470
1778753756.018949 2.112769 -12.694342 0.313368 0.005735 -0.022393 0.786940 -0.616596
1778753756.073813 2.112782 -12.694351 0.313398 0.005732 -0.022385 0.786907 -0.616639
1778753756.127485 2.112823 -12.694448 0.313405 0.005738 -0.022439 0.786835 -0.616729
1778753756.180368 2.112814 -12.694486 0.313426 0.005723 -0.022412 0.786817 -0.616753
1778753756.236175 2.112859 -12.694645 0.313404 0.005710 -0.022430 0.786669 -0.616940
1778753756.285324 2.112859 -12.694697 0.313410 0.005772 -0.022385 0.786661 -0.616953
1778753756.342659 2.112824 -12.694765 0.313417 0.005774 -0.022344 0.786626 -0.616998
1778753756.392180 2.112785 -12.694849 0.313445 0.005811 -0.022300 0.786674 -0.616939
1778753756.444573 2.112766 -12.694926 0.313453 0.005810 -0.022314 0.786665 -0.616949
1778753756.495934 2.112788 -12.695038 0.313437 0.005758 -0.022332 0.786579 -0.617059
1778753756.551050 2.112770 -12.695043 0.313440 0.005741 -0.022319 0.786600 -0.617033
1778753756.602289 2.112744 -12.695066 0.313378 0.005737 -0.022337 0.786623 -0.617003
1778753756.656092 2.112746 -12.695088 0.313360 0.005711 -0.022336 0.786596 -0.617038
1778753756.715032 2.112775 -12.695119 0.313352 0.005726 -0.022365 0.786547 -0.617098
1778753756.761247 2.112799 -12.695135 0.313343 0.005735 -0.022382 0.786523 -0.617128
1778753756.812503 2.112766 -12.695103 0.313344 0.005725 -0.022353 0.786596 -0.617037
1778753756.865734 2.112748 -12.695122 0.313350 0.005722 -0.022336 0.786557 -0.617087
1778753756.916647 2.112759 -12.695148 0.313352 0.005698 -0.022324 0.786514 -0.617143
1778753756.974703 2.112803 -12.695178 0.313366 0.005743 -0.022329 0.786485 -0.617179
1778753757.023681 2.112776 -12.695157 0.313371 0.005753 -0.022291 0.786489 -0.617175
1778753757.076522 2.112762 -12.695173 0.313369 0.005744 -0.022314 0.786502 -0.617158
1778753757.130953 2.112799 -12.695211 0.313396 0.005763 -0.022326 0.786461 -0.617210
1778753757.179801 2.112858 -12.695251 0.313401 0.005792 -0.022377 0.786376 -0.617315
1778753757.232339 2.112848 -12.695214 0.313398 0.005808 -0.022345 0.786419 -0.617262
1778753757.286027 2.112763 -12.695235 0.313353 0.005747 -0.022311 0.786473 -0.617194
1778753757.342061 2.112783 -12.695313 0.313344 0.005737 -0.022301 0.786401 -0.617287
1778753757.393789 2.112816 -12.695368 0.313334 0.005714 -0.022352 0.786341 -0.617362
1778753757.443421 2.112836 -12.695342 0.313347 0.005763 -0.022333 0.786328 -0.617378
1778753757.496467 2.112812 -12.695312 0.313394 0.005784 -0.022295 0.786361 -0.617338
1778753757.550501 2.112799 -12.695362 0.313402 0.005729 -0.022318 0.786356 -0.617344
1778753757.609327 2.112834 -12.695425 0.313388 0.005701 -0.022383 0.786287 -0.617429
1778753757.656868 2.112872 -12.695440 0.313385 0.005725 -0.022385 0.786249 -0.617478
1778753757.713768 2.112846 -12.695388 0.313407 0.005738 -0.022357 0.786314 -0.617397
1778753757.766547 2.112832 -12.695417 0.313408 0.005721 -0.022374 0.786298 -0.617415
1778753757.820236 2.112861 -12.695450 0.313403 0.005719 -0.022423 0.786262 -0.617460
1778753757.875336 2.112928 -12.695486 0.313410 0.005751 -0.022469 0.786209 -0.617525
1778753757.927190 2.112935 -12.695501 0.313429 0.005771 -0.022447 0.786221 -0.617511
1778753757.979945 2.112859 -12.695486 0.313395 0.005780 -0.022409 0.786256 -0.617467
1778753758.030935 2.112872 -12.695507 0.313380 0.005764 -0.022437 0.786241 -0.617486
1778753758.085461 2.112945 -12.695566 0.313369 0.005783 -0.022520 0.786192 -0.617545
1778753758.137539 2.112969 -12.695591 0.313376 0.005781 -0.022567 0.786176 -0.617564
1778753758.191147 2.112915 -12.695592 0.313370 0.005721 -0.022540 0.786184 -0.617555
1778753758.244552 2.112909 -12.695581 0.313381 0.005735 -0.022512 0.786170 -0.617573
1778753758.301324 2.112991 -12.695579 0.313418 0.005822 -0.022538 0.786113 -0.617644
1778753758.352354 2.113004 -12.695592 0.313415 0.005829 -0.022544 0.786114 -0.617643
1778753758.407467 2.112977 -12.695565 0.313416 0.005822 -0.022555 0.786165 -0.617577
1778753758.457086 2.112944 -12.695565 0.313407 0.005797 -0.022521 0.786162 -0.617583
1778753758.510247 2.112988 -12.695561 0.313414 0.005849 -0.022503 0.786107 -0.617653
1778753758.560421 2.113041 -12.695576 0.313429 0.005903 -0.022515 0.786071 -0.617697
1778753758.610561 2.113025 -12.695568 0.313401 0.005906 -0.022517 0.786120 -0.617636
1778753758.667933 2.113015 -12.695570 0.313414 0.005900 -0.022542 0.786136 -0.617614
1778753758.720082 2.113012 -12.695599 0.313418 0.005882 -0.022561 0.786111 -0.617646
1778753758.770858 2.113081 -12.695632 0.313417 0.005909 -0.022577 0.786024 -0.617756
1778753758.820599 2.113086 -12.695642 0.313422 0.005925 -0.022578 0.786039 -0.617736
1778753758.874344 2.113061 -12.695668 0.313435 0.005886 -0.022582 0.786023 -0.617756
1778753758.931958 2.113074 -12.695733 0.313467 0.005894 -0.022622 0.786017 -0.617763
1778753758.980540 2.113114 -12.695736 0.313457 0.005917 -0.022675 0.785976 -0.617812
1778753759.034623 2.113157 -12.695806 0.313462 0.005902 -0.022716 0.785944 -0.617852
1778753759.090069 2.113085 -12.695763 0.313438 0.005882 -0.022698 0.786016 -0.617762
1778753759.142523 2.113096 -12.695815 0.313403 0.005874 -0.022726 0.785998 -0.617783
1778753759.193557 2.113109 -12.695801 0.313405 0.005870 -0.022731 0.785979 -0.617808
1778753759.244509 2.113174 -12.695857 0.313455 0.005900 -0.022750 0.785895 -0.617914
1778753759.297740 2.113173 -12.695860 0.313468 0.005903 -0.022792 0.785936 -0.617860
1778753759.353111 2.113103 -12.695843 0.313467 0.005858 -0.022724 0.785957 -0.617836
1778753759.404604 2.113132 -12.695871 0.313434 0.005851 -0.022773 0.785927 -0.617872
1778753759.461810 2.113177 -12.695916 0.313437 0.005855 -0.022788 0.785851 -0.617968
1778753759.511132 2.113153 -12.695879 0.313431 0.005865 -0.022745 0.785877 -0.617937
1778753759.561406 2.113104 -12.695837 0.313401 0.005859 -0.022709 0.785930 -0.617871
1778753759.614392 2.113114 -12.695877 0.313399 0.005847 -0.022711 0.785885 -0.617928
1778753759.668316 2.113160 -12.695868 0.313426 0.005896 -0.022714 0.785846 -0.617976
1778753759.721440 2.113187 -12.695905 0.313447 0.005894 -0.022734 0.785817 -0.618013
1778753759.774891 2.113153 -12.695883 0.313463 0.005899 -0.022719 0.785870 -0.617946
1778753759.831277 2.113142 -12.695888 0.313461 0.005901 -0.022731 0.785887 -0.617924
1778753759.884621 2.113181 -12.695895 0.313478 0.005913 -0.022721 0.785815 -0.618016
1778753759.935212 2.113248 -12.695952 0.313476 0.005951 -0.022771 0.785747 -0.618100
1778753759.988778 2.113176 -12.695925 0.313480 0.005922 -0.022695 0.785789 -0.618049
1778753760.044076 2.113157 -12.695941 0.313463 0.005898 -0.022701 0.785800 -0.618036
1778753760.097030 2.113185 -12.695969 0.313501 0.005902 -0.022735 0.785782 -0.618057
1778753760.147997 2.113242 -12.696009 0.313525 0.005923 -0.022780 0.785716 -0.618139
1778753760.204115 2.113215 -12.695980 0.313473 0.005896 -0.022768 0.785738 -0.618113
1778753760.255755 2.113183 -12.695962 0.313474 0.005918 -0.022738 0.785785 -0.618053
1778753760.309271 2.113194 -12.696038 0.313480 0.005905 -0.022753 0.785732 -0.618120
1778753760.363933 2.113250 -12.696051 0.313487 0.005931 -0.022803 0.785699 -0.618161
1778753760.415135 2.113291 -12.696028 0.313486 0.005991 -0.022805 0.785675 -0.618191
1778753760.470082 2.113240 -12.695960 0.313506 0.006031 -0.022709 0.785732 -0.618121
1778753760.523419 2.113204 -12.695975 0.313519 0.006002 -0.022694 0.785756 -0.618091
1778753760.576273 2.113430 -12.695921 0.313652 0.006270 -0.022821 0.785131 -0.618878
1778753760.631096 2.114113 -12.696742 0.312165 0.006666 -0.022643 0.781604 -0.623328
1778753760.684136 2.113717 -12.697564 0.311668 0.006731 -0.021465 0.774984 -0.631580
1778753760.739152 2.113137 -12.697967 0.312074 0.005556 -0.023442 0.766230 -0.642115
1778753760.788755 2.112057 -12.697011 0.313434 0.005376 -0.024458 0.753789 -0.656639
1778753760.841831 2.111350 -12.698538 0.315142 0.006986 -0.026579 0.735948 -0.676480
1778753760.897116 2.109917 -12.699837 0.316841 0.006913 -0.027131 0.715350 -0.698205
1778753760.947738 2.108912 -12.701354 0.317922 0.005368 -0.026313 0.693058 -0.720381
1778753761.005089 2.108897 -12.702760 0.318250 0.006743 -0.026164 0.667527 -0.744096
1778753761.056139 2.108101 -12.704077 0.317549 0.004821 -0.021764 0.640024 -0.768032
1778753761.111106 2.104805 -12.706561 0.318157 0.000573 -0.015622 0.613463 -0.789569
1778753761.163303 2.103921 -12.708986 0.316217 -0.007049 -0.008423 0.590531 -0.806941
1778753761.219310 2.105744 -12.712706 0.316124 -0.012036 -0.013962 0.570729 -0.820932
1778753761.270780 2.108567 -12.715297 0.315059 -0.011860 -0.021247 0.547900 -0.836190
1778753761.322079 2.113355 -12.719832 0.311520 -0.013923 -0.022983 0.528125 -0.848741
1778753761.376376 2.120156 -12.728283 0.307336 -0.016099 -0.028322 0.511366 -0.858745
1778753761.429375 2.126907 -12.737558 0.304070 -0.017603 -0.036825 0.501359 -0.864276
1778753761.481312 2.135127 -12.750275 0.304394 -0.013749 -0.036459 0.492715 -0.869318
1778753761.540009 2.143434 -12.762023 0.306726 -0.014060 -0.034772 0.477992 -0.877563
1778753761.596846 2.154773 -12.779938 0.307466 -0.010084 -0.036848 0.458245 -0.888005
1778753761.651858 2.167910 -12.800659 0.305507 -0.014435 -0.033352 0.435080 -0.899658
1778753761.705760 2.181830 -12.821198 0.304357 -0.004950 -0.030074 0.410482 -0.911359
1778753761.759711 2.190627 -12.838450 0.307565 -0.013399 -0.023810 0.391117 -0.919935
1778753761.813872 2.202033 -12.852661 0.307942 -0.017477 -0.018251 0.373973 -0.927095
1778753761.862512 2.219066 -12.868003 0.307959 -0.009748 -0.017211 0.359749 -0.932839
1778753761.921321 2.238389 -12.885844 0.308048 -0.002721 -0.012516 0.347285 -0.937672
1778753761.969586 2.262107 -12.906400 0.306707 0.002386 -0.006728 0.336919 -0.941507
1778753762.022559 2.285515 -12.924370 0.309164 0.009623 -0.015897 0.333626 -0.942522
1778753762.076299 2.313066 -12.941135 0.314834 0.013758 -0.015812 0.326205 -0.945067
1778753762.130117 2.345273 -12.963880 0.315690 0.019255 -0.013523 0.317234 -0.948056
1778753762.184104 2.383225 -12.986660 0.313555 0.023565 -0.003135 0.309020 -0.950758
1778753762.235924 2.427016 -13.013744 0.311665 0.018362 0.005355 0.301617 -0.953237
1778753762.291597 2.465693 -13.040099 0.307746 0.007148 -0.011861 0.293741 -0.955785
1778753762.343988 2.506463 -13.066561 0.312991 -0.003161 -0.010265 0.288769 -0.957339
1778753762.397216 2.549052 -13.094812 0.314661 0.001937 -0.008371 0.287850 -0.957637
1778753762.450565 2.596158 -13.127412 0.307424 0.006873 -0.006617 0.284745 -0.958556
1778753762.504965 2.616994 -13.140661 0.309658 0.002146 -0.022809 0.285327 -0.958156
1778753762.559210 2.658526 -13.167177 0.314455 0.007514 -0.018177 0.286686 -0.957823
1778753762.610364 2.701122 -13.192705 0.315889 0.013177 -0.004595 0.295896 -0.955118
1778753762.664253 2.748565 -13.225815 0.307574 0.012775 0.011728 0.319164 -0.947541
1778753762.716182 2.791656 -13.265397 0.309051 -0.021791 -0.001736 0.345471 -0.938175
1778753762.766496 2.830441 -13.297149 0.320317 -0.021720 -0.004022 0.385579 -0.922411
1778753762.826030 2.867041 -13.337401 0.327813 -0.007660 -0.006838 0.436364 -0.899712
1778753762.873606 2.893432 -13.387661 0.318082 -0.023956 0.001575 0.493022 -0.869685
1778753762.928873 2.922713 -13.413817 0.318043 -0.010500 -0.002419 0.553050 -0.833078
1778753762.983385 2.951787 -13.458447 0.310675 0.009280 -0.005458 0.614383 -0.788935
1778753763.040973 2.953101 -13.468097 0.300273 -0.000377 0.023466 0.670212 -0.741799
1778753763.096220 2.953748 -13.492836 0.313046 -0.055403 0.025050 0.712560 -0.698972
1778753763.148835 2.956090 -13.544526 0.324050 -0.044346 0.015656 0.753786 -0.655435
1778753763.206766 2.950651 -13.598032 0.312012 -0.051245 0.006206 0.790570 -0.610192
1778753763.264846 2.935458 -13.619293 0.311327 -0.042225 0.022650 0.816929 -0.574745
1778753763.313989 2.933090 -13.680796 0.305000 -0.020887 0.008909 0.842601 -0.538059
1778753763.371503 2.903685 -13.735233 0.312293 -0.014075 0.012932 0.868372 -0.495544
1778753763.420369 2.870127 -13.785153 0.317952 -0.044640 0.036700 0.889011 -0.454225
1778753763.490534 2.836893 -13.828151 0.319854 -0.042414 0.035992 0.913682 -0.402606
1778753763.531367 2.793324 -13.865289 0.306778 -0.038542 0.011284 0.934075 -0.354813
1778753763.580889 2.754853 -13.888065 0.303926 -0.043314 0.042639 0.947504 -0.313915
1778753763.635376 2.723227 -13.919190 0.303257 -0.036242 0.018754 0.958472 -0.282251
1778753763.688461 2.670202 -13.955311 0.289578 -0.027212 0.010867 0.966664 -0.254366
1778753763.744044 2.637673 -13.976372 0.300610 -0.023438 0.024854 0.970876 -0.237136
1778753763.794671 2.590364 -14.000025 0.309856 -0.024059 0.032547 0.974625 -0.220154
1778753763.848133 2.542648 -14.031590 0.305254 -0.014891 0.023896 0.978074 -0.206344
1778753763.900577 2.501614 -14.048378 0.297278 -0.026382 0.022556 0.976807 -0.211291
1778753763.954702 2.487912 -14.055684 0.306852 -0.023012 0.012517 0.972907 -0.229708
1778753764.012147 2.434337 -14.082743 0.311115 -0.012605 0.004025 0.966094 -0.257853
1778753764.065561 2.387938 -14.126833 0.310070 -0.001238 -0.023268 0.958412 -0.284435
1778753764.118041 2.340948 -14.143090 0.312137 -0.001683 -0.012852 0.951482 -0.307433
1778753764.171448 2.299894 -14.174264 0.315228 0.006027 -0.016908 0.945541 -0.325009
1778753764.228415 2.252463 -14.211375 0.295478 0.016270 -0.013033 0.939215 -0.342697
1778753764.280762 2.242482 -14.223239 0.303908 -0.006638 -0.031210 0.935539 -0.351780
1778753764.331939 2.197773 -14.264035 0.312110 -0.006897 -0.037988 0.931544 -0.361574
1778753764.399034 2.154605 -14.309187 0.313898 0.003065 -0.032175 0.927081 -0.373465
1778753764.440123 2.099401 -14.359197 0.307013 -0.001733 -0.023448 0.923367 -0.383198
1778753764.491804 2.080682 -14.381521 0.305935 -0.011936 -0.018322 0.919840 -0.391684
1778753764.544715 2.040995 -14.423152 0.310567 -0.004627 -0.013505 0.918264 -0.395711
1778753764.599342 1.997206 -14.467508 0.306417 0.007406 -0.014204 0.916681 -0.399299
1778753764.650331 1.980763 -14.483268 0.306468 -0.006068 -0.014176 0.914449 -0.404407
1778753764.704839 1.951124 -14.514685 0.310683 -0.012404 -0.018510 0.914268 -0.404497
1778753764.759787 1.913416 -14.558531 0.313562 -0.005700 -0.018944 0.912238 -0.409182
1778753764.819129 1.866238 -14.611580 0.305167 -0.006285 -0.013003 0.910687 -0.412844
1778753764.865580 1.833988 -14.649232 0.308622 -0.005255 -0.009323 0.909019 -0.416617
1778753764.916876 1.799903 -14.691572 0.316005 -0.001126 -0.006695 0.906812 -0.421481
1778753764.971029 1.770038 -14.737245 0.314455 0.013342 -0.006008 0.899290 -0.437109
1778753765.026048 1.747586 -14.770316 0.301361 0.015771 -0.015435 0.884416 -0.466179
1778753765.080151 1.743305 -14.770000 0.310978 0.000056 -0.034345 0.867037 -0.497059
1778753765.131958 1.714595 -14.825733 0.319875 0.003793 -0.037171 0.844931 -0.533569
1778753765.186022 1.697803 -14.885560 0.311761 0.008045 -0.040117 0.824461 -0.564438
1778753765.238842 1.679257 -14.929577 0.315100 0.015202 -0.030510 0.807153 -0.589358
1778753765.296526 1.659047 -14.973372 0.319633 0.012496 -0.027186 0.791872 -0.609954
1778753765.346505 1.645547 -15.028337 0.287614 0.024387 -0.023373 0.772313 -0.634344
1778753765.404962 1.644488 -15.043159 0.300862 0.012672 -0.047499 0.760466 -0.647515
1778753765.453993 1.632599 -15.103000 0.309683 0.005866 -0.052871 0.750308 -0.658944
1778753765.504802 1.627255 -15.166607 0.311781 0.007151 -0.045349 0.739352 -0.671753
1778753765.559644 1.625476 -15.224274 0.302324 0.014901 -0.049563 0.731851 -0.679497
1778753765.612155 1.614558 -15.270218 0.306827 0.003076 -0.021602 0.724502 -0.688928
1778753765.669637 1.613742 -15.327312 0.313928 0.007857 -0.016361 0.720497 -0.693221
1778753765.736173 1.614113 -15.387796 0.292201 0.015228 -0.014278 0.714872 -0.698944
1778753765.774958 1.611596 -15.419669 0.306084 -0.002652 -0.023442 0.711051 -0.702744
1778753765.833559 1.608365 -15.485118 0.310778 -0.003340 -0.024631 0.708228 -0.705546
1778753765.882192 1.608303 -15.547750 0.313013 0.003164 -0.016836 0.703227 -0.710759
1778753765.938823 1.610732 -15.615842 0.304954 0.002235 -0.019895 0.700393 -0.713477
1778753765.992820 1.601852 -15.649125 0.308962 0.000334 -0.014174 0.695221 -0.718656
1778753766.042070 1.602979 -15.701976 0.313227 0.004126 -0.011315 0.694618 -0.719278
1778753766.098901 1.605986 -15.755705 0.312690 0.008244 -0.009092 0.694040 -0.719832
1778753766.157794 1.604579 -15.811616 0.306953 -0.003775 -0.008391 0.691083 -0.722717
1778753766.209387 1.615344 -15.852382 0.312054 -0.000750 -0.014672 0.691844 -0.721898
1778753766.255584 1.618092 -15.891114 0.316168 0.004582 -0.013969 0.689672 -0.723973
1778753766.309224 1.621302 -15.935613 0.315212 0.007026 -0.011433 0.686964 -0.726568
1778753766.366231 1.621641 -15.981872 0.310814 -0.001315 -0.010887 0.684687 -0.728755
1778753766.417560 1.620413 -16.020060 0.305499 0.008734 -0.015260 0.683734 -0.729520
1778753766.467474 1.619291 -16.047775 0.311774 0.000699 -0.005177 0.681816 -0.731505
1778753766.536792 1.621637 -16.079693 0.314964 0.000227 -0.003678 0.685633 -0.727938
1778753766.575542 1.622730 -16.116335 0.314681 0.005252 -0.007445 0.694442 -0.719491
1778753766.644778 1.620811 -16.151377 0.313188 0.001580 -0.001012 0.705455 -0.708753
1778753766.683850 1.621797 -16.182930 0.314582 0.009078 -0.009137 0.722476 -0.691276
1778753766.734422 1.620259 -16.210751 0.317098 0.003481 -0.011150 0.740325 -0.672148
1778753766.789397 1.615796 -16.239584 0.316130 0.001251 -0.015705 0.754999 -0.655537
1778753766.844897 1.609938 -16.269638 0.314298 -0.004110 -0.014123 0.765651 -0.643088
1778753766.895844 1.602052 -16.306259 0.311475 -0.009514 -0.013354 0.777172 -0.629075
1778753766.951274 1.595250 -16.333132 0.306409 0.005456 -0.011955 0.786412 -0.617563
1778753767.010132 1.586636 -16.360359 0.312385 -0.008350 -0.000671 0.791882 -0.610617
1778753767.060854 1.579424 -16.386955 0.315668 -0.009021 -0.000859 0.798176 -0.602357
1778753767.112285 1.568931 -16.416336 0.315660 -0.009438 0.000321 0.803282 -0.595524
1778753767.166474 1.557608 -16.448940 0.313059 -0.008001 -0.002168 0.810019 -0.586345
1778753767.218941 1.545692 -16.476479 0.310664 -0.006411 -0.002007 0.818809 -0.574026
1778753767.280239 1.538255 -16.503265 0.316975 -0.001131 -0.008206 0.828804 -0.559478
1778753767.327834 1.527994 -16.527765 0.318264 -0.001569 -0.009896 0.835250 -0.549779
1778753767.388883 1.515998 -16.556944 0.316170 -0.000291 -0.009410 0.840752 -0.541339
1778753767.435534 1.501802 -16.587486 0.313138 -0.001889 -0.006946 0.844473 -0.535550
1778753767.489535 1.487952 -16.616516 0.309463 -0.006136 -0.006626 0.847406 -0.530868
1778753767.550833 1.470810 -16.645908 0.305468 0.006602 -0.013000 0.850949 -0.525045
1778753767.601672 1.460002 -16.665636 0.310691 0.000865 -0.003000 0.853280 -0.521444
1778753768.114243 1.447802 -16.690491 0.312891 -0.001962 0.001145 0.856281 -0.516505
1778753768.117036 1.418810 -16.742970 0.310571 0.001182 -0.002721 0.860147 -0.510038
1778753768.150032 1.403198 -16.768610 0.307637 0.002671 -0.001138 0.861265 -0.508149
1778753768.159039 1.392575 -16.791386 0.310693 0.003242 -0.003905 0.862695 -0.505699
1778753768.196370 1.382303 -16.809469 0.311963 0.002524 -0.004434 0.863156 -0.504912
1778753768.204092 1.356661 -16.849836 0.311676 -0.003385 -0.000519 0.863658 -0.504066
1778753768.211131 1.347283 -16.864037 0.309836 -0.000038 -0.003791 0.863591 -0.504179
1778753768.226115 1.337518 -16.876352 0.306036 0.001242 -0.004063 0.862555 -0.505946
1778753768.258404 1.330774 -16.887308 0.299725 0.004635 -0.006006 0.862176 -0.506551
1778753768.265311 1.326121 -16.896811 0.298332 0.011480 -0.006017 0.862332 -0.506178
1778753768.295299 1.319470 -16.907417 0.299907 0.007543 0.001985 0.861747 -0.507278
1778753768.340038 1.316054 -16.914904 0.302031 0.005069 0.004241 0.861449 -0.507801
1778753768.390109 1.310820 -16.925192 0.303245 0.004321 0.007814 0.857432 -0.514520
1778753768.452096 1.304766 -16.938259 0.305009 0.008961 0.007933 0.851526 -0.524176
1778753768.497462 1.296274 -16.954372 0.305704 0.015602 0.009527 0.845794 -0.533196
1778753768.558278 1.287508 -16.973919 0.305620 0.018891 0.009300 0.841050 -0.540548
1778753768.605250 1.278956 -16.995867 0.307650 0.014266 -0.009398 0.838872 -0.544061
1778753768.657722 1.271760 -17.017075 0.310846 0.015236 -0.010011 0.833943 -0.551549
1778753768.714303 1.265253 -17.036787 0.313221 0.011805 -0.007699 0.829110 -0.558908
1778753768.767920 1.255790 -17.059000 0.313950 0.008212 -0.004170 0.824662 -0.565551
1778753768.823504 1.247823 -17.081255 0.313502 0.009015 -0.004684 0.822017 -0.569372
1778753768.873961 1.237182 -17.107990 0.311167 0.007637 -0.004233 0.819540 -0.572955
1778753768.929313 1.227059 -17.133232 0.307430 0.000015 -0.006667 0.817084 -0.576480
1778753768.983780 1.216788 -17.155685 0.303987 0.010525 -0.010655 0.815467 -0.578610
1778753769.034276 1.209904 -17.170689 0.307231 0.003494 -0.005048 0.813275 -0.581847
1778753769.094381 1.205827 -17.186090 0.308282 0.001941 -0.005075 0.812473 -0.582974
1778753769.158718 1.201891 -17.203022 0.308226 0.002381 -0.010402 0.811049 -0.584880
1778753769.197708 1.198011 -17.216272 0.306908 0.000285 -0.008487 0.809329 -0.587295
1778753769.251040 1.194342 -17.227907 0.306584 -0.000593 -0.004104 0.808686 -0.588227
1778753769.303911 1.193028 -17.237820 0.304058 -0.001102 -0.006388 0.808610 -0.588310
1778753769.355808 1.190496 -17.246187 0.303781 -0.000664 -0.006519 0.808176 -0.588905
1778753769.411207 1.188779 -17.251379 0.304208 -0.000652 -0.006674 0.807878 -0.589311
1778753769.471101 1.187617 -17.255228 0.304536 -0.000119 -0.007292 0.807649 -0.589618
1778753769.521304 1.187329 -17.257601 0.304725 0.000802 -0.007960 0.807141 -0.590305
1778753769.578328 1.187409 -17.259172 0.304785 0.001104 -0.008424 0.806749 -0.590834
1778753769.626936 1.187665 -17.259785 0.304883 0.001376 -0.008614 0.806407 -0.591297
1778753769.684014 1.187217 -17.259378 0.305071 0.001142 -0.009026 0.805931 -0.591939
1778753769.739976 1.187076 -17.258478 0.305411 0.001869 -0.008525 0.804537 -0.593838
1778753769.789990 1.187185 -17.258039 0.305200 0.001560 -0.008633 0.802581 -0.596478
1778753769.857122 1.188532 -17.257816 0.305613 0.003014 -0.009153 0.801268 -0.598229
1778753769.897895 1.189635 -17.257765 0.305690 0.003761 -0.009685 0.800095 -0.599784
1778753769.950864 1.190702 -17.257383 0.305962 0.004386 -0.009656 0.798782 -0.601527
1778753770.005607 1.191247 -17.256956 0.306075 0.005133 -0.010135 0.797414 -0.603326
1778753770.059169 1.191637 -17.256496 0.306358 0.005222 -0.010050 0.796272 -0.604832
1778753770.114726 1.191919 -17.255968 0.306538 0.005364 -0.010138 0.795606 -0.605705
1778753770.164201 1.192227 -17.255411 0.306647 0.005407 -0.010077 0.795075 -0.606404
1778753770.218239 1.192549 -17.254889 0.306705 0.005296 -0.010098 0.794545 -0.607098
1778753770.270615 1.192903 -17.254204 0.306765 0.005357 -0.010100 0.794156 -0.607606
1778753770.324872 1.193291 -17.253469 0.306836 0.005497 -0.010173 0.793658 -0.608255
1778753770.377718 1.193611 -17.252777 0.306884 0.005476 -0.010151 0.793172 -0.608888
1778753770.431792 1.193888 -17.252119 0.306922 0.005486 -0.010241 0.792863 -0.609290
1778753770.486407 1.194103 -17.251537 0.306951 0.005529 -0.010275 0.792656 -0.609557
1778753770.537930 1.194340 -17.251028 0.306977 0.005566 -0.010383 0.792314 -0.609999
1778753770.591521 1.194483 -17.250570 0.306997 0.005573 -0.010357 0.792154 -0.610208
1778753770.644868 1.194645 -17.250238 0.307008 0.005674 -0.010445 0.791961 -0.610456
1778753770.696457 1.194765 -17.249872 0.307021 0.005686 -0.010462 0.791841 -0.610611
1778753770.750322 1.194888 -17.249510 0.307034 0.005696 -0.010520 0.791702 -0.610790
1778753770.801395 1.195059 -17.249168 0.307043 0.005706 -0.010511 0.791460 -0.611104
1778753770.855247 1.195211 -17.248825 0.307051 0.005656 -0.010532 0.791242 -0.611387
1778753770.912361 1.195349 -17.248459 0.307061 0.005644 -0.010542 0.791059 -0.611624
1778753770.962531 1.195528 -17.248079 0.307074 0.005681 -0.010571 0.790914 -0.611810
1778753771.022726 1.195691 -17.247698 0.307086 0.005660 -0.010589 0.790768 -0.611998
1778753771.068564 1.195837 -17.247362 0.307099 0.005667 -0.010695 0.790654 -0.612144
1778753771.122988 1.195939 -17.247026 0.307112 0.005699 -0.010768 0.790693 -0.612091
1778753771.174385 1.196098 -17.246695 0.307124 0.005755 -0.010849 0.790518 -0.612316
1778753771.228514 1.196239 -17.246441 0.307130 0.005747 -0.010871 0.790326 -0.612564
1778753771.283271 1.196317 -17.246231 0.307134 0.005747 -0.010858 0.790307 -0.612588
1778753771.336172 1.196381 -17.246086 0.307140 0.005729 -0.010923 0.790223 -0.612695
1778753771.388078 1.196424 -17.245935 0.307145 0.005744 -0.010940 0.790174 -0.612758
1778753771.438479 1.196508 -17.245783 0.307150 0.005750 -0.010969 0.790085 -0.612872
1778753771.491568 1.196569 -17.245636 0.307154 0.005743 -0.010971 0.790044 -0.612925
1778753771.553134 1.196605 -17.245478 0.307156 0.005703 -0.010987 0.790052 -0.612915
1778753771.598724 1.196629 -17.245321 0.307160 0.005679 -0.010997 0.790071 -0.612890
1778753771.651710 1.196727 -17.245180 0.307164 0.005747 -0.011079 0.790003 -0.612976
1778753771.705693 1.196789 -17.245102 0.307165 0.005745 -0.011132 0.789961 -0.613029
1778753771.757732 1.196817 -17.245012 0.307166 0.005778 -0.011121 0.789946 -0.613049
1778753771.812680 1.196795 -17.244934 0.307166 0.005737 -0.011121 0.789824 -0.613206
1778753771.865338 1.196846 -17.244858 0.307167 0.005723 -0.011195 0.789777 -0.613265
1778753771.918962 1.196898 -17.244774 0.307168 0.005776 -0.011199 0.789781 -0.613260
1778753771.973697 1.196955 -17.244663 0.307170 0.005820 -0.011206 0.789724 -0.613333
1778753772.027416 1.196962 -17.244598 0.307173 0.005864 -0.011190 0.789709 -0.613352
1778753772.081239 1.196982 -17.244566 0.307175 0.005873 -0.011231 0.789647 -0.613430
1778753772.132236 1.197016 -17.244579 0.307175 0.005869 -0.011301 0.789655 -0.613419
1778753772.190216 1.197024 -17.244593 0.307175 0.005866 -0.011318 0.789697 -0.613365
1778753772.241222 1.196988 -17.244583 0.307175 0.005811 -0.011299 0.789654 -0.613421
1778753772.292835 1.196981 -17.244537 0.307174 0.005817 -0.011306 0.789624 -0.613459
1778753772.346918 1.197043 -17.244514 0.307175 0.005881 -0.011370 0.789558 -0.613543
1778753772.399043 1.197067 -17.244516 0.307175 0.005905 -0.011399 0.789563 -0.613535
1778753772.455807 1.197053 -17.244541 0.307175 0.005866 -0.011437 0.789583 -0.613509
1778753772.505557 1.197025 -17.244537 0.307174 0.005815 -0.011422 0.789520 -0.613591
1778753772.559553 1.197063 -17.244522 0.307174 0.005834 -0.011476 0.789489 -0.613629
1778753772.617072 1.197095 -17.244511 0.307174 0.005881 -0.011486 0.789499 -0.613616
1778753772.666444 1.197080 -17.244507 0.307174 0.005860 -0.011470 0.789494 -0.613623
1778753772.721841 1.197053 -17.244476 0.307175 0.005875 -0.011418 0.789478 -0.613645
1778753772.772403 1.197074 -17.244452 0.307177 0.005935 -0.011398 0.789499 -0.613618
1778753772.822740 1.197116 -17.244478 0.307177 0.005943 -0.011454 0.789485 -0.613634
1778753772.881152 1.197118 -17.244493 0.307175 0.005930 -0.011485 0.789483 -0.613636
1778753772.927897 1.197104 -17.244490 0.307175 0.005921 -0.011483 0.789480 -0.613641
1778753772.990059 1.197000 -17.244404 0.307174 0.006044 -0.011722 0.789442 -0.613683
1778753773.037226 1.196293 -17.244184 0.306932 0.007694 -0.013892 0.788990 -0.614201
1778753773.089204 1.194740 -17.243755 0.306795 0.010402 -0.017433 0.788086 -0.615230
1778753773.142703 1.191620 -17.242865 0.306796 0.012984 -0.021401 0.787540 -0.615754
1778753773.197912 1.186535 -17.241381 0.307534 0.013067 -0.023158 0.787222 -0.616097
1778753773.254746 1.180130 -17.239874 0.308571 0.010100 -0.022738 0.786528 -0.617053
1778753773.306297 1.172148 -17.238268 0.308613 0.003413 -0.021449 0.785515 -0.618462
1778753773.376750 1.164148 -17.236567 0.308136 -0.006139 -0.020940 0.785340 -0.618680
1778753773.416719 1.157043 -17.234112 0.307850 -0.009758 -0.023471 0.787001 -0.616428
1778753773.470115 1.146037 -17.232738 0.306278 -0.009530 -0.031277 0.786836 -0.616295
1778753773.524850 1.131149 -17.230991 0.303898 -0.013643 -0.037463 0.785805 -0.617188
1778753773.573647 1.117361 -17.227427 0.304299 -0.013300 -0.039211 0.783001 -0.620641
1778753773.626990 1.103732 -17.223642 0.309287 -0.012505 -0.030881 0.782877 -0.621284
1778753773.679549 1.093447 -17.222971 0.312023 -0.006630 -0.030718 0.781732 -0.622822
1778753773.733710 1.079504 -17.223143 0.313482 0.000086 -0.031801 0.780340 -0.624547
1778753773.788597 1.064464 -17.221218 0.313878 0.006995 -0.038314 0.776160 -0.629333
1778753773.845837 1.049425 -17.218740 0.313967 0.008732 -0.031738 0.767037 -0.640758
1778753773.909584 1.032162 -17.218620 0.312995 0.008879 -0.020588 0.753606 -0.656944
1778753773.946316 1.017160 -17.218231 0.315381 0.001475 -0.031100 0.738252 -0.673806
1778753773.999964 1.001430 -17.218763 0.315666 -0.003016 -0.035694 0.721173 -0.691828
1778753774.055925 0.981284 -17.223249 0.314634 -0.010170 -0.038336 0.703299 -0.709787
1778753774.109275 0.957463 -17.226358 0.312179 -0.008686 -0.039026 0.686187 -0.726326
1778753774.164172 0.936828 -17.229374 0.314906 -0.014050 -0.030816 0.673675 -0.738252
1778753774.213194 0.920595 -17.230474 0.316331 -0.009082 -0.026568 0.661490 -0.749428
1778753774.269791 0.903346 -17.235497 0.316745 -0.003292 -0.023213 0.651883 -0.757958
1778753774.320497 0.887025 -17.240065 0.316503 0.003387 -0.020297 0.645454 -0.763522
1778753774.373095 0.869874 -17.243856 0.315576 0.010426 -0.018715 0.640304 -0.767823
1778753774.429876 0.851110 -17.247301 0.314480 0.013426 -0.010719 0.632161 -0.774646
1778753774.483333 0.831819 -17.251537 0.312618 0.011011 -0.003029 0.618255 -0.785895
1778753774.570824 0.816854 -17.254168 0.318343 0.002716 -0.011437 0.601485 -0.798798
1778753774.597334 0.798167 -17.262268 0.319098 -0.001963 -0.017309 0.583461 -0.811954
1778753774.647658 0.778892 -17.273615 0.317201 -0.009818 -0.021477 0.566932 -0.823426
1778753774.704342 0.757347 -17.283508 0.313444 -0.006464 -0.020234 0.551021 -0.834221
1778753774.755212 0.739949 -17.291714 0.317357 -0.011775 -0.013354 0.538891 -0.842187
1778753774.811165 0.725639 -17.300312 0.318299 -0.005967 -0.012973 0.527268 -0.849579
1778753774.863375 0.710603 -17.309929 0.318284 0.002937 -0.011146 0.518307 -0.855117
1778753774.923064 0.696014 -17.319656 0.317795 0.010327 -0.008470 0.511966 -0.858902
1778753774.972860 0.681291 -17.328405 0.316641 0.015587 -0.004453 0.506761 -0.861934
1778753775.032407 0.663512 -17.336510 0.314083 0.017185 0.009025 0.499823 -0.865910
1778753775.080447 0.649118 -17.342854 0.314014 0.019602 0.002681 0.495391 -0.868445
1778753775.133783 0.635573 -17.348089 0.315604 0.013982 -0.006648 0.490806 -0.871131
1778753775.202794 0.620394 -17.359135 0.315479 0.010008 -0.016829 0.487372 -0.872975
1778753775.243413 0.604678 -17.371506 0.313539 0.004804 -0.027303 0.484246 -0.874493
1778753775.302198 0.591743 -17.380543 0.310469 0.001215 -0.035209 0.480778 -0.876134
1778753775.350513 0.570993 -17.393560 0.312215 -0.001421 -0.027880 0.473392 -0.880410
1778753775.404220 0.559030 -17.401531 0.315773 -0.001226 -0.018798 0.470296 -0.882308
1778753775.479784 0.545747 -17.411554 0.317209 0.003134 -0.013451 0.467589 -0.883838
1778753775.511207 0.532829 -17.420578 0.317612 0.011518 -0.010708 0.466917 -0.884161
1778753775.562248 0.518535 -17.430878 0.317061 0.016594 -0.007071 0.466847 -0.884154
1778753775.618926 0.502515 -17.441196 0.316506 0.021391 -0.001381 0.464884 -0.885112
1778753775.674733 0.485691 -17.449932 0.313515 0.018901 0.011675 0.462033 -0.886585
1778753775.729179 0.471271 -17.459724 0.317103 0.017623 -0.000635 0.462084 -0.886661
1778753775.777177 0.456964 -17.467791 0.317135 0.013605 -0.010380 0.460972 -0.887250
1778753775.835739 0.443880 -17.481201 0.316289 0.009702 -0.021587 0.460683 -0.887249
1778753775.884616 0.428156 -17.495407 0.313269 0.001376 -0.032740 0.460248 -0.887185
1778753775.938401 0.411932 -17.508045 0.311654 0.008004 -0.036033 0.455596 -0.889421
1778753775.991136 0.398927 -17.520140 0.314692 -0.001011 -0.026279 0.455085 -0.890060
1778753776.045390 0.386043 -17.528366 0.317089 0.002277 -0.017183 0.453188 -0.891246
1778753776.101026 0.371424 -17.539351 0.317910 0.007138 -0.009930 0.452142 -0.891862
1778753776.157847 0.358432 -17.549868 0.316832 0.009216 -0.000278 0.452330 -0.891803
1778753776.205498 0.346348 -17.557768 0.315990 0.012582 0.003882 0.451521 -0.892163
1778753776.259754 0.336023 -17.563948 0.319001 0.014556 0.001526 0.451838 -0.891980
1778753776.323781 0.329442 -17.567833 0.320321 0.009183 0.001020 0.449721 -0.893122
1778753776.370796 0.325325 -17.569851 0.319614 0.005106 -0.003735 0.447052 -0.894486
1778753776.419868 0.321696 -17.572533 0.319242 0.008949 -0.007984 0.448384 -0.893761
1778753776.471135 0.317980 -17.576277 0.318693 0.012835 -0.010877 0.450670 -0.892532
1778753776.523832 0.315046 -17.579027 0.317211 0.012583 -0.012520 0.452596 -0.891539
1778753776.577159 0.310986 -17.582968 0.313890 0.007228 -0.016622 0.454634 -0.890494
1778753776.632643 0.308835 -17.585524 0.312960 0.005726 -0.016188 0.453388 -0.891148
1778753776.681928 0.307894 -17.587162 0.312528 0.003967 -0.015040 0.452472 -0.891643
1778753776.739182 0.308103 -17.587660 0.312458 0.003746 -0.014628 0.451936 -0.891922
1778753776.799088 0.308516 -17.587376 0.311892 0.003952 -0.014634 0.451681 -0.892051
1778753776.841414 0.308819 -17.586910 0.312351 0.003926 -0.014469 0.451782 -0.892003
1778753776.897982 0.308749 -17.586714 0.312490 0.003939 -0.014348 0.451961 -0.891913
1778753776.953837 0.308585 -17.586821 0.312527 0.003718 -0.014212 0.451862 -0.891967
1778753777.019561 0.308592 -17.586956 0.312536 0.003573 -0.014159 0.451822 -0.891989
1778753777.058030 0.308732 -17.586966 0.312539 0.003603 -0.014218 0.451917 -0.891939
1778753777.113285 0.308918 -17.586758 0.312520 0.003645 -0.014175 0.452009 -0.891893
1778753777.165382 0.309025 -17.586594 0.312488 0.003743 -0.014192 0.452001 -0.891897
1778753777.219477 0.308969 -17.586584 0.312477 0.003687 -0.014113 0.451928 -0.891935
1778753777.272905 0.308978 -17.586634 0.312475 0.003607 -0.014090 0.452022 -0.891888
1778753777.324701 0.309089 -17.586626 0.312469 0.003655 -0.014121 0.452072 -0.891862
1778753777.378281 0.309186 -17.586561 0.312475 0.003614 -0.014123 0.452063 -0.891867
1778753777.433639 0.309274 -17.586470 0.312482 0.003531 -0.014067 0.452222 -0.891787
1778753777.501687 0.309341 -17.586405 0.312483 0.003434 -0.014006 0.452374 -0.891712
1778753777.539591 0.309385 -17.586390 0.312476 0.003372 -0.013998 0.452298 -0.891750
1778753777.595833 0.309464 -17.586327 0.312476 0.003393 -0.014002 0.452232 -0.891784
1778753777.658257 0.309512 -17.586281 0.312472 0.003308 -0.013936 0.452211 -0.891796
1778753777.705163 0.309557 -17.586241 0.312472 0.003176 -0.013864 0.452242 -0.891782
1778753777.756277 0.309611 -17.586226 0.312476 0.003128 -0.013865 0.452304 -0.891751
1778753777.811073 0.309677 -17.586180 0.312483 0.003073 -0.013825 0.452306 -0.891750
1778753777.861497 0.309756 -17.586090 0.312489 0.002990 -0.013737 0.452282 -0.891764
1778753777.923934 0.309852 -17.586046 0.312499 0.002887 -0.013673 0.452336 -0.891738
1778753777.968080 0.309908 -17.585991 0.312499 0.002868 -0.013612 0.452620 -0.891595
1778753778.022913 0.309950 -17.585957 0.312498 0.002845 -0.013557 0.452687 -0.891562
1778753778.076136 0.310002 -17.585901 0.312500 0.002848 -0.013519 0.452660 -0.891576
1778753778.130161 0.310063 -17.585897 0.312498 0.002818 -0.013549 0.452670 -0.891571
1778753778.188175 0.310081 -17.585884 0.312498 0.002840 -0.013547 0.452779 -0.891515
1778753778.236095 0.310028 -17.585882 0.312497 0.002770 -0.013461 0.452756 -0.891528
1778753778.289438 0.310172 -17.585804 0.312494 0.002395 -0.013212 0.452014 -0.891910
1778753778.343958 0.310092 -17.586040 0.312616 0.001158 -0.012346 0.446968 -0.894464
1778753778.404197 0.309722 -17.587093 0.312603 0.001195 -0.012468 0.437137 -0.899308
1778753778.457629 0.310073 -17.587763 0.312966 0.000917 -0.011181 0.424390 -0.905410
1778753778.503051 0.311451 -17.588219 0.313797 0.001814 -0.009096 0.407241 -0.913274
1778753778.555416 0.313051 -17.589602 0.314626 0.003249 -0.008374 0.386513 -0.922240
1778753778.611521 0.314323 -17.591557 0.315070 0.006015 -0.007302 0.362130 -0.932080
1778753778.661883 0.314950 -17.594376 0.315004 0.008290 -0.005558 0.331811 -0.943293
1778753778.724125 0.315781 -17.596056 0.314172 0.007980 -0.003471 0.296325 -0.955048
1778753778.768912 0.313505 -17.599590 0.311477 0.004969 0.002370 0.260334 -0.965503
1778753778.836352 0.310929 -17.600697 0.310965 -0.008913 0.006494 0.221515 -0.975095
1778753778.875435 0.314273 -17.600218 0.313744 0.002147 -0.004994 0.180093 -0.983635
1778753778.928914 0.316954 -17.600914 0.312659 0.009629 -0.020856 0.135553 -0.990504
1778753778.984960 0.323268 -17.602102 0.308534 0.014350 -0.016533 0.089039 -0.995788
1778753779.036765 0.328903 -17.604517 0.311903 0.020075 -0.013332 0.044074 -0.998738
1778753779.096311 0.339631 -17.603483 0.318484 0.022399 -0.011494 -0.001527 -0.999682
1778753779.141760 0.355613 -17.600180 0.320027 0.029797 -0.007757 -0.052127 -0.998166
1778753779.192399 0.374448 -17.598099 0.315253 0.015151 -0.009378 -0.093280 -0.995480
1778753779.246070 0.394673 -17.597624 0.315685 0.018400 -0.007506 -0.130091 -0.991303
1778753779.303057 0.411697 -17.592348 0.315234 0.012169 -0.002445 -0.161346 -0.986820
1778753779.356332 0.434496 -17.584213 0.314658 0.011324 0.007570 -0.188290 -0.982019
1778753779.406571 0.460674 -17.574833 0.314119 0.003679 0.017183 -0.210688 -0.977396
1778753779.460076 0.486536 -17.558533 0.315699 0.025633 0.013328 -0.222185 -0.974576
1778753779.523870 0.511433 -17.543716 0.315482 0.021876 0.006808 -0.232943 -0.972220
1778753779.566077 0.537185 -17.523556 0.317837 0.023404 0.009108 -0.247171 -0.968646
1778753779.627325 0.567257 -17.498411 0.317501 0.026510 0.022409 -0.261111 -0.964684
1778753779.679518 0.604288 -17.470972 0.314492 0.018978 0.039153 -0.266022 -0.962985
1778753779.748645 0.645285 -17.446840 0.314440 0.000754 0.009697 -0.262181 -0.964970
1778753779.788081 0.677747 -17.424660 0.321514 -0.002054 0.001724 -0.245246 -0.969457
1778753779.839843 0.723272 -17.400896 0.325237 0.002304 0.005352 -0.226603 -0.973970
1778753779.896111 0.776470 -17.380379 0.324195 0.002703 0.006324 -0.211604 -0.977331
1778753779.958944 0.815942 -17.356892 0.317287 -0.004039 0.003902 -0.198271 -0.980131
1778753780.006399 0.864753 -17.339947 0.318890 -0.007395 0.005679 -0.187051 -0.982306
1778753780.053471 0.919453 -17.318909 0.319303 -0.008741 0.008620 -0.178391 -0.983883
1778753780.107435 0.965223 -17.297796 0.312306 0.000616 0.002994 -0.169881 -0.985460
1778753780.164234 1.002486 -17.288462 0.315185 -0.020698 -0.007859 -0.169339 -0.985309
1778753780.211417 1.052801 -17.272106 0.319125 -0.015724 -0.002198 -0.161457 -0.986752
1778753780.266995 1.113714 -17.257332 0.314600 -0.008885 0.004237 -0.155791 -0.987741
1778753780.319776 1.158872 -17.245796 0.311172 -0.004941 -0.014340 -0.150107 -0.988553
1778753780.373496 1.218003 -17.229380 0.313501 0.001307 -0.016319 -0.146396 -0.989091
1778753780.426238 1.274007 -17.211117 0.315857 0.002840 -0.003034 -0.145057 -0.989415
1778753780.481686 1.339296 -17.193659 0.303193 0.000111 -0.001012 -0.144270 -0.989538
1778753780.533598 1.378400 -17.186579 0.308926 -0.004218 -0.004905 -0.146786 -0.989147
1778753780.586581 1.431841 -17.170549 0.314819 -0.008360 -0.001907 -0.147248 -0.989062
1778753780.644823 1.488976 -17.153355 0.319195 -0.003561 0.009218 -0.157114 -0.987531
1778753780.692626 1.537646 -17.134323 0.306475 0.010162 0.005917 -0.181484 -0.983324
1778753780.745693 1.536454 -17.137251 0.313586 0.018047 -0.009766 -0.212530 -0.976939
1778753780.806733 1.587984 -17.112352 0.324498 0.021465 -0.005329 -0.253337 -0.967125
1778753780.858544 1.632028 -17.073729 0.312658 0.044599 0.010090 -0.307141 -0.950565
1778753780.915518 1.679173 -17.052761 0.322585 0.027845 0.012307 -0.364196 -0.930825
1778753780.963171 1.714822 -17.022245 0.315433 0.039239 0.012658 -0.427548 -0.903052
1778753781.016795 1.720880 -17.004410 0.301108 0.039931 0.032453 -0.493364 -0.868300
1778753781.071352 1.732420 -16.969324 0.315458 0.079038 0.011906 -0.544303 -0.835072
1778753781.123492 1.770755 -16.931007 0.313529 0.075443 -0.000659 -0.601752 -0.795112
1778753781.184926 1.795453 -16.905561 0.313002 0.068770 0.024302 -0.658042 -0.749440
1778753781.229560 1.812586 -16.874992 0.319743 0.035837 0.031381 -0.712059 -0.700502
1778753781.283244 1.823476 -16.827316 0.322859 0.036461 0.038035 -0.761051 -0.646549
1778753781.339857 1.820556 -16.828241 0.314898 0.018329 0.046683 -0.809955 -0.584344
1778753781.392886 1.781977 -16.768232 0.311187 0.063502 0.063135 -0.842939 -0.530505
1778753781.443466 1.765160 -16.710615 0.318262 0.078196 0.042181 -0.877506 -0.471263
1778753781.496670 1.747940 -16.666548 0.316674 0.045835 0.011481 -0.906898 -0.418692
1778753781.560016 1.725623 -16.645891 0.312694 0.014202 0.015453 -0.922883 -0.384508
1778753781.601557 1.708404 -16.631241 0.306721 -0.009414 0.014085 -0.930072 -0.366986
1778753781.655610 1.678355 -16.603788 0.304539 -0.004244 0.025959 -0.929253 -0.368508
1778753781.709400 1.641490 -16.569941 0.307126 0.001603 0.048459 -0.924904 -0.377098
1778753781.761643 1.612568 -16.539835 0.309962 -0.003538 0.027888 -0.916480 -0.399092
1778753781.817020 1.579645 -16.500940 0.314646 0.010436 0.027983 -0.900694 -0.433427
1778753781.871358 1.547109 -16.461409 0.315341 0.007875 0.028498 -0.887980 -0.458931
1778753781.934741 1.516413 -16.399536 0.299407 -0.000563 0.003683 -0.875514 -0.483179
1778753781.987465 1.490050 -16.356382 0.307457 0.011741 -0.027800 -0.870239 -0.491704
1778753782.043051 1.465686 -16.307652 0.315630 -0.001368 -0.026039 -0.860164 -0.509351
1778753782.101450 1.442651 -16.249924 0.303929 -0.002311 -0.005637 -0.842039 -0.539382
1778753782.150471 1.431583 -16.208702 0.309071 -0.002441 -0.018910 -0.822901 -0.567865
1778753782.208587 1.406815 -16.152708 0.308628 0.001559 -0.012454 -0.804350 -0.594023
1778753782.259096 1.388784 -16.093441 0.309166 -0.003658 0.000434 -0.791943 -0.610584
1778753782.309835 1.371161 -16.026386 0.299228 -0.003019 0.003749 -0.780506 -0.625130
1778753782.364915 1.375016 -16.021116 0.305505 -0.004846 -0.014300 -0.775045 -0.631725
1778753782.418314 1.367674 -15.966391 0.313732 -0.013315 -0.013966 -0.765201 -0.643502
1778753782.473382 1.361322 -15.906525 0.318340 -0.017218 -0.000650 -0.755145 -0.655331
1778753782.521055 1.360508 -15.850822 0.307900 -0.009733 -0.007678 -0.748064 -0.663511
1778753782.575008 1.355358 -15.844378 0.308931 0.001815 -0.009059 -0.740415 -0.672087
1778753782.634576 1.350224 -15.787394 0.312308 -0.001970 0.005525 -0.736373 -0.676550
1778753782.684178 1.346500 -15.717863 0.303176 -0.006112 0.009725 -0.733550 -0.679539
1778753782.757278 1.343789 -15.688694 0.303518 -0.001768 0.008569 -0.731762 -0.681504
1778753782.789446 1.342650 -15.628575 0.313206 -0.009040 0.001110 -0.731349 -0.681943
1778753782.843919 1.339429 -15.571429 0.319319 -0.009993 0.011342 -0.727303 -0.686150
1778753782.898854 1.341538 -15.500996 0.310611 -0.010405 0.011147 -0.725749 -0.687791
1778753782.958134 1.334980 -15.449468 0.309808 0.006830 0.000358 -0.723752 -0.690027
1778753783.011262 1.334129 -15.387609 0.312809 0.010111 0.003983 -0.731676 -0.681566
1778753783.067882 1.323421 -15.320234 0.312638 0.004173 0.004097 -0.750390 -0.660970
1778753783.123795 1.309073 -15.269662 0.308803 0.018187 0.028331 -0.767212 -0.640509
1778753783.175153 1.300296 -15.224088 0.311393 0.009244 0.025275 -0.781232 -0.623660
1778753783.226953 1.287689 -15.166952 0.312489 0.000283 0.029175 -0.792232 -0.609522
1778753783.282658 1.278339 -15.134267 0.295368 0.008255 0.030293 -0.803795 -0.594077
1778753783.333736 1.273638 -15.120893 0.301283 0.020693 0.026056 -0.810545 -0.584731
1778753783.390245 1.254494 -15.066793 0.306508 0.011798 0.032275 -0.818850 -0.572979
1778753783.440812 1.230589 -15.006694 0.300647 -0.000072 0.034727 -0.826524 -0.561829
1778753783.494954 1.210428 -14.947861 0.302478 0.004424 0.020316 -0.832749 -0.553260
1778753783.549248 1.188054 -14.894390 0.306283 -0.001132 0.012907 -0.837732 -0.545928
1778753783.601060 1.165818 -14.837643 0.312526 -0.006817 0.020829 -0.840267 -0.541730
1778753783.656516 1.143467 -14.774150 0.298379 -0.012592 0.024684 -0.843255 -0.536800
1778753783.708173 1.138280 -14.780402 0.306728 0.013517 0.014239 -0.843593 -0.536624
1778753783.760695 1.116227 -14.721800 0.315313 0.009762 0.009680 -0.844458 -0.535446
1778753783.812665 1.088669 -14.666359 0.318860 0.001114 0.015974 -0.847714 -0.530211
1778753783.873769 1.055254 -14.599299 0.308278 0.000856 0.010001 -0.849657 -0.527241
1778753783.920940 1.036681 -14.555888 0.311963 0.005380 0.003572 -0.852194 -0.523186
1778753783.975046 1.014388 -14.506185 0.315585 -0.004257 0.004700 -0.853388 -0.521239
1778753784.034920 0.983021 -14.454792 0.299426 -0.009700 0.017836 -0.857670 -0.513799
1778753784.084248 0.972236 -14.441379 0.301234 0.011138 0.026204 -0.868549 -0.494785
1778753784.136961 0.957367 -14.408044 0.311574 0.023418 0.020082 -0.879034 -0.475761
1778753784.191868 0.917198 -14.351903 0.322319 0.021161 0.024057 -0.900177 -0.434344
1778753784.244257 0.872484 -14.318110 0.315197 0.022145 0.047872 -0.920857 -0.386316
1778753784.298252 0.850691 -14.272622 0.322316 0.010266 0.030600 -0.942113 -0.333738
1778753784.356087 0.813552 -14.244203 0.303253 0.013374 0.042888 -0.957233 -0.285809
1778753784.408766 0.769922 -14.209358 0.295415 -0.000928 0.041956 -0.969540 -0.241310
1778753784.458487 0.730060 -14.186230 0.301738 0.041362 0.047289 -0.974604 -0.214944
1778753784.511047 0.684781 -14.154694 0.295405 0.045833 0.039022 -0.979196 -0.193784
1778753784.566857 0.620856 -14.129461 0.301046 0.038578 0.030063 -0.984759 -0.166909
1778753784.617143 0.565343 -14.115701 0.295715 0.023937 0.053275 -0.986966 -0.149958
1778753784.671276 0.521600 -14.089924 0.303696 0.012139 0.028881 -0.990821 -0.131503
1778753784.724699 0.471444 -14.078028 0.307153 0.000046 0.030505 -0.992459 -0.118722
1778753784.782905 0.412331 -14.059571 0.291802 -0.007418 0.028335 -0.994116 -0.104288
1778753784.834240 0.400003 -14.060522 0.304320 0.024991 0.032835 -0.994385 -0.097444
1778753784.888771 0.340469 -14.047887 0.313130 0.025426 0.032749 -0.995139 -0.089329
1778753784.942026 0.279678 -14.038424 0.315088 0.017863 0.029684 -0.996283 -0.078870
1778753784.993809 0.213307 -14.029015 0.308778 0.018916 0.031189 -0.996727 -0.072146
1778753785.045141 0.173413 -14.012003 0.312758 0.015248 0.006929 -0.997933 -0.062038
1778753785.098541 0.119753 -14.002405 0.317308 0.004886 0.007074 -0.998116 -0.060754
1778753785.151566 0.056741 -13.989452 0.320325 -0.004839 0.017017 -0.997160 -0.073209
1778753785.209186 0.029321 -13.984905 0.313419 0.017035 0.013426 -0.995008 -0.097414
1778753785.284008 -0.035075 -13.966612 0.315229 0.021075 0.019506 -0.992524 -0.118628
1778753785.317027 -0.078228 -13.957962 0.315192 0.017003 0.024320 -0.991281 -0.128381
1778753785.363882 -0.152052 -13.934657 0.298651 0.014375 0.016381 -0.989464 -0.143127
1778753785.431377 -0.201412 -13.919991 0.307104 0.023993 -0.013047 -0.987594 -0.154638
1778753785.466976 -0.253705 -13.899323 0.311261 0.018015 -0.014451 -0.982887 -0.182755
1778753785.521884 -0.306390 -13.872259 0.297969 0.016698 0.003168 -0.975159 -0.220852
1778753785.573477 -0.345055 -13.841066 0.305077 0.006416 -0.035591 -0.967539 -0.250119
1778753785.626741 -0.387865 -13.823236 0.312028 0.007135 -0.011526 -0.959746 -0.280543
1778753785.678957 -0.437554 -13.789845 0.313637 -0.002332 -0.001718 -0.953679 -0.300813
1778753785.732007 -0.497305 -13.749152 0.300465 -0.003097 0.001637 -0.949713 -0.313102
1778753785.787110 -0.488714 -13.743567 0.306005 0.008546 -0.021291 -0.952693 -0.303068
1778753785.839319 -0.528625 -13.717464 0.312707 0.006099 -0.018131 -0.957851 -0.286627
1778753785.896971 -0.571708 -13.684896 0.304830 -0.012362 -0.007836 -0.965738 -0.259106
1778753785.947754 -0.597571 -13.673580 0.293309 -0.011327 0.012040 -0.974391 -0.224252
1778753786.007481 -0.641719 -13.648559 0.310370 0.025926 0.021257 -0.982034 -0.185703
1778753786.055957 -0.695481 -13.627148 0.322702 0.025313 0.023473 -0.990753 -0.131212
1778753786.114990 -0.743032 -13.622324 0.313895 0.021823 0.053436 -0.996074 -0.067120
1778753786.164871 -0.784143 -13.612790 0.319559 0.011085 0.034993 -0.999289 -0.008579
1778753786.220660 -0.826425 -13.610538 0.295959 0.018134 0.046361 -0.997750 0.044913
1778753786.272508 -0.840224 -13.631298 0.302089 0.020565 0.074025 -0.992409 0.096030
1778753786.329576 -0.886382 -13.632105 0.309704 0.047010 0.084301 -0.987505 0.124571
1778753786.385312 -0.943101 -13.634978 0.315520 0.049631 0.069398 -0.985584 0.146102
1778753786.429016 -0.990387 -13.642898 0.301156 0.046020 0.051106 -0.983289 0.168563
1778753786.489846 -1.032650 -13.659827 0.302033 0.018931 0.067108 -0.980578 0.183319
1778753786.539099 -1.090392 -13.669718 0.306834 0.003614 0.044495 -0.977409 0.206588
1778753786.597141 -1.139751 -13.691012 0.310923 -0.008697 0.038800 -0.974264 0.221875
1778753786.651984 -1.195219 -13.716228 0.306030 -0.012731 0.035514 -0.970684 0.237382
1778753786.697342 -1.207280 -13.723047 0.309629 0.024732 0.039452 -0.969240 0.241672
1778753786.751970 -1.259161 -13.751495 0.317498 0.022180 0.038058 -0.968072 0.246772
1778753786.808952 -1.313779 -13.783621 0.316555 0.011980 0.031672 -0.964976 0.260145
1778753786.862222 -1.357546 -13.810258 0.310250 0.018713 0.028755 -0.958571 0.282780
1778753786.924125 -1.383986 -13.820440 0.314272 0.018061 0.023507 -0.946627 0.320966
1778753786.968749 -1.416152 -13.842105 0.316569 0.001199 0.017474 -0.933361 0.358511
1778753787.028256 -1.452479 -13.870836 0.281136 -0.017957 0.005336 -0.919510 0.392620
1778753787.076294 -1.455996 -13.884203 0.293988 -0.002490 0.049434 -0.909687 0.412336
1778753787.127431 -1.491501 -13.915647 0.310061 0.013447 0.050426 -0.900399 0.431924
1778753787.181242 -1.523082 -13.962852 0.316083 0.008704 0.048075 -0.889837 0.453656
1778753787.231988 -1.562979 -14.022588 0.307970 0.010961 0.040528 -0.880944 0.471354
1778753787.296758 -1.583536 -14.048731 0.312054 0.012168 0.035721 -0.872768 0.486675
1778753787.334645 -1.614744 -14.092802 0.316221 0.006649 0.025144 -0.865720 0.499852
1778753787.386329 -1.644096 -14.141199 0.317514 -0.006827 0.020521 -0.860628 0.508775
1778753787.440885 -1.662726 -14.185139 0.305161 -0.008950 0.035538 -0.855816 0.515981
1778753787.492875 -1.677543 -14.208535 0.314429 0.019233 0.036342 -0.854389 0.518004
1778753787.549274 -1.702052 -14.261436 0.319156 0.010913 0.036003 -0.856371 0.514989
1778753787.601749 -1.730604 -14.311725 0.313961 0.000830 0.024635 -0.864388 0.502222
1778753787.663930 -1.750343 -14.323674 0.310349 0.020166 0.007960 -0.876331 0.481221
1778753787.707396 -1.777778 -14.362162 0.317924 0.030033 0.003128 -0.886166 0.462384
1778753787.759635 -1.811115 -14.407734 0.320645 0.018884 0.006610 -0.896338 0.442920
1778753787.812686 -1.856008 -14.457643 0.307607 0.019549 0.013597 -0.903841 0.427206
1778753787.866226 -1.883934 -14.488359 0.309135 0.025375 -0.004167 -0.909412 0.415101
1778753787.938877 -1.908150 -14.521774 0.313532 0.009231 0.002727 -0.914263 0.405007
1778753787.972626 -1.957852 -14.572207 0.315725 -0.005274 -0.001227 -0.917148 0.398511
1778753788.026627 -1.986447 -14.604406 0.295753 -0.013979 0.001500 -0.919049 0.393892
1778753788.090125 -2.029265 -14.639835 0.294296 -0.013952 -0.014571 -0.918200 0.395603
1778753788.133210 -2.067398 -14.674849 0.300773 -0.037877 -0.023973 -0.920481 0.388207
1778753788.188524 -2.114391 -14.709743 0.312594 -0.058453 -0.029206 -0.922517 0.380386
1778753788.240626 -2.152797 -14.750655 0.299073 -0.045484 -0.004626 -0.926717 0.372968
1778753788.289331 -2.195105 -14.777699 0.294635 -0.010034 0.001778 -0.929088 0.369717
1778753788.349658 -2.241378 -14.820522 0.299057 -0.002075 0.016938 -0.925590 0.378142
1778753788.395665 -2.284283 -14.868269 0.295066 0.011155 0.019924 -0.916020 0.400483
1778753788.463422 -2.303648 -14.899297 0.297719 0.005456 0.025288 -0.903565 0.427669
1778753788.538943 -2.338478 -14.941729 0.307012 0.008133 0.029233 -0.894167 0.446705
1778753788.565563 -2.373737 -14.990558 0.311644 -0.005347 0.033001 -0.886234 0.462030
1778753788.613293 -2.409082 -15.047239 0.309556 0.012830 0.055105 -0.877311 0.476576
1778753788.672626 -2.444363 -15.090891 0.306020 0.056836 0.073508 -0.870307 0.483666
1778753789.173590 -2.476231 -15.134444 0.308421 0.069654 0.087880 -0.862705 0.493118
1778753789.177316 -2.512279 -15.190849 0.301284 0.036923 0.089036 -0.854970 0.509643
1778753789.178271 -2.512279 -15.190849 0.301284 0.036923 0.089036 -0.854970 0.509643
1778753789.492889 -2.543848 -15.238462 0.308751 0.056495 0.070957 -0.850389 0.518278
1778753789.494590 -2.565152 -15.282144 0.292431 0.054403 0.062256 -0.847186 0.524824
1778753789.505776 -2.585897 -15.318017 0.295593 0.033707 0.027525 -0.844773 0.533352
1778753789.513384 -2.631406 -15.393631 0.301132 0.031152 0.039871 -0.840533 0.539393
1778753789.566251 -2.650462 -15.422047 0.298955 0.026316 0.044290 -0.837278 0.544345
1778753789.569123 -2.662604 -15.442593 0.304922 0.016710 0.043995 -0.835633 0.547269
1778753789.583682 -2.676947 -15.457921 0.308349 0.023662 0.032612 -0.834060 0.550201
1778753789.611448 -2.683086 -15.473374 0.310298 0.024283 0.029010 -0.832950 0.552053
1778753789.617038 -2.690036 -15.489337 0.309719 0.028045 0.027909 -0.831841 0.553602
1778753789.640908 -2.694050 -15.503538 0.307891 0.030751 0.032743 -0.830562 0.555112
1778753789.655105 -2.697395 -15.515102 0.310873 0.030491 0.028545 -0.829541 0.556881
1778753789.681589 -2.702020 -15.528293 0.312529 0.028796 0.024046 -0.829183 0.557717
1778753789.687878 -2.702464 -15.540666 0.311173 0.023857 0.027003 -0.827269 0.560650
1778753789.721354 -2.706919 -15.553280 0.312569 0.014143 0.032087 -0.819525 0.571970
1778753789.772029 -2.712209 -15.567950 0.313406 0.013965 0.031829 -0.813455 0.580588
1778753789.777488 -2.718101 -15.588791 0.312900 0.008694 0.031671 -0.808607 0.587431
1778753789.805076 -2.724424 -15.619296 0.311006 0.001022 0.027560 -0.803885 0.594145
1778753789.843228 -2.734328 -15.655531 0.308016 0.000306 0.016803 -0.799119 0.600938
1778753789.907121 -2.746936 -15.697356 0.307927 0.016401 0.014817 -0.792878 0.608979
1778753789.949492 -2.759229 -15.735576 0.313921 0.018389 0.002337 -0.789465 0.613515
1778753790.001234 -2.770672 -15.772923 0.315489 0.016647 -0.002411 -0.788062 0.615366
1778753790.056977 -2.787135 -15.821892 0.315038 0.007059 -0.006227 -0.786353 0.617706
1778753790.113015 -2.794545 -15.868055 0.310190 0.014688 0.026839 -0.786417 0.616937
1778753790.186171 -2.814277 -15.914349 0.317533 0.028211 0.023784 -0.786976 0.615879
1778753790.215872 -2.825764 -15.963718 0.319157 0.022762 0.026640 -0.785713 0.617598
1778753790.265153 -2.836968 -16.001471 0.317416 0.021703 0.021886 -0.784312 0.619600
1778753790.317030 -2.848537 -16.062634 0.311237 0.015434 0.027968 -0.778121 0.627302
1778753790.379073 -2.866403 -16.112926 0.316996 0.022731 0.012012 -0.760673 0.648626
1778753790.424958 -2.868844 -16.154587 0.321133 0.010215 0.005365 -0.738371 0.674296
1778753790.477508 -2.875062 -16.203810 0.311674 0.000547 -0.011973 -0.712255 0.701819
1778753790.532425 -2.864237 -16.231394 0.306180 -0.003908 0.038555 -0.693742 0.719180
1778753790.583334 -2.867292 -16.283943 0.314251 0.019375 0.048701 -0.677374 0.733769
1778753790.633559 -2.858676 -16.339407 0.317181 0.009886 0.043653 -0.662814 0.747445
1778753790.690684 -2.849157 -16.401924 0.305738 0.012322 0.037058 -0.649293 0.759535
1778753790.739767 -2.842150 -16.454983 0.311855 0.005268 0.025841 -0.636005 0.771234
1778753790.793588 -2.834811 -16.505995 0.317467 0.007974 0.017932 -0.624432 0.780832
1778753790.848920 -2.816344 -16.560133 0.293646 -0.003676 0.016659 -0.615882 0.787654
1778753790.900665 -2.812932 -16.578426 0.308616 0.009045 0.024173 -0.607523 0.793883
1778753790.954287 -2.791671 -16.651287 0.312113 0.014110 0.029744 -0.604083 0.796241
1778753791.009234 -2.776028 -16.704596 0.313071 0.008300 0.029572 -0.596839 0.801773
1778753791.062583 -2.753511 -16.770424 0.306125 0.012625 0.029615 -0.591794 0.805446
1778753791.126375 -2.755182 -16.785490 0.310490 0.015156 0.022784 -0.584212 0.811140
1778753791.169056 -2.739281 -16.835011 0.315526 0.010378 0.014926 -0.581562 0.813299
1778753791.223844 -2.721708 -16.895424 0.316153 0.000586 0.004808 -0.577440 0.816419
1778753791.279040 -2.701912 -16.938608 0.306485 -0.010429 0.031092 -0.562756 0.825973
1778753791.333222 -2.687645 -17.005018 0.313393 0.014433 0.030585 -0.541770 0.839846
1778753791.386631 -2.655345 -17.060228 0.319789 0.006200 0.031599 -0.511946 0.858414
1778753791.444808 -2.621192 -17.103537 0.309717 -0.005757 0.035463 -0.487694 0.872275
1778753791.495809 -2.596416 -17.162212 0.315550 -0.000477 0.020843 -0.464089 0.885543
1778753791.550529 -2.566393 -17.204344 0.321659 -0.007345 0.023573 -0.443388 0.895990
1778753791.601356 -2.534336 -17.243006 0.294564 -0.013370 0.020376 -0.424125 0.905276
1778753791.654459 -2.544066 -17.234198 0.303859 -0.012028 0.042642 -0.408819 0.911539
1778753791.730778 -2.504904 -17.280663 0.312108 -0.013142 0.047641 -0.388641 0.920063
1778753791.762448 -2.461201 -17.319765 0.305605 -0.005395 0.043031 -0.350565 0.935534
1778753791.814211 -2.416919 -17.345224 0.305026 -0.043824 0.033697 -0.304613 0.950871
1778753791.870046 -2.387059 -17.378729 0.311770 -0.018369 0.024225 -0.260631 0.964960
1778753791.922323 -2.346914 -17.399979 0.286658 -0.026997 0.014817 -0.222879 0.974360
1778753791.979131 -2.325592 -17.411880 0.286542 -0.034681 0.011654 -0.190268 0.981050
1778753792.023517 -2.312943 -17.426359 0.300899 -0.032307 0.041307 -0.171927 0.983713
1778753792.077695 -2.257600 -17.444670 0.308635 -0.033298 0.032031 -0.151744 0.987339
1778753792.134769 -2.200825 -17.459784 0.300101 -0.030658 0.018641 -0.130113 0.990850
1778753792.184168 -2.159591 -17.472580 0.304499 -0.029209 0.015354 -0.112176 0.993140
1778753792.236962 -2.095935 -17.490292 0.310565 -0.019126 0.011681 -0.095769 0.995151
1778753792.293164 -2.038324 -17.501312 0.313002 -0.020252 0.002089 -0.085244 0.996152
1778753792.344551 -1.971981 -17.516111 0.304619 -0.017374 -0.002959 -0.073362 0.997150
1778753792.399174 -1.963928 -17.516562 0.310353 -0.022823 0.020402 -0.070112 0.997069
1778753792.450516 -1.904254 -17.523636 0.316714 -0.022629 0.011374 -0.065443 0.997535
1778753792.505156 -1.843372 -17.527735 0.319262 -0.023946 -0.002331 -0.056827 0.998094
1778753792.560801 -1.774766 -17.535177 0.309851 -0.016679 -0.000369 -0.050726 0.998573
1778753792.620579 -1.728352 -17.538198 0.312033 -0.005133 0.008188 -0.042914 0.999032
1778753792.665331 -1.673074 -17.542696 0.316040 -0.003667 0.003769 -0.040888 0.999150
1778753792.717366 -1.608968 -17.548214 0.303915 -0.012843 -0.003235 -0.038133 0.999185
1778753792.776145 -1.578710 -17.550426 0.308012 -0.013198 0.005192 -0.038248 0.999168
1778753792.828666 -1.521644 -17.554441 0.313405 -0.015242 0.004173 -0.039009 0.999114
1778753792.885184 -1.461639 -17.556175 0.316043 -0.018049 -0.007091 -0.034417 0.999219
1778753792.935562 -1.386074 -17.559349 0.306297 -0.015279 -0.007189 -0.031362 0.999366
1778753792.986931 -1.345462 -17.563334 0.309302 -0.007835 0.005218 -0.023212 0.999686
1778753793.045811 -1.293334 -17.564222 0.313103 -0.006553 -0.002381 -0.006388 0.999955
1778753793.095231 -1.238298 -17.562691 0.315174 -0.010238 -0.018284 0.020041 0.999580
1778753793.152562 -1.197383 -17.561291 0.296941 -0.016138 -0.021415 0.046902 0.998540
1778753793.199675 -1.179939 -17.552456 0.310067 -0.015515 0.008706 0.066744 0.997612
1778753793.266339 -1.120113 -17.543306 0.319248 -0.016938 0.002367 0.086871 0.996073
1778753793.307140 -1.063318 -17.530638 0.321969 -0.017587 -0.006737 0.104318 0.994366
1778753793.357704 -1.008904 -17.516075 0.314876 -0.020056 -0.002884 0.117250 0.992896
1778753793.408477 -0.949015 -17.505995 0.317486 -0.012411 -0.001542 0.131386 0.991253
1778753793.460414 -0.898981 -17.491325 0.320245 -0.016307 -0.012464 0.140889 0.989813
1778753793.542272 -0.839581 -17.475183 0.297299 -0.022961 -0.021080 0.151279 0.988000
1778753793.567540 -0.822774 -17.471212 0.308334 -0.023677 -0.000605 0.156352 0.987417
1778753793.616459 -0.759552 -17.452183 0.309294 -0.023934 0.000240 0.157072 0.987297
1778753793.679679 -0.706594 -17.431864 0.311607 -0.023839 -0.012167 0.147176 0.988748
1778753793.725116 -0.641316 -17.414099 0.300306 -0.014841 -0.020379 0.121672 0.992250
1778753793.778870 -0.600718 -17.409431 0.309503 0.007806 -0.000647 0.091832 0.995744
1778753793.831715 -0.543380 -17.400309 0.317380 0.015824 -0.003796 0.049199 0.998657
1778753793.887879 -0.480196 -17.397066 0.320011 -0.002553 -0.007438 0.009509 0.999924
1778753793.941126 -0.424735 -17.400656 0.308515 0.030680 -0.009569 -0.019528 0.999293
1778753793.991331 -0.386278 -17.404345 0.311986 0.018663 -0.009782 -0.051216 0.998465
1778753794.049075 -0.328441 -17.409897 0.315101 0.014553 -0.016145 -0.074327 0.996997
1778753794.098585 -0.296109 -17.412193 0.300547 0.004489 -0.014493 -0.094290 0.995429
1778753794.157893 -0.275244 -17.421633 0.307868 0.037080 -0.006342 -0.101016 0.994173
1778753794.206908 -0.221677 -17.435682 0.313468 0.034540 -0.008627 -0.113861 0.992859
1778753794.265504 -0.165040 -17.454319 0.317690 0.024160 -0.014664 -0.125805 0.991652
1778753794.318475 -0.114353 -17.469784 0.309922 0.028252 0.006536 -0.149709 0.988305
1778753794.376311 -0.058393 -17.490381 0.312232 0.017662 -0.002204 -0.179783 0.983545
1778753794.436372 -0.013907 -17.507591 0.313055 0.008173 -0.012190 -0.206062 0.978429
1778753794.483177 0.042949 -17.538685 0.299769 0.007820 -0.015424 -0.238094 0.971088
1778753794.535006 0.063011 -17.547148 0.306098 0.018645 -0.005488 -0.266088 0.963753
1778753794.589932 0.095934 -17.567974 0.311941 0.020378 -0.004580 -0.294283 0.955490
1778753794.654577 0.136769 -17.589172 0.312167 0.012327 0.002081 -0.321860 0.946705
1778753794.701667 0.167950 -17.616917 0.307486 0.022127 -0.000516 -0.342103 0.939402
1778753794.755244 0.190947 -17.630171 0.307606 0.016349 -0.011255 -0.360909 0.932390
1778753794.807464 0.205782 -17.643137 0.316772 0.014415 -0.004906 -0.376581 0.926259
1778753794.860460 0.221704 -17.661411 0.318931 0.019224 -0.004140 -0.390560 0.920367
1778753794.912378 0.234013 -17.677618 0.317789 0.016429 -0.000104 -0.410178 0.911858
1778753794.965840 0.242605 -17.693230 0.317023 0.012653 -0.002753 -0.430709 0.902398
1778753795.018492 0.249945 -17.703041 0.310641 0.007530 -0.001123 -0.448259 0.893871
1778753795.072286 0.256484 -17.711596 0.307450 0.002187 -0.001154 -0.463516 0.886085
1778753795.125330 0.261330 -17.717527 0.305409 -0.002619 -0.001701 -0.477042 0.878875
1778753795.178845 0.263361 -17.722034 0.306300 0.000976 -0.003005 -0.485979 0.873965
1778753795.236045 0.265892 -17.723644 0.309192 0.004206 -0.004528 -0.494798 0.868986
1778753795.286754 0.268611 -17.724203 0.310284 0.000964 -0.000391 -0.503463 0.864016
1778753795.345749 0.270610 -17.726166 0.310710 -0.001917 0.004007 -0.508741 0.860908
1778753795.388674 0.270767 -17.727648 0.310432 -0.003357 0.005139 -0.509121 0.860673
1778753795.442524 0.271989 -17.728230 0.305976 -0.005622 0.004561 -0.502838 0.864351
1778753795.501245 0.273120 -17.730728 0.302551 -0.005575 -0.000201 -0.491432 0.870898
1778753795.549382 0.274132 -17.732897 0.303954 -0.003793 -0.002719 -0.476790 0.879005
1778753795.602055 0.276093 -17.734457 0.304885 -0.005645 -0.004129 -0.463512 0.886063
1778753795.655414 0.278702 -17.734468 0.305576 -0.006966 -0.005886 -0.453416 0.891252
1778753795.708461 0.281237 -17.733271 0.306858 -0.010032 -0.005985 -0.446354 0.894780
1778753795.765864 0.283188 -17.731777 0.309317 -0.013679 -0.002891 -0.442325 0.896746
1778753795.815645 0.281761 -17.730648 0.309881 -0.014407 -0.000630 -0.435294 0.900173
1778753795.869207 0.283169 -17.729963 0.310167 -0.008581 -0.007214 -0.425933 0.904685
1778753795.919601 0.285879 -17.728172 0.310277 -0.006012 -0.004691 -0.416678 0.909022
1778753795.972579 0.287628 -17.726601 0.309938 -0.006232 -0.003966 -0.410131 0.911997
1778753796.026042 0.289767 -17.725998 0.309841 -0.006450 -0.004808 -0.404901 0.914325
1778753796.082182 0.290717 -17.725071 0.310137 -0.006477 -0.005795 -0.400280 0.916352
1778753796.136158 0.290995 -17.724468 0.310370 -0.006504 -0.006423 -0.397814 0.917421
1778753796.185201 0.291158 -17.723827 0.310557 -0.006934 -0.006775 -0.396343 0.918051
1778753796.258038 0.291291 -17.723101 0.310656 -0.007380 -0.006997 -0.395508 0.918406
1778753796.295271 0.291470 -17.722433 0.310687 -0.007661 -0.007085 -0.394494 0.918839
1778753796.349148 0.291637 -17.721861 0.310721 -0.008175 -0.007016 -0.393523 0.919252
1778753796.403322 0.291618 -17.721424 0.310815 -0.008492 -0.007160 -0.393139 0.919412
1778753796.455804 0.291618 -17.721163 0.310789 -0.008527 -0.007114 -0.392694 0.919602
1778753796.509664 0.291579 -17.720877 0.310837 -0.008735 -0.007165 -0.392478 0.919692
1778753796.562828 0.291529 -17.720669 0.310841 -0.008859 -0.007139 -0.392437 0.919708
1778753796.615493 0.291450 -17.720411 0.310853 -0.009051 -0.007129 -0.392386 0.919729
1778753796.669136 0.291381 -17.720188 0.310869 -0.009182 -0.007098 -0.392222 0.919797
1778753796.722185 0.291278 -17.720001 0.312718 -0.009253 -0.007073 -0.392258 0.919781
1778753796.773196 0.291154 -17.719877 0.312446 -0.009267 -0.007101 -0.392344 0.919744
1778753796.830910 0.291042 -17.719776 0.310785 -0.009257 -0.007108 -0.392349 0.919742
1778753796.886136 0.291038 -17.719629 0.312516 -0.009347 -0.007080 -0.392306 0.919760
1778753796.936492 0.291023 -17.719564 0.312560 -0.009408 -0.007043 -0.392368 0.919733
1778753796.989038 0.291040 -17.719551 0.312557 -0.009433 -0.006969 -0.392425 0.919709
1778753797.046968 0.291065 -17.719534 0.310868 -0.009460 -0.006908 -0.392386 0.919726
1778753797.099793 0.291274 -17.719677 0.312074 -0.009485 -0.006889 -0.392308 0.919759
1778753797.153446 0.293420 -17.721375 0.313969 -0.009614 -0.008324 -0.392444 0.919688
1778753797.204863 0.296931 -17.725491 0.312531 -0.007924 -0.008860 -0.392311 0.919756
1778753797.261587 0.303066 -17.732838 0.310639 -0.005523 -0.010263 -0.392092 0.919852
1778753797.312981 0.311577 -17.742464 0.309121 -0.003224 -0.010751 -0.392351 0.919747
1778753797.366107 0.319672 -17.752710 0.308983 0.000116 -0.008424 -0.387304 0.921914
1778753797.416866 0.324883 -17.762354 0.310007 0.004802 -0.004372 -0.376103 0.926555
1778753797.474043 0.335792 -17.777735 0.312354 0.014318 0.001857 -0.360216 0.932757
1778753797.523064 0.352385 -17.792255 0.313761 0.012327 0.001424 -0.338924 0.940732
1778753797.579139 0.365691 -17.810017 0.309050 0.012535 -0.001738 -0.310442 0.950508
1778753797.629684 0.380140 -17.820681 0.309312 0.015272 0.005307 -0.282047 0.959265
1778753797.682623 0.398522 -17.829319 0.309253 0.007405 0.007812 -0.249210 0.968390
1778753797.736959 0.419932 -17.836748 0.310142 -0.007511 0.005657 -0.212680 0.977077
1778753797.790123 0.449521 -17.846167 0.309977 -0.014110 0.001424 -0.171292 0.985118
1778753797.842812 0.470391 -17.851151 0.311214 -0.026799 -0.001132 -0.137933 0.990078
1778753797.892562 0.492864 -17.854849 0.315795 -0.028296 -0.004081 -0.109447 0.993581
1778753797.957661 0.515657 -17.856251 0.316694 -0.036044 -0.003757 -0.080340 0.996109
1778753798.000819 0.545605 -17.855438 0.314041 -0.043040 -0.009916 -0.054450 0.997539
1778753798.057014 0.578667 -17.859678 0.310853 -0.021695 -0.002231 -0.029067 0.999339
1778753798.114316 0.604464 -17.857367 0.313699 -0.026639 0.000110 -0.014649 0.999538
1778753798.162736 0.630452 -17.860678 0.314485 -0.017205 -0.004396 -0.012145 0.999769
1778753798.216282 0.657132 -17.861673 0.314524 -0.017156 -0.008503 -0.020120 0.999614
1778753798.269842 0.687744 -17.863937 0.313407 -0.017194 -0.013495 -0.033821 0.999189
1778753798.322897 0.718325 -17.867521 0.311106 -0.013967 -0.014606 -0.051082 0.998490
1778753798.381181 0.744533 -17.869690 0.314496 -0.019408 -0.010795 -0.074604 0.996966
1778753798.432441 0.764533 -17.871008 0.317434 -0.019388 -0.001762 -0.101905 0.994604
1778753798.490222 0.786337 -17.877718 0.316649 -0.014159 0.004038 -0.133743 0.990907
1778753798.534972 0.807236 -17.886621 0.313790 -0.003880 0.011727 -0.165272 0.986171
1778753798.589876 0.826381 -17.894966 0.311204 -0.005894 0.013284 -0.201135 0.979456
1778753798.643624 0.841522 -17.902414 0.308156 -0.010787 0.004344 -0.238783 0.971003
1778753798.697394 0.847731 -17.903711 0.314119 -0.000739 0.005247 -0.273407 0.961884
1778753798.753908 0.855475 -17.908674 0.317499 0.004711 0.002539 -0.314709 0.949173
1778753798.801301 0.863101 -17.916437 0.319043 0.010729 0.000240 -0.356632 0.934183
1778753798.868910 0.867201 -17.922071 0.318957 0.007065 0.004241 -0.397579 0.917531
1778753798.913758 0.871880 -17.925943 0.317799 0.004442 0.005612 -0.438074 0.898910
1778753798.963952 0.876532 -17.930815 0.317076 0.001843 0.010020 -0.478826 0.877851
1778753799.021842 0.882979 -17.935835 0.317527 -0.001767 0.017285 -0.518391 0.854967
1778753799.073225 0.886852 -17.936985 0.315888 -0.001324 0.021329 -0.552491 0.833245
1778753799.143551 0.890351 -17.940670 0.311392 -0.000907 0.019446 -0.578441 0.815492
1778753799.180030 0.892898 -17.945496 0.307113 0.002724 0.021339 -0.601657 0.798465
1778753799.243079 0.896418 -17.949860 0.309066 -0.003610 0.022404 -0.617495 0.786247
1778753799.296504 0.897797 -17.951780 0.311432 -0.002355 0.018788 -0.628843 0.777302
1778753799.351791 0.900507 -17.953331 0.312278 -0.003436 0.021001 -0.641792 0.766584
1778753799.408186 0.903041 -17.955875 0.313043 -0.004615 0.025190 -0.651358 0.758338
1778753799.460078 0.905672 -17.956758 0.313122 -0.004330 0.021965 -0.657818 0.752844
1778753799.521260 0.907646 -17.958214 0.313137 -0.002414 0.020917 -0.662384 0.748868
1778753799.567418 0.908761 -17.959223 0.311807 -0.000559 0.018280 -0.664971 0.746645
1778753799.631524 0.909469 -17.960672 0.311388 0.000498 0.017145 -0.665998 0.745756
1778753799.673818 0.909856 -17.961765 0.311312 0.000523 0.017944 -0.665721 0.745985
1778753799.726420 0.910280 -17.962458 0.311450 0.000578 0.018089 -0.665186 0.746458
1778753799.786103 0.910598 -17.962948 0.311705 0.000929 0.017830 -0.664224 0.747321
1778753799.841845 0.910847 -17.963366 0.311791 0.001293 0.017505 -0.662884 0.748516
1778753799.888300 0.910868 -17.963720 0.311786 0.001567 0.017414 -0.661690 0.749574
1778753799.943170 0.910750 -17.964066 0.311783 0.001985 0.017121 -0.660624 0.750519
1778753799.994285 0.910567 -17.963642 0.311775 0.002199 0.016975 -0.659747 0.751293
1778753800.054219 0.910616 -17.963814 0.311400 0.001185 0.017469 -0.659503 0.751498
1778753800.100610 0.909604 -17.961599 0.311177 -0.000322 0.018757 -0.660398 0.750681
1778753800.157837 0.908832 -17.957314 0.310961 -0.000196 0.019908 -0.660164 0.750858
1778753800.209156 0.907504 -17.951332 0.310480 0.001051 0.020505 -0.659563 0.751369
1778753800.260451 0.905215 -17.942593 0.310102 0.002824 0.021006 -0.658536 0.752251
1778753800.320287 0.902796 -17.932293 0.309249 0.004910 0.021765 -0.656976 0.753582
1778753800.367403 0.900256 -17.920837 0.308702 0.006290 0.021600 -0.655392 0.754954
1778753800.424913 0.897666 -17.909201 0.307856 0.006631 0.020542 -0.654312 0.755916
1778753800.474538 0.894823 -17.897812 0.307107 0.007466 0.015343 -0.654216 0.756115
1778753800.525801 0.893937 -17.892147 0.306411 0.011443 0.015662 -0.654019 0.756230
1778753800.581485 0.890562 -17.878000 0.303951 0.012292 0.013677 -0.652943 0.757184
1778753800.634597 0.888429 -17.867546 0.303932 0.010851 0.012764 -0.654111 0.756213
1778753800.706224 0.885847 -17.863840 0.305056 0.010459 0.014444 -0.651787 0.758193
1778753800.748141 0.883006 -17.860096 0.306475 0.017773 0.015726 -0.645298 0.763562
1778753800.794405 0.880749 -17.856478 0.307359 0.017487 0.019136 -0.634041 0.772865
1778753800.911570 0.878080 -17.855402 0.308192 0.014597 0.020629 -0.618690 0.785229
1778753800.914706 0.875425 -17.854792 0.308977 0.009541 0.023122 -0.600336 0.799357
1778753800.972301 0.874277 -17.855701 0.309200 0.003539 0.024877 -0.580174 0.814105
1778753801.007086 0.872151 -17.857698 0.308101 -0.002045 0.025997 -0.563123 0.825962
1778753801.060257 0.869498 -17.860062 0.306777 0.002658 0.021674 -0.548791 0.835674
1778753801.114214 0.867701 -17.862757 0.305937 0.005115 0.018368 -0.536703 0.843556
1778753801.173994 0.867025 -17.865677 0.304683 0.010769 0.014493 -0.526534 0.849962
1778753801.231580 0.865575 -17.866371 0.306821 0.017890 0.011843 -0.519979 0.853909
1778753801.278079 0.866124 -17.864523 0.307924 0.018135 0.010508 -0.514408 0.857290
1778753801.331043 0.864585 -17.864725 0.308308 0.016442 0.009314 -0.507849 0.861239
1778753801.384378 0.860960 -17.864346 0.307622 0.013918 0.008300 -0.501928 0.864758
1778753801.439611 0.858078 -17.863579 0.306512 0.011180 0.009092 -0.499462 0.866216
1778753801.489864 0.857209 -17.863224 0.305615 0.009702 0.009486 -0.498189 0.866962
1778753801.542101 0.857243 -17.862917 0.305508 0.009033 0.009851 -0.497179 0.867545
1778753801.600733 0.857763 -17.862556 0.305661 0.008111 0.009894 -0.496584 0.867895
1778753801.647791 0.858248 -17.862215 0.305884 0.007335 0.010014 -0.495768 0.868366
1778753801.700601 0.858434 -17.861980 0.305995 0.006952 0.010038 -0.495193 0.868697
1778753801.757363 0.858325 -17.861937 0.306032 0.006926 0.009958 -0.495427 0.868565
1778753801.805812 0.858210 -17.861998 0.306037 0.006993 0.009881 -0.495607 0.868463
1778753801.877271 0.858256 -17.862066 0.306032 0.006974 0.010003 -0.495573 0.868481
1778753801.915408 0.858349 -17.862068 0.306031 0.006927 0.010093 -0.495637 0.868444
1778753801.965672 0.858428 -17.862028 0.306032 0.006852 0.010165 -0.495673 0.868423
1778753802.018977 0.858366 -17.862022 0.306032 0.006867 0.010105 -0.495825 0.868337
1778753802.126379 0.858306 -17.862078 0.306034 0.006826 0.010176 -0.495937 0.868272
1778753802.137568 0.858325 -17.862133 0.306037 0.006750 0.010275 -0.496012 0.868229
1778753802.183209 0.858357 -17.862154 0.306043 0.006711 0.010332 -0.496239 0.868098
1778753802.235281 0.858373 -17.862213 0.306047 0.006649 0.010386 -0.496387 0.868014
1778753802.295379 0.858307 -17.862228 0.306052 0.006644 0.010361 -0.496478 0.867962
1778753802.341276 0.858135 -17.862404 0.306100 0.006251 0.010470 -0.495106 0.868747
1778753802.403213 0.858205 -17.862671 0.306370 0.004928 0.010390 -0.488836 0.872300
1778753802.449258 0.858724 -17.863003 0.306825 0.002023 0.010376 -0.478285 0.878141
1778753802.513145 0.860703 -17.863436 0.307446 -0.001022 0.010491 -0.463236 0.886172
1778753802.554415 0.861625 -17.864243 0.308069 -0.001695 0.009705 -0.445558 0.895199
1778753802.607897 0.862489 -17.865208 0.309084 -0.002914 0.009297 -0.422889 0.906129
1778753802.663332 0.863572 -17.867447 0.309668 -0.004265 0.009933 -0.385818 0.922512
1778753802.717318 0.865326 -17.868166 0.309245 -0.006589 0.009737 -0.336402 0.941645
1778753802.770460 0.864781 -17.867529 0.307345 -0.013594 0.006176 -0.280067 0.959864
1778753802.818133 0.857536 -17.872683 0.305393 -0.004452 0.004288 -0.219770 0.975532
1778753802.870761 0.856619 -17.870502 0.307407 -0.003063 0.008883 -0.152705 0.988227
1778753802.931648 0.856618 -17.876579 0.310086 0.000890 0.014021 -0.071494 0.997342
1778753802.985058 0.857615 -17.875357 0.308984 -0.005864 0.007778 0.015535 0.999832
1778753803.037937 0.860119 -17.866692 0.305475 -0.005387 0.004587 0.093152 0.995627
1778753803.086209 0.860291 -17.866272 0.309564 -0.007691 -0.000805 0.168104 0.985739
1778753803.141028 0.861561 -17.863111 0.311921 -0.004085 -0.002831 0.234977 0.971988
1778753803.193624 0.867823 -17.860550 0.313244 0.010473 0.002221 0.326293 0.945208
1778753803.247938 0.868919 -17.857870 0.312328 0.014977 -0.006004 0.401299 0.915805
1778753803.316712 0.866959 -17.856098 0.316624 0.007901 0.004446 0.474322 0.880305
1778753803.360808 0.868177 -17.854519 0.316019 -0.002732 0.014110 0.549195 0.835571
1778753803.414577 0.865867 -17.847700 0.311751 -0.012090 0.018176 0.614598 0.788538
1778753803.474804 0.864032 -17.840466 0.309077 -0.009769 0.014824 0.670539 0.741662
1778753803.544851 0.861961 -17.839439 0.312065 -0.015071 -0.001434 0.732789 0.680288
1778753803.585984 0.861004 -17.834309 0.314121 -0.017216 -0.010554 0.785996 0.617902
1778753803.634314 0.860015 -17.829128 0.314048 -0.019519 -0.013453 0.833370 0.552207
1778753803.694497 0.865969 -17.825838 0.310709 -0.017473 -0.017956 0.876029 0.481606
1778753803.741313 0.861047 -17.828554 0.311085 -0.027884 -0.017179 0.910110 0.413071
1778753803.794841 0.859491 -17.826149 0.310057 -0.036768 -0.015467 0.937308 0.346211
1778753803.847748 0.855720 -17.826487 0.305369 -0.038316 -0.010547 0.957357 0.286161
1778753803.899235 0.849374 -17.827082 0.302316 -0.033589 -0.005792 0.969956 0.240881
1778753803.948226 0.844618 -17.828962 0.302259 -0.026184 -0.006945 0.978478 0.204567
1778753804.001243 0.842225 -17.828388 0.306039 -0.026587 -0.013187 0.985403 0.167629
1778753804.061488 0.840424 -17.827656 0.307856 -0.026232 -0.013495 0.990525 0.134126
1778753804.104893 0.836823 -17.825640 0.309193 -0.026784 -0.010283 0.993847 0.106978
1778753804.161845 0.834011 -17.826002 0.310950 -0.024473 -0.016307 0.996160 0.082466
1778753804.220102 0.831225 -17.825066 0.310422 -0.020725 -0.020552 0.997459 0.064984
1778753804.267642 0.828856 -17.825089 0.310448 -0.020575 -0.018001 0.998400 0.049500
1778753804.329608 0.826943 -17.824686 0.310458 -0.018406 -0.017640 0.998984 0.037178
1778753804.374148 0.820366 -17.825319 0.309038 -0.015812 -0.017947 0.999380 0.025856
1778753804.424330 0.811541 -17.824709 0.308529 -0.014175 -0.018164 0.999598 0.016507
1778753804.480424 0.797562 -17.822298 0.306848 -0.014623 -0.018527 0.999680 0.009135
1778753804.528880 0.780673 -17.819153 0.305858 -0.018120 -0.015301 0.999716 0.002167
1778753804.586075 0.759459 -17.815889 0.305806 -0.027115 -0.007699 0.999582 -0.006492
1778753804.634520 0.729272 -17.814545 0.305040 -0.026878 -0.001352 0.999554 -0.012916
1778753804.686671 0.699299 -17.809731 0.306751 -0.010217 -0.003722 0.999782 -0.017858
1778753804.740763 0.664947 -17.810886 0.310565 -0.012103 0.011764 0.999612 -0.022145
1778753804.792092 0.623382 -17.813505 0.312383 -0.003828 0.010244 0.999614 -0.025530
1778753804.857944 0.575358 -17.815130 0.313423 -0.000441 -0.004531 0.999827 -0.018018
1778753804.899055 0.532504 -17.811489 0.310753 -0.003319 0.007609 0.999954 0.004909
1778753804.955367 0.491341 -17.813271 0.315080 -0.008143 -0.001435 0.999075 0.042205
1778753805.005688 0.445925 -17.808979 0.315242 -0.001297 -0.011068 0.996587 0.081801
1778753805.058151 0.394784 -17.796078 0.300766 0.010200 -0.007648 0.991538 0.129190
1778753805.113077 0.408073 -17.791283 0.307949 -0.008737 0.031586 0.983799 0.176252
1778753805.168056 0.362129 -17.775108 0.321563 -0.008064 0.040435 0.971189 0.234717
1778753805.218381 0.318798 -17.743876 0.328743 -0.005737 0.025126 0.951505 0.306553
1778753805.272328 0.282210 -17.708199 0.320157 -0.001369 0.047391 0.924734 0.377650
1778753805.323465 0.247064 -17.691631 0.320988 -0.002619 0.027614 0.893993 0.447223
1778753805.377945 0.215574 -17.666706 0.312197 -0.001240 0.007651 0.858063 0.513486
1778753805.439603 0.249179 -17.659456 0.307008 0.019398 0.023698 0.816565 0.576441
1778753805.486363 0.227907 -17.635729 0.319401 0.011516 0.072509 0.782645 0.618124
1778753805.538320 0.207652 -17.597042 0.327421 -0.002579 0.057603 0.738959 0.671278
1778753805.592871 0.195924 -17.563585 0.303299 -0.011897 0.054754 0.683670 0.727638
1778753805.643229 0.192546 -17.546892 0.312804 0.010972 0.044202 0.631627 0.773933
1778753805.695020 0.169599 -17.512432 0.307238 0.018263 0.014421 0.578018 0.815692
1778753805.751287 0.177634 -17.487217 0.283915 0.030626 0.020843 0.526766 0.849203
1778753805.801881 0.158061 -17.499537 0.292865 0.012794 0.013238 0.480369 0.876874
1778753805.855822 0.152834 -17.496412 0.308049 0.019954 0.035928 0.455247 0.889416
1778753805.909599 0.154967 -17.476440 0.321045 0.014687 0.040203 0.425185 0.904094
1778753805.962044 0.157954 -17.463339 0.330595 0.003402 0.035961 0.396018 0.917532
1778753806.021761 0.161175 -17.456955 0.306202 0.012482 0.027389 0.370649 0.928285
1778753806.071934 0.157704 -17.458569 0.307601 0.010542 0.012063 0.349105 0.936947
1778753806.123298 0.160063 -17.460146 0.313768 0.016418 -0.010593 0.330263 0.943687
1778753806.177798 0.167871 -17.463760 0.327045 0.026191 -0.034328 0.314810 0.948172
1778753806.229251 0.171913 -17.479452 0.340998 0.044188 -0.055710 0.302552 0.950477
1778753806.289837 0.173184 -17.500212 0.346088 0.071402 -0.076307 0.295098 0.949735
1778753806.332129 0.170589 -17.504795 0.358136 0.093068 -0.096816 0.287678 0.948265
1778753806.386720 0.187035 -17.493732 0.398112 0.110728 -0.114569 0.280984 0.946394
1778753806.439829 0.182621 -17.493555 0.423655 0.112027 -0.125574 0.272222 0.947405
1778753806.497179 0.176038 -17.491558 0.436660 0.099166 -0.134845 0.260941 0.950733
1778753806.549851 0.178936 -17.473829 0.436408 0.069596 -0.139828 0.245609 0.956703
1778753806.603096 0.168124 -17.449656 0.346761 0.026311 -0.136315 0.227109 0.963923
1778753806.655557 0.138494 -17.428062 0.348754 -0.021224 -0.118242 0.206863 0.970966
1778753806.709131 0.111396 -17.410454 0.345185 -0.066875 -0.089713 0.185266 0.976297
1778753806.765764 0.110009 -17.413877 0.376386 -0.103502 -0.060534 0.167622 0.978533
1778753806.819586 0.134802 -17.414680 0.391018 -0.119556 -0.029311 0.152585 0.980594
1778753806.868917 0.156982 -17.394625 0.402384 -0.118613 0.014501 0.136601 0.983392
1778753806.919080 0.171287 -17.396790 0.369127 -0.104747 0.059653 0.117463 0.985734
1778753806.980660 0.193903 -17.409380 0.337459 -0.076483 0.106581 0.088358 0.987413
1778753807.028510 0.210141 -17.431335 0.343339 -0.038019 0.148751 0.053972 0.986669
1778753807.081898 0.210606 -17.431501 0.395193 -0.000082 0.196521 0.016999 0.980352
1778753807.132209 0.201882 -17.399683 0.437904 0.014531 0.244649 -0.011952 0.969429
1778753807.186919 0.237546 -17.387241 0.462399 0.021140 0.280417 -0.034991 0.959007
1778753807.240710 0.236234 -17.382601 0.464933 0.017030 0.306362 -0.053574 0.950254
1778753807.292935 0.212091 -17.369410 0.491518 -0.002762 0.324886 -0.056021 0.944089
1778753807.348800 0.231617 -17.358372 0.506222 -0.025075 0.339105 -0.046628 0.939258
1778753807.401969 0.251785 -17.358543 0.514367 -0.045848 0.349930 -0.030920 0.935142
1778753807.453115 0.260357 -17.378307 0.518767 -0.068213 0.352208 -0.010585 0.933373
1778753807.505015 0.262959 -17.385792 0.521375 -0.093107 0.342040 0.014516 0.934949
1778753807.559062 0.276292 -17.397617 0.518173 -0.108782 0.314165 0.039290 0.942297
1778753807.616370 0.272743 -17.413689 0.238596 -0.119925 0.272570 0.066046 0.952345
1778753807.668206 0.267434 -17.422054 0.216923 -0.128516 0.220938 0.096861 0.961919
1778753807.721695 0.261645 -17.460073 0.299915 -0.118221 0.168243 0.127552 0.970283
1778753807.774186 0.263392 -17.489384 0.356204 -0.082774 0.112748 0.156419 0.977737
1778753807.826143 0.272323 -17.505438 0.344170 -0.048702 0.065286 0.183128 0.979709
1778753807.884324 0.289590 -17.503363 0.359833 -0.027103 0.023110 0.214328 0.976112
1778753807.933085 0.278109 -17.486208 0.378852 -0.026465 -0.011055 0.242092 0.969829
1778753807.985934 0.248377 -17.445858 0.388889 -0.047697 -0.046090 0.266768 0.961476
1778753808.038813 0.204065 -17.428988 0.390325 -0.051853 -0.073728 0.295581 0.951056
1778753808.111336 0.197927 -17.427416 0.376734 -0.056478 -0.090560 0.316383 0.942609
1778753808.154064 0.162509 -17.408371 0.365948 -0.090401 -0.128809 0.345834 0.925005
1778753808.210422 0.146763 -17.393270 0.346751 -0.111164 -0.155793 0.359918 0.913143
1778753808.263036 0.021766 -17.407272 0.328686 -0.164826 -0.213947 0.377921 0.885570
1778753808.316414 0.105472 -17.360126 0.247592 -0.069066 -0.314560 0.417887 0.849502
1778753808.377249 0.176829 -17.284067 0.227399 -0.024847 -0.229200 0.475936 0.848725
1778753808.419162 0.227100 -17.220951 0.225987 -0.046708 -0.099413 0.498938 0.859649
1778753808.472438 0.276800 -17.161600 0.212898 -0.080756 -0.020888 0.500286 0.861833
1778753808.530396 0.291413 -17.128229 0.197104 -0.133923 0.046819 0.501938 0.853189
1778753808.579571 0.359776 -17.073355 0.218724 -0.137437 0.120006 0.494326 0.849912
1778753808.631279 0.375829 -17.082943 0.190591 -0.111343 0.202833 0.471916 0.850739
1778753808.685975 0.398920 -17.012981 0.217034 -0.140994 0.224997 0.448083 0.853650
1778753808.742413 0.416925 -16.967979 0.179701 -0.143710 0.241562 0.435807 0.855025
1778753808.792975 0.355509 -17.025772 0.177826 -0.130130 0.259274 0.421328 0.859259
1778753808.846617 0.389344 -16.982456 0.214453 -0.097462 0.272549 0.414813 0.862641
1778753808.905393 0.404927 -16.954599 0.244353 -0.043328 0.281709 0.384173 0.878165
1778753808.952442 0.422013 -16.951702 0.176566 -0.019604 0.290209 0.356797 0.887745
1778753809.008042 0.436667 -16.927416 0.222566 -0.019843 0.271821 0.341669 0.899434
1778753809.061980 0.455355 -16.912096 0.218203 -0.014690 0.254754 0.338020 0.905885
1778753809.113304 0.467471 -16.908449 0.253500 -0.009746 0.250656 0.336704 0.907583
1778753809.171582 0.481792 -16.894310 0.266114 -0.016994 0.242637 0.340901 0.908089
1778753809.219236 0.491161 -16.891182 0.276028 -0.021269 0.219259 0.351110 0.910052
1778753809.273215 0.494857 -16.890232 0.284581 -0.024279 0.198089 0.359758 0.911453
1778753809.322355 0.495358 -16.890516 0.290163 -0.023653 0.177938 0.367465 0.912550
1778753809.375842 0.493323 -16.891939 0.291918 -0.018720 0.151031 0.376058 0.914013
1778753809.429824 0.489945 -16.894056 0.287815 -0.003848 0.114180 0.384565 0.916001
1778753809.483655 0.483335 -16.893600 0.291573 -0.024971 0.096386 0.384448 0.917761
1778753809.538427 0.477641 -16.895098 0.294684 -0.027184 0.085343 0.384840 0.918627
1778753809.589270 0.474263 -16.895157 0.296289 -0.026192 0.082272 0.385526 0.918648
1778753809.660373 0.471539 -16.895309 0.297435 -0.028267 0.077087 0.384898 0.919300
1778753809.696959 0.470594 -16.894600 0.298557 -0.029237 0.072558 0.386313 0.919044
1778753809.750668 0.469569 -16.893646 0.299185 -0.030758 0.069332 0.388363 0.918380
1778753809.807295 0.467921 -16.892569 0.299673 -0.032866 0.065326 0.390817 0.917559
1778753809.855887 0.466315 -16.891180 0.300057 -0.034347 0.062171 0.392742 0.916902
1778753809.909813 0.464635 -16.889942 0.300522 -0.035578 0.058866 0.393575 0.916716
1778753809.965065 0.463079 -16.889263 0.300710 -0.036583 0.056269 0.393879 0.916709
1778753810.017095 0.461710 -16.889042 0.300955 -0.037131 0.054473 0.393470 0.916971
1778753810.072470 0.460598 -16.888838 0.301060 -0.037950 0.052588 0.393653 0.916969
1778753810.127582 0.459696 -16.888672 0.301163 -0.038433 0.051287 0.393718 0.916995
1778753810.186303 0.459721 -16.887070 0.301166 -0.039667 0.049424 0.393965 0.916938
1778753810.232582 0.460238 -16.885044 0.300354 -0.041756 0.042758 0.392931 0.917624
1778753810.286582 0.462410 -16.881062 0.301304 -0.039592 0.037910 0.390757 0.918860
1778753810.342043 0.465652 -16.872881 0.303613 -0.033689 0.032974 0.390424 0.919428
1778753810.393548 0.472674 -16.860371 0.305827 -0.024424 0.024277 0.391941 0.919345
1778753810.448213 0.486186 -16.841219 0.308528 -0.014506 0.009823 0.393188 0.919291
1778753810.498992 0.500578 -16.818415 0.310209 -0.007615 -0.005171 0.394282 0.918943
1778753810.554624 0.517502 -16.790739 0.311806 0.000474 0.006447 0.394460 0.918890
1778753810.609341 0.540987 -16.768307 0.313020 0.010921 0.004153 0.380780 0.924592
1778753810.658997 0.572002 -16.743771 0.317517 0.023955 -0.003507 0.351735 0.935787
1778753810.714832 0.608083 -16.719629 0.322458 0.016489 -0.013342 0.310805 0.950237
1778753810.768176 0.655970 -16.707886 0.318406 0.035525 -0.001970 0.261710 0.964490
1778753810.822582 0.686992 -16.685373 0.319676 0.021434 0.003379 0.200789 0.979394
1778753810.873430 0.728249 -16.668642 0.317440 0.007066 -0.003668 0.141464 0.989912
1778753810.925893 0.786716 -16.659409 0.302920 0.011757 -0.013195 0.074829 0.997040
1778753810.981466 0.783457 -16.658092 0.309316 0.045424 0.004713 0.020620 0.998744
1778753811.040456 0.832200 -16.660528 0.320224 0.044839 -0.010567 -0.054716 0.997439
1778753811.088808 0.883052 -16.676800 0.317072 0.023989 -0.012964 -0.134428 0.990548
1778753811.145085 0.926489 -16.690817 0.310632 0.049419 -0.018538 -0.208373 0.976624
1778753811.194578 0.961226 -16.696795 0.311602 0.018658 -0.007685 -0.283953 0.958626
1778753811.250996 1.001165 -16.712317 0.290905 0.005008 -0.022330 -0.355030 0.934575
1778753811.304407 1.022517 -16.767735 0.306232 0.044297 -0.033289 -0.411894 0.909546
1778753811.364603 1.062990 -16.798508 0.321346 0.057134 -0.020587 -0.466416 0.882478
1778753811.409898 1.086768 -16.833151 0.331199 0.045824 -0.012808 -0.532091 0.845349
1778753811.464076 1.095890 -16.870029 0.310867 0.058667 -0.011049 -0.593101 0.802912
1778753811.516239 1.110530 -16.891539 0.310520 0.045817 -0.025784 -0.655444 0.753412
1778753811.570219 1.134570 -16.932333 0.308489 0.031759 -0.014268 -0.712721 0.700583
1778753811.627616 1.134370 -16.978436 0.297557 0.017042 -0.016781 -0.762438 0.646619
1778753811.680109 1.119897 -17.007807 0.304483 0.068918 -0.031709 -0.795532 0.601143
1778753811.732919 1.112901 -17.052408 0.318773 0.072612 -0.028786 -0.834860 0.544893
1778753811.784801 1.088977 -17.090820 0.311337 0.063357 -0.003511 -0.869945 0.489050
1778753811.837121 1.061590 -17.115234 0.306739 0.067851 -0.039748 -0.895545 0.437968
1778753811.891515 1.050916 -17.142902 0.303589 0.046643 -0.024890 -0.918490 0.391895
1778753811.942855 1.020661 -17.180752 0.293120 0.032775 -0.018962 -0.935201 0.352089
1778753811.996591 0.980107 -17.212143 0.307566 0.041390 -0.031239 -0.948707 0.311876
1778753812.055618 0.937157 -17.242538 0.314946 0.053003 -0.046827 -0.961529 0.265444
1778753812.103624 0.890185 -17.266560 0.318211 0.047946 -0.025180 -0.976919 0.206632
1778753812.160012 0.838041 -17.270502 0.307211 0.049172 -0.041232 -0.988156 0.139393
1778753812.209564 0.807363 -17.283831 0.303906 0.037790 -0.027998 -0.996117 0.074421
1778753812.272349 0.759935 -17.295185 0.291591 0.034851 -0.035099 -0.998616 0.017858
1778753812.317877 0.712021 -17.296829 0.294852 0.021421 -0.010492 -0.998949 -0.039144
1778753812.379134 0.649099 -17.291195 0.304627 0.034669 -0.058327 -0.993670 -0.089527
1778753812.430757 0.602345 -17.284405 0.310914 0.035513 -0.041714 -0.986428 -0.154789
1778753812.483329 0.565029 -17.261795 0.301785 0.032411 -0.063237 -0.972134 -0.223396
1778753812.536487 0.525367 -17.252480 0.307052 0.001304 -0.063921 -0.950999 -0.302512
1778753812.591031 0.481223 -17.247671 0.292642 0.011502 -0.017322 -0.927374 -0.373558
1778753812.643829 0.474420 -17.191927 0.304897 -0.000687 -0.037813 -0.898677 -0.436978
1778753812.695556 0.423045 -17.150997 0.314043 0.013028 -0.089017 -0.872937 -0.479465
1778753812.746948 0.394001 -17.106428 0.321444 0.013820 -0.079966 -0.840243 -0.536103
1778753812.803007 0.382992 -17.065546 0.301262 0.022594 -0.071568 -0.798184 -0.597721
1778753812.858897 0.379287 -17.036739 0.307575 -0.024137 -0.084261 -0.747618 -0.658320
1778753812.911335 0.349475 -17.000156 0.308372 -0.004968 -0.049310 -0.700900 -0.711536
1778753812.965285 0.384912 -16.995335 0.287029 -0.027785 -0.044993 -0.654145 -0.754519
1778753813.016889 0.397242 -17.000803 0.298046 -0.041661 -0.083567 -0.621117 -0.778135
1778753813.074239 0.406955 -16.945288 0.311862 -0.036218 -0.076689 -0.583301 -0.807817
1778753813.122435 0.420750 -16.905642 0.301604 -0.017070 -0.056555 -0.533702 -0.843607
1778753813.178250 0.440513 -16.867937 0.294279 -0.029388 -0.055339 -0.475623 -0.877415
1778753813.230056 0.456607 -16.854967 0.293806 -0.040235 -0.052724 -0.423149 -0.903630
1778753813.286828 0.482340 -16.794544 0.294718 -0.009547 -0.045450 -0.377093 -0.925010
1778753813.338373 0.513214 -16.757610 0.284677 0.004451 -0.026694 -0.336159 -0.941417
1778753813.389741 0.572620 -16.717548 0.300218 -0.037168 -0.024316 -0.310852 -0.949420
1778753813.453663 0.610664 -16.691418 0.307833 -0.047456 -0.013819 -0.281624 -0.958251
1778753813.497452 0.662954 -16.667747 0.313348 -0.041172 -0.001551 -0.254249 -0.966261
1778753813.553724 0.705044 -16.654175 0.305285 -0.046632 -0.017003 -0.233129 -0.971178
1778753813.604127 0.756895 -16.629940 0.304948 -0.037745 -0.018217 -0.213831 -0.975971
1778753813.656456 0.814680 -16.607145 0.307125 -0.029288 -0.008763 -0.201160 -0.979081
1778753813.713238 0.870121 -16.577461 0.298153 -0.010608 0.000092 -0.188123 -0.982088
1778753813.763824 0.920486 -16.568232 0.303514 -0.023578 -0.002941 -0.182631 -0.982895
1778753813.817689 0.969683 -16.549139 0.312010 -0.019875 0.000514 -0.173051 -0.984712
1778753813.870443 1.033895 -16.530571 0.319184 -0.011944 0.009629 -0.163588 -0.986410
1778753813.926939 1.078348 -16.517019 0.309864 -0.010755 -0.008992 -0.157095 -0.987484
1778753813.981255 1.136267 -16.495283 0.311518 -0.002672 -0.009170 -0.153844 -0.988049
1778753814.038698 1.191731 -16.476555 0.314558 0.001119 -0.000333 -0.165034 -0.986287
1778753814.093539 1.249785 -16.440125 0.310004 0.017765 0.000516 -0.188067 -0.981996
1778753814.139988 1.295882 -16.434250 0.315238 0.006737 -0.000422 -0.216543 -0.976250
1778753814.194463 1.344679 -16.409103 0.318098 0.011416 0.003448 -0.235070 -0.971905
1778753814.253351 1.403066 -16.380421 0.320051 0.014881 0.015713 -0.252047 -0.967473
1778753814.296811 1.437960 -16.361816 0.311447 0.027619 -0.006127 -0.262020 -0.964648
1778753814.350777 1.492683 -16.332512 0.316202 0.025145 -0.013073 -0.271426 -0.962042
1778753814.400978 1.539611 -16.301752 0.318511 0.024310 -0.005789 -0.283791 -0.958561
1778753814.452163 1.598525 -16.265429 0.306539 0.018624 -0.005392 -0.292564 -0.956049
1778753814.504694 1.614020 -16.263178 0.310827 0.019453 -0.006491 -0.301098 -0.953373
1778753814.555666 1.659654 -16.232805 0.316540 0.014044 0.001138 -0.307574 -0.951420
1778753814.610035 1.711397 -16.197657 0.318866 0.014978 0.015525 -0.311693 -0.949938
1778753814.663767 1.754818 -16.165766 0.307591 0.022594 0.009854 -0.315916 -0.948467
1778753814.721882 1.796118 -16.138927 0.311655 0.018299 -0.001273 -0.317238 -0.948169
1778753814.775646 1.836765 -16.107718 0.315298 0.016917 0.006915 -0.322712 -0.946321
1778753814.828697 1.889623 -16.068398 0.300125 0.013183 0.010518 -0.329438 -0.944027
1778753814.912569 1.913183 -16.052895 0.307268 0.014147 0.002254 -0.332316 -0.943059
1778753814.933214 1.952920 -16.022419 0.313764 0.007180 0.003818 -0.336106 -0.941789
1778753814.983923 1.994678 -15.990611 0.317853 0.005990 0.013608 -0.336217 -0.941667
1778753815.040890 2.050085 -15.951217 0.312562 0.002620 0.017004 -0.333418 -0.942622
1778753815.091535 2.049387 -15.946925 0.313884 0.006731 -0.004810 -0.310247 -0.950620
1778753815.142756 2.090492 -15.916533 0.316402 0.013833 0.003441 -0.282426 -0.959183
1778753815.193071 2.136701 -15.883128 0.316622 0.012355 0.024311 -0.249307 -0.968041
1778753815.247883 2.186089 -15.862482 0.298272 -0.009917 0.024534 -0.208401 -0.977685
1778753815.301947 2.234219 -15.843565 0.311958 -0.038939 -0.008350 -0.169663 -0.984697
1778753815.356222 2.293178 -15.826200 0.324595 -0.031455 0.003382 -0.105024 -0.993966
1778753815.416044 2.351768 -15.821992 0.319688 -0.017286 0.001803 -0.032824 -0.999310
1778753815.463734 2.383082 -15.825527 0.318493 -0.050468 0.012267 0.042139 -0.997761
1778753815.520802 2.428703 -15.814345 0.319182 -0.011297 0.005345 0.118839 -0.992835
1778753815.568866 2.469875 -15.822300 0.292278 -0.005444 0.020752 0.193414 -0.980883
1778753815.624533 2.504158 -15.853375 0.306163 -0.062517 0.009413 0.249690 -0.966260
1778753815.683867 2.557563 -15.872282 0.317705 -0.072939 0.004406 0.312947 -0.946956
1778753815.731942 2.598144 -15.906833 0.325351 -0.052633 -0.002815 0.384683 -0.921543
1778753815.788401 2.626648 -15.947644 0.305092 -0.074555 0.015020 0.449315 -0.890130
1778753815.837308 2.658340 -15.964505 0.299249 -0.043829 0.007385 0.516104 -0.855372
1778753815.893004 2.679906 -15.997438 0.282338 -0.038170 0.018478 0.579107 -0.814148
1778753815.949176 2.667052 -16.065609 0.304902 -0.059130 0.027602 0.633195 -0.771237
1778753816.001172 2.685683 -16.119530 0.316458 -0.074331 0.027291 0.676410 -0.732257
1778753816.054492 2.688743 -16.166359 0.321844 -0.060268 0.018092 0.719469 -0.691668
1778753816.106769 2.681397 -16.218609 0.302148 -0.073052 0.027755 0.751806 -0.654738
1778753816.167646 2.673561 -16.251245 0.296758 -0.054017 0.038513 0.783988 -0.617221
1778753816.213679 2.674052 -16.305624 0.295437 -0.027999 0.019865 0.814644 -0.578944
1778753816.268360 2.646762 -16.357801 0.302084 -0.022335 0.022038 0.839026 -0.543186
1778753816.327641 2.630080 -16.372656 0.310322 -0.048908 0.042205 0.850473 -0.522037
1778753816.377499 2.605733 -16.414688 0.317072 -0.046032 0.043212 0.866605 -0.494985
1778753816.429886 2.574003 -16.462505 0.313111 -0.035948 0.036904 0.877861 -0.476136
1778753816.482212 2.554039 -16.487043 0.305446 -0.050076 0.041261 0.877773 -0.474663
1778753816.535545 2.537208 -16.515215 0.310188 -0.038248 0.028256 0.874394 -0.482881
1778753816.598547 2.503488 -16.567150 0.314783 -0.026022 0.029207 0.861845 -0.505661
1778753816.644202 2.500663 -16.606894 0.312039 -0.004364 -0.004208 0.843423 -0.537215
1778753816.703499 2.491521 -16.632999 0.316953 -0.011134 0.003009 0.815406 -0.578774
1778753816.750290 2.495355 -16.657459 0.279206 0.004810 -0.012758 0.788692 -0.614638
1778753816.805046 2.528196 -16.684914 0.299392 0.027597 -0.040985 0.760682 -0.647242
1778753816.862340 2.511160 -16.735401 0.306647 0.001160 -0.054908 0.747223 -0.662300
1778753816.910838 2.499381 -16.790127 0.312498 0.013357 -0.042803 0.737469 -0.673892
1778753816.964133 2.488610 -16.847727 0.295150 0.019391 -0.027471 0.735035 -0.677195
1778753817.020161 2.483551 -16.873907 0.300501 0.026051 -0.023100 0.740909 -0.670703
1778753817.081915 2.475108 -16.917025 0.307714 0.009294 -0.005889 0.740372 -0.672107
1778753817.127555 2.472492 -16.988869 0.313012 0.018327 -0.003431 0.745255 -0.666519
1778753817.177148 2.458041 -17.048611 0.306834 0.004987 0.001825 0.745304 -0.666704
1778753817.230517 2.459670 -17.093082 0.310735 0.003713 0.002270 0.748848 -0.662728
1778753817.286247 2.451958 -17.147306 0.316403 0.006742 0.005644 0.750545 -0.660761
1778753817.350310 2.445808 -17.206694 0.317583 0.011199 0.008786 0.750565 -0.660643
1778753817.390258 2.438459 -17.264668 0.315957 0.001498 0.002029 0.750408 -0.660970
1778753817.443815 2.427065 -17.311533 0.316143 -0.008594 0.001551 0.739251 -0.673374
1778753817.502940 2.424302 -17.365385 0.318766 -0.004565 0.008555 0.722155 -0.691663
1778753817.550485 2.420008 -17.425312 0.318129 0.005099 0.022169 0.703174 -0.710654
1778753817.604812 2.429528 -17.456837 0.307223 0.006262 -0.011986 0.693531 -0.720300
1778753817.663288 2.430003 -17.509424 0.314343 -0.016546 -0.007007 0.693432 -0.720298
1778753817.726380 2.435580 -17.576214 0.317687 0.010069 -0.000546 0.708044 -0.706096
1778753817.779682 2.434456 -17.634823 0.300231 0.017778 0.010503 0.727126 -0.686194
1778753817.835251 2.418502 -17.657558 0.307314 -0.021622 0.020695 0.747208 -0.663916
1778753817.889563 2.414681 -17.729942 0.315678 -0.021561 0.020375 0.779583 -0.625596
1778753817.940353 2.396102 -17.787031 0.321307 -0.010329 0.005151 0.815152 -0.579132
1778753817.997432 2.372082 -17.834610 0.312589 -0.026562 0.040574 0.851181 -0.522627
1778753818.048113 2.365144 -17.872402 0.314623 -0.016754 0.020819 0.888850 -0.457418
1778753818.104123 2.350754 -17.902716 0.299194 0.001939 0.011334 0.918994 -0.394103
1778753818.159066 2.298204 -17.904348 0.301399 -0.014780 0.045101 0.942227 -0.331595
1778753818.207623 2.258879 -17.951839 0.311278 -0.056494 0.058298 0.957641 -0.276287
1778753818.274944 2.219078 -17.981968 0.318821 -0.052397 0.038802 0.976138 -0.207135
1778753818.314805 2.169859 -17.998123 0.309993 -0.059519 0.044547 0.988400 -0.132433
1778753818.375978 2.160587 -18.000839 0.310057 -0.035536 0.038984 0.997355 -0.050006
1778753818.427488 2.103648 -18.036039 0.310243 -0.023053 0.007988 0.999457 0.022165
1778753818.477352 2.041384 -18.001728 0.320857 -0.010119 0.019027 0.995523 0.092031
1778753818.546108 1.990580 -18.001656 0.323270 -0.043361 0.063829 0.986911 0.141605
1778753818.584042 1.935414 -17.988888 0.327510 -0.045237 0.060715 0.977303 0.197854
1778753818.637164 1.897268 -17.977606 0.306122 -0.060615 0.044766 0.967501 0.241380
1778753818.692551 1.861969 -17.957571 0.308999 -0.047040 0.066960 0.962001 0.260497
1778753818.742825 1.816091 -17.942486 0.305646 -0.029596 0.062515 0.961820 0.264800
1778753818.798062 1.763042 -17.934137 0.292849 -0.025564 0.075296 0.964883 0.250357
1778753818.850659 1.730981 -17.923916 0.305177 -0.018503 0.054806 0.974000 0.219041
1778753818.910100 1.684160 -17.908287 0.320628 -0.022170 0.035869 0.983087 0.178219
1778753818.960366 1.663020 -17.906944 0.281136 -0.010487 0.017980 0.991030 0.132006
1778753819.012537 1.624208 -17.917105 0.305999 -0.026437 -0.019457 0.995317 0.090918
1778753819.070714 1.559876 -17.898813 0.310659 -0.051201 -0.015226 0.996959 0.056742
1778753819.117774 1.504341 -17.894497 0.304076 -0.047245 -0.013650 0.998733 0.010647
1778753819.184459 1.451205 -17.905764 0.305694 -0.028177 -0.051077 0.997482 -0.040327
1778753819.229482 1.405525 -17.900253 0.317586 -0.021929 -0.025337 0.994293 -0.101282
1778753819.282341 1.365884 -17.911417 0.306496 -0.012947 -0.042130 0.984709 -0.168539
1778753819.332050 1.351935 -17.918242 0.300627 0.006202 -0.040776 0.970600 -0.237136
1778753819.381928 1.322159 -17.934858 0.312665 -0.021001 -0.063458 0.952922 -0.295756
1778753819.439463 1.274465 -17.959089 0.312219 -0.025606 -0.049390 0.928975 -0.365937
1778753819.490372 1.241050 -17.974033 0.312655 -0.003037 -0.050729 0.897955 -0.437143
1778753819.550098 1.209278 -17.989317 0.321376 0.025227 -0.032233 0.862725 -0.504015
1778753819.597479 1.183231 -18.012444 0.332747 0.026228 -0.036421 0.821242 -0.568812
1778753819.658079 1.177757 -18.018587 0.286335 0.046019 -0.038375 0.774272 -0.630010
1778753819.709132 1.176968 -18.049959 0.302419 0.045240 -0.027754 0.721999 -0.689856
1778753819.757316 1.156618 -18.041700 0.318194 0.024238 -0.048422 0.675978 -0.734929
1778753819.813997 1.145371 -18.066736 0.331534 0.016404 -0.038017 0.624219 -0.780151
1778753819.865411 1.133602 -18.086418 0.318832 0.005828 -0.029376 0.562252 -0.826424
1778753819.919323 1.130266 -18.107872 0.322957 0.039633 -0.025539 0.499629 -0.864955
1778753819.975236 1.111255 -18.127514 0.332083 0.020309 -0.004768 0.436422 -0.899500
1778753820.025895 1.111299 -18.139509 0.334645 0.035075 -0.000969 0.370026 -0.928359
1778753820.093498 1.105157 -18.154852 0.318782 0.033601 0.017062 0.293950 -0.955078
1778753820.130288 1.125306 -18.162966 0.321115 0.043182 -0.001524 0.224253 -0.973573
1778753820.185437 1.153850 -18.165960 0.336643 0.037138 -0.035504 0.158343 -0.986047
1778753820.240364 1.196023 -18.134270 0.326049 0.026420 -0.054166 0.103886 -0.992762
1778753820.297815 1.209775 -18.140079 0.312649 0.037805 -0.043616 0.069226 -0.995930
1778753820.347207 1.217695 -18.146013 0.310770 0.032690 -0.042227 0.058242 -0.996873
1778753820.401299 1.239640 -18.152851 0.310530 0.031195 -0.030630 0.064872 -0.996935
1778753820.456407 1.270224 -18.160564 0.311875 0.014840 -0.003253 0.084996 -0.996266
1778753820.509220 1.291187 -18.166586 0.300576 0.017297 0.013296 0.117516 -0.992831
1778753820.564848 1.323996 -18.178499 0.299819 0.005541 0.011186 0.149740 -0.988647
1778753820.617553 1.366438 -18.205723 0.309530 0.005352 0.024390 0.199275 -0.979626
1778753820.664109 1.402031 -18.231628 0.319835 0.010136 0.020571 0.245844 -0.969038
1778753820.735203 1.432043 -18.253448 0.310839 -0.002757 0.014318 0.292781 -0.956068
1778753820.778636 1.474862 -18.289568 0.310509 -0.008442 0.007989 0.333100 -0.942820
1778753820.832193 1.511046 -18.317717 0.298147 -0.009626 0.007132 0.357103 -0.933988
1778753820.885715 1.551962 -18.352396 0.297112 -0.009626 0.012969 0.383858 -0.923251
1778753820.939508 1.589407 -18.392666 0.307129 -0.032990 0.018225 0.393311 -0.918633
1778753820.998262 1.624555 -18.429937 0.313263 -0.022879 0.023228 0.410907 -0.911094
1778753821.048321 1.646719 -18.482563 0.285096 -0.036283 0.045888 0.417671 -0.906713
1778753821.098661 1.675289 -18.536346 0.252315 -0.050821 0.058542 0.422575 -0.903007
1778753821.151521 1.708947 -18.578169 0.252078 -0.041130 0.048743 0.423972 -0.903427
1778753821.208853 1.758110 -18.637146 0.278985 -0.014108 0.062329 0.403484 -0.912752
1778753821.263660 1.755823 -18.656834 0.257543 -0.044225 0.121958 0.380488 -0.915641
1778753821.309715 1.781329 -18.649502 0.308050 -0.013396 0.144524 0.366737 -0.918933
1778753821.365315 1.806194 -18.678741 0.297825 -0.014226 0.132139 0.355234 -0.925282
1778753821.417818 1.843549 -18.719934 0.297706 -0.037877 0.100063 0.366283 -0.924332
1778753821.472138 1.888651 -18.754683 0.311945 -0.012013 0.074928 0.378212 -0.922603
1778753821.527392 1.933204 -18.795467 0.299025 -0.002030 0.049331 0.387534 -0.920532
1778753821.576600 1.961441 -18.832720 0.303374 -0.017934 0.031968 0.395948 -0.917541
1778753821.631613 2.001110 -18.887699 0.314917 -0.021584 0.012478 0.406865 -0.913148
1778753821.686381 2.018364 -18.933327 0.289564 -0.035118 0.005305 0.412636 -0.910203
1778753821.739696 2.060752 -18.961376 0.295460 0.001233 -0.001903 0.419314 -0.907838
1778753821.791167 2.093333 -19.000263 0.304906 -0.012171 -0.011391 0.405763 -0.913826
1778753821.845622 2.135524 -19.029676 0.309557 0.009668 -0.025875 0.384776 -0.922597
1778753821.908201 2.165642 -19.055706 0.294240 0.006702 -0.012647 0.349241 -0.936924
1778753821.952119 2.192660 -19.082577 0.296217 0.013427 0.004177 0.299856 -0.953881
1778753822.010254 2.223157 -19.106310 0.312478 0.021355 -0.007432 0.247908 -0.968520
1778753822.059224 2.247324 -19.123882 0.316201 0.036516 -0.015080 0.188843 -0.981212
1778753822.115236 2.257113 -19.144882 0.317624 0.047765 -0.002793 0.120540 -0.991555
1778753822.165610 2.269683 -19.160446 0.323804 0.049388 -0.002052 0.058081 -0.997087
1778753822.218812 2.281945 -19.168550 0.317658 0.048700 -0.006247 0.006254 -0.998774
1778753822.271783 2.292494 -19.170517 0.307227 0.056153 -0.013277 -0.036070 -0.997682
1778753822.335657 2.294068 -19.174500 0.304691 0.039132 -0.011917 -0.069648 -0.996733
1778753822.388730 2.286077 -19.178032 0.309757 0.050074 -0.012470 -0.099714 -0.993677
1778753822.437493 2.274125 -19.188108 0.315383 0.046344 -0.020145 -0.129010 -0.990355
1778753822.489463 2.255716 -19.197409 0.318137 0.034293 -0.034078 -0.152260 -0.987158
1778753822.544370 2.227911 -19.210644 0.316567 0.020559 -0.044136 -0.170798 -0.984102
1778753822.595426 2.199187 -19.217777 0.304516 0.024344 -0.014473 -0.185917 -0.982157
1778753822.649595 2.173957 -19.240097 0.305205 0.007846 -0.025551 -0.201507 -0.979123
1778753822.701384 2.138095 -19.256729 0.306442 0.011336 -0.024757 -0.201197 -0.979172
1778753822.756109 2.093991 -19.270172 0.305734 0.005655 -0.012896 -0.187410 -0.982181
1778753822.818228 2.057482 -19.280710 0.306035 0.020743 -0.015574 -0.156859 -0.987280
1778753822.863132 2.022798 -19.293484 0.316287 0.021296 -0.022177 -0.120674 -0.992216
1778753822.918884 1.975096 -19.302431 0.319865 0.028487 -0.034569 -0.071867 -0.996408
1778753822.971483 1.929674 -19.307697 0.313105 0.032646 -0.030913 -0.023676 -0.998708
1778753823.024826 1.885127 -19.314817 0.317577 0.021958 -0.019080 0.014131 -0.999477
1778753823.080733 1.843964 -19.306829 0.320436 0.022074 -0.014101 0.048691 -0.998470
1778753823.127938 1.848226 -19.282618 0.313025 0.065683 -0.038632 0.073605 -0.994372
1778753823.185695 1.804047 -19.276016 0.325113 0.068266 -0.038367 0.086607 -0.993160
1778753823.239351 1.756271 -19.269007 0.341364 0.045448 -0.044823 0.093581 -0.993563
1778753823.296489 1.710049 -19.291393 0.312463 0.010178 -0.050044 0.095348 -0.994133
1778753823.345768 1.671388 -19.295328 0.308138 0.047680 -0.027133 0.089328 -0.994490
1778753823.397208 1.650912 -19.235847 0.303682 0.095132 -0.010839 0.080285 -0.992163
1778753823.454947 1.637690 -19.222546 0.261543 0.084510 0.024009 0.064138 -0.994067
1778753823.510396 1.653412 -19.218824 0.202410 0.077801 0.014345 0.066928 -0.994617
1778753823.561078 1.676595 -19.223587 0.197540 0.082292 -0.042040 0.059704 -0.993930
1778753823.615736 1.704331 -19.246862 0.202652 0.031915 -0.105014 0.052784 -0.992556
1778753823.665444 1.739232 -19.257835 0.211745 0.016465 -0.160136 0.049646 -0.985708
1778753823.722362 1.735328 -19.255129 0.251731 0.022679 -0.176866 0.034446 -0.983371
1778753823.775100 1.735608 -19.257578 0.305647 0.008948 -0.191509 0.009533 -0.981404
1778753823.828166 1.734278 -19.257454 0.333830 -0.000325 -0.205091 -0.019636 -0.978546
1778753823.881923 1.727050 -19.259224 0.353128 -0.008398 -0.210515 -0.053173 -0.976107
1778753823.935210 1.719312 -19.262432 0.355300 -0.010865 -0.207312 -0.085850 -0.974440
1778753823.996210 1.708109 -19.273146 0.371351 -0.014200 -0.198257 -0.115227 -0.973250
1778753824.041784 1.696325 -19.293203 0.377480 -0.029427 -0.182980 -0.144515 -0.971992
1778753824.095912 1.678151 -19.311575 0.331164 -0.017938 -0.188830 -0.166717 -0.967588
1778753824.156412 1.654976 -19.338181 0.354765 -0.009053 -0.206476 -0.185436 -0.960676
1778753824.202766 1.620628 -19.376286 0.293840 -0.031729 -0.219351 -0.197100 -0.955003
1778753824.260563 1.580033 -19.419413 0.307617 -0.036139 -0.184366 -0.208027 -0.959910
1778753824.308115 1.562939 -19.444975 0.262768 -0.044639 -0.169702 -0.202244 -0.963486
1778753824.363153 1.573684 -19.409365 0.242432 -0.019598 -0.156252 -0.193469 -0.968386
1778753824.416690 1.579723 -19.398571 0.258116 -0.009081 -0.127837 -0.198836 -0.971617
1778753824.471577 1.550565 -19.426582 0.259752 0.011790 -0.132168 -0.194149 -0.971956
1778753824.525802 1.525767 -19.456652 0.282351 0.023388 -0.149897 -0.167824 -0.974073
1778753824.575595 1.501347 -19.473461 0.287375 0.038235 -0.152405 -0.134561 -0.978368
1778753824.648122 1.472355 -19.479660 0.326414 0.047692 -0.179570 -0.084430 -0.978954
1778753824.685370 1.430721 -19.490074 0.372530 0.042851 -0.192465 -0.019563 -0.980173
1778753824.739022 1.397153 -19.487907 0.406374 0.077227 -0.173740 0.026968 -0.981388
1778753824.792064 1.463238 -19.390633 0.282090 0.115877 -0.167300 0.067995 -0.976709
1778753824.846563 1.419658 -19.395372 0.273978 0.090479 -0.148316 0.112056 -0.978396
1778753824.906330 1.368089 -19.444836 0.229538 -0.002442 -0.177744 0.163090 -0.970465
1778753824.952338 1.340166 -19.451111 0.229356 -0.006098 -0.193788 0.190771 -0.962297
1778753825.009582 1.310522 -19.441261 0.245500 -0.019006 -0.189624 0.212640 -0.958366
1778753825.058473 1.281382 -19.396358 0.256899 -0.006987 -0.181308 0.221102 -0.958224
1778753825.113575 1.231251 -19.340923 0.234729 0.038003 -0.187111 0.213521 -0.958099
1778753825.169304 1.236724 -19.345861 0.223358 0.017254 -0.167701 0.215584 -0.961822
1778753825.220512 1.244841 -19.379120 0.216874 -0.026609 -0.160191 0.213526 -0.963347
1778753825.271797 1.240059 -19.389387 0.225316 -0.052960 -0.174273 0.213009 -0.959923
1778753825.327552 1.204625 -19.349453 0.335432 -0.060556 -0.193137 0.212401 -0.955990
1778753825.385443 1.169282 -19.310314 0.380511 -0.035435 -0.218388 0.189886 -0.956553
1778753825.436370 1.154314 -19.292732 0.352134 0.009261 -0.191288 0.167903 -0.967022
1778753825.488948 1.117910 -19.280647 0.313254 0.028953 -0.135902 0.165870 -0.976309
1778753825.554018 1.106524 -19.257917 0.305266 -0.001602 -0.137672 0.176452 -0.974633
1778753825.596550 1.087153 -19.241077 0.284719 -0.004830 -0.148242 0.172815 -0.973723
1778753825.648854 1.090057 -19.256847 0.251490 -0.023375 -0.157092 0.163022 -0.973755
1778753825.704904 1.099112 -19.262009 0.254985 -0.037454 -0.207743 0.137815 -0.967702
1778753825.758368 1.066556 -19.257048 0.314358 -0.047399 -0.233395 0.106670 -0.965351
1778753825.813674 1.032255 -19.253613 0.374069 -0.062476 -0.232991 0.074403 -0.967614
1778753825.858430 0.993598 -19.249825 0.303042 -0.063062 -0.227418 0.040036 -0.970928
1778753825.909072 0.944612 -19.250099 0.344788 -0.028639 -0.204759 -0.001633 -0.978392
1778753825.959523 0.919782 -19.252020 0.256216 -0.030270 -0.199803 -0.033991 -0.978779
1778753826.012042 0.860190 -19.265406 0.344325 -0.037016 -0.222893 -0.052824 -0.972707
1778753826.074117 0.823858 -19.277008 0.325011 -0.026566 -0.201803 -0.084261 -0.975433
1778753826.118880 0.790305 -19.266518 0.292210 0.000604 -0.184822 -0.101729 -0.977493
1778753826.174214 0.757796 -19.275974 0.320364 -0.009588 -0.189657 -0.113702 -0.975198
1778753826.226123 0.708894 -19.284235 0.367804 -0.004295 -0.195802 -0.124116 -0.972748
1778753826.280935 0.657320 -19.296038 0.301479 0.001551 -0.187796 -0.137492 -0.972536
1778753826.340060 0.615808 -19.293550 0.278062 0.046166 -0.149797 -0.149921 -0.976193
1778753826.389455 0.590843 -19.298458 0.256018 0.070612 -0.106248 -0.160346 -0.978782
1778753826.455883 0.551317 -19.301804 0.286568 0.080971 -0.105525 -0.156640 -0.978658
1778753826.494008 0.528013 -19.310413 0.263642 0.084997 -0.089090 -0.141387 -0.982267
1778753826.559052 0.484529 -19.333204 0.281574 0.052117 -0.026343 -0.123353 -0.990643
1778753826.602982 0.453358 -19.328810 0.279651 0.069281 0.003813 -0.090644 -0.993463
1778753826.655645 0.408182 -19.348091 0.293947 0.053406 0.004080 -0.054401 -0.997082
1778753826.709662 0.365906 -19.358217 0.293630 0.037858 0.009008 -0.019308 -0.999056
1778753826.765712 0.334629 -19.366976 0.292016 0.022751 -0.010955 0.015766 -0.999557
1778753826.818932 0.307608 -19.369516 0.303352 0.019646 -0.009048 0.039969 -0.998967
1778753826.873473 0.273695 -19.374310 0.311855 0.007823 -0.000029 0.088007 -0.996089
1778753826.925345 0.248751 -19.374708 0.312757 0.009943 0.001203 0.130741 -0.991366
1778753826.982268 0.242692 -19.371670 0.316964 0.023785 -0.020054 0.172191 -0.984572
1778753827.031362 0.231998 -19.377575 0.321400 0.012711 -0.025127 0.215895 -0.976011
1778753827.096204 0.228549 -19.378284 0.323644 0.012523 -0.034958 0.262149 -0.964313
1778753827.141063 0.222687 -19.378208 0.321038 0.012230 -0.036291 0.305330 -0.951476
1778753827.192746 0.219306 -19.380024 0.315409 0.017438 -0.035936 0.352227 -0.935062
1778753827.245784 0.215900 -19.382566 0.314214 0.024163 -0.033609 0.393764 -0.918279
1778753827.299595 0.212344 -19.381536 0.319073 0.022143 -0.031462 0.431824 -0.901137
1778753827.375480 0.208509 -19.376719 0.320966 0.016507 -0.025019 0.476472 -0.878679
1778753827.409530 0.208493 -19.377417 0.322717 0.016557 -0.023432 0.521077 -0.853027
1778753827.462108 0.204015 -19.375454 0.322666 0.010639 -0.013705 0.560912 -0.827694
1778753827.517874 0.203210 -19.374512 0.321630 0.015808 -0.014622 0.605781 -0.795340
1778753827.573253 0.203668 -19.374226 0.319662 0.016440 -0.015962 0.649821 -0.759742
1778753827.628734 0.204157 -19.375397 0.320885 0.012249 -0.019770 0.696512 -0.717169
1778753827.676386 0.206329 -19.379501 0.320875 0.000811 -0.025417 0.747484 -0.663792
1778753827.728068 0.210674 -19.376320 0.314272 -0.008737 -0.023224 0.795980 -0.604815
1778753827.783614 0.212483 -19.372898 0.305218 0.011369 -0.016636 0.836580 -0.547473
1778753827.838110 0.214527 -19.375950 0.314996 0.003767 -0.000271 0.867480 -0.497458
1778753827.892925 0.214099 -19.384836 0.318907 0.011780 -0.009340 0.892662 -0.450475
1778753827.942300 0.209319 -19.386993 0.317620 0.013629 -0.006496 0.917435 -0.397598
1778753827.997238 0.206448 -19.394466 0.317644 0.023043 -0.018607 0.942002 -0.334299
1778753828.050647 0.200747 -19.401054 0.322440 0.012077 -0.018709 0.961107 -0.275275
1778753828.098108 0.194160 -19.407312 0.325797 0.002271 -0.016128 0.978307 -0.206519
1778753828.164448 0.184972 -19.414181 0.324519 -0.005415 -0.021180 0.991359 -0.129346
1778753828.209398 0.169712 -19.411850 0.311955 -0.005473 -0.014491 0.998225 -0.057501
1778753828.260391 0.162795 -19.419027 0.310416 -0.005044 -0.002825 0.999950 -0.008218
1778753828.311940 0.147942 -19.417265 0.317701 0.001413 0.006006 0.999207 0.039337
1778753828.366132 0.130701 -19.413311 0.319590 0.009697 0.016607 0.996223 0.084681
1778753828.422595 0.108158 -19.407684 0.318737 0.015802 0.021639 0.992579 0.118613
1778753828.474051 0.081747 -19.398527 0.320578 0.002979 0.008469 0.989943 0.141186
1778753828.526376 0.052810 -19.389174 0.317123 -0.004973 0.007314 0.989295 0.145660
1778753828.575537 0.018670 -19.375860 0.317974 -0.004015 0.007221 0.990197 0.139435
1778753828.628748 -0.024644 -19.366011 0.319659 -0.002663 0.012635 0.992662 0.120230
1778753828.688305 -0.068443 -19.365482 0.314486 0.000292 -0.013817 0.996054 0.087667
1778753828.735942 -0.105880 -19.353466 0.319436 -0.002488 0.002245 0.998922 0.046289
1778753828.787565 -0.150743 -19.354876 0.320518 -0.006017 -0.009050 0.999865 0.012286
1778753828.842668 -0.208401 -19.357065 0.317558 -0.003442 -0.019735 0.999592 -0.020381
1778753828.894932 -0.247500 -19.360847 0.309157 -0.013933 -0.021780 0.998869 -0.039895
1778753828.950639 -0.295501 -19.363972 0.313129 -0.014956 -0.021805 0.998082 -0.055980
1778753828.997880 -0.347331 -19.370619 0.315105 -0.004852 -0.020147 0.997019 -0.074329
1778753829.062336 -0.421441 -19.385460 0.307783 -0.008750 -0.015036 0.995854 -0.089282
1778753829.108726 -0.395205 -19.353519 0.303978 -0.071891 0.020819 0.992169 -0.099997
1778753829.162429 -0.427243 -19.358509 0.314397 -0.117278 0.014235 0.986539 -0.113069
1778753829.213329 -0.464376 -19.378120 0.293115 -0.116413 0.005669 0.985285 -0.125017
1778753829.266345 -0.489223 -19.396521 0.299418 -0.132259 0.011636 0.981489 -0.138030
1778753829.321923 -0.389003 -19.391251 0.281799 -0.174291 -0.024670 0.972889 -0.150001
1778753829.373106 -0.322717 -19.342602 0.299432 -0.200653 0.009655 0.968863 -0.144742
1778753829.426184 -0.315468 -19.320259 0.273026 -0.245289 -0.020176 0.957469 -0.150599
1778753829.482325 -0.358515 -19.335529 0.340132 -0.243651 -0.052493 0.955772 -0.156135
1778753829.534681 -0.330182 -19.349861 0.310115 -0.233840 -0.081879 0.956049 -0.156797
1778753829.587479 -0.318708 -19.354168 0.319815 -0.218527 -0.053542 0.962396 -0.152230
1778753829.639383 -0.365211 -19.371452 0.308053 -0.182287 -0.087828 0.968900 -0.142445
1778753829.699966 -0.418993 -19.367672 0.271500 -0.171946 -0.079833 0.976488 -0.102625
1778753829.749664 -0.420348 -19.361580 0.241104 -0.173101 -0.069177 0.980241 -0.066161
1778753829.809732 -0.418347 -19.369705 0.246024 -0.143850 -0.046291 0.988188 -0.025459
1778753829.856774 -0.370310 -19.396873 0.265899 -0.115806 -0.039624 0.992433 0.009763
1778753829.909558 -0.386102 -19.429665 0.279746 -0.133356 0.010580 0.990185 0.040475
1778753829.962460 -0.429345 -19.392334 0.314290 -0.202136 0.049889 0.976668 0.052641
1778753830.031729 -0.479138 -19.391666 0.347061 -0.170851 0.088155 0.978368 0.076387
1778753830.065735 -0.516405 -19.395601 0.300690 -0.163143 0.044812 0.980624 0.098756
1778753830.120471 -0.559119 -19.397875 0.287879 -0.162732 0.037798 0.977817 0.126344
1778753830.177098 -0.591517 -19.404917 0.277228 -0.159312 -0.011748 0.974958 0.154719
1778753830.229724 -0.628288 -19.391779 0.284785 -0.122910 -0.031489 0.974672 0.184165
1778753830.279087 -0.662729 -19.377949 0.294663 -0.072704 -0.030693 0.970003 0.229928
1778753830.338473 -0.701276 -19.365341 0.301594 -0.049467 -0.061328 0.955417 0.284553
1778753830.384486 -0.711395 -19.351040 0.283610 -0.029870 -0.062681 0.937233 0.341720
1778753830.441189 -0.735050 -19.290695 0.302529 -0.012849 0.018706 0.917951 0.396043
1778753830.496207 -0.762658 -19.234894 0.302275 -0.028331 0.123495 0.886077 0.445885
1778753830.546319 -0.710770 -19.208193 0.312998 -0.052070 0.185029 0.850534 0.489536
1778753830.599800 -0.751518 -19.155855 0.276199 -0.128296 0.197087 0.812588 0.533290
1778753830.654048 -0.808635 -19.161221 0.311696 -0.134134 0.232623 0.760172 0.591636
1778753830.706751 -0.832376 -19.121599 0.328801 -0.142768 0.205907 0.711378 0.656629
1778753830.760640 -0.879553 -19.096773 0.310077 -0.128639 0.133697 0.658253 0.729575
1778753830.812949 -0.898488 -19.026276 0.285917 -0.106517 0.141096 0.607588 0.774328
1778753830.874601 -0.910013 -18.969639 0.282251 -0.125313 0.141963 0.560052 0.806527
1778753830.922653 -0.917478 -18.937559 0.292478 -0.102847 0.097066 0.514061 0.846016
1778753830.972895 -0.936207 -18.917004 0.260453 -0.082772 0.013083 0.463409 0.882173
1778753831.027597 -0.917322 -18.965622 0.286190 -0.003497 -0.041546 0.406241 0.912814
1778753831.079241 -0.902623 -18.923952 0.312818 0.064993 0.005069 0.384717 0.920730
1778753831.140453 -0.897464 -18.899843 0.320218 0.093085 0.026610 0.359699 0.928032
1778753831.185897 -0.874533 -18.875912 0.333044 0.112946 0.030446 0.333285 0.935541
1778753831.239801 -0.844396 -18.853800 0.333776 0.104241 0.031670 0.310296 0.944377
1778753831.295386 -0.818497 -18.820562 0.326344 0.053330 0.053205 0.289895 0.954089
1778753831.342432 -0.778313 -18.803947 0.326073 0.036967 0.044782 0.268998 0.961389
1778753831.394946 -0.736884 -18.777569 0.322138 0.019409 0.029160 0.249475 0.967748
1778753831.449457 -0.684686 -18.747133 0.309936 0.011641 0.017911 0.233150 0.972206
1778753831.503269 -0.671328 -18.745283 0.307814 0.029561 0.052333 0.227184 0.971995
1778753831.559785 -0.622684 -18.723354 0.310750 0.031650 0.046623 0.214170 0.975170
1778753831.610637 -0.565975 -18.701471 0.311737 0.020389 0.022899 0.202334 0.978837
1778753831.664420 -0.513448 -18.680254 0.302401 0.018475 0.023111 0.204649 0.978388
1778753831.716107 -0.511316 -18.689161 0.302356 0.002372 0.026993 0.214588 0.976329
1778753831.769900 -0.455174 -18.664572 0.307625 0.001757 0.015389 0.240572 0.970508
1778753831.825829 -0.410709 -18.623219 0.303441 -0.010375 0.007704 0.268919 0.963076
1778753831.876346 -0.360171 -18.602922 0.311160 -0.005971 0.002326 0.295085 0.955450
1778753831.929845 -0.315318 -18.574203 0.318595 -0.010082 -0.003339 0.315837 0.948754
1778753831.984203 -0.262820 -18.538261 0.322832 -0.009069 -0.018775 0.335034 0.941975
1778753832.041905 -0.241448 -18.516891 0.311289 -0.033220 0.003307 0.345038 0.937995
1778753832.090222 -0.199878 -18.485794 0.314127 -0.026164 0.011465 0.350206 0.936237
1778753832.145701 -0.155185 -18.440325 0.316786 -0.026265 -0.001321 0.361686 0.931929
1778753832.200093 -0.101988 -18.390682 0.300366 -0.020763 -0.004225 0.372009 0.927987
1778753832.254714 -0.094980 -18.397469 0.307706 -0.022496 0.002631 0.381847 0.923948
1778753832.302711 -0.053972 -18.357611 0.315391 -0.014098 -0.002335 0.384240 0.923123
1778753832.356219 -0.013369 -18.316761 0.320051 -0.022290 -0.015486 0.370902 0.928275
1778753832.412719 0.027236 -18.287964 0.316531 -0.006150 -0.002755 0.347678 0.937590
1778753832.461878 0.054940 -18.256849 0.319785 -0.013764 -0.008658 0.306965 0.951582
1778753832.517592 0.089536 -18.223070 0.318916 -0.021380 -0.025353 0.266576 0.963243
1778753832.572102 0.130885 -18.200012 0.294402 -0.001958 -0.037299 0.220359 0.974704
1778753832.623623 0.163267 -18.191658 0.311219 0.033215 0.008988 0.181705 0.982751
1778753832.683281 0.210320 -18.169739 0.329757 0.024520 0.002434 0.121513 0.992284
1778753832.732706 0.266046 -18.162754 0.341223 0.018629 0.004812 0.049336 0.998597
1778753832.783761 0.302108 -18.157803 0.324921 0.050013 -0.003069 -0.028323 0.998342
1778753832.835019 0.336909 -18.145613 0.322366 0.009629 0.004932 -0.100665 0.994862
1778753832.891935 0.365885 -18.153791 0.296521 0.000668 -0.008227 -0.175119 0.984513
1778753832.943024 0.418073 -18.195436 0.315198 0.057681 0.007161 -0.233524 0.970612
1778753833.000447 0.470556 -18.205477 0.322992 0.058971 0.023893 -0.291421 0.954476
1778753833.049573 0.505800 -18.213371 0.313360 0.033905 0.037743 -0.362057 0.930774
1778753833.105798 0.529525 -18.239277 0.315878 0.062477 0.019941 -0.429167 0.900841
1778753833.158138 0.547224 -18.250517 0.307388 0.057184 -0.003632 -0.486933 0.871558
1778753833.214060 0.570406 -18.265850 0.281262 0.049960 0.004095 -0.533368 0.844397
1778753833.259438 0.586174 -18.288824 0.286480 0.043991 0.001388 -0.579846 0.813537
1778753833.317077 0.600213 -18.315088 0.296301 0.072079 -0.017317 -0.603940 0.793575
1778753833.369068 0.615961 -18.332510 0.305984 0.072715 -0.001392 -0.617943 0.782852
1778753833.419752 0.628699 -18.352468 0.308634 0.074223 0.004016 -0.626386 0.775961
1778753833.473483 0.633866 -18.369787 0.310323 0.076320 -0.001846 -0.629034 0.773620
1778753833.527928 0.639194 -18.384363 0.314783 0.068989 0.000888 -0.626440 0.776410
1778753833.585873 0.643862 -18.395527 0.317091 0.060941 0.007228 -0.615610 0.785658
1778753833.639762 0.646965 -18.402979 0.315420 0.050190 0.012142 -0.600254 0.798141
1778753833.693034 0.649474 -18.408924 0.313368 0.039622 0.013048 -0.580490 0.813199
1778753833.754524 0.651287 -18.413759 0.310318 0.032548 0.011880 -0.557849 0.829219
1778753833.803038 0.650883 -18.418673 0.307245 0.034206 0.002043 -0.529542 0.847591
1778753833.862153 0.652976 -18.412975 0.311648 0.019611 0.009000 -0.504512 0.863135
1778753833.908422 0.654889 -18.413059 0.315896 0.002768 0.013447 -0.479373 0.877504
1778753833.959488 0.656345 -18.417000 0.312108 -0.014389 0.014054 -0.457087 0.889195
1778753834.017911 0.659265 -18.421486 0.310461 0.002060 0.007011 -0.438044 0.898924
1778753834.070029 0.660980 -18.422245 0.311165 0.001322 0.002304 -0.425100 0.905143
1778753834.127539 0.659514 -18.422770 0.314524 0.001613 0.003826 -0.415373 0.909642
1778753834.173598 0.656837 -18.424000 0.312700 0.004520 0.005777 -0.402280 0.915487
1778753834.231504 0.655722 -18.422512 0.310509 0.003139 0.009854 -0.389650 0.920905
1778753834.283374 0.648562 -18.417238 0.306085 0.007689 0.007663 -0.379172 0.925263
1778753834.334173 0.643089 -18.411327 0.307301 0.006356 0.007875 -0.374224 0.927283
1778753834.386688 0.638559 -18.408377 0.307898 0.004591 0.010457 -0.368955 0.929377
1778753834.445782 0.632233 -18.404005 0.309015 0.006068 0.011444 -0.364060 0.931286
1778753834.494358 0.626456 -18.399910 0.309404 0.005384 0.012185 -0.360078 0.932827
1778753834.546009 0.622449 -18.396652 0.309126 0.003500 0.012026 -0.357612 0.933787
1778753834.599986 0.620113 -18.393070 0.308491 -0.004325 0.011937 -0.356648 0.934153
1778753834.662271 0.619300 -18.390671 0.308205 -0.006659 0.010568 -0.356329 0.934277
1778753834.708569 0.619988 -18.389597 0.308680 -0.008454 0.009981 -0.354807 0.934848
1778753834.760102 0.621188 -18.390137 0.308940 -0.009074 0.009538 -0.353725 0.935257
1778753834.814534 0.622437 -18.392061 0.307851 -0.008507 0.009057 -0.353391 0.935393
1778753834.867284 0.622305 -18.393080 0.308048 -0.007829 0.009431 -0.353361 0.935407
1778753834.927747 0.622710 -18.393711 0.308616 -0.006811 0.009465 -0.352732 0.935652
1778753834.977709 0.622889 -18.393412 0.308672 -0.006580 0.009544 -0.352685 0.935670
1778753835.027321 0.623118 -18.392517 0.308698 -0.007015 0.009560 -0.353058 0.935526
1778753835.081780 0.623091 -18.391386 0.308709 -0.007223 0.009401 -0.353174 0.935483
1778753835.138853 0.622882 -18.390654 0.308750 -0.007645 0.009143 -0.353150 0.935491
1778753835.193467 0.622801 -18.390493 0.308753 -0.007648 0.008976 -0.352996 0.935550
1778753835.243194 0.622997 -18.390778 0.308760 -0.007493 0.008986 -0.353113 0.935507
1778753835.303061 0.623251 -18.391068 0.308770 -0.007387 0.009001 -0.353271 0.935449
1778753835.359396 0.623493 -18.391155 0.308781 -0.007468 0.009073 -0.353182 0.935481
1778753835.415297 0.623688 -18.391108 0.308788 -0.007592 0.009197 -0.353229 0.935461
1778753835.467553 0.623806 -18.391056 0.308790 -0.007639 0.009233 -0.353385 0.935401
1778753835.516498 0.623826 -18.391083 0.308796 -0.007485 0.009189 -0.353639 0.935307
1778753835.574423 0.623898 -18.391169 0.308799 -0.007409 0.009198 -0.353659 0.935300
1778753835.623183 0.623996 -18.391211 0.308803 -0.007435 0.009189 -0.353669 0.935296
1778753835.693874 0.624183 -18.391214 0.308808 -0.007522 0.009180 -0.353806 0.935244
1778753835.730048 0.624363 -18.391237 0.308805 -0.007496 0.009200 -0.354048 0.935152
1778753835.784010 0.624499 -18.391352 0.308803 -0.007432 0.009240 -0.354127 0.935122
1778753835.836467 0.624539 -18.391342 0.308804 -0.007440 0.009260 -0.354041 0.935154
1778753835.891568 0.624622 -18.391315 0.308807 -0.007493 0.009319 -0.354096 0.935133
1778753835.943009 0.624717 -18.391289 0.308807 -0.007571 0.009376 -0.354161 0.935107
1778753835.993098 0.624767 -18.391314 0.308807 -0.007591 0.009350 -0.354110 0.935126
1778753836.049190 0.624798 -18.391357 0.308809 -0.007538 0.009331 -0.354147 0.935113
1778753836.098920 0.624881 -18.391363 0.308810 -0.007591 0.009401 -0.354146 0.935112
1778753836.150881 0.624966 -18.391380 0.308811 -0.007621 0.009447 -0.354093 0.935131
1778753836.205752 0.625052 -18.391422 0.308812 -0.007634 0.009494 -0.354095 0.935130
1778753836.254033 0.625126 -18.391464 0.308814 -0.007655 0.009487 -0.354086 0.935133
1778753836.310829 0.625028 -18.391462 0.308752 -0.007994 0.009625 -0.354016 0.935156
1778753836.361117 0.623632 -18.390699 0.307657 -0.008767 0.010488 -0.353520 0.935327
1778753836.414890 0.620987 -18.389156 0.307056 -0.008237 0.011520 -0.351960 0.935908
1778753836.469173 0.616140 -18.386034 0.306594 -0.007662 0.012911 -0.350378 0.936488
1778753836.519553 0.609238 -18.381382 0.305963 -0.006926 0.014711 -0.348550 0.937149
1778753836.577101 0.600664 -18.374865 0.305213 -0.005109 0.016604 -0.347251 0.937611
1778753836.631177 0.591784 -18.367512 0.304942 -0.004345 0.018945 -0.346020 0.938026
1778753836.680270 0.582871 -18.360178 0.304440 0.000403 0.023956 -0.344771 0.938381
1778753836.733978 0.567571 -18.344873 0.300106 -0.001962 0.026595 -0.343076 0.938929
1778753836.785116 0.551852 -18.332338 0.300382 -0.002396 0.023584 -0.340534 0.939933
1778753836.840472 0.539447 -18.317976 0.304380 -0.002226 0.025706 -0.340423 0.939918
1778753836.898210 0.528400 -18.305202 0.305541 -0.004443 0.031703 -0.340178 0.939816
1778753836.949493 0.513405 -18.288088 0.305158 -0.006467 0.039016 -0.339167 0.939894
1778753837.000966 0.495993 -18.268843 0.302025 0.002058 0.024071 -0.342345 0.939264
1778753837.057331 0.480244 -18.255556 0.307246 -0.002933 0.026803 -0.341393 0.939534
1778753837.110398 0.464999 -18.245510 0.309965 0.004429 0.027866 -0.339937 0.940025
1778753837.163167 0.448661 -18.233149 0.310895 0.006791 0.027407 -0.340217 0.939923
1778753837.217144 0.434267 -18.221436 0.309957 -0.003506 0.026192 -0.341510 0.939507
1778753837.272833 0.422417 -18.211302 0.309388 -0.005846 0.024358 -0.341019 0.939723
1778753837.323874 0.416719 -18.204952 0.308864 -0.006205 0.022741 -0.339187 0.940423
1778753837.381309 0.412241 -18.200312 0.309451 -0.005389 0.021141 -0.337826 0.940956
1778753837.433447 0.410833 -18.199392 0.309764 -0.001437 0.018717 -0.331275 0.943347
1778753837.483680 0.410615 -18.199871 0.308926 -0.000870 0.020315 -0.318842 0.947590
1778753837.538505 0.408513 -18.200495 0.308114 -0.001240 0.020553 -0.296194 0.954906
1778753837.592742 0.407329 -18.200998 0.309206 -0.004937 0.023532 -0.263639 0.964322
1778753837.645836 0.405592 -18.202112 0.311313 -0.010871 0.034132 -0.221561 0.974488
1778753837.696733 0.399761 -18.200676 0.311523 -0.020079 0.044761 -0.169103 0.984377
1778753837.750824 0.392366 -18.200279 0.309666 -0.019071 0.038822 -0.114023 0.992536
1778753837.809649 0.389683 -18.199720 0.313474 -0.027609 0.034274 -0.061505 0.997136
1778753837.856230 0.384035 -18.203890 0.322448 -0.031138 0.027334 0.009196 0.999099
1778753837.910551 0.379113 -18.198750 0.322322 -0.033723 0.012624 0.083328 0.995871
1778753837.963581 0.382184 -18.205864 0.325050 -0.018633 0.007854 0.151060 0.988318
1778753838.019417 0.381917 -18.204538 0.329161 -0.025576 0.004320 0.225270 0.973951
1778753838.080490 0.385841 -18.202105 0.331625 -0.027699 -0.005998 0.301277 0.953115
1778753838.128011 0.387934 -18.200758 0.328194 -0.033180 -0.012895 0.377934 0.925148
1778753838.185219 0.398677 -18.173643 0.330152 -0.047127 0.005358 0.442880 0.895325
1778753838.232597 0.399998 -18.147457 0.328885 -0.030602 0.017110 0.496562 0.867293
1778753838.294718 0.399227 -18.126490 0.323770 -0.034093 0.027062 0.538914 0.841236
1778753838.340796 0.402631 -18.104275 0.314895 -0.029646 0.044280 0.562356 0.825176
1778753838.400249 0.421606 -18.086473 0.292156 -0.021302 0.048801 0.571188 0.819090
1778753838.453850 0.423980 -18.059038 0.295944 -0.038159 0.023924 0.558225 0.828466
1778753838.507213 0.431662 -18.036648 0.299840 -0.030997 -0.014199 0.546824 0.836553
1778753838.564180 0.444327 -18.004784 0.305951 -0.009986 -0.049305 0.530298 0.846318
1778753838.620436 0.467019 -17.969938 0.312340 0.017975 -0.032619 0.503717 0.863066
1778753838.671144 0.479647 -17.936188 0.321658 0.025726 -0.002532 0.476906 0.878574
1778753838.724552 0.510256 -17.908583 0.332956 0.035138 0.001537 0.434842 0.899820
1778753838.778971 0.551777 -17.875284 0.332481 0.040721 0.014607 0.395690 0.917365
1778753838.832659 0.572718 -17.863142 0.322091 0.032604 0.032642 0.361631 0.931179
1778753838.884103 0.607916 -17.830389 0.322596 0.018636 0.025569 0.330366 0.943323
1778753838.943016 0.647101 -17.790888 0.303342 0.011899 0.019673 0.303481 0.952560
1778753838.992806 0.677631 -17.772272 0.308162 0.032233 0.028411 0.291004 0.955757
1778753839.045072 0.719272 -17.746258 0.311074 0.035198 0.025514 0.273576 0.960868
1778753839.098929 0.773051 -17.718287 0.313886 0.019002 0.012463 0.251200 0.967668
1778753839.149806 0.820857 -17.698736 0.306898 0.028089 0.018879 0.218475 0.975256
1778753839.207828 0.862200 -17.677404 0.313109 0.018550 0.013439 0.175107 0.984283
1778753839.257061 0.911476 -17.658911 0.313358 0.004387 -0.008045 0.130095 0.991459
1778753839.310632 0.971906 -17.647215 0.297107 0.003558 -0.022043 0.075546 0.996892
1778753839.364799 1.001034 -17.650663 0.309191 0.044412 0.008194 0.028907 0.998561
1778753839.417060 1.058543 -17.651157 0.320448 0.047027 -0.000862 -0.038479 0.998152
1778753839.470305 1.114183 -17.663157 0.322736 0.025321 -0.000890 -0.117066 0.992801
1778753839.527898 1.148431 -17.679806 0.316249 0.058696 -0.010315 -0.193740 0.979241
1778753839.577659 1.187833 -17.680729 0.315728 0.019862 0.003497 -0.269941 0.962666
1778753839.630033 1.220276 -17.696205 0.291864 0.019232 -0.007855 -0.347091 0.937602
1778753839.688956 1.207638 -17.670944 0.296154 0.026320 -0.010125 -0.415256 0.909267
1778753839.739533 1.233256 -17.682722 0.312632 0.053555 0.009413 -0.466817 0.882681
1778753839.793821 1.264589 -17.703033 0.325500 0.036603 0.028091 -0.532197 0.845362
1778753839.844029 1.281162 -17.732897 0.328718 0.035557 0.031905 -0.589786 0.806145
1778753839.897350 1.305621 -17.752293 0.331356 0.017259 0.024729 -0.650235 0.759134
1778753839.951227 1.318812 -17.754747 0.325720 -0.015577 0.009473 -0.702607 0.711344
1778753840.004251 1.335773 -17.773289 0.322452 -0.045001 0.021355 -0.752718 0.656456
1778753840.057324 1.316393 -17.813873 0.340408 -0.011993 -0.003715 -0.793034 0.609049
1778753840.123329 1.310944 -17.827755 0.342456 0.043126 -0.024530 -0.829095 0.556903
1778753840.165004 1.302164 -17.851929 0.347259 0.041671 -0.019420 -0.866127 0.497705
1778753840.238240 1.276950 -17.876122 0.347061 0.049785 -0.016626 -0.894972 0.443025
1778753840.276083 1.259528 -17.898212 0.329681 0.047086 -0.027340 -0.930560 0.362069
1778753840.327919 1.245154 -17.918108 0.324136 0.029603 0.015104 -0.954806 0.295367
1778753840.405157 1.221558 -17.934999 0.304343 0.016172 0.019189 -0.972578 0.231221
1778753840.432388 1.145979 -17.941107 0.321612 0.034266 -0.024420 -0.985247 0.165885
1778753840.486223 1.103021 -17.957115 0.325536 0.042214 -0.039163 -0.992693 0.106039
1778753840.539511 1.056145 -17.960299 0.328267 0.030657 -0.027123 -0.998693 0.030608
1778753840.593466 1.004177 -17.955896 0.310854 0.029921 -0.037062 -0.997755 -0.047083
1778753840.642783 0.981260 -17.953833 0.309623 0.018130 -0.025028 -0.992283 -0.120079
1778753840.703366 0.926365 -17.959200 0.310033 0.024953 0.001094 -0.981378 -0.190458
1778753840.752874 0.873015 -17.914240 0.306198 0.008248 -0.005952 -0.961555 -0.274425
1778753840.803780 0.835941 -17.889717 0.315652 0.015292 -0.054752 -0.943401 -0.326747
1778753840.857828 0.791956 -17.863684 0.324555 0.015791 -0.047451 -0.924468 -0.377965
1778753840.910434 0.746949 -17.839926 0.299527 0.031985 -0.029204 -0.910044 -0.412243
1778753840.962472 0.713168 -17.804068 0.303427 0.013366 -0.050993 -0.903635 -0.425047
1778753841.028325 0.685059 -17.776426 0.307279 -0.000639 -0.039270 -0.904248 -0.425198
1778753841.070791 0.644236 -17.740494 0.305787 -0.007699 -0.043644 -0.912155 -0.407442
1778753841.124068 0.598918 -17.728504 0.312151 0.001770 -0.015552 -0.925016 -0.379606
1778753841.182065 0.570009 -17.709145 0.317294 0.003771 -0.025143 -0.939885 -0.340544
1778753841.233937 0.534460 -17.682608 0.289098 0.001458 -0.003773 -0.956510 -0.291670
1778753841.285509 0.504777 -17.674393 0.298497 -0.008239 0.016039 -0.970396 -0.240846
1778753841.338026 0.457657 -17.655836 0.311983 0.044410 0.031398 -0.979071 -0.196118
1778753841.388457 0.400255 -17.634638 0.318205 0.045131 0.031452 -0.986571 -0.153794
1778753841.444684 0.356738 -17.626471 0.303321 0.038362 0.041032 -0.992086 -0.112296
1778753841.494441 0.310531 -17.611229 0.305408 0.013365 0.042857 -0.995848 -0.079195
1778753841.546015 0.256954 -17.599373 0.312038 0.010145 0.037928 -0.997944 -0.050656
1778753841.596282 0.203766 -17.592972 0.288941 0.001584 0.046453 -0.998712 -0.020361
1778753841.653242 0.238082 -17.587978 0.296757 0.016970 0.052350 -0.998484 0.001113
1778753841.703868 0.184008 -17.583694 0.306262 0.030836 0.041642 -0.998604 0.010245
1778753841.757821 0.125065 -17.581932 0.303615 0.028665 0.033872 -0.998609 0.028494
1778753841.811144 0.081685 -17.582962 0.293675 0.029892 0.040812 -0.997832 0.042097
1778753841.864549 0.040229 -17.584406 0.295981 0.013619 0.047454 -0.997328 0.053857
1778753841.925170 0.002339 -17.583973 0.305255 0.017594 0.033920 -0.997081 0.066098
1778753841.970441 -0.031186 -17.596403 0.306330 0.024242 0.038991 -0.996325 0.072306
1778753842.025100 -0.057669 -17.600025 0.298910 0.027988 0.023468 -0.996281 0.078046
1778753842.079303 -0.081672 -17.604860 0.308122 0.022809 0.020431 -0.995891 0.085229
1778753842.130890 -0.100123 -17.608400 0.320068 0.023541 0.020351 -0.995272 0.092009
1778753842.184126 -0.115080 -17.607464 0.312330 0.025204 0.018422 -0.994368 0.101281
1778753842.236229 -0.131069 -17.606489 0.314584 0.030669 0.016456 -0.993159 0.111459
1778753842.291171 -0.136237 -17.602915 0.319563 0.036201 0.012268 -0.991709 0.122689
1778753842.344420 -0.128065 -17.601185 0.324439 0.040177 0.010991 -0.989820 0.136096
1778753842.397991 -0.130049 -17.610130 0.331951 0.033625 0.007754 -0.987605 0.153119
1778753842.454632 -0.131062 -17.622625 0.339594 0.021453 -0.000464 -0.984603 0.173485
1778753842.507405 -0.108544 -17.637037 0.349656 0.001538 -0.001651 -0.980532 0.196347
1778753842.561723 -0.107129 -17.662979 0.360917 -0.028657 0.011491 -0.975458 0.218010
1778753842.614365 -0.099903 -17.674980 0.340593 -0.057734 0.029481 -0.970010 0.234260
1778753842.667524 -0.082753 -17.698118 0.369981 -0.083664 0.048755 -0.963589 0.249237
1778753842.721224 -0.094017 -17.702637 0.383418 -0.099298 0.052532 -0.958632 0.261545
1778753842.775212 -0.098077 -17.684452 0.370823 -0.102400 0.049946 -0.955683 0.271457
1778753842.837288 -0.110019 -17.693769 0.340002 -0.094621 0.035770 -0.955503 0.277096
1778753842.883525 -0.112133 -17.674734 0.313904 -0.075900 0.016340 -0.956497 0.281221
1778753842.934806 -0.120327 -17.640625 0.296684 -0.053942 -0.016344 -0.957814 0.281807
1778753843.151510 -0.160810 -17.614737 0.302442 -0.038883 -0.082568 -0.957595 0.273280
1778753843.154484 -0.168932 -17.596727 0.331794 -0.037748 -0.132244 -0.958227 0.250776
1778753843.174083 -0.159007 -17.594883 0.370897 -0.041270 -0.186791 -0.953574 0.232601
1778753843.194352 -0.165908 -17.572638 0.379775 -0.050730 -0.234738 -0.945553 0.219666
1778753843.205464 -0.142350 -17.523472 0.374229 -0.054208 -0.285061 -0.934656 0.205477
1778753843.288336 -0.096733 -17.469215 0.353219 -0.060877 -0.341198 -0.917947 0.193004
1778753843.334113 -0.090948 -17.373421 0.324790 -0.084233 -0.411538 -0.891056 0.171930
1778753845.212439 -0.152829 -17.260670 0.256066 -0.154184 -0.496052 -0.841162 0.150351
1778753845.217641 -0.190592 -17.382601 0.094084 -0.141160 -0.547488 -0.814605 0.129421
1778753845.226034 -0.228893 -17.386684 0.075334 -0.038068 -0.527816 -0.838449 0.130250
1778753845.259105 -0.302336 -17.446896 0.074489 0.097222 -0.432460 -0.887452 0.126312
1778753845.278163 -0.376294 -17.520702 0.029662 0.076924 -0.279106 -0.946670 0.141420
1778753845.281543 -0.431874 -17.502565 0.132243 0.046598 -0.090311 -0.972876 0.207811
1778753845.294937 -0.435035 -17.514259 0.182421 0.049231 -0.056331 -0.974053 0.213599
1778753845.297670 -0.427135 -17.521887 0.244124 0.069025 -0.025822 -0.972813 0.219555
1778753845.299724 -0.426027 -17.523478 0.248928 0.062783 -0.021298 -0.972829 0.221830
1778753845.303765 -0.424856 -17.526445 0.257907 0.054927 -0.018217 -0.972241 0.226714
1778753845.306484 -0.424406 -17.527916 0.261999 0.051108 -0.017106 -0.971777 0.229663
1778753845.311095 -0.422923 -17.532249 0.276305 0.046662 -0.001912 -0.969547 0.240413
1778753845.314107 -0.421915 -17.534515 0.284807 0.048262 0.010836 -0.967640 0.247441
1778753845.316646 -0.420520 -17.536062 0.288534 0.046482 0.018617 -0.966296 0.252519
1778753845.319962 -0.418685 -17.536390 0.289607 0.044895 0.022098 -0.965545 0.255380
1778753845.324249 -0.416041 -17.534378 0.289779 0.044271 0.022724 -0.964379 0.259803
1778753845.327094 -0.415205 -17.533615 0.289973 0.044070 0.022568 -0.963928 0.261516
1778753845.334990 -0.415241 -17.532877 0.291238 0.044228 0.020623 -0.961755 0.269529
1778753845.339540 -0.416304 -17.531923 0.293427 0.042237 0.019064 -0.956117 0.289299
1778753845.391502 -0.418915 -17.529528 0.296014 0.040479 0.017140 -0.946941 0.318386
1778753845.444510 -0.421560 -17.526262 0.298818 0.038466 0.013541 -0.933661 0.355829
1778753845.505400 -0.427698 -17.526770 0.300419 0.041143 0.004493 -0.914145 0.403268
1778753845.551458 -0.431604 -17.528381 0.303158 0.026466 0.006428 -0.888625 0.457826
1778753845.604787 -0.437539 -17.526709 0.305688 0.029357 -0.008091 -0.853599 0.520040
1778753845.664631 -0.439295 -17.530050 0.308588 0.024561 -0.001189 -0.811836 0.583368
1778753845.720808 -0.441593 -17.539934 0.305558 0.019337 -0.002253 -0.767219 0.641089
1778753845.761652 -0.447861 -17.545044 0.300645 0.010326 -0.003089 -0.712920 0.701163
1778753845.813554 -0.447193 -17.550299 0.304066 -0.009413 0.007319 -0.653597 0.756749
1778753845.868090 -0.439965 -17.563202 0.310316 -0.029682 0.022486 -0.597064 0.801329
1778753845.952399 -0.428068 -17.581310 0.314754 -0.046131 0.028549 -0.545951 0.836059
1778753845.976554 -0.411214 -17.613831 0.316027 -0.044299 0.041425 -0.493140 0.867833
1778753846.029220 -0.391084 -17.636541 0.315606 -0.027436 0.060094 -0.440616 0.895262
1778753846.081427 -0.363354 -17.655329 0.313221 -0.025371 0.075699 -0.390860 0.916981
1778753846.135717 -0.349005 -17.673819 0.302672 -0.025568 0.075765 -0.326708 0.941737
1778753846.191098 -0.337124 -17.662348 0.289357 -0.018761 0.090417 -0.257691 0.961805
1778753846.243122 -0.331112 -17.686504 0.284673 -0.019228 0.086671 -0.196059 0.976565
1778753846.294609 -0.295317 -17.709093 0.278215 -0.008149 0.081011 -0.127853 0.988446
1778753846.346571 -0.321306 -17.745724 0.278403 0.023334 0.054529 -0.056976 0.996612
1778753846.411429 -0.285327 -17.756062 0.287595 0.013594 0.011432 0.017569 0.999688
1778753846.452818 -0.268577 -17.752493 0.296685 0.020234 -0.018504 0.088260 0.995720
1778753846.506220 -0.237530 -17.748905 0.307852 -0.005439 -0.026175 0.157938 0.987087
1778753846.565845 -0.281863 -17.755932 0.246237 -0.002229 -0.042653 0.228953 0.972500
1778753846.620554 -0.272842 -17.724390 0.283063 -0.036108 -0.041553 0.286180 0.956593
1778753846.671167 -0.244396 -17.688732 0.300714 -0.063070 -0.000657 0.326705 0.943019
1778753846.720847 -0.212772 -17.659624 0.314933 -0.053551 -0.003075 0.360291 0.931297
1778753846.774159 -0.190448 -17.631443 0.318139 -0.037115 -0.014654 0.380641 0.923862
1778753846.830753 -0.136595 -17.576674 0.308046 -0.015983 -0.001621 0.390259 0.920565
1778753846.880022 -0.107494 -17.534199 0.312302 -0.024830 -0.003941 0.380778 0.924325
1778753846.936081 -0.067564 -17.494146 0.320813 -0.041905 -0.023272 0.357472 0.932693
1778753846.991198 -0.023203 -17.460745 0.302299 -0.008423 -0.010888 0.322104 0.946604
1778753847.047565 0.004639 -17.429605 0.304182 -0.007612 -0.010927 0.271234 0.962421
1778753847.099889 0.041414 -17.412943 0.278489 0.002145 -0.005262 0.228808 0.973455
1778753847.151156 0.026492 -17.431257 0.288114 0.019780 -0.006117 0.189908 0.981584
1778753847.206825 0.062983 -17.422886 0.300476 0.053838 0.019250 0.174731 0.982955
1778753847.262080 0.111579 -17.401907 0.311003 0.051005 0.011834 0.148347 0.987548
1778753847.317429 0.171652 -17.389048 0.302217 0.035036 0.007451 0.125553 0.991440
1778753847.364597 0.213363 -17.388908 0.301813 0.054205 0.011541 0.107697 0.992638
1778753847.417656 0.264909 -17.372437 0.306896 0.036816 -0.000974 0.088112 0.995430
1778753847.482093 0.320323 -17.365910 0.310856 0.032328 -0.014151 0.078124 0.996319
1778753847.525738 0.384074 -17.355581 0.303103 0.029550 -0.013707 0.068354 0.997129
1778753847.584657 0.395314 -17.358259 0.305220 0.032284 -0.002949 0.076472 0.996545
1778753847.632631 0.439994 -17.348204 0.309889 0.025733 -0.007759 0.090713 0.995514
1778753847.688494 0.496958 -17.341557 0.287258 0.023420 -0.027457 0.118298 0.992322
1778753847.743734 0.491845 -17.333181 0.292602 -0.004431 -0.013712 0.143985 0.989475
1778753847.794789 0.539297 -17.322376 0.308422 0.000083 -0.002592 0.168521 0.985695
1778753847.848008 0.600094 -17.299904 0.316074 0.002465 -0.014357 0.191394 0.981405
1778753847.901484 0.653380 -17.269934 0.308368 -0.015662 -0.013076 0.203532 0.978856
1778753847.960758 0.704272 -17.254749 0.311747 -0.010473 -0.011004 0.219937 0.975396
1778753848.004416 0.748915 -17.229729 0.314053 -0.015296 -0.012303 0.230813 0.972800
1778753848.057625 0.787918 -17.203943 0.287545 -0.023643 -0.016298 0.241449 0.969989
1778753848.112412 0.805903 -17.194674 0.303923 -0.020659 -0.010891 0.248452 0.968363
1778753848.163717 0.852839 -17.165524 0.310718 -0.019353 -0.013258 0.253388 0.967080
1778753848.215282 0.899765 -17.132460 0.315019 -0.016851 -0.027362 0.261873 0.964567
1778753848.269166 0.962091 -17.098148 0.300705 -0.013562 -0.032992 0.257697 0.965567
1778753848.317710 1.012661 -17.069778 0.310537 -0.002811 -0.005446 0.244508 0.969628
1778753848.375551 1.065995 -17.038610 0.316680 0.002360 -0.004313 0.215565 0.976477
1778753848.426762 1.120051 -17.016758 0.311785 -0.016475 -0.004694 0.172754 0.984816
1778753848.479008 1.169457 -17.007784 0.308683 0.039626 -0.008149 0.119635 0.991993
1778753848.530065 1.201480 -16.989609 0.309730 0.003930 -0.006789 0.057829 0.998296
1778753848.584227 1.244532 -16.980232 0.287140 -0.003630 -0.024363 -0.004080 0.999688
1778753848.640450 1.282888 -16.995377 0.301647 0.054785 -0.013195 -0.059023 0.996665
1778753848.690722 1.336917 -16.994476 0.318054 0.060265 -0.001571 -0.117963 0.991186
1778753848.741131 1.383993 -17.009476 0.327026 0.047140 -0.003379 -0.186658 0.981288
1778753848.796622 1.434109 -17.037270 0.316103 0.059048 0.000365 -0.267960 0.961619
1778753848.852506 1.464295 -17.043510 0.310277 0.030657 -0.002448 -0.341144 0.939508
1778753848.907804 1.514057 -17.061064 0.305451 0.010249 -0.003434 -0.411047 0.911550
1778753848.960505 1.521383 -17.128754 0.313141 0.020095 -0.022580 -0.477204 0.878272
1778753849.017271 1.563328 -17.161505 0.323366 0.069233 -0.008042 -0.521406 0.850458
1778753849.072935 1.589348 -17.190281 0.316688 0.064038 0.004970 -0.568499 0.820173
1778753849.121208 1.608152 -17.211620 0.300899 0.074989 0.000737 -0.608727 0.789828
1778753849.174841 1.611868 -17.230675 0.305426 0.077836 -0.026183 -0.639630 0.764284
1778753849.228059 1.632579 -17.257469 0.285810 0.075685 -0.023350 -0.657051 0.749674
1778753849.292636 1.631217 -17.284264 0.288523 0.095241 -0.023343 -0.661167 0.743803
1778753849.331150 1.645206 -17.314383 0.303049 0.074236 -0.020558 -0.654399 0.752216
1778753849.385746 1.650654 -17.340912 0.315242 0.078138 -0.012783 -0.635076 0.768381
1778753849.437966 1.675840 -17.352512 0.298044 0.059205 0.013016 -0.618404 0.783519
1778753849.505151 1.682704 -17.374418 0.299512 0.050808 0.008480 -0.602625 0.796361
1778753849.548785 1.689922 -17.389917 0.302786 0.035722 0.008713 -0.588087 0.807962
1778753849.601810 1.695317 -17.399588 0.312681 0.028204 0.012617 -0.579753 0.814207
1778753849.654933 1.701841 -17.411039 0.314217 0.017335 0.016470 -0.570734 0.820787
1778753849.707507 1.706126 -17.420023 0.314554 0.013327 0.017343 -0.563280 0.825976
1778753849.765628 1.708337 -17.424055 0.314688 0.012824 0.017706 -0.559877 0.828287
1778753849.819280 1.714188 -17.433699 0.314046 0.010795 0.017947 -0.551913 0.833639
1778753849.875083 1.717623 -17.438557 0.312769 0.007380 0.017024 -0.548293 0.836081
1778753849.925281 1.720431 -17.442690 0.309732 0.002858 0.013852 -0.545514 0.837982
1778753849.977951 1.721333 -17.446726 0.304913 0.004463 0.009191 -0.542055 0.840281
1778753850.036262 1.720384 -17.449688 0.304249 0.004946 0.006834 -0.537256 0.843377
1778753850.084682 1.720747 -17.452227 0.304211 0.004496 0.005991 -0.534978 0.844833
1778753850.148802 1.720334 -17.454012 0.305866 0.003493 0.006019 -0.536049 0.844158
1778753850.199179 1.719342 -17.454903 0.306815 0.000085 0.008085 -0.538349 0.842683
1778753850.249034 1.717861 -17.455336 0.307142 -0.000645 0.008480 -0.540070 0.841577
1778753850.303168 1.716552 -17.455547 0.307220 0.002247 0.006605 -0.539277 0.842099
1778753850.354482 1.718840 -17.455141 0.307174 0.005461 0.004796 -0.536583 0.843816
1778753850.417810 1.722402 -17.453808 0.307141 0.007905 0.003953 -0.533357 0.845844
1778753850.461311 1.725159 -17.452847 0.304718 0.009485 0.003880 -0.531923 0.846731
1778753850.515103 1.726847 -17.452044 0.303907 0.011424 0.003003 -0.531557 0.846940
1778753850.572144 1.726919 -17.451895 0.303929 0.011928 0.002701 -0.531086 0.847230
1778753850.621224 1.726407 -17.451918 0.305312 0.012542 0.002363 -0.530862 0.847362
1778753850.687130 1.726126 -17.451546 0.306946 0.013490 0.002164 -0.526517 0.850055
1778753850.729748 1.727041 -17.451359 0.307206 0.014306 0.001155 -0.512516 0.858558
1778753850.780235 1.727313 -17.451561 0.310588 0.015346 -0.002840 -0.486732 0.873412
1778753850.836433 1.728405 -17.451881 0.313184 0.016604 -0.008529 -0.450098 0.892784
1778753850.888913 1.732346 -17.451706 0.313605 0.018532 -0.013735 -0.403826 0.914545
1778753850.943455 1.734467 -17.452379 0.312676 0.020348 -0.020581 -0.346836 0.937479
1778753850.996866 1.734535 -17.455757 0.310343 0.030268 -0.029400 -0.277775 0.959719
1778753851.051413 1.740062 -17.452707 0.307461 0.034657 -0.028564 -0.203772 0.977988
1778753851.106431 1.738105 -17.454679 0.307776 0.038877 -0.018951 -0.129616 0.990621
1778753851.159018 1.744306 -17.450064 0.311994 0.012730 -0.006172 -0.048519 0.998722
1778753851.211738 1.757832 -17.439562 0.313137 -0.009706 -0.001191 0.038553 0.999209
1778753851.267880 1.772525 -17.427132 0.308589 -0.015245 -0.007874 0.116083 0.993091
1778753851.321967 1.788041 -17.411921 0.321010 -0.025236 -0.012295 0.181744 0.982945
1778753851.375028 1.808167 -17.397148 0.306056 -0.030417 -0.016461 0.256914 0.965815
1778753851.431589 1.837583 -17.363415 0.316624 -0.018318 -0.014749 0.319193 0.947398
1778753851.485791 1.860208 -17.341286 0.320207 -0.014405 0.000193 0.392777 0.919521
1778753851.537826 1.876384 -17.318409 0.321687 -0.016947 0.004185 0.450360 0.892677
1778753851.597903 1.880200 -17.294817 0.278624 -0.032138 -0.016841 0.500969 0.864705
1778753851.649285 1.869046 -17.314539 0.282608 -0.032023 -0.016045 0.541265 0.840089
1778753851.699207 1.883001 -17.276003 0.294577 -0.041562 -0.018487 0.566164 0.823037
1778753851.750524 1.900516 -17.232231 0.303668 -0.032082 -0.022441 0.593853 0.803621
1778753851.805108 1.913784 -17.178766 0.309056 -0.022862 -0.017255 0.616959 0.786474
1778753851.859088 1.926190 -17.135311 0.300087 -0.027054 -0.021037 0.631297 0.774784
1778753851.911267 1.939468 -17.084457 0.303785 -0.011874 -0.011592 0.646643 0.762613
1778753851.966929 1.942251 -17.039160 0.303267 -0.011736 -0.023390 0.657053 0.753390
1778753852.018009 1.952761 -16.981699 0.290578 -0.008288 -0.026011 0.668487 0.743223
1778753852.073086 1.947897 -16.992184 0.303301 -0.025113 -0.010390 0.674923 0.737388
1778753852.124351 1.952605 -16.935396 0.309093 -0.026525 -0.012988 0.682422 0.730361
1778753852.178355 1.954800 -16.876921 0.311657 -0.019663 -0.019574 0.690138 0.723146
1778753852.244052 1.956566 -16.805975 0.306222 -0.019473 -0.009685 0.695646 0.718056
1778753852.285731 1.958904 -16.753620 0.307592 -0.016662 -0.000292 0.702289 0.711697
1778753852.342890 1.960718 -16.706589 0.311165 -0.008025 -0.003616 0.705004 0.709148
1778753852.392375 1.963502 -16.640083 0.300242 -0.002980 -0.013799 0.706779 0.707294
1778753852.445256 1.958915 -16.618320 0.300129 -0.017035 -0.009902 0.708213 0.705724
1778753852.501524 1.959705 -16.587326 0.312028 -0.014885 -0.003659 0.700751 0.713241
1778753852.551341 1.960714 -16.530422 0.317144 -0.010401 -0.019838 0.686664 0.726630
1778753852.604571 1.962410 -16.468840 0.307295 0.002409 -0.032575 0.670181 0.741478
1778753852.658012 1.978165 -16.414291 0.304739 0.011481 0.004216 0.659674 0.751453
1778753852.711977 1.981583 -16.364988 0.312655 0.005721 0.015878 0.647137 0.762187
1778753852.763414 1.994044 -16.309675 0.318495 0.009310 0.011864 0.633680 0.773448
1778753852.813407 2.010147 -16.245348 0.313140 0.002044 0.002325 0.621946 0.783054
1778753852.869107 2.019651 -16.208731 0.307865 0.001558 0.011081 0.612773 0.790180
1778753852.922336 2.035687 -16.149124 0.311979 0.004477 0.006690 0.604408 0.796634
1778753852.998858 2.052149 -16.090837 0.313637 0.008466 -0.005310 0.600359 0.799669
1778753853.028276 2.078753 -16.025906 0.305833 0.006854 -0.005196 0.589782 0.807517
1778753853.082088 2.096371 -15.984529 0.307710 0.010511 0.008232 0.571671 0.820374
1778753853.139681 2.119786 -15.932074 0.312674 0.013808 -0.003040 0.537767 0.842975
1778753853.190673 2.142500 -15.889380 0.300319 -0.000663 -0.007033 0.498010 0.867142
1778753853.244451 2.168467 -15.849936 0.302667 0.024933 -0.002644 0.442677 0.896331
1778753853.297073 2.189641 -15.801818 0.309659 0.002682 -0.012282 0.386758 0.922096
1778753853.350209 2.216360 -15.771475 0.286139 0.005810 -0.032462 0.328409 0.943960
1778753853.403593 2.266802 -15.755243 0.301237 0.057136 0.005710 0.280482 0.958140
1778753853.457854 2.311744 -15.721821 0.313833 0.059525 0.018220 0.228736 0.971496
1778753853.518403 2.363215 -15.701254 0.322201 0.047761 0.012676 0.168885 0.984396
1778753853.564046 2.418886 -15.687746 0.307959 0.045511 0.023404 0.117447 0.991760
1778753853.614203 2.451084 -15.685461 0.304495 0.052256 0.015090 0.080766 0.995248
1778753853.670657 2.505263 -15.661504 0.300764 0.027771 0.003570 0.039080 0.998844
1778753853.720814 2.567081 -15.655464 0.293377 0.026670 -0.004999 0.009301 0.999589
1778753853.777573 2.641644 -15.655906 0.309848 0.052056 0.004162 -0.008190 0.998602
1778753853.829904 2.695954 -15.656726 0.313705 0.054078 0.003227 -0.029205 0.998104
1778753853.883489 2.756437 -15.654362 0.309444 0.041830 0.001318 -0.044514 0.998132
1778753853.938338 2.791185 -15.662814 0.296516 0.050745 0.003369 -0.038631 0.997959
1778753853.987530 2.834741 -15.662851 0.299875 0.036347 -0.003285 -0.024794 0.999026
1778753854.049878 2.897611 -15.666608 0.311993 0.026717 -0.012757 0.000301 0.999562
1778753854.095207 2.955072 -15.652479 0.307162 -0.000640 -0.016666 0.020052 0.999660
1778753854.154867 3.010566 -15.664290 0.311738 0.019951 -0.012700 0.039193 0.998952
1778753854.201041 3.069553 -15.658765 0.315573 0.014214 -0.017094 0.053023 0.998346
1778753854.257449 3.139661 -15.655026 0.306771 0.010363 -0.025479 0.067753 0.997323
1778753854.315245 3.136970 -15.651566 0.305609 -0.002856 -0.001020 0.073189 0.997314
1778753854.360992 3.199351 -15.644665 0.309606 -0.007202 -0.000704 0.081539 0.996644
1778753854.419664 3.262698 -15.631491 0.313131 -0.007995 -0.010366 0.092702 0.995608
1778753854.466379 3.325624 -15.613317 0.303156 -0.014142 -0.007294 0.098554 0.995005
1778753854.521290 3.373622 -15.611528 0.307679 -0.005791 -0.004995 0.109646 0.993941
1778753854.574964 3.429466 -15.598063 0.313326 -0.005326 -0.011037 0.112366 0.993591
1778753854.624275 3.494311 -15.584405 0.318987 -0.009599 -0.021238 0.115471 0.993037
1778753854.687308 3.494895 -15.583261 0.304176 -0.008392 -0.003117 0.119658 0.992775
1778753854.734198 3.556159 -15.566561 0.309680 -0.010928 0.005263 0.121473 0.992521
1778753854.787534 3.611909 -15.549526 0.313756 -0.013469 -0.005627 0.125869 0.991940
1778753854.842233 3.681668 -15.529079 0.301133 -0.010967 -0.011311 0.129565 0.991446
1778753854.895339 3.731815 -15.513773 0.307627 -0.005347 0.001547 0.134411 0.990910
1778753854.961209 3.787980 -15.498411 0.312345 0.001665 -0.002642 0.124423 0.992224
1778753855.003610 3.848012 -15.487330 0.319423 -0.012827 -0.010384 0.100007 0.994850
1778753855.053386 3.909168 -15.485771 0.307341 0.017262 -0.004590 0.079177 0.996701
1778753855.108595 3.959312 -15.466743 0.311118 0.005874 -0.004361 0.058902 0.998237
1778753855.162516 4.018676 -15.460902 0.314552 0.005346 -0.013305 0.046015 0.998838
1778753855.216754 4.089778 -15.450283 0.303165 0.002701 -0.019839 0.033847 0.999227
1778753855.268108 4.088042 -15.454851 0.306490 0.014009 -0.004573 0.031035 0.999410
1778753855.324600 4.145519 -15.449853 0.313901 0.019662 -0.002860 0.023411 0.999529
1778753855.379350 4.206823 -15.450213 0.320169 0.011126 -0.012267 0.013538 0.999771
1778753855.431233 4.266815 -15.462036 0.311724 0.022441 -0.007001 0.007829 0.999693
1778753855.486951 4.323548 -15.451015 0.311475 -0.001382 -0.001229 -0.005354 0.999984
1778753855.537774 4.379828 -15.451002 0.315632 -0.007965 -0.008032 -0.009086 0.999895
1778753855.602988 4.443397 -15.452124 0.299349 -0.007879 -0.019571 -0.009681 0.999731
1778753855.646305 4.466484 -15.453582 0.302959 -0.013363 -0.010197 -0.008979 0.999818
1778753855.704117 4.527253 -15.454963 0.311517 -0.000764 -0.012678 -0.007927 0.999888
1778753855.758184 4.577561 -15.454172 0.318613 -0.003985 -0.019096 -0.012137 0.999736
1778753855.808183 4.636864 -15.461048 0.313517 -0.005089 -0.014964 -0.012979 0.999791
1778753855.863578 4.685551 -15.460660 0.308372 0.008935 -0.014143 -0.015301 0.999743
1778753855.912193 4.732841 -15.464505 0.311441 0.007295 -0.020539 -0.015867 0.999637
1778753855.967421 4.788714 -15.468298 0.312881 0.006001 -0.027810 -0.015000 0.999483
1778753856.021018 4.852163 -15.468648 0.319535 0.004695 -0.023123 -0.015836 0.999596
1778753856.074664 4.870188 -15.473544 0.309066 0.003232 -0.017634 -0.014188 0.999739
1778753856.125929 4.925731 -15.476084 0.313720 0.007758 -0.025842 -0.014458 0.999531
1778753856.178098 4.981425 -15.479328 0.317774 0.002296 -0.038092 -0.016376 0.999138
1778753856.232538 5.041093 -15.482548 0.307655 -0.005224 -0.034548 -0.018063 0.999226
1778753856.280889 5.093195 -15.484369 0.311138 -0.012148 -0.009826 -0.022324 0.999629
1778753856.338363 5.155139 -15.485404 0.312230 -0.011896 -0.016675 -0.021810 0.999552
1778753856.389867 5.215712 -15.483495 0.315345 -0.016467 -0.028832 -0.019586 0.999257
1778753856.440508 5.283360 -15.486469 0.304911 -0.012712 -0.026105 -0.017791 0.999420
1778753856.501179 5.330588 -15.484881 0.306754 -0.004611 -0.017339 -0.014373 0.999736
1778753856.551620 5.387689 -15.484604 0.312465 -0.007918 -0.022605 -0.016059 0.999584
1778753856.612483 5.457143 -15.487730 0.323269 -0.018045 -0.027143 -0.015959 0.999341
1778753856.665454 5.500804 -15.487412 0.307238 -0.008497 -0.019419 -0.017088 0.999629
1778753856.714292 5.560250 -15.487008 0.310257 -0.011646 -0.021020 -0.020519 0.999501
1778753856.772233 5.616301 -15.485270 0.314170 -0.016450 -0.032339 -0.018687 0.999167
1778753856.817805 5.678880 -15.483257 0.320819 -0.016612 -0.038335 -0.016928 0.998984
1778753856.871334 5.723455 -15.488306 0.309671 -0.003698 -0.016722 -0.012800 0.999772
1778753856.924879 5.779136 -15.486177 0.310640 0.001943 -0.015562 -0.012471 0.999799
1778753856.981403 5.840123 -15.486278 0.315391 -0.004983 -0.020575 -0.013944 0.999679
1778753857.032326 5.906758 -15.493619 0.309572 -0.006258 -0.019527 -0.012848 0.999707
1778753857.084627 5.950057 -15.486089 0.308066 -0.009299 -0.018041 -0.015402 0.999675
1778753857.147059 6.012055 -15.486506 0.309843 -0.012444 -0.025829 -0.013766 0.999494
1778753857.197044 6.077448 -15.484380 0.313291 -0.013797 -0.039314 -0.010078 0.999081
1778753857.247659 6.144849 -15.484651 0.307398 -0.009534 -0.031533 0.000043 0.999457
1778753857.302050 6.192363 -15.481102 0.309529 -0.013533 -0.023609 0.026910 0.999267
1778753857.354337 6.242470 -15.475875 0.314233 -0.017091 -0.031601 0.057945 0.997673
1778753857.413714 6.306827 -15.466887 0.322022 -0.020848 -0.047453 0.090571 0.994540
1778753857.468193 6.345665 -15.460110 0.307411 -0.038530 -0.039474 0.111450 0.992238
1778753857.517781 6.386786 -15.450040 0.305186 -0.037763 -0.021197 0.127368 0.990910
1778753857.570448 6.442096 -15.431538 0.309700 -0.038284 -0.030175 0.146845 0.987958
1778753857.624318 6.499544 -15.410450 0.309763 -0.035379 -0.039458 0.163937 0.985046
1778753857.677936 6.544759 -15.399457 0.303247 -0.029496 -0.025836 0.178660 0.983129
1778753857.730807 6.602476 -15.373857 0.306604 -0.016957 -0.025985 0.188306 0.981620
1778753857.791844 6.660178 -15.349860 0.313971 -0.025359 -0.037163 0.178241 0.982958
1778753857.841533 6.723196 -15.337691 0.307623 -0.022861 -0.034898 0.166631 0.985136
1778753857.899242 6.760270 -15.318057 0.307137 -0.013107 -0.030613 0.154300 0.987463
1778753857.952596 6.823544 -15.295011 0.309747 -0.010713 -0.032498 0.145975 0.988696
1778753858.001169 6.877021 -15.274778 0.313501 -0.007393 -0.043607 0.142241 0.988844
1778753858.054853 6.938535 -15.256711 0.307212 0.001155 -0.033032 0.138620 0.989794
1778753858.112399 6.992849 -15.239449 0.309121 0.016502 -0.017883 0.138832 0.990017
1778753858.165445 7.042882 -15.226105 0.312596 0.016867 -0.020789 0.134448 0.990559
1778753858.215276 7.100788 -15.213614 0.318289 0.010915 -0.031820 0.129019 0.991071
1778753858.267988 7.158106 -15.203631 0.296580 0.018157 -0.027183 0.125652 0.991536
1778753858.321643 7.209289 -15.189286 0.291764 0.018448 -0.034581 0.121485 0.991819
1778753858.376840 7.267947 -15.178827 0.296597 0.019059 -0.051071 0.122825 0.990930
1778753858.431515 7.326317 -15.164212 0.303729 0.020612 -0.060172 0.125134 0.990099
1778753858.481611 7.394854 -15.144673 0.302810 0.011547 -0.050208 0.126236 0.990662
1778753858.537614 7.438679 -15.137396 0.310473 0.007586 -0.053254 0.141906 0.988417
1778753858.603057 7.490740 -15.116702 0.314362 0.009508 -0.057997 0.174431 0.982914
1778753858.645199 7.531969 -15.100969 0.281518 0.006295 -0.073218 0.213752 0.974120
1778753858.697193 7.538083 -15.084172 0.289990 -0.035753 -0.060475 0.255326 0.964299
1778753858.754488 7.578203 -15.055322 0.304119 -0.082822 -0.021713 0.300151 0.950041
1778753858.806537 7.627334 -15.011458 0.303223 -0.101943 0.004451 0.346835 0.932359
1778753858.859500 7.681857 -14.962849 0.296165 -0.099043 0.045670 0.397962 0.910896
1778753858.912056 7.736788 -14.894294 0.237307 -0.074442 0.120081 0.435385 0.889089
1778753858.971906 7.737155 -14.853942 0.261501 -0.107378 0.148919 0.473780 0.861293
1778753859.023049 7.772674 -14.791416 0.233104 -0.121340 0.176230 0.497371 0.840739
1778753859.085835 7.788061 -14.771623 0.184270 -0.094431 0.238461 0.502436 0.825698
1778753859.136875 7.827775 -14.738293 0.265640 -0.092609 0.291032 0.495948 0.812871
1778753859.176377 7.858240 -14.721289 0.211874 -0.082203 0.330464 0.474231 0.811875
1778753859.244068 7.869316 -14.678108 0.249530 -0.113980 0.304207 0.458173 0.827372
1778753859.281600 7.898932 -14.646460 0.273030 -0.123632 0.257410 0.472710 0.833667
1778753859.339644 7.901735 -14.599956 0.220544 -0.194904 0.184495 0.500488 0.823095
1778753859.391674 7.925699 -14.590596 0.236179 -0.166223 0.145694 0.537129 0.814025
1778753859.444560 7.960834 -14.574492 0.234206 -0.092549 0.083496 0.560956 0.818408
1778753859.498659 7.991916 -14.538217 0.240284 -0.078477 0.062657 0.557398 0.824150
1778753859.548632 8.020092 -14.498474 0.267454 -0.059765 0.039607 0.532786 0.843207
1778753859.608439 8.042934 -14.476048 0.289575 -0.027931 0.040001 0.511973 0.857615
1778753859.673745 8.060106 -14.433401 0.297821 -0.021647 0.028642 0.493130 0.869215
1778753859.708848 8.081855 -14.398307 0.303424 -0.021629 0.022839 0.479630 0.876907
1778753859.765316 8.099934 -14.371131 0.308387 -0.008158 0.019184 0.461401 0.886947
1778753859.814449 8.109289 -14.351062 0.315813 -0.014456 0.019690 0.438692 0.898306
1778753859.869240 8.120455 -14.334173 0.316131 -0.015128 0.022904 0.412142 0.910706
1778753859.925303 8.135826 -14.317674 0.313253 -0.015657 0.026835 0.383091 0.923188
1778753859.982628 8.151333 -14.304440 0.309074 -0.019001 0.031438 0.357705 0.933112
1778753860.036756 8.162585 -14.295020 0.309461 -0.023747 0.026122 0.341511 0.939215
1778753860.093787 8.172071 -14.287339 0.307782 -0.028130 0.018330 0.326742 0.944517
1778753860.151483 8.179748 -14.282474 0.305235 -0.029991 0.014140 0.313191 0.949111
1778753860.197581 8.185169 -14.280246 0.306486 -0.026462 0.015461 0.298358 0.953962
1778753860.248399 8.187489 -14.278250 0.308004 -0.021770 0.016275 0.276562 0.960612
1778753860.302360 8.189649 -14.278219 0.309438 -0.016566 0.017326 0.250931 0.967708
1778753860.370499 8.194012 -14.276071 0.309990 -0.012148 0.017325 0.229109 0.973171
1778753860.415884 8.198461 -14.273106 0.310299 -0.014523 0.017809 0.210814 0.977256
1778753860.468498 8.203111 -14.271010 0.309736 -0.023845 0.020588 0.196954 0.979907
1778753860.523052 8.208098 -14.265953 0.307295 -0.030551 0.024627 0.187898 0.981404
1778753860.566154 8.214328 -14.260631 0.303050 -0.037032 0.031894 0.181708 0.982137
1778753860.628655 8.222691 -14.251920 0.295636 -0.042351 0.041242 0.177160 0.982405
1778753860.675226 8.232976 -14.240905 0.288788 -0.051995 0.056217 0.175355 0.981523
1778753860.724989 8.232630 -14.230423 0.302364 -0.067168 0.080560 0.176775 0.978647
1778753860.822766 8.207434 -14.244710 0.362086 -0.080854 0.123715 0.182254 0.972081
1778753860.878731 8.219152 -14.237616 0.382982 -0.048359 0.134915 0.169232 0.975100
1778753860.886097 8.229486 -14.234534 0.395371 -0.036379 0.136931 0.170076 0.975193
1778753860.951344 8.238473 -14.229204 0.379659 -0.020973 0.133298 0.175591 0.975172
1778753860.994854 8.243063 -14.223175 0.335600 -0.015712 0.126257 0.185808 0.974314
1778753861.055606 8.248545 -14.216581 0.314697 -0.024973 0.124592 0.203198 0.970857
1778753861.098031 8.254315 -14.209409 0.304726 -0.032118 0.119666 0.220630 0.967456
1778753861.158407 8.260387 -14.201115 0.301844 -0.037846 0.116334 0.235443 0.964158
1778753861.204587 8.267957 -14.192832 0.325430 -0.039355 0.115379 0.246480 0.961450
1778753861.266204 8.276086 -14.184752 0.373775 -0.037986 0.116510 0.256155 0.958836
1778753861.315181 8.283072 -14.179942 0.394284 -0.036170 0.114364 0.263538 0.957163
1778753861.365008 8.291131 -14.177991 0.407335 -0.033904 0.116803 0.267773 0.955775
1778753861.440292 8.297314 -14.178687 0.413494 -0.030938 0.120501 0.270395 0.954677
1778753861.508642 8.303430 -14.180339 0.414724 -0.026340 0.122995 0.271964 0.954051
1778753861.540323 8.307863 -14.182252 0.413392 -0.021637 0.122764 0.273642 0.953719
1778753861.589134 8.311474 -14.185413 0.411569 -0.017510 0.122336 0.276518 0.953029
1778753861.632685 8.314686 -14.187717 0.313849 -0.016410 0.121104 0.279506 0.952335
1778753861.713070 8.315869 -14.189267 0.261481 -0.017944 0.117918 0.283527 0.951518
1778753861.758385 8.318851 -14.189963 0.241444 -0.025899 0.114450 0.286836 0.950766
1778753861.799198 8.318911 -14.189467 0.249989 -0.045753 0.117099 0.289448 0.948902
1778753861.848135 8.325392 -14.170689 0.245285 -0.065812 0.122850 0.290225 0.946756
1778753861.905299 8.326733 -14.155844 0.219788 -0.065903 0.138041 0.291665 0.944210
1778753861.968202 8.336405 -14.139488 0.285876 -0.059732 0.127757 0.296700 0.944500
1778753862.008179 8.341434 -14.128646 0.295705 -0.076263 0.112840 0.305508 0.942399
1778753862.069562 8.347230 -14.123267 0.299968 -0.073245 0.100238 0.321446 0.938755
1778753862.116485 8.361098 -14.105778 0.291894 -0.078633 0.104999 0.343325 0.930011
1778753862.169515 8.374024 -14.090639 0.279692 -0.081095 0.109993 0.373710 0.917423
1778753862.223420 8.394735 -14.071699 0.276992 -0.072510 0.123573 0.404148 0.903403
1778753862.271205 8.412386 -14.050960 0.266897 -0.066863 0.138224 0.425038 0.892057
1778753862.335061 8.436334 -14.032871 0.250883 -0.049955 0.127618 0.440930 0.887017
1778753862.398053 8.454128 -14.007532 0.241803 -0.035760 0.114212 0.454304 0.882771
1778753862.431602 8.473675 -13.976983 0.241041 -0.040623 0.109169 0.454422 0.883138
1778753862.505644 8.493928 -13.943668 0.243749 -0.038404 0.102636 0.463366 0.879365
1778753862.555180 8.521297 -13.898605 0.257304 -0.043366 0.101810 0.471205 0.875054
1778753862.627930 8.489392 -13.942372 0.269450 -0.049912 0.124850 0.476633 0.868759
1778753862.670700 8.439298 -14.028531 0.273608 -0.075978 0.165822 0.481748 0.857117
1778753862.699342 8.450187 -14.042024 0.273147 -0.074665 0.167653 0.490549 0.851868
1778753862.760704 8.470657 -14.025456 0.327516 -0.064129 0.164111 0.497593 0.849327
1778753862.851626 8.486146 -13.986987 0.351151 -0.060872 0.167080 0.499350 0.847956
1778753862.887135 8.499445 -13.943355 0.290600 -0.070298 0.131633 0.508615 0.847964
1778753862.918146 8.491899 -13.922649 0.279692 -0.068014 0.114583 0.517644 0.845157
1778753863.041061 8.438948 -13.980063 0.271153 -0.102528 0.149725 0.525320 0.831330
1778753863.076047 8.428780 -14.063929 0.295433 -0.084342 0.186332 0.516517 0.831491
1778753863.175505 8.441830 -14.032169 0.287047 -0.109568 0.159404 0.525766 0.828345
1778753863.439794 8.463067 -13.999594 0.313576 -0.106592 0.137499 0.526219 0.832361
1778753863.441945 8.473871 -13.954073 0.265883 -0.103796 0.150484 0.520098 0.834314
1778753863.443264 8.473871 -13.954073 0.265883 -0.103796 0.150484 0.520098 0.834314
1778753863.784714 8.482961 -13.905003 0.266571 -0.127510 0.148147 0.508335 0.838683
1778753863.880628 8.475900 -13.902949 0.253767 -0.149235 0.191193 0.490332 0.837107
1778753863.882099 8.469185 -13.918864 0.280930 -0.113393 0.204736 0.466480 0.853008
1778753864.496858 8.490822 -13.889351 0.300488 -0.067422 0.177976 0.442621 0.876280
1778753864.501604 8.505084 -13.862839 0.280848 -0.080013 0.163518 0.419880 0.889135
1778753865.370011 8.509467 -13.860885 0.272352 -0.083907 0.168695 0.386234 0.902954
1778753865.373172 8.502531 -13.804611 0.286516 -0.110222 0.133925 0.332530 0.927006
1778753865.831917 8.521805 -13.778938 0.256162 -0.123527 0.209229 0.295994 0.923771
1778753865.836576 8.569187 -13.748588 0.324254 -0.093462 0.206355 0.262882 0.937857
1778753865.837809 8.569187 -13.748588 0.324254 -0.093462 0.206355 0.262882 0.937857
1778753866.334956 8.610144 -13.720881 0.258822 -0.102554 0.198289 0.245797 0.943265
1778753866.338646 8.622331 -13.724879 0.249416 -0.110069 0.218673 0.237008 0.940157
1778753866.907921 8.626993 -13.718902 0.310901 -0.140079 0.243992 0.230676 0.931469
1778753866.911667 8.665309 -13.705814 0.317730 -0.108279 0.226598 0.220239 0.942562
1778753868.707900 8.690401 -13.686780 0.279964 -0.113108 0.191578 0.209681 0.952123
1778753868.711511 8.750413 -13.682690 0.247649 -0.062652 0.154817 0.184935 0.968455
1778753868.713280 8.750413 -13.682690 0.247649 -0.062652 0.154817 0.184935 0.968455
1778753870.197415 8.635567 -13.727983 0.254686 -0.061141 0.167295 0.171050 0.969028
1778753870.201811 8.595979 -13.720401 0.262843 -0.067887 0.185971 0.166632 0.965940
1778753870.503454 8.639213 -13.717777 0.325530 -0.077100 0.271438 0.172394 0.943747
1778753870.661954 8.688333 -13.714167 0.393374 -0.059136 0.278816 0.159010 0.945241
1778753870.664827 8.726404 -13.695978 0.428386 -0.060779 0.263967 0.148562 0.951082
1778753873.531528 8.754478 -13.706138 0.254046 -0.046403 0.261044 0.146594 0.953002
1778753873.537878 8.743382 -13.725606 0.249832 -0.045479 0.243778 0.160961 0.955299
1778753873.539647 8.714094 -13.733848 0.251274 -0.063692 0.226593 0.180557 0.954986
1778753873.545880 8.749456 -13.723942 0.305022 -0.059946 0.190403 0.198931 0.959469
1778753873.549770 8.767835 -13.738020 0.268238 -0.020557 0.182930 0.221578 0.957610
1778753874.270318 8.787439 -13.719881 0.266402 -0.036597 0.178771 0.240458 0.953353
1778753875.845416 8.811923 -13.700317 0.259819 -0.048529 0.183996 0.248630 0.949723
1778753875.852685 8.819002 -13.668315 0.410053 -0.068207 0.182853 0.280043 0.939941
1778753876.235868 8.806870 -13.662463 0.257747 -0.089137 0.156570 0.304066 0.935459
1778753876.240830 8.828581 -13.663333 0.240193 -0.115068 0.176227 0.324098 0.922314
1778753876.356050 8.855007 -13.678541 0.270815 -0.121389 0.222473 0.319192 0.913174
1778753876.358871 8.863805 -13.666708 0.326318 -0.113128 0.198332 0.305200 0.924510
1778753876.608887 8.874720 -13.661994 0.343387 -0.102827 0.191389 0.286413 0.933148
1778753876.614595 8.880954 -13.657405 0.349090 -0.092872 0.189803 0.260351 0.942108
1778753876.779778 8.885968 -13.653633 0.350281 -0.084874 0.187511 0.233222 0.950391
1778753876.782767 8.888870 -13.650424 0.350100 -0.078242 0.184801 0.206637 0.957616
1778753876.790139 8.890408 -13.648658 0.349345 -0.078105 0.182340 0.186696 0.962183
1778753876.820802 8.891010 -13.647591 0.348650 -0.077910 0.179787 0.167806 0.966151
1778753876.825618 8.891004 -13.647129 0.348063 -0.078931 0.178610 0.153989 0.968584
1778753876.832709 8.889976 -13.647655 0.348434 -0.080306 0.177989 0.143724 0.970162
1778753876.958031 8.888454 -13.649065 0.348915 -0.083673 0.177579 0.132949 0.971488
1778753876.982094 8.885577 -13.649153 0.322937 -0.078448 0.178769 0.113230 0.974200
1778753876.985070 8.878660 -13.647861 0.340877 -0.077850 0.181180 0.085274 0.976648
1778753877.006322 8.869805 -13.645741 0.352253 -0.075886 0.187449 0.051619 0.977977
1778753877.016629 8.861066 -13.643069 0.358184 -0.075330 0.193426 0.023206 0.977943
1778753877.025138 8.842901 -13.634259 0.320960 -0.079025 0.195889 -0.024288 0.977135
1778753877.060113 8.824743 -13.628337 0.339914 -0.070917 0.185252 -0.061241 0.978214
1778753877.066019 8.805791 -13.630394 0.348528 -0.055266 0.161853 -0.091771 0.980983
1778753877.070074 8.792505 -13.622971 0.331439 -0.058259 0.163408 -0.136123 0.975384
1778753877.105960 8.790516 -13.615963 0.239510 -0.054238 0.169599 -0.181273 0.967179
1778753877.109549 8.780339 -13.616146 0.241778 -0.037472 0.179851 -0.223887 0.957144
1778753877.114932 8.751942 -13.580461 0.285324 -0.043040 0.143369 -0.363959 0.919308
1778753877.123184 8.714219 -13.530774 0.326127 -0.070701 0.010374 -0.462507 0.883731
1778753877.153125 8.708195 -13.488698 0.299719 -0.059038 -0.018855 -0.540985 0.838745
1778753877.155975 8.688294 -13.447328 0.313111 -0.079951 -0.069078 -0.592863 0.798342
1778753877.176016 8.678055 -13.403912 0.288649 -0.072351 -0.046680 -0.671636 0.735861
1778753877.182574 8.699724 -13.364477 0.226046 -0.128781 -0.060257 -0.726474 0.672324
1778753877.196027 8.716326 -13.357380 0.180271 -0.140266 -0.040454 -0.758141 0.635540
1778753877.203788 8.749275 -13.334039 0.233634 -0.169631 -0.029740 -0.803667 0.569615
1778753877.222057 8.767901 -13.311713 0.231317 -0.183759 -0.021880 -0.853483 0.487155
1778753877.241125 8.788966 -13.282559 0.271818 -0.118078 -0.042644 -0.904056 0.408562
1778753877.246041 8.815145 -13.261633 0.273982 -0.103164 -0.022733 -0.941415 0.320278
1778753877.253168 8.854905 -13.258971 0.257099 -0.108385 -0.018027 -0.967313 0.228544
1778753877.256463 8.889399 -13.257240 0.261238 -0.104880 -0.022673 -0.981184 0.160511
1778753877.259188 8.904440 -13.257878 0.262189 -0.102840 -0.021908 -0.987153 0.120308
1778753877.263553 8.955744 -13.270185 0.218555 -0.122771 -0.060886 -0.990510 -0.010526
1778753877.266822 8.997934 -13.290622 0.312836 -0.178961 -0.038401 -0.980171 -0.075913
1778753877.271255 9.011697 -13.292373 0.265733 -0.144703 -0.016534 -0.980820 -0.129540
1778753877.274128 9.019523 -13.299901 0.246684 -0.128711 -0.011091 -0.977562 -0.166382
1778753877.276755 9.025717 -13.307528 0.254547 -0.117834 -0.006548 -0.974902 -0.188780
1778753877.280120 9.039057 -13.324954 0.260651 -0.057071 -0.040049 -0.961326 -0.266442
1778753877.281957 9.044205 -13.334070 0.261947 -0.047002 -0.041478 -0.955157 -0.289387
1778753877.284653 9.046532 -13.343421 0.232881 -0.034451 -0.034254 -0.949362 -0.310406
1778753877.287726 9.050844 -13.342448 0.244116 0.003600 -0.079738 -0.934668 -0.346445
1778753877.289607 9.056070 -13.348107 0.300284 0.034150 -0.077872 -0.916811 -0.390164
1778753877.291053 9.059822 -13.343976 0.317003 0.050135 -0.090590 -0.893034 -0.437916
1778753877.292407 9.067631 -13.343440 0.315846 0.059717 -0.082385 -0.879721 -0.464475
1778753877.293853 9.074170 -13.346554 0.315217 0.061844 -0.082907 -0.867921 -0.485813
1778753877.295763 9.078814 -13.351832 0.313104 0.067501 -0.076007 -0.858143 -0.503247
1778753877.296831 9.085371 -13.352394 0.310530 0.066298 -0.086141 -0.848514 -0.517889
1778753877.298625 9.092744 -13.356419 0.305113 0.076016 -0.098573 -0.834065 -0.537439
1778753877.300995 9.105030 -13.357553 0.283193 0.107815 -0.140438 -0.789223 -0.588031
1778753877.303053 9.102751 -13.361551 0.315633 0.107674 -0.118958 -0.761140 -0.628427
1778753877.304793 9.096445 -13.365246 0.296696 0.103678 -0.113485 -0.747587 -0.646131
1778753877.307096 9.088388 -13.367300 0.231124 0.106411 -0.115555 -0.740286 -0.653682
1778753877.312699 9.087212 -13.363688 0.174687 0.108121 -0.118771 -0.737688 -0.655759
1778753877.315016 9.088468 -13.361259 0.237127 0.109125 -0.138486 -0.731623 -0.658514
1778753877.318982 9.088076 -13.361136 0.273741 0.116697 -0.150343 -0.725293 -0.661611
1778753877.322112 9.085595 -13.361761 0.284055 0.126298 -0.149706 -0.720024 -0.665735
1778753877.328186 9.085294 -13.364668 0.292297 0.129926 -0.150160 -0.714516 -0.670848
1778753877.332672 9.082026 -13.369466 0.341718 0.125975 -0.136859 -0.715103 -0.673816
1778753877.338592 9.084429 -13.376181 0.352900 0.103646 -0.119990 -0.717053 -0.678745
1778753877.348405 9.082204 -13.390401 0.290377 0.062274 -0.101567 -0.712727 -0.691249
1778753877.352652 9.094288 -13.392052 0.252515 0.058793 -0.123236 -0.698152 -0.702808
1778753877.354980 9.113831 -13.297132 0.332835 0.067381 -0.134625 -0.698741 -0.699355
1778753877.356753 9.115715 -13.290854 0.273001 0.063077 -0.138145 -0.698509 -0.699301
1778753877.368031 9.109024 -13.247519 0.215795 0.063158 -0.131848 -0.692955 -0.706004
1778753877.372701 9.094988 -13.197967 0.260262 0.064804 -0.138936 -0.674441 -0.722238
1778753877.376233 9.091635 -13.173133 0.285008 0.075053 -0.127545 -0.667583 -0.729679
1778753877.381167 9.116312 -13.140846 0.246607 0.082293 -0.170270 -0.658524 -0.728411
1778753877.391891 9.124106 -13.105987 0.301194 0.095396 -0.150506 -0.671492 -0.719268
1778753877.395162 9.125065 -13.088465 0.369627 0.088237 -0.148195 -0.674376 -0.717962
1778753877.399600 9.122489 -13.050095 0.396792 0.085123 -0.143977 -0.678145 -0.715643
1778753877.402313 9.117164 -13.001049 0.234153 0.062175 -0.151639 -0.674644 -0.719719
1778753877.404343 9.125475 -12.982522 0.235585 0.066254 -0.168274 -0.669464 -0.720495
1778753877.411347 9.137676 -12.968466 0.237325 0.064805 -0.185933 -0.665624 -0.719843
1778753877.416665 9.157430 -12.915838 0.338995 0.084774 -0.133674 -0.669359 -0.725881
1778753877.419571 9.158654 -12.900317 0.345297 0.087407 -0.126327 -0.669269 -0.726967
1778753877.423132 9.156593 -12.882187 0.344258 0.077545 -0.125695 -0.669338 -0.728131
1778753877.425347 9.154826 -12.876167 0.340649 0.073502 -0.123068 -0.668721 -0.729565
1778753877.428991 9.149258 -12.857726 0.325341 0.061719 -0.103893 -0.664458 -0.737491
1778753877.431690 9.142902 -12.829027 0.254079 0.078420 -0.108074 -0.660052 -0.739258
1778753877.433911 9.139045 -12.817436 0.278761 0.079931 -0.100053 -0.660336 -0.739970
1778753877.436548 9.139014 -12.805505 0.293639 0.078096 -0.100364 -0.660609 -0.739881
1778753877.438476 9.139714 -12.802975 0.298349 0.058021 -0.113537 -0.656944 -0.743080
1778753877.441268 9.162133 -12.792441 0.265103 0.020570 -0.155852 -0.645648 -0.747278
1778753877.443961 9.176439 -12.784407 0.275397 0.046173 -0.181610 -0.641793 -0.743632
1778753877.445403 9.202458 -12.781267 0.423835 0.027367 -0.172267 -0.650403 -0.739291
1778753877.448100 9.203856 -12.777987 0.435410 0.021604 -0.167455 -0.654535 -0.736937
1778753877.450714 9.202682 -12.770739 0.431682 0.012352 -0.165737 -0.659841 -0.732795
1778753877.453501 9.200869 -12.759397 0.426856 0.005891 -0.167252 -0.664482 -0.728324
1778753877.455071 9.199970 -12.755928 0.358422 0.004024 -0.167755 -0.666093 -0.726747
1778753877.457456 9.199066 -12.751076 0.396986 -0.003629 -0.170300 -0.667662 -0.724715
1778753877.458971 9.199336 -12.747430 0.361740 -0.002942 -0.170283 -0.669195 -0.723307
1778753877.461600 9.199397 -12.735572 0.264471 -0.003450 -0.168375 -0.672479 -0.720701
1778753877.464343 9.199283 -12.728500 0.236234 0.000757 -0.164939 -0.671763 -0.722170
1778753877.467376 9.193081 -12.715874 0.218816 0.019643 -0.154707 -0.657231 -0.737378
1778753877.469583 9.167631 -12.718131 0.223990 0.037745 -0.138986 -0.646103 -0.749539
1778753877.472842 9.144767 -12.694432 0.196627 0.074827 -0.136890 -0.646176 -0.747073
1778753877.475050 9.189698 -12.636606 0.221224 0.041495 -0.173574 -0.607215 -0.774236
1778753877.477787 9.205289 -12.597900 0.309762 0.080828 -0.140317 -0.602620 -0.781426
1778753877.480437 9.224049 -12.559367 0.316245 0.081414 -0.113659 -0.584692 -0.799117
1778753877.483067 9.246179 -12.533496 0.250739 0.076550 -0.104372 -0.573508 -0.808910
1778753877.485016 9.258600 -12.520010 0.283784 0.070404 -0.097807 -0.570589 -0.812346
1778753877.486966 9.274310 -12.510363 0.298580 0.052648 -0.092947 -0.578363 -0.808756
1778753877.489239 9.283130 -12.503896 0.303017 0.051426 -0.100474 -0.575956 -0.809651
1778753877.491293 9.303288 -12.480953 0.292547 0.056382 -0.109752 -0.576656 -0.807616
1778753877.494351 9.314610 -12.470257 0.283109 0.061044 -0.119276 -0.569967 -0.810669
1778753877.496165 9.362568 -12.410362 0.341708 0.070653 -0.151275 -0.550036 -0.818281
1778753877.498344 9.377845 -12.397789 0.328070 0.071993 -0.132776 -0.549107 -0.821991
1778753877.500911 9.375913 -12.400244 0.314810 0.060512 -0.111042 -0.547368 -0.827282
1778753877.505259 9.376647 -12.397335 0.299282 0.041878 -0.099725 -0.538969 -0.835352
1778753877.519666 9.383189 -12.387822 0.292006 0.055187 -0.091832 -0.534380 -0.838427
1778753877.525439 9.436770 -12.331858 0.233139 0.060728 -0.146215 -0.498177 -0.852498
1778753877.534241 9.476830 -12.304428 0.213978 0.079655 -0.167216 -0.508465 -0.840927
1778753877.544181 9.505054 -12.290296 0.260663 0.070752 -0.155829 -0.564755 -0.807319
1778753877.573989 9.512504 -12.289978 0.241956 0.059025 -0.146668 -0.583307 -0.796716
1778753877.576084 9.519666 -12.291765 0.229896 0.037477 -0.133684 -0.602768 -0.785745
1778753877.581937 9.541574 -12.290333 0.287179 0.020891 -0.100543 -0.651340 -0.751805
1778753877.585762 9.541574 -12.290333 0.287179 0.020891 -0.100543 -0.651340 -0.751805
1778753877.595058 9.556679 -12.286590 0.321635 0.017936 -0.099230 -0.678419 -0.727722
1778753877.603508 9.564310 -12.287956 0.331268 0.011812 -0.099700 -0.688740 -0.718024
1778753877.606987 9.576773 -12.289131 0.268557 -0.004355 -0.099542 -0.700689 -0.706476
1778753877.633229 9.585873 -12.290983 0.292249 -0.005622 -0.079044 -0.723331 -0.685940
1778753877.645021 9.599789 -12.277018 0.269995 -0.021873 -0.086747 -0.741981 -0.664426
1778753877.650859 9.587238 -12.296464 0.263073 0.025389 -0.084678 -0.758308 -0.645875
1778753877.673806 9.633865 -12.306026 0.307222 0.105289 -0.205766 -0.773652 -0.589947
1778753877.688176 9.636988 -12.301143 0.315119 0.102830 -0.190082 -0.789728 -0.574129
1778753877.734212 9.643805 -12.292790 0.366457 0.079675 -0.172887 -0.804637 -0.562425
1778753877.744845 9.648437 -12.286505 0.405708 0.070281 -0.172412 -0.812972 -0.551735
1778753877.779184 9.648841 -12.280182 0.389422 0.061582 -0.171152 -0.820551 -0.541858
1778753877.788219 9.646952 -12.282968 0.337391 0.055334 -0.169487 -0.826656 -0.533717
1778753877.851238 9.643726 -12.283462 0.351013 0.045793 -0.162130 -0.829247 -0.532885
1778753877.872950 9.652850 -12.286012 0.404742 0.039415 -0.164517 -0.836017 -0.521973
1778753877.924538 9.656972 -12.288575 0.359616 0.035594 -0.171059 -0.837930 -0.517054
1778753877.947032 9.667018 -12.295501 0.346580 0.032723 -0.178242 -0.847881 -0.498254
1778753877.958979 9.671109 -12.294362 0.363209 0.044850 -0.175796 -0.854649 -0.486477
1778753877.984115 9.670663 -12.292797 0.370864 0.049404 -0.171236 -0.856170 -0.484985
1778753877.988513 9.669071 -12.289362 0.402001 0.051880 -0.171487 -0.855826 -0.485245
1778753877.997592 9.669465 -12.286984 0.413203 0.050899 -0.172909 -0.855204 -0.485940
1778753878.009752 9.669527 -12.286051 0.418751 0.049414 -0.174781 -0.854380 -0.486872
1778753878.065284 9.669403 -12.285707 0.421201 0.048640 -0.176013 -0.853763 -0.487588
1778753878.115708 9.669329 -12.285518 0.422134 0.048216 -0.176606 -0.853395 -0.488060
1778753878.168223 9.669019 -12.285473 0.422600 0.047965 -0.177356 -0.852969 -0.488557
1778753878.221567 9.668800 -12.285468 0.422823 0.047962 -0.177691 -0.852594 -0.489090
1778753878.277539 9.668544 -12.285521 0.422956 0.047991 -0.178147 -0.852110 -0.489765
1778753878.328708 9.668159 -12.285609 0.423095 0.048159 -0.178488 -0.851587 -0.490533
1778753878.382365 9.667844 -12.285580 0.423127 0.048125 -0.178858 -0.851141 -0.491175
1778753878.452915 9.667583 -12.285640 0.423133 0.048019 -0.179162 -0.850761 -0.491732
1778753878.489673 9.667334 -12.285543 0.423205 0.047868 -0.179481 -0.850359 -0.492326
1778753878.542678 9.666933 -12.285325 0.423266 0.047652 -0.180077 -0.849827 -0.493047
1778753878.595467 9.666424 -12.285140 0.423364 0.047498 -0.180599 -0.849228 -0.493903
1778753878.648283 9.665920 -12.285025 0.423386 0.047518 -0.180737 -0.848725 -0.494714
1778753878.701068 9.665587 -12.284868 0.423443 0.047490 -0.180923 -0.848266 -0.495435
1778753878.755128 9.665226 -12.284671 0.423484 0.047573 -0.181153 -0.847923 -0.495930
1778753878.810686 9.664975 -12.284622 0.423500 0.047500 -0.181278 -0.847631 -0.496390
1778753878.861759 9.664648 -12.284536 0.423535 0.047567 -0.181329 -0.847347 -0.496851
1778753878.915227 9.664395 -12.284411 0.423570 0.047550 -0.181542 -0.847063 -0.497258
1778753878.972827 9.664159 -12.284350 0.423573 0.047556 -0.181529 -0.846824 -0.497669
1778753879.022246 9.663864 -12.284310 0.423594 0.047578 -0.181549 -0.846530 -0.498159
1778753879.074697 9.663367 -12.283987 0.423602 0.047685 -0.181684 -0.846292 -0.498505
1778753879.128614 9.661688 -12.282323 0.423337 0.048160 -0.181668 -0.846887 -0.497454
1778753879.180688 9.661243 -12.282153 0.423116 0.049345 -0.182328 -0.849257 -0.493036
1778753879.234780 9.664044 -12.281096 0.423184 0.050595 -0.183422 -0.853817 -0.484554
1778753879.286829 9.669574 -12.279909 0.423376 0.051107 -0.186063 -0.860329 -0.471809
1778753879.341418 9.679685 -12.279417 0.423789 0.049413 -0.190127 -0.868707 -0.454707
1778753879.398129 9.693923 -12.284316 0.423660 0.036461 -0.191262 -0.876469 -0.440332
1778753879.449638 9.700458 -12.300155 0.379246 0.004489 -0.173798 -0.882172 -0.437660
1778753879.500162 9.700325 -12.309530 0.247370 -0.019259 -0.159633 -0.885543 -0.435845
1778753879.554523 9.703773 -12.320572 0.278808 0.013302 -0.150122 -0.897923 -0.413548
1778753879.608883 9.711133 -12.330440 0.286330 0.034289 -0.151081 -0.904527 -0.397277
1778753879.663010 9.714746 -12.338973 0.269015 0.047320 -0.155603 -0.905523 -0.391888
1778753879.715462 9.719605 -12.344512 0.280779 0.060085 -0.163588 -0.906408 -0.384778
1778753879.767282 9.726248 -12.347637 0.287367 0.070287 -0.169111 -0.907520 -0.377980
1778753879.823945 9.732079 -12.348378 0.291601 0.075558 -0.173946 -0.907665 -0.374404
1778753879.881139 9.736521 -12.348677 0.316147 0.077066 -0.171171 -0.911664 -0.365554
1778753879.932995 9.741042 -12.347503 0.323927 0.075961 -0.168545 -0.918672 -0.349090
1778753879.983323 9.743690 -12.345210 0.324832 0.077136 -0.163805 -0.926657 -0.329430
1778753880.037530 9.747102 -12.342009 0.323089 0.075439 -0.158907 -0.936140 -0.304466
1778753880.092167 9.748755 -12.337694 0.319571 0.075471 -0.152737 -0.945979 -0.275860
1778753880.145668 9.750895 -12.333065 0.315812 0.074154 -0.143978 -0.956268 -0.243563
1778753880.198756 9.753848 -12.330524 0.362090 0.062748 -0.131693 -0.965416 -0.216083
1778753880.250331 9.750540 -12.337032 0.364923 0.044995 -0.109481 -0.973644 -0.194952
1778753880.305913 9.750645 -12.340478 0.299741 0.056895 -0.074687 -0.984611 -0.147399
1778753880.362356 9.760510 -12.335050 0.273115 0.047580 -0.074293 -0.990676 -0.103814
1778753880.411927 9.769611 -12.324191 0.264391 0.018450 -0.091431 -0.993264 -0.068758
1778753880.465095 9.772046 -12.319074 0.262632 0.006783 -0.083642 -0.995616 -0.041308
1778753880.520257 9.774533 -12.308422 0.255792 -0.002015 -0.078070 -0.996919 -0.007259
1778753880.573719 9.775990 -12.296721 0.247280 -0.009063 -0.074342 -0.996805 0.027786
1778753880.624648 9.782816 -12.288713 0.257807 -0.022821 -0.075082 -0.995273 0.057213
1778753880.680154 9.791279 -12.286248 0.296866 -0.051386 -0.083237 -0.991832 0.081856
1778753880.729218 9.794961 -12.283215 0.302726 -0.084982 -0.081847 -0.987395 0.105505
1778753880.784217 9.801867 -12.278941 0.311608 -0.076180 -0.068552 -0.981918 0.159168
1778753880.834888 9.799392 -12.275732 0.257529 -0.085503 -0.055354 -0.976801 0.188377
1778753880.888145 9.796157 -12.280838 0.238248 -0.112776 -0.045018 -0.968827 0.215937
1778753880.940957 9.797053 -12.288137 0.242656 -0.144371 -0.030248 -0.958207 0.245117
1778753880.994919 9.791102 -12.293638 0.253494 -0.167479 -0.042293 -0.946038 0.274179
1778753881.049538 9.785522 -12.305592 0.265547 -0.191811 -0.040758 -0.935318 0.294495
1778753881.099859 9.778088 -12.320100 0.274149 -0.209734 -0.042569 -0.924631 0.315052
1778753881.153165 9.765698 -12.337175 0.279177 -0.226156 -0.043796 -0.915770 0.329092
1778753881.214146 9.750039 -12.357467 0.350177 -0.205403 -0.058073 -0.911886 0.350572
1778753881.263614 9.737886 -12.370300 0.345675 -0.194171 -0.053794 -0.910468 0.361182
1778753881.314548 9.726676 -12.394271 0.319082 -0.186791 -0.068533 -0.903989 0.378440
1778753881.368316 9.717897 -12.414187 0.309109 -0.189461 -0.071057 -0.897858 0.391032
1778753881.421174 9.706041 -12.431674 0.284225 -0.188903 -0.076487 -0.891869 0.403775
1778753881.474751 9.693131 -12.446779 0.243700 -0.206933 -0.090642 -0.884361 0.408495
1778753881.530087 9.682098 -12.463386 0.242253 -0.225622 -0.076484 -0.884811 0.400443
1778753881.581942 9.667402 -12.483239 0.212233 -0.237899 -0.062908 -0.879923 0.406427
1778753881.648669 9.670295 -12.497479 0.304384 -0.235783 -0.044843 -0.874438 0.421609
1778753881.689053 9.664162 -12.506866 0.316570 -0.220312 -0.050236 -0.871691 0.434849
1778753881.741885 9.653357 -12.520804 0.279385 -0.221788 -0.039229 -0.872847 0.432908
1778753881.800607 9.643569 -12.534368 0.272429 -0.204177 -0.038528 -0.871673 0.443862
1778753881.849804 9.638624 -12.544528 0.268752 -0.189694 -0.039547 -0.868074 0.457055
1778753881.911192 9.634169 -12.555888 0.286742 -0.173446 -0.043857 -0.867358 0.464417
1778753881.954036 9.631869 -12.589145 0.262731 -0.182234 -0.035178 -0.867007 0.462442
1778753882.007937 9.615623 -12.616164 0.258071 -0.165768 -0.048504 -0.858636 0.482611
1778753882.063523 9.599229 -12.632991 0.265084 -0.155501 -0.059889 -0.851980 0.496349
1778753882.122019 9.585135 -12.655998 0.273202 -0.178156 -0.074184 -0.845896 0.497210
1778753882.170344 9.571147 -12.679451 0.288130 -0.198664 -0.077775 -0.843659 0.492669
1778753882.221143 9.554052 -12.701835 0.318899 -0.203020 -0.092962 -0.839162 0.495931
1778753882.275220 9.528948 -12.732797 0.358006 -0.189827 -0.082715 -0.845162 0.492773
1778753882.329189 9.516064 -12.761446 0.343312 -0.177697 -0.055984 -0.852494 0.488410
1778753882.382859 9.497683 -12.796312 0.286005 -0.188446 -0.040893 -0.851341 0.487887
1778753882.432862 9.470942 -12.829017 0.291882 -0.207146 -0.028036 -0.847628 0.487679
1778753882.486670 9.457151 -12.854772 0.279961 -0.203080 -0.028356 -0.845248 0.493469
1778753882.543593 9.454425 -12.880065 0.289907 -0.188396 -0.028749 -0.849749 0.491536
1778753882.594770 9.445564 -12.910063 0.306676 -0.186401 -0.025502 -0.859899 0.474529
1778753882.648697 9.434041 -12.935784 0.308139 -0.173288 -0.033408 -0.865728 0.468369
1778753882.704672 9.416286 -12.968911 0.268279 -0.140610 -0.041952 -0.872372 0.466300
1778753882.760385 9.400754 -12.995264 0.266319 -0.150910 -0.078355 -0.870308 0.462224
1778753882.810323 9.381281 -13.021458 0.293833 -0.183998 -0.087153 -0.872598 0.443984
1778753882.864521 9.357699 -13.046586 0.327427 -0.203388 -0.085951 -0.873636 0.433596
1778753882.920821 9.325394 -13.072733 0.366168 -0.193877 -0.102210 -0.875594 0.430465
1778753882.980692 9.324246 -13.077150 0.292433 -0.191225 -0.077176 -0.891216 0.403994
1778753883.044990 9.326695 -13.077580 0.298698 -0.221706 -0.066422 -0.894740 0.381937
1778753883.074996 9.301703 -13.112567 0.274851 -0.244036 -0.060705 -0.891667 0.376420
1778753883.129058 9.279612 -13.141234 0.274321 -0.260951 -0.064495 -0.889694 0.369039
1778753883.183308 9.264985 -13.169600 0.289506 -0.257642 -0.081911 -0.885168 0.378667
1778753883.255004 9.248283 -13.196592 0.312391 -0.247881 -0.094796 -0.882551 0.388166
1778753883.291259 9.234742 -13.240800 0.320809 -0.263898 -0.068542 -0.879395 0.390288
1778753883.340988 9.210414 -13.276964 0.267259 -0.236992 -0.067021 -0.869987 0.427160
1778753883.398853 9.192203 -13.306502 0.277590 -0.226293 -0.072240 -0.858721 0.454060
1778753883.449623 9.173276 -13.350220 0.275087 -0.234481 -0.084730 -0.841936 0.478522
1778753883.502757 9.158918 -13.379146 0.282291 -0.233891 -0.072284 -0.831090 0.499359
1778753883.554743 9.139095 -13.395946 0.297893 -0.230326 -0.092197 -0.815468 0.522935
1778753883.611634 9.133861 -13.445013 0.341754 -0.232912 -0.112056 -0.797504 0.545145
1778753883.667872 9.118195 -13.483352 0.345508 -0.212521 -0.094794 -0.801426 0.550968
1778753883.715453 9.109289 -13.511015 0.330291 -0.189635 -0.067194 -0.808121 0.553591
1778753883.766675 9.096203 -13.550034 0.308570 -0.169013 -0.041993 -0.812606 0.556186
1778753883.820912 9.096971 -13.591583 0.305199 -0.130728 0.002676 -0.813033 0.567345
1778753883.878979 9.098553 -13.626381 0.264947 -0.138026 -0.007516 -0.803982 0.578365
1778753883.930878 9.082446 -13.657995 0.263379 -0.109587 -0.034592 -0.799257 0.589900
1778753883.981330 9.062784 -13.688803 0.275617 -0.122323 -0.079538 -0.802003 0.579226
1778753884.034531 9.039711 -13.717279 0.293809 -0.147168 -0.101945 -0.816144 0.549416
1778753884.088793 9.008885 -13.754314 0.333607 -0.153642 -0.102861 -0.834281 0.519412
1778753884.150642 8.985740 -13.783975 0.280801 -0.143488 -0.118123 -0.845555 0.500495
1778753884.194478 8.961610 -13.816322 0.249849 -0.168804 -0.117669 -0.852997 0.479640
1778753884.247734 8.933679 -13.850121 0.258632 -0.192335 -0.112076 -0.862756 0.453981
1778753884.301715 8.907036 -13.877936 0.264687 -0.204222 -0.114583 -0.878070 0.417321
1778753884.364231 8.883972 -13.905606 0.286026 -0.199047 -0.120325 -0.888945 0.394561
1778753884.411253 8.857769 -13.938363 0.282539 -0.206921 -0.101335 -0.902708 0.363365
1778753884.461392 8.838263 -13.952575 0.256485 -0.224342 -0.125488 -0.899525 0.353238
1778753884.515832 8.815717 -13.974607 0.263632 -0.211627 -0.136717 -0.904286 0.344658
1778753884.569575 8.787879 -13.996024 0.239557 -0.233969 -0.144028 -0.908681 0.314345
1778753884.625583 8.761826 -14.009027 0.263481 -0.248994 -0.149294 -0.911485 0.291392
1778753884.674564 8.738630 -14.018878 0.268676 -0.262242 -0.146363 -0.914256 0.271926
1778753884.731485 8.714476 -14.024571 0.277375 -0.251138 -0.149109 -0.921398 0.256362
1778753884.790358 8.678169 -14.031228 0.334413 -0.247794 -0.157207 -0.921834 0.253192
1778753884.833473 8.644276 -14.038024 0.300382 -0.230615 -0.160077 -0.927600 0.246474
1778753884.887918 8.607427 -14.050244 0.266276 -0.237674 -0.140794 -0.930142 0.241918
1778753884.941454 8.562786 -14.068193 0.271706 -0.245900 -0.139676 -0.927143 0.245827
1778753884.994834 8.526911 -14.091918 0.355055 -0.248792 -0.142205 -0.918321 0.273072
1778753885.049220 8.553173 -14.117009 0.350904 -0.309423 -0.104100 -0.899497 0.290389
1778753885.099703 8.546641 -14.166584 0.347793 -0.318085 -0.094561 -0.886260 0.323146
1778753885.154539 8.530307 -14.187380 0.279276 -0.296058 -0.066002 -0.879833 0.365907
1778753885.209742 8.513612 -14.203930 0.281994 -0.285485 -0.056140 -0.866767 0.405044
1778753885.263181 8.501699 -14.214131 0.293531 -0.290740 -0.047635 -0.855202 0.426415
1778753885.315164 8.473268 -14.237926 0.368897 -0.307139 -0.090516 -0.826783 0.462497
1778753885.367160 8.462981 -14.272877 0.382609 -0.323417 -0.077879 -0.812295 0.479075
1778753885.432793 8.445728 -14.298332 0.324088 -0.330709 -0.099503 -0.794584 0.499368
1778753885.483042 8.431633 -14.325541 0.259837 -0.331884 -0.095860 -0.788111 0.509455
1778753885.529664 8.414987 -14.351895 0.251267 -0.326849 -0.100188 -0.792921 0.504389
1778753885.594465 8.403776 -14.366439 0.240064 -0.319467 -0.102612 -0.803360 0.491960
1778753885.636645 8.395230 -14.378768 0.213628 -0.303596 -0.118337 -0.817676 0.474585
1778753885.688581 8.383536 -14.393840 0.263251 -0.287777 -0.131994 -0.829112 0.460799
1778753885.743042 8.372022 -14.414411 0.322503 -0.275505 -0.135677 -0.841127 0.445191
1778753885.794763 8.348921 -14.443915 0.303188 -0.246847 -0.110554 -0.860499 0.431725
1778753885.848171 8.337929 -14.475451 0.314447 -0.221868 -0.074438 -0.872669 0.428583
1778753885.899856 8.320342 -14.494747 0.320455 -0.228094 -0.075522 -0.877582 0.414873
1778753885.956832 8.297914 -14.513113 0.389552 -0.244897 -0.088534 -0.875972 0.406031
1778753886.007671 8.280208 -14.530110 0.304955 -0.278474 -0.089658 -0.876197 0.383006
1778753886.061100 8.270292 -14.537985 0.288326 -0.288357 -0.082357 -0.879631 0.369212
1778753886.116615 8.253102 -14.562281 0.260580 -0.284986 -0.065564 -0.882985 0.367181
1778753886.167441 8.238818 -14.579902 0.239824 -0.288128 -0.071519 -0.886779 0.354246
1778753886.220829 8.229653 -14.598322 0.254621 -0.285707 -0.087307 -0.884917 0.357310
1778753886.274573 8.217642 -14.620794 0.282060 -0.282308 -0.104509 -0.881320 0.364219
1778753886.328040 8.203286 -14.646616 0.324639 -0.282819 -0.118217 -0.878643 0.366094
1778753886.382981 8.182517 -14.680608 0.359790 -0.268460 -0.118175 -0.880836 0.371606
1778753886.433391 8.156082 -14.703112 0.333338 -0.200569 -0.122441 -0.890101 0.390514
1778753886.488838 8.130202 -14.729440 0.317874 -0.183785 -0.108281 -0.895717 0.390115
1778753886.548243 8.117167 -14.747508 0.301725 -0.190055 -0.093362 -0.898568 0.384367
1778753886.601160 8.077768 -14.773122 0.305351 -0.187729 -0.109680 -0.895251 0.388915
1778753886.648167 8.046974 -14.800790 0.319312 -0.183980 -0.105424 -0.896599 0.388777
1778753886.704662 8.017715 -14.828372 0.275077 -0.189524 -0.093123 -0.897979 0.386060
1778753886.754871 7.974941 -14.858500 0.297958 -0.200369 -0.098961 -0.897254 0.380781
1778753886.813696 7.943528 -14.896599 0.335352 -0.195683 -0.100837 -0.897535 0.382062
1778753886.863638 7.913507 -14.939329 0.346417 -0.214314 -0.067322 -0.902539 0.367369
1778753886.921129 7.878723 -14.972999 0.235905 -0.206107 -0.070343 -0.898014 0.382286
1778753886.969705 7.840546 -14.990338 0.236384 -0.211710 -0.094467 -0.889237 0.394351
1778753887.019929 7.813249 -15.019153 0.264959 -0.231429 -0.096646 -0.886660 0.388502
1778753887.077363 7.785349 -15.039385 0.288120 -0.240025 -0.094013 -0.886335 0.384656
1778753887.124070 7.747879 -15.079316 0.363678 -0.229839 -0.094456 -0.887961 0.387011
1778753887.189650 7.711521 -15.111297 0.260354 -0.228298 -0.094228 -0.892645 0.377077
1778753887.234366 7.688313 -15.144332 0.236217 -0.244488 -0.092243 -0.889215 0.375517
1778753887.286972 7.657366 -15.178248 0.247883 -0.269568 -0.093642 -0.881819 0.375446
1778753887.353912 7.630008 -15.208939 0.270322 -0.271324 -0.101960 -0.878002 0.380920
1778753887.392513 7.603982 -15.238969 0.301171 -0.258015 -0.106556 -0.877983 0.388871
1778753887.452568 7.578915 -15.276029 0.362676 -0.236361 -0.106365 -0.884862 0.387092
1778753887.496234 7.581563 -15.290046 0.308267 -0.224610 -0.067377 -0.902010 0.362477
1778753887.548283 7.567751 -15.314173 0.284797 -0.181973 -0.042648 -0.918121 0.349458
1778753887.605409 7.567878 -15.369167 0.299866 -0.166451 0.040969 -0.932831 0.316927
1778753887.660388 7.641960 -15.337063 0.337110 -0.158833 0.033695 -0.944550 0.285414
1778753887.711696 7.614173 -15.366309 0.281922 -0.187264 0.044853 -0.954162 0.229119
1778753887.761271 7.564210 -15.367919 0.284533 -0.145618 0.068728 -0.966762 0.198604
1778753887.815541 7.546858 -15.368146 0.275989 -0.091072 0.055821 -0.977968 0.179357
1778753887.870244 7.514475 -15.400533 0.273183 -0.027747 0.041725 -0.985321 0.163190
1778753887.922473 7.497005 -15.413669 0.284257 -0.046956 0.049752 -0.989500 0.127316
1778753887.976238 7.454779 -15.415833 0.305935 -0.049141 0.020824 -0.993845 0.097074
1778753888.029310 7.397057 -15.401951 0.329978 -0.065477 -0.012564 -0.996747 0.045270
1778753888.094591 7.342281 -15.383898 0.324348 -0.070577 -0.052564 -0.996120 0.001216
1778753888.140461 7.309851 -15.387012 0.321001 -0.028857 -0.062557 -0.997091 -0.032619
1778753888.196390 7.246389 -15.365852 0.296874 -0.019724 -0.067205 -0.994957 -0.071800
1778753888.249176 7.191363 -15.361805 0.293108 -0.013797 -0.048684 -0.993241 -0.104460
1778753888.297892 7.137104 -15.342029 0.286299 -0.018251 -0.068323 -0.989655 -0.124828
1778753888.360553 7.085929 -15.333489 0.295120 -0.014079 -0.066402 -0.986981 -0.145815
1778753888.403897 7.033809 -15.317427 0.306334 -0.019011 -0.047833 -0.984480 -0.167780
1778753888.457989 6.983582 -15.286318 0.290848 -0.034543 -0.072746 -0.981272 -0.174985
1778753888.514225 6.935621 -15.278003 0.282528 -0.044483 -0.045495 -0.979145 -0.192944
1778753888.568721 6.881032 -15.250847 0.294740 -0.059916 -0.036474 -0.976022 -0.206059
1778753888.627299 6.829121 -15.229573 0.311375 -0.063742 -0.028462 -0.975035 -0.210792
1778753888.674464 6.779496 -15.214736 0.298323 -0.065762 0.003505 -0.977892 -0.198472
1778753888.727135 6.742001 -15.198773 0.300467 -0.061543 -0.006909 -0.983470 -0.170151
1778753888.779340 6.681138 -15.187641 0.309936 -0.059201 0.011491 -0.988666 -0.137485
1778753888.839708 6.625721 -15.176589 0.316277 -0.063028 0.031374 -0.992914 -0.095729
1778753888.890841 6.611461 -15.161211 0.302022 -0.063991 0.045814 -0.996100 -0.039888
1778753888.948291 6.560502 -15.160836 0.302696 -0.047503 0.061461 -0.996931 0.009776
1778753889.006624 6.495890 -15.167888 0.317197 -0.058377 0.063707 -0.994017 0.066809
1778753889.066066 6.436039 -15.188520 0.303397 -0.062538 0.057113 -0.989571 0.116520
1778753889.098312 6.380087 -15.208139 0.312905 -0.039641 0.039269 -0.985644 0.159350
1778753889.159051 6.322711 -15.225796 0.315370 -0.028237 0.032159 -0.982048 0.183715
1778753889.205475 6.267269 -15.252332 0.291890 -0.030596 0.043872 -0.980250 0.190393
1778753889.264264 6.244414 -15.254888 0.297438 -0.028963 0.024439 -0.983474 0.177038
1778753889.310121 6.195200 -15.273349 0.305551 -0.029325 0.018674 -0.987682 0.152567
1778753889.364749 6.144793 -15.285549 0.297946 -0.043517 0.018070 -0.990902 0.126071
1778753889.418425 6.086702 -15.295903 0.284080 -0.050697 0.009756 -0.994388 0.092342
1778753889.470884 6.066703 -15.292812 0.286659 -0.007183 -0.021394 -0.996785 0.076880
1778753889.526498 6.010214 -15.303430 0.306681 0.007036 -0.035679 -0.997914 0.053343
1778753889.577532 5.951338 -15.307633 0.317031 0.003077 -0.028011 -0.999203 0.028280
1778753889.627801 5.887361 -15.303734 0.307222 0.010694 -0.025085 -0.999578 0.009989
1778753889.689448 5.857289 -15.301050 0.311391 0.012210 -0.035158 -0.999290 -0.005918
1778753889.734803 5.793069 -15.303033 0.316623 0.001460 -0.027495 -0.999423 -0.019879
1778753889.789606 5.725042 -15.300083 0.320171 -0.008916 -0.019039 -0.999466 -0.025021
1778753889.843976 5.683075 -15.301444 0.311284 0.002245 -0.007304 -0.999904 -0.011555
1778753889.901294 5.614296 -15.296030 0.316881 0.006327 -0.012539 -0.999827 0.012164
1778753889.951525 5.561275 -15.298574 0.318164 0.001792 -0.006744 -0.999597 0.027502
1778753890.001372 5.493261 -15.302137 0.309919 -0.004092 -0.005399 -0.999053 0.042970
1778753890.059480 5.466237 -15.304962 0.309277 0.021377 0.000879 -0.999040 0.038215
1778753890.111180 5.411373 -15.310587 0.312664 0.008541 0.010494 -0.999422 0.031179
1778753890.167248 5.350858 -15.317684 0.305588 -0.011222 0.013129 -0.999440 0.028658
1778753890.222206 5.285695 -15.314090 0.298251 -0.007575 0.002999 -0.999632 0.025869
1778753890.270511 5.233299 -15.318341 0.305275 0.017338 -0.011541 -0.999475 0.024829
1778753890.331570 5.178284 -15.322977 0.312045 0.018298 -0.008069 -0.999430 0.027210
1778753890.375389 5.114833 -15.326626 0.308247 0.010478 -0.002898 -0.998960 0.044271
1778753890.439378 5.088109 -15.328508 0.309470 0.015384 0.006058 -0.997114 0.074102
1778753890.482607 5.059673 -15.332561 0.317989 0.022451 0.017832 -0.993829 0.107152
1778753890.543845 5.008650 -15.350099 0.310776 0.015946 0.014656 -0.989022 0.146176
1778753890.594478 4.950195 -15.375700 0.314652 -0.000677 0.035463 -0.981339 0.188986
1778753890.648649 4.895760 -15.386542 0.316878 0.005573 0.013247 -0.975286 0.220481
1778753890.709324 4.851290 -15.411078 0.285271 -0.003629 0.018633 -0.968597 0.247910
1778753890.754519 4.848292 -15.415035 0.297580 0.001246 0.031671 -0.962253 0.270306
1778753890.809328 4.798401 -15.438789 0.304331 0.016615 0.033990 -0.958987 0.280914
1778753890.862599 4.743355 -15.473363 0.310596 0.009957 0.030712 -0.954221 0.297354
1778753890.914633 4.687962 -15.510633 0.295543 0.011639 0.024231 -0.949756 0.311834
1778753890.975597 4.700178 -15.508353 0.300689 -0.002321 0.028568 -0.946533 0.321330
1778753891.022295 4.651284 -15.543987 0.310892 -0.002402 0.021602 -0.942950 0.332225
1778753891.084146 4.601930 -15.583024 0.304953 -0.011941 0.020396 -0.940477 0.339035
1778753891.127337 4.585430 -15.593654 0.302279 -0.001658 0.017723 -0.937665 0.347085
1778753891.181505 4.551260 -15.626245 0.308722 0.004685 0.025495 -0.937158 0.347940
1778753891.241631 4.505682 -15.668184 0.313540 -0.004818 0.019380 -0.934695 0.354890
1778753891.285907 4.455487 -15.712132 0.296161 -0.008114 0.012406 -0.932291 0.361406
1778753891.346240 4.442307 -15.719740 0.303727 -0.008960 0.021765 -0.930106 0.366535
1778753891.393766 4.397746 -15.757760 0.311786 -0.009107 0.008957 -0.929013 0.369828
1778753891.449093 4.353201 -15.798954 0.316284 -0.017243 0.008094 -0.928750 0.370217
1778753891.505242 4.307712 -15.843330 0.306938 -0.012168 0.016070 -0.928150 0.371661
1778753891.554876 4.265299 -15.876654 0.311381 0.001068 0.010471 -0.928507 0.371165
1778753891.611593 4.223736 -15.916822 0.316236 -0.008897 0.007874 -0.927643 0.373280
1778753891.662925 4.175789 -15.963363 0.317625 -0.016699 0.003453 -0.925986 0.377174
1778753891.724532 4.135642 -15.996872 0.310528 0.000353 0.004468 -0.925193 0.379471
1778753891.772724 4.100967 -16.033131 0.313311 0.007744 -0.001682 -0.924044 0.382204
1778753891.837632 4.058272 -16.075157 0.316013 0.000883 0.000228 -0.924848 0.380336
1778753891.892418 4.001803 -16.120249 0.305723 0.006012 -0.000614 -0.924396 0.381386
1778753891.943827 3.987621 -16.133480 0.311065 0.012814 0.001810 -0.926514 0.376039
1778753892.002379 3.947100 -16.171812 0.314760 0.002670 0.001023 -0.926721 0.375740
1778753892.048772 3.902994 -16.215588 0.304925 -0.004770 -0.001081 -0.925812 0.377954
1778753892.103789 3.884385 -16.237583 0.305607 -0.009173 0.011382 -0.925811 0.377704
1778753892.153423 3.844063 -16.273235 0.314879 -0.006996 -0.000073 -0.923909 0.382550
1778753892.209944 3.803316 -16.315485 0.318568 -0.015078 0.001093 -0.924134 0.381770
1778753892.269966 3.757614 -16.356407 0.309782 -0.010231 0.003440 -0.923753 0.382838
1778753892.317446 3.743853 -16.371063 0.310861 -0.004192 0.011317 -0.924783 0.380303
1778753892.373959 3.702805 -16.412516 0.314168 -0.015913 0.010834 -0.923972 0.381975
1778753892.424140 3.656515 -16.457039 0.305847 -0.023413 0.007106 -0.922482 0.385263
1778753892.480610 3.616074 -16.497206 0.305765 -0.012952 0.010640 -0.922464 0.385719
1778753892.530886 3.577184 -16.538059 0.306963 -0.005507 -0.008441 -0.919611 0.392702
1778753892.583581 3.538957 -16.575239 0.316547 -0.012168 -0.012492 -0.919489 0.392728
1778753892.645213 3.489832 -16.615276 0.322712 -0.024174 -0.011680 -0.919489 0.392198
1778753892.689296 3.481852 -16.631075 0.309938 -0.000788 0.001258 -0.920164 0.391530
1778753892.744354 3.436704 -16.669422 0.314032 0.007180 0.007518 -0.920506 0.390591
1778753892.798426 3.391470 -16.714392 0.315963 0.005259 0.004738 -0.920166 0.391464
1778753892.851035 3.349716 -16.764297 0.301696 -0.002237 0.020186 -0.920851 0.389386
1778753892.913118 3.305733 -16.794811 0.307995 0.006738 -0.011134 -0.918016 0.396329
1778753892.957781 3.271146 -16.834625 0.316719 0.003418 -0.009311 -0.917485 0.397646
1778753893.020421 3.222079 -16.880251 0.320989 -0.005070 -0.005524 -0.917511 0.397639
1778753893.067528 3.205200 -16.897221 0.312379 0.013833 0.001422 -0.917679 0.397079
1778753893.122098 3.158859 -16.942015 0.314962 0.014554 0.010624 -0.918353 0.395353
1778753893.176876 3.112951 -16.988935 0.316446 0.006982 0.008541 -0.917764 0.396973
1778753893.227802 3.078881 -17.033640 0.305361 0.001776 0.021774 -0.918002 0.395974
1778753893.280546 3.032793 -17.063883 0.311887 0.007801 0.002515 -0.915986 0.401126
1778753893.333590 2.995373 -17.104774 0.317626 0.002922 0.000600 -0.917119 0.398602
1778753893.382097 2.952209 -17.146683 0.320126 -0.006238 0.001864 -0.917527 0.397620
1778753893.434446 2.949149 -17.150253 0.309691 0.010664 0.007681 -0.917762 0.396914
1778753893.487638 2.912483 -17.185472 0.314803 0.010986 0.008541 -0.918612 0.394916
1778753893.547793 2.868628 -17.233553 0.318026 -0.003596 0.007751 -0.917702 0.397179
1778753893.604415 2.817158 -17.291744 0.308917 -0.002199 0.005484 -0.916972 0.398908
1778753893.656744 2.804421 -17.299276 0.312940 0.005724 0.010663 -0.914676 0.404008
1778753893.708174 2.771503 -17.338490 0.317637 -0.000037 0.009627 -0.908186 0.418456
1778753893.760391 2.734687 -17.382639 0.315515 -0.015072 0.007340 -0.895687 0.444370
1778753893.824355 2.708495 -17.425882 0.302679 -0.022431 0.020948 -0.878379 0.476979
1778753893.867687 2.678035 -17.469946 0.310730 -0.006846 0.036617 -0.864100 0.501940
1778753893.924101 2.643329 -17.525368 0.316595 -0.006055 0.023288 -0.849477 0.527077
1778753893.973568 2.620270 -17.583954 0.303027 -0.011193 0.023190 -0.837820 0.545339
1778753894.029581 2.598830 -17.629147 0.309130 -0.024412 0.016757 -0.828061 0.559855
1778753894.081763 2.570979 -17.683603 0.314338 -0.018672 0.006660 -0.817398 0.575732
1778753894.133055 2.555317 -17.734972 0.286228 -0.031571 0.008770 -0.807337 0.589180
1778753894.187179 2.555010 -17.739847 0.300795 -0.020938 0.011891 -0.800717 0.598559
1778753894.241195 2.538802 -17.787638 0.308960 -0.007540 0.010241 -0.806508 0.591087
1778753894.294579 2.521796 -17.838003 0.314801 -0.016157 0.008631 -0.814753 0.579519
1778753894.344779 2.500297 -17.892836 0.302216 -0.024081 -0.000509 -0.830099 0.557096
1778753894.397803 2.482478 -17.905071 0.304126 0.000617 -0.009655 -0.847485 0.530731
1778753894.457019 2.460815 -17.948847 0.314913 0.010058 -0.006376 -0.864709 0.502131
1778753894.502767 2.441664 -17.997953 0.315627 -0.002305 0.004399 -0.884386 0.466731
1778753894.560005 2.415953 -18.029934 0.301788 0.004899 -0.003783 -0.896277 0.443451
1778753894.617275 2.396022 -18.061180 0.305328 -0.002895 -0.024947 -0.909838 0.414203
1778753894.662021 2.373479 -18.094797 0.307216 0.000549 -0.021579 -0.919915 0.391524
1778753894.721144 2.340762 -18.122854 0.303922 0.008690 -0.025080 -0.927274 0.373442
1778753894.770582 2.314026 -18.145967 0.298354 0.008216 -0.008326 -0.934032 0.356999
1778753894.826262 2.292324 -18.157478 0.299901 0.002207 -0.013791 -0.938363 0.345369
1778753894.876580 2.278810 -18.169373 0.308709 0.002833 -0.010783 -0.941191 0.337690
1778753894.926927 2.264587 -18.181595 0.312221 0.005728 -0.007603 -0.944205 0.329220
1778753894.984320 2.250728 -18.192112 0.313286 0.008864 -0.007854 -0.946104 0.323646
1778753895.037746 2.241805 -18.204500 0.311012 0.009768 -0.003667 -0.946862 0.321471
1778753895.101832 2.231410 -18.210506 0.311005 0.010995 -0.008137 -0.945404 0.325614
1778753895.155878 2.226878 -18.217602 0.309910 0.009878 -0.005719 -0.945321 0.325943
1778753895.202599 2.222121 -18.221819 0.308174 0.009316 -0.004902 -0.945393 0.325763
1778753895.259310 2.217587 -18.226507 0.308033 0.006522 -0.002990 -0.945005 0.326977
1778753895.307393 2.214818 -18.230051 0.308614 0.004298 -0.000923 -0.944478 0.328545
1778753895.361654 2.212259 -18.233332 0.309059 0.004626 -0.000356 -0.943798 0.330490
1778753895.415816 2.211414 -18.235037 0.309523 0.003942 0.000170 -0.943153 0.332334
1778753895.469246 2.210434 -18.235981 0.309648 0.002406 0.001740 -0.942571 0.333993
1778753895.521950 2.207598 -18.236835 0.309187 0.002481 0.001305 -0.942307 0.334738
1778753895.573819 2.205000 -18.237610 0.308588 0.001586 0.002017 -0.941978 0.335664
1778753895.632209 2.203546 -18.239748 0.307747 0.001703 0.002748 -0.941279 0.337614
1778753895.681936 2.203021 -18.241615 0.307895 0.000615 0.004109 -0.941068 0.338191
1778753895.733665 2.202632 -18.242889 0.307818 0.000421 0.004957 -0.940873 0.338722
1778753895.787662 2.202534 -18.243486 0.308359 0.000114 0.005091 -0.940665 0.339299
1778753895.841058 2.202142 -18.243750 0.308142 0.000150 0.005129 -0.940529 0.339675
1778753895.894568 2.201901 -18.243868 0.308081 0.000235 0.005078 -0.940534 0.339661
1778753895.947565 2.201738 -18.244009 0.308056 0.000383 0.005127 -0.940534 0.339661
1778753896.006265 2.201658 -18.244179 0.308083 0.000527 0.005295 -0.940493 0.339772
1778753896.054855 2.201646 -18.244293 0.308092 0.000650 0.005446 -0.940503 0.339742
1778753896.108127 2.201571 -18.244318 0.308112 0.000794 0.005463 -0.940505 0.339735
1778753896.161157 2.201512 -18.244282 0.308138 0.000932 0.005417 -0.940474 0.339822
1778753896.214070 2.201460 -18.244316 0.308155 0.001032 0.005425 -0.940491 0.339774
1778753896.271219 2.201411 -18.244402 0.308168 0.001190 0.005536 -0.940485 0.339788
1778753896.317480 2.201300 -18.244469 0.308174 0.001387 0.005575 -0.940487 0.339782
1778753896.385859 2.201207 -18.244503 0.308208 0.001592 0.005598 -0.940475 0.339813
1778753896.431450 2.201148 -18.244513 0.308241 0.001747 0.005596 -0.940504 0.339731
1778753896.484235 2.201091 -18.244574 0.308262 0.001884 0.005657 -0.940513 0.339704
1778753896.538702 2.201012 -18.244638 0.308292 0.002048 0.005712 -0.940515 0.339698
1778753896.595401 2.200952 -18.244665 0.308311 0.002204 0.005748 -0.940513 0.339703
1778753896.648251 2.200913 -18.244715 0.308328 0.002336 0.005809 -0.940508 0.339715
1778753896.700687 2.200853 -18.244720 0.308339 0.002462 0.005779 -0.940536 0.339637
1778753896.756919 2.200790 -18.244751 0.308358 0.002611 0.005810 -0.940532 0.339647
1778753896.807727 2.200720 -18.244770 0.308390 0.002778 0.005828 -0.940517 0.339685
1778753896.861180 2.200662 -18.244795 0.308411 0.002933 0.005852 -0.940502 0.339725
1778753896.914591 2.200625 -18.244844 0.308436 0.003022 0.005904 -0.940499 0.339732
1778753896.972421 2.200501 -18.244877 0.308469 0.003205 0.005885 -0.940526 0.339655
1778753897.032721 2.200437 -18.244884 0.308488 0.003353 0.005871 -0.940533 0.339636
1778753897.079348 2.200407 -18.244902 0.308518 0.003451 0.005915 -0.940517 0.339678
1778753897.133874 2.200371 -18.244944 0.308533 0.003582 0.005969 -0.940504 0.339711
1778753897.192029 2.200313 -18.244963 0.308549 0.003705 0.005961 -0.940523 0.339659
1778753897.242692 2.200245 -18.244982 0.308559 0.003834 0.005972 -0.940539 0.339612
1778753897.294482 2.200207 -18.245001 0.308572 0.003964 0.006001 -0.940524 0.339652
1778753897.348977 2.200216 -18.245024 0.308583 0.004072 0.006066 -0.940502 0.339710
1778753897.405645 2.200230 -18.245005 0.308601 0.004153 0.006088 -0.940515 0.339673
