# raw base_link odometry (TUM format), robot's own estimator
1778756366.225555 0.871836 -31.009483 0.049653 -0.028384 0.042321 -0.453180 -0.889961
1778756366.269785 0.871870 -31.009449 0.049717 -0.028448 0.042259 -0.453185 -0.889960
1778756366.322788 0.871933 -31.009405 0.049883 -0.028654 0.042053 -0.453180 -0.889965
1778756366.372711 0.871997 -31.009323 0.050046 -0.028900 0.041824 -0.453223 -0.889946
1778756366.426671 0.872053 -31.009214 0.050245 -0.029028 0.041648 -0.453034 -0.890047
1778756366.479633 0.872075 -31.009077 0.050439 -0.029168 0.041521 -0.452757 -0.890189
1778756366.533181 0.872122 -31.008947 0.050592 -0.029345 0.041367 -0.452571 -0.890285
1778756366.608644 0.872177 -31.008793 0.050782 -0.029360 0.041223 -0.452503 -0.890326
1778756366.665130 0.872225 -31.008665 0.050938 -0.029478 0.041072 -0.452324 -0.890420
1778756366.699548 0.872245 -31.008516 0.051083 -0.029500 0.040962 -0.452101 -0.890537
1778756366.746260 0.872275 -31.008368 0.051211 -0.029600 0.040873 -0.451999 -0.890590
1778756366.821123 0.872240 -31.008081 0.051340 -0.029518 0.040946 -0.452332 -0.890420
1778756366.868881 0.871664 -31.008579 0.052032 -0.028876 0.041255 -0.452212 -0.890488
1778756366.908188 0.871180 -31.010416 0.057100 -0.024517 0.037385 -0.451870 -0.890963
1778756366.956429 0.868819 -31.013830 0.064509 -0.021761 0.036903 -0.451397 -0.891294
1778756367.025133 0.865155 -31.019531 0.079137 -0.025110 0.041413 -0.451182 -0.891117
1778756367.069346 0.861492 -31.025459 0.097141 -0.029801 0.047601 -0.450814 -0.890850
1778756367.119303 0.858130 -31.030867 0.121364 -0.031094 0.048237 -0.450150 -0.891107
1778756367.176037 0.856313 -31.033848 0.144963 -0.029487 0.044439 -0.449752 -0.891560
1778756367.340435 0.855672 -31.035128 0.169584 -0.026936 0.039544 -0.449532 -0.891982
1778756367.379162 0.856173 -31.034882 0.192546 -0.024791 0.034982 -0.449252 -0.892375
1778756367.431158 0.857273 -31.033340 0.215918 -0.021811 0.030500 -0.448985 -0.892752
1778756367.433254 0.858879 -31.031183 0.238510 -0.019867 0.026995 -0.448875 -0.892966
1778756367.481419 0.860352 -31.028923 0.259222 -0.018040 0.024720 -0.448717 -0.893150
1778756367.502922 0.862783 -31.025555 0.279785 -0.016251 0.022621 -0.448790 -0.893203
1778756367.566278 0.865020 -31.022514 0.298876 -0.014991 0.021262 -0.449010 -0.893148
1778756367.602697 0.867660 -31.018675 0.312041 -0.015066 0.021315 -0.449549 -0.892874
1778756367.656184 0.870615 -31.014866 0.317616 -0.013728 0.018354 -0.448991 -0.893242
1778756367.725410 0.873063 -31.011757 0.319913 -0.012683 0.015670 -0.447782 -0.893915
1778756367.768376 0.874090 -31.010523 0.321081 -0.012140 0.014411 -0.447864 -0.893903
1778756367.833519 0.873958 -31.010702 0.321515 -0.012042 0.014245 -0.448046 -0.893816
1778756367.870275 0.873014 -31.011820 0.321626 -0.012059 0.014456 -0.448038 -0.893816
1778756367.937982 0.871901 -31.013193 0.321611 -0.012123 0.014835 -0.448735 -0.893460
1778756367.982602 0.870767 -31.014839 0.321527 -0.012442 0.015296 -0.449064 -0.893282
1778756368.030955 0.870164 -31.015642 0.321465 -0.012605 0.015563 -0.448734 -0.893441
1778756368.082353 0.870128 -31.015673 0.321449 -0.012618 0.015632 -0.448647 -0.893483
1778756368.139324 0.870389 -31.015316 0.321470 -0.012537 0.015509 -0.448643 -0.893489
1778756368.194036 0.870622 -31.015020 0.321494 -0.012522 0.015440 -0.448599 -0.893512
1778756368.246944 0.870714 -31.014833 0.321511 -0.012466 0.015413 -0.448650 -0.893488
1778756368.299447 0.870731 -31.014784 0.321519 -0.012432 0.015384 -0.448645 -0.893491
1778756368.351328 0.870719 -31.014843 0.321519 -0.012461 0.015396 -0.448646 -0.893490
1778756368.406554 0.870693 -31.014914 0.321516 -0.012492 0.015438 -0.448769 -0.893427
1778756368.459523 0.870662 -31.014904 0.321516 -0.012488 0.015466 -0.448775 -0.893424
1778756368.512551 0.870672 -31.014870 0.321518 -0.012476 0.015445 -0.448713 -0.893456
1778756368.568987 0.870733 -31.014858 0.321522 -0.012507 0.015385 -0.448645 -0.893490
1778756368.620621 0.870719 -31.014870 0.321523 -0.012501 0.015394 -0.448686 -0.893469
1778756368.668790 0.870686 -31.014843 0.321523 -0.012429 0.015412 -0.448818 -0.893404
1778756368.722777 0.870690 -31.014841 0.321523 -0.012436 0.015386 -0.448828 -0.893399
1778756368.774050 0.870754 -31.014853 0.321525 -0.012502 0.015333 -0.448730 -0.893449
1778756368.826443 0.870783 -31.014843 0.321527 -0.012502 0.015294 -0.448702 -0.893463
1778756368.878969 0.870765 -31.014862 0.321527 -0.012509 0.015329 -0.448784 -0.893421
1778756368.935261 0.870742 -31.014853 0.321529 -0.012487 0.015338 -0.448800 -0.893413
1778756368.992210 0.870748 -31.014877 0.321527 -0.012520 0.015352 -0.448676 -0.893475
1778756369.071407 0.870800 -31.014908 0.321528 -0.012595 0.015308 -0.448629 -0.893498
1778756369.096608 0.870796 -31.014862 0.321530 -0.012532 0.015287 -0.448675 -0.893476
1778756369.157843 0.870791 -31.014902 0.321529 -0.012582 0.015315 -0.448760 -0.893433
1778756369.198928 0.870795 -31.014929 0.321529 -0.012621 0.015308 -0.448709 -0.893458
1778756369.282831 0.869639 -31.017616 0.319649 -0.009491 0.018911 -0.449569 -0.892995
1778756369.315868 0.868524 -31.017120 0.318780 -0.007721 0.018494 -0.452813 -0.891380
1778756369.362473 0.865025 -31.019575 0.319000 -0.003926 0.019968 -0.456387 -0.889549
1778756369.412899 0.863707 -31.020271 0.318236 -0.000613 0.017830 -0.458842 -0.888339
1778756369.474982 0.863849 -31.019630 0.317770 0.001236 0.017509 -0.460766 -0.887348
1778756369.529952 0.865134 -31.018122 0.317418 0.001798 0.017486 -0.461772 -0.886825
1778756369.575773 0.866732 -31.016453 0.317114 0.001980 0.017145 -0.462170 -0.886624
1778756369.637466 0.867762 -31.014984 0.316796 0.002142 0.016710 -0.462640 -0.886386
1778756369.691313 0.868848 -31.013281 0.316453 0.002440 0.016201 -0.463212 -0.886096
1778756369.746180 0.869475 -31.012314 0.316264 0.002466 0.015844 -0.463618 -0.885890
1778756369.800156 0.869949 -31.011744 0.316200 0.002327 0.015765 -0.463841 -0.885775
1778756369.849170 0.870322 -31.011351 0.316157 0.002077 0.015805 -0.464013 -0.885685
1778756369.900257 0.870693 -31.010900 0.316167 0.001926 0.015730 -0.464183 -0.885598
1778756369.953470 0.871117 -31.010368 0.316164 0.001839 0.015629 -0.464247 -0.885566
1778756370.016132 0.871542 -31.009840 0.316143 0.001786 0.015544 -0.464278 -0.885551
1778756370.058764 0.871908 -31.009308 0.316134 0.001763 0.015506 -0.464359 -0.885509
1778756370.112315 0.872164 -31.008926 0.316163 0.001689 0.015470 -0.464494 -0.885440
1778756370.225833 0.872469 -31.008585 0.316140 0.001695 0.015375 -0.464437 -0.885471
1778756370.237223 0.872690 -31.008373 0.316134 0.001635 0.015356 -0.464403 -0.885489
1778756370.283599 0.872786 -31.008205 0.316143 0.001587 0.015366 -0.464551 -0.885411
1778756370.331814 0.872860 -31.008039 0.316161 0.001544 0.015376 -0.464635 -0.885367
1778756370.385929 0.873022 -31.007877 0.316154 0.001510 0.015363 -0.464613 -0.885379
1778756370.441574 0.873176 -31.007715 0.316156 0.001419 0.015368 -0.464629 -0.885371
1778756370.495282 0.873328 -31.007511 0.316147 0.001412 0.015352 -0.464643 -0.885364
1778756370.545304 0.873429 -31.007240 0.316168 0.001397 0.015377 -0.464816 -0.885273
1778756370.599295 0.873580 -31.007046 0.316192 0.001390 0.015317 -0.464826 -0.885268
1778756370.653723 0.873752 -31.006910 0.316328 0.001358 0.015265 -0.464769 -0.885299
1778756370.702056 0.873820 -31.006830 0.316231 0.001343 0.015256 -0.464795 -0.885286
1778756370.755496 0.873785 -31.006765 0.316163 0.001372 0.015250 -0.464897 -0.885233
1778756370.808290 0.873751 -31.006802 0.316155 0.001346 0.015339 -0.464889 -0.885235
1778756370.863937 0.873773 -31.006842 0.316139 0.001305 0.015320 -0.464869 -0.885246
1778756370.917192 0.873823 -31.006891 0.316191 0.001232 0.015323 -0.464841 -0.885261
1778756370.975385 0.873763 -31.006865 0.316207 0.001280 0.015374 -0.464891 -0.885233
1778756371.021858 0.873765 -31.006798 0.316320 0.001301 0.015317 -0.464972 -0.885192
1778756371.080626 0.873770 -31.006792 0.316242 0.001248 0.015334 -0.465007 -0.885174
1778756371.129045 0.873830 -31.006819 0.316208 0.001221 0.015328 -0.464923 -0.885217
1778756371.184067 0.873820 -31.006786 0.316188 0.001198 0.015318 -0.465011 -0.885172
1778756371.236800 0.873774 -31.006727 0.316171 0.001272 0.015325 -0.465082 -0.885134
1778756371.289654 0.873790 -31.006741 0.316132 0.001247 0.015301 -0.465091 -0.885130
1778756371.354512 0.873824 -31.006760 0.316147 0.001244 0.015271 -0.465029 -0.885163
1778756371.411514 0.873819 -31.006779 0.316135 0.001214 0.015286 -0.465054 -0.885149
1778756371.452172 0.873736 -31.006777 0.316145 0.001214 0.015349 -0.465140 -0.885103
1778756371.515812 0.873784 -31.006767 0.316189 0.001184 0.015325 -0.465123 -0.885113
1778756371.561494 0.873848 -31.006777 0.316184 0.001184 0.015261 -0.465040 -0.885157
1778756371.614966 0.873842 -31.006783 0.316160 0.001136 0.015262 -0.465130 -0.885110
1778756371.665972 0.873777 -31.006796 0.316169 0.001146 0.015323 -0.465158 -0.885095
1778756371.718654 0.873764 -31.006788 0.316194 0.001199 0.015338 -0.465133 -0.885107
1778756371.772994 0.873814 -31.006821 0.316196 0.001101 0.015341 -0.465104 -0.885123
1778756371.823089 0.873856 -31.006834 0.316196 0.001065 0.015320 -0.465103 -0.885123
1778756371.878917 0.873791 -31.006784 0.316199 0.001119 0.015369 -0.465162 -0.885091
1778756371.925549 0.873764 -31.006754 0.316207 0.001123 0.015362 -0.465237 -0.885052
1778756371.981039 0.873822 -31.006771 0.316228 0.001101 0.015349 -0.465143 -0.885102
1778756372.032351 0.873917 -31.006834 0.316206 0.001008 0.015314 -0.465044 -0.885155
1778756372.085488 0.873904 -31.006788 0.316211 0.001012 0.015309 -0.465147 -0.885100
1778756372.145193 0.873853 -31.006731 0.316230 0.001066 0.015299 -0.465245 -0.885049
1778756372.200521 0.873896 -31.006735 0.316196 0.001056 0.015253 -0.465178 -0.885085
1778756372.252510 0.873959 -31.006742 0.316161 0.001030 0.015212 -0.465143 -0.885104
1778756372.306589 0.873948 -31.006746 0.316172 0.001004 0.015210 -0.465192 -0.885079
1778756372.368654 0.873910 -31.006733 0.316190 0.001024 0.015263 -0.465226 -0.885060
1778756372.433811 0.873899 -31.006756 0.316201 0.000969 0.015284 -0.465256 -0.885044
1778756372.473267 0.873984 -31.006775 0.316218 0.000925 0.015244 -0.465157 -0.885096
1778756372.537263 0.873961 -31.006758 0.316206 0.000940 0.015243 -0.465206 -0.885071
1778756372.578928 0.873891 -31.006756 0.316204 0.000976 0.015304 -0.465239 -0.885052
1778756372.639109 0.873909 -31.006741 0.316197 0.000969 0.015294 -0.465281 -0.885030
1778756372.681820 0.873974 -31.006784 0.316198 0.000892 0.015248 -0.465225 -0.885061
1778756372.742308 0.874024 -31.006752 0.316210 0.000903 0.015265 -0.465127 -0.885112
1778756372.788795 0.874000 -31.006704 0.316218 0.000947 0.015283 -0.465225 -0.885060
1778756372.844113 0.874889 -31.005072 0.316290 0.000816 0.015452 -0.465341 -0.884996
1778756372.907150 0.877403 -31.001476 0.316375 -0.002870 0.014403 -0.464129 -0.885646
1778756372.957182 0.881566 -30.994507 0.313071 -0.007502 0.007968 -0.455328 -0.890257
1778756373.005474 0.889401 -30.986753 0.311761 -0.008762 0.004660 -0.433527 -0.901086
1778756373.061627 0.897699 -30.978172 0.310738 -0.004777 0.002623 -0.411199 -0.911529
1778756373.113038 0.908434 -30.969398 0.310552 -0.000267 0.004646 -0.383313 -0.923607
1778756373.172052 0.917869 -30.957882 0.308959 0.003756 0.002169 -0.371528 -0.928412
1778756373.218269 0.926200 -30.952097 0.305475 0.004002 0.000309 -0.373101 -0.927782
1778756373.274758 0.932432 -30.943344 0.303574 0.004963 0.000386 -0.371461 -0.928435
1778756373.323378 0.938460 -30.934448 0.304228 0.004767 -0.004331 -0.371212 -0.928526
1778756373.375426 0.943997 -30.923494 0.303453 0.007524 -0.006909 -0.368906 -0.929411
1778756373.431741 0.946302 -30.909370 0.298761 0.026464 -0.008185 -0.366547 -0.929987
1778756373.482020 0.949036 -30.895277 0.295231 0.033587 -0.013410 -0.365832 -0.929978
1778756373.536348 0.951149 -30.888203 0.294971 0.029424 -0.017821 -0.366535 -0.929768
1778756373.602846 0.944506 -30.888081 0.297645 0.029397 -0.021208 -0.367884 -0.929165
1778756373.642103 0.938532 -30.889700 0.299158 0.031899 -0.019911 -0.367495 -0.929265
1778756373.698477 0.930361 -30.896769 0.298208 0.034807 -0.014202 -0.366931 -0.929488
1778756373.765103 0.920150 -30.906464 0.298550 0.033884 -0.012618 -0.367020 -0.929510
1778756373.827969 0.910733 -30.917185 0.298047 0.030836 -0.008697 -0.369501 -0.928678
1778756373.866595 0.900372 -30.928171 0.297984 0.026732 -0.005967 -0.369686 -0.928753
1778756373.909386 0.889834 -30.938007 0.300285 0.024326 -0.003952 -0.368779 -0.929190
1778756373.979059 0.881204 -30.944756 0.301591 0.022814 -0.003400 -0.368258 -0.929438
1778756374.022506 0.868306 -30.954710 0.298410 0.022859 -0.003873 -0.370080 -0.928711
1778756374.076233 0.860323 -30.961802 0.298328 0.021516 0.002716 -0.367744 -0.929674
1778756374.125886 0.858439 -30.963669 0.298472 0.019300 0.004334 -0.366460 -0.930224
1778756374.192155 0.858626 -30.962854 0.297101 0.020000 0.002941 -0.367435 -0.929829
1778756374.238271 0.860782 -30.961502 0.296732 0.020743 0.000784 -0.368614 -0.929351
1778756374.303329 0.861439 -30.961456 0.296548 0.019993 -0.000321 -0.370195 -0.928739
1778756374.348050 0.863577 -30.959044 0.296287 0.020104 -0.000149 -0.370750 -0.928515
1778756374.398531 0.864619 -30.958063 0.297246 0.013694 0.004969 -0.371076 -0.928488
1778756374.461078 0.869287 -30.952101 0.299327 0.008981 0.004071 -0.372094 -0.928143
1778756374.518645 0.876873 -30.943710 0.300478 0.002172 -0.001133 -0.374504 -0.927222
1778756374.559190 0.885313 -30.935509 0.301669 -0.000222 -0.008815 -0.373649 -0.927528
1778756374.622658 0.894157 -30.925024 0.302840 0.000701 -0.013009 -0.372448 -0.927962
1778756374.667379 0.904960 -30.911671 0.303200 0.008328 -0.011502 -0.371331 -0.928392
1778756374.736108 0.919167 -30.896025 0.302539 0.014031 -0.011683 -0.371489 -0.928258
1778756374.789805 0.937245 -30.879339 0.299806 0.010256 -0.001391 -0.371649 -0.928316
1778756374.829181 0.948678 -30.864960 0.301848 0.023740 0.005511 -0.369826 -0.928781
1778756374.882680 0.958044 -30.856098 0.303754 0.023349 0.000917 -0.370998 -0.928340
1778756374.936991 0.971248 -30.845911 0.303793 0.019249 -0.007114 -0.371663 -0.928141
1778756374.995393 0.979947 -30.839783 0.303673 0.020839 -0.010488 -0.372000 -0.927940
1778756375.041767 0.984892 -30.837624 0.304759 0.017646 -0.005659 -0.373343 -0.927508
1778756375.097106 0.986133 -30.836866 0.305895 0.020146 -0.001721 -0.375343 -0.926665
1778756375.150372 0.985873 -30.837875 0.305958 0.017510 0.000594 -0.377030 -0.926035
1778756375.202417 0.984128 -30.838779 0.306684 0.017766 0.003192 -0.377979 -0.925638
1778756375.253377 0.983168 -30.839346 0.306859 0.017811 0.004175 -0.377943 -0.925648
1778756375.321558 0.982994 -30.839439 0.306941 0.017728 0.004663 -0.378125 -0.925573
1778756375.372298 0.983411 -30.839155 0.306968 0.017650 0.004415 -0.378409 -0.925460
1778756375.413134 0.983968 -30.838814 0.306995 0.017462 0.004219 -0.378634 -0.925372
1778756375.465722 0.984198 -30.838600 0.307019 0.017492 0.004078 -0.378864 -0.925278
1778756375.522858 0.984191 -30.838596 0.307028 0.017479 0.004109 -0.378916 -0.925257
1778756375.574920 0.984078 -30.838631 0.307028 0.017528 0.004199 -0.378889 -0.925267
1778756375.637562 0.984070 -30.838625 0.307025 0.017529 0.004202 -0.378853 -0.925281
1778756375.688665 0.984155 -30.838579 0.307028 0.017498 0.004154 -0.378799 -0.925304
1778756375.735362 0.984207 -30.838539 0.307032 0.017507 0.004124 -0.378844 -0.925286
1778756375.791493 0.984180 -30.838537 0.307034 0.017542 0.004164 -0.378875 -0.925272
1778756375.849081 0.984134 -30.838528 0.307032 0.017559 0.004242 -0.378925 -0.925251
1778756375.931149 0.984185 -30.838520 0.307032 0.017515 0.004187 -0.378868 -0.925276
1778756375.955335 0.984246 -30.838533 0.307033 0.017447 0.004131 -0.378810 -0.925301
1778756376.020883 0.984239 -30.838560 0.307033 0.017437 0.004151 -0.378861 -0.925280
1778756376.062653 0.984211 -30.838556 0.307033 0.017446 0.004170 -0.378898 -0.925265
1778756376.121008 0.984206 -30.838522 0.307033 0.017495 0.004172 -0.378949 -0.925243
1778756376.166611 0.984204 -30.838543 0.307031 0.017439 0.004229 -0.378923 -0.925254
1778756376.223316 0.984257 -30.838589 0.307033 0.017357 0.004199 -0.378905 -0.925263
1778756376.274060 0.984283 -30.838602 0.307032 0.017308 0.004150 -0.378950 -0.925246
1778756376.325473 0.984258 -30.838583 0.307032 0.017332 0.004176 -0.379023 -0.925215
1778756376.378560 0.984243 -30.838556 0.307034 0.017377 0.004201 -0.378953 -0.925243
1778756376.435684 0.984272 -30.838602 0.307034 0.017315 0.004187 -0.378935 -0.925252
1778756376.488909 0.984261 -30.838625 0.307034 0.017292 0.004174 -0.378938 -0.925251
1778756376.547449 0.984264 -30.838612 0.307033 0.017320 0.004158 -0.378966 -0.925239
1778756376.598749 0.984248 -30.838568 0.307035 0.017379 0.004171 -0.378897 -0.925267
1778756376.665624 0.984286 -30.838596 0.307035 0.017318 0.004144 -0.378830 -0.925295
1778756376.706108 0.984292 -30.838621 0.307035 0.017262 0.004150 -0.378883 -0.925274
1778756376.761788 0.984309 -30.838625 0.307035 0.017259 0.004117 -0.378864 -0.925282
1778756376.816067 0.984306 -30.838591 0.307036 0.017298 0.004109 -0.378872 -0.925279
1778756376.864985 0.984303 -30.838608 0.307037 0.017275 0.004116 -0.378841 -0.925291
1778756376.918176 0.984324 -30.838675 0.307036 0.017185 0.004104 -0.378800 -0.925310
1778756376.972714 0.984331 -30.838671 0.307035 0.017174 0.004105 -0.378881 -0.925277
1778756377.025872 0.984335 -30.838625 0.307036 0.017217 0.004082 -0.378845 -0.925291
1778756377.077651 0.984373 -30.838627 0.307037 0.017194 0.004048 -0.378812 -0.925305
1778756377.145316 0.984362 -30.838703 0.307037 0.017103 0.004091 -0.378790 -0.925316
1778756377.183351 0.984363 -30.838703 0.307035 0.017113 0.004077 -0.378833 -0.925298
1778756377.247550 0.984362 -30.838684 0.307035 0.017128 0.004082 -0.378810 -0.925307
1778756377.288883 0.984355 -30.838634 0.307037 0.017178 0.004084 -0.378795 -0.925312
1778756377.352033 0.984356 -30.838680 0.307036 0.017109 0.004112 -0.378728 -0.925341
1778756377.397742 0.984355 -30.838697 0.307035 0.017109 0.004115 -0.378812 -0.925306
1778756377.450853 0.984353 -30.838675 0.307035 0.017121 0.004118 -0.378823 -0.925302
1778756377.501299 0.984349 -30.838657 0.307036 0.017145 0.004118 -0.378764 -0.925325
1778756377.556978 0.984355 -30.838652 0.307037 0.017153 0.004109 -0.378804 -0.925309
1778756377.614495 0.984354 -30.838720 0.307036 0.017081 0.004110 -0.378785 -0.925318
1778756377.672031 0.984333 -30.838722 0.307034 0.017084 0.004139 -0.378852 -0.925291
1778756377.720345 0.984336 -30.838696 0.307034 0.017106 0.004152 -0.378834 -0.925297
1778756377.771215 0.984370 -30.838671 0.307036 0.017100 0.004112 -0.378766 -0.925325
1778756377.828480 0.984383 -30.838715 0.307036 0.017023 0.004123 -0.378819 -0.925305
1778756377.885277 0.984385 -30.838705 0.307035 0.017038 0.004119 -0.378849 -0.925292
1778756377.931219 0.984379 -30.838715 0.307035 0.017033 0.004108 -0.378835 -0.925298
1778756377.989609 0.984407 -30.838673 0.307036 0.017064 0.004063 -0.378850 -0.925292
1778756378.034515 0.984426 -30.838655 0.307038 0.017074 0.004031 -0.378834 -0.925298
1778756378.091340 0.984440 -30.838717 0.307037 0.016988 0.004039 -0.378815 -0.925308
1778756378.142942 0.984423 -30.838692 0.307036 0.017034 0.004057 -0.378866 -0.925286
1778756378.198108 0.984376 -30.838697 0.307036 0.017053 0.004107 -0.378806 -0.925310
1778756378.256382 0.984409 -30.838688 0.307035 0.017067 0.004052 -0.378788 -0.925317
1778756378.308987 0.984420 -30.838730 0.307036 0.016984 0.004050 -0.378822 -0.925305
1778756378.376745 0.984422 -30.838671 0.307036 0.017066 0.004053 -0.378865 -0.925286
1778756378.414683 0.984427 -30.838625 0.307037 0.017118 0.004040 -0.378821 -0.925303
1778756378.476267 0.984437 -30.838669 0.307038 0.017048 0.004043 -0.378740 -0.925337
1778756378.524534 0.984462 -30.838673 0.307038 0.017029 0.004015 -0.378839 -0.925297
1778756378.581719 0.984460 -30.838657 0.307037 0.017049 0.003995 -0.378841 -0.925296
1778756378.638007 0.984434 -30.838602 0.307038 0.017149 0.003996 -0.378811 -0.925307
1778756378.684646 0.984452 -30.838598 0.307040 0.017137 0.003979 -0.378821 -0.925303
1778756378.738959 0.984470 -30.838673 0.307038 0.017039 0.003956 -0.378851 -0.925293
1778756378.797751 0.984448 -30.838692 0.307037 0.017054 0.003997 -0.378921 -0.925263
1778756378.845442 0.984433 -30.838659 0.307037 0.017087 0.004008 -0.378957 -0.925248
1778756378.899074 0.984460 -30.838583 0.307039 0.017165 0.003946 -0.378937 -0.925255
1778756378.952143 0.984480 -30.838646 0.307039 0.017075 0.003935 -0.378910 -0.925268
1778756379.013924 0.984503 -30.838663 0.307039 0.017054 0.003891 -0.378985 -0.925238
1778756379.064803 0.984498 -30.838625 0.307039 0.017105 0.003904 -0.379003 -0.925229
1778756379.115334 0.984478 -30.838589 0.307040 0.017149 0.003930 -0.379004 -0.925228
1778756379.175067 0.984506 -30.838600 0.307041 0.017117 0.003910 -0.378985 -0.925236
1778756379.222561 0.984541 -30.838617 0.307040 0.017072 0.003853 -0.379000 -0.925231
1778756379.275095 0.984532 -30.838608 0.307040 0.017098 0.003859 -0.378992 -0.925234
1778756379.330347 0.984511 -30.838593 0.307040 0.017119 0.003879 -0.378962 -0.925246
1778756379.381280 0.984540 -30.838579 0.307041 0.017131 0.003834 -0.378921 -0.925263
1778756379.434779 0.984521 -30.838636 0.307042 0.017063 0.003888 -0.378885 -0.925278
1778756379.499777 0.984530 -30.838655 0.307040 0.017035 0.003877 -0.378979 -0.925240
1778756379.545652 0.984510 -30.838625 0.307040 0.017076 0.003920 -0.378975 -0.925241
1778756379.613945 0.984483 -30.838640 0.307040 0.017057 0.003955 -0.378907 -0.925269
1778756379.653181 0.984498 -30.838669 0.307039 0.017025 0.003956 -0.378942 -0.925256
1778756379.712996 0.984502 -30.838696 0.307039 0.016977 0.003942 -0.378951 -0.925253
1778756379.757872 0.984498 -30.838667 0.307039 0.017011 0.003942 -0.378905 -0.925271
1778756379.809948 0.984503 -30.838634 0.307039 0.017045 0.003931 -0.378900 -0.925272
1778756379.861199 0.984540 -30.838680 0.307040 0.016950 0.003906 -0.378893 -0.925277
1778756379.931816 0.984529 -30.838705 0.307039 0.016952 0.003913 -0.378923 -0.925265
1778756379.967793 0.984517 -30.838699 0.307038 0.016965 0.003939 -0.378919 -0.925266
1778756380.022150 0.984495 -30.838655 0.307038 0.017022 0.003944 -0.378886 -0.925279
1778756380.076565 0.984512 -30.838657 0.307040 0.017022 0.003921 -0.378832 -0.925301
1778756380.126520 0.984551 -30.838671 0.307041 0.016980 0.003870 -0.378871 -0.925286
1778756380.182831 0.984548 -30.838717 0.307041 0.016924 0.003907 -0.378913 -0.925269
1778756380.233726 0.984517 -30.838646 0.307040 0.017031 0.003909 -0.378895 -0.925275
1778756380.284670 0.984539 -30.838648 0.307041 0.017010 0.003877 -0.378828 -0.925303
1778756380.339345 0.984544 -30.838703 0.307041 0.016943 0.003902 -0.378828 -0.925304
1778756380.391275 0.984510 -30.838741 0.307039 0.016901 0.003988 -0.378904 -0.925273
1778756380.444220 0.984499 -30.838686 0.307039 0.016981 0.003991 -0.378903 -0.925272
1778756380.497807 0.984475 -30.838680 0.307040 0.016994 0.004027 -0.378879 -0.925281
1778756380.553797 0.984497 -30.838728 0.307040 0.016928 0.003994 -0.378910 -0.925270
1778756380.604809 0.984501 -30.838785 0.307037 0.016856 0.004013 -0.379000 -0.925235
1778756380.658547 0.984477 -30.838799 0.307036 0.016862 0.004054 -0.379004 -0.925232
1778756380.711553 0.984468 -30.838753 0.307036 0.016902 0.004051 -0.378992 -0.925237
1778756380.764300 0.984504 -30.838741 0.307037 0.016902 0.004000 -0.379001 -0.925233
1778756380.834852 0.984518 -30.838816 0.307036 0.016804 0.003994 -0.378969 -0.925248
1778756380.889098 0.984516 -30.838829 0.307035 0.016774 0.004022 -0.379035 -0.925222
1778756380.942467 0.984513 -30.838787 0.307036 0.016822 0.004016 -0.378974 -0.925246
1778756380.995268 0.984485 -30.838802 0.307036 0.016840 0.004053 -0.378947 -0.925257
1778756381.049150 0.984492 -30.838856 0.307035 0.016767 0.004030 -0.378955 -0.925255
1778756381.104094 0.984508 -30.838856 0.307033 0.016752 0.004008 -0.379018 -0.925229
1778756381.154784 0.984528 -30.838797 0.307035 0.016794 0.003996 -0.378948 -0.925257
1778756381.207851 0.984559 -30.838789 0.307037 0.016785 0.003941 -0.378922 -0.925268
1778756381.263539 0.984567 -30.838850 0.307037 0.016712 0.003949 -0.378939 -0.925262
1778756381.317713 0.984551 -30.838848 0.307036 0.016735 0.003954 -0.378944 -0.925260
1778756381.371022 0.984546 -30.838854 0.307035 0.016704 0.003984 -0.378948 -0.925259
1778756381.422126 0.984527 -30.838797 0.307037 0.016794 0.003996 -0.378953 -0.925255
1778756381.476354 0.984531 -30.838846 0.307036 0.016731 0.004021 -0.378928 -0.925266
1778756381.531522 0.984526 -30.838892 0.307034 0.016696 0.004024 -0.378966 -0.925251
1778756381.580827 0.984521 -30.838873 0.307034 0.016708 0.004022 -0.378946 -0.925259
1778756381.649931 0.984492 -30.838825 0.307034 0.016778 0.004066 -0.378952 -0.925255
1778756381.698060 0.984493 -30.838823 0.307035 0.016789 0.004072 -0.378927 -0.925265
1778756381.762225 0.984517 -30.838848 0.307036 0.016734 0.004050 -0.378923 -0.925268
1778756381.795486 0.984512 -30.838825 0.307036 0.016780 0.004030 -0.378946 -0.925258
1778756381.855398 0.984496 -30.838833 0.307037 0.016748 0.004065 -0.378914 -0.925272
1778756381.900504 0.984508 -30.838827 0.307036 0.016762 0.004052 -0.378896 -0.925279
1778756381.957748 0.984514 -30.838869 0.307035 0.016716 0.004064 -0.378925 -0.925268
1778756382.001575 0.984512 -30.838881 0.307036 0.016711 0.004058 -0.378900 -0.925278
1778756382.059789 0.984474 -30.838835 0.307036 0.016781 0.004102 -0.378895 -0.925278
1778756382.108510 0.984470 -30.838816 0.307035 0.016803 0.004103 -0.378882 -0.925284
1778756382.165954 0.985640 -30.837152 0.307261 0.015305 0.005315 -0.379032 -0.925242
1778756382.225249 0.988509 -30.834023 0.307374 0.012907 0.004066 -0.380059 -0.924863
1778756382.272315 0.993262 -30.829178 0.307223 0.011034 0.002659 -0.381822 -0.924166
1778756382.325071 1.000356 -30.822086 0.306821 0.008937 0.001840 -0.384454 -0.923099
1778756382.407712 1.009303 -30.813885 0.305975 0.005777 0.001789 -0.386763 -0.922160
1778756382.434824 1.019948 -30.804201 0.305572 0.001863 0.000087 -0.388660 -0.921379
1778756382.496210 1.030025 -30.794056 0.305873 -0.002313 -0.002388 -0.389451 -0.921041
1778756382.537708 1.038446 -30.786497 0.306067 -0.006963 -0.004251 -0.387746 -0.921730
1778756382.591603 1.045538 -30.777784 0.306478 -0.009037 -0.003275 -0.387196 -0.921947
1778756382.642960 1.056764 -30.763868 0.306736 -0.001641 0.003139 -0.385672 -0.922629
1778756382.696081 1.070049 -30.747601 0.306046 0.006232 0.007262 -0.384893 -0.922912
1778756382.744413 1.084378 -30.733791 0.304001 0.010030 0.011093 -0.382497 -0.923836
1778756382.805003 1.098018 -30.718000 0.304651 0.014372 0.013756 -0.382936 -0.923561
1778756382.852785 1.110884 -30.703306 0.305475 0.013234 0.008892 -0.384428 -0.923017
1778756382.905421 1.126873 -30.687716 0.304545 0.011697 0.008273 -0.379106 -0.925242
1778756382.958171 1.146338 -30.669958 0.304894 0.006141 0.007781 -0.365214 -0.930871
1778756383.011328 1.167765 -30.650145 0.305638 0.005847 0.005980 -0.358419 -0.933523
1778756383.098336 1.191624 -30.630114 0.306098 0.004518 0.003513 -0.358336 -0.933575
1778756383.116339 1.209610 -30.608917 0.308491 0.006738 0.005324 -0.358941 -0.933321
1778756383.167897 1.233097 -30.589891 0.309856 0.000750 0.006549 -0.355994 -0.934465
1778756383.230715 1.256671 -30.567009 0.308759 -0.007691 0.007404 -0.353516 -0.935368
1778756383.280634 1.281637 -30.543859 0.308255 -0.008183 0.012610 -0.352054 -0.935859
1778756383.328386 1.318807 -30.512569 0.309344 -0.005289 0.019841 -0.352242 -0.935684
1778756383.394989 1.349741 -30.486601 0.310539 0.004894 0.006468 -0.347988 -0.937464
1778756383.436878 1.376863 -30.461443 0.311607 0.003384 0.008295 -0.347405 -0.937673
1778756383.493723 1.414279 -30.428635 0.312215 0.005748 0.017978 -0.348782 -0.937014
1778756383.538866 1.455398 -30.390993 0.313140 0.003196 0.025192 -0.351162 -0.935970
1778756383.609085 1.501597 -30.349016 0.310590 -0.000915 0.004704 -0.353636 -0.935371
1778756383.653214 1.536037 -30.318523 0.310892 0.002504 -0.007006 -0.357060 -0.934052
1778756383.717960 1.577932 -30.282049 0.315956 0.000321 -0.004375 -0.355337 -0.934728
1778756383.756777 1.625116 -30.246206 0.318266 0.004226 0.007169 -0.353455 -0.935414
1778756383.821763 1.643660 -30.223415 0.311808 0.017719 -0.011817 -0.349447 -0.936714
1778756383.898093 1.693412 -30.182440 0.314892 0.018311 -0.009925 -0.347051 -0.937615
1778756383.929045 1.743619 -30.135979 0.314989 0.017819 0.003177 -0.349667 -0.936699
1778756383.981444 1.797937 -30.086317 0.305320 0.018193 0.004262 -0.350685 -0.936307
1778756384.037254 1.842457 -30.048100 0.309963 0.000984 -0.005317 -0.357439 -0.933921
1778756384.090968 1.885157 -30.009539 0.314937 -0.002886 0.003250 -0.356098 -0.934439
1778756384.147084 1.937087 -29.967476 0.308152 0.002054 0.018533 -0.354405 -0.934906
1778756384.199442 1.938521 -29.965904 0.306272 0.003221 0.002543 -0.352590 -0.935769
1778756384.255317 1.981905 -29.928427 0.306225 0.005557 0.005171 -0.350398 -0.936570
1778756384.315484 2.029753 -29.885141 0.309245 0.005825 0.015801 -0.352973 -0.935482
1778756384.374676 2.085982 -29.831825 0.307112 0.006745 0.013770 -0.353863 -0.935172
1778756384.420603 2.125867 -29.797564 0.308452 -0.003748 -0.000982 -0.358153 -0.933655
1778756384.474635 2.177731 -29.751926 0.312990 -0.008516 0.007884 -0.357457 -0.933858
1778756384.523303 2.230935 -29.710196 0.305458 -0.003914 0.019312 -0.356278 -0.934172
1778756384.577025 2.215678 -29.717051 0.299859 0.004544 0.002251 -0.352729 -0.935712
1778756384.631454 2.264489 -29.676085 0.305247 0.008315 0.006842 -0.350894 -0.936353
1778756384.683337 2.313008 -29.630302 0.310374 0.007419 0.019840 -0.353489 -0.935199
1778756384.739003 2.370108 -29.580708 0.305871 0.001034 0.011647 -0.356103 -0.934374
1778756384.790641 2.415612 -29.531834 0.312003 -0.006209 -0.005816 -0.359433 -0.933132
1778756384.849703 2.464278 -29.486704 0.317287 -0.003515 -0.004369 -0.358274 -0.933600
1778756384.902045 2.521447 -29.439241 0.302677 0.004954 0.003483 -0.357287 -0.933975
1778756384.954049 2.555746 -29.411222 0.310508 0.005348 -0.006918 -0.355602 -0.934596
1778756385.014527 2.608012 -29.363503 0.314360 0.009121 -0.000907 -0.353421 -0.935420
1778756385.061093 2.657718 -29.317413 0.305314 0.008052 0.007994 -0.355985 -0.934423
1778756385.114539 2.676085 -29.289454 0.305795 0.011825 0.009879 -0.357364 -0.933838
1778756385.165088 2.710424 -29.255270 0.310302 0.009905 0.002689 -0.358394 -0.933514
1778756385.217882 2.722336 -29.216471 0.294232 0.039826 0.004926 -0.346003 -0.937375
1778756385.274203 2.752193 -29.195921 0.296994 0.013686 0.009467 -0.333053 -0.942761
1778756385.340276 2.781261 -29.167692 0.305187 0.014440 0.017190 -0.316032 -0.948483
1778756385.379925 2.808527 -29.149807 0.310179 0.017686 0.009506 -0.292012 -0.956204
1778756385.434278 2.836136 -29.134335 0.315542 0.015086 0.003375 -0.263830 -0.964445
1778756385.483979 2.864863 -29.123152 0.309771 0.015621 0.000510 -0.229551 -0.973171
1778756385.538597 2.885457 -29.116056 0.304293 0.011101 0.006331 -0.193516 -0.981014
1778756385.593266 2.903440 -29.110001 0.312747 -0.002037 0.001455 -0.158940 -0.987285
1778756385.643517 2.925593 -29.105652 0.318227 -0.010229 0.003135 -0.118399 -0.992909
1778756385.697784 2.950400 -29.104313 0.319967 -0.016783 0.005745 -0.076440 -0.996916
1778756385.754994 2.970700 -29.101484 0.318703 -0.009918 -0.001524 -0.034452 -0.999356
1778756385.806788 2.989475 -29.101057 0.316727 -0.002430 -0.001803 0.007068 -0.999970
1778756385.859050 3.000465 -29.100540 0.318219 -0.003806 -0.011963 0.045030 -0.998907
1778756385.912737 3.011815 -29.102528 0.315916 -0.005385 -0.017400 0.057497 -0.998179
1778756385.965569 3.021355 -29.107546 0.312040 -0.002993 -0.021573 0.059406 -0.997996
1778756386.018119 3.028152 -29.111702 0.310750 -0.003817 -0.023202 0.060932 -0.997865
1778756386.073108 3.029540 -29.110256 0.311577 0.004355 -0.020756 0.071797 -0.997194
1778756386.123428 3.028605 -29.106501 0.309556 0.009388 -0.017810 0.094394 -0.995331
1778756386.185732 3.027734 -29.102867 0.313889 0.008051 -0.015548 0.120251 -0.992589
1778756386.233178 3.027308 -29.097530 0.315749 0.004413 -0.014341 0.126583 -0.991843
1778756386.284064 3.026513 -29.093613 0.314089 0.002718 -0.013775 0.121921 -0.992441
1778756386.341029 3.026149 -29.091286 0.313374 0.001336 -0.012879 0.117058 -0.993041
1778756386.391139 3.026355 -29.090416 0.313252 0.000565 -0.012236 0.113822 -0.993426
1778756386.446962 3.026826 -29.090956 0.311584 -0.001267 -0.012308 0.110202 -0.993832
1778756386.496934 3.027589 -29.092033 0.311302 -0.002991 -0.012508 0.107369 -0.994136
1778756386.565204 3.028136 -29.092831 0.311294 -0.003698 -0.012721 0.105254 -0.994357
1778756386.605333 3.028692 -29.093363 0.311311 -0.003886 -0.012965 0.103100 -0.994579
1778756386.658114 3.028896 -29.093412 0.311336 -0.003511 -0.013139 0.101467 -0.994746
1778756386.710539 3.028986 -29.093771 0.311444 -0.003583 -0.013104 0.101063 -0.994787
1778756386.765927 3.028840 -29.093649 0.313066 -0.003132 -0.012753 0.107431 -0.994126
1778756386.822855 3.029961 -29.091990 0.313349 -0.000542 -0.012406 0.123110 -0.992315
1778756386.891563 3.030941 -29.089233 0.313469 0.005097 -0.011961 0.146859 -0.989072
1778756386.931003 3.031799 -29.086992 0.314159 0.008765 -0.010178 0.176963 -0.984126
1778756386.980400 3.033746 -29.086979 0.316741 0.008765 -0.004763 0.210498 -0.977544
1778756387.033967 3.038526 -29.081459 0.316867 0.017663 -0.002727 0.247122 -0.968819
1778756387.091434 3.043323 -29.081182 0.314321 0.025843 -0.006821 0.256267 -0.966237
1778756387.142258 3.051593 -29.081383 0.310338 0.027115 -0.011053 0.252572 -0.967135
1778756387.194326 3.057054 -29.088161 0.309683 0.013362 -0.015499 0.253843 -0.967029
1778756387.253026 3.068341 -29.093843 0.306740 0.004928 -0.017144 0.257182 -0.966198
1778756387.305099 3.084354 -29.101099 0.306036 0.005306 -0.011762 0.256977 -0.966331
1778756387.363140 3.100277 -29.107998 0.304590 0.005008 -0.007635 0.257627 -0.966201
1778756387.411670 3.116884 -29.115644 0.303424 -0.002829 -0.007754 0.258369 -0.966011
1778756387.465496 3.130374 -29.120968 0.303013 -0.004984 -0.005275 0.260682 -0.965397
1778756387.518115 3.148119 -29.126383 0.303854 0.004442 -0.006844 0.262749 -0.964830
1778756387.590761 3.168129 -29.132786 0.304888 0.018654 -0.010212 0.251570 -0.967605
1778756387.622657 3.192024 -29.141169 0.306882 0.020759 -0.009505 0.224708 -0.974159
1778756387.691848 3.213095 -29.148363 0.307172 0.034294 -0.010999 0.192252 -0.980685
1778756387.732956 3.231004 -29.157307 0.312652 0.032452 -0.012128 0.169166 -0.984979
1778756387.786464 3.253966 -29.163187 0.313741 0.033803 -0.009847 0.163482 -0.985918
1778756387.837487 3.274141 -29.164513 0.309288 0.034025 -0.004045 0.164154 -0.985839
1778756387.896044 3.293837 -29.170837 0.305439 0.026255 -0.007154 0.163348 -0.986193
1778756387.947187 3.307482 -29.172192 0.305271 0.025321 -0.012514 0.158675 -0.986927
1778756388.020447 3.316336 -29.173939 0.305545 0.025072 -0.011208 0.156414 -0.987310
1778756388.055169 3.319984 -29.175201 0.305343 0.022005 -0.008464 0.155418 -0.987567
1778756388.105426 3.322567 -29.177643 0.305710 0.019301 -0.007585 0.154421 -0.987787
1778756388.165169 3.324668 -29.181824 0.306534 0.018301 -0.007225 0.156450 -0.987490
1778756388.218539 3.325087 -29.184633 0.309839 0.019956 -0.009945 0.182446 -0.982963
1778756388.269249 3.327589 -29.185112 0.311376 0.022451 -0.010433 0.215161 -0.976265
1778756388.319932 3.329414 -29.186205 0.312900 0.023846 -0.015017 0.249971 -0.967843
1778756388.373655 3.329636 -29.186670 0.313469 0.022672 -0.017201 0.290971 -0.956309
1778756388.430418 3.329345 -29.186415 0.313484 0.018927 -0.019223 0.334838 -0.941889
1778756388.481115 3.330192 -29.185200 0.313844 0.015818 -0.019521 0.380357 -0.924499
1778756388.538393 3.331011 -29.182711 0.313535 0.017969 -0.016361 0.425849 -0.904468
1778756388.586626 3.333424 -29.196903 0.312398 0.032294 -0.016874 0.458673 -0.887858
1778756388.652634 3.335052 -29.202446 0.297776 0.046090 -0.011317 0.469518 -0.881647
1778756388.696440 3.334601 -29.206982 0.294298 0.048775 -0.006537 0.467109 -0.882829
1778756388.747803 3.335605 -29.209801 0.294749 0.046360 -0.008498 0.461840 -0.885710
1778756388.818305 3.335586 -29.213354 0.299044 0.043109 -0.003207 0.458984 -0.887393
1778756388.856682 3.334218 -29.214735 0.299841 0.043560 0.000950 0.455500 -0.889169
1778756388.925601 3.332337 -29.214893 0.299717 0.041179 0.005248 0.452725 -0.890683
1778756388.967152 3.332689 -29.214178 0.299705 0.041806 0.005258 0.451122 -0.891467
1778756389.023465 3.333580 -29.214375 0.299602 0.041364 0.004908 0.450622 -0.891742
1778756389.068614 3.334076 -29.213961 0.299670 0.041388 0.006060 0.448362 -0.892873
1778756389.127495 3.334414 -29.213388 0.299390 0.040969 0.006572 0.446892 -0.893625
1778756389.184649 3.334809 -29.212769 0.297061 0.040819 0.006790 0.446259 -0.893947
1778756389.227714 3.334928 -29.212530 0.296828 0.040723 0.006992 0.445532 -0.894312
1778756389.280976 3.335049 -29.212454 0.297426 0.040632 0.007123 0.445016 -0.894572
1778756389.334988 3.335325 -29.212460 0.297646 0.040602 0.007161 0.444404 -0.894877
1778756389.391006 3.335663 -29.212469 0.297780 0.040665 0.007197 0.443659 -0.895243
1778756389.443722 3.335950 -29.212404 0.297876 0.040608 0.007376 0.442907 -0.895617
1778756389.491004 3.336246 -29.212337 0.297975 0.040807 0.007432 0.442246 -0.895934
1778756389.543474 3.336517 -29.212194 0.298120 0.040998 0.007789 0.441481 -0.896300
1778756389.597158 3.336872 -29.211996 0.298263 0.041217 0.008034 0.440269 -0.896884
1778756389.650085 3.337297 -29.211830 0.297782 0.041391 0.008267 0.439131 -0.897431
1778756389.702132 3.337678 -29.211746 0.296838 0.041588 0.008392 0.438154 -0.897898
1778756389.753226 3.337893 -29.211689 0.296541 0.041671 0.008560 0.437446 -0.898238
1778756389.807243 3.338059 -29.211645 0.296526 0.041888 0.008621 0.436873 -0.898506
1778756389.860174 3.338188 -29.211624 0.296524 0.041913 0.008595 0.436572 -0.898651
1778756389.910972 3.338351 -29.211592 0.296572 0.042012 0.008655 0.436201 -0.898826
1778756389.963228 3.338493 -29.211611 0.296661 0.042093 0.008745 0.435678 -0.899075
1778756390.016840 3.338689 -29.211550 0.296686 0.042175 0.008684 0.435347 -0.899232
1778756390.079982 3.338842 -29.211502 0.296754 0.042352 0.008676 0.434955 -0.899414
1778756390.132147 3.338315 -29.212179 0.297914 0.041331 0.009691 0.434599 -0.899623
1778756390.180288 3.340270 -29.213398 0.301102 0.038972 0.011504 0.433556 -0.900210
1778756390.239663 3.343368 -29.215786 0.301086 0.037042 0.012249 0.432282 -0.900894
1778756390.285813 3.348364 -29.220274 0.299071 0.033869 0.013548 0.431329 -0.901457
1778756390.357230 3.353865 -29.226089 0.298272 0.030513 0.014425 0.430292 -0.902059
1778756390.391544 3.359604 -29.232447 0.296679 0.028456 0.012614 0.429011 -0.902763
1778756390.458461 3.364076 -29.237272 0.297567 0.026228 0.009095 0.427955 -0.903374
1778756390.496509 3.365819 -29.237873 0.298314 0.024144 0.006313 0.427979 -0.903444
1778756390.558795 3.366483 -29.237631 0.297669 0.024341 0.003777 0.425830 -0.904468
1778756390.603606 3.364580 -29.235508 0.297414 0.025098 0.004809 0.424674 -0.904986
1778756390.661816 3.362065 -29.232899 0.298284 0.025607 0.005796 0.424377 -0.905105
1778756390.710208 3.359869 -29.230354 0.299335 0.026278 0.006489 0.423910 -0.905300
1778756390.765790 3.358434 -29.228136 0.299770 0.027197 0.006939 0.423353 -0.905530
1778756390.817499 3.357466 -29.226488 0.300055 0.028192 0.007296 0.422627 -0.905836
1778756390.898426 3.356652 -29.225298 0.300233 0.028691 0.007409 0.421878 -0.906168
1778756390.927057 3.355891 -29.224321 0.300385 0.029221 0.007518 0.421455 -0.906347
1778756390.977274 3.355170 -29.223404 0.300503 0.029700 0.007589 0.421049 -0.906520
1778756391.034652 3.354525 -29.222439 0.300609 0.030211 0.007878 0.420653 -0.906684
1778756391.087265 3.354017 -29.221664 0.300703 0.030568 0.008028 0.420317 -0.906827
1778756391.145597 3.355131 -29.222492 0.302349 0.029005 0.010511 0.420191 -0.906911
1778756391.200742 3.357633 -29.224503 0.301437 0.026356 0.011792 0.420084 -0.907026
1778756391.251731 3.361906 -29.228573 0.300006 0.024305 0.011743 0.419350 -0.907423
1778756391.783352 3.367538 -29.235050 0.299253 0.022895 0.010994 0.418693 -0.907773
1778756391.788941 3.373761 -29.243536 0.298218 0.020324 0.009298 0.418570 -0.907910
1778756391.835585 3.378964 -29.252489 0.297960 0.014110 0.007928 0.418357 -0.908139
1778756391.838486 3.384960 -29.262117 0.298525 0.007034 0.000496 0.417018 -0.908871
1778756391.840660 3.393766 -29.276039 0.298530 0.001373 -0.007320 0.415479 -0.909572
1778756391.863814 3.403518 -29.288021 0.296697 0.006431 -0.013368 0.413962 -0.910173
1778756391.877284 3.418596 -29.303703 0.297936 0.014443 -0.009232 0.414984 -0.909667
1778756391.902216 3.426767 -29.316484 0.300688 0.007420 -0.010084 0.412958 -0.910664
1778756391.907935 3.434417 -29.323700 0.301835 0.001898 -0.007639 0.413575 -0.910436
1778756391.911850 3.443724 -29.329062 0.301875 0.003162 -0.013500 0.415867 -0.909320
1778756391.953114 3.452255 -29.336042 0.300511 0.000266 -0.016141 0.416295 -0.909086
1778756391.963066 3.457706 -29.341509 0.303037 -0.006666 -0.013770 0.402025 -0.915501
1778756391.998337 3.461112 -29.342913 0.305090 -0.004828 -0.016691 0.374515 -0.927058
1778756392.010485 3.462839 -29.342598 0.305850 -0.006335 -0.014593 0.342561 -0.939361
1778756392.058688 3.465297 -29.342548 0.305593 -0.005829 -0.013538 0.303923 -0.952583
1778756392.098345 3.466184 -29.342611 0.305579 -0.003721 -0.012533 0.263867 -0.964471
1778756392.152043 3.467100 -29.343937 0.306324 -0.008998 -0.014058 0.239880 -0.970659
1778756392.203901 3.467505 -29.340292 0.308276 -0.012468 -0.007815 0.242092 -0.970142
1778756392.256700 3.467471 -29.339581 0.310421 -0.012524 -0.010832 0.244406 -0.969532
1778756392.312136 3.470798 -29.336439 0.311019 -0.006848 -0.016502 0.240547 -0.970473
1778756392.365910 3.472081 -29.332109 0.310696 -0.005247 -0.018661 0.235983 -0.971564
1778756392.416974 3.473225 -29.330130 0.308135 -0.006239 -0.015793 0.234451 -0.971980
1778756392.472274 3.473685 -29.328686 0.307066 -0.005458 -0.016983 0.233199 -0.972265
1778756392.523844 3.473450 -29.327639 0.307006 -0.003450 -0.017298 0.232321 -0.972479
1778756392.585305 3.472943 -29.327719 0.307236 -0.003149 -0.017344 0.230277 -0.972965
1778756392.627070 3.472547 -29.327776 0.307388 -0.002952 -0.017216 0.228404 -0.973410
1778756392.683691 3.472257 -29.327694 0.307475 -0.002699 -0.017111 0.227707 -0.973576
1778756392.735353 3.472274 -29.327618 0.307515 -0.002690 -0.017122 0.227602 -0.973600
1778756392.798913 3.472317 -29.327551 0.307538 -0.002619 -0.017150 0.227541 -0.973614
1778756392.845831 3.473206 -29.327238 0.308968 -0.001886 -0.018302 0.241158 -0.970311
1778756392.896941 3.474472 -29.327034 0.313016 -0.000635 -0.017944 0.272395 -0.962018
1778756392.949845 3.476291 -29.325148 0.316461 0.001907 -0.018436 0.305679 -0.951954
1778756393.016457 3.478286 -29.323597 0.315499 -0.001246 -0.017029 0.322153 -0.946534
1778756393.059616 3.479623 -29.321074 0.313213 -0.001839 -0.017478 0.322486 -0.946411
1778756393.110075 3.480002 -29.319139 0.312803 -0.002436 -0.017115 0.319667 -0.947372
1778756393.166829 3.479982 -29.318108 0.312281 -0.003418 -0.016599 0.318241 -0.947859
1778756393.221264 3.479883 -29.318079 0.312268 -0.004281 -0.016300 0.317165 -0.948221
1778756393.279524 3.479774 -29.318623 0.312277 -0.005443 -0.016067 0.316339 -0.948494
1778756393.328247 3.479789 -29.319162 0.311775 -0.006141 -0.016033 0.315606 -0.948735
1778756393.380059 3.479906 -29.319420 0.312092 -0.006471 -0.016024 0.315087 -0.948905
1778756393.433535 3.480010 -29.319269 0.312220 -0.006385 -0.015976 0.314958 -0.948950
1778756393.497360 3.480111 -29.319075 0.312265 -0.006313 -0.016009 0.314729 -0.949026
1778756393.540738 3.480093 -29.318962 0.312283 -0.006370 -0.015939 0.314496 -0.949104
1778756393.596482 3.480061 -29.319017 0.312285 -0.006514 -0.015912 0.314433 -0.949124
1778756393.647844 3.480078 -29.319170 0.312280 -0.006727 -0.015934 0.314318 -0.949160
1778756393.699828 3.480104 -29.319281 0.311464 -0.006814 -0.015971 0.314161 -0.949211
1778756393.755887 3.480110 -29.319237 0.311497 -0.006803 -0.015992 0.314024 -0.949256
1778756393.810554 3.478107 -29.317352 0.310845 -0.006375 -0.016589 0.313982 -0.949263
1778756393.867852 3.475885 -29.315102 0.308640 -0.004395 -0.018154 0.313802 -0.949305
1778756393.918363 3.471182 -29.312235 0.309910 -0.003100 -0.019639 0.313086 -0.949517
1778756393.971812 3.463882 -29.307739 0.310845 -0.001981 -0.021569 0.311808 -0.949898
1778756394.048688 3.455067 -29.301970 0.310383 -0.000373 -0.023319 0.309786 -0.950520
1778756394.080416 3.445870 -29.295486 0.310060 0.000696 -0.024959 0.307761 -0.951136
1778756394.149733 3.435707 -29.288565 0.308969 0.001897 -0.025954 0.305429 -0.951859
1778756394.185197 3.426610 -29.282370 0.307982 0.003510 -0.025824 0.304032 -0.952305
1778756394.236233 3.415931 -29.275221 0.308052 -0.002220 -0.019360 0.306023 -0.951825
1778756394.289639 3.408234 -29.266727 0.307184 -0.003610 -0.024745 0.306903 -0.951412
1778756394.343013 3.392842 -29.254040 0.302206 -0.004464 -0.022027 0.306578 -0.951580
1778756394.402599 3.378904 -29.244617 0.302834 -0.002625 -0.025885 0.307011 -0.951350
1778756394.448498 3.363311 -29.237419 0.304104 -0.013028 -0.030703 0.303465 -0.952259
1778756394.508040 3.345557 -29.226217 0.304450 -0.022405 -0.037712 0.304540 -0.951489
1778756394.557565 3.325426 -29.214010 0.307476 -0.012676 -0.035456 0.310580 -0.949801
1778756394.612109 3.308517 -29.201960 0.308684 -0.007451 -0.032010 0.326774 -0.944531
1778756394.666038 3.293856 -29.186945 0.314236 -0.008326 -0.029521 0.348566 -0.936782
1778756394.715737 3.282709 -29.172735 0.316734 -0.008093 -0.030991 0.372932 -0.927306
1778756394.769039 3.268376 -29.154926 0.316440 -0.009523 -0.029770 0.400913 -0.915583
1778756394.824764 3.256550 -29.131399 0.315152 -0.005054 -0.030207 0.431349 -0.901665
1778756394.877347 3.244144 -29.119854 0.318079 -0.013258 -0.028209 0.457690 -0.888565
1778756394.935168 3.235438 -29.100485 0.320536 -0.014090 -0.026962 0.457623 -0.888626
1778756394.986385 3.225327 -29.080734 0.323497 0.000514 -0.026625 0.438800 -0.898190
1778756395.046310 3.213152 -29.060471 0.322177 0.018538 -0.025040 0.412592 -0.910383
1778756395.096297 3.195234 -29.044214 0.316066 0.019542 -0.017762 0.386414 -0.921947
1778756395.187180 3.182550 -29.031116 0.314345 0.005198 -0.023136 0.359084 -0.933004
1778756395.207048 3.167365 -29.016300 0.314737 0.019057 -0.025886 0.323617 -0.945642
1778756395.268792 3.151186 -29.006931 0.314858 0.020880 -0.036168 0.288184 -0.956664
1778756395.317643 3.131007 -28.998905 0.309421 0.012033 -0.033562 0.248982 -0.967852
1778756395.375290 3.116069 -28.991312 0.305987 0.005286 -0.032087 0.210187 -0.977120
1778756395.426047 3.105770 -28.986679 0.310808 0.007785 -0.036798 0.168780 -0.984936
1778756395.480525 3.097676 -28.986160 0.311697 0.010453 -0.031769 0.124457 -0.991661
1778756395.545048 3.093755 -28.987711 0.310848 0.003635 -0.026378 0.079500 -0.996479
1778756395.588219 3.095705 -28.990606 0.310131 -0.013734 -0.016244 0.033906 -0.999199
1778756395.641965 3.095043 -28.991489 0.310303 -0.020201 -0.014685 -0.017022 -0.999543
1778756395.703841 3.096994 -28.990213 0.308580 -0.017099 -0.019630 -0.070311 -0.997185
1778756395.742954 3.100638 -28.988174 0.305859 -0.012345 -0.023286 -0.122439 -0.992126
1778756395.802063 3.101163 -28.985889 0.302681 -0.009640 -0.018992 -0.174795 -0.984375
1778756395.848779 3.101962 -28.982609 0.306039 -0.004607 -0.013302 -0.226774 -0.973846
1778756395.902661 3.103195 -28.980865 0.310114 -0.000206 -0.011042 -0.282393 -0.959235
1778756395.958176 3.108195 -28.978098 0.311305 -0.004851 -0.011366 -0.335753 -0.941869
1778756396.014762 3.108454 -28.976542 0.312229 -0.002797 -0.003610 -0.396324 -0.918100
1778756396.068853 3.112185 -28.979315 0.308903 -0.012878 -0.000193 -0.446680 -0.894601
1778756396.120342 3.106400 -28.973421 0.313054 0.003115 -0.003392 -0.495146 -0.868797
1778756396.172382 3.104955 -28.971085 0.312144 0.019743 -0.004236 -0.543275 -0.839312
1778756396.227098 3.101647 -28.967482 0.310665 0.033480 0.004609 -0.586124 -0.809516
1778756396.293798 3.101066 -28.960175 0.307634 0.028393 0.007793 -0.632802 -0.773754
1778756396.332092 3.100736 -28.954147 0.305569 0.013944 0.003931 -0.678031 -0.734891
1778756396.385102 3.094617 -28.947647 0.303305 0.028459 0.010833 -0.716182 -0.697249
1778756396.440886 3.086128 -28.936211 0.305822 0.036402 0.018717 -0.749677 -0.660537
1778756396.494182 3.083415 -28.928427 0.306206 0.029570 0.020483 -0.762106 -0.646452
1778756396.546601 3.081797 -28.922081 0.305387 0.018719 0.006236 -0.766817 -0.641563
1778756396.609140 3.079111 -28.912485 0.304513 0.002129 -0.008160 -0.768002 -0.640392
1778756396.653872 3.076061 -28.901300 0.304163 -0.009584 -0.017236 -0.767718 -0.640484
1778756396.720681 3.073437 -28.887369 0.305400 -0.017581 -0.017757 -0.766537 -0.641714
1778756396.761588 3.069057 -28.866869 0.308382 -0.027008 -0.014594 -0.764922 -0.643391
1778756396.815575 3.064771 -28.840586 0.310080 -0.016729 -0.010515 -0.747193 -0.664314
1778756396.873975 3.066650 -28.816187 0.309339 -0.014137 -0.010444 -0.717185 -0.696661
1778756396.927108 3.061862 -28.790981 0.307712 0.004223 0.000709 -0.686714 -0.726915
1778756396.985391 3.064568 -28.766041 0.304749 0.014233 0.001573 -0.676624 -0.736190
1778756397.032348 3.067079 -28.737621 0.304137 0.018837 -0.001483 -0.676753 -0.735967
1778756397.083145 3.070977 -28.706129 0.305315 0.010655 -0.007000 -0.680829 -0.732332
1778756397.141570 3.072266 -28.677481 0.292224 0.011524 -0.004770 -0.673662 -0.738934
1778756397.185968 3.075899 -28.654232 0.291980 0.003613 -0.001011 -0.657884 -0.753110
1778756397.242408 3.082039 -28.627880 0.303729 -0.006613 -0.013777 -0.650397 -0.759441
1778756397.294233 3.087224 -28.602489 0.309564 -0.012852 -0.013954 -0.647652 -0.761700
1778756397.345984 3.098082 -28.577049 0.312488 -0.029766 -0.014762 -0.648147 -0.760790
1778756397.400672 3.103324 -28.540600 0.319185 -0.009331 -0.007853 -0.645273 -0.763855
1778756397.453280 3.104088 -28.511789 0.320221 0.009181 -0.008438 -0.644502 -0.764501
1778756397.517370 3.109577 -28.476109 0.319721 0.014408 -0.002344 -0.644748 -0.764256
1778756397.562815 3.113337 -28.440950 0.317739 0.014430 0.007571 -0.641193 -0.767207
1778756397.613535 3.113067 -28.400015 0.315057 0.011342 0.010455 -0.632297 -0.774573
1778756397.662704 3.120297 -28.357874 0.309228 0.010884 0.005981 -0.629840 -0.776626
1778756397.716236 3.123855 -28.325392 0.308101 0.014239 -0.002939 -0.632549 -0.774384
1778756397.777830 3.130201 -28.296673 0.312367 0.008848 -0.004777 -0.625770 -0.779943
1778756397.829735 3.135156 -28.265862 0.314488 0.019871 0.002573 -0.607671 -0.793936
1778756397.890089 3.146688 -28.224840 0.312694 0.023593 0.001892 -0.575157 -0.817701
1778756397.941407 3.155527 -28.198748 0.314226 0.021421 0.009191 -0.539785 -0.841480
1778756397.993138 3.153486 -28.180805 0.317117 0.029465 0.008888 -0.499778 -0.865607
1778756398.047079 3.162398 -28.159609 0.316286 0.029502 0.006633 -0.479611 -0.876960
1778756398.096193 3.174490 -28.137087 0.314667 0.024469 0.000984 -0.475046 -0.879620
1778756398.153796 3.191757 -28.109697 0.313124 0.018890 0.004511 -0.476151 -0.879149
1778756398.202869 3.211406 -28.079187 0.310255 0.016376 0.001419 -0.477145 -0.878671
1778756398.254986 3.228364 -28.051550 0.307333 0.010800 -0.004969 -0.479462 -0.877482
1778756398.309329 3.249290 -28.021811 0.311158 -0.001363 -0.002634 -0.479998 -0.877265
1778756398.362834 3.269550 -27.990377 0.313320 -0.004995 0.006477 -0.478139 -0.878246
1778756398.420262 3.299549 -27.950186 0.315920 -0.004721 0.016711 -0.477450 -0.878487
1778756398.467729 3.323124 -27.913343 0.311856 0.013313 -0.000644 -0.474548 -0.880129
1778756398.526377 3.346242 -27.876514 0.311290 0.016918 -0.001887 -0.473352 -0.880709
1778756398.575320 3.372835 -27.832043 0.311621 0.017777 0.008666 -0.474397 -0.880089
1778756398.630024 3.402320 -27.782307 0.311945 0.012367 0.019688 -0.477128 -0.878526
1778756398.686541 3.435695 -27.733366 0.306090 0.002861 0.000361 -0.479644 -0.877459
1778756398.749529 3.461367 -27.684326 0.312763 0.009228 -0.007409 -0.482396 -0.875874
1778756398.785650 3.488929 -27.641108 0.316757 0.009152 0.000214 -0.481803 -0.876232
1778756398.844870 3.524923 -27.587795 0.319928 0.012239 0.014748 -0.480586 -0.876738
1778756398.899542 3.535664 -27.570292 0.308690 0.019152 0.000778 -0.478631 -0.877807
1778756398.961274 3.564318 -27.528524 0.309024 0.017052 0.004095 -0.478021 -0.878173
1778756399.002504 3.594622 -27.478422 0.310783 0.016312 0.018099 -0.480469 -0.876673
1778756399.058113 3.630724 -27.412931 0.303534 0.015217 0.022394 -0.482462 -0.875499
1778756399.109466 3.664548 -27.365944 0.307384 0.007399 -0.002811 -0.487046 -0.873341
1778756399.159636 3.694871 -27.312775 0.312285 0.002936 -0.003799 -0.487482 -0.873120
1778756399.212750 3.728550 -27.261913 0.316928 0.004701 0.008428 -0.486514 -0.873619
1778756399.265370 3.763926 -27.218088 0.306625 -0.006036 0.001970 -0.487392 -0.873160
1778756399.320284 3.790345 -27.168085 0.309199 0.007730 0.006712 -0.481606 -0.876328
1778756399.372587 3.821345 -27.117300 0.311893 0.003540 0.016200 -0.482972 -0.875479
1778756399.425636 3.856534 -27.055763 0.309399 0.001335 0.025093 -0.485137 -0.874077
1778756399.484114 3.886130 -27.008532 0.309962 0.004822 0.012183 -0.487194 -0.873196
1778756399.535616 3.917748 -26.953339 0.314135 -0.003712 0.010002 -0.489355 -0.872020
1778756399.595747 3.953135 -26.899557 0.320172 -0.002704 0.023639 -0.488727 -0.872112
1778756399.637571 3.973076 -26.861641 0.309974 0.008542 0.017575 -0.487911 -0.872675
1778756399.691925 3.995177 -26.830940 0.308301 0.014583 0.008187 -0.482989 -0.875467
1778756399.749585 4.029437 -26.769363 0.312854 0.016251 0.023142 -0.481217 -0.876145
1778756399.805179 4.064167 -26.706913 0.296642 0.013967 0.029019 -0.483671 -0.874658
1778756399.859311 4.072984 -26.713091 0.303643 0.009507 0.011053 -0.487973 -0.872737
1778756399.905330 4.104009 -26.655396 0.310308 0.008182 0.003195 -0.488939 -0.872274
1778756399.959984 4.140224 -26.595726 0.317510 0.014927 0.013387 -0.487449 -0.872921
1778756400.017567 4.165444 -26.562748 0.304865 0.004014 0.010126 -0.487659 -0.872966
1778756400.069644 4.196948 -26.515354 0.312951 0.012135 0.012553 -0.483711 -0.875054
1778756400.129303 4.228493 -26.460129 0.315282 0.006723 0.024171 -0.486068 -0.873561
1778756400.174655 4.265665 -26.388233 0.305512 0.010127 0.026057 -0.487510 -0.872670
1778756400.226739 4.294821 -26.337566 0.306331 0.002493 0.010496 -0.492036 -0.870508
1778756400.285074 4.326895 -26.279646 0.310429 -0.000843 0.013645 -0.490866 -0.871128
1778756400.332048 4.363458 -26.223696 0.318661 0.002703 0.028902 -0.489842 -0.871328
1778756400.387242 4.370278 -26.215532 0.299810 -0.010014 0.019632 -0.490394 -0.871222
1778756400.439561 4.394795 -26.179859 0.304353 0.000799 0.022978 -0.485754 -0.873793
1778756400.489972 4.426783 -26.123192 0.310641 -0.001885 0.033707 -0.487061 -0.872715
1778756400.546647 4.462420 -26.054174 0.305736 -0.000978 0.039822 -0.487689 -0.872108
1778756400.597624 4.489336 -26.012041 0.309586 -0.005451 0.016012 -0.492171 -0.870334
1778756400.663283 4.516950 -25.958275 0.313737 -0.005053 0.013340 -0.492626 -0.870124
1778756400.702289 4.535808 -25.906162 0.293773 0.013085 0.018227 -0.489965 -0.871453
1778756400.754341 4.566547 -25.864283 0.294362 -0.018310 0.017777 -0.494380 -0.868871
1778756400.811383 4.584567 -25.823944 0.305527 -0.011259 0.015936 -0.495476 -0.868403
1778756400.864383 4.609295 -25.788311 0.305519 -0.005165 0.011682 -0.498799 -0.866623
1778756400.916807 4.632478 -25.751585 0.300596 0.003021 0.002439 -0.498996 -0.866596
1778756400.972342 4.655753 -25.715801 0.292875 0.007841 0.015188 -0.498202 -0.866892
1778756401.026431 4.675004 -25.695280 0.304146 -0.009682 0.009014 -0.498925 -0.866545
1778756401.078116 4.688076 -25.669912 0.312312 -0.013074 0.011374 -0.498073 -0.866962
1778756401.126855 4.704231 -25.643408 0.316124 -0.014281 0.019577 -0.496998 -0.867413
1778756401.186165 4.731774 -25.604713 0.320291 -0.016773 0.025485 -0.497505 -0.866925
1778756401.230323 4.746148 -25.575186 0.316894 0.008537 0.015196 -0.494329 -0.869100
1778756401.292540 4.764916 -25.535662 0.313091 0.015719 0.012131 -0.494490 -0.868956
1778756401.340939 4.786932 -25.492891 0.314259 0.012996 0.019510 -0.496021 -0.867994
1778756401.410731 4.811311 -25.436642 0.314760 0.004927 0.034517 -0.499235 -0.865765
1778756401.457594 4.843022 -25.390196 0.300954 -0.008097 0.017489 -0.503112 -0.864006
1778756401.513038 4.861734 -25.347820 0.305783 0.005973 0.011174 -0.504414 -0.863369
1778756401.562802 4.886682 -25.301998 0.310926 -0.000467 0.015627 -0.504747 -0.863126
1778756401.615328 4.914227 -25.253067 0.315515 0.000193 0.029490 -0.503282 -0.863619
1778756401.673839 4.941654 -25.205011 0.313845 0.005803 0.023391 -0.502898 -0.864010
1778756401.721263 4.965559 -25.166908 0.310484 0.007770 0.016792 -0.500364 -0.865618
1778756401.774792 4.993165 -25.115583 0.312354 0.008114 0.026170 -0.500768 -0.865148
1778756401.834541 5.024232 -25.055634 0.315119 0.003173 0.036191 -0.503500 -0.863231
1778756401.881706 5.045615 -25.006523 0.308469 0.003218 0.017274 -0.505101 -0.862881
1778756401.935240 5.063706 -24.957832 0.308889 0.022381 0.018471 -0.496733 -0.867418
1778756401.990216 5.073727 -24.927094 0.290207 0.044839 0.021442 -0.475598 -0.878258
1778756402.039060 5.087417 -24.893139 0.290762 0.018642 0.016478 -0.458791 -0.888196
1778756402.092562 5.100827 -24.865061 0.296870 0.014970 0.012717 -0.454206 -0.890680
1778756402.145647 5.117507 -24.834682 0.304636 0.014355 0.011495 -0.451777 -0.891941
1778756402.204638 5.137107 -24.802904 0.307039 0.007961 0.015364 -0.454105 -0.890780
1778756402.256263 5.160971 -24.768814 0.308514 0.003469 0.022266 -0.455784 -0.889805
1778756402.318683 5.185562 -24.729582 0.311564 0.003272 0.009890 -0.458862 -0.888447
1778756402.365327 5.205535 -24.702589 0.308333 -0.002843 0.014292 -0.459382 -0.888119
1778756402.420494 5.227504 -24.667933 0.308463 -0.002595 0.019618 -0.457082 -0.889205
1778756402.474476 5.252545 -24.628994 0.308937 0.010275 0.026649 -0.455324 -0.889868
1778756402.522188 5.282115 -24.595108 0.306987 -0.007255 0.024927 -0.457157 -0.889007
1778756402.575191 5.293536 -24.564354 0.307087 0.001209 0.030861 -0.453592 -0.890674
1778756402.641851 5.317029 -24.531790 0.309617 -0.001457 0.034382 -0.454014 -0.890330
1778756402.682339 5.339222 -24.493666 0.311009 -0.002233 0.040264 -0.455088 -0.889533
1778756402.743745 5.366585 -24.448792 0.312556 -0.009184 0.049210 -0.456203 -0.888467
1778756402.789263 5.394248 -24.404240 0.321056 -0.018322 0.017202 -0.461617 -0.886724
1778756402.855890 5.408335 -24.372416 0.315856 0.001167 0.017481 -0.461692 -0.886867
1778756402.895588 5.426266 -24.334003 0.307282 0.015848 0.017969 -0.459990 -0.887601
1778756402.950604 5.443472 -24.299862 0.296170 0.015441 0.015604 -0.459611 -0.887849
1778756403.003541 5.458826 -24.271593 0.291847 0.015252 0.025173 -0.458681 -0.888114
1778756403.054622 5.468291 -24.249363 0.294057 0.017466 0.024796 -0.460113 -0.887342
1778756403.118713 5.477635 -24.231207 0.306162 0.011569 0.026386 -0.458197 -0.888384
1778756403.162272 5.488913 -24.208893 0.309605 0.008411 0.032851 -0.458762 -0.887912
1778756403.228235 5.500615 -24.180784 0.310450 0.006051 0.045469 -0.458557 -0.887481
1778756403.278619 5.524827 -24.140518 0.317721 -0.011702 0.032788 -0.464560 -0.884857
1778756403.331392 5.541357 -24.113047 0.322386 -0.005488 0.028028 -0.466384 -0.884121
1778756403.390646 5.563061 -24.078930 0.318643 -0.016124 0.024470 -0.468135 -0.883171
1778756403.433860 5.584117 -24.044662 0.320585 -0.011803 0.029030 -0.466095 -0.884180
1778756403.488542 5.604152 -24.001730 0.308851 0.004508 0.037119 -0.463893 -0.885102
1778756403.541551 5.623745 -23.976465 0.310995 -0.003219 0.028468 -0.463625 -0.885568
1778756403.592259 5.635200 -23.950518 0.312756 -0.001007 0.028120 -0.461732 -0.886573
1778756403.649308 5.653063 -23.925997 0.312897 -0.000873 0.021424 -0.463924 -0.885615
1778756403.697959 5.669769 -23.901144 0.312861 -0.001420 0.018860 -0.464904 -0.885159
1778756403.752105 5.688294 -23.875959 0.311565 -0.002361 0.014867 -0.466112 -0.884598
1778756403.815315 5.704687 -23.848591 0.307790 0.002705 0.017602 -0.466480 -0.884352
1778756403.859526 5.721262 -23.823448 0.304900 -0.005224 0.023419 -0.466911 -0.883979
1778756403.914317 5.738154 -23.797342 0.307208 -0.010247 0.024948 -0.467232 -0.883723
1778756403.965478 5.756005 -23.767126 0.309399 -0.015338 0.027826 -0.465549 -0.884452
1778756404.021928 5.776659 -23.735533 0.313292 -0.011654 0.035350 -0.464353 -0.884868
1778756404.073961 5.805023 -23.700348 0.313075 -0.010475 0.031057 -0.464495 -0.884969
1778756404.125758 5.824356 -23.666492 0.307876 -0.003787 0.027092 -0.459708 -0.887649
1778756404.182028 5.849861 -23.630835 0.310064 -0.001428 0.029984 -0.459588 -0.887625
1778756404.232424 5.875643 -23.589169 0.312952 -0.004753 0.037509 -0.461688 -0.886236
1778756404.287122 5.903269 -23.546528 0.317660 -0.011012 0.041132 -0.463378 -0.885137
1778756404.338474 5.927256 -23.503477 0.305832 -0.000495 0.027317 -0.465152 -0.884809
1778756404.394774 5.947461 -23.465832 0.302639 0.003758 0.024237 -0.464833 -0.885059
1778756404.447465 5.959761 -23.426985 0.290156 0.021811 0.026015 -0.462144 -0.886155
1778756404.498392 5.972815 -23.402090 0.280170 0.013969 0.021406 -0.462216 -0.886399
1778756404.553008 5.982808 -23.378397 0.280716 0.018104 0.030113 -0.461837 -0.886269
1778756404.604176 5.991202 -23.361649 0.282047 0.018161 0.030639 -0.462791 -0.885751
1778756404.661508 5.993969 -23.353880 0.301874 0.019659 0.032390 -0.462170 -0.885982
1778756404.715903 5.999366 -23.340942 0.303700 0.017873 0.038617 -0.462231 -0.885738
1778756404.765645 6.004332 -23.324091 0.303974 0.019964 0.046665 -0.461088 -0.885902
1778756404.819048 6.010608 -23.304951 0.306013 0.008921 0.048515 -0.461886 -0.885567
1778756404.872679 6.021966 -23.289686 0.307237 0.002398 0.036469 -0.468291 -0.882818
1778756404.930356 6.026726 -23.272375 0.300214 0.007462 0.034376 -0.469338 -0.882318
1778756404.979366 6.032318 -23.262569 0.295495 0.009701 0.039712 -0.469211 -0.882140
1778756405.032406 6.037011 -23.258955 0.297699 0.012077 0.037080 -0.471654 -0.880921
1778756405.103562 6.036838 -23.258293 0.301176 0.015021 0.042685 -0.471624 -0.880638
1778756405.142495 6.034735 -23.261736 0.302321 0.019794 0.047489 -0.469250 -0.881565
1778756405.191465 6.032760 -23.264835 0.304949 0.022303 0.050292 -0.466835 -0.882632
1778756405.241566 6.031450 -23.266325 0.307211 0.023605 0.052281 -0.465123 -0.883386
1778756405.297985 6.030916 -23.266220 0.307850 0.025212 0.052844 -0.463982 -0.883908
1778756405.350241 6.030807 -23.265530 0.305584 0.026465 0.052746 -0.463457 -0.884152
1778756405.402193 6.030947 -23.264999 0.304381 0.027577 0.052651 -0.463079 -0.884322
1778756405.494393 6.030897 -23.264950 0.303925 0.028066 0.052728 -0.462460 -0.884626
1778756405.513588 6.030811 -23.265221 0.303763 0.028412 0.052893 -0.461908 -0.884893
1778756405.577604 6.030805 -23.265432 0.306626 0.028581 0.052991 -0.461038 -0.885336
1778756405.627193 6.030923 -23.265572 0.307830 0.028807 0.052967 -0.460497 -0.885611
1778756405.682240 6.030946 -23.265608 0.307259 0.028901 0.052946 -0.460223 -0.885752
1778756405.732143 6.030866 -23.265621 0.305089 0.029007 0.052975 -0.460125 -0.885797
1778756405.786275 6.030790 -23.265619 0.304194 0.029124 0.053064 -0.460170 -0.885765
1778756405.845829 6.030775 -23.265577 0.303914 0.029205 0.053051 -0.460037 -0.885832
1778756405.893407 6.030808 -23.265575 0.303817 0.029224 0.053022 -0.460029 -0.885837
1778756405.946157 6.030861 -23.265594 0.303810 0.029235 0.052962 -0.459952 -0.885880
1778756406.001205 6.030834 -23.265598 0.303816 0.029290 0.052971 -0.459838 -0.885938
1778756406.052231 6.030806 -23.265535 0.303847 0.029440 0.052990 -0.459834 -0.885933
1778756406.105568 6.030769 -23.265511 0.303848 0.029522 0.053038 -0.459795 -0.885948
1778756406.158504 6.030786 -23.265497 0.303839 0.029562 0.052997 -0.459786 -0.885954
1778756406.212272 6.030815 -23.265472 0.303862 0.029630 0.052970 -0.459767 -0.885963
1778756406.268597 6.030797 -23.265448 0.303855 0.029719 0.052992 -0.459641 -0.886024
1778756406.323581 6.030795 -23.265450 0.303853 0.029790 0.052994 -0.459567 -0.886060
1778756406.378076 6.030831 -23.265539 0.303878 0.029884 0.053005 -0.459423 -0.886131
1778756406.428889 6.030796 -23.265528 0.303874 0.030028 0.052993 -0.459177 -0.886254
1778756406.481863 6.030782 -23.265560 0.303901 0.030122 0.052985 -0.459035 -0.886325
1778756406.535833 6.030833 -23.265602 0.303883 0.030132 0.052957 -0.458923 -0.886384
1778756406.589180 6.030820 -23.265619 0.303873 0.030175 0.052917 -0.458756 -0.886472
1778756406.642937 6.030795 -23.265654 0.303896 0.030226 0.052954 -0.458696 -0.886499
1778756406.695728 6.030759 -23.265587 0.303910 0.030346 0.052969 -0.458682 -0.886501
1778756406.751863 6.030772 -23.265553 0.303922 0.030407 0.052936 -0.458640 -0.886523
1778756406.804900 6.030779 -23.265551 0.303895 0.030392 0.052917 -0.458566 -0.886563
1778756406.859436 6.030785 -23.265570 0.303909 0.030399 0.052906 -0.458618 -0.886536
1778756406.916943 6.030767 -23.265522 0.303917 0.030475 0.052902 -0.458570 -0.886559
1778756406.965014 6.030757 -23.265497 0.303918 0.030532 0.052913 -0.458532 -0.886576
1778756407.023220 6.030797 -23.265471 0.303929 0.030545 0.052828 -0.458531 -0.886581
1778756407.071493 6.030799 -23.265486 0.303945 0.030560 0.052828 -0.458478 -0.886608
1778756407.125414 6.030817 -23.265471 0.303982 0.030661 0.052839 -0.458393 -0.886648
1778756407.181989 6.030835 -23.265450 0.303994 0.030758 0.052835 -0.458330 -0.886677
1778756407.231372 6.030806 -23.265490 0.303992 0.030765 0.052840 -0.458177 -0.886756
1778756407.286784 6.030835 -23.265551 0.303999 0.030775 0.052797 -0.458092 -0.886802
1778756407.338205 6.030829 -23.265585 0.303974 0.030772 0.052801 -0.457949 -0.886875
1778756407.392469 6.030810 -23.265539 0.303988 0.030857 0.052800 -0.457905 -0.886895
1778756407.445564 6.030826 -23.265530 0.303982 0.030876 0.052775 -0.457883 -0.886907
1778756407.498046 6.030816 -23.265551 0.303989 0.030868 0.052800 -0.457879 -0.886908
1778756407.555448 6.030779 -23.265520 0.303979 0.030947 0.052822 -0.457848 -0.886920
1778756407.606417 6.030764 -23.265480 0.304008 0.031020 0.052841 -0.457854 -0.886913
1778756407.658822 6.030771 -23.265463 0.303992 0.031057 0.052799 -0.457824 -0.886930
1778756407.711896 6.030759 -23.265478 0.303992 0.031047 0.052793 -0.457777 -0.886955
1778756407.764731 6.030754 -23.265509 0.304002 0.031068 0.052806 -0.457741 -0.886972
1778756407.824117 6.030732 -23.265451 0.304002 0.031130 0.052806 -0.457707 -0.886988
1778756407.874128 6.030752 -23.265415 0.304033 0.031207 0.052775 -0.457743 -0.886968
1778756407.927435 6.030726 -23.265450 0.304010 0.031180 0.052816 -0.457689 -0.886995
1778756407.978472 6.030720 -23.265471 0.304008 0.031197 0.052813 -0.457625 -0.887027
1778756408.033780 6.030707 -23.265438 0.304021 0.031275 0.052797 -0.457567 -0.887055
1778756408.084871 6.030698 -23.265396 0.304016 0.031343 0.052793 -0.457606 -0.887033
1778756408.137963 6.030721 -23.265379 0.304009 0.031338 0.052755 -0.457614 -0.887031
1778756408.200791 6.030727 -23.265396 0.304031 0.031330 0.052747 -0.457560 -0.887060
1778756408.248486 6.030716 -23.265343 0.304022 0.031420 0.052741 -0.457637 -0.887018
1778756408.301661 6.029837 -23.265528 0.304024 0.033043 0.053556 -0.460094 -0.885638
1778756408.355148 6.029709 -23.264933 0.304895 0.035127 0.056250 -0.475472 -0.877228
1778756408.408695 6.029105 -23.263918 0.305315 0.035518 0.057514 -0.491510 -0.868245
1778756408.464268 6.028153 -23.262014 0.306290 0.035699 0.057925 -0.511038 -0.856861
1778756408.514695 6.026975 -23.259827 0.307043 0.034581 0.057728 -0.532726 -0.843608
1778756408.570004 6.025835 -23.257427 0.308135 0.034319 0.058267 -0.554403 -0.829496
1778756408.623222 6.025084 -23.255209 0.309712 0.031860 0.055595 -0.578364 -0.813259
1778756408.680106 6.024045 -23.253046 0.310497 0.031406 0.053391 -0.603710 -0.794794
1778756408.730852 6.022547 -23.251488 0.308415 0.027429 0.042465 -0.630487 -0.774552
1778756408.781961 6.018793 -23.250265 0.305047 0.022976 0.036176 -0.656789 -0.752856
1778756408.841542 6.014638 -23.246346 0.309445 0.014187 0.034068 -0.681103 -0.731257
1778756408.888436 6.014082 -23.243252 0.310263 0.007241 0.024500 -0.705267 -0.708481
1778756408.957945 6.011416 -23.238470 0.304942 0.010276 0.025562 -0.735667 -0.676783
1778756409.007876 6.012680 -23.241692 0.308978 0.012710 0.029701 -0.758630 -0.650720
1778756409.058943 6.012706 -23.242298 0.314386 0.015703 0.030453 -0.780640 -0.624041
1778756409.113887 6.004718 -23.245590 0.312595 0.024551 0.039002 -0.801357 -0.596408
1778756409.164979 6.005924 -23.246220 0.309146 0.026834 0.035132 -0.824785 -0.563716
1778756409.234504 6.003866 -23.249277 0.304291 0.028958 0.028755 -0.844696 -0.533689
1778756409.269223 6.000180 -23.252228 0.299319 0.030536 0.023491 -0.861486 -0.506318
1778756409.321227 5.995470 -23.253460 0.305920 0.033143 0.030056 -0.875195 -0.481697
1778756409.381377 5.992530 -23.254488 0.307204 0.032079 0.028698 -0.888636 -0.456589
1778756409.433121 5.988282 -23.253036 0.308426 0.031068 0.022008 -0.902463 -0.429082
1778756409.486323 5.986127 -23.251976 0.309104 0.029154 0.015720 -0.910992 -0.411093
1778756409.538176 5.981339 -23.252254 0.309550 0.030103 0.026864 -0.921535 -0.386193
1778756409.615393 5.978579 -23.250927 0.309461 0.031024 0.026568 -0.929095 -0.367578
1778756409.656183 5.976296 -23.250664 0.310576 0.030587 0.029165 -0.934362 -0.353811
1778756409.707051 5.974783 -23.248755 0.313647 0.030474 0.026692 -0.940024 -0.338695
1778756409.762319 5.972603 -23.248568 0.313460 0.030138 0.023765 -0.944376 -0.326621
1778756409.814760 5.971031 -23.250423 0.312136 0.031156 0.022833 -0.947932 -0.316121
1778756409.872654 5.969175 -23.252003 0.311056 0.032896 0.025647 -0.952103 -0.302919
1778756409.917856 5.969193 -23.252110 0.310588 0.032885 0.028062 -0.955733 -0.291043
1778756409.971925 5.969964 -23.251007 0.310247 0.030561 0.028607 -0.959302 -0.279262
1778756410.027249 5.970521 -23.250034 0.310961 0.030352 0.028570 -0.962574 -0.267794
1778756410.079628 5.968572 -23.249737 0.311979 0.030354 0.029273 -0.966482 -0.253246
1778756410.144340 5.966827 -23.250195 0.309168 0.032930 0.029775 -0.971760 -0.231756
1778756410.184777 5.966557 -23.248623 0.306243 0.034052 0.025879 -0.977179 -0.208069
1778756410.238762 5.960461 -23.248018 0.303782 0.035684 0.019658 -0.983126 -0.178335
1778756410.298206 5.952921 -23.251297 0.304332 0.037913 0.025818 -0.987937 -0.147908
1778756410.343728 5.945261 -23.253714 0.309663 0.047739 0.030317 -0.991313 -0.118749
1778756410.403283 5.936890 -23.256113 0.312060 0.060192 0.035013 -0.993598 -0.088962
1778756410.452206 5.930956 -23.257442 0.310535 0.067979 0.041201 -0.995343 -0.054525
1778756410.505898 5.923279 -23.262188 0.305108 0.075187 0.048546 -0.995742 -0.022106
1778756410.561451 5.919407 -23.263811 0.301482 0.070646 0.034083 -0.996844 0.012265
1778756410.612240 5.914803 -23.263672 0.303777 0.073923 0.040183 -0.995628 0.040558
1778756410.670290 5.909393 -23.262524 0.305412 0.072974 0.040680 -0.994020 0.070313
1778756410.718357 5.902081 -23.261524 0.305016 0.072861 0.036305 -0.991544 0.101066
1778756410.773299 5.895359 -23.261963 0.303774 0.070869 0.033003 -0.988579 0.128841
1778756410.825348 5.887067 -23.258982 0.314006 0.064630 0.029546 -0.985377 0.154865
1778756410.878128 5.878900 -23.257948 0.314918 0.059001 0.022743 -0.982396 0.175784
1778756410.941557 5.869499 -23.261040 0.313898 0.051303 0.018680 -0.979386 0.194480
1778756410.986376 5.862763 -23.262470 0.309396 0.052512 0.012291 -0.975998 0.210995
1778756411.051870 5.855206 -23.266296 0.306686 0.050226 0.010335 -0.972326 0.227930
1778756411.092140 5.848338 -23.272449 0.305346 0.045716 0.011116 -0.968419 0.244850
1778756411.142294 5.835940 -23.283127 0.303797 0.042640 0.016980 -0.964345 0.260638
1778756411.198123 5.823818 -23.293987 0.300527 0.043828 0.025539 -0.960190 0.274705
1778756411.246920 5.809771 -23.307804 0.303689 0.038180 0.021150 -0.956722 0.287712
1778756411.302069 5.798850 -23.317822 0.309236 0.038126 0.029530 -0.952220 0.301581
1778756411.354705 5.788649 -23.327835 0.310289 0.034948 0.034068 -0.947970 0.314597
1778756411.409410 5.774500 -23.342312 0.308610 0.028826 0.042203 -0.943056 0.328685
1778756411.462613 5.760300 -23.356838 0.305395 0.024950 0.044287 -0.939097 0.339873
1778756411.514684 5.745294 -23.371180 0.301634 0.028762 0.041612 -0.935012 0.350990
1778756411.568216 5.727051 -23.386839 0.302444 0.038833 0.038790 -0.929054 0.365850
1778756411.622721 5.711181 -23.397345 0.307856 0.036815 0.031431 -0.923630 0.380216
1778756411.680615 5.696381 -23.406981 0.306622 0.035465 0.022044 -0.919328 0.391271
1778756411.734767 5.681423 -23.419994 0.304916 0.033257 0.013203 -0.915176 0.401463
1778756411.788043 5.664826 -23.436140 0.301596 0.030175 0.004089 -0.911673 0.409786
1778756411.841769 5.648645 -23.455194 0.297999 0.025436 0.000330 -0.907826 0.418576
1778756411.896461 5.635101 -23.477436 0.294168 0.023611 0.013512 -0.903847 0.426991
1778756411.949926 5.621128 -23.498415 0.302489 0.030738 0.016918 -0.900189 0.434084
1778756412.005542 5.612485 -23.516724 0.309502 0.025269 0.019902 -0.894011 0.446890
1778756412.057904 5.601570 -23.536957 0.310327 0.018485 0.024641 -0.888197 0.458430
1778756412.111528 5.589394 -23.561926 0.308916 0.010015 0.027904 -0.882491 0.469394
1778756412.164765 5.575845 -23.587904 0.305039 0.006633 0.026831 -0.876800 0.480061
1778756412.218953 5.557046 -23.615887 0.300629 0.019271 0.018489 -0.870173 0.492023
1778756412.272403 5.544697 -23.640863 0.304163 0.019975 0.023980 -0.862855 0.504487
1778756412.337474 5.531887 -23.660303 0.309170 0.018740 0.018025 -0.859052 0.511227
1778756412.381511 5.519528 -23.684898 0.309478 0.019408 0.017309 -0.862696 0.505053
1778756412.432449 5.505035 -23.713331 0.307508 0.015420 0.020764 -0.867627 0.496542
1778756412.498202 5.488984 -23.740652 0.304758 0.017435 0.014253 -0.871746 0.489440
1778756412.539787 5.475778 -23.766115 0.308854 0.015673 0.022453 -0.876372 0.480855
1778756412.592396 5.464941 -23.787785 0.313189 0.017625 0.021463 -0.880315 0.473576
1778756412.650486 5.450965 -23.810787 0.313008 0.019662 0.023085 -0.883942 0.466613
1778756412.697761 5.433972 -23.837543 0.311315 0.019309 0.022277 -0.887424 0.460010
1778756412.752537 5.413045 -23.864435 0.308164 0.022958 0.015522 -0.890892 0.453369
1778756412.806908 5.394863 -23.892435 0.304014 0.018225 0.022823 -0.894876 0.445358
1778756412.859683 5.376394 -23.913477 0.310624 0.019363 0.015898 -0.899847 0.435485
1778756412.912042 5.359701 -23.933907 0.315326 0.024117 0.009030 -0.903863 0.427046
1778756412.964612 5.342842 -23.957247 0.315379 0.026393 0.011545 -0.908048 0.417875
1778756413.022890 5.321970 -23.984129 0.311800 0.027731 0.017652 -0.912298 0.408206
1778756413.070146 5.298010 -24.008125 0.307220 0.027061 0.011744 -0.916202 0.399630
1778756413.124210 5.281560 -24.031551 0.315521 0.019995 0.023159 -0.920456 0.389647
1778756413.178168 5.263937 -24.053564 0.318405 0.019524 0.024501 -0.924111 0.380837
1778756413.233785 5.243448 -24.074001 0.315940 0.019154 0.027488 -0.927771 0.371643
1778756413.286027 5.221008 -24.096809 0.312157 0.018574 0.027638 -0.931004 0.363488
1778756413.338091 5.193926 -24.119408 0.307656 0.020147 0.021717 -0.934211 0.355488
1778756413.402791 5.168506 -24.142262 0.304787 0.019280 0.029010 -0.937419 0.346456
1778756413.445930 5.142803 -24.153168 0.311691 0.025013 0.012485 -0.939811 0.340550
1778756413.509995 5.119833 -24.169443 0.316206 0.026257 0.004133 -0.944265 0.328113
1778756413.564526 5.088957 -24.191460 0.314344 0.025627 0.004859 -0.948544 0.315571
1778756413.617597 5.059471 -24.212034 0.309455 0.024638 0.006301 -0.952061 0.304850
1778756413.671710 5.033402 -24.232611 0.306670 0.028971 0.012818 -0.955241 0.294129
1778756413.724935 5.012366 -24.251083 0.314172 0.027018 0.014097 -0.958698 0.282790
1778756413.780504 4.990686 -24.267973 0.315974 0.021299 0.017294 -0.961395 0.273802
1778756413.827712 4.968132 -24.284929 0.313687 0.016317 0.021440 -0.963899 0.264903
1778756413.883562 4.941055 -24.303282 0.309887 0.013150 0.022250 -0.966214 0.256443
1778756413.943267 4.913412 -24.316519 0.310946 0.024392 0.022945 -0.966562 0.254237
1778756413.988780 4.891458 -24.325226 0.303432 0.030729 0.031659 -0.966480 0.252924
1778756414.048600 4.870296 -24.334648 0.311500 0.024835 0.034665 -0.966699 0.252337
1778756414.094990 4.860204 -24.339676 0.310276 0.029279 0.026773 -0.967303 0.250503
1778756414.149357 4.848976 -24.346428 0.312365 0.032527 0.020763 -0.968622 0.245525
1778756414.202439 4.836864 -24.353924 0.311916 0.034143 0.017728 -0.970655 0.237380
1778756414.254576 4.823641 -24.362158 0.311663 0.036064 0.016233 -0.972163 0.230946
1778756414.310845 4.807367 -24.372625 0.309546 0.039313 0.018898 -0.973688 0.223670
1778756414.361874 4.790891 -24.381720 0.310185 0.036536 0.016550 -0.975613 0.215804
1778756414.421880 4.770051 -24.393106 0.309507 0.033763 0.024192 -0.977865 0.205075
1778756414.474082 4.756687 -24.400661 0.310241 0.036274 0.026615 -0.979306 0.197321
1778756414.524804 4.740558 -24.407459 0.309085 0.037190 0.028469 -0.981082 0.187840
1778756414.576746 4.721303 -24.414873 0.306776 0.038150 0.027039 -0.982604 0.179732
1778756414.626728 4.696944 -24.422258 0.303637 0.040608 0.023320 -0.984035 0.171706
1778756414.681898 4.673482 -24.429911 0.298587 0.042136 0.023865 -0.985400 0.163225
1778756414.732054 4.647713 -24.436981 0.309192 0.034478 0.026516 -0.987223 0.153292
1778756414.784650 4.628279 -24.439173 0.312999 0.035491 0.015300 -0.988747 0.144520
1778756414.847764 4.614610 -24.445047 0.313676 0.036547 0.013580 -0.989869 0.136524
1778756414.894059 4.597826 -24.456402 0.317362 0.043297 0.021300 -0.989853 0.133651
1778756414.950424 4.587632 -24.459459 0.315530 0.046664 0.015483 -0.989739 0.134165
1778756415.001267 4.581223 -24.462114 0.318377 0.044339 0.011564 -0.989423 0.137635
1778756415.056179 4.578507 -24.462814 0.319135 0.043940 0.006875 -0.988211 0.146500
1778756415.108625 4.578346 -24.463646 0.320271 0.044702 0.006253 -0.986842 0.155260
1778756415.161572 4.579840 -24.464315 0.313254 0.043612 0.008954 -0.985118 0.166013
1778756415.220258 4.580913 -24.466770 0.309226 0.041721 0.011133 -0.983318 0.176694
1778756415.269831 4.581522 -24.470177 0.305017 0.040180 0.012913 -0.981268 0.187966
1778756415.323065 4.581831 -24.473534 0.303893 0.038816 0.015137 -0.979122 0.198958
1778756415.375751 4.581579 -24.476496 0.304935 0.037992 0.016179 -0.977040 0.209018
1778756415.428138 4.581186 -24.478968 0.308103 0.037611 0.016451 -0.974958 0.218569
1778756415.494313 4.581218 -24.480921 0.309164 0.036787 0.017101 -0.972961 0.227378
1778756415.534909 4.581164 -24.482346 0.309171 0.036449 0.016504 -0.970935 0.235974
1778756415.587919 4.580585 -24.483967 0.309039 0.035918 0.015220 -0.968880 0.244439
1778756415.641327 4.580338 -24.486341 0.304427 0.034106 0.018008 -0.966231 0.254777
1778756415.696458 4.577505 -24.488886 0.302771 0.032737 0.019485 -0.962831 0.267405
1778756415.748823 4.573650 -24.492170 0.302095 0.031298 0.017713 -0.959142 0.280630
1778756415.800870 4.566394 -24.496485 0.303749 0.032381 0.012509 -0.954943 0.294754
1778756415.862362 4.557580 -24.504620 0.303214 0.031269 0.013908 -0.950793 0.307933
1778756415.908546 4.545554 -24.514256 0.307156 0.030146 0.013450 -0.947230 0.318851
1778756415.961465 4.534265 -24.523533 0.306946 0.035441 0.020423 -0.944104 0.327099
1778756416.016330 4.524012 -24.531818 0.305203 0.035425 0.023310 -0.940100 0.338252
1778756416.068147 4.512715 -24.545181 0.301903 0.034213 0.021122 -0.936623 0.348025
1778756416.123967 4.499833 -24.561766 0.296875 0.033293 0.022339 -0.933164 0.357208
1778756416.173626 4.489615 -24.576048 0.300125 0.033313 0.016559 -0.930314 0.364872
1778756416.231438 4.480951 -24.590860 0.304802 0.032913 0.022581 -0.926646 0.373810
1778756416.281929 4.473408 -24.602642 0.305716 0.025949 0.023548 -0.921429 0.386963
1778756416.335750 4.461912 -24.617844 0.305692 0.016606 0.029642 -0.916303 0.399043
1778756416.389283 4.447425 -24.637280 0.304470 0.009815 0.032920 -0.911180 0.410574
1778756416.441946 4.431264 -24.657394 0.302584 0.007869 0.027088 -0.906175 0.421962
1778756416.494359 4.408950 -24.677538 0.300948 0.013605 0.021092 -0.902754 0.429424
1778756416.548657 4.392845 -24.696756 0.307451 0.011134 0.022821 -0.905027 0.424596
1778756416.602374 4.376200 -24.711658 0.311662 0.010893 0.010675 -0.907454 0.419875
1778756416.656494 4.359692 -24.731459 0.312154 0.011463 0.008886 -0.911053 0.412034
1778756416.708057 4.341588 -24.752592 0.309771 0.007508 0.013803 -0.915433 0.402163
1778756416.760861 4.320387 -24.776146 0.305629 0.006443 0.018170 -0.919175 0.393377
1778756416.818014 4.300704 -24.797335 0.309502 0.006239 0.020061 -0.923445 0.383156
1778756416.867591 4.285870 -24.818579 0.315799 0.010690 0.020444 -0.926693 0.375112
1778756416.919199 4.269809 -24.834885 0.313892 0.012385 0.018182 -0.929806 0.367393
1778756416.970862 4.249721 -24.855009 0.313103 0.016027 0.017153 -0.932884 0.359411
1778756417.043223 4.230731 -24.873928 0.310478 0.017092 0.017525 -0.932931 0.359222
1778756417.085019 4.198246 -24.901550 0.305479 0.024282 0.013220 -0.930531 0.365168
1778756417.133877 4.173169 -24.926903 0.304058 0.018510 0.025546 -0.928545 0.369878
1778756417.190156 4.152196 -24.939014 0.310064 0.022202 0.007351 -0.925961 0.376895
1778756417.244812 4.132678 -24.959560 0.311954 0.022961 0.004584 -0.923391 0.383147
1778756417.303355 4.112227 -24.981894 0.310253 0.021259 0.009038 -0.921030 0.388807
1778756417.354302 4.091483 -25.005259 0.306863 0.018830 0.014206 -0.918199 0.395417
1778756417.419992 4.069653 -25.029200 0.300012 0.019749 0.017622 -0.914611 0.403468
1778756417.457771 4.053615 -25.052105 0.312222 0.017287 0.023479 -0.911245 0.410831
1778756417.511388 4.038432 -25.071993 0.316333 0.013311 0.026639 -0.906586 0.420969
1778756417.571758 4.020520 -25.095819 0.315452 0.008223 0.029273 -0.901391 0.431938
1778756417.617327 4.000028 -25.123159 0.312537 0.007726 0.029464 -0.895694 0.443627
1778756417.670371 3.976542 -25.149408 0.307478 0.017960 0.024325 -0.890206 0.454553
1778756417.724770 3.956843 -25.173819 0.308434 0.017444 0.025132 -0.884966 0.464649
1778756417.778272 3.940374 -25.189644 0.312741 0.017184 0.014874 -0.879045 0.476196
1778756417.832174 3.926325 -25.212538 0.312581 0.019030 0.010952 -0.874183 0.485101
1778756417.883826 3.912605 -25.236549 0.309827 0.015782 0.012248 -0.869577 0.493393
1778756417.937815 3.898120 -25.265123 0.305847 0.011215 0.016868 -0.864537 0.502161
1778756417.992276 3.888435 -25.290400 0.303267 0.012168 0.024102 -0.859733 0.510031
1778756418.044633 3.880616 -25.314026 0.309829 0.010703 0.025571 -0.855567 0.516950
1778756418.099095 3.873542 -25.337156 0.313382 0.004290 0.029022 -0.849265 0.527151
1778756418.155178 3.865383 -25.363548 0.313020 -0.002805 0.032254 -0.842723 0.537373
1778756418.209657 3.856784 -25.392408 0.310836 -0.007770 0.033129 -0.835781 0.548008
1778756418.257143 3.845279 -25.421707 0.306691 -0.000384 0.026730 -0.828352 0.559569
1778756418.312414 3.834129 -25.446955 0.301363 0.012652 0.028259 -0.819161 0.572728
1778756418.366065 3.824035 -25.470369 0.309351 0.011658 0.021568 -0.811723 0.583528
1778756418.438254 3.815395 -25.491732 0.310200 0.013049 0.013988 -0.806010 0.591593
1778756418.475196 3.807489 -25.514826 0.308068 0.012791 0.006749 -0.800702 0.598889
1778756418.527804 3.799604 -25.541647 0.304436 0.011804 0.001753 -0.794836 0.606707
1778756418.578357 3.794393 -25.571161 0.300216 0.009325 0.007608 -0.788353 0.615106
1778756418.630521 3.787760 -25.597475 0.302920 0.014718 0.014559 -0.783380 0.621198
1778756418.683742 3.786533 -25.619520 0.309664 0.010357 0.014291 -0.775038 0.631668
1778756418.744940 3.783872 -25.645708 0.311713 0.004433 0.015325 -0.766346 0.642230
1778756418.794553 3.782170 -25.674061 0.311196 -0.003052 0.015123 -0.757854 0.652242
1778756418.861212 3.779387 -25.707020 0.308791 -0.003578 0.011760 -0.749245 0.662179
1778756418.903700 3.776393 -25.738041 0.304293 0.004464 0.008678 -0.741138 0.671282
1778756418.954059 3.770781 -25.765236 0.307122 0.005330 0.008934 -0.731955 0.681274
1778756419.009274 3.767119 -25.789593 0.308945 0.007306 0.002105 -0.723625 0.690152
1778756419.063057 3.766898 -25.815117 0.307921 0.009455 0.000697 -0.717093 0.696913
1778756419.115789 3.766749 -25.843452 0.306015 0.004883 0.001025 -0.710615 0.703564
1778756419.167128 3.767774 -25.875860 0.303870 0.000139 0.002310 -0.703693 0.710500
1778756419.220111 3.769449 -25.901695 0.302668 0.000421 0.012084 -0.697980 0.716015
1778756419.272896 3.773506 -25.928650 0.311032 -0.001709 0.014158 -0.690451 0.723238
1778756419.333635 3.779115 -25.954775 0.315116 -0.003270 0.016013 -0.689237 0.724351
1778756419.377883 3.782770 -25.983692 0.314180 -0.006962 0.015631 -0.692875 0.720855
1778756419.430692 3.788306 -26.016060 0.311237 -0.011877 0.014570 -0.697340 0.716494
1778756419.486482 3.791457 -26.047087 0.307349 -0.014001 0.008406 -0.701615 0.712370
1778756419.537459 3.789235 -26.083487 0.304304 0.009894 0.008961 -0.702572 0.711487
1778756419.596104 3.790102 -26.113335 0.309591 -0.000467 0.014276 -0.707781 0.706287
1778756419.647474 3.786310 -26.139084 0.312478 0.001092 -0.000591 -0.715976 0.698124
1778756419.701352 3.784574 -26.165016 0.312480 -0.002522 -0.002451 -0.725662 0.688043
1778756419.767265 3.782085 -26.196579 0.309970 -0.008153 -0.004952 -0.733826 0.679270
1778756419.807149 3.781777 -26.228380 0.307992 -0.009905 0.008790 -0.741607 0.670704
1778756419.861281 3.779878 -26.258125 0.313898 -0.005453 0.011428 -0.750435 0.660823
1778756419.918730 3.778925 -26.282780 0.315813 -0.001927 0.011147 -0.757415 0.652835
1778756419.966813 3.776427 -26.312897 0.314172 -0.000494 0.011473 -0.763424 0.645796
1778756420.020550 3.772858 -26.344454 0.311487 0.000680 0.010603 -0.769339 0.638752
1778756420.077482 3.766264 -26.377485 0.308252 0.004817 0.006022 -0.774807 0.632151
1778756420.128222 3.760026 -26.410137 0.303784 0.005388 0.012009 -0.780655 0.624823
1778756420.181679 3.747962 -26.438181 0.308759 0.012453 0.006066 -0.785823 0.618297
1778756420.233775 3.740164 -26.462957 0.312720 0.016072 -0.000483 -0.792303 0.609916
1778756420.289780 3.733255 -26.492191 0.312177 0.014856 0.001516 -0.799574 0.600381
1778756420.340900 3.722008 -26.523317 0.309715 0.014489 0.001359 -0.800739 0.598837
1778756420.393474 3.713550 -26.557161 0.306142 0.012885 0.009027 -0.796534 0.604389
1778756420.448814 3.703999 -26.583443 0.307196 0.019128 0.017780 -0.792898 0.608795
1778756420.500680 3.700012 -26.611454 0.312407 0.010440 0.016041 -0.788408 0.614855
1778756420.554142 3.694943 -26.644684 0.314729 0.003163 0.018756 -0.782132 0.622822
1778756420.611092 3.689526 -26.684546 0.312517 -0.003011 0.016809 -0.774966 0.631773
1778756420.665132 3.679837 -26.724424 0.306549 0.004630 0.013690 -0.767756 0.640579
1778756420.717445 3.674217 -26.752884 0.309373 -0.000899 0.022418 -0.763399 0.645538
1778756420.770205 3.667723 -26.781534 0.312828 0.002351 0.016561 -0.764211 0.644750
1778756420.827417 3.664086 -26.813288 0.312570 0.000900 0.019235 -0.768634 0.639399
1778756420.878008 3.660643 -26.850206 0.310461 -0.006489 0.025863 -0.773245 0.633547
1778756420.930703 3.653111 -26.883142 0.307026 -0.002510 0.018126 -0.777863 0.628167
1778756420.983740 3.653120 -26.912134 0.313430 -0.005466 0.026719 -0.784557 0.619457
1778756421.037673 3.646762 -26.939978 0.314104 -0.002125 0.024798 -0.788702 0.614272
1778756421.087991 3.640635 -26.969282 0.313986 -0.000777 0.025149 -0.793157 0.608497
1778756421.140391 3.631168 -27.002153 0.312445 0.001772 0.021617 -0.797529 0.602891
1778756421.193641 3.619641 -27.035892 0.309250 0.007940 0.015440 -0.802095 0.596944
1778756421.253238 3.609840 -27.071299 0.307766 0.005574 0.024482 -0.807748 0.588993
1778756421.305606 3.599145 -27.095638 0.313557 0.016687 0.012729 -0.812009 0.583267
1778756421.357888 3.589664 -27.123440 0.314333 0.018710 0.007243 -0.812043 0.583253
1778756421.411047 3.579465 -27.152466 0.312253 0.018945 0.003495 -0.810466 0.585469
1778756421.469663 3.567612 -27.186844 0.308188 0.016039 0.002350 -0.807513 0.589627
1778756421.516452 3.558918 -27.222631 0.306571 0.018411 0.027765 -0.805465 0.591706
1778756421.583876 3.554635 -27.249437 0.313679 0.018390 0.021584 -0.802038 0.596600
1778756421.630440 3.549042 -27.283396 0.316440 0.007290 0.024556 -0.796876 0.603599
1778756421.683638 3.543792 -27.317263 0.314022 -0.002367 0.025079 -0.790897 0.611431
1778756421.742606 3.537961 -27.353191 0.310526 -0.003637 0.022187 -0.784429 0.619811
1778756421.794269 3.527313 -27.387888 0.306611 0.009834 0.017480 -0.777483 0.628584
1778756421.849576 3.525377 -27.415262 0.311000 0.010579 0.025076 -0.768865 0.638832
1778756421.897781 3.518394 -27.445435 0.313026 0.013915 0.019488 -0.761145 0.648139
1778756421.951406 3.515068 -27.475422 0.310673 0.012843 0.022239 -0.756382 0.653626
1778756422.005513 3.511797 -27.510811 0.307158 0.005446 0.024875 -0.750405 0.660488
1778756422.056984 3.507331 -27.545879 0.301797 0.005679 0.019061 -0.743470 0.668473
1778756422.110470 3.510103 -27.572725 0.309678 0.001000 0.025571 -0.739120 0.673088
1778756422.163484 3.510579 -27.601244 0.314785 -0.004690 0.025834 -0.732390 0.680379
1778756422.220606 3.511845 -27.634338 0.314100 -0.011251 0.027316 -0.723906 0.689266
1778756422.271074 3.513450 -27.668745 0.311750 -0.013789 0.025217 -0.715550 0.697970
1778756422.324152 3.509895 -27.706356 0.307300 -0.009760 0.019638 -0.710351 0.703506
1778756422.382305 3.512572 -27.736742 0.306889 -0.005597 0.025515 -0.712804 0.700877
1778756422.433975 3.510262 -27.765913 0.311370 -0.006960 0.016812 -0.716392 0.697461
1778756422.487320 3.509113 -27.794960 0.312907 -0.007580 0.011157 -0.723114 0.690597
1778756422.536371 3.507945 -27.827429 0.311610 -0.013610 0.011439 -0.730875 0.682280
1778756422.590222 3.505365 -27.862911 0.308809 -0.014795 0.013510 -0.736427 0.676221
1778756422.658289 3.506494 -27.893980 0.312897 -0.014173 0.012596 -0.743297 0.668693
1778756422.697839 3.506401 -27.921366 0.318171 -0.010241 0.013872 -0.749750 0.661496
1778756422.750405 3.501639 -27.949705 0.317784 -0.005572 0.013743 -0.755301 0.655210
1778756422.809848 3.497195 -27.983538 0.315521 -0.002246 0.012025 -0.760291 0.649467
1778756422.857853 3.489424 -28.018045 0.312425 0.002947 0.006639 -0.765066 0.643911
1778756422.918629 3.483298 -28.052561 0.309449 0.000553 0.013216 -0.767313 0.641136
1778756422.964261 3.472744 -28.081360 0.312078 0.003227 0.005857 -0.764344 0.644774
1778756423.020606 3.467826 -28.109859 0.314587 0.006160 0.000098 -0.762644 0.646789
1778756423.072105 3.464586 -28.138277 0.314113 0.005876 -0.000201 -0.760467 0.649350
1778756423.125716 3.460296 -28.172606 0.311938 0.001697 0.000657 -0.756929 0.653495
1778756423.178635 3.455851 -28.209572 0.308294 -0.002079 0.008431 -0.751950 0.659163
1778756423.230259 3.452108 -28.240622 0.310754 0.003492 0.017734 -0.748214 0.663211
1778756423.289798 3.452470 -28.268877 0.315308 0.000224 0.016009 -0.741733 0.670504
1778756423.337212 3.450907 -28.298771 0.315162 -0.004929 0.016707 -0.740534 0.671793
1778756423.390726 3.450250 -28.336193 0.312304 -0.010669 0.015551 -0.742338 0.669760
1778756423.447980 3.447721 -28.375011 0.308296 -0.011451 0.011292 -0.745302 0.666533
1778756423.500047 3.442397 -28.410906 0.305027 0.002516 0.015176 -0.746802 0.664869
1778756423.561432 3.438659 -28.440481 0.308875 -0.002950 0.013131 -0.750636 0.660579
1778756423.610278 3.433368 -28.467985 0.311320 -0.002962 0.004010 -0.757466 0.652856
1778756423.669250 3.428817 -28.501253 0.310735 -0.007881 0.007005 -0.766291 0.642407
1778756423.716845 3.422864 -28.537300 0.308657 -0.012182 0.012003 -0.772376 0.634935
1778756423.771291 3.417096 -28.569489 0.309648 -0.010920 0.010933 -0.778709 0.627196
1778756423.825872 3.415814 -28.595163 0.316314 -0.008716 0.013075 -0.785612 0.618520
1778756423.876938 3.409508 -28.623594 0.316716 -0.006415 0.013881 -0.790740 0.611961
1778756423.936812 3.402520 -28.658197 0.314533 -0.005261 0.014262 -0.796535 0.604402
1778756423.987825 3.393130 -28.691101 0.311576 -0.003414 0.010350 -0.801224 0.598265
1778756424.039850 3.381781 -28.725275 0.308085 0.002948 0.007507 -0.806209 0.591576
1778756424.093259 3.368205 -28.757236 0.306708 0.001810 0.011914 -0.811682 0.583976
1778756424.148797 3.358326 -28.779224 0.311915 0.005492 0.002683 -0.817151 0.576391
1778756424.201303 3.347927 -28.806973 0.313691 0.007607 -0.002438 -0.824221 0.566212
1778756424.253766 3.336102 -28.836550 0.312062 0.003602 0.000700 -0.831358 0.555725
1778756424.306580 3.322172 -28.870302 0.309003 0.002075 0.004339 -0.835728 0.549123
1778756424.360979 3.307561 -28.899353 0.309249 0.009670 0.014765 -0.833549 0.552164
1778756424.416657 3.298978 -28.926340 0.314652 0.004253 0.014264 -0.829038 0.558995
1778756424.469579 3.286694 -28.956713 0.316463 -0.001635 0.017207 -0.824399 0.565745
1778756424.523085 3.275998 -28.989088 0.314903 -0.005101 0.015037 -0.821567 0.569892
1778756424.577053 3.261814 -29.023590 0.311262 -0.001845 0.011494 -0.822003 0.569365
1778756424.633955 3.249195 -29.057262 0.305641 -0.001455 0.017936 -0.824546 0.565509
1778756424.689242 3.234626 -29.084810 0.312254 0.001159 0.013524 -0.827813 0.560840
1778756424.749598 3.223110 -29.112980 0.314798 0.001482 0.007894 -0.832173 0.554457
1778756424.796926 3.213437 -29.141212 0.313528 -0.000192 0.013830 -0.837428 0.546372
1778756424.854935 3.198867 -29.174599 0.310395 -0.001229 0.019300 -0.842037 0.539074
1778756424.904800 3.187015 -29.205309 0.309741 -0.007374 0.018251 -0.847814 0.529929
1778756424.961209 3.177792 -29.229153 0.313285 -0.004235 0.021796 -0.852953 0.521516
1778756425.009426 3.166161 -29.251572 0.312743 -0.000501 0.020490 -0.857529 0.514027
1778756425.062988 3.151317 -29.278450 0.311340 0.004307 0.020516 -0.861963 0.506537
1778756425.120640 3.134031 -29.307209 0.308946 0.007014 0.016619 -0.865971 0.499769
1778756425.167631 3.117591 -29.334955 0.305627 0.008884 0.016283 -0.870221 0.492313
1778756425.222518 3.098397 -29.361311 0.307452 -0.001917 0.021051 -0.875598 0.482577
1778756425.276539 3.084149 -29.380625 0.312543 0.007743 0.005953 -0.879993 0.474886
1778756425.327522 3.070203 -29.403269 0.315392 0.009766 0.003678 -0.885246 0.465006
1778756425.383618 3.053006 -29.427835 0.314557 0.007214 0.007221 -0.890688 0.454500
1778756425.433383 3.033969 -29.455215 0.310920 0.005468 0.015263 -0.895359 0.445049
1778756425.484215 3.015183 -29.476431 0.311067 0.001976 0.012838 -0.900028 0.435639
1778756425.539630 3.000614 -29.499481 0.316413 -0.000957 0.018745 -0.904397 0.426278
1778756425.593221 2.983292 -29.519323 0.316947 0.005579 0.018308 -0.908354 0.417763
1778756425.650148 2.964439 -29.540554 0.315617 0.006175 0.019479 -0.912766 0.407972
1778756425.696443 2.942957 -29.564142 0.312144 0.007561 0.016660 -0.916378 0.399896
1778756425.749718 2.917592 -29.588142 0.308401 0.010813 0.011861 -0.919905 0.391812
1778756425.803446 2.894263 -29.612827 0.304606 0.007731 0.019898 -0.921850 0.386960
1778756425.853297 2.869840 -29.628378 0.309774 0.010498 0.008039 -0.918412 0.395405
1778756425.907565 2.850576 -29.647036 0.312474 0.009395 0.002352 -0.916398 0.400152
1778756425.961497 2.831953 -29.667885 0.312462 0.009914 -0.000660 -0.914052 0.405476
1778756426.020545 2.815485 -29.689344 0.311724 0.010436 0.003577 -0.912545 0.408828
1778756426.071536 2.802123 -29.711651 0.300468 0.022568 0.017580 -0.911747 0.409756
1778756426.121162 2.792696 -29.721758 0.303526 0.027000 0.002008 -0.911695 0.409975
1778756426.176207 2.790191 -29.731783 0.307657 0.022727 0.007772 -0.916450 0.399428
1778756426.231695 2.791003 -29.734005 0.309480 0.022878 0.007476 -0.921575 0.387453
1778756426.288134 2.790691 -29.735838 0.308337 0.023736 0.004941 -0.926230 0.376178
1778756426.334472 2.791205 -29.736090 0.309415 0.025645 0.004824 -0.931145 0.363715
1778756426.387443 2.791981 -29.736612 0.310601 0.027264 0.004656 -0.935516 0.352200
1778756426.443897 2.792330 -29.738544 0.311318 0.028203 0.005648 -0.939895 0.340251
1778756426.494618 2.792838 -29.740726 0.311466 0.029376 0.007057 -0.943939 0.328735
1778756426.545745 2.793343 -29.742924 0.311708 0.029709 0.008667 -0.948213 0.316123
1778756426.600008 2.793234 -29.745504 0.312106 0.029418 0.012480 -0.951864 0.304849
1778756426.654387 2.793413 -29.747879 0.312548 0.028811 0.016531 -0.954897 0.295073
1778756426.710438 2.793536 -29.750284 0.313648 0.028020 0.020594 -0.957380 0.286729
1778756426.758932 2.793584 -29.755262 0.313813 0.026021 0.023216 -0.957806 0.285292
1778756426.814019 2.790785 -29.757498 0.312045 0.023133 0.027538 -0.955059 0.294225
1778756426.868759 2.787444 -29.759718 0.312772 0.020561 0.030775 -0.952671 0.301741
1778756426.929029 2.781323 -29.763660 0.313468 0.019031 0.033467 -0.950159 0.309381
1778756426.973204 2.775242 -29.767456 0.314343 0.019034 0.031729 -0.947894 0.316429
1778756427.026308 2.766558 -29.774616 0.314935 0.019577 0.030265 -0.945931 0.322359
1778756427.085169 2.757367 -29.783522 0.314477 0.019357 0.029645 -0.943676 0.328971
1778756427.135451 2.744778 -29.794817 0.313513 0.020837 0.026377 -0.940885 0.337054
1778756427.182608 2.729913 -29.806854 0.310923 0.024812 0.020545 -0.937539 0.346387
1778756427.239233 2.717442 -29.818659 0.308639 0.021121 0.021106 -0.934615 0.354405
1778756427.289546 2.701335 -29.831371 0.306977 0.014158 0.019689 -0.930856 0.364582
1778756427.345136 2.685126 -29.845495 0.307453 0.017789 0.013061 -0.926826 0.374842
1778756427.393293 2.673054 -29.857985 0.307691 0.018540 0.009302 -0.923334 0.383437
1778756427.446415 2.664018 -29.870865 0.307962 0.017943 0.010403 -0.919963 0.391457
1778756427.500933 2.649983 -29.890604 0.307329 0.010108 0.018337 -0.916290 0.399967
1778756427.553165 2.633063 -29.910446 0.305463 0.007939 0.019700 -0.911995 0.409651
1778756427.606767 2.619531 -29.929291 0.308018 0.002294 0.028651 -0.908714 0.416430
1778756427.656275 2.607112 -29.946960 0.311140 0.002823 0.028496 -0.904351 0.425828
1778756427.718345 2.593613 -29.965572 0.311654 0.004937 0.030332 -0.898922 0.437029
1778756427.764295 2.578371 -29.987751 0.310378 0.003584 0.035476 -0.893219 0.448206
1778756427.816466 2.561787 -30.011433 0.307893 0.003674 0.033643 -0.887727 0.459124
1778756427.874199 2.542078 -30.039307 0.303011 0.010953 0.026999 -0.881426 0.471423
1778756427.927321 2.527291 -30.063080 0.305047 0.006682 0.027477 -0.876418 0.480720
1778756427.993684 2.512306 -30.080227 0.309982 0.005033 0.021394 -0.870999 0.490793
1778756428.032838 2.501199 -30.102077 0.310213 0.007329 0.015654 -0.865828 0.500044
1778756428.085835 2.490155 -30.124058 0.308095 0.004955 0.014263 -0.861217 0.508013
1778756428.140754 2.477117 -30.151180 0.304980 0.001849 0.013228 -0.856138 0.516575
1778756428.193921 2.464610 -30.179806 0.301358 0.001835 0.021153 -0.851026 0.524694
1778756428.250153 2.455150 -30.204300 0.306798 0.002275 0.028055 -0.847708 0.529717
1778756428.295919 2.447895 -30.227562 0.312112 0.001695 0.025590 -0.840479 0.541238
1778756428.349438 2.439795 -30.250998 0.312643 -0.002236 0.027827 -0.834425 0.550413
1778756428.405687 2.429534 -30.286200 0.310751 -0.008635 0.028340 -0.826920 0.561539
1778756428.454439 2.419689 -30.316927 0.307114 -0.007320 0.022341 -0.823344 0.567055
1778756428.512947 2.409475 -30.349661 0.305084 0.003679 0.023616 -0.825624 0.563715
1778756428.566524 2.398826 -30.377689 0.311972 0.003501 0.027269 -0.827584 0.560668
1778756428.630805 2.387856 -30.398689 0.312476 0.001943 0.017783 -0.832240 0.554127
1778756428.676763 2.377400 -30.427588 0.312167 -0.000364 0.019874 -0.838676 0.544267
1778756428.728621 2.364105 -30.458776 0.309446 -0.003338 0.026189 -0.844026 0.535652
1778756428.784956 2.350188 -30.488268 0.309645 -0.005570 0.015970 -0.848847 0.528369
1778756428.833861 2.339447 -30.513910 0.315771 0.001309 0.019469 -0.854916 0.518400
1778756428.893330 2.326438 -30.537371 0.315750 0.005909 0.021898 -0.859615 0.510439
1778756428.940261 2.311141 -30.566683 0.312972 0.010521 0.022570 -0.862897 0.504767
1778756428.993538 2.291529 -30.598888 0.308967 0.017992 0.020684 -0.861595 0.506856
1778756429.049408 2.275127 -30.628263 0.304073 0.018471 0.023897 -0.859053 0.510995
1778756429.101806 2.256976 -30.651577 0.309106 0.021484 0.012700 -0.855533 0.517147
1778756429.161434 2.243130 -30.676012 0.312951 0.025067 0.005861 -0.851919 0.523041
1778756429.209154 2.229510 -30.704636 0.312677 0.022387 0.008040 -0.848790 0.528194
1778756429.263584 2.214988 -30.735565 0.310504 0.017744 0.010474 -0.844998 0.534371
1778756429.316489 2.201684 -30.768316 0.302989 0.015656 0.020309 -0.840590 0.541064
1778756429.372393 2.190903 -30.797958 0.311344 0.014418 0.024203 -0.841922 0.538863
1778756429.422637 2.186242 -30.816580 0.312537 0.012547 0.025024 -0.842291 0.538296
1778756429.477797 2.173850 -30.850256 0.313205 0.006755 0.027335 -0.843545 0.536320
1778756429.553091 2.161861 -30.883635 0.310519 -0.000185 0.027107 -0.845513 0.533267
1778756429.582974 2.146686 -30.918076 0.305950 -0.002960 0.020363 -0.848336 0.529058
1778756429.636397 2.130475 -30.948875 0.304667 0.014457 0.018287 -0.849654 0.526825
1778756429.689112 2.115742 -30.977024 0.310738 0.006448 0.021415 -0.851721 0.523518
1778756429.741024 2.100654 -30.999577 0.313252 0.005477 0.010377 -0.856957 0.515255
1778756429.794832 2.084888 -31.027102 0.311946 0.002779 0.008800 -0.863446 0.504357
1778756429.848216 2.066050 -31.060211 0.308758 -0.000612 0.009238 -0.867561 0.497244
1778756429.902643 2.048778 -31.090473 0.308057 0.008407 0.021976 -0.867007 0.497741
1778756429.960725 2.035033 -31.115965 0.315471 0.012632 0.020990 -0.866063 0.499335
1778756430.010406 2.021349 -31.143711 0.317877 0.009182 0.023858 -0.863477 0.503740
1778756430.065825 2.005160 -31.176056 0.315867 0.006285 0.023488 -0.859732 0.510167
1778756430.116394 1.987956 -31.207954 0.311261 0.010807 0.021334 -0.855280 0.517614
1778756430.170931 1.970069 -31.240173 0.305947 0.009641 0.026090 -0.850471 0.525286
1778756430.225919 1.953887 -31.262873 0.309513 0.013362 0.015887 -0.845625 0.533374
1778756430.275951 1.942680 -31.286856 0.313208 0.014269 0.012877 -0.840344 0.541713
1778756430.333971 1.931716 -31.316490 0.312878 0.008897 0.016295 -0.835448 0.549256
1778756430.389035 1.919240 -31.351326 0.310087 0.003656 0.022290 -0.829947 0.557385
1778756430.458133 1.907223 -31.384109 0.307695 0.003262 0.029550 -0.825052 0.564275
1778756430.499330 1.900465 -31.408543 0.313709 0.002076 0.028705 -0.820429 0.571024
1778756430.552755 1.892695 -31.436468 0.314360 -0.001512 0.034121 -0.814216 0.579556
1778756430.606078 1.883873 -31.470016 0.311268 -0.004387 0.033135 -0.811609 0.583244
1778756430.660576 1.872621 -31.504797 0.308199 -0.002682 0.028202 -0.812567 0.582179
1778756430.711639 1.861052 -31.537550 0.304753 0.002796 0.025067 -0.814288 0.579913
1778756430.768203 1.851133 -31.565264 0.306164 0.003984 0.028905 -0.816012 0.577298
1778756430.816192 1.839553 -31.589638 0.309471 0.003423 0.017417 -0.819467 0.572852
1778756430.872666 1.829181 -31.617012 0.310761 0.003106 0.013956 -0.825234 0.564609
1778756430.925925 1.817439 -31.648191 0.309299 -0.001662 0.014373 -0.831047 0.556014
1778756430.976941 1.804278 -31.679787 0.306276 -0.001183 0.015882 -0.835469 0.549306
1778756431.029908 1.795466 -31.710104 0.310704 -0.001996 0.019631 -0.841522 0.539862
1778756431.084947 1.787903 -31.734182 0.314849 -0.000118 0.019591 -0.845668 0.533350
1778756431.136123 1.776176 -31.760281 0.314426 -0.000083 0.021189 -0.850238 0.525972
1778756431.188877 1.763291 -31.791040 0.312149 -0.000116 0.021127 -0.854896 0.518370
1778756431.246719 1.747048 -31.821831 0.309020 0.001068 0.015796 -0.859441 0.510989
1778756431.307554 1.729026 -31.852932 0.304702 0.006850 0.013126 -0.864048 0.503192
1778756431.356946 1.709300 -31.880001 0.306312 0.005224 0.014159 -0.868816 0.494905
1778756431.413245 1.694329 -31.900871 0.310947 0.006302 0.002944 -0.873968 0.485933
1778756431.463343 1.679211 -31.924349 0.312720 0.007268 0.000767 -0.879874 0.475152
1778756431.537212 1.661618 -31.950464 0.311005 0.002711 0.002830 -0.885698 0.464245
1778756431.572917 1.640842 -31.979954 0.308683 0.003647 0.007007 -0.885926 0.463760
1778756431.624385 1.621639 -32.004639 0.311034 0.011466 0.017244 -0.883366 0.468227
1778756431.679625 1.606583 -32.030136 0.316652 0.008355 0.016619 -0.879687 0.475189
1778756431.729548 1.591184 -32.056561 0.318146 0.001647 0.018366 -0.876145 0.481695
1778756431.785812 1.574347 -32.087154 0.316293 -0.004826 0.018096 -0.871552 0.489945
1778756431.835262 1.553216 -32.121773 0.311769 -0.000101 0.013946 -0.866113 0.499653
1778756431.894585 1.533425 -32.150139 0.309313 0.003403 0.014415 -0.861060 0.508288
1778756431.946476 1.517137 -32.174534 0.315259 0.003339 0.012603 -0.855392 0.517817
1778756432.015043 1.503023 -32.206997 0.315415 0.003237 0.014726 -0.856331 0.516207
1778756432.061594 1.490065 -32.239815 0.313073 -0.001830 0.025430 -0.858940 0.511442
1778756432.118239 1.472106 -32.269707 0.307398 0.002838 0.014810 -0.861457 0.507606
1778756432.173826 1.466929 -32.292030 0.311455 0.000221 0.020062 -0.865748 0.500079
1778756432.220381 1.455172 -32.315067 0.313664 0.001374 0.020364 -0.869374 0.493732
1778756432.282656 1.443375 -32.337254 0.312661 0.005398 0.021079 -0.873078 0.487095
1778756432.327199 1.428957 -32.360588 0.310554 0.010839 0.020911 -0.877085 0.479758
1778756432.379781 1.413605 -32.381065 0.306672 0.018705 0.018058 -0.881288 0.471864
1778756432.434526 1.400113 -32.399998 0.306114 0.011001 0.021564 -0.886082 0.462897
1778756432.487061 1.385242 -32.416283 0.308009 0.004553 0.019265 -0.892113 0.451378
1778756432.540028 1.374917 -32.428223 0.310646 0.008559 0.014067 -0.899344 0.436931
1778756432.591012 1.365957 -32.437622 0.312587 0.011812 0.005979 -0.906630 0.421719
1778756432.655266 1.353499 -32.451382 0.312775 0.012043 0.006596 -0.916625 0.399513
1778756432.708879 1.342849 -32.461983 0.312325 0.012513 0.006915 -0.925195 0.379223
1778756432.763676 1.334262 -32.471302 0.312379 0.010270 0.008136 -0.933545 0.358220
1778756432.816400 1.325402 -32.478745 0.311283 0.005188 0.013060 -0.942141 0.334923
1778756432.868797 1.317333 -32.487217 0.311429 0.003449 0.020046 -0.950269 0.310766
1778756432.922570 1.311545 -32.495285 0.311529 0.009478 0.025819 -0.957707 0.286428
1778756432.979157 1.305740 -32.500732 0.312149 0.013961 0.032476 -0.965578 0.257701
1778756433.030155 1.298386 -32.502865 0.311161 0.017759 0.031901 -0.972406 0.230422
1778756433.082258 1.288923 -32.507259 0.308728 0.020732 0.026828 -0.978289 0.204451
1778756433.135335 1.277534 -32.511909 0.305250 0.023716 0.022443 -0.983439 0.178275
1778756433.198990 1.265446 -32.517372 0.301463 0.025160 0.023331 -0.987706 0.152508
1778756433.239625 1.253536 -32.522533 0.303256 0.020910 0.022994 -0.990752 0.132077
1778756433.293281 1.242761 -32.524075 0.308332 0.026829 0.021882 -0.991143 0.128205
1778756433.348300 1.235800 -32.525230 0.310249 0.029459 0.019878 -0.990454 0.133183
1778756433.402158 1.231852 -32.523903 0.306821 0.026996 0.014609 -0.990495 0.134084
1778756433.468113 1.230563 -32.524948 0.306205 0.026290 0.008900 -0.991287 0.128764
1778756433.506064 1.227569 -32.525154 0.306761 0.024440 0.004853 -0.992129 0.122716
1778756433.567232 1.221457 -32.526730 0.306881 0.024648 0.005436 -0.992971 0.115639
1778756433.617164 1.213049 -32.527622 0.306934 0.024391 0.007284 -0.993744 0.108741
1778756433.680414 1.201497 -32.529308 0.306250 0.024346 0.009444 -0.994633 0.100113
1778756433.721174 1.187951 -32.531830 0.304949 0.024864 0.015200 -0.995509 0.090075
1778756433.773953 1.175352 -32.535713 0.302534 0.025740 0.021868 -0.996104 0.081468
1778756433.825637 1.157959 -32.537750 0.301221 0.020535 0.012246 -0.996284 0.082745
1778756433.889295 1.140080 -32.542492 0.301259 0.016069 0.022390 -0.995992 0.085087
1778756433.932283 1.121876 -32.547668 0.305106 0.016573 0.026444 -0.995433 0.090216
1778756433.989048 1.104951 -32.552757 0.306239 0.018522 0.024405 -0.994548 0.099674
1778756434.037892 1.087438 -32.557304 0.306419 0.016822 0.027152 -0.993744 0.107015
1778756434.095402 1.063876 -32.564812 0.304999 0.014009 0.028969 -0.992692 0.116309
1778756434.150022 1.032249 -32.573624 0.300454 0.014217 0.026152 -0.991534 0.126389
1778756434.199415 1.005649 -32.579227 0.297510 0.019827 0.021213 -0.990956 0.131010
1778756434.255687 0.984261 -32.583912 0.302798 0.019369 0.023632 -0.990998 0.130341
1778756434.305532 0.960907 -32.587151 0.305801 0.014941 0.015737 -0.991703 0.126710
1778756434.365133 0.936815 -32.593628 0.306319 0.013416 0.016194 -0.992731 0.118504
1778756434.412440 0.909101 -32.600906 0.305188 0.009638 0.021873 -0.993640 0.110039
1778756434.469505 0.876250 -32.607151 0.302513 0.008653 0.018132 -0.994518 0.102616
1778756434.524837 0.848161 -32.617706 0.312266 0.011972 0.023572 -0.995389 0.092203
1778756434.572651 0.826343 -32.624016 0.315540 0.014194 0.022185 -0.995990 0.085501
1778756434.627260 0.798343 -32.628567 0.314387 0.017522 0.021891 -0.996630 0.077089
1778756434.692854 0.765989 -32.634403 0.311259 0.019739 0.020204 -0.997238 0.068699
1778756434.736445 0.732396 -32.637257 0.308051 0.021024 0.014023 -0.997855 0.060394
1778756434.796376 0.701883 -32.641460 0.303560 0.018095 0.023356 -0.998199 0.052202
1778756434.839458 0.674938 -32.638638 0.304853 0.012272 0.012047 -0.998947 0.042539
1778756434.900193 0.646134 -32.640373 0.311026 0.009828 0.004580 -0.999370 0.033784
1778756434.946626 0.617333 -32.641987 0.313245 0.006757 0.006468 -0.999717 0.021893
1778756434.999400 0.585575 -32.642933 0.311712 0.003270 0.010513 -0.999879 0.010952
1778756435.053515 0.551492 -32.642178 0.308779 0.006015 0.013889 -0.999835 0.010022
1778756435.109060 0.516268 -32.645557 0.311820 0.011126 0.017963 -0.999707 0.011831
1778756435.170642 0.491089 -32.648911 0.314815 0.004977 0.020609 -0.999638 0.016550
1778756435.215759 0.457820 -32.652184 0.315006 0.001656 0.025557 -0.999396 0.023491
1778756435.269091 0.421633 -32.657421 0.312389 -0.003972 0.029100 -0.999065 0.031739
1778756435.323877 0.384840 -32.661430 0.308271 -0.002920 0.024033 -0.998873 0.040834
1778756435.375791 0.352543 -32.665432 0.307960 0.003747 0.022790 -0.998431 0.051008
1778756435.428903 0.322469 -32.669575 0.312394 -0.000475 0.021124 -0.998212 0.055912
1778756435.482213 0.291553 -32.674488 0.313068 -0.000275 0.022634 -0.998470 0.050459
1778756435.543339 0.257534 -32.680927 0.312472 -0.001138 0.031904 -0.998571 0.042871
1778756435.589025 0.223989 -32.683750 0.311035 -0.000334 0.025954 -0.998955 0.037628
1778756435.650230 0.192310 -32.689487 0.312217 0.000796 0.030072 -0.999147 0.028292
1778756435.693864 0.166524 -32.692112 0.313598 0.002971 0.026967 -0.999432 0.020003
1778756435.742033 0.137454 -32.693336 0.312929 0.007408 0.025270 -0.999568 0.013091
1778756435.830287 0.103321 -32.693890 0.311702 0.009480 0.021871 -0.999698 0.006077
1778756435.857042 0.068800 -32.691502 0.309680 0.013240 0.011705 -0.999843 -0.001243
1778756435.942241 0.030550 -32.693790 0.303550 0.004988 0.025792 -0.999574 -0.012739
1778756435.967468 0.004872 -32.688606 0.309337 0.003618 0.007235 -0.999750 -0.020847
1778756436.048834 -0.026358 -32.687859 0.314045 0.000986 0.003932 -0.999452 -0.032862
1778756436.076488 -0.055063 -32.686195 0.313886 -0.000874 0.009533 -0.998987 -0.043975
1778756436.135986 -0.091091 -32.683372 0.311343 0.000537 0.018447 -0.998361 -0.054177
1778756436.183506 -0.122247 -32.678211 0.311537 -0.006015 0.019200 -0.997725 -0.064348
1778756436.234262 -0.148218 -32.679321 0.314130 -0.005615 0.027005 -0.996725 -0.076012
1778756436.286469 -0.174157 -32.675495 0.315730 -0.002397 0.024370 -0.996135 -0.084348
1778756436.347111 -0.203625 -32.672035 0.314955 -0.003205 0.026079 -0.996206 -0.082964
1778756436.390489 -0.237173 -32.668869 0.312687 -0.003490 0.022802 -0.996872 -0.075586
1778756436.449354 -0.272407 -32.661400 0.310996 -0.005387 0.016140 -0.997059 -0.074722
1778756436.497232 -0.309299 -32.659534 0.306221 -0.000901 0.027571 -0.996494 -0.078992
1778756436.557617 -0.338819 -32.650406 0.308239 -0.004354 0.019438 -0.996146 -0.085418
1778756436.604814 -0.366476 -32.646980 0.311754 -0.010889 0.013777 -0.995447 -0.093681
1778756436.658484 -0.400749 -32.643600 0.312541 -0.009891 0.022021 -0.994232 -0.104500
1778756436.717217 -0.436165 -32.635860 0.310831 -0.008618 0.024140 -0.993247 -0.113152
1778756436.768856 -0.471230 -32.631165 0.311469 -0.013275 0.029267 -0.991904 -0.122855
1778756436.818898 -0.495527 -32.627434 0.313049 -0.006873 0.025254 -0.990753 -0.133128
1778756436.873576 -0.527215 -32.617790 0.313278 -0.002205 0.023007 -0.989600 -0.141978
1778756436.925336 -0.557595 -32.608871 0.311348 0.000801 0.018822 -0.988539 -0.149787
1778756436.983303 -0.589521 -32.597168 0.309844 0.000389 0.011721 -0.987502 -0.157167
1778756437.032510 -0.623355 -32.586697 0.304582 0.005493 0.009432 -0.986035 -0.166180
1778756437.087879 -0.646640 -32.573082 0.300974 -0.001646 0.007734 -0.984228 -0.176728
1778756437.151820 -0.675894 -32.562687 0.310211 -0.003360 0.001605 -0.983713 -0.179710
1778756437.203607 -0.701292 -32.553467 0.313154 -0.007384 0.001123 -0.984088 -0.177527
1778756437.253251 -0.727890 -32.542702 0.313165 -0.010931 -0.001517 -0.984702 -0.173899
1778756437.298569 -0.757815 -32.530869 0.311432 -0.013280 0.000084 -0.985614 -0.168488
1778756437.355832 -0.791292 -32.519432 0.310567 0.004209 0.013693 -0.986153 -0.165218
1778756437.406878 -0.819558 -32.513000 0.310387 0.005448 0.011310 -0.987515 -0.157026
1778756437.460255 -0.846049 -32.506550 0.313224 0.002392 0.015189 -0.989025 -0.146948
1778756437.513631 -0.877029 -32.499573 0.313383 -0.002634 0.022166 -0.990364 -0.136677
1778756437.565546 -0.913610 -32.491863 0.310901 -0.006323 0.022364 -0.991811 -0.125584
1778756437.624925 -0.949892 -32.481750 0.306880 -0.001989 0.015682 -0.993221 -0.115164
1778756437.682206 -0.978302 -32.476433 0.308425 0.000897 0.018875 -0.994429 -0.103699
1778756437.733684 -1.006019 -32.469471 0.311376 -0.003596 0.016499 -0.995512 -0.093116
1778756437.781605 -1.038333 -32.465172 0.310917 -0.005012 0.018451 -0.996087 -0.086283
1778756437.835960 -1.070808 -32.461811 0.310136 -0.006996 0.025927 -0.995754 -0.088046
1778756437.907195 -1.105233 -32.453686 0.309815 -0.006857 0.021669 -0.995531 -0.091657
1778756437.944435 -1.123576 -32.453423 0.311263 0.001535 0.025592 -0.994928 -0.097269
1778756437.997577 -1.146457 -32.448254 0.312077 0.011605 0.016549 -0.995152 -0.096252
1778756438.048793 -1.163942 -32.444553 0.311212 0.022466 0.009309 -0.995055 -0.096301
1778756438.118759 -1.172754 -32.440525 0.311370 0.021697 0.012630 -0.994927 -0.097414
1778756438.161831 -1.177104 -32.439720 0.311173 0.021337 0.014620 -0.994588 -0.100629
1778756438.212272 -1.178046 -32.440914 0.310533 0.018254 0.021351 -0.993869 -0.106934
1778756438.282660 -1.175734 -32.442623 0.310077 0.013823 0.022228 -0.992936 -0.115727
1778756438.319376 -1.174137 -32.444592 0.312282 0.011276 0.023330 -0.992133 -0.122476
1778756438.379558 -1.173992 -32.445488 0.313190 0.010197 0.023411 -0.991273 -0.129332
1778756438.420870 -1.174984 -32.445545 0.313679 0.010277 0.023596 -0.990265 -0.136798
1778756438.481688 -1.176698 -32.445240 0.315553 0.010172 0.023593 -0.989104 -0.144957
1778756438.535188 -1.178183 -32.444550 0.316452 0.010025 0.023136 -0.987982 -0.152497
1778756438.584074 -1.179005 -32.443825 0.317333 0.008836 0.020424 -0.986653 -0.161308
1778756438.632356 -1.179059 -32.443333 0.317860 0.007646 0.018175 -0.985316 -0.169598
1778756438.687599 -1.178934 -32.443016 0.318208 0.006426 0.016232 -0.983940 -0.177644
1778756438.741772 -1.179372 -32.442654 0.318400 0.006088 0.015958 -0.982615 -0.184870
1778756438.811812 -1.180964 -32.442173 0.318510 0.003997 0.014410 -0.981462 -0.191072
1778756438.850392 -1.184581 -32.441158 0.317445 0.001841 0.012710 -0.979857 -0.199288
1778756438.899561 -1.190969 -32.439522 0.318352 0.000676 0.014264 -0.977922 -0.208482
1778756438.953600 -1.200051 -32.436958 0.318678 0.000711 0.016930 -0.976302 -0.215747
1778756439.006894 -1.209481 -32.434135 0.318179 0.000689 0.020679 -0.974719 -0.222475
1778756439.073961 -1.219194 -32.430645 0.315878 -0.000325 0.025423 -0.972721 -0.230580
1778756439.116180 -1.230352 -32.424847 0.316026 0.000003 0.030901 -0.970395 -0.239539
1778756439.167285 -1.240828 -32.421146 0.314667 0.006324 0.032364 -0.968128 -0.248278
1778756439.219652 -1.249131 -32.414223 0.313030 0.010001 0.025193 -0.965593 -0.258644
1778756439.267904 -1.261336 -32.405029 0.309921 0.011230 0.019465 -0.963013 -0.268517
1778756439.325725 -1.277417 -32.392494 0.306976 0.011899 0.013368 -0.960165 -0.278860
1778756439.378717 -1.293788 -32.380398 0.302887 0.010901 0.021148 -0.956722 -0.290028
1778756439.447457 -1.310675 -32.368320 0.296932 0.001543 0.017147 -0.953707 -0.300245
1778756439.485191 -1.325200 -32.356983 0.304010 -0.000993 0.011414 -0.950385 -0.310865
1778756439.550641 -1.341006 -32.345055 0.306583 -0.008198 0.003324 -0.946357 -0.323004
1778756439.597382 -1.359776 -32.330425 0.307737 -0.010926 0.005943 -0.942064 -0.335203
1778756439.647748 -1.378136 -32.315586 0.308111 -0.014912 0.010915 -0.939238 -0.342769
1778756439.716238 -1.403230 -32.297287 0.308841 -0.005929 0.019374 -0.940552 -0.339046
1778756439.751692 -1.424022 -32.277061 0.309750 -0.001563 0.018730 -0.942775 -0.332900
1778756439.805765 -1.443298 -32.264832 0.313065 -0.004437 0.021891 -0.945902 -0.323682
1778756439.858355 -1.465408 -32.249397 0.313048 -0.005701 0.024704 -0.947120 -0.319876
1778756439.918358 -1.493523 -32.230511 0.310803 -0.011533 0.026785 -0.946219 -0.322210
1778756439.967674 -1.519592 -32.212292 0.308073 -0.014166 0.025057 -0.944908 -0.326068
1778756440.021384 -1.543985 -32.192371 0.304570 -0.008876 0.011381 -0.944084 -0.329390
1778756440.078351 -1.561608 -32.182789 0.306630 -0.000423 0.022477 -0.943754 -0.329883
1778756440.128453 -1.576193 -32.172737 0.307569 0.001627 0.021692 -0.942978 -0.332143
1778756440.181452 -1.591420 -32.165489 0.307264 0.005774 0.028231 -0.941835 -0.334838
1778756440.238319 -1.603755 -32.157887 0.304463 -0.002291 0.020825 -0.940971 -0.337838
1778756440.295278 -1.614097 -32.152092 0.301479 -0.007442 0.019495 -0.938878 -0.343618
1778756440.365393 -1.622390 -32.145649 0.301963 -0.006715 0.024210 -0.936312 -0.350269
1778756440.402053 -1.632850 -32.137283 0.301188 -0.008549 0.025389 -0.933966 -0.356357
1778756440.450818 -1.640496 -32.131184 0.301435 -0.007555 0.023138 -0.931787 -0.362189
1778756440.506821 -1.647570 -32.124073 0.300765 -0.009724 0.020719 -0.928543 -0.370519
1778756440.560346 -1.658436 -32.114529 0.299760 -0.010576 0.019523 -0.925691 -0.377630
1778756440.616368 -1.672809 -32.101757 0.298875 -0.012305 0.019682 -0.922884 -0.384378
1778756440.663675 -1.687056 -32.087635 0.298461 -0.013640 0.018309 -0.919914 -0.391455
1778756440.715685 -1.701047 -32.074806 0.296949 -0.009922 0.024544 -0.916442 -0.399292
1778756440.767661 -1.715346 -32.055351 0.298705 -0.012185 0.020763 -0.913212 -0.406773
1778756440.827589 -1.727772 -32.040298 0.301100 -0.019207 0.015557 -0.908135 -0.417947
1778756440.884246 -1.741210 -32.025009 0.302074 -0.022556 0.014291 -0.902811 -0.429208
1778756440.931589 -1.755539 -32.006603 0.302980 -0.022941 0.021231 -0.896761 -0.441409
1778756440.982675 -1.771183 -31.986212 0.303312 -0.021674 0.027757 -0.891770 -0.451116
1778756441.041519 -1.785347 -31.965582 0.305460 -0.019671 0.033089 -0.885842 -0.462387
1778756441.088492 -1.801501 -31.946402 0.307226 -0.014234 0.035667 -0.881187 -0.471206
1778756441.141862 -1.813923 -31.928082 0.311020 -0.010481 0.026778 -0.876764 -0.480060
1778756441.198369 -1.825644 -31.907328 0.308832 -0.008937 0.020599 -0.871709 -0.489510
1778756441.249785 -1.838708 -31.885099 0.306313 -0.006821 0.014044 -0.867552 -0.497101
1778756441.302436 -1.852607 -31.858154 0.303947 -0.008041 0.008651 -0.863525 -0.504167
1778756441.355342 -1.866202 -31.829678 0.303075 -0.005766 0.003423 -0.858743 -0.512362
1778756441.419914 -1.877924 -31.802557 0.302194 -0.006326 0.015353 -0.853178 -0.521355
1778756441.459233 -1.887361 -31.781532 0.306835 -0.011493 0.006413 -0.848119 -0.529642
1778756441.521837 -1.899368 -31.755791 0.309058 -0.014493 0.003044 -0.841157 -0.540589
1778756441.566446 -1.913731 -31.737503 0.307420 -0.008276 0.005626 -0.836109 -0.548473
1778756441.624412 -1.923666 -31.716791 0.302790 0.002751 0.002622 -0.835679 -0.549205
1778756441.672879 -1.930091 -31.704948 0.302294 -0.002094 0.001911 -0.835573 -0.549372
1778756441.725834 -1.937663 -31.695787 0.301259 -0.003325 0.005999 -0.833024 -0.553194
1778756441.785529 -1.941955 -31.690451 0.304733 -0.002735 0.010253 -0.829934 -0.557761
1778756441.837224 -1.946288 -31.684767 0.306284 -0.001729 0.014508 -0.827015 -0.561990
1778756441.885861 -1.951232 -31.676573 0.307693 -0.001163 0.019932 -0.822395 -0.568567
1778756441.942990 -1.956801 -31.665136 0.308197 -0.000152 0.022003 -0.817474 -0.575545
1778756441.994818 -1.960022 -31.655760 0.308777 -0.002485 0.016098 -0.812528 -0.582694
1778756442.058062 -1.964903 -31.642975 0.308202 -0.003159 0.015484 -0.806561 -0.590940
1778756442.106279 -1.971750 -31.627239 0.306175 -0.005236 0.014826 -0.800952 -0.598522
1778756442.157429 -1.978872 -31.610439 0.303971 -0.004070 0.018260 -0.795205 -0.606053
1778756442.210036 -1.985055 -31.592796 0.301564 -0.006690 0.016752 -0.789719 -0.613203
1778756442.261700 -1.990986 -31.572386 0.299474 -0.005029 0.012858 -0.784733 -0.619680
1778756442.316535 -1.995892 -31.551996 0.296804 0.001651 0.016591 -0.779496 -0.626186
1778756442.375774 -1.998952 -31.529938 0.298401 -0.002508 0.016737 -0.773932 -0.633043
1778756442.421148 -2.000156 -31.513355 0.301348 -0.009282 0.014977 -0.766119 -0.642458
1778756442.479319 -2.002052 -31.493856 0.303403 -0.016432 0.013104 -0.757961 -0.651961
1778756442.536557 -2.003622 -31.474710 0.303691 -0.016569 0.017129 -0.748971 -0.662174
1778756442.590782 -2.004535 -31.449451 0.303164 -0.018156 0.022006 -0.740201 -0.671780
1778756442.641295 -2.007438 -31.421366 0.302938 -0.004348 0.027138 -0.730588 -0.682266
1778756442.699087 -2.009240 -31.394106 0.304531 -0.001379 0.027101 -0.722337 -0.691009
1778756442.752439 -2.012324 -31.373640 0.308037 0.000447 0.021300 -0.715737 -0.698045
1778756442.812744 -2.012686 -31.351521 0.307950 -0.002497 0.018647 -0.708599 -0.705361
1778756442.861650 -2.013039 -31.327005 0.306367 -0.001379 0.014653 -0.702113 -0.711914
1778756442.908462 -2.013082 -31.298277 0.303929 -0.003925 0.013164 -0.696293 -0.717627
1778756442.963238 -2.010877 -31.268940 0.302245 -0.005416 0.008868 -0.690424 -0.723330
1778756443.014508 -2.009610 -31.241415 0.300448 0.002019 0.017311 -0.683297 -0.729933
1778756443.073427 -2.004855 -31.213184 0.301489 -0.004983 0.014149 -0.675406 -0.737294
1778756443.125247 -2.001729 -31.191051 0.305673 -0.012156 0.011998 -0.666687 -0.745142
1778756443.192216 -1.998870 -31.164120 0.307159 -0.011178 0.013346 -0.656804 -0.753860
1778756443.231246 -1.994828 -31.137161 0.307172 -0.006391 0.019834 -0.646818 -0.762360
1778756443.295521 -1.987819 -31.107447 0.306376 -0.006572 0.021501 -0.639004 -0.768875
1778756443.349387 -1.984450 -31.078770 0.308724 -0.000110 0.029518 -0.627892 -0.777740
1778756443.396659 -1.981997 -31.051636 0.311094 0.005507 0.030524 -0.619544 -0.784349
1778756443.449168 -1.977514 -31.027760 0.312877 0.002857 0.024620 -0.612056 -0.790426
1778756443.502975 -1.971239 -31.000223 0.312206 0.002664 0.022943 -0.609846 -0.792184
1778756443.551600 -1.965531 -30.969950 0.311088 0.005698 0.020211 -0.615316 -0.788000
1778756443.617529 -1.956537 -30.936003 0.309550 0.003580 0.014516 -0.623346 -0.781803
1778756443.661612 -1.949941 -30.902042 0.303695 0.012708 0.020194 -0.629434 -0.776687
1778756443.714872 -1.940993 -30.876787 0.305264 0.003637 0.016028 -0.635657 -0.771797
1778756443.769562 -1.937836 -30.849594 0.307196 -0.003261 0.017143 -0.641507 -0.766919
1778756443.819792 -1.936775 -30.824074 0.307317 -0.000319 0.021887 -0.647083 -0.762105
1778756443.878994 -1.933195 -30.791691 0.307450 -0.000544 0.026029 -0.654750 -0.755397
1778756443.975694 -1.930749 -30.760881 0.292714 -0.012381 0.037499 -0.659968 -0.750256
1778756443.981419 -1.927705 -30.737488 0.292625 -0.008178 0.039687 -0.664925 -0.745810
1778756444.034605 -1.924031 -30.716200 0.295728 -0.006919 0.035233 -0.672301 -0.739406
1778756444.089285 -1.918939 -30.693764 0.298584 -0.007715 0.027366 -0.679986 -0.732674
1778756444.141466 -1.915619 -30.672817 0.300532 -0.006889 0.021115 -0.687604 -0.725747
1778756444.194694 -1.908894 -30.652163 0.300598 -0.007574 0.010384 -0.689095 -0.724557
1778756444.251167 -1.905069 -30.634634 0.300289 -0.011332 0.013421 -0.686849 -0.726588
1778756444.301078 -1.901642 -30.617071 0.299836 -0.019548 0.014622 -0.685275 -0.727875
1778756444.356360 -1.901291 -30.597841 0.304819 -0.023299 0.020081 -0.679798 -0.732754
1778756444.411728 -1.899253 -30.581409 0.302354 -0.026952 0.020797 -0.671158 -0.740532
1778756444.461236 -1.905841 -30.567633 0.312296 -0.017865 0.023500 -0.667589 -0.743944
1778756444.521428 -1.908821 -30.554138 0.312976 -0.010654 0.030162 -0.669848 -0.741809
1778756444.645455 -1.906452 -30.544889 0.289664 -0.019205 0.032510 -0.675217 -0.736652
1778756444.648207 -1.905641 -30.536524 0.272472 -0.021443 0.035848 -0.679315 -0.732657
1778756444.673797 -1.903819 -30.532452 0.271860 -0.017740 0.035691 -0.682912 -0.729412
1778756444.723763 -1.900063 -30.531321 0.279001 -0.017811 0.034489 -0.686745 -0.725861
1778756444.790352 -1.897138 -30.530615 0.279339 -0.017629 0.033607 -0.691677 -0.721209
1778756444.833756 -1.896790 -30.529696 0.280429 -0.017453 0.035345 -0.698253 -0.714765
1778756444.884482 -1.897074 -30.527327 0.281045 -0.018440 0.034340 -0.698753 -0.714300
1778756444.948892 -1.898492 -30.523016 0.282233 -0.017724 0.037384 -0.695155 -0.717668
1778756444.996601 -1.898237 -30.517210 0.282207 -0.016792 0.039497 -0.692037 -0.720585
1778756445.051316 -1.897503 -30.512012 0.282383 -0.018335 0.038513 -0.688389 -0.724087
1778756445.102102 -1.896610 -30.503557 0.282594 -0.018600 0.039894 -0.683272 -0.728836
1778756445.167713 -1.895025 -30.495209 0.282902 -0.019609 0.039310 -0.681081 -0.730889
1778756445.221405 -1.894683 -30.484144 0.284062 -0.018838 0.041157 -0.683580 -0.728470
1778756445.290977 -1.893966 -30.470451 0.286858 -0.016710 0.042283 -0.688107 -0.724183
1778756445.325600 -1.892711 -30.453573 0.290758 -0.016941 0.040227 -0.694214 -0.718444
1778756445.372781 -1.891028 -30.433971 0.293614 -0.021139 0.035650 -0.701188 -0.711771
1778756445.447212 -1.889138 -30.411203 0.293762 -0.026706 0.024486 -0.708259 -0.705023
1778756445.481735 -1.888821 -30.388515 0.285624 -0.024889 0.030461 -0.707051 -0.706068
1778756445.536268 -1.886278 -30.369637 0.286425 -0.026211 0.022183 -0.703372 -0.709992
1778756445.588782 -1.885837 -30.353281 0.291085 -0.030314 0.023041 -0.699913 -0.713213
1778756445.649474 -1.888044 -30.337412 0.292700 -0.027278 0.023522 -0.696062 -0.717077
1778756445.705886 -1.888829 -30.319588 0.293519 -0.019387 0.023414 -0.695218 -0.718156
1778756445.752578 -1.890206 -30.308697 0.287581 -0.022503 0.019747 -0.693185 -0.720138
1778756445.798259 -1.892751 -30.302027 0.283453 -0.022523 0.021817 -0.681737 -0.730925
1778756445.857346 -1.895132 -30.299637 0.284079 -0.020921 0.021910 -0.669171 -0.742490
1778756445.908559 -1.897185 -30.299324 0.283116 -0.023748 0.023562 -0.656442 -0.753635
1778756445.961041 -1.901358 -30.298622 0.283138 -0.019490 0.028677 -0.644229 -0.764046
1778756446.011303 -1.904728 -30.296448 0.285663 -0.016734 0.028305 -0.631059 -0.775038
1778756446.064019 -1.908664 -30.293999 0.287078 -0.014758 0.026655 -0.617084 -0.786307
1778756446.120678 -1.912531 -30.291920 0.288733 -0.013395 0.023374 -0.602588 -0.797598
1778756446.173428 -1.917556 -30.291655 0.290747 -0.013497 0.016675 -0.587935 -0.808624
1778756446.224625 -1.922052 -30.288275 0.291813 -0.016130 0.012320 -0.571465 -0.820375
1778756446.277867 -1.928339 -30.284477 0.290942 -0.020245 0.014492 -0.557291 -0.829944
1778756446.338287 -1.935138 -30.278486 0.288345 -0.024893 0.019600 -0.542852 -0.839230
1778756446.384911 -1.939432 -30.274448 0.283926 -0.034352 0.009326 -0.533970 -0.844754
1778756446.439367 -1.939630 -30.272781 0.288151 -0.034719 0.012335 -0.532108 -0.845874
1778756446.508703 -1.938654 -30.272095 0.290734 -0.032123 0.015466 -0.535921 -0.843515
1778756446.548706 -1.937529 -30.272020 0.275301 -0.035425 0.015877 -0.543544 -0.838482
1778756446.616875 -1.937033 -30.272526 0.278584 -0.039269 0.015714 -0.550681 -0.833644
1778756446.651300 -1.935655 -30.273827 0.281935 -0.041255 0.016944 -0.558033 -0.828619
1778756446.718091 -1.934029 -30.275162 0.280048 -0.043188 0.018521 -0.565753 -0.823235
1778756446.759401 -1.932362 -30.277161 0.278329 -0.044638 0.020766 -0.573678 -0.817600
1778756446.813552 -1.931047 -30.279554 0.277119 -0.045377 0.022964 -0.581157 -0.812201
1778756446.862343 -1.930539 -30.280827 0.276653 -0.047084 0.024836 -0.587054 -0.807796
1778756446.914660 -1.930626 -30.281958 0.276630 -0.046918 0.027423 -0.592332 -0.803859
1778756446.988618 -1.931493 -30.281857 0.277069 -0.046764 0.028387 -0.598905 -0.798950
1778756447.051739 -1.932506 -30.282230 0.277619 -0.045774 0.030686 -0.605128 -0.794219
1778756447.083140 -1.933577 -30.282093 0.278299 -0.046448 0.029943 -0.612313 -0.788682
1778756447.138270 -1.934458 -30.282042 0.278871 -0.047451 0.029408 -0.618274 -0.783977
1778756447.191142 -1.935495 -30.281025 0.279898 -0.048870 0.030710 -0.623825 -0.779430
1778756447.252106 -1.936553 -30.278065 0.280983 -0.049044 0.032553 -0.630337 -0.774087
1778756447.291726 -1.937189 -30.274622 0.281627 -0.050403 0.033484 -0.635649 -0.769603
1778756447.344757 -1.938290 -30.267942 0.287628 -0.052533 0.032419 -0.646457 -0.760449
1778756447.400973 -1.939089 -30.259474 0.291445 -0.055816 0.029908 -0.656718 -0.751473
1778756447.452550 -1.939823 -30.251520 0.293101 -0.059427 0.026125 -0.667415 -0.741852
1778756447.504859 -1.941392 -30.247810 0.293810 -0.059995 0.026381 -0.676293 -0.733711
1778756447.557438 -1.943044 -30.242739 0.289630 -0.060814 0.026275 -0.682385 -0.727985
1778756447.610493 -1.944007 -30.239054 0.286801 -0.060472 0.028783 -0.687111 -0.723460
1778756447.682357 -1.945214 -30.236563 0.286097 -0.060253 0.029844 -0.694129 -0.716703
1778756447.720255 -1.945842 -30.233265 0.285515 -0.059193 0.033311 -0.702078 -0.708854
1778756447.770766 -1.946493 -30.229101 0.285386 -0.058639 0.036434 -0.709960 -0.700850
1778756447.823246 -1.947335 -30.224367 0.285348 -0.057915 0.038716 -0.717357 -0.693214
1778756447.876144 -1.948471 -30.219242 0.283696 -0.057970 0.040449 -0.724844 -0.685277
1778756447.931380 -1.950455 -30.214083 0.276130 -0.058037 0.041896 -0.732072 -0.677457
1778756447.979443 -1.953333 -30.209452 0.276420 -0.056683 0.042927 -0.738453 -0.670546
1778756448.040906 -1.956205 -30.205528 0.276500 -0.052009 0.043785 -0.744453 -0.664205
1778756448.116690 -1.959521 -30.198528 0.277552 -0.045427 0.041541 -0.750888 -0.657555
1778756448.140892 -1.963074 -30.190626 0.280915 -0.037493 0.032250 -0.760476 -0.647480
1778756448.213639 -1.967925 -30.184500 0.284149 -0.039539 0.018724 -0.763492 -0.644334
1778756448.247595 -1.974300 -30.172926 0.285520 -0.052525 0.010727 -0.759674 -0.648091
1778756448.314980 -1.978614 -30.160021 0.289450 -0.054869 0.009393 -0.754315 -0.654149
1778756448.360546 -1.980850 -30.149279 0.292204 -0.054310 0.012636 -0.758559 -0.649215
1778756448.425981 -1.981754 -30.136684 0.290906 -0.050974 0.012608 -0.752835 -0.656112
1778756448.462116 -1.985253 -30.121969 0.289034 -0.039327 0.018773 -0.751844 -0.657899
1778756448.514728 -1.983966 -30.108715 0.289861 -0.038700 0.028069 -0.741832 -0.668880
1778756448.572629 -1.985683 -30.088173 0.292404 -0.036950 0.029644 -0.733099 -0.678470
1778756448.626953 -1.985713 -30.066977 0.294016 -0.032845 0.028015 -0.729983 -0.682101
1778756448.690077 -1.983492 -30.041250 0.298455 -0.028930 0.028358 -0.731927 -0.680178
1778756448.738634 -1.982795 -30.012293 0.305325 -0.024813 0.021723 -0.735999 -0.676178
1778756448.788897 -1.982566 -29.978592 0.314792 -0.020490 -0.000759 -0.740474 -0.671772
1778756448.837729 -1.991468 -29.950350 0.324123 -0.006357 0.000631 -0.743857 -0.668308
1778756448.890732 -1.990506 -29.921116 0.323476 -0.005685 -0.017793 -0.749124 -0.662167
1778756448.957864 -1.998214 -29.892672 0.316382 -0.002194 -0.023286 -0.753587 -0.656931
1778756448.999010 -2.005918 -29.858822 0.312388 0.002476 -0.025041 -0.758915 -0.650703
1778756449.074728 -2.015237 -29.821627 0.303889 0.010596 -0.021640 -0.764980 -0.643603
1778756449.157075 -2.023046 -29.789911 0.304486 0.023160 -0.027088 -0.769539 -0.637605
1778756449.169690 -2.031930 -29.763414 0.311464 0.024028 -0.021184 -0.775469 -0.630572
1778756449.216577 -2.038332 -29.734928 0.313500 0.025866 -0.016169 -0.783566 -0.620559
1778756449.269657 -2.045874 -29.702246 0.311767 0.027101 -0.014251 -0.791754 -0.610072
1778756449.320910 -2.052528 -29.664129 0.305589 0.025422 -0.024289 -0.799590 -0.599516
1778756449.375099 -2.058223 -29.632542 0.306603 0.033258 -0.021031 -0.805784 -0.590901
1778756449.438865 -2.056349 -29.607512 0.315146 0.021004 -0.030028 -0.813355 -0.580612
1778756449.494236 -2.063032 -29.581623 0.312425 0.012636 -0.040161 -0.820677 -0.569839
1778756449.541404 -2.072107 -29.552744 0.306149 0.003368 -0.049470 -0.827050 -0.559938
1778756449.619877 -2.088326 -29.525045 0.314668 0.020525 -0.050550 -0.831917 -0.552211
1778756449.646429 -2.096308 -29.505529 0.306825 0.028999 -0.057154 -0.837217 -0.543103
1778756449.713206 -2.106038 -29.482027 0.309595 0.025473 -0.058588 -0.845387 -0.530320
1778756449.758255 -2.110965 -29.461823 0.307649 0.024483 -0.057912 -0.852423 -0.519059
1778756449.811272 -2.115520 -29.444553 0.300528 0.027757 -0.046771 -0.859551 -0.508147
1778756449.868081 -2.116516 -29.425285 0.306824 0.021085 -0.039651 -0.868595 -0.493483
1778756449.917466 -2.126781 -29.403929 0.307786 0.014811 -0.036173 -0.874622 -0.483228
1778756449.989414 -2.130060 -29.389206 0.303533 0.013948 -0.043321 -0.879487 -0.473742
1778756450.028592 -2.138186 -29.375061 0.298832 0.002196 -0.042748 -0.885237 -0.463167
1778756450.077685 -2.151315 -29.355957 0.297223 -0.008239 -0.036651 -0.890276 -0.453870
1778756450.144209 -2.166960 -29.330441 0.295417 -0.018895 -0.028724 -0.895164 -0.444410
1778756450.186895 -2.194999 -29.306269 0.300954 0.016098 -0.004445 -0.897525 -0.440647
1778756450.264625 -2.209167 -29.288301 0.313346 0.022118 -0.010669 -0.900904 -0.433324
1778756450.295691 -2.230085 -29.268795 0.316637 0.023577 -0.003330 -0.901006 -0.433152
1778756450.344446 -2.255025 -29.244186 0.314649 0.020584 0.005900 -0.898994 -0.437438
1778756450.397812 -2.279656 -29.216061 0.308800 0.015034 0.008920 -0.896606 -0.442485
1778756450.452682 -2.300938 -29.188021 0.301244 0.017584 -0.008957 -0.895929 -0.443758
1778756450.504982 -2.319286 -29.164261 0.300876 0.020250 -0.003278 -0.894330 -0.446938
1778756450.564903 -2.331627 -29.139296 0.303788 0.007250 -0.011301 -0.890314 -0.455149
1778756450.613489 -2.345578 -29.115211 0.303372 0.000240 -0.013384 -0.884879 -0.465628
1778756450.664939 -2.360358 -29.087149 0.300488 -0.009564 -0.016405 -0.879736 -0.475084
1778756450.717663 -2.379180 -29.060896 0.301738 0.009418 -0.003776 -0.872334 -0.488806
1778756450.777103 -2.394367 -29.036167 0.306339 0.016090 -0.006879 -0.866796 -0.498356
1778756450.824903 -2.409712 -29.017395 0.312312 0.015988 -0.003882 -0.862033 -0.506585
1778756450.878029 -2.421960 -28.998104 0.312601 0.012442 -0.001341 -0.857051 -0.515080
1778756450.932273 -2.436885 -28.976246 0.309533 0.008380 0.003336 -0.852334 -0.522921
1778756450.984786 -2.451394 -28.951021 0.306010 0.006229 0.004089 -0.847467 -0.530796
1778756451.040343 -2.462593 -28.927164 0.303299 0.007181 -0.000738 -0.842970 -0.537912
1778756451.087604 -2.473203 -28.904707 0.299495 0.014210 0.007698 -0.837338 -0.546447
1778756451.140905 -2.476599 -28.884237 0.304260 0.006557 0.003897 -0.832074 -0.554612
1778756451.198060 -2.481178 -28.867384 0.308802 -0.000250 0.000622 -0.824710 -0.565555
1778756451.250881 -2.487506 -28.848244 0.310847 -0.000131 -0.000257 -0.816649 -0.577135
1778756451.307314 -2.492863 -28.827702 0.311045 -0.001867 0.000121 -0.808625 -0.588322
1778756451.353856 -2.497727 -28.806026 0.309409 -0.003169 0.000922 -0.800097 -0.599862
1778756451.406933 -2.503433 -28.785999 0.307300 0.000572 0.002374 -0.790448 -0.612524
1778756451.461395 -2.509303 -28.766647 0.308751 0.003718 0.010658 -0.781036 -0.624384
1778756451.515508 -2.515704 -28.750732 0.310591 0.006466 0.009568 -0.771466 -0.636165
1778756451.566850 -2.519012 -28.737391 0.311294 0.003757 0.007340 -0.760763 -0.648978
1778756451.619868 -2.522718 -28.721264 0.309553 0.001978 0.006602 -0.750941 -0.660334
1778756451.689467 -2.526865 -28.701056 0.307274 0.000997 0.005973 -0.740528 -0.671999
1778756451.731695 -2.529210 -28.680431 0.304527 -0.001637 0.003371 -0.730073 -0.683359
1778756451.793186 -2.529545 -28.661682 0.301563 -0.002669 -0.000674 -0.720732 -0.693209
1778756451.845446 -2.529256 -28.637959 0.298853 0.001796 0.010092 -0.707039 -0.707100
1778756451.900858 -2.526008 -28.617336 0.300650 -0.002722 0.008085 -0.695305 -0.718664
1778756451.960364 -2.522517 -28.604425 0.303989 -0.007706 0.006193 -0.682126 -0.731168
1778756452.000848 -2.518341 -28.590775 0.305593 -0.013948 0.003509 -0.668673 -0.743417
1778756452.054968 -2.512817 -28.572565 0.306181 -0.020625 0.003627 -0.655050 -0.755295
1778756452.107797 -2.509459 -28.552795 0.307547 -0.007774 0.007153 -0.640246 -0.768097
1778756452.165631 -2.504031 -28.535948 0.307555 -0.001145 0.009926 -0.627649 -0.778432
1778756452.215554 -2.499961 -28.515036 0.307737 0.000878 0.015454 -0.615756 -0.787785
1778756452.264341 -2.498521 -28.497797 0.308978 0.001260 0.013823 -0.605634 -0.795623
1778756452.317733 -2.496062 -28.486713 0.309718 -0.002156 0.013427 -0.594960 -0.803640
1778756452.377058 -2.491772 -28.471518 0.308392 -0.001217 0.016220 -0.592313 -0.805544
1778756452.423882 -2.486020 -28.459457 0.307513 -0.001541 0.010925 -0.592750 -0.805311
1778756452.479894 -2.481092 -28.452700 0.306294 -0.001127 0.001630 -0.589073 -0.808077
1778756452.530299 -2.476005 -28.449238 0.306197 0.002539 0.003550 -0.582606 -0.812743
1778756452.589657 -2.473961 -28.449354 0.306655 0.007547 0.004288 -0.571376 -0.820643
1778756452.639544 -2.474499 -28.450161 0.308266 0.009753 0.005557 -0.556461 -0.830798
1778756452.691017 -2.476143 -28.449806 0.308765 0.010928 0.005437 -0.538879 -0.842295
1778756452.746725 -2.477638 -28.448496 0.310245 0.012047 0.004932 -0.518021 -0.855269
1778756452.798245 -2.478343 -28.446922 0.312120 0.011913 0.003230 -0.494330 -0.869187
1778756452.851683 -2.478578 -28.448591 0.313531 0.007126 0.000194 -0.467441 -0.883996
1778756452.910259 -2.477465 -28.449535 0.313576 -0.003633 -0.001604 -0.436310 -0.899788
1778756452.972274 -2.478535 -28.448072 0.313649 -0.007545 -0.004796 -0.398843 -0.916976
1778756453.024485 -2.478488 -28.448648 0.313270 -0.008684 -0.009573 -0.364604 -0.931073
1778756453.072098 -2.474015 -28.449841 0.313291 -0.006488 -0.014406 -0.331404 -0.943357
1778756453.131117 -2.470062 -28.447735 0.311795 -0.004470 -0.023081 -0.296454 -0.954758
1778756453.173802 -2.465490 -28.446922 0.309427 -0.001346 -0.030250 -0.262522 -0.964451
1778756453.227547 -2.461978 -28.447138 0.308818 0.001843 -0.024700 -0.234063 -0.971906
1778756453.282765 -2.457890 -28.444876 0.308861 0.003937 -0.019116 -0.211083 -0.977273
1778756453.333600 -2.456408 -28.441727 0.309326 0.002331 -0.019788 -0.191950 -0.981202
1778756453.388064 -2.458874 -28.437868 0.311465 0.003827 -0.015504 -0.174169 -0.984586
1778756453.440372 -2.460373 -28.435371 0.313634 0.008401 -0.013657 -0.155204 -0.987752
1778756453.502733 -2.460118 -28.431887 0.314311 0.010742 -0.014514 -0.134956 -0.990687
1778756453.547128 -2.460713 -28.429296 0.314782 0.010299 -0.014336 -0.117142 -0.992958
1778756453.600347 -2.461481 -28.427692 0.314981 0.005012 -0.011597 -0.102463 -0.994657
1778756453.654280 -2.461876 -28.423855 0.314757 0.006820 -0.012498 -0.088436 -0.995980
1778756453.707534 -2.461747 -28.421824 0.313089 0.008378 -0.011206 -0.077704 -0.996878
1778756453.765893 -2.460466 -28.419907 0.312791 0.009642 -0.011589 -0.067832 -0.997583
1778756453.816509 -2.457596 -28.418186 0.312652 0.012955 -0.011288 -0.060925 -0.997995
1778756453.883942 -2.454235 -28.415529 0.312238 0.015716 -0.010580 -0.070695 -0.997318
1778756453.929651 -2.450362 -28.414297 0.312645 0.016330 -0.009283 -0.079926 -0.996624
1778756453.974412 -2.445795 -28.412497 0.312967 0.020481 -0.007898 -0.088492 -0.995835
1778756454.031712 -2.437707 -28.412558 0.313184 0.022660 -0.006896 -0.096173 -0.995083
1778756454.080052 -2.427061 -28.414375 0.312547 0.018227 -0.008902 -0.105501 -0.994212
1778756454.133856 -2.415085 -28.415184 0.311188 0.013986 -0.008177 -0.112614 -0.993507
1778756454.187798 -2.400034 -28.412554 0.309603 0.012345 -0.001694 -0.120407 -0.992646
1778756454.236099 -2.382060 -28.409676 0.307660 0.005569 -0.001064 -0.131002 -0.991366
1778756454.297108 -2.367637 -28.403536 0.308449 0.004135 -0.004910 -0.141487 -0.989919
1778756454.347694 -2.354589 -28.396757 0.307705 0.004316 -0.007456 -0.151005 -0.988495
1778756454.419324 -2.338917 -28.387007 0.306018 0.015439 -0.006562 -0.159563 -0.987045
1778756454.454051 -2.322497 -28.378017 0.303757 0.019452 -0.007751 -0.167833 -0.985593
1778756454.503682 -2.308594 -28.368134 0.301517 0.023325 -0.002738 -0.168950 -0.985345
1778756454.561861 -2.298847 -28.361135 0.302420 0.028638 -0.007780 -0.168417 -0.985269
1778756454.618418 -2.291197 -28.359127 0.303546 0.028819 -0.011530 -0.164012 -0.985970
1778756454.697439 -2.289035 -28.358564 0.303423 0.029703 -0.009884 -0.152604 -0.987792
1778756454.721416 -2.289488 -28.359949 0.304984 0.030205 -0.007422 -0.140682 -0.989566
1778756454.773668 -2.289627 -28.360632 0.306500 0.029096 -0.006548 -0.127623 -0.991374
1778756454.826810 -2.290101 -28.360926 0.307941 0.025651 -0.005073 -0.113283 -0.993219
1778756454.880689 -2.291088 -28.360676 0.308912 0.023007 -0.003255 -0.099149 -0.994801
1778756454.937960 -2.292273 -28.359894 0.309911 0.021514 -0.002273 -0.084569 -0.996183
1778756454.987334 -2.293184 -28.358711 0.310746 0.022427 -0.001545 -0.070498 -0.997259
1778756455.040551 -2.293763 -28.357470 0.310941 0.022265 -0.001018 -0.057526 -0.998095
1778756455.100919 -2.294463 -28.356016 0.310972 0.022687 -0.000930 -0.044467 -0.998753
1778756455.145918 -2.294680 -28.354603 0.310772 0.022807 -0.001156 -0.033342 -0.999183
1778756455.210994 -2.294772 -28.353523 0.310657 0.024161 -0.000883 -0.023962 -0.999420
1778756455.255509 -2.294214 -28.352209 0.308966 0.025532 -0.001079 -0.015961 -0.999546
1778756455.309422 -2.293463 -28.351707 0.307745 0.025997 -0.002392 -0.008111 -0.999626
1778756455.364182 -2.292920 -28.351347 0.307306 0.026809 -0.003113 -0.000481 -0.999636
1778756455.413523 -2.292394 -28.349779 0.306820 0.028538 -0.002869 0.005648 -0.999573
1778756455.470428 -2.289100 -28.348919 0.306829 0.027046 -0.004317 -0.003351 -0.999619
1778756455.519074 -2.286157 -28.349386 0.308011 0.025329 -0.005446 -0.009896 -0.999615
1778756455.573809 -2.283851 -28.351654 0.309565 0.021581 -0.007616 -0.017497 -0.999585
1778756455.628571 -2.281595 -28.353548 0.310513 0.013099 -0.009772 -0.024009 -0.999578
1778756455.684424 -2.272500 -28.352722 0.310080 0.009038 -0.012016 -0.030363 -0.999426
1778756455.738433 -2.260968 -28.350803 0.309192 0.010428 -0.012911 -0.036872 -0.999182
1778756455.790426 -2.246270 -28.347889 0.307734 0.011510 -0.012018 -0.045108 -0.998844
1778756455.842358 -2.232363 -28.344120 0.305750 0.012188 -0.010497 -0.053261 -0.998451
1778756455.893533 -2.217631 -28.340096 0.302015 0.010502 -0.009432 -0.060861 -0.998047
1778756455.949319 -2.200463 -28.335869 0.301408 0.005785 -0.012081 -0.071515 -0.997350
1778756456.003453 -2.186507 -28.330818 0.301153 0.002047 -0.014745 -0.082313 -0.996495
1778756456.056764 -2.173939 -28.326077 0.299962 0.002864 -0.016270 -0.091465 -0.995671
1778756456.119316 -2.158828 -28.317150 0.299988 0.017166 -0.013834 -0.099616 -0.994782
1778756456.166060 -2.137605 -28.311445 0.298764 0.011360 -0.008752 -0.111513 -0.993660
1778756456.222502 -2.119421 -28.305408 0.298555 0.022595 -0.004230 -0.122445 -0.992209
1778756456.273724 -2.102370 -28.297760 0.301536 0.023487 -0.005922 -0.134338 -0.990640
1778756456.326662 -2.082709 -28.291552 0.302947 0.025595 -0.006418 -0.147376 -0.988729
1778756456.383514 -2.062349 -28.284252 0.303469 0.027511 -0.006230 -0.160033 -0.986709
1778756456.443015 -2.038584 -28.276035 0.303049 0.024179 -0.005467 -0.173731 -0.984481
1778756456.489409 -2.015710 -28.268055 0.301469 0.017265 -0.008831 -0.186660 -0.982233
1778756456.540337 -1.994268 -28.257437 0.299185 0.021032 0.001913 -0.198542 -0.979865
1778756456.599865 -1.972807 -28.252754 0.302498 0.010055 0.001366 -0.211657 -0.977291
1778756456.650484 -1.956363 -28.245550 0.303781 0.001315 0.003023 -0.222850 -0.974847
1778756456.708615 -1.939629 -28.235418 0.304286 -0.000634 0.005245 -0.232728 -0.972527
1778756456.759769 -1.922085 -28.226107 0.304108 -0.000642 0.009479 -0.242015 -0.970226
1778756456.809967 -1.901019 -28.213520 0.303355 0.001205 0.011587 -0.251868 -0.967692
1778756456.864014 -1.880748 -28.199190 0.301948 0.007511 0.009613 -0.261990 -0.964994
1778756456.921346 -1.862019 -28.185841 0.303856 0.013142 0.009955 -0.269208 -0.962941
1778756456.969727 -1.844206 -28.173271 0.306492 0.016235 0.012459 -0.284456 -0.958471
1778756457.029729 -1.828414 -28.160480 0.308879 0.010699 0.008975 -0.297568 -0.954599
1778756457.072989 -1.811243 -28.146816 0.310455 0.013552 0.011808 -0.308707 -0.950987
1778756457.133751 -1.789710 -28.128139 0.309457 0.014563 0.016122 -0.321826 -0.946550
1778756457.183376 -1.769075 -28.110426 0.306706 0.011877 0.014819 -0.333619 -0.942517
1778756457.236656 -1.748280 -28.094927 0.302524 0.009068 0.008182 -0.346057 -0.938134
1778756457.295494 -1.730251 -28.079603 0.307104 0.007369 0.008379 -0.358228 -0.933567
1778756457.344521 -1.714429 -28.065739 0.308607 0.003719 0.009390 -0.369059 -0.929351
1778756457.399405 -1.701899 -28.051363 0.308025 0.003043 0.009822 -0.377838 -0.925815
1778756457.446716 -1.686929 -28.034782 0.305794 0.004081 0.011774 -0.386039 -0.922398
1778756457.505324 -1.669786 -28.013592 0.303011 0.008902 0.012954 -0.394841 -0.918615
1778756457.554119 -1.653840 -27.993536 0.301618 0.012802 0.010978 -0.402995 -0.915047
1778756457.606781 -1.640155 -27.972818 0.305599 0.019644 0.013829 -0.410127 -0.911712
1778756457.664071 -1.626216 -27.954039 0.308502 0.018338 0.010147 -0.423580 -0.905616
1778756457.715761 -1.612311 -27.934877 0.309914 0.016296 0.009981 -0.434432 -0.900502
1778756457.770566 -1.597571 -27.912132 0.309424 0.018298 0.012582 -0.445212 -0.895150
1778756457.817895 -1.581717 -27.887991 0.307085 0.016102 0.013489 -0.455476 -0.890000
1778756457.866983 -1.565198 -27.864157 0.303969 0.010799 0.006790 -0.465787 -0.884805
1778756457.928059 -1.550786 -27.842020 0.303732 0.011842 0.005715 -0.476530 -0.879060
1778756457.973963 -1.535793 -27.820614 0.306804 0.006065 0.010695 -0.487740 -0.872902
1778756458.040374 -1.522802 -27.798035 0.307417 0.000214 0.011159 -0.491266 -0.870938
1778756458.079784 -1.510169 -27.774256 0.308096 0.004701 0.016100 -0.487176 -0.873143
1778756458.135113 -1.493112 -27.744051 0.307799 0.010722 0.018531 -0.482808 -0.875464
1778756458.191708 -1.477200 -27.720579 0.308339 0.010452 0.017092 -0.476502 -0.878945
1778756458.245446 -1.465179 -27.695574 0.312410 0.013998 0.014494 -0.469605 -0.882647
1778756458.294007 -1.451125 -27.673220 0.312939 0.013314 0.008632 -0.463917 -0.885737
1778756458.349808 -1.435117 -27.648935 0.311363 0.014841 0.003915 -0.458421 -0.888603
1778756458.400393 -1.415902 -27.622385 0.309395 0.012924 0.001348 -0.452185 -0.891829
1778756458.449703 -1.396204 -27.598595 0.307505 0.008162 -0.004148 -0.446223 -0.894875
1778756458.502847 -1.375617 -27.571596 0.302834 0.015859 0.005552 -0.438113 -0.898763
1778756458.559040 -1.358072 -27.556559 0.307645 0.004411 0.000258 -0.431140 -0.902274
1778756458.613209 -1.340613 -27.536024 0.312405 -0.002465 -0.001398 -0.421728 -0.906718
1778756458.663180 -1.321854 -27.515327 0.313188 -0.001795 0.001231 -0.411136 -0.911571
1778756458.720423 -1.300547 -27.493538 0.311702 -0.002605 0.003176 -0.401634 -0.915791
1778756458.773774 -1.276938 -27.468515 0.308483 0.008364 0.004977 -0.391428 -0.920157
1778756458.825402 -1.258672 -27.451988 0.312691 0.009639 0.002739 -0.382002 -0.924107
1778756458.878908 -1.240340 -27.430006 0.317173 0.011178 0.004135 -0.373541 -0.927537
1778756458.936670 -1.221351 -27.412395 0.316637 0.010211 0.004402 -0.364861 -0.930996
1778756458.986187 -1.199338 -27.389942 0.314158 0.007938 0.005972 -0.355735 -0.934534
1778756459.043862 -1.175564 -27.368364 0.310875 0.004781 0.005658 -0.347918 -0.937496
1778756459.094885 -1.147642 -27.345480 0.306992 0.003286 -0.000370 -0.338979 -0.940788
1778756459.146847 -1.122343 -27.328421 0.305423 0.004908 0.000940 -0.331185 -0.943553
1778756459.200316 -1.101602 -27.315472 0.308489 -0.003609 0.005391 -0.321130 -0.947013
1778756459.253863 -1.079009 -27.299196 0.310427 -0.007944 0.006540 -0.318713 -0.947796
1778756459.307286 -1.055462 -27.282398 0.309626 -0.010558 0.011429 -0.322716 -0.946368
1778756459.363709 -1.027519 -27.262602 0.307632 -0.010737 0.015650 -0.329630 -0.943919
1778756459.414348 -1.002111 -27.239428 0.308471 0.013516 0.007964 -0.333304 -0.942689
1778756459.476776 -0.980858 -27.221127 0.310790 0.006376 0.001569 -0.340081 -0.940373
1778756459.520856 -0.960455 -27.199469 0.313974 0.011147 0.008080 -0.348552 -0.937188
1778756459.573390 -0.937297 -27.174498 0.314094 0.014583 0.015373 -0.358375 -0.933337
1778756459.629615 -0.912949 -27.147211 0.311518 0.013537 0.020260 -0.368346 -0.929370
1778756459.681515 -0.885404 -27.121376 0.307818 0.006996 0.011798 -0.379742 -0.924991
1778756459.733304 -0.862440 -27.097431 0.309069 0.015614 0.007235 -0.387498 -0.921710
1778756459.785166 -0.842808 -27.078451 0.312537 0.012998 0.008786 -0.387548 -0.921716
1778756459.837901 -0.822269 -27.056683 0.313045 0.014190 0.009316 -0.381722 -0.924121
1778756459.901091 -0.798405 -27.030760 0.311988 0.019188 0.012347 -0.374615 -0.926900
1778756459.943332 -0.772856 -27.006653 0.309668 0.013525 0.011166 -0.368785 -0.929349
1778756460.000569 -0.756112 -26.983921 0.311084 0.023673 0.012433 -0.357905 -0.933375
1778756460.050635 -0.737310 -26.963476 0.313942 0.022671 0.008458 -0.351275 -0.935960
1778756460.104587 -0.716823 -26.944540 0.313155 0.022832 0.003838 -0.343686 -0.938799
1778756460.158045 -0.695309 -26.924459 0.311121 0.021476 0.001142 -0.337020 -0.941252
1778756460.209680 -0.669763 -26.904526 0.308841 0.015569 -0.002445 -0.329394 -0.944061
1778756460.270241 -0.646597 -26.885689 0.306248 0.016944 -0.003471 -0.321277 -0.946828
1778756460.317396 -0.621332 -26.871094 0.303305 0.018295 0.002752 -0.311405 -0.950097
1778756460.389066 -0.604652 -26.861292 0.309531 0.006299 -0.001820 -0.303545 -0.952795
1778756460.419802 -0.585212 -26.849455 0.312407 -0.000027 -0.002482 -0.292452 -0.956277
1778756460.472731 -0.564333 -26.838205 0.312439 -0.001463 -0.002909 -0.281164 -0.959654
1778756460.529946 -0.542647 -26.827047 0.310785 -0.005400 -0.003354 -0.270558 -0.962683
1778756460.577004 -0.522899 -26.814072 0.309033 0.008253 -0.005987 -0.258609 -0.965928
1778756460.629859 -0.504439 -26.802708 0.308745 0.007040 -0.005661 -0.244575 -0.969588
1778756460.690331 -0.487626 -26.790403 0.311909 0.011870 -0.005044 -0.232146 -0.972595
1778756460.739729 -0.474530 -26.782051 0.312330 0.009231 -0.002534 -0.218290 -0.975837
1778756460.795128 -0.459234 -26.772921 0.310725 0.008783 0.000524 -0.203172 -0.979104
1778756460.846004 -0.442366 -26.763788 0.308436 0.008610 0.001924 -0.188353 -0.982062
1778756460.899612 -0.424282 -26.755508 0.305233 0.005848 0.001771 -0.172965 -0.984909
1778756460.954366 -0.406169 -26.749399 0.301400 0.001777 -0.000933 -0.157603 -0.987501
1778756461.011320 -0.389431 -26.744488 0.297934 0.010045 0.000234 -0.141697 -0.989859
1778756461.063007 -0.371955 -26.742395 0.295809 0.012641 0.007529 -0.123934 -0.992181
1778756461.114990 -0.356599 -26.740643 0.301431 0.010101 0.006207 -0.105058 -0.994396
1778756461.166621 -0.346603 -26.741560 0.303925 0.002510 0.008310 -0.084437 -0.996391
1778756461.228193 -0.331900 -26.741917 0.305384 -0.004031 0.011856 -0.061986 -0.997998
1778756461.275992 -0.315340 -26.740173 0.306243 0.003222 0.010828 -0.037972 -0.999215
1778756461.329621 -0.299182 -26.740471 0.306340 0.017609 0.006439 -0.013877 -0.999728
1778756461.379372 -0.282431 -26.741259 0.307470 0.019382 0.011215 0.006584 -0.999728
1778756461.443133 -0.264502 -26.740934 0.309167 0.023988 0.011751 0.025872 -0.999308
1778756461.486855 -0.251379 -26.739323 0.310088 0.023908 0.008017 0.043659 -0.998728
1778756461.543783 -0.237965 -26.739664 0.311926 0.023636 0.002569 0.063137 -0.997722
1778756461.593060 -0.225803 -26.743019 0.310273 0.019304 0.001665 0.080887 -0.996535
1778756461.647518 -0.211407 -26.745178 0.307018 0.015335 0.002329 0.095794 -0.995280
1778756461.701248 -0.193493 -26.748341 0.303102 0.013700 0.002724 0.110738 -0.993752
1778756461.754622 -0.175404 -26.752880 0.298773 0.010838 0.002269 0.125416 -0.992042
1778756461.810333 -0.157185 -26.757483 0.295868 0.016924 -0.001779 0.139073 -0.990136
1778756461.868197 -0.138567 -26.765968 0.294656 0.019277 0.001338 0.151042 -0.988339
1778756461.920587 -0.123399 -26.772217 0.299415 0.014622 0.002394 0.163614 -0.986413
1778756461.969161 -0.110543 -26.780148 0.301902 0.002970 0.007569 0.181208 -0.983411
1778756462.022461 -0.094390 -26.788120 0.302898 -0.000703 0.010302 0.197472 -0.980254
1778756462.076084 -0.079504 -26.797003 0.302536 -0.000682 0.014032 0.211523 -0.977272
1778756462.143783 -0.058520 -26.806221 0.301830 0.008184 0.010090 0.226207 -0.973993
1778756462.186077 -0.039727 -26.816980 0.303015 0.014780 0.000823 0.240709 -0.970484
1778756462.238063 -0.019769 -26.825848 0.304944 0.021619 0.001236 0.251799 -0.967537
1778756462.292689 0.001030 -26.833269 0.307695 0.022459 -0.001480 0.262122 -0.964772
1778756462.359578 0.017159 -26.841772 0.308346 0.017446 0.000342 0.273002 -0.961855
1778756462.404364 0.036423 -26.851562 0.306264 0.018004 0.002672 0.283225 -0.958881
1778756462.455679 0.058070 -26.863350 0.303301 0.018660 0.005324 0.292126 -0.956183
1778756462.511838 0.077104 -26.876207 0.300519 0.013690 0.006658 0.300992 -0.953505
1778756462.566449 0.098323 -26.892475 0.297994 0.007536 -0.001336 0.309453 -0.950884
1778756462.629348 0.115310 -26.907673 0.297559 0.012925 0.000178 0.318872 -0.947710
1778756462.673679 0.129509 -26.921465 0.303935 0.008815 0.003098 0.328361 -0.944506
1778756462.726683 0.144018 -26.935596 0.306386 0.002554 0.007874 0.340148 -0.940335
1778756462.786969 0.159382 -26.950481 0.307142 0.001531 0.010616 0.353561 -0.935350
1778756462.839742 0.180040 -26.972586 0.305783 0.002496 0.014783 0.364987 -0.930892
1778756462.896606 0.203067 -26.991865 0.304084 0.017178 0.001655 0.378248 -0.925543
1778756462.946028 0.220532 -27.011803 0.305822 0.014088 -0.001839 0.390597 -0.920452
1778756463.003901 0.240872 -27.028688 0.310739 0.017751 -0.003744 0.399153 -0.916705
1778756463.055195 0.256849 -27.045813 0.312627 0.012232 -0.003362 0.407654 -0.913048
1778756463.106793 0.274629 -27.064802 0.310635 0.010695 -0.001479 0.415968 -0.909315
1778756463.160959 0.296177 -27.088354 0.307333 0.009873 0.000312 0.424154 -0.905536
1778756463.216279 0.316573 -27.114906 0.304336 0.005087 -0.001599 0.431785 -0.901961
1778756463.275769 0.337004 -27.140312 0.300881 0.010319 -0.006473 0.430079 -0.902709
1778756463.322409 0.350540 -27.163904 0.305819 0.003651 -0.003249 0.420816 -0.907133
1778756463.376431 0.367023 -27.185072 0.307751 0.000214 0.001862 0.415763 -0.909471
1778756463.430919 0.386639 -27.205126 0.307600 0.002434 0.002195 0.410975 -0.911641
1778756463.482610 0.408405 -27.227615 0.306874 0.008808 0.001417 0.404847 -0.914341
1778756463.545285 0.432607 -27.252987 0.305566 0.014604 -0.004557 0.396570 -0.917877
1778756463.590648 0.456799 -27.269829 0.307651 0.019661 -0.012089 0.392088 -0.919638
1778756463.639365 0.474923 -27.284672 0.311630 0.018819 -0.011643 0.383123 -0.923432
1778756463.696269 0.495898 -27.302401 0.312725 0.021890 -0.012426 0.372350 -0.927751
1778756463.750474 0.520588 -27.321970 0.312203 0.026861 -0.011218 0.361559 -0.931895
1778756463.807252 0.547393 -27.343964 0.308927 0.024839 -0.010648 0.350097 -0.936324
1778756463.852850 0.571163 -27.366308 0.303648 0.012884 -0.013006 0.338896 -0.940646
1778756463.905720 0.591231 -27.383760 0.306708 0.015048 -0.016066 0.326833 -0.944826
1778756463.965328 0.609485 -27.400732 0.309129 0.009971 -0.009822 0.316400 -0.948523
1778756464.013564 0.628901 -27.413744 0.309154 0.008918 -0.007665 0.308362 -0.951196
1778756464.071296 0.654722 -27.431038 0.307011 0.013640 -0.005499 0.299151 -0.954092
1778756464.126045 0.682770 -27.447311 0.304600 0.020502 -0.008872 0.288814 -0.957125
1778756464.185943 0.705559 -27.458229 0.304742 0.022198 -0.014026 0.282167 -0.959006
1778756464.235538 0.727054 -27.468184 0.308935 0.023392 -0.016645 0.269279 -0.962634
1778756464.288889 0.748544 -27.478447 0.310532 0.023473 -0.017922 0.256075 -0.966206
1778756464.342877 0.773500 -27.489494 0.310737 0.026400 -0.017375 0.244790 -0.969061
1778756464.395702 0.800636 -27.501516 0.308494 0.025485 -0.016153 0.232564 -0.972113
1778756464.454650 0.828447 -27.514748 0.304154 0.017513 -0.018090 0.220120 -0.975148
1778756464.506053 0.853329 -27.527782 0.302202 0.016997 -0.018810 0.208035 -0.977793
1778756464.556392 0.872635 -27.538887 0.308031 0.013722 -0.015918 0.194308 -0.980715
1778756464.610101 0.894307 -27.548429 0.308335 0.005735 -0.012040 0.183373 -0.982953
1778756464.666406 0.914677 -27.555302 0.306865 0.007519 -0.009847 0.174896 -0.984509
1778756464.719148 0.941386 -27.564518 0.304556 0.008228 -0.005716 0.165886 -0.986094
1778756464.769816 0.970028 -27.571991 0.301641 0.014266 -0.007038 0.155800 -0.987660
1778756464.823272 0.995225 -27.577549 0.304516 0.020352 -0.014538 0.149459 -0.988452
1778756464.885591 1.016813 -27.581219 0.310155 0.022092 -0.014559 0.137588 -0.990136
1778756464.927653 1.039821 -27.584383 0.311102 0.020294 -0.015844 0.124263 -0.991915
1778756464.981053 1.066732 -27.588190 0.312149 0.023907 -0.013653 0.111804 -0.993349
1778756465.032628 1.096039 -27.591894 0.309762 0.026310 -0.011337 0.099669 -0.994608
1778756465.096212 1.126976 -27.597149 0.304852 0.019127 -0.013523 0.086903 -0.995941
1778756465.139191 1.156028 -27.603466 0.303106 0.016456 -0.018971 0.073368 -0.996989
1778756465.196932 1.180150 -27.607761 0.310563 0.012987 -0.015464 0.059959 -0.997997
1778756465.252902 1.204062 -27.610952 0.310449 0.005568 -0.011867 0.050241 -0.998651
1778756465.303739 1.227009 -27.612213 0.308632 0.005639 -0.008583 0.041864 -0.999071
1778756465.365656 1.256262 -27.613625 0.305824 0.007636 -0.004045 0.032411 -0.999437
1778756465.413233 1.286135 -27.612612 0.302275 0.016711 -0.008537 0.022531 -0.999570
1778756465.463121 1.307857 -27.613695 0.306622 0.019618 -0.014911 0.017913 -0.999536
1778756465.518204 1.334412 -27.609774 0.310575 0.019678 -0.015335 0.001243 -0.999688
1778756465.568133 1.363667 -27.607130 0.312900 0.023006 -0.014968 -0.011148 -0.999561
1778756465.623358 1.394453 -27.602713 0.311767 0.025443 -0.012243 -0.023431 -0.999327
1778756465.676142 1.427104 -27.598764 0.308286 0.021965 -0.011147 -0.035084 -0.999081
1778756465.728956 1.462440 -27.596275 0.303078 0.013243 -0.016005 -0.047475 -0.998656
1778756465.782854 1.488341 -27.595121 0.306390 0.015993 -0.018217 -0.060440 -0.997878
1778756465.841141 1.514441 -27.593901 0.308771 0.008678 -0.012562 -0.069499 -0.997465
1778756465.892037 1.542707 -27.589024 0.309242 0.008505 -0.011632 -0.062839 -0.997920
1778756465.942497 1.574094 -27.584045 0.308182 0.014950 -0.008073 -0.053035 -0.998448
1778756466.004671 1.608764 -27.581745 0.305948 0.011033 -0.008821 -0.044737 -0.998899
1778756466.049649 1.639196 -27.575899 0.311056 0.018555 -0.011222 -0.033889 -0.999190
1778756466.108437 1.666227 -27.571964 0.313684 0.017170 -0.014091 -0.026697 -0.999397
1778756466.163666 1.696197 -27.570284 0.313011 0.015655 -0.018182 -0.017661 -0.999556
1778756466.213807 1.729139 -27.568573 0.311314 0.013981 -0.018127 -0.010202 -0.999686
1778756466.266586 1.764063 -27.569881 0.309074 0.005451 -0.017925 -0.002501 -0.999821
1778756466.319314 1.801420 -27.567785 0.306034 0.016984 -0.013973 0.006829 -0.999735
1778756466.378521 1.824929 -27.573614 0.309289 0.003839 -0.012529 0.014248 -0.999813
1778756466.430188 1.852401 -27.574448 0.314973 -0.002184 -0.010333 0.025005 -0.999632
1778756466.480017 1.883139 -27.575970 0.315266 0.002182 -0.008183 0.036947 -0.999281
1778756466.533389 1.917995 -27.578465 0.312140 0.006927 -0.009953 0.047149 -0.998814
1778756466.589296 1.952736 -27.583719 0.310993 0.005619 -0.007746 0.057969 -0.998273
1778756466.645581 1.979695 -27.583035 0.315330 0.010150 -0.008986 0.068905 -0.997531
1778756466.697191 2.005321 -27.587578 0.315006 0.010869 -0.011522 0.078101 -0.996820
1778756466.748996 2.035158 -27.592428 0.313011 0.010021 -0.013253 0.087477 -0.996028
1778756466.810161 2.069161 -27.599689 0.309579 0.008071 -0.014299 0.095887 -0.995257
1778756466.858779 2.100830 -27.607891 0.305472 0.001454 -0.018296 0.104283 -0.994378
1778756466.921083 2.131742 -27.616072 0.304381 0.015641 -0.013436 0.114923 -0.993160
1778756466.966110 2.151971 -27.625599 0.310058 0.002679 -0.010893 0.123788 -0.992245
1778756467.019547 2.173189 -27.632090 0.314199 -0.001971 -0.008897 0.135122 -0.990787
1778756467.076293 2.199842 -27.639750 0.314268 0.002498 -0.010251 0.147683 -0.988979
1778756467.128625 2.227092 -27.648769 0.311731 0.005617 -0.011665 0.159374 -0.987133
1778756467.180472 2.252161 -27.659126 0.308002 0.001897 -0.002652 0.169352 -0.985550
1778756467.234076 2.276810 -27.665304 0.310607 0.012895 -0.003260 0.182318 -0.983150
1778756467.285427 2.296309 -27.670868 0.312180 0.013896 -0.005793 0.191602 -0.981357
1778756467.335166 2.316206 -27.678288 0.312462 0.013291 -0.004959 0.202794 -0.979119
1778756467.389280 2.339235 -27.686970 0.310301 0.012724 -0.005139 0.213029 -0.976949
1778756467.442074 2.362856 -27.696920 0.307945 0.011157 -0.005863 0.221709 -0.975031
1778756467.498935 2.389163 -27.711178 0.304886 0.005292 -0.006557 0.231718 -0.972747
1778756467.574806 2.409642 -27.722113 0.301949 0.014443 -0.007756 0.242155 -0.970099
1778756467.606116 2.428698 -27.737432 0.303247 0.009683 -0.003167 0.252919 -0.967434
1778756467.666132 2.443412 -27.747969 0.307805 0.001232 0.002481 0.265061 -0.964228
1778756467.715560 2.461048 -27.759813 0.309189 -0.003973 0.003766 0.278190 -0.960510
1778756467.767636 2.478484 -27.773554 0.308543 -0.004392 0.005386 0.291778 -0.956461
1778756467.820172 2.497599 -27.789389 0.306322 -0.006582 0.007952 0.304003 -0.952615
1778756467.873167 2.515776 -27.803217 0.305879 0.001215 -0.004083 0.318535 -0.947902
1778756467.925759 2.534813 -27.816853 0.308793 0.004531 -0.003005 0.331224 -0.943537
1778756467.983968 2.550466 -27.826611 0.311936 0.004659 -0.003874 0.342435 -0.939522
1778756468.032144 2.565862 -27.839655 0.311852 0.005115 -0.002115 0.353733 -0.935330
1778756468.089489 2.584210 -27.853867 0.309865 0.007167 0.000898 0.364898 -0.931019
1778756468.138293 2.603312 -27.871370 0.307223 0.004267 0.001918 0.374755 -0.927112
1778756468.193393 2.620378 -27.889706 0.304380 -0.000548 -0.000230 0.383896 -0.923376
1778756468.245693 2.637156 -27.907745 0.300857 0.007267 -0.002530 0.394276 -0.918960
1778756468.299152 2.650476 -27.926332 0.301958 0.003627 0.000543 0.403882 -0.914804
1778756468.352822 2.660343 -27.941631 0.305200 -0.001522 0.006486 0.416067 -0.909310
1778756468.407126 2.673216 -27.959438 0.306180 -0.004654 0.008024 0.429599 -0.902972
1778756468.467606 2.683277 -27.975145 0.305905 0.000076 0.008076 0.443547 -0.896215
1778756468.513303 2.697839 -27.997839 0.303586 0.002472 0.008244 0.455639 -0.890123
1778756468.566025 2.711632 -28.018097 0.302666 0.007628 -0.001520 0.468988 -0.883170
1778756468.629434 2.724194 -28.038542 0.308268 0.012569 -0.004925 0.479283 -0.877557
1778756468.674713 2.736769 -28.053080 0.311919 0.009609 -0.007610 0.487393 -0.873097
1778756468.728837 2.747548 -28.069654 0.312803 0.007604 -0.004359 0.497791 -0.867253
1778756468.780840 2.760633 -28.089043 0.311205 0.008514 -0.002581 0.507163 -0.861804
1778756468.832619 2.774215 -28.110260 0.308647 0.009549 -0.001612 0.516405 -0.856290
1778756468.899678 2.786789 -28.133429 0.305942 0.006410 0.000016 0.524419 -0.851436
1778756468.940747 2.798316 -28.158880 0.302404 -0.000420 -0.002555 0.532260 -0.846577
1778756469.004786 2.806938 -28.182465 0.301296 0.009863 -0.004532 0.541475 -0.840647
1778756469.046036 2.814153 -28.201986 0.307267 0.004918 -0.002366 0.550937 -0.834529
1778756469.101531 2.821273 -28.222324 0.309076 0.000036 0.002373 0.561587 -0.827414
1778756469.151743 2.829273 -28.243551 0.309000 0.002431 0.001021 0.571741 -0.820430
1778756469.203964 2.837347 -28.268736 0.307179 0.006077 0.000612 0.581778 -0.813325
1778756469.267754 2.845956 -28.294842 0.303761 0.010198 -0.002795 0.590997 -0.806605
1778756469.314380 2.854119 -28.319954 0.307258 0.013933 -0.007376 0.601926 -0.798396
1778756469.365419 2.863433 -28.342342 0.310434 0.016023 -0.012176 0.609337 -0.792656
1778756469.421992 2.870010 -28.363676 0.311994 0.011504 -0.010216 0.617867 -0.786132
1778756469.475837 2.877191 -28.389273 0.309889 0.011776 -0.009024 0.625319 -0.780228
1778756469.537202 2.884632 -28.416353 0.307503 0.011686 -0.008521 0.627167 -0.778751
1778756469.579705 2.890552 -28.445709 0.305213 0.003778 -0.008846 0.625217 -0.780392
1778756469.629073 2.897337 -28.472540 0.302007 0.008440 -0.017392 0.624172 -0.781048
1778756469.685160 2.899014 -28.499758 0.304419 0.005074 -0.008973 0.623786 -0.781527
1778756469.734573 2.904390 -28.524490 0.309896 0.004099 -0.003815 0.624399 -0.781085
1778756469.799657 2.911857 -28.550104 0.310671 0.004509 -0.004536 0.625759 -0.779991
1778756469.841354 2.919010 -28.579374 0.309595 0.009980 -0.006292 0.626772 -0.779113
1778756469.895139 2.924905 -28.612082 0.307820 0.008426 -0.002992 0.626391 -0.779458
1778756469.952163 2.934517 -28.640787 0.308146 0.018935 -0.009178 0.629651 -0.776593
1778756470.020795 2.942518 -28.669495 0.311761 0.017766 -0.008073 0.629793 -0.776518
1778756470.058604 2.948126 -28.697508 0.311987 0.016059 -0.008696 0.628922 -0.777254
1778756470.122924 2.956062 -28.729889 0.310457 0.014136 -0.008988 0.627237 -0.778648
1778756470.166315 2.962653 -28.763136 0.308845 0.010715 -0.007078 0.625463 -0.780148
1778756470.217782 2.971578 -28.798252 0.305632 0.012631 -0.011822 0.624375 -0.780933
1778756470.268587 2.972354 -28.828520 0.306958 0.007076 -0.003385 0.623619 -0.781689
1778756470.321299 2.977420 -28.857244 0.310165 0.004710 0.005184 0.623958 -0.781427
1778756470.374765 2.984723 -28.886578 0.310191 0.006442 0.006194 0.625300 -0.780334
1778756470.438250 2.990720 -28.919189 0.308810 0.009205 0.009383 0.626181 -0.779567
1778756470.480260 3.001219 -28.954782 0.306944 0.013735 -0.000307 0.627176 -0.778756
1778756470.536099 3.006367 -28.988752 0.310719 0.009061 -0.009957 0.629056 -0.777243
1778756470.591078 3.015913 -29.014194 0.314875 0.011419 -0.008949 0.628055 -0.778034
1778756470.644527 3.024043 -29.045994 0.315436 0.013563 -0.009198 0.626306 -0.779405
1778756470.696399 3.034716 -29.080402 0.313012 0.017658 -0.006721 0.624960 -0.780428
1778756470.750355 3.043724 -29.116489 0.310325 0.015151 -0.004849 0.623655 -0.781538
1778756470.801597 3.050981 -29.153841 0.305021 0.008793 -0.009350 0.622861 -0.782228
1778756470.861980 3.053797 -29.184896 0.309065 0.007301 -0.007799 0.620582 -0.784069
1778756470.915529 3.058972 -29.214474 0.311507 0.005350 -0.000086 0.620701 -0.784029
1778756470.965550 3.066780 -29.245403 0.310846 0.008028 -0.000749 0.622442 -0.782625
1778756471.018233 3.074739 -29.279787 0.309335 0.012010 -0.001083 0.623784 -0.781504
1778756471.073694 3.082530 -29.314690 0.306361 0.010371 -0.008927 0.624641 -0.780792
1778756471.125016 3.093333 -29.343695 0.309763 0.011094 -0.013397 0.627213 -0.778653
1778756471.180994 3.101649 -29.372101 0.312158 0.011846 -0.012758 0.625651 -0.779909
1778756471.233826 3.110848 -29.404673 0.311491 0.013783 -0.012688 0.624018 -0.781185
1778756471.284714 3.120275 -29.441381 0.309648 0.013019 -0.009515 0.622295 -0.782617
1778756471.342036 3.128259 -29.478113 0.307648 0.007035 -0.008390 0.620652 -0.784010
1778756471.391698 3.139104 -29.510212 0.306603 0.007430 -0.014388 0.615432 -0.788024
1778756471.454396 3.137763 -29.535629 0.313822 0.002473 -0.006299 0.593897 -0.804513
1778756471.498971 3.146676 -29.562464 0.315046 0.000783 -0.000134 0.577294 -0.816536
1778756471.555430 3.156123 -29.585369 0.313948 0.000638 -0.002815 0.572779 -0.819705
1778756471.610296 3.172050 -29.609350 0.312259 0.000628 -0.014840 0.574165 -0.818605
1778756471.658376 3.175529 -29.621553 0.303049 -0.012741 -0.007602 0.573857 -0.818821
1778756471.716731 3.184052 -29.629154 0.302922 -0.014603 -0.009169 0.576173 -0.817146
1778756471.766428 3.185603 -29.631012 0.301707 -0.015691 -0.008715 0.579232 -0.814965
1778756471.820747 3.185908 -29.630125 0.306193 -0.018522 -0.005733 0.580247 -0.814210
1778756471.874972 3.185686 -29.628563 0.309787 -0.019292 -0.004994 0.580434 -0.814063
1778756471.928294 3.185055 -29.628214 0.310751 -0.019971 -0.004637 0.580056 -0.814318
1778756471.991379 3.184458 -29.627779 0.311202 -0.020313 -0.003943 0.579935 -0.814400
1778756472.035230 3.184263 -29.627750 0.311383 -0.020584 -0.003795 0.580094 -0.814281
1778756472.088724 3.184167 -29.627470 0.311435 -0.020776 -0.003851 0.580506 -0.813982
1778756472.146015 3.184339 -29.627710 0.311381 -0.020968 -0.003894 0.580766 -0.813791
1778756472.195426 3.184377 -29.627773 0.311343 -0.021113 -0.003799 0.580796 -0.813766
1778756472.255841 3.184380 -29.627718 0.311331 -0.021096 -0.003743 0.580464 -0.814004
1778756472.300926 3.183764 -29.627630 0.310970 -0.020884 -0.003598 0.578766 -0.815218
1778756472.357475 3.183542 -29.627808 0.309176 -0.019090 -0.004106 0.570568 -0.821018
1778756472.416530 3.184561 -29.628365 0.307312 -0.014757 -0.004778 0.556643 -0.830607
1778756472.460849 3.186542 -29.629271 0.307190 -0.010625 -0.006503 0.536567 -0.843766
1778756472.517957 3.186082 -29.630028 0.308104 -0.007731 -0.008822 0.513969 -0.857729
1778756472.564949 3.186917 -29.630510 0.307783 -0.008765 -0.009498 0.502412 -0.864532
1778756472.618228 3.189890 -29.629829 0.307329 -0.005330 -0.009426 0.506947 -0.861910
1778756472.673304 3.192312 -29.629726 0.307600 -0.002599 -0.010470 0.509160 -0.860604
1778756472.727682 3.193899 -29.630220 0.309355 -0.003738 -0.009647 0.510736 -0.859675
1778756472.780992 3.194806 -29.631006 0.311570 -0.004432 -0.008748 0.513369 -0.858112
1778756472.831605 3.195074 -29.632063 0.312461 -0.005273 -0.008505 0.516250 -0.856380
1778756472.889570 3.195129 -29.633116 0.312989 -0.005868 -0.008338 0.519766 -0.854248
1778756472.938341 3.195294 -29.634222 0.313251 -0.006142 -0.009787 0.522852 -0.852346
1778756472.988803 3.194508 -29.634981 0.313927 -0.004538 -0.011164 0.524642 -0.851238
1778756473.048189 3.195609 -29.636061 0.313548 -0.006054 -0.012239 0.524350 -0.851393
1778756473.098604 3.197993 -29.635914 0.312677 -0.009941 -0.014879 0.521047 -0.853341
1778756473.155485 3.200857 -29.634689 0.311096 -0.012235 -0.015159 0.517799 -0.855281
1778756473.200477 3.202416 -29.634146 0.310414 -0.016368 -0.012640 0.517988 -0.855138
1778756473.258672 3.202749 -29.633129 0.310806 -0.017283 -0.011711 0.517964 -0.855148
1778756473.308095 3.202558 -29.632811 0.309475 -0.016763 -0.011722 0.516264 -0.856185
1778756473.359581 3.202493 -29.632858 0.307988 -0.016499 -0.011791 0.515145 -0.856863
1778756473.420371 3.202873 -29.633289 0.307524 -0.016747 -0.011836 0.514218 -0.857414
1778756473.465202 3.203337 -29.633701 0.307516 -0.016834 -0.011808 0.513669 -0.857742
1778756473.519465 3.203536 -29.634012 0.307502 -0.017016 -0.011822 0.513343 -0.857934
1778756473.570836 3.203555 -29.634169 0.307525 -0.017179 -0.011739 0.513176 -0.858031
1778756473.621650 3.203506 -29.634226 0.307540 -0.017317 -0.011626 0.512887 -0.858203
1778756473.677342 3.203556 -29.634199 0.307568 -0.017363 -0.011559 0.512740 -0.858291
1778756473.730044 3.203609 -29.634167 0.307554 -0.017313 -0.011572 0.512679 -0.858328
1778756473.784041 3.203621 -29.634171 0.307569 -0.017331 -0.011490 0.512454 -0.858463
1778756473.835298 3.203643 -29.634256 0.307582 -0.017381 -0.011498 0.512292 -0.858558
1778756473.888756 3.203702 -29.634344 0.307598 -0.017427 -0.011566 0.512367 -0.858512
1778756473.955085 3.203726 -29.634375 0.307612 -0.017412 -0.011553 0.512369 -0.858511
1778756473.995570 3.203696 -29.634405 0.307599 -0.017441 -0.011539 0.512276 -0.858566
1778756474.062220 3.203699 -29.634388 0.307585 -0.017432 -0.011539 0.512196 -0.858614
1778756474.116478 3.203736 -29.634369 0.307585 -0.017368 -0.011577 0.512159 -0.858637
1778756474.156211 3.203725 -29.634401 0.307591 -0.017422 -0.011564 0.512215 -0.858603
1778756474.221422 3.203699 -29.634420 0.307618 -0.017444 -0.011527 0.512204 -0.858609
1778756474.261607 3.203710 -29.634409 0.307614 -0.017420 -0.011572 0.512098 -0.858673
1778756474.321649 3.203734 -29.634377 0.307618 -0.017395 -0.011577 0.512136 -0.858651
1778756474.370789 3.203712 -29.634407 0.307599 -0.017452 -0.011559 0.512100 -0.858671
1778756474.424656 3.204042 -29.635073 0.307434 -0.017452 -0.011372 0.512104 -0.858671
1778756474.475324 3.206679 -29.637375 0.306439 -0.015349 -0.009853 0.512563 -0.858456
1778756474.529212 3.209405 -29.641317 0.306646 -0.013806 -0.009720 0.513699 -0.857805
1778756474.581730 3.212119 -29.645641 0.306872 -0.013644 -0.011869 0.514024 -0.857585
1778756474.635787 3.213412 -29.647764 0.306330 -0.009845 -0.015181 0.513789 -0.857726
1778756474.689795 3.213946 -29.648420 0.306220 -0.007428 -0.016104 0.513410 -0.857960
1778756474.745655 3.214302 -29.646742 0.305421 -0.006390 -0.016413 0.513511 -0.857902
1778756474.795657 3.213371 -29.643061 0.305674 -0.004679 -0.017889 0.533097 -0.845852
1778756474.873343 3.212646 -29.642679 0.311783 -0.003077 -0.020917 0.559030 -0.828878
1778756474.905832 3.214824 -29.642153 0.315252 -0.005346 -0.020054 0.590654 -0.806658
1778756474.958136 3.217692 -29.641706 0.317107 -0.005469 -0.020356 0.622281 -0.782510
1778756475.013377 3.221155 -29.642069 0.316195 -0.003650 -0.021120 0.656231 -0.754256
1778756475.065714 3.224287 -29.641602 0.315091 0.001177 -0.023798 0.691278 -0.722196
1778756475.120449 3.226747 -29.640690 0.314066 0.006420 -0.025470 0.724449 -0.688828
1778756475.170841 3.228813 -29.638836 0.312378 0.013524 -0.028790 0.758187 -0.651261
1778756475.224393 3.228455 -29.637403 0.311616 0.020047 -0.032233 0.790907 -0.610757
1778756475.280074 3.227184 -29.634996 0.310068 0.023534 -0.034440 0.819831 -0.571085
1778756475.331413 3.225346 -29.630825 0.307562 0.024078 -0.034729 0.848635 -0.527288
1778756475.387098 3.227761 -29.627676 0.300525 0.022573 -0.038964 0.872828 -0.485947
1778756475.436459 3.229123 -29.625031 0.299666 0.015950 -0.036480 0.893999 -0.446296
1778756475.500046 3.234960 -29.620996 0.301366 0.015352 -0.014583 0.918645 -0.394516
1778756475.547642 3.241300 -29.619654 0.300793 0.028218 -0.006784 0.938734 -0.343419
1778756475.600879 3.242695 -29.625170 0.300238 0.025160 0.000318 0.955875 -0.292695
1778756475.657918 3.242396 -29.623911 0.304302 0.017235 -0.014190 0.972307 -0.232639
1778756475.711977 3.241921 -29.633127 0.304044 0.002453 -0.015668 0.984929 -0.172231
1778756475.776970 3.239722 -29.631386 0.302109 -0.011436 -0.010582 0.992917 -0.117787
1778756475.816584 3.235404 -29.630281 0.298424 -0.028720 0.000306 0.997339 -0.067007
1778756475.885069 3.228865 -29.629257 0.294219 -0.037538 0.003329 0.999091 -0.019949
1778756475.933439 3.227720 -29.625372 0.295263 -0.023347 0.000024 0.998603 0.047396
1778756475.984418 3.222656 -29.626207 0.305740 -0.020623 0.000297 0.993768 0.109542
1778756476.041991 3.219163 -29.624580 0.310024 -0.013177 0.004643 0.986478 0.163300
1778756476.091038 3.217812 -29.623310 0.309854 -0.012428 0.001353 0.974412 0.224421
1778756476.150206 3.220845 -29.620634 0.310261 -0.009507 0.000748 0.960247 0.278990
1778756476.200248 3.215975 -29.622427 0.307756 -0.011848 0.000226 0.945471 0.325492
1778756476.256682 3.214650 -29.621716 0.303434 -0.014310 -0.008833 0.927581 0.373244
1778756476.310185 3.211286 -29.617470 0.303892 -0.023570 0.001414 0.911534 0.410546
1778756476.369092 3.209806 -29.616302 0.302476 -0.025199 -0.003439 0.891275 0.452749
1778756476.415422 3.205573 -29.611942 0.310142 -0.023715 -0.007001 0.868404 0.495240
1778756476.469863 3.200799 -29.609764 0.314032 -0.020938 -0.011034 0.839392 0.543012
1778756476.521393 3.196508 -29.609129 0.314108 -0.019907 -0.016247 0.808078 0.588515
1778756476.579540 3.190781 -29.612293 0.310635 -0.016923 -0.025545 0.773850 0.632627
1778756476.628278 3.185308 -29.614510 0.308027 -0.024587 -0.030588 0.740891 0.670478
1778756476.691658 3.185194 -29.613501 0.308433 -0.022211 -0.013182 0.707918 0.705823
1778756476.735724 3.185123 -29.612455 0.308204 -0.022521 -0.005547 0.684306 0.728826
1778756476.786244 3.185373 -29.602516 0.306543 -0.023913 -0.003306 0.676995 0.735591
1778756476.844297 3.185112 -29.592388 0.304336 -0.025101 -0.000122 0.676106 0.736377
1778756476.895782 3.185583 -29.578375 0.303342 -0.022648 0.007018 0.676737 0.735843
1778756476.955960 3.185019 -29.558182 0.302530 -0.023120 0.006504 0.677298 0.735317
1778756476.999983 3.183881 -29.532389 0.302142 -0.019204 -0.000628 0.677545 0.735230
1778756477.068280 3.180319 -29.507080 0.301336 -0.013533 0.005897 0.678196 0.734732
1778756477.107408 3.181493 -29.479244 0.303562 -0.003548 0.011263 0.677928 0.735034
1778756477.163586 3.181660 -29.451244 0.305272 0.003628 0.008017 0.676115 0.736743
1778756477.215783 3.183143 -29.414078 0.308534 0.001980 -0.003759 0.674337 0.738412
1778756477.271032 3.188880 -29.374846 0.306099 0.003231 -0.001745 0.673314 0.739348
1778756477.333579 3.186248 -29.348591 0.304602 -0.003317 0.001347 0.664948 0.746881
1778756477.374407 3.189997 -29.310045 0.308064 -0.008854 -0.001518 0.645703 0.763535
1778756477.424705 3.192896 -29.283182 0.305289 -0.011521 -0.001628 0.624189 0.781187
1778756477.484437 3.198460 -29.250235 0.306091 -0.015209 0.001757 0.612854 0.790048
1778756477.530632 3.207607 -29.216324 0.304201 -0.020019 0.001211 0.610551 0.791723
1778756477.599485 3.216594 -29.182009 0.302799 -0.011489 0.000633 0.611864 0.790879
1778756477.636393 3.225321 -29.156368 0.307851 0.000032 0.008129 0.612381 0.790521
1778756477.689705 3.232808 -29.124176 0.310576 0.005166 0.005848 0.611356 0.791317
1778756477.745155 3.244871 -29.084642 0.313570 0.008531 -0.005949 0.610665 0.791821
1778756477.797244 3.256120 -29.050167 0.310768 -0.006223 -0.003184 0.609008 0.793133
1778756477.853446 3.265509 -29.011892 0.312255 -0.007079 -0.000437 0.605544 0.795780
1778756477.904693 3.275612 -28.971107 0.314639 -0.008695 -0.011241 0.607369 0.794293
1778756477.964081 3.284364 -28.922859 0.314500 -0.003712 -0.022593 0.609672 0.792323
1778756478.010454 3.293665 -28.865114 0.315522 0.001791 -0.031119 0.610839 0.791141
1778756478.063871 3.306400 -28.818085 0.306732 -0.002059 0.000863 0.615040 0.788492
1778756478.117868 3.314064 -28.771896 0.310930 -0.005820 0.000063 0.615897 0.787805
1778756478.171181 3.322409 -28.717678 0.312771 -0.015678 -0.004823 0.614055 0.789093
1778756478.222846 3.332656 -28.667816 0.301263 -0.022384 -0.002665 0.613706 0.789213
1778756478.281163 3.337977 -28.632830 0.304387 -0.005776 -0.000495 0.614935 0.788557
1778756478.330113 3.345734 -28.600414 0.309408 -0.010209 -0.000838 0.609547 0.792684
1778756478.386726 3.355655 -28.565788 0.309252 -0.011324 0.002752 0.600448 0.799579
1778756478.439765 3.365601 -28.534843 0.310322 -0.012916 0.009410 0.585498 0.810516
1778756478.504889 3.374863 -28.509043 0.309494 -0.012364 0.001735 0.581357 0.813553
1778756478.546774 3.384102 -28.479773 0.305703 -0.012517 -0.005626 0.582803 0.812498
1778756478.597316 3.393712 -28.461477 0.309028 -0.005893 0.002900 0.583197 0.812304
1778756478.660710 3.399083 -28.441406 0.311816 0.001685 0.003091 0.582826 0.812589
1778756478.704714 3.403463 -28.420160 0.312824 0.000952 -0.000348 0.581605 0.813470
1778756478.757784 3.411055 -28.392368 0.312198 -0.000457 -0.005929 0.581002 0.813880
1778756478.813175 3.420515 -28.364502 0.310254 -0.006643 -0.008695 0.581097 0.813761
1778756478.864894 3.424583 -28.338659 0.312299 -0.013875 -0.011972 0.577247 0.816364
1778756478.944540 3.430355 -28.314064 0.314699 -0.014623 -0.011057 0.580095 0.814342
1778756478.970269 3.438508 -28.286245 0.314518 -0.014762 -0.011819 0.580921 0.813740
1778756479.026584 3.446041 -28.256727 0.312574 -0.013978 -0.013951 0.582002 0.812948
1778756479.078377 3.454936 -28.225790 0.309905 -0.010865 -0.014723 0.583358 0.812009
1778756479.136304 3.466950 -28.191931 0.306561 -0.010362 -0.009193 0.584863 0.811014
1778756479.183059 3.475704 -28.162828 0.306922 -0.016270 -0.008960 0.585919 0.810157
1778756479.234382 3.485884 -28.139084 0.308133 -0.008234 -0.011438 0.585526 0.810531
1778756479.289661 3.492494 -28.113535 0.309099 -0.005584 -0.011164 0.582886 0.812458
1778756479.349820 3.500394 -28.081417 0.308471 -0.014251 -0.017568 0.574694 0.818056
1778756479.396990 3.509619 -28.052662 0.308018 -0.010776 -0.017685 0.561931 0.826925
1778756479.457101 3.513243 -28.025330 0.310287 -0.019657 -0.025599 0.540569 0.840680
1778756479.504100 3.518513 -28.005476 0.312376 -0.021861 -0.020403 0.530490 0.847163
1778756479.557084 3.527481 -27.986267 0.312793 -0.022035 -0.015157 0.528762 0.848349
1778756479.612759 3.537624 -27.964012 0.312074 -0.020915 -0.007853 0.529330 0.848122
1778756479.670049 3.549950 -27.937664 0.309949 -0.020659 -0.002804 0.531214 0.846981
1778756479.726301 3.563076 -27.910883 0.307114 -0.017633 0.004170 0.532665 0.846132
1778756479.787897 3.573921 -27.877205 0.303762 -0.021465 -0.012385 0.531357 0.846785
1778756479.842608 3.587350 -27.855083 0.304842 -0.014264 -0.007152 0.532707 0.846150
1778756479.895450 3.595200 -27.832357 0.308924 -0.008758 -0.005744 0.532521 0.846352
1778756479.949332 3.603702 -27.804714 0.310594 -0.015417 -0.011988 0.530720 0.847322
1778756480.000690 3.612889 -27.775623 0.310197 -0.026659 -0.017343 0.529388 0.847784
1778756480.067375 3.627750 -27.748903 0.311742 -0.011045 -0.021505 0.523406 0.851740
1778756480.107629 3.636018 -27.724901 0.308727 -0.021767 -0.024834 0.508021 0.860712
1778756480.157610 3.644627 -27.705376 0.309434 -0.024908 -0.019370 0.493079 0.869412
1778756480.217401 3.657379 -27.684683 0.309010 -0.026322 -0.013457 0.487219 0.872779
1778756480.280328 3.672572 -27.660603 0.307971 -0.023718 -0.004324 0.488795 0.872066
1778756480.332286 3.687885 -27.638159 0.307039 -0.020215 0.000307 0.491170 0.870829
1778756480.374157 3.700629 -27.614834 0.305474 -0.024382 -0.006074 0.491711 0.870396
1778756480.433865 3.715516 -27.590746 0.300589 -0.017398 -0.018147 0.491049 0.870769
1778756480.489594 3.728153 -27.570900 0.304851 -0.006540 -0.012892 0.491943 0.870508
1778756480.545983 3.738629 -27.548325 0.309049 -0.003415 -0.013651 0.490897 0.871104
1778756480.589990 3.749797 -27.524784 0.310264 -0.008155 -0.019641 0.489693 0.871635
1778756480.642511 3.763510 -27.495436 0.309160 -0.016456 -0.023849 0.489652 0.871436
1778756480.694901 3.778601 -27.470480 0.308646 -0.009303 -0.030138 0.488834 0.871807
1778756480.750843 3.789885 -27.445585 0.309902 -0.019774 -0.035693 0.486327 0.872824
1778756480.800590 3.800924 -27.425762 0.311551 -0.018362 -0.029319 0.489662 0.871226
1778756480.852037 3.815108 -27.400051 0.309966 -0.016714 -0.029268 0.489962 0.871092
1778756480.904979 3.827218 -27.373865 0.309012 -0.015916 -0.029154 0.490867 0.870601
1778756480.972337 3.842624 -27.344061 0.307178 -0.010718 -0.032644 0.492333 0.869729
1778756481.011332 3.859921 -27.315018 0.306838 -0.002430 -0.025390 0.495182 0.868415
1778756481.063616 3.876592 -27.284359 0.310129 -0.010962 -0.017964 0.497780 0.867048
1778756481.128399 3.893131 -27.260672 0.311339 -0.001153 -0.022070 0.497374 0.867255
1778756481.173640 3.907261 -27.235577 0.311160 0.001661 -0.024761 0.494481 0.868834
1778756481.227105 3.922755 -27.209080 0.310377 0.001917 -0.028533 0.492642 0.869762
1778756481.284563 3.940918 -27.176613 0.309326 -0.002212 -0.029002 0.492490 0.869832
1778756481.329132 3.953452 -27.150768 0.306732 -0.008167 -0.023215 0.488894 0.871996
1778756481.387252 3.964075 -27.127752 0.312017 -0.008716 -0.020130 0.489520 0.871716
1778756481.438035 3.980427 -27.101192 0.313223 -0.008717 -0.016664 0.496690 0.867724
1778756481.497835 3.995968 -27.072237 0.316250 -0.013090 -0.010851 0.516554 0.856086
1778756481.544996 4.012154 -27.042952 0.316016 -0.011173 0.000802 0.541223 0.840805
1778756481.598858 4.024316 -27.013990 0.307704 -0.015327 -0.005733 0.569045 0.822144
1778756481.652364 4.036247 -26.995634 0.307824 -0.013233 0.000360 0.598633 0.800914
1778756481.703515 4.042426 -26.978231 0.311687 -0.016564 0.002137 0.620882 0.783726
1778756481.758294 4.044642 -26.956800 0.312725 -0.026647 -0.003748 0.627963 0.777778
1778756481.809975 4.049451 -26.929903 0.312616 -0.036704 -0.011368 0.628418 0.776926
1778756481.862456 4.056801 -26.908091 0.310897 -0.017071 -0.013429 0.628781 0.777279
1778756481.914053 4.058676 -26.885328 0.311294 -0.026496 -0.014269 0.629073 0.776764
1778756481.963636 4.063533 -26.862741 0.313060 -0.026181 -0.012828 0.629122 0.776760
1778756482.019635 4.068251 -26.837025 0.313205 -0.025280 -0.011152 0.629966 0.776131
1778756482.070473 4.074879 -26.804007 0.312913 -0.021595 -0.012956 0.631292 0.775136
1778756482.124711 4.083089 -26.770273 0.312324 -0.013595 -0.012264 0.632146 0.774633
1778756482.182957 4.086463 -26.734842 0.310623 -0.018295 -0.013336 0.632656 0.774102
1778756482.240387 4.094769 -26.708933 0.309376 -0.003637 -0.012910 0.632337 0.774577
1778756482.288735 4.100003 -26.676933 0.309557 0.006480 -0.013681 0.633868 0.773293
1778756482.334228 4.097792 -26.646746 0.303101 0.001320 -0.021544 0.645465 0.763485
1778756482.387453 4.099413 -26.612806 0.300138 -0.013486 -0.027842 0.667361 0.744092
1778756482.442791 4.099233 -26.582211 0.301738 -0.019812 -0.027381 0.695870 0.717372
1778756482.494385 4.094553 -26.564659 0.310998 -0.025416 -0.031671 0.722859 0.689801
1778756482.553910 4.089128 -26.539251 0.318523 -0.036042 -0.043844 0.757269 0.650632
1778756482.614174 4.082842 -26.513483 0.318620 -0.035362 -0.051169 0.790027 0.609909
1778756482.659155 4.068012 -26.482979 0.317802 -0.036920 -0.038877 0.823399 0.564924
1778756482.720260 4.057658 -26.457708 0.319682 -0.028173 -0.032554 0.839598 0.541500
1778756482.780559 4.045444 -26.434683 0.319116 -0.020357 -0.028083 0.842371 0.537781
1778756482.823583 4.030957 -26.406893 0.318562 -0.013826 -0.030680 0.840994 0.539998
1778756482.871150 4.015138 -26.370327 0.317037 -0.011400 -0.031158 0.840691 0.540497
1778756482.933333 4.001934 -26.346165 0.314155 -0.017941 -0.023123 0.838515 0.544092
1778756482.989174 3.989318 -26.321512 0.318157 -0.019968 -0.016187 0.827121 0.561436
1778756483.030373 3.977682 -26.293016 0.322453 -0.021694 -0.018833 0.806080 0.591109
1778756483.510637 3.968971 -26.264622 0.325757 -0.022045 -0.012935 0.777883 0.627889
1778756483.514665 3.966292 -26.234764 0.308875 -0.017861 -0.008202 0.746422 0.665183
1778756483.539825 3.960715 -26.215368 0.314395 -0.020053 -0.011006 0.714939 0.698813
1778756483.585972 3.964328 -26.196106 0.322071 -0.002311 0.008419 0.680020 0.733142
1778756483.597453 3.965629 -26.173494 0.328022 0.003769 0.000954 0.633456 0.773769
1778756483.615491 3.983580 -26.126360 0.320168 0.019606 -0.006945 0.527922 0.849038
1778756483.629857 3.982982 -26.106815 0.320473 0.003115 -0.012714 0.470633 0.882232
1778756483.636718 3.990315 -26.088984 0.320930 -0.001152 -0.014905 0.411225 0.911411
1778756483.645138 4.001215 -26.071138 0.317580 -0.000456 -0.027481 0.355983 0.934088
1778756483.682072 4.061096 -26.072403 0.320543 0.005347 0.009273 0.323201 0.946270
1778756483.706845 4.131439 -26.082645 0.312331 0.000180 0.051893 0.326850 0.943651
1778756483.742686 4.132604 -26.065964 0.310717 -0.001393 0.040100 0.346680 0.937125
1778756483.775485 4.137935 -26.049044 0.313514 -0.001147 0.034081 0.375559 0.926171
1778756483.820574 4.150223 -26.021809 0.318709 -0.019636 0.029246 0.414535 0.909352
1778756483.873077 4.167322 -26.005733 0.309150 0.005966 0.019639 0.463565 0.885826
1778756483.930544 4.174642 -25.984900 0.314644 -0.011656 0.007973 0.507899 0.861301
1778756483.982634 4.186646 -25.963488 0.320654 -0.017333 -0.000065 0.554180 0.832217
1778756484.033547 4.199272 -25.936733 0.315968 -0.024793 -0.013911 0.603683 0.796718
1778756484.085388 4.213922 -25.918461 0.317467 -0.015833 -0.010748 0.649435 0.760176
1778756484.151544 4.216727 -25.903872 0.319910 -0.016805 -0.021814 0.689597 0.723670
1778756484.194631 4.216841 -25.882223 0.322909 -0.017932 -0.033743 0.735658 0.676275
1778756484.253647 4.210442 -25.852533 0.324150 -0.016834 -0.041487 0.779338 0.625003
1778756484.293610 4.203217 -25.830671 0.318961 -0.034004 -0.040251 0.811092 0.582540
1778756484.367629 4.192788 -25.812233 0.321947 -0.039345 -0.037924 0.841903 0.536855
1778756484.399297 4.178210 -25.792519 0.315598 -0.052577 -0.048732 0.873469 0.481573
1778756484.459599 4.166934 -25.766111 0.315398 -0.053507 -0.048738 0.904812 0.419616
1778756484.512705 4.154437 -25.753054 0.317344 -0.060635 -0.045290 0.930778 0.357664
1778756484.561910 4.141342 -25.737806 0.320572 -0.071549 -0.049759 0.950913 0.296932
1778756484.617146 4.124079 -25.728802 0.320140 -0.081986 -0.059602 0.968006 0.229545
1778756484.670075 4.108691 -25.723473 0.317762 -0.079063 -0.061031 0.981660 0.162384
1778756484.719790 4.093704 -25.715742 0.320296 -0.069185 -0.051321 0.991064 0.101844
1778756484.774343 4.082691 -25.709190 0.319554 -0.068717 -0.042432 0.994201 0.071012
1778756484.829816 4.070099 -25.707668 0.314930 -0.067723 -0.037161 0.995115 0.061472
1778756484.881311 4.055486 -25.706589 0.313425 -0.063997 -0.030862 0.995659 0.060127
1778756484.934989 4.039225 -25.707712 0.310590 -0.056955 -0.028094 0.996084 0.061511
1778756484.988895 4.023866 -25.702662 0.310350 -0.043003 -0.030255 0.996022 0.071948
1778756485.042611 4.004057 -25.705109 0.312955 -0.031723 -0.029353 0.993079 0.109207
1778756485.094491 3.990766 -25.698875 0.313262 -0.024466 -0.023001 0.987511 0.153932
1778756485.151730 3.970762 -25.694611 0.316048 -0.027506 -0.018810 0.982477 0.183383
1778756485.198748 3.944681 -25.687466 0.316602 -0.027470 -0.022664 0.981047 0.190470
1778756485.253617 3.912656 -25.675882 0.312807 -0.025402 -0.026734 0.981340 0.188712
1778756485.305743 3.880279 -25.667366 0.317344 -0.025310 -0.035397 0.981391 0.187027
1778756485.360345 3.848790 -25.655483 0.317220 -0.023550 -0.029927 0.981594 0.187144
1778756485.414381 3.810959 -25.641146 0.314254 -0.019481 -0.028958 0.981947 0.185909
1778756485.469036 3.766964 -25.619511 0.310270 -0.014303 -0.024254 0.982789 0.182575
1778756485.530456 3.728873 -25.610207 0.308654 -0.024738 -0.033221 0.987003 0.155275
1778756485.575799 3.701237 -25.594301 0.314435 -0.016724 -0.021764 0.992344 0.120415
1778756485.627649 3.666406 -25.590542 0.319206 -0.020265 -0.018680 0.993455 0.110845
1778756485.684127 3.625677 -25.581242 0.318685 -0.019773 -0.028265 0.993121 0.111897
1778756485.738231 3.589054 -25.566263 0.312188 -0.018551 -0.004041 0.993477 0.112444
1778756485.793703 3.550324 -25.562994 0.314314 -0.023144 -0.012393 0.993103 0.114267
1778756485.840643 3.515965 -25.552124 0.315870 -0.024564 -0.019186 0.993059 0.113408
1778756485.893830 3.470743 -25.541756 0.314452 -0.016536 -0.019061 0.993551 0.110545
1778756485.949243 3.416290 -25.533735 0.308995 -0.012377 -0.018016 0.993750 0.109467
1778756485.998756 3.376240 -25.521589 0.308905 -0.030569 -0.002737 0.993861 0.106294
1778756486.065383 3.324972 -25.512449 0.312781 -0.025010 0.001142 0.994053 0.105985
1778756486.108147 3.272053 -25.500433 0.314287 -0.012163 -0.005959 0.993970 0.108817
1778756486.176417 3.229970 -25.487852 0.311237 -0.007506 -0.010259 0.993892 0.109621
1778756486.208995 3.174695 -25.472301 0.309201 -0.028399 -0.006051 0.993087 0.113730
1778756486.264323 3.120648 -25.460606 0.312342 -0.020642 -0.010491 0.993030 0.115566
1778756486.327218 3.059434 -25.447971 0.312319 -0.006731 -0.018180 0.993425 0.112834
1778756486.373952 2.995138 -25.433699 0.303969 -0.011779 -0.015311 0.993954 0.108084
1778756486.433302 2.972929 -25.429350 0.307718 -0.028940 -0.023559 0.995447 0.087709
1778756486.477316 2.938708 -25.427654 0.311635 -0.031325 -0.029107 0.997002 0.064483
1778756486.534061 2.902725 -25.430630 0.300228 -0.038055 -0.043421 0.997840 0.031350
1778756486.584815 2.880940 -25.430798 0.299593 -0.022922 -0.038573 0.998823 0.018435
1778756486.637915 2.838678 -25.431690 0.307111 -0.016100 -0.032771 0.999233 0.014147
1778756486.690037 2.810857 -25.433737 0.311044 -0.017951 -0.028592 0.999336 0.013737
1778756486.743112 2.787136 -25.435158 0.310468 -0.018386 -0.028441 0.999365 0.011047
1778756486.795268 2.752997 -25.435400 0.310381 -0.013100 -0.029693 0.999438 0.008366
1778756486.853788 2.713984 -25.436750 0.308228 0.001400 -0.026634 0.999616 0.007574
1778756486.901553 2.670898 -25.437168 0.306788 -0.012933 -0.011735 0.999842 0.003243
1778756486.966310 2.627983 -25.436760 0.312526 -0.008564 -0.004024 0.999954 0.001882
1778756487.015343 2.581172 -25.436867 0.315383 -0.001591 -0.003985 0.999981 0.004403
1778756487.084249 2.522384 -25.435074 0.316193 0.008219 -0.011270 0.999889 0.005281
1778756487.130767 2.484909 -25.435144 0.309702 -0.009360 -0.013106 0.999839 0.007927
1778756487.179478 2.429423 -25.434294 0.313481 -0.008699 -0.014004 0.999790 0.012136
1778756487.238446 2.374609 -25.436790 0.316017 0.001459 -0.019515 0.999767 0.009111
1778756487.288408 2.310550 -25.441065 0.316709 0.013078 -0.018007 0.999738 0.005405
1778756487.344272 2.257669 -25.438807 0.307630 -0.009618 0.000652 0.999952 0.001682
1778756487.393826 2.197404 -25.442511 0.312343 -0.014948 0.005127 0.999875 -0.000280
1778756487.446905 2.135740 -25.443327 0.315009 -0.008587 -0.003958 0.999954 0.001546
1778756487.501102 2.069672 -25.438843 0.308337 -0.010075 -0.009550 0.999902 0.001610
1778756487.553825 2.034665 -25.443258 0.310604 -0.015214 -0.008889 0.999830 0.005436
1778756487.612040 1.972028 -25.443859 0.313221 -0.005348 -0.017813 0.999816 0.004661
1778756487.659912 1.907788 -25.446003 0.313467 0.007420 -0.018825 0.999795 0.000340
1778756487.715852 1.855640 -25.440981 0.307022 -0.007896 -0.002663 0.999964 -0.001642
1778756487.770962 1.780869 -25.447105 0.314729 -0.018696 0.003145 0.999804 -0.005740
1778756487.819663 1.719410 -25.447296 0.319957 -0.012483 -0.002409 0.999908 -0.004834
1778756487.873087 1.648327 -25.445196 0.304311 -0.006200 -0.013887 0.999877 -0.003777
1778756487.927319 1.663145 -25.448683 0.306019 -0.016610 -0.014115 0.999762 0.000701
1778756487.980260 1.600342 -25.448370 0.306948 -0.004615 -0.014551 0.999882 0.001978
1778756488.033602 1.535440 -25.446499 0.302369 0.001694 -0.016215 0.999867 -0.001172
1778756488.085927 1.493844 -25.449001 0.298868 -0.001054 -0.035620 0.999365 0.000286
1778756488.145706 1.451155 -25.438231 0.305915 0.004333 -0.017634 0.999833 -0.001991
1778756488.194398 1.413211 -25.441864 0.316722 -0.001149 -0.024591 0.999538 0.017840
1778756488.246602 1.380333 -25.437841 0.304491 -0.011584 -0.028839 0.998232 0.050671
1778756488.302070 1.359611 -25.442295 0.305063 -0.003597 -0.012051 0.996007 0.088390
1778756488.354181 1.338245 -25.445660 0.306639 -0.006609 -0.018902 0.991604 0.127754
1778756488.407086 1.328281 -25.443899 0.312157 -0.008785 -0.015292 0.985412 0.169268
1778756488.459731 1.318700 -25.440744 0.311041 -0.013703 -0.012007 0.977294 0.211101
1778756488.517451 1.311878 -25.437212 0.308299 -0.016520 -0.010154 0.970606 0.239893
1778756488.565311 1.299632 -25.429165 0.307498 -0.019744 -0.012399 0.958240 0.285012
1778756488.623373 1.286553 -25.420111 0.307983 -0.020042 -0.012130 0.955368 0.294487
1778756488.672140 1.275661 -25.414425 0.307003 -0.020639 -0.010914 0.956679 0.290207
1778756488.727489 1.263093 -25.407110 0.306226 -0.021510 -0.011791 0.956366 0.291140
1778756488.784506 1.250044 -25.400438 0.304629 -0.024920 -0.012671 0.956309 0.291017
1778756488.831287 1.236932 -25.394207 0.302464 -0.030831 -0.012375 0.956359 0.290301
1778756488.885620 1.227376 -25.387592 0.303304 -0.037114 -0.009162 0.956149 0.290376
1778756488.938036 1.215532 -25.378326 0.302147 -0.041144 -0.009372 0.955683 0.291357
1778756488.989477 1.196274 -25.371347 0.295625 -0.040012 -0.004882 0.956378 0.289339
1778756489.050621 1.181395 -25.364305 0.295994 -0.034842 0.008140 0.957382 0.286600
1778756489.097374 1.162917 -25.358629 0.300752 -0.026474 0.008818 0.957222 0.288005
1778756489.150126 1.139666 -25.346075 0.297019 -0.026300 -0.006396 0.956574 0.290231
1778756489.208174 1.115640 -25.330679 0.297685 -0.018206 0.009778 0.957293 0.288379
1778756489.258728 1.089698 -25.323189 0.299142 -0.022002 -0.009060 0.957113 0.288736
1778756489.312217 1.071986 -25.309999 0.304427 -0.017151 -0.010676 0.957150 0.288887
1778756489.366394 1.048698 -25.294754 0.306349 -0.008971 -0.015271 0.958176 0.285632
1778756489.419717 1.027622 -25.276140 0.305248 -0.013510 -0.008506 0.958812 0.283591
1778756489.475244 1.008335 -25.260721 0.291499 -0.034587 -0.014030 0.958321 0.283246
1778756489.526732 1.000117 -25.248251 0.296939 -0.029848 -0.009014 0.959775 0.279035
1778756489.583359 0.992201 -25.243284 0.299033 -0.023665 -0.011387 0.961051 0.275120
1778756489.633267 0.991667 -25.239010 0.303455 -0.022615 -0.006410 0.962107 0.271659
1778756489.695503 0.992981 -25.240210 0.307720 -0.018402 -0.007884 0.962507 0.270517
1778756489.739229 0.994893 -25.242321 0.308887 -0.015328 -0.004543 0.962640 0.270313
1778756489.793797 0.994131 -25.245386 0.309050 -0.015977 -0.005619 0.963226 0.268159
1778756489.851243 0.993228 -25.247114 0.308756 -0.012465 -0.003822 0.964241 0.264705
1778756489.899765 0.992294 -25.247202 0.308862 -0.011663 -0.003497 0.965384 0.260548
1778756489.958365 0.991525 -25.246584 0.308790 -0.011375 -0.001916 0.966187 0.257586
1778756490.010387 0.991054 -25.246155 0.308868 -0.011208 -0.001026 0.966672 0.255772
1778756490.063081 0.990715 -25.246155 0.310109 -0.011128 -0.000987 0.966982 0.254601
1778756490.119649 0.990449 -25.246370 0.310392 -0.011020 -0.001081 0.967173 0.253878
1778756490.171213 0.990946 -25.246021 0.310577 -0.010576 -0.001217 0.967341 0.253254
1778756490.224660 0.992206 -25.245714 0.310935 -0.010045 -0.003258 0.971978 0.234834
1778756490.276904 0.991560 -25.245745 0.311530 -0.007239 -0.005961 0.978908 0.204084
1778756490.329642 0.991970 -25.245111 0.313427 -0.005225 -0.004215 0.985791 0.167845
1778756490.384730 0.991514 -25.244787 0.314369 -0.003162 -0.001841 0.991728 0.128309
1778756490.435906 0.991066 -25.244774 0.314498 -0.000376 -0.000199 0.996251 0.086515
1778756490.489924 0.990462 -25.242847 0.312970 0.004775 0.003329 0.999159 0.040584
1778756490.543531 0.991736 -25.239693 0.311368 0.008936 0.015494 0.999818 -0.006570
1778756490.603144 0.996040 -25.239552 0.313314 0.010500 0.026283 0.998027 -0.056046
1778756490.652867 0.996542 -25.245115 0.313951 0.005730 0.013394 0.993756 -0.110618
1778756490.708732 0.992585 -25.251755 0.310757 0.007371 -0.000166 0.986425 -0.164048
1778756490.762965 0.990318 -25.254168 0.309579 0.007152 -0.012165 0.982233 -0.187137
1778756490.814828 0.990622 -25.254414 0.308084 0.007417 -0.006934 0.982273 -0.187179
1778756490.879928 0.987756 -25.256634 0.306950 0.005525 -0.003315 0.980227 -0.197769
1778756490.917835 0.985941 -25.257408 0.308258 0.010114 -0.008836 0.976426 -0.215434
1778756490.972686 0.983718 -25.259012 0.308695 0.009973 -0.012433 0.971542 -0.236332
1778756491.032421 0.980641 -25.261003 0.308853 0.008168 -0.017435 0.962543 -0.270446
1778756491.083382 0.978848 -25.263111 0.308196 0.005808 -0.022256 0.951924 -0.305471
1778756491.142768 0.978149 -25.269680 0.306979 0.004430 -0.030604 0.939348 -0.341569
1778756491.186693 0.979091 -25.276348 0.306987 -0.000863 -0.035998 0.924506 -0.379462
1778756491.252511 0.979250 -25.286926 0.306355 -0.001725 -0.044742 0.909568 -0.413136
1778756491.301270 0.974960 -25.293081 0.306483 0.001654 -0.039155 0.900989 -0.432068
1778756491.375924 0.971938 -25.294142 0.306691 -0.002721 -0.025863 0.898707 -0.437779
1778756492.493643 0.965705 -25.298237 0.305948 -0.006694 0.001232 0.897452 -0.441059
1778756492.498472 0.962789 -25.304907 0.305854 -0.009006 -0.003853 0.897309 -0.441295
1778756492.515233 0.956308 -25.316217 0.305725 -0.010911 -0.004687 0.896747 -0.442384
1778756492.517715 0.947352 -25.332218 0.307266 -0.019273 -0.007018 0.893807 -0.447982
1778756492.520200 0.940774 -25.345049 0.308693 -0.022564 -0.006668 0.894093 -0.447263
1778756492.542061 0.932413 -25.363127 0.309680 -0.027873 -0.006106 0.894048 -0.447062
1778756492.564153 0.918736 -25.383789 0.308252 -0.031764 -0.008371 0.893374 -0.448112
1778756492.578085 0.900786 -25.419153 0.306097 -0.017634 -0.014483 0.891081 -0.453270
1778756492.621083 0.885912 -25.441662 0.305411 -0.003103 -0.021717 0.889843 -0.455739
1778756492.655253 0.875476 -25.457537 0.303385 -0.000389 -0.024661 0.888972 -0.457298
1778756492.661597 0.856741 -25.476746 0.301150 -0.011212 -0.025661 0.887597 -0.459769
1778756492.708423 0.849680 -25.489449 0.300411 -0.011035 -0.035188 0.887180 -0.459948
1778756492.718161 0.841121 -25.496450 0.299999 -0.012380 -0.030861 0.886289 -0.461937
1778756492.721060 0.841121 -25.496450 0.299999 -0.012380 -0.030861 0.886289 -0.461937
1778756492.764836 0.837763 -25.501116 0.297847 -0.007637 -0.031304 0.885533 -0.463457
1778756492.775861 0.836380 -25.501659 0.296145 -0.002046 -0.028832 0.885348 -0.464029
1778756492.810592 0.834760 -25.502504 0.297598 -0.004094 -0.018358 0.884594 -0.465982
1778756492.815793 0.834054 -25.503101 0.298222 -0.004652 -0.015998 0.884964 -0.465362
1778756492.826103 0.833713 -25.503389 0.298877 -0.005337 -0.014490 0.885754 -0.463899
1778756492.876130 0.834084 -25.504206 0.301139 -0.005327 -0.021533 0.885495 -0.464120
1778756492.884808 0.831263 -25.504118 0.301676 -0.006024 -0.015685 0.883405 -0.468308
1778756492.921227 0.830086 -25.508686 0.302603 -0.006047 -0.013373 0.883599 -0.468015
1778756492.931160 0.826814 -25.517485 0.303443 -0.006748 -0.014112 0.884610 -0.466070
1778756492.967412 0.822179 -25.527580 0.304889 -0.006495 -0.012933 0.885369 -0.464665
1778756492.975698 0.814610 -25.542398 0.304665 -0.003368 -0.013216 0.886350 -0.462815
1778756493.022917 0.792819 -25.580194 0.301804 0.005485 -0.014582 0.887175 -0.461171
1778756493.045450 0.771112 -25.621368 0.306746 0.019038 -0.023814 0.882020 -0.470225
1778756493.067136 0.750842 -25.656572 0.311836 0.014841 -0.023190 0.863322 -0.503902
1778756493.135458 0.740113 -25.680359 0.312381 0.015305 -0.024256 0.849217 -0.527264
1778756493.170394 0.728196 -25.706844 0.310000 0.010301 -0.020798 0.832072 -0.554182
1778756493.227061 0.718045 -25.730368 0.308945 0.009518 -0.018424 0.812336 -0.582821
1778756493.276936 0.709075 -25.746523 0.313216 0.006167 -0.017025 0.790749 -0.611872
1778756493.332947 0.705074 -25.766718 0.312961 0.006213 -0.014292 0.771018 -0.636623
1778756493.385208 0.702510 -25.790611 0.312565 0.009256 -0.018027 0.764830 -0.643913
1778756493.435996 0.700201 -25.817196 0.311432 0.014909 -0.023897 0.765183 -0.643196
1778756493.495451 0.692887 -25.839954 0.309208 0.013178 -0.011947 0.766881 -0.641542
1778756493.538271 0.691651 -25.862093 0.309133 0.017550 -0.022459 0.767693 -0.640183
1778756493.594282 0.688261 -25.885944 0.309833 0.009929 -0.025237 0.766128 -0.642116
1778756493.648671 0.683738 -25.910383 0.308996 0.007235 -0.028846 0.765726 -0.642479
1778756493.700112 0.679140 -25.939184 0.307851 0.002213 -0.028464 0.764598 -0.643875
1778756493.754804 0.672186 -25.971802 0.305770 -0.001622 -0.024180 0.763584 -0.645253
1778756493.809586 0.667391 -26.002611 0.301669 0.002037 -0.027323 0.760960 -0.648221
1778756493.865319 0.660355 -26.029222 0.302851 0.002224 -0.020386 0.753498 -0.657130
1778756493.912997 0.654277 -26.049379 0.308721 -0.001166 -0.011278 0.743251 -0.668917
1778756493.964403 0.653647 -26.071688 0.311827 -0.004220 -0.005102 0.740466 -0.672062
1778756494.019799 0.651946 -26.096838 0.312150 -0.001961 -0.005758 0.741466 -0.670963
1778756494.074021 0.650431 -26.124901 0.310472 -0.000551 -0.005722 0.742915 -0.669361
1778756494.127691 0.648036 -26.152063 0.307006 0.001374 -0.008715 0.743144 -0.669073
1778756494.181563 0.647888 -26.178303 0.310198 0.006986 -0.011628 0.744541 -0.667439
1778756494.234166 0.647482 -26.203190 0.312642 0.009139 -0.014523 0.742422 -0.669713
1778756494.287061 0.645736 -26.226055 0.313009 0.007870 -0.012280 0.741878 -0.670376
1778756494.339535 0.644582 -26.253813 0.311935 0.009032 -0.012588 0.741028 -0.671295
1778756494.402853 0.642787 -26.286095 0.309038 0.008853 -0.009659 0.739387 -0.673153
1778756494.450024 0.639545 -26.321260 0.305602 0.001029 -0.009977 0.733917 -0.679165
1778756494.504451 0.639067 -26.350103 0.303543 0.006669 -0.016285 0.723833 -0.689751
1778756494.556694 0.634837 -26.369707 0.307752 0.003516 -0.012068 0.709680 -0.704412
1778756494.609284 0.637285 -26.390978 0.308009 -0.000470 -0.007497 0.691992 -0.721866
1778756494.668815 0.643078 -26.412800 0.306859 0.002455 -0.010810 0.670912 -0.741454
1778756494.718892 0.650230 -26.435335 0.305414 0.008923 -0.014845 0.646443 -0.762766
1778756494.769861 0.658712 -26.460724 0.303847 0.010161 -0.010227 0.617588 -0.786370
1778756494.821492 0.665670 -26.481239 0.307556 0.020526 -0.014233 0.590098 -0.806946
1778756494.882407 0.673596 -26.500362 0.312024 0.018147 -0.013624 0.559370 -0.828607
1778756494.933845 0.685738 -26.518892 0.314747 0.017282 -0.019788 0.525058 -0.850661
1778756494.981198 0.697695 -26.537918 0.313974 0.021381 -0.021294 0.511690 -0.858640
1778756495.036594 0.714476 -26.560064 0.307313 0.019992 -0.013311 0.510815 -0.859355
1778756495.089515 0.730530 -26.577168 0.310603 0.012477 -0.016640 0.511886 -0.858802
1778756495.143357 0.738099 -26.592789 0.315223 0.012014 -0.015199 0.512129 -0.858690
1778756495.194170 0.754142 -26.620327 0.317513 0.011306 -0.009741 0.512495 -0.858560
1778756495.245654 0.769748 -26.644136 0.315726 0.016765 -0.006675 0.513565 -0.857861
1778756495.310075 0.787541 -26.672453 0.312030 0.021377 -0.007988 0.513793 -0.857610
1778756495.361172 0.805602 -26.698790 0.310173 0.023449 -0.008847 0.514530 -0.857106
1778756495.414109 0.820707 -26.718689 0.314081 0.021326 -0.011366 0.514880 -0.856922
1778756495.462065 0.833756 -26.740732 0.314578 0.017036 -0.012354 0.513862 -0.857615
1778756495.513939 0.850582 -26.766397 0.313307 0.016790 -0.011935 0.513425 -0.857887
1778756495.568505 0.867225 -26.794428 0.310925 0.014590 -0.009456 0.512177 -0.858704
1778756495.619285 0.883983 -26.824984 0.307846 0.008057 -0.006966 0.510420 -0.859859
1778756495.672867 0.899621 -26.855478 0.305105 0.009037 -0.009736 0.509348 -0.860458
1778756495.728128 0.910966 -26.878201 0.309081 0.006813 -0.005080 0.507136 -0.861825
1778756495.780733 0.926251 -26.903896 0.311398 0.003742 -0.001946 0.508229 -0.861211
1778756495.836084 0.942947 -26.930559 0.310810 0.007844 -0.003802 0.510974 -0.859552
1778756495.890037 0.962096 -26.961769 0.308736 0.011375 -0.006919 0.511796 -0.859004
1778756495.942656 0.979199 -26.990559 0.308278 0.010816 -0.009090 0.513135 -0.858192
1778756495.997922 0.996414 -27.013071 0.313379 0.014488 -0.012024 0.514466 -0.857304
1778756496.046125 1.006616 -27.030397 0.313708 0.012476 -0.013265 0.512862 -0.858278
1778756496.100870 1.019801 -27.056074 0.313369 0.009322 -0.017269 0.512144 -0.858675
1778756496.153202 1.030887 -27.080267 0.307478 -0.002285 -0.026321 0.512172 -0.858476
1778756496.222222 1.036900 -27.090908 0.305902 0.004501 -0.033673 0.510846 -0.859001
1778756496.259444 1.041065 -27.100124 0.308822 0.003640 -0.029739 0.507469 -0.861149
1778756496.312361 1.042606 -27.103060 0.312050 0.004524 -0.029647 0.504646 -0.862805
1778756496.368141 1.043952 -27.103466 0.312589 0.007062 -0.027753 0.502725 -0.863972
1778756496.418823 1.044273 -27.101473 0.312127 0.006475 -0.021453 0.501756 -0.864719
1778756496.472651 1.044247 -27.099882 0.313722 0.007769 -0.020055 0.500289 -0.865592
1778756496.526856 1.043710 -27.099474 0.314208 0.007819 -0.019153 0.500637 -0.865410
1778756496.582428 1.043216 -27.099829 0.314526 0.007538 -0.018869 0.501494 -0.864923
1778756496.637714 1.042989 -27.100451 0.314748 0.007586 -0.019158 0.502337 -0.864426
1778756496.690259 1.042961 -27.100727 0.314940 0.008039 -0.019470 0.503380 -0.863808
1778756496.742632 1.043022 -27.100613 0.315045 0.008535 -0.019826 0.504040 -0.863411
1778756496.794100 1.042937 -27.100338 0.315118 0.008816 -0.019863 0.504590 -0.863086
1778756496.854267 1.042788 -27.100166 0.315125 0.008914 -0.019858 0.505158 -0.862753
1778756496.900180 1.042658 -27.100191 0.315135 0.008975 -0.019920 0.505513 -0.862542
1778756496.954843 1.042533 -27.100222 0.315165 0.008976 -0.019943 0.505842 -0.862349
1778756497.012869 1.042419 -27.100174 0.315165 0.009126 -0.019946 0.506086 -0.862204
1778756497.061021 1.042449 -27.100100 0.315180 0.009251 -0.020046 0.506299 -0.862076
1778756497.114301 1.042543 -27.100023 0.315218 0.009435 -0.020155 0.506293 -0.862075
1778756497.166654 1.042599 -27.100010 0.315207 0.009495 -0.020204 0.506277 -0.862082
1778756497.233477 1.042586 -27.100006 0.315216 0.009512 -0.020228 0.506326 -0.862053
1778756497.276238 1.042546 -27.099957 0.315213 0.009523 -0.020168 0.506412 -0.862003
1778756497.326416 1.042570 -27.099936 0.315200 0.009592 -0.020187 0.506374 -0.862024
1778756497.380020 1.042636 -27.099916 0.315194 0.009656 -0.020270 0.506506 -0.861944
1778756497.432753 1.042625 -27.099892 0.315185 0.009656 -0.020251 0.506469 -0.861966
1778756497.487069 1.042611 -27.099882 0.315192 0.009655 -0.020291 0.506451 -0.861976
1778756497.543196 1.042619 -27.099848 0.315194 0.009663 -0.020271 0.506524 -0.861934
1778756497.595469 1.042676 -27.099817 0.315210 0.009742 -0.020357 0.506472 -0.861961
1778756497.649298 1.042720 -27.099810 0.315223 0.009780 -0.020395 0.506555 -0.861911
1778756497.699937 1.042702 -27.099789 0.315222 0.009806 -0.020379 0.506578 -0.861898
1778756497.752771 1.042701 -27.099785 0.315206 0.009793 -0.020391 0.506510 -0.861938
1778756497.805490 1.042743 -27.099775 0.315200 0.009826 -0.020448 0.506552 -0.861911
1778756497.862549 1.042767 -27.099779 0.315225 0.009820 -0.020489 0.506575 -0.861897
1778756497.912184 1.042751 -27.099745 0.315228 0.009834 -0.020460 0.506576 -0.861897
1778756497.967177 1.042750 -27.099733 0.315222 0.009845 -0.020484 0.506572 -0.861899
1778756498.019742 1.042825 -27.099739 0.315251 0.009883 -0.020556 0.506576 -0.861894
1778756498.078135 1.042852 -27.099730 0.315234 0.009905 -0.020583 0.506563 -0.861901
1778756498.126721 1.042829 -27.099712 0.315227 0.009932 -0.020579 0.506561 -0.861901
1778756498.178872 1.042822 -27.099720 0.315246 0.009908 -0.020621 0.506464 -0.861958
1778756498.232051 1.042873 -27.099718 0.315226 0.009937 -0.020683 0.506461 -0.861958
1778756498.285664 1.042923 -27.099720 0.315235 0.009997 -0.020718 0.506541 -0.861909
1778756498.338985 1.042900 -27.099680 0.315235 0.010011 -0.020694 0.506523 -0.861920
1778756498.390665 1.042934 -27.099651 0.315229 0.010047 -0.020742 0.506462 -0.861954
1778756498.442337 1.042951 -27.099644 0.315233 0.010063 -0.020755 0.506494 -0.861935
1778756498.499059 1.042996 -27.099623 0.315191 0.010110 -0.020780 0.506565 -0.861892
1778756498.548901 1.043025 -27.099607 0.315180 0.010159 -0.020799 0.506524 -0.861915
1778756498.603752 1.043045 -27.099606 0.315197 0.010173 -0.020832 0.506540 -0.861905
1778756498.660676 1.043055 -27.099615 0.315207 0.010201 -0.020884 0.506513 -0.861919
1778756498.713085 1.043115 -27.099625 0.315235 0.010217 -0.020936 0.506533 -0.861906
1778756498.765331 1.043126 -27.099625 0.315239 0.010227 -0.020957 0.506489 -0.861931
1778756498.820986 1.043121 -27.099628 0.315237 0.010219 -0.020969 0.506494 -0.861928
1778756498.871836 1.043141 -27.099619 0.315243 0.010257 -0.020983 0.506520 -0.861912
1778756498.927269 1.043182 -27.099619 0.315253 0.010283 -0.021027 0.506503 -0.861921
1778756498.975670 1.043198 -27.099617 0.315254 0.010293 -0.021054 0.506527 -0.861906
1778756499.029218 1.043188 -27.099613 0.315250 0.010296 -0.021052 0.506546 -0.861894
1778756499.082374 1.043185 -27.099627 0.315264 0.010271 -0.021085 0.506534 -0.861901
1778756499.134147 1.043206 -27.099617 0.315265 0.010274 -0.021080 0.506559 -0.861886
1778756499.185054 1.043241 -27.099628 0.315260 0.010302 -0.021147 0.506586 -0.861868
1778756499.237012 1.041602 -27.101501 0.316388 0.009781 -0.020793 0.509299 -0.860283
1778756499.289546 1.042390 -27.101030 0.317116 0.008323 -0.019803 0.526125 -0.850136
1778756499.337662 1.043150 -27.100750 0.318582 0.007350 -0.020541 0.542521 -0.839759
1778756499.392225 1.043760 -27.100405 0.320244 0.006286 -0.020384 0.561296 -0.827340
1778756499.456091 1.043851 -27.099277 0.321131 0.005478 -0.020322 0.583752 -0.811660
1778756499.500649 1.043814 -27.100313 0.322077 0.002893 -0.018827 0.608124 -0.793614
1778756499.557102 1.042599 -27.101696 0.322530 -0.003330 -0.012036 0.633182 -0.773902
1778756499.617023 1.044505 -27.102160 0.321072 -0.003676 -0.010553 0.660667 -0.750596
1778756499.661177 1.043704 -27.103842 0.318350 -0.004523 -0.011730 0.688037 -0.725567
1778756499.713176 1.044680 -27.105124 0.317784 -0.001517 -0.015967 0.711726 -0.702274
1778756499.767374 1.046100 -27.107580 0.316116 -0.003060 -0.019965 0.737145 -0.675432
1778756499.818690 1.047545 -27.110418 0.314029 -0.001214 -0.023756 0.762393 -0.646678
1778756499.876754 1.048350 -27.113026 0.309837 0.003232 -0.029206 0.785002 -0.618797
1778756499.925838 1.048719 -27.111454 0.308208 0.009509 -0.031652 0.806882 -0.589787
1778756499.979240 1.049111 -27.112755 0.312425 0.009130 -0.030779 0.826381 -0.562196
1778756500.028759 1.051368 -27.110830 0.314514 0.010213 -0.023222 0.848418 -0.528719
1778756500.083524 1.054845 -27.115274 0.315453 0.012617 -0.028294 0.868909 -0.494002
1778756500.135315 1.055512 -27.113731 0.314188 0.013144 -0.023353 0.888456 -0.458180
1778756500.192500 1.059213 -27.116270 0.313957 0.016299 -0.024676 0.907433 -0.419154
1778756500.249875 1.062366 -27.116507 0.311994 0.014885 -0.031059 0.921742 -0.386270
1778756500.299570 1.061366 -27.116966 0.309501 0.009806 -0.028969 0.935830 -0.351123
1778756500.355386 1.060941 -27.118044 0.307947 -0.001116 -0.025381 0.949088 -0.313985
1778756500.407566 1.062989 -27.118645 0.306175 0.000392 -0.021741 0.959152 -0.282055
1778756500.462283 1.062455 -27.121113 0.304752 0.006056 -0.018841 0.969147 -0.245690
1778756500.516933 1.061815 -27.124212 0.309380 0.005555 -0.016425 0.977412 -0.210632
1778756500.569831 1.062205 -27.125761 0.311960 0.006209 -0.012405 0.984866 -0.172760
1778756500.622226 1.062888 -27.128807 0.312807 0.006810 -0.011812 0.991048 -0.132808
1778756500.680334 1.062648 -27.129961 0.311369 0.006515 -0.008174 0.995960 -0.089189
1778756500.735655 1.063728 -27.133799 0.309569 0.008161 -0.009736 0.998821 -0.046861
1778756500.794454 1.063874 -27.134651 0.309917 0.001338 -0.011726 0.999902 -0.007598
1778756500.852941 1.061738 -27.134140 0.308070 -0.004529 -0.010494 0.999547 0.027860
1778756500.897949 1.061782 -27.133696 0.306716 -0.010992 -0.009631 0.998010 0.061334
1778756500.948540 1.060459 -27.133890 0.305365 -0.004464 -0.009811 0.996089 0.087695
1778756501.014740 1.056875 -27.133636 0.306675 -0.002703 -0.008182 0.993899 0.109962
1778756501.055230 1.054410 -27.135807 0.309823 -0.002998 -0.010176 0.991805 0.127322
1778756501.108887 1.052510 -27.138405 0.310400 -0.003237 -0.009207 0.989517 0.144087
1778756501.163819 1.051568 -27.141041 0.311078 -0.003466 -0.008850 0.987235 0.158990
1778756501.212900 1.051936 -27.143332 0.311636 -0.003171 -0.007470 0.984896 0.172957
1778756501.282872 1.052700 -27.145899 0.311668 -0.002275 -0.006276 0.981697 0.190331
1778756501.319274 1.051659 -27.148182 0.311950 -0.002481 -0.005575 0.978281 0.207193
1778756501.372088 1.052002 -27.150595 0.311912 0.001452 -0.001055 0.975412 0.220382
1778756501.428752 1.051345 -27.154888 0.310622 0.000672 -0.003872 0.972402 0.233278
1778756501.483517 1.050306 -27.156176 0.311584 0.000912 -0.006088 0.969595 0.244640
1778756501.533743 1.048915 -27.157196 0.311161 -0.001597 -0.007081 0.967146 0.254119
1778756501.586828 1.047338 -27.155828 0.310741 -0.006389 -0.002974 0.964384 0.264411
1778756501.639440 1.044844 -27.152927 0.310832 -0.011268 0.006222 0.959563 0.281198
1778756501.700926 1.041263 -27.149220 0.308197 -0.012828 0.010635 0.954114 0.298980
1778756501.748506 1.036139 -27.145172 0.305066 -0.013721 0.004719 0.948810 0.315514
1778756501.805789 1.029233 -27.140814 0.302890 -0.010170 -0.003087 0.943240 0.331943
1778756501.858617 1.021954 -27.137602 0.301258 -0.008171 -0.009835 0.937245 0.348436
1778756501.912368 1.015515 -27.134081 0.301477 -0.007608 -0.009176 0.932674 0.360524
1778756501.965796 1.009985 -27.129101 0.302819 -0.005199 -0.007476 0.928025 0.372406
1778756502.018488 1.003943 -27.122284 0.304191 -0.003494 -0.004847 0.923067 0.384594
1778756502.075675 0.998731 -27.117619 0.305071 -0.001371 -0.003254 0.917865 0.396877
1778756502.126835 0.994425 -27.112263 0.305781 -0.000296 -0.002112 0.910982 0.412440
1778756502.179545 0.985374 -27.103382 0.305525 -0.002250 -0.012562 0.904005 0.427331
1778756502.232053 0.978382 -27.091881 0.304074 0.000621 -0.016829 0.898498 0.438654
1778756502.284926 0.966731 -27.079411 0.304562 0.003151 -0.030060 0.892124 0.450779
1778756502.341733 0.954297 -27.066635 0.304612 -0.000766 -0.035598 0.887440 0.459546
1778756502.400294 0.943727 -27.054655 0.305582 -0.005478 -0.033160 0.881743 0.470531
1778756502.443751 0.936455 -27.041832 0.306192 -0.005347 -0.026663 0.874736 0.483837
1778756502.498430 0.926783 -27.025511 0.304641 -0.005163 -0.019944 0.868399 0.495438
1778756502.551920 0.916802 -27.008739 0.302451 -0.004588 -0.013559 0.862505 0.505846
1778756502.614529 0.906844 -26.988495 0.300664 -0.004798 -0.007764 0.856062 0.516792
1778756502.658879 0.897989 -26.969723 0.299481 -0.007044 -0.011658 0.849191 0.527910
1778756502.711842 0.890595 -26.948805 0.298166 -0.003077 -0.017133 0.840461 0.541592
1778756502.764781 0.885797 -26.935905 0.302824 0.000345 -0.009265 0.830975 0.556232
1778756502.821081 0.882117 -26.923018 0.305755 0.007997 -0.001478 0.820531 0.571544
1778756502.873577 0.877588 -26.907820 0.307238 0.011854 0.001330 0.808385 0.588533
1778756502.925277 0.870702 -26.891880 0.308308 0.003849 -0.002303 0.794501 0.607246
1778756502.980359 0.868092 -26.877623 0.308114 -0.000499 -0.005992 0.780477 0.625156
1778756503.038344 0.864500 -26.865240 0.307547 -0.004692 -0.016001 0.765686 0.642998
1778756503.083799 0.862330 -26.852623 0.309220 -0.007087 -0.020663 0.749875 0.661218
1778756503.139581 0.857669 -26.841982 0.309408 -0.012801 -0.020600 0.732644 0.680180
1778756503.191785 0.855275 -26.832609 0.310412 -0.021035 -0.021420 0.713494 0.700018
1778756503.250242 0.855318 -26.823866 0.310313 -0.029508 -0.018124 0.694058 0.719086
1778756503.299217 0.856401 -26.815880 0.308745 -0.030401 -0.013264 0.674552 0.737482
1778756503.358908 0.857671 -26.805775 0.306253 -0.026588 -0.006379 0.655015 0.755121
1778756503.401865 0.858502 -26.792902 0.301726 -0.023287 -0.003466 0.635508 0.771735
1778756503.456605 0.859730 -26.779467 0.296891 -0.024712 -0.005488 0.614046 0.788865
1778756503.508315 0.863426 -26.766642 0.299979 -0.023705 -0.004246 0.599209 0.800230
1778756503.562274 0.866722 -26.758312 0.304217 -0.017578 -0.003179 0.580695 0.813925
1778756503.616613 0.871445 -26.750286 0.307456 -0.009561 0.001310 0.557792 0.829925
1778756503.668225 0.876604 -26.739882 0.308855 -0.004803 -0.000485 0.536584 0.843833
1778756503.721830 0.882314 -26.725918 0.309154 -0.005727 -0.004808 0.513569 0.858016
1778756503.776303 0.887858 -26.715164 0.309280 -0.010385 -0.009146 0.491997 0.870487
1778756503.828648 0.894993 -26.702675 0.308083 -0.014675 -0.017978 0.472673 0.880932
1778756503.891065 0.899645 -26.689980 0.307235 -0.020053 -0.016456 0.452860 0.891204
1778756503.947817 0.905291 -26.681511 0.308445 -0.019600 -0.010063 0.432558 0.901337
1778756503.992123 0.913601 -26.674330 0.307965 -0.014625 -0.005071 0.412967 0.910615
1778756504.042343 0.922549 -26.663486 0.305187 -0.010024 -0.000836 0.396209 0.918105
1778756504.095211 0.934281 -26.651501 0.301631 -0.009258 0.004326 0.379280 0.925226
1778756504.163963 0.945696 -26.640182 0.297485 -0.009664 0.008355 0.362822 0.931771
1778756504.201322 0.958480 -26.628986 0.297657 -0.013236 -0.000600 0.346436 0.937980
1778756504.256006 0.972941 -26.618126 0.300901 -0.009379 -0.000212 0.329838 0.943991
1778756504.311244 0.983290 -26.611023 0.304187 -0.006477 0.002238 0.313366 0.949608
1778756504.366946 0.994789 -26.605856 0.306779 0.002707 0.003331 0.292676 0.956202
1778756504.421453 1.007664 -26.598843 0.307311 0.004339 0.002480 0.273124 0.961966
1778756504.471653 1.022146 -26.590677 0.306328 0.004457 0.000484 0.254053 0.967180
1778756504.521384 1.035953 -26.582163 0.306098 -0.014013 0.004376 0.235383 0.971792
1778756504.582194 1.051728 -26.573908 0.306605 -0.018184 -0.001534 0.216600 0.976090
1778756504.629406 1.066330 -26.564161 0.307521 -0.021259 -0.002639 0.203461 0.978849
1778756504.681590 1.079052 -26.555443 0.308795 -0.021566 -0.000333 0.186408 0.982236
1778756504.737239 1.090949 -26.549961 0.308588 -0.018556 -0.000785 0.169880 0.985290
1778756504.795622 1.105914 -26.542604 0.305999 -0.018309 -0.003191 0.155408 0.987676
1778756504.842613 1.124148 -26.534094 0.302361 -0.018654 -0.006115 0.139699 0.990000
1778756504.897968 1.142581 -26.527790 0.299739 -0.013545 -0.001667 0.126476 0.991876
1778756504.954894 1.161901 -26.525829 0.299772 -0.009492 0.013285 0.118629 0.992804
1778756505.003543 1.175656 -26.522158 0.300523 -0.021829 0.012966 0.106089 0.994033
1778756505.055500 1.196451 -26.523640 0.301189 -0.019330 0.003883 0.091938 0.995570
1778756505.108061 1.210826 -26.522758 0.305822 -0.016283 0.004678 0.078919 0.996737
1778756505.161493 1.227115 -26.523014 0.308024 -0.005826 0.003104 0.062424 0.998028
1778756505.219731 1.246351 -26.521936 0.308258 -0.002988 0.000862 0.045921 0.998940
1778756505.284531 1.266399 -26.522100 0.307038 -0.000023 -0.002886 0.031355 0.999504
1778756505.331195 1.290114 -26.518751 0.305027 -0.016171 0.004783 0.015712 0.999734
1778756505.378140 1.313538 -26.518747 0.307144 -0.014653 0.003072 0.002059 0.999886
1778756505.428782 1.333625 -26.515566 0.310270 -0.020156 0.003445 -0.008410 0.999756
1778756505.481817 1.350485 -26.514572 0.311583 -0.014689 0.003434 -0.020795 0.999670
1778756505.536058 1.369324 -26.514072 0.310170 -0.014039 0.000375 -0.032673 0.999367
1778756505.592271 1.392057 -26.513075 0.307810 -0.014281 -0.002686 -0.043318 0.998956
1778756505.641357 1.416229 -26.513681 0.304060 -0.011498 -0.004540 -0.053044 0.998516
1778756505.712714 1.441283 -26.516174 0.301552 -0.008854 -0.001102 -0.062446 0.998008
1778756505.752588 1.466205 -26.518583 0.297225 -0.014284 0.004398 -0.072328 0.997269
1778756505.805195 1.488096 -26.525599 0.303706 -0.010352 0.004846 -0.080016 0.996728
1778756505.862494 1.504901 -26.530859 0.306542 -0.001882 -0.000050 -0.092020 0.995755
1778756505.912511 1.526044 -26.535273 0.307754 0.001544 -0.000670 -0.105566 0.994411
1778756505.972499 1.547521 -26.540775 0.307112 -0.001147 -0.001655 -0.119085 0.992882
1778756506.020292 1.573743 -26.547413 0.304689 -0.005263 -0.001712 -0.130645 0.991414
1778756506.071112 1.598665 -26.553284 0.303976 -0.010619 0.001872 -0.143390 0.989608
1778756506.126928 1.624001 -26.558998 0.308905 -0.017361 0.005001 -0.155654 0.987647
1778756506.179089 1.645415 -26.563555 0.311250 -0.014518 0.008637 -0.165179 0.986119
1778756506.232507 1.665964 -26.570007 0.311141 -0.013869 0.009367 -0.176946 0.984078
1778756506.284543 1.691302 -26.578102 0.308586 -0.010422 0.009759 -0.186218 0.982405
1778756506.337950 1.716099 -26.587633 0.305524 -0.007800 0.010280 -0.194303 0.980857
1778756506.387500 1.741888 -26.600111 0.302374 -0.002084 0.013269 -0.202549 0.979180
1778756506.442497 1.768030 -26.611809 0.302241 -0.011428 0.013806 -0.212014 0.977102
1778756506.501212 1.788639 -26.626278 0.308102 -0.001440 0.010604 -0.220151 0.975407
1778756506.553758 1.806882 -26.636658 0.311176 0.001852 0.005813 -0.230801 0.972982
1778756506.604062 1.829639 -26.648766 0.310975 0.002178 0.006025 -0.243435 0.969896
1778756506.659361 1.852010 -26.662188 0.308880 0.000580 0.005486 -0.255159 0.966883
1778756506.712529 1.877437 -26.677694 0.305245 -0.003797 0.006075 -0.265860 0.963985
1778756506.771870 1.901753 -26.692446 0.308360 -0.008476 0.007352 -0.278116 0.960482
1778756506.818407 1.923440 -26.702795 0.312258 -0.013794 0.009894 -0.286345 0.957976
1778756506.874027 1.943532 -26.715456 0.313269 -0.010922 0.007915 -0.296281 0.955006
1778756506.925654 1.967259 -26.730095 0.311173 -0.010460 0.005842 -0.305859 0.952002
1778756506.978730 1.992801 -26.746166 0.308027 -0.009859 0.002135 -0.314072 0.949346
1778756507.034174 2.019485 -26.765932 0.305374 -0.007137 0.000381 -0.321995 0.946715
1778756507.086365 2.045427 -26.786011 0.301486 -0.009887 0.005362 -0.331180 0.943501
1778756507.138044 2.062462 -26.805441 0.305909 -0.005732 0.005328 -0.338443 0.940954
1778756507.190676 2.082590 -26.824890 0.308801 -0.001101 -0.002116 -0.338298 0.941036
1778756507.246721 2.104566 -26.842566 0.308845 -0.003064 -0.005788 -0.334028 0.942540
1778756507.298797 2.127729 -26.862812 0.306831 -0.003413 -0.011055 -0.328729 0.944354
1778756507.351638 2.155390 -26.883305 0.304743 -0.007272 -0.009437 -0.322772 0.946402
1778756507.405562 2.184516 -26.903969 0.306871 -0.011108 0.010733 -0.318982 0.947635
1778756507.462662 2.206435 -26.915462 0.311405 -0.009901 0.007816 -0.310448 0.950507
1778756507.512588 2.234058 -26.931070 0.313859 -0.017617 0.006401 -0.299651 0.953865
1778756507.564631 2.263619 -26.946795 0.312750 -0.022867 0.001362 -0.289105 0.957023
1778756507.617704 2.296019 -26.964619 0.309939 -0.022450 -0.001287 -0.278881 0.960062
1778756507.676239 2.326922 -26.988440 0.305759 -0.009035 0.003186 -0.270715 0.962612
1778756507.728252 2.355171 -27.001118 0.311091 -0.014121 0.009036 -0.271105 0.962404
1778756507.781207 2.378036 -27.017324 0.313177 -0.012282 0.003225 -0.274609 0.961472
1778756507.832684 2.404853 -27.032938 0.314040 -0.014922 0.003579 -0.282457 0.959157
1778756507.885807 2.435987 -27.051832 0.312416 -0.021015 0.004126 -0.291062 0.956465
1778756507.936882 2.462355 -27.070160 0.309840 -0.014472 -0.000890 -0.298013 0.954452
1778756507.988443 2.487943 -27.083677 0.314048 -0.019364 0.004920 -0.307489 0.951342
1778756508.048979 2.510059 -27.098139 0.316029 -0.017200 0.005697 -0.314634 0.949040
1778756508.096005 2.535789 -27.116503 0.314359 -0.014530 0.007063 -0.321670 0.946714
1778756508.148955 2.562267 -27.136318 0.312195 -0.012074 0.005812 -0.328946 0.944254
1778756508.200826 2.588778 -27.159069 0.309522 -0.004153 0.005578 -0.336616 0.941617
1778756508.255337 2.617177 -27.180138 0.305696 -0.019575 0.006817 -0.346771 0.937721
1778756508.314966 2.633107 -27.199722 0.310338 -0.007612 0.001892 -0.353773 0.935298
1778756508.362595 2.654486 -27.218546 0.314036 -0.002009 -0.002713 -0.364395 0.931238
1778756508.425548 2.682485 -27.243647 0.313999 -0.007736 -0.000962 -0.377694 0.925898
1778756508.478056 2.706050 -27.266058 0.311502 -0.012792 0.002690 -0.386996 0.921989
1778756508.532053 2.730034 -27.291624 0.309675 -0.006712 -0.005439 -0.397082 0.917742
1778756508.588275 2.750617 -27.307604 0.314326 -0.013663 -0.002054 -0.404934 0.914242
1778756508.638267 2.770079 -27.329466 0.315856 -0.014321 -0.000302 -0.401494 0.915750
1778756508.691810 2.795131 -27.353848 0.316041 -0.014374 0.000347 -0.394474 0.918795
1778756508.746689 2.820915 -27.380665 0.314137 -0.011169 0.001476 -0.385536 0.922624
1778756508.799331 2.846087 -27.406487 0.308619 -0.012699 0.006815 -0.383956 0.923239
1778756508.864674 2.868800 -27.435228 0.310792 -0.006318 0.002839 -0.388869 0.921267
1778756508.909104 2.888816 -27.455288 0.314031 -0.001271 -0.001455 -0.394187 0.919028
1778756508.968955 2.912921 -27.477598 0.314100 -0.007220 0.002964 -0.401843 0.915676
1778756509.016056 2.938396 -27.505337 0.311820 -0.011870 0.008861 -0.408941 0.912441
1778756509.069894 2.962115 -27.530367 0.309532 -0.011347 0.002203 -0.416431 0.909094
1778756509.126533 2.979826 -27.547680 0.313897 -0.013411 0.008909 -0.426569 0.904312
1778756509.175552 2.999465 -27.572220 0.314263 -0.010882 0.009848 -0.434222 0.900686
1778756509.232893 3.019379 -27.596775 0.312720 -0.007373 0.011385 -0.440423 0.897688
1778756509.285174 3.039440 -27.625584 0.310630 -0.001908 0.011115 -0.447643 0.894141
1778756509.335926 3.059002 -27.651802 0.308756 -0.004707 0.014202 -0.455429 0.890147
1778756509.390230 3.073215 -27.680338 0.310754 0.000471 0.008356 -0.463594 0.886008
1778756509.437866 3.084937 -27.699165 0.314321 0.009341 0.003657 -0.471125 0.882010
1778756509.497553 3.101081 -27.722668 0.315462 0.010128 0.004187 -0.481040 0.876630
1778756509.546665 3.116475 -27.748049 0.313812 0.007274 0.006550 -0.490758 0.871241
1778756509.598630 3.131705 -27.774780 0.309503 0.003484 0.011196 -0.499359 0.866316
1778756509.652186 3.147585 -27.800341 0.311989 -0.002061 0.011277 -0.509531 0.860376
1778756509.705218 3.162212 -27.819740 0.316590 -0.005752 0.013344 -0.518807 0.854768
1778756509.757386 3.172681 -27.838757 0.317773 -0.003637 0.013848 -0.526942 0.849781
1778756509.813684 3.185863 -27.861799 0.315688 -0.006877 0.014816 -0.536298 0.843871
1778756509.864439 3.198197 -27.885307 0.313144 -0.006171 0.013905 -0.543637 0.839182
1778756509.917203 3.208886 -27.911137 0.309283 -0.001197 0.012055 -0.550702 0.834614
1778756509.968106 3.220685 -27.936323 0.305316 -0.003076 0.017280 -0.558285 0.829464
1778756510.032387 3.226389 -27.963375 0.306922 -0.003393 0.012528 -0.566232 0.824144
1778756510.080193 3.231842 -27.984713 0.311028 0.002172 0.003713 -0.575110 0.818065
1778756510.142212 3.238548 -28.007421 0.312733 0.004421 0.002182 -0.586318 0.810066
1778756510.184617 3.244889 -28.030613 0.311359 0.001967 0.003075 -0.596430 0.802657
1778756510.238345 3.251992 -28.059658 0.308188 -0.000733 0.002995 -0.605882 0.795549
1778756510.292889 3.258739 -28.086018 0.307587 -0.002307 0.008377 -0.615907 0.787771
1778756510.348174 3.266530 -28.111654 0.312423 -0.007284 0.013246 -0.624755 0.780674
1778756510.405047 3.273287 -28.132803 0.314550 -0.005016 0.011411 -0.632662 0.774328
1778756510.510480 3.277976 -28.154568 0.313853 -0.007430 0.010984 -0.640304 0.768007
1778756510.515958 3.284815 -28.180861 0.311233 -0.009618 0.008701 -0.647758 0.761736
1778756510.563625 3.290064 -28.209913 0.307654 -0.006196 0.007521 -0.654226 0.756237
1778756510.615492 3.292831 -28.238575 0.304131 0.000105 0.007856 -0.660712 0.750598
1778756510.669664 3.296445 -28.266520 0.302407 -0.011917 0.015499 -0.668910 0.743086
1778756510.724262 3.294072 -28.290192 0.308597 -0.004449 0.006887 -0.676136 0.736731
1778756510.784820 3.294864 -28.315138 0.310813 0.000422 -0.000693 -0.685624 0.727956
1778756510.834519 3.296477 -28.339518 0.310739 0.000078 0.002536 -0.694846 0.719154
1778756510.903184 3.296624 -28.367041 0.308912 -0.004573 0.005391 -0.703136 0.711021
1778756510.976862 3.296202 -28.395527 0.307283 -0.005955 -0.001372 -0.710610 0.703559
1778756510.995979 3.297169 -28.421770 0.310697 -0.012993 0.006151 -0.719134 0.694722
1778756511.054270 3.298852 -28.445749 0.312690 -0.008675 0.010310 -0.726079 0.687479
1778756511.101226 3.297281 -28.470631 0.312677 -0.006193 0.010391 -0.733854 0.679199
1778756511.154893 3.296993 -28.497662 0.310175 -0.005178 0.010696 -0.740158 0.672328
1778756511.218691 3.294098 -28.528957 0.307409 -0.003342 0.008296 -0.746071 0.665807
1778756511.262781 3.288752 -28.560602 0.305153 0.001912 0.006107 -0.751914 0.659230
1778756511.316476 3.282840 -28.592003 0.302620 -0.005768 0.012298 -0.758351 0.651705
1778756511.367943 3.275050 -28.616064 0.309584 0.001139 0.003177 -0.763419 0.645895
1778756511.421001 3.268726 -28.641994 0.313423 0.003520 -0.004955 -0.770400 0.637532
1778756511.481435 3.262786 -28.670355 0.313039 -0.000513 -0.004442 -0.776696 0.629859
1778756511.533883 3.254429 -28.702246 0.311342 -0.001769 -0.005616 -0.774533 0.632506
1778756511.583886 3.249444 -28.730463 0.310046 -0.002932 0.008953 -0.770212 0.637719
1778756511.637235 3.241351 -28.759897 0.311448 0.002734 0.006657 -0.767531 0.640972
1778756511.690836 3.241015 -28.787325 0.313816 -0.004818 0.005496 -0.764884 0.644126
1778756511.740703 3.237818 -28.817341 0.313176 -0.012883 0.006084 -0.765957 0.642734
1778756511.802302 3.235577 -28.851601 0.310306 -0.021291 0.003825 -0.768238 0.639799
1778756511.848313 3.231069 -28.887362 0.306986 -0.021940 0.000389 -0.770902 0.636576
1778756511.901113 3.223553 -28.921396 0.304214 -0.004303 0.003003 -0.772581 0.634895
1778756511.965764 3.217586 -28.948198 0.308864 -0.009463 0.003287 -0.776264 0.630329
1778756512.006970 3.209783 -28.976650 0.310573 -0.010236 -0.004211 -0.782445 0.622621
1778756512.061068 3.203114 -29.005182 0.310080 -0.014342 -0.002626 -0.790118 0.612782
1778756512.116418 3.194077 -29.038816 0.308446 -0.017742 0.001434 -0.796165 0.604818
1778756512.169432 3.187419 -29.071138 0.306680 -0.016315 0.002778 -0.802102 0.596958
1778756512.221369 3.182077 -29.099039 0.314988 -0.014491 0.006751 -0.809037 0.587540
1778756512.274354 3.174064 -29.123732 0.317373 -0.009023 0.007054 -0.814338 0.580278
1778756512.328121 3.165100 -29.153244 0.316380 -0.006356 0.006529 -0.819602 0.572861
1778756512.381899 3.153060 -29.186174 0.314041 -0.003974 0.004146 -0.824886 0.565270
1778756512.434721 3.139233 -29.216969 0.311407 0.002683 0.001365 -0.829434 0.558597
1778756512.486761 3.125392 -29.248550 0.304457 -0.006054 0.008498 -0.834838 0.550396
1778756512.544360 3.111151 -29.273512 0.309856 0.000120 -0.000975 -0.839748 0.542975
1778756512.603950 3.097800 -29.301386 0.312665 0.001786 -0.005792 -0.846888 0.531736
1778756512.657259 3.084569 -29.327190 0.312496 -0.002600 -0.002065 -0.853633 0.520864
1778756512.708675 3.069109 -29.355890 0.310232 -0.005386 0.002687 -0.858922 0.512072
1778756512.759364 3.054350 -29.385872 0.308990 -0.006267 0.009273 -0.865108 0.501460
1778756512.811579 3.042589 -29.411041 0.314192 -0.008540 0.012474 -0.871165 0.490759
1778756512.867136 3.029459 -29.432972 0.315844 -0.004291 0.010905 -0.875594 0.482905
1778756512.917449 3.014107 -29.458649 0.314643 -0.004534 0.011758 -0.880596 0.473701
1778756512.984012 2.995731 -29.487181 0.312114 -0.004825 0.008596 -0.884920 0.465639
1778756513.028940 2.974828 -29.515089 0.309329 -0.001777 0.003983 -0.888942 0.457999
1778756513.079103 2.955726 -29.543932 0.306117 -0.000935 0.014848 -0.893653 0.448513
1778756513.136032 2.938838 -29.567423 0.311667 0.011469 0.008040 -0.893585 0.448675
1778756513.183661 2.922386 -29.584133 0.316027 0.017890 0.003831 -0.883959 0.467206
1778756513.236859 2.912998 -29.604935 0.317983 0.019875 0.017871 -0.868680 0.494652
1778756513.290884 2.901563 -29.619123 0.318233 0.027667 0.032637 -0.847133 0.529656
1778756513.344940 2.895195 -29.629246 0.317194 0.025265 0.035535 -0.824891 0.563608
1778756513.398815 2.890330 -29.639320 0.315421 0.019636 0.029397 -0.800310 0.598543
1778756513.446957 2.892106 -29.649912 0.314243 0.017108 0.033633 -0.777706 0.627494
1778756513.504315 2.893499 -29.655102 0.315078 0.013520 0.029212 -0.751235 0.659250
1778756513.552588 2.897692 -29.664728 0.315818 0.009184 0.029950 -0.732232 0.680334
1778756513.604039 2.899912 -29.678885 0.313555 0.002834 0.028307 -0.725238 0.687910
1778756513.666278 2.902436 -29.690744 0.310848 0.015269 0.018218 -0.724636 0.688722
1778756513.715693 2.906057 -29.700363 0.312253 0.010005 0.021118 -0.723343 0.690094
1778756513.763392 2.907236 -29.710335 0.314444 0.005676 0.032981 -0.724010 0.688977
1778756513.819403 2.901610 -29.716858 0.314799 0.009910 0.033034 -0.724247 0.688677
1778756513.869515 2.901947 -29.721991 0.313200 0.009347 0.022516 -0.723594 0.689796
1778756513.931991 2.902208 -29.729580 0.308223 0.007484 0.012810 -0.721398 0.692361
1778756513.985616 2.903561 -29.737835 0.307190 0.005626 0.014844 -0.722342 0.691354
1778756514.034657 2.906746 -29.748596 0.306357 0.003365 0.013169 -0.722377 0.691366
1778756514.086586 2.906656 -29.760790 0.304114 0.003172 0.010109 -0.720676 0.693191
1778756514.153673 2.909270 -29.773132 0.301949 0.004406 0.008435 -0.718626 0.695332
1778756514.194590 2.908823 -29.783791 0.302091 0.008158 0.006318 -0.709324 0.704807
1778756514.246957 2.907568 -29.794142 0.302230 0.016018 0.004029 -0.696073 0.717781
1778756514.301377 2.907495 -29.806280 0.302634 0.023344 0.002961 -0.679784 0.733035
1778756514.351693 2.903698 -29.817562 0.302435 0.019144 -0.000054 -0.660607 0.750488
1778756514.406073 2.901748 -29.826168 0.303263 0.024255 -0.005235 -0.649489 0.759966
1778756514.463202 2.904870 -29.838646 0.303750 0.026908 -0.004879 -0.646441 0.762474
1778756514.507700 2.909071 -29.855471 0.305023 0.018451 -0.001382 -0.647950 0.761458
1778756514.567952 2.914891 -29.880037 0.304724 0.009044 0.005882 -0.649294 0.760462
1778756514.615910 2.917805 -29.897684 0.301212 0.004211 0.017042 -0.650929 0.758936
1778756514.669145 2.924607 -29.914944 0.305020 -0.004102 0.019485 -0.646651 0.762526
1778756514.723875 2.930697 -29.936422 0.308630 -0.011689 0.021452 -0.631717 0.774814
1778756514.773535 2.937865 -29.958523 0.309610 -0.020998 0.027243 -0.615338 0.787513
1778756514.836539 2.947587 -29.984522 0.308866 -0.025852 0.028471 -0.592584 0.804590
1778756514.885719 2.955158 -30.010777 0.306471 -0.011170 0.025799 -0.566937 0.823281
1778756514.936683 2.964011 -30.035812 0.307383 -0.007108 0.025632 -0.537756 0.842681
1778756514.991023 2.969326 -30.054411 0.311375 -0.002885 0.020996 -0.506475 0.861995
1778756515.046021 2.978102 -30.069679 0.311103 -0.003555 0.018499 -0.474333 0.880144
1778756515.097584 2.990232 -30.088196 0.309671 -0.007218 0.014561 -0.438566 0.898552
1778756515.153131 3.004349 -30.104717 0.307524 -0.009203 0.008811 -0.401552 0.915748
1778756515.203334 3.020918 -30.120022 0.304289 -0.008953 0.005937 -0.365113 0.930901
1778756515.259702 3.041909 -30.133467 0.305439 -0.010839 0.010178 -0.331471 0.943348
1778756515.312696 3.058565 -30.142500 0.311820 -0.009932 0.003953 -0.293306 0.955959
1778756515.364082 3.078395 -30.150249 0.315969 -0.018504 0.009050 -0.249991 0.968029
1778756515.417206 3.101894 -30.156996 0.316353 -0.030082 0.009369 -0.203272 0.978615
1778756515.483392 3.126253 -30.168335 0.313257 -0.016155 0.010256 -0.155969 0.987577
1778756515.527990 3.147736 -30.173519 0.315035 -0.018844 0.007661 -0.128524 0.991498
1778756515.578117 3.163658 -30.176144 0.314997 -0.016227 0.009626 -0.123647 0.992147
1778756515.636133 3.183210 -30.174004 0.314198 -0.022649 0.018161 -0.125189 0.991708
1778756515.687370 3.191867 -30.173153 0.311568 -0.012621 0.021280 -0.126749 0.991626
1778756515.740252 3.195880 -30.170570 0.311514 -0.013356 0.022684 -0.129138 0.991277
1778756515.795710 3.194681 -30.170517 0.312011 -0.009122 0.020027 -0.130714 0.991176
1778756515.850454 3.193561 -30.171200 0.314705 -0.006231 0.018118 -0.131229 0.991167
1778756515.904993 3.191880 -30.172222 0.315423 -0.004532 0.016573 -0.129814 0.991390
1778756515.958342 3.190654 -30.172993 0.315525 -0.003239 0.015799 -0.126308 0.991860
1778756516.019546 3.190392 -30.171648 0.315227 -0.002764 0.015749 -0.122955 0.992284
1778756516.068188 3.190687 -30.170015 0.312406 -0.002252 0.015857 -0.120868 0.992539
1778756516.121747 3.190688 -30.168886 0.310585 -0.001912 0.015426 -0.119230 0.992745
1778756516.178285 3.191125 -30.168512 0.310030 -0.001193 0.015345 -0.118167 0.992875
1778756516.226604 3.191503 -30.169058 0.310178 -0.000959 0.015378 -0.117208 0.992988
1778756516.279907 3.191803 -30.169514 0.310963 -0.000607 0.015434 -0.116303 0.993094
1778756516.330518 3.192062 -30.169516 0.311153 -0.000586 0.015394 -0.116019 0.993128
1778756516.388384 3.192222 -30.169205 0.311225 -0.000668 0.015392 -0.115831 0.993150
1778756516.437398 3.192374 -30.168955 0.311255 -0.000796 0.015393 -0.115550 0.993182
1778756516.491229 3.192379 -30.168987 0.311262 -0.000657 0.015282 -0.115505 0.993189
1778756516.549748 3.192480 -30.169111 0.311263 -0.000565 0.015302 -0.115445 0.993196
1778756516.603969 3.192600 -30.169161 0.310854 -0.000576 0.015324 -0.115241 0.993219
1778756516.655602 3.192762 -30.169022 0.310535 -0.000708 0.015377 -0.115211 0.993222
1778756516.703339 3.192848 -30.168903 0.311048 -0.000796 0.015372 -0.115429 0.993197
1778756516.761767 3.192880 -30.168871 0.310820 -0.000877 0.015404 -0.115343 0.993206
1778756516.812025 3.192863 -30.168932 0.311078 -0.000815 0.015390 -0.115210 0.993222
1778756516.863853 3.192876 -30.168921 0.311200 -0.000834 0.015366 -0.115343 0.993207
1778756516.919338 3.192931 -30.168835 0.311235 -0.000960 0.015406 -0.115355 0.993204
1778756516.970121 3.192941 -30.168818 0.310742 -0.000993 0.015361 -0.115340 0.993207
1778756517.024811 3.192945 -30.168819 0.310615 -0.000982 0.015361 -0.115360 0.993205
1778756517.074545 3.192924 -30.168804 0.310882 -0.001008 0.015341 -0.115341 0.993207
1778756517.127498 3.192208 -30.172329 0.310878 -0.002102 0.015636 -0.119070 0.992761
1778756517.182361 3.193749 -30.171896 0.314542 -0.003351 0.014935 -0.151075 0.988404
1778756517.232189 3.195164 -30.169592 0.318539 -0.005610 0.015299 -0.187952 0.982043
1778756517.286804 3.198137 -30.167891 0.320533 -0.009761 0.014343 -0.228521 0.973384
1778756517.340782 3.200739 -30.164751 0.318103 -0.012321 0.011589 -0.269832 0.962759
1778756517.394939 3.203790 -30.161808 0.315805 -0.013903 0.007087 -0.316450 0.948481
1778756517.448762 3.207437 -30.156681 0.312441 -0.019861 0.007909 -0.367834 0.929646
1778756517.503539 3.206667 -30.156582 0.310134 -0.017170 0.013604 -0.411931 0.910952
1778756517.556056 3.206790 -30.160137 0.308710 0.000542 0.020524 -0.460815 0.887259
1778756517.610990 3.205138 -30.160532 0.305875 0.016099 0.023655 -0.509800 0.859817
1778756517.673228 3.206300 -30.164528 0.306981 0.013847 0.012224 -0.553059 0.832937
1778756517.721950 3.208650 -30.162748 0.311090 0.008515 0.010931 -0.596950 0.802159
1778756517.763767 3.211316 -30.165695 0.314105 0.001996 0.012366 -0.633588 0.773569
1778756517.820931 3.211329 -30.171555 0.313138 0.002239 0.011618 -0.673645 0.738961
1778756517.873081 3.211838 -30.175014 0.313600 -0.004777 0.016143 -0.708065 0.705947
1778756517.943997 3.214284 -30.182636 0.315395 -0.012127 0.027584 -0.738584 0.673487
1778756517.980986 3.217749 -30.190538 0.315192 -0.015549 0.044886 -0.767484 0.639305
1778756518.036591 3.214681 -30.198383 0.313495 -0.013198 0.047623 -0.798511 0.599948
1778756518.089925 3.211629 -30.207376 0.311700 -0.013156 0.044814 -0.819189 0.571618
1778756518.147157 3.207043 -30.221947 0.309052 -0.004765 0.040803 -0.826098 0.562028
1778756518.218937 3.202250 -30.236940 0.307426 -0.000895 0.038215 -0.825807 0.562655
1778756518.253025 3.193812 -30.256157 0.306846 0.001775 0.030500 -0.824943 0.564390
1778756518.307589 3.183110 -30.279987 0.305667 0.005816 0.022878 -0.824804 0.564925
1778756518.359862 3.174325 -30.305763 0.304044 0.003894 0.025023 -0.825298 0.564129
1778756518.410398 3.164976 -30.328196 0.302929 0.011767 0.009832 -0.824545 0.565589
1778756518.465474 3.152477 -30.354797 0.306479 0.015696 0.000334 -0.825593 0.564048
1778756518.519475 3.140133 -30.386793 0.307965 0.008425 0.001769 -0.831789 0.555026
1778756518.573542 3.126199 -30.425020 0.307736 0.001226 0.016163 -0.843017 0.537643
1778756518.627566 3.112106 -30.452215 0.305861 -0.000141 0.014697 -0.859852 0.510333
1778756518.680333 3.107327 -30.476732 0.311752 -0.003679 0.028608 -0.877022 0.479584
1778756518.738945 3.094888 -30.498301 0.311046 -0.003154 0.032605 -0.882446 0.469272
1778756518.787491 3.079854 -30.523846 0.310297 0.003276 0.032717 -0.882875 0.468456
1778756518.847055 3.059860 -30.555128 0.309267 0.003016 0.028848 -0.881894 0.470555
1778756518.899086 3.038883 -30.585480 0.308560 0.002450 0.022665 -0.881682 0.471293
1778756518.956779 3.019873 -30.618420 0.306191 0.007795 0.022980 -0.881338 0.471864
1778756519.010653 2.996236 -30.647535 0.309636 0.010003 0.006282 -0.881714 0.471636
1778756519.061786 2.974904 -30.679441 0.311530 0.002487 -0.001913 -0.883454 0.468507
1778756519.125569 2.945525 -30.718332 0.311923 -0.006938 -0.006598 -0.884295 0.466832
1778756519.167280 2.920362 -30.760834 0.307079 0.000679 0.018223 -0.885545 0.464196
1778756519.220477 2.896508 -30.792250 0.310564 0.013901 0.016705 -0.886359 0.462488
1778756519.278903 2.863699 -30.841110 0.313984 0.009063 0.018066 -0.886082 0.463087
1778756519.334160 2.831871 -30.888754 0.314356 0.000659 0.014366 -0.884799 0.465751
1778756519.382887 2.801128 -30.940762 0.311402 0.006996 0.017098 -0.884123 0.466888
1778756519.435165 2.770849 -30.986578 0.316411 0.018057 0.006079 -0.881831 0.471181
1778756519.490105 2.740833 -31.032707 0.319052 0.011587 0.005287 -0.882294 0.470527
1778756519.545772 2.701955 -31.085852 0.311730 0.001789 0.010771 -0.882479 0.470226
1778756519.597081 2.701290 -31.092068 0.310447 0.020012 0.024485 -0.883710 0.466965
1778756519.646042 2.670906 -31.129541 0.312648 0.016946 0.025469 -0.885156 0.464288
1778756519.701086 2.634823 -31.175013 0.313058 0.014652 0.024875 -0.888739 0.457503
1778756519.767475 2.610001 -31.207996 0.301926 0.010164 0.029079 -0.896358 0.442260
1778756519.807451 2.580165 -31.247080 0.307388 -0.004431 0.027262 -0.899546 0.435951
1778756519.863025 2.550610 -31.276224 0.317845 0.011214 0.008641 -0.899351 0.436999
1778756519.913400 2.532439 -31.308270 0.319986 0.013584 0.007374 -0.900374 0.434843
1778756519.969270 2.503182 -31.345036 0.319285 0.014504 0.008153 -0.899699 0.436194
1778756520.029551 2.479767 -31.374170 0.314257 0.024495 0.016559 -0.899255 0.436424
1778756520.072789 2.457443 -31.405485 0.316267 0.017963 0.019834 -0.900386 0.434269
1778756520.127437 2.433414 -31.442442 0.317051 0.000560 0.021506 -0.899791 0.435791
1778756520.184192 2.406981 -31.483273 0.314084 -0.016400 0.015230 -0.898421 0.438566
1778756520.237134 2.373458 -31.529455 0.306428 -0.000064 0.001119 -0.896276 0.443495
1778756520.287341 2.348395 -31.568300 0.312046 0.011593 0.010519 -0.895362 0.445064
1778756520.343292 2.316577 -31.610466 0.318764 0.013115 0.003831 -0.895797 0.444254
1778756520.397446 2.282122 -31.653141 0.319557 0.004193 0.007895 -0.896112 0.443738
1778756520.447504 2.253181 -31.688738 0.312662 0.017380 0.007886 -0.896211 0.443218
1778756520.495975 2.219134 -31.734215 0.313665 0.018530 0.012008 -0.897371 0.440724
1778756520.550292 2.183955 -31.773827 0.314719 0.009852 0.010951 -0.896594 0.442609
1778756520.604505 2.151938 -31.828091 0.303939 0.018874 0.017395 -0.884517 0.465801
1778756520.656921 2.129669 -31.857281 0.307343 -0.001097 0.036811 -0.861817 0.505881
1778756520.713502 2.109206 -31.888489 0.317318 0.001412 0.045114 -0.836304 0.546405
1778756520.763323 2.107515 -31.925095 0.302999 -0.014271 0.064143 -0.807108 0.586735
1778756520.815413 2.080508 -31.948833 0.308416 -0.008398 0.034926 -0.770727 0.636153
1778756520.875556 2.067024 -31.979572 0.314202 -0.008219 0.038273 -0.737226 0.674512
1778756520.922755 2.059805 -32.009109 0.321362 0.000637 0.039785 -0.724015 0.688636
1778756520.976552 2.055089 -32.036648 0.320668 0.008027 0.030980 -0.722815 0.690300
1778756521.029968 2.050964 -32.068043 0.314081 0.007447 0.024792 -0.725386 0.687856
1778756521.103235 2.047509 -32.102833 0.312059 0.004594 0.017943 -0.726459 0.686960
1778756521.136018 2.042404 -32.136086 0.315060 0.006825 0.007909 -0.725943 0.687676
1778756521.189432 2.039857 -32.170158 0.316740 0.002348 0.002285 -0.727309 0.686302
1778756521.246920 2.034135 -32.218555 0.317043 -0.008487 -0.000895 -0.727885 0.685646
1778756521.300864 2.031826 -32.258793 0.311915 0.004869 0.017209 -0.730254 0.682941
1778756521.351426 2.023830 -32.304966 0.313978 0.010722 0.017077 -0.732612 0.680347
1778756521.401274 2.022386 -32.349548 0.314451 0.007945 0.018427 -0.733035 0.679895
1778756521.453841 2.004859 -32.403793 0.312102 0.015143 0.009463 -0.749598 0.661653
1778756521.522288 2.015339 -32.414429 0.305757 -0.004599 0.023519 -0.778566 0.627105
1778756521.567827 2.006990 -32.453606 0.312674 0.009100 0.005726 -0.803416 0.595321
1778756521.613349 2.001730 -32.495182 0.321656 0.010590 0.014088 -0.817163 0.576137
1778756521.664935 1.993055 -32.531963 0.323517 0.006913 0.019800 -0.819759 0.572325
1778756521.744107 1.982001 -32.567829 0.320875 -0.000929 0.009549 -0.818103 0.574992
1778756521.775800 1.975685 -32.602791 0.320786 -0.012834 0.017731 -0.817032 0.576177
1778756521.827231 1.965365 -32.634155 0.323057 -0.010369 0.015606 -0.817675 0.575375
1778756521.882987 1.952591 -32.665657 0.321306 -0.011054 0.013668 -0.816852 0.576579
1778756521.935129 1.941453 -32.705181 0.318800 -0.015613 0.010888 -0.816032 0.577694
1778756521.986401 1.925033 -32.756340 0.312420 -0.014179 0.007424 -0.815369 0.578720
1778756522.045207 1.914925 -32.795643 0.313424 -0.003249 0.014225 -0.814995 0.579285
1778756522.093329 1.899762 -32.840530 0.317060 -0.001803 0.006546 -0.815408 0.578847
1778756522.160770 1.883056 -32.892609 0.320127 -0.013129 0.010860 -0.816980 0.576414
1778756522.208111 1.864942 -32.932053 0.312189 0.000989 0.003699 -0.819206 0.573487
1778756522.257118 1.848732 -32.975632 0.312232 0.010024 0.003833 -0.827921 0.560742
1778756522.309780 1.828782 -33.013737 0.308480 0.015052 0.009899 -0.839671 0.542796
1778756522.369309 1.812191 -33.049030 0.302717 0.013269 0.017182 -0.857949 0.513276
1778756522.418386 1.794557 -33.077141 0.306403 0.000853 0.015256 -0.879165 0.476272
1778756522.474721 1.784143 -33.093243 0.310934 0.009608 0.004029 -0.899071 0.437678
1778756522.529850 1.768904 -33.114681 0.318812 0.010344 0.004553 -0.921743 0.387636
1778756522.579673 1.748562 -33.132992 0.320984 0.010784 0.009457 -0.941239 0.337438
1778756522.641222 1.726840 -33.147743 0.317484 0.014319 -0.016992 -0.955377 0.294553
1778756522.685013 1.708979 -33.164379 0.317351 0.020281 0.006545 -0.957752 0.286805
1778756522.738707 1.687644 -33.176170 0.317004 0.018163 0.005145 -0.959011 0.282741
1778756522.798101 1.658986 -33.195251 0.316504 0.014604 0.004606 -0.959324 0.281891
1778756522.853901 1.621857 -33.218109 0.313717 0.011506 0.000574 -0.959024 0.283089
1778756522.939600 1.587353 -33.239594 0.313226 0.010215 -0.002887 -0.958813 0.283839
1778756522.961783 1.555531 -33.259418 0.316256 0.006077 -0.009047 -0.958678 0.284285
1778756523.014236 1.519858 -33.283882 0.316505 0.002115 -0.005088 -0.958926 0.283603
1778756523.067612 1.472164 -33.311558 0.314321 -0.002185 0.002852 -0.958793 0.284085
1778756523.119368 1.440988 -33.332111 0.309601 0.014942 0.006582 -0.959525 0.281150
1778756523.173603 1.397926 -33.359509 0.310825 0.009893 0.010901 -0.959622 0.280906
1778756523.227178 1.354210 -33.388145 0.311700 0.000851 0.011653 -0.959050 0.282996
1778756523.292125 1.296576 -33.427658 0.307738 0.001951 0.005891 -0.958437 0.285237
1778756523.341065 1.282368 -33.432426 0.309856 0.013774 0.003906 -0.957432 0.288303
1778756523.389619 1.237683 -33.460865 0.315411 0.013891 -0.005474 -0.957711 0.287344
1778756523.445923 1.185760 -33.492611 0.317554 0.003998 -0.001784 -0.958223 0.285988
1778756523.495477 1.148531 -33.516258 0.306808 0.011211 0.004290 -0.958169 0.285951
1778756523.563282 1.130184 -33.523380 0.309714 0.018621 0.001963 -0.958894 0.283148
1778756523.602048 1.078686 -33.556213 0.312822 0.007435 0.005436 -0.958904 0.283582
1778756523.651437 1.019240 -33.596573 0.307097 -0.000331 0.002509 -0.958014 0.286710
1778756523.706631 1.006220 -33.597645 0.307143 0.015031 0.001669 -0.957454 0.288191
1778756523.762518 0.954539 -33.631351 0.313315 0.021501 -0.005103 -0.956982 0.289305
1778756523.855553 0.899105 -33.666569 0.315795 0.013146 -0.002831 -0.957645 0.287638
1778756523.870910 0.849493 -33.693947 0.304538 0.015983 -0.002186 -0.957481 0.288045
1778756523.921599 0.839798 -33.700825 0.307433 0.022577 0.007929 -0.958211 0.285061
1778756523.985958 0.784737 -33.735485 0.312157 0.009977 0.008125 -0.958111 0.286107
1778756524.028642 0.725567 -33.775082 0.301527 0.003172 0.006382 -0.957420 0.288611
1778756524.089463 0.707920 -33.789112 0.309901 0.019650 0.004208 -0.956590 0.290743
1778756524.132621 0.654679 -33.824444 0.313723 0.027873 -0.001524 -0.955802 0.292685
1778756524.193046 0.592507 -33.864536 0.304032 0.017797 0.004049 -0.956274 0.291901
1778756524.252252 0.581771 -33.875984 0.303480 0.025278 0.007601 -0.956033 0.292068
1778756524.292876 0.563124 -33.889008 0.307749 0.025632 0.012809 -0.956293 0.291004
1778756524.347581 0.506231 -33.928162 0.311189 0.010360 0.012614 -0.955468 0.294644
1778756524.420279 0.440987 -33.972187 0.301381 0.010027 0.012959 -0.955069 0.295931
1778756524.474072 0.429749 -33.969044 0.309446 0.013701 0.009664 -0.954050 0.299179
1778756524.506479 0.376761 -34.005375 0.315018 0.014686 0.005180 -0.954502 0.297797
1778756524.560053 0.327527 -34.043533 0.293338 0.004917 0.007934 -0.954887 0.296823
1778756524.620165 0.363958 -34.029942 0.300652 0.019106 0.006782 -0.955292 0.294969
1778756524.668462 0.308747 -34.067986 0.308418 0.016144 0.004977 -0.955230 0.295381
1778756524.721238 0.251661 -34.107948 0.312009 0.004053 0.005868 -0.954352 0.298601
1778756524.776345 0.205168 -34.138332 0.307834 0.012498 0.008560 -0.954142 0.298972
1778756524.829497 0.186052 -34.152416 0.311470 0.023266 0.013165 -0.954990 0.295432
1778756524.891179 0.165557 -34.185410 0.298724 0.033982 0.036106 -0.959906 0.275902
1778756524.933491 0.142703 -34.205372 0.303969 0.023467 0.018775 -0.966705 0.254123
1778756524.988295 0.124885 -34.208366 0.299970 -0.000164 -0.010201 -0.969190 0.246104
1778756525.039537 0.082675 -34.228176 0.304948 0.003636 -0.006119 -0.970134 0.242465
1778756525.104707 0.056334 -34.241829 0.308742 0.004620 -0.004283 -0.969526 0.244908
1778756525.145814 0.010167 -34.270630 0.305873 0.012338 0.009906 -0.968699 0.247733
1778756525.198928 -0.024703 -34.282490 0.309549 0.017712 -0.001280 -0.968344 0.248989
1778756525.268210 -0.059170 -34.299358 0.313246 0.012353 -0.010150 -0.968439 0.248736
1778756525.362590 -0.098050 -34.318394 0.314667 0.003818 -0.010183 -0.968957 0.246988
1778756525.390530 -0.142332 -34.336761 0.312491 -0.003858 -0.008733 -0.969272 0.245805
1778756525.419167 -0.182579 -34.362858 0.309531 0.015440 0.006098 -0.970489 0.240575
1778756525.465897 -0.225612 -34.384071 0.312898 0.007790 0.008835 -0.970830 0.239480
1778756525.542675 -0.270755 -34.411297 0.314629 -0.005603 0.011632 -0.970326 0.241455
1778756525.574567 -0.329386 -34.446373 0.307258 -0.014904 0.010373 -0.969685 0.243683
1778756525.632712 -0.374534 -34.471653 0.309847 0.002115 0.005947 -0.969089 0.246631
1778756525.679787 -0.424621 -34.501751 0.313795 -0.001981 0.001199 -0.968773 0.247939
1778756525.739722 -0.476576 -34.529785 0.318045 -0.014774 0.008838 -0.969253 0.245464
1778756525.806815 -0.534657 -34.550938 0.308365 -0.011647 -0.002255 -0.969044 0.246603
1778756525.836127 -0.569984 -34.580257 0.306219 -0.011207 0.006699 -0.970468 0.240875
1778756525.893275 -0.622128 -34.600632 0.302248 -0.015340 0.005079 -0.971880 0.234924
1778756525.950159 -0.672710 -34.620922 0.299269 -0.007605 0.000558 -0.975824 0.218424
1778756526.009535 -0.710144 -34.643257 0.292062 -0.017099 0.018352 -0.982503 0.184550
1778756526.058293 -0.740977 -34.654549 0.298101 -0.018965 -0.000906 -0.985451 0.168896
1778756526.110441 -0.771853 -34.666691 0.311524 -0.016946 -0.006173 -0.986151 0.164864
1778756526.163690 -0.802000 -34.676685 0.316712 -0.017764 -0.012747 -0.985912 0.165833
1778756526.251036 -0.836002 -34.685619 0.317858 -0.020829 -0.019257 -0.985115 0.169541
1778756526.272204 -0.870952 -34.699600 0.324370 -0.009188 0.000435 -0.985912 0.167010
1778756526.324716 -0.904178 -34.712658 0.317226 -0.009556 -0.001999 -0.986124 0.165724
1778756526.376731 -0.939965 -34.725655 0.316595 -0.020453 -0.000883 -0.985824 0.166530
1778756526.452565 -0.980838 -34.744656 0.315991 -0.034009 0.002362 -0.985060 0.168806
1778756526.481299 -1.030433 -34.764019 0.309756 -0.041125 0.000452 -0.984304 0.171621
1778756526.552248 -1.083672 -34.783508 0.317967 -0.013226 -0.002593 -0.984223 0.176421
1778756526.592584 -1.129930 -34.801579 0.318268 -0.014795 -0.009515 -0.983927 0.177701
1778756526.660871 -1.174090 -34.818005 0.321355 -0.019473 -0.006119 -0.984113 0.176368
1778756526.698443 -1.237378 -34.836441 0.311176 -0.026609 0.001406 -0.984161 0.175261
1778756526.748856 -1.244494 -34.839825 0.309257 -0.006998 0.006475 -0.985219 0.171035
1778756526.807595 -1.292223 -34.853504 0.307810 -0.003661 0.008062 -0.986267 0.164924
1778756526.869901 -1.345955 -34.865257 0.301691 0.001843 0.005552 -0.988034 0.154127
1778756526.907181 -1.381831 -34.877880 0.294142 -0.004102 0.024154 -0.991822 0.125256
1778756527.388034 -1.411990 -34.882023 0.292926 -0.018055 0.015009 -0.995525 0.091537
1778756527.391346 -1.441319 -34.890842 0.310889 -0.012721 0.004862 -0.998450 0.053970
1778756527.438066 -1.469920 -34.896805 0.318431 -0.010302 0.003740 -0.999919 0.006407
1778756527.444909 -1.496305 -34.898048 0.319828 -0.012287 -0.000170 -0.998765 -0.048138
1778756527.454274 -1.517521 -34.898739 0.318475 -0.021772 0.009618 -0.993915 -0.107546
1778756527.476474 -1.538687 -34.903893 0.317870 -0.012650 0.029203 -0.985709 -0.165424
1778756527.493208 -1.554493 -34.902824 0.317096 -0.004887 0.036556 -0.973379 -0.226216
1778756527.525305 -1.573815 -34.894279 0.316921 -0.008032 0.033746 -0.957706 -0.285652
1778756527.540364 -1.590851 -34.884270 0.315302 -0.018047 0.025522 -0.939252 -0.341802
1778756527.607312 -1.601852 -34.839989 0.314674 -0.000684 0.004925 -0.924072 -0.382187
1778756527.623669 -1.608001 -34.846611 0.307611 0.022045 0.003226 -0.917304 -0.397565
1778756527.643629 -1.614339 -34.837837 0.313616 0.013798 -0.001095 -0.906228 -0.422562
1778756527.684165 -1.623698 -34.828846 0.315922 0.011687 -0.004818 -0.892817 -0.450242
1778756527.695040 -1.633524 -34.813107 0.316994 0.005102 -0.007566 -0.890054 -0.455764
1778756527.748156 -1.646214 -34.795807 0.316725 -0.003804 -0.009701 -0.891589 -0.452726
1778756527.786151 -1.661127 -34.776405 0.316335 0.002210 -0.009638 -0.891870 -0.452184
1778756527.815850 -1.676615 -34.753044 0.314497 0.008169 -0.006368 -0.891483 -0.452935
1778756527.884386 -1.695284 -34.728672 0.313698 0.002867 -0.006683 -0.892343 -0.451300
1778756527.921373 -1.714454 -34.703487 0.314290 -0.003392 -0.003306 -0.892653 -0.450720
1778756527.984179 -1.738884 -34.673279 0.314487 -0.010011 0.001947 -0.893469 -0.449009
1778756528.026253 -1.774044 -34.625771 0.306178 -0.010690 0.005687 -0.893567 -0.448768
1778756528.085057 -1.795349 -34.599373 0.307787 -0.001527 -0.001545 -0.895552 -0.444953
1778756528.132852 -1.820825 -34.564907 0.312262 -0.007996 -0.004873 -0.895033 -0.445902
1778756528.196265 -1.852950 -34.522640 0.316355 -0.009139 0.006857 -0.893879 -0.448163
1778756528.246461 -1.882464 -34.476395 0.312277 -0.003318 0.008454 -0.893807 -0.448361
1778756528.295451 -1.915244 -34.441105 0.309662 0.014350 0.006916 -0.891437 -0.452865
1778756528.347516 -1.943401 -34.399052 0.310645 0.009460 0.009351 -0.891212 -0.453393
1778756528.413681 -1.979776 -34.352978 0.311673 -0.002677 0.014826 -0.892589 -0.450619
1778756528.468982 -2.025414 -34.291824 0.305959 -0.001567 0.011300 -0.893386 -0.449145
1778756528.518147 -2.052836 -34.257633 0.308699 0.006657 -0.003869 -0.894813 -0.446375
1778756528.567527 -2.083177 -34.221931 0.309696 0.009721 -0.000910 -0.890052 -0.455755
1778756528.646075 -2.109923 -34.186741 0.292888 0.019617 0.003718 -0.879950 -0.474647
1778756528.677222 -2.133338 -34.153023 0.296888 -0.003790 -0.009854 -0.864993 -0.501673
1778756528.726554 -2.150633 -34.132721 0.304570 0.004115 -0.000683 -0.844073 -0.536212
1778756528.782676 -2.162487 -34.102844 0.308510 0.005232 -0.000594 -0.820183 -0.572078
1778756528.831804 -2.171144 -34.071404 0.308548 0.005945 -0.001996 -0.789716 -0.613440
1778756528.898768 -2.174380 -34.045605 0.306821 -0.004370 -0.006818 -0.757777 -0.652463
1778756528.944914 -2.175702 -34.025452 0.316023 -0.010345 -0.016460 -0.720495 -0.693187
1778756529.002077 -2.174560 -34.005615 0.321091 -0.015945 -0.017663 -0.685220 -0.727948
1778756529.050952 -2.171345 -33.978535 0.322053 -0.017605 -0.016935 -0.632417 -0.774243
1778756529.099749 -2.168227 -33.955345 0.317240 -0.009188 -0.019677 -0.588710 -0.808053
1778756529.162520 -2.159925 -33.940571 0.318524 -0.007128 -0.027470 -0.545636 -0.837542
1778756529.208317 -2.158337 -33.929554 0.316523 -0.002971 -0.030135 -0.497432 -0.866975
1778756529.259222 -2.153002 -33.919983 0.311826 0.001178 -0.029611 -0.448870 -0.893106
1778756529.318841 -2.148820 -33.911270 0.313351 0.003892 -0.024288 -0.401223 -0.915650
1778756529.370536 -2.147604 -33.906067 0.314410 0.004858 -0.022229 -0.354702 -0.934702
1778756529.434669 -2.151798 -33.904289 0.317933 0.002088 -0.017860 -0.301937 -0.953158
1778756529.474830 -2.154065 -33.900661 0.319881 0.000731 -0.014020 -0.243461 -0.969809
1778756529.556798 -2.158330 -33.897251 0.318493 0.000932 -0.015267 -0.182924 -0.983008
1778756529.580930 -2.161162 -33.894562 0.314440 0.008309 -0.013404 -0.131596 -0.991178
1778756529.632454 -2.161064 -33.892387 0.311285 0.008752 -0.014547 -0.095157 -0.995318
1778756529.691605 -2.156028 -33.887356 0.310076 0.012769 -0.009664 -0.078244 -0.996806
1778756529.765670 -2.148289 -33.885151 0.308675 0.010755 -0.009029 -0.079510 -0.996735
1778756529.826715 -2.135114 -33.883175 0.309255 -0.000085 -0.009373 -0.083673 -0.996449
1778756529.848038 -2.116100 -33.878220 0.309434 -0.002711 -0.014128 -0.087245 -0.996083
1778756529.898114 -2.093549 -33.873714 0.307988 -0.001552 -0.020567 -0.089218 -0.995799
1778756529.953355 -2.064100 -33.869057 0.304427 -0.001665 -0.024078 -0.090994 -0.995559
1778756530.012490 -2.031438 -33.861111 0.304364 0.003880 -0.016539 -0.092119 -0.995603
1778756530.062948 -2.003772 -33.856789 0.308514 -0.003026 -0.011733 -0.092574 -0.995632
1778756530.129690 -1.971920 -33.847305 0.312700 -0.006274 -0.016581 -0.111771 -0.993576
1778756530.168642 -1.943346 -33.837254 0.318698 0.007751 -0.015578 -0.149397 -0.988624
1778756530.246862 -1.910944 -33.822212 0.308863 0.028272 -0.018287 -0.196265 -0.979973
1778756530.275592 -1.887981 -33.814590 0.312257 0.026109 -0.012090 -0.247794 -0.968386
1778756530.334296 -1.865629 -33.799488 0.322077 0.034480 -0.007916 -0.298773 -0.953668
1778756530.381166 -1.834201 -33.787231 0.324477 0.042684 -0.004715 -0.350541 -0.935563
1778756530.440037 -1.808236 -33.770706 0.318519 0.042156 0.000165 -0.377609 -0.925005
1778756530.503911 -1.785551 -33.751240 0.320778 0.039140 -0.007357 -0.378557 -0.924721
1778756530.542088 -1.759164 -33.734623 0.322585 0.023770 -0.006296 -0.376470 -0.926103
1778756530.599249 -1.731433 -33.709332 0.321307 0.015599 0.006383 -0.374973 -0.926883
1778756530.682204 -1.705129 -33.673183 0.311607 0.036861 0.007723 -0.372560 -0.927243
1778756530.786694 -1.682266 -33.651562 0.311185 0.033138 -0.008434 -0.368660 -0.928935
1778756530.792418 -1.649946 -33.620052 0.312368 0.032375 -0.004504 -0.367969 -0.929263
1778756530.815375 -1.619536 -33.585449 0.312238 0.027385 0.007006 -0.370091 -0.928566
1778756530.873734 -1.582794 -33.546265 0.311519 0.016599 0.016258 -0.372651 -0.927681
1778756530.925918 -1.547233 -33.511681 0.304621 0.008689 -0.011587 -0.376849 -0.926162
1778756530.967327 -1.511901 -33.476410 0.310448 -0.000591 -0.012214 -0.376107 -0.926495
1778756531.019942 -1.474221 -33.440762 0.313774 0.000215 -0.006546 -0.373844 -0.927468
1778756531.076990 -1.429352 -33.401440 0.307873 0.001702 0.000469 -0.373050 -0.927809
1778756531.145695 -1.398514 -33.375504 0.309536 0.007644 -0.015642 -0.369873 -0.928919
1778756531.175599 -1.358811 -33.339115 0.313912 0.005701 -0.007582 -0.367732 -0.929883
1778756531.231505 -1.316244 -33.297085 0.315896 0.004403 0.006904 -0.370639 -0.928741
1778756531.290821 -1.268409 -33.247276 0.309663 0.001600 0.008195 -0.371926 -0.928225
1778756531.334829 -1.229919 -33.216972 0.309660 -0.002991 -0.016249 -0.374929 -0.926906
1778756531.392808 -1.197708 -33.176643 0.312768 -0.000520 -0.014715 -0.375175 -0.926837
1778756531.437626 -1.168385 -33.138168 0.300075 0.007234 -0.008416 -0.381497 -0.924304
1778756531.504507 -1.131411 -33.108208 0.302366 -0.012003 -0.007242 -0.401225 -0.915872
1778756531.565446 -1.103695 -33.073811 0.311252 -0.005589 -0.002782 -0.425921 -0.904739
1778756531.639836 -1.063724 -33.045734 0.318365 0.000944 -0.010160 -0.449684 -0.893129
1778756531.670898 -1.026429 -33.010269 0.315703 0.000013 -0.017585 -0.453978 -0.890839
1778756531.715130 -0.998641 -32.984375 0.324001 -0.002168 -0.012553 -0.452141 -0.891856
1778756531.795461 -0.976886 -32.964066 0.320790 -0.007497 -0.011596 -0.450587 -0.892626
1778756531.822672 -0.955394 -32.932724 0.320619 -0.009768 -0.010820 -0.450664 -0.892575
1778756531.879721 -0.931909 -32.901810 0.319653 -0.010290 -0.002531 -0.451844 -0.892034
1778756531.930856 -0.905520 -32.866283 0.313405 0.007491 -0.006662 -0.452648 -0.891633
1778756531.995215 -0.883910 -32.836159 0.312571 0.010924 -0.015734 -0.449431 -0.893110
1778756532.051584 -0.854687 -32.790638 0.315098 0.013532 -0.000343 -0.450004 -0.892924
1778756532.101933 -0.827071 -32.747528 0.314628 0.008543 0.014364 -0.453217 -0.891244
1778756532.156720 -0.793658 -32.700996 0.305910 0.001218 0.013583 -0.456040 -0.889855
1778756532.217237 -0.765518 -32.661674 0.307421 0.006871 -0.009439 -0.458440 -0.888649
1778756532.294111 -0.733749 -32.614674 0.314914 -0.001881 -0.014012 -0.457941 -0.888870
1778756532.323437 -0.711619 -32.568474 0.315411 0.005878 -0.005911 -0.460248 -0.887752
1778756532.372990 -0.681346 -32.534046 0.307683 0.002704 -0.010085 -0.476623 -0.879046
1778756532.428499 -0.666106 -32.499897 0.312151 0.005985 -0.004138 -0.498465 -0.866879
1778756532.496526 -0.636757 -32.466537 0.314861 0.009683 -0.007112 -0.517083 -0.855851
1778756532.534366 -0.615089 -32.434612 0.316729 0.004469 -0.010810 -0.521839 -0.852964
1778756532.586165 -0.597362 -32.403591 0.319834 0.003681 0.001997 -0.520706 -0.853726
1778756532.635309 -0.577996 -32.373470 0.318377 -0.004171 -0.000852 -0.521170 -0.853442
1778756532.691037 -0.563490 -32.349194 0.319540 -0.007919 -0.004911 -0.519054 -0.854690
1778756532.738647 -0.548562 -32.315941 0.321206 -0.001265 -0.002726 -0.495787 -0.868439
1778756532.830079 -0.523846 -32.290165 0.313066 0.003580 -0.007497 -0.457450 -0.889197
1778756532.853222 -0.514395 -32.268147 0.311184 0.016719 -0.012414 -0.431808 -0.901725
1778756532.911367 -0.495913 -32.237759 0.313047 0.019562 -0.020583 -0.424869 -0.904810
1778756532.979662 -0.473213 -32.210552 0.312681 0.011943 -0.023729 -0.425761 -0.904446
1778756533.016016 -0.449879 -32.178131 0.310881 0.004877 -0.022720 -0.426372 -0.904249
1778756533.072679 -0.426990 -32.151051 0.309642 -0.000498 -0.011935 -0.425882 -0.904700
1778756533.128845 -0.400357 -32.118763 0.314649 -0.011911 -0.018957 -0.425200 -0.904822
1778756533.204251 -0.379370 -32.088486 0.315624 -0.009636 -0.011609 -0.424583 -0.905263
1778756533.251672 -0.346642 -32.048859 0.313113 0.004735 -0.003487 -0.424774 -0.905280
1778756533.285936 -0.322070 -32.029171 0.306401 -0.002389 -0.009439 -0.431384 -0.902116
1778756533.339204 -0.302229 -32.001041 0.314624 0.003939 -0.010570 -0.449337 -0.893291
1778756533.407666 -0.280450 -31.974277 0.319046 0.012612 -0.010607 -0.476037 -0.879271
1778756533.457871 -0.258431 -31.944418 0.316602 0.012530 -0.015188 -0.506407 -0.862070
1778756533.508321 -0.232186 -31.917454 0.309918 0.023625 -0.002025 -0.526449 -0.849876
1778756533.555433 -0.223064 -31.897631 0.309950 0.022081 -0.002315 -0.528919 -0.848382
1778756533.611335 -0.212833 -31.877010 0.313454 0.023851 -0.002178 -0.529423 -0.848020
1778756533.666867 -0.204834 -31.848209 0.313810 0.037047 0.011756 -0.528405 -0.848103
1778756533.718776 -0.191329 -31.822973 0.310603 0.025384 0.015088 -0.528574 -0.848374
1778756533.773239 -0.186267 -31.797724 0.306017 0.035408 0.022353 -0.526675 -0.849035
1778756533.830389 -0.175978 -31.774227 0.307435 0.032391 0.018623 -0.527592 -0.848676
1778756533.885546 -0.163499 -31.750277 0.308633 0.028331 0.016053 -0.527368 -0.849013
1778756533.935954 -0.152443 -31.724443 0.309307 0.020404 0.013769 -0.528668 -0.848472
1778756533.990072 -0.135655 -31.693710 0.309203 0.010160 0.010586 -0.530431 -0.847601
1778756534.041342 -0.124517 -31.662813 0.305643 0.015308 0.011899 -0.530553 -0.847430
1778756534.170991 -0.107022 -31.640860 0.306981 0.005030 0.009227 -0.531247 -0.847152
1778756534.175030 -0.094083 -31.615187 0.310288 -0.006217 0.010182 -0.530826 -0.847397
1778756534.201848 -0.083536 -31.589115 0.311043 -0.005804 0.012997 -0.529573 -0.848145
1778756534.261916 -0.069804 -31.558807 0.310507 -0.003497 0.018121 -0.528688 -0.848616
1778756534.307009 -0.055591 -31.528360 0.308865 -0.000805 0.017626 -0.528862 -0.848525
1778756534.366895 -0.046215 -31.500071 0.309108 0.005853 0.018311 -0.525951 -0.850298
1778756534.415595 -0.038798 -31.476475 0.312132 0.004258 0.017150 -0.525485 -0.850619
1778756534.469456 -0.027374 -31.451563 0.314691 0.005210 0.015794 -0.506792 -0.861908
1778756534.529816 -0.014971 -31.427776 0.315160 0.004543 0.013620 -0.482745 -0.875643
1778756534.585682 -0.002718 -31.406342 0.312959 -0.000516 0.012121 -0.458367 -0.888680
1778756534.635925 0.013312 -31.383993 0.309840 -0.005349 0.014707 -0.428448 -0.903431
1778756534.678830 0.032528 -31.363184 0.307441 -0.001409 0.013239 -0.403517 -0.914875
1778756534.735207 0.054214 -31.349762 0.302401 -0.003728 0.006113 -0.403383 -0.915003
1778756534.787727 0.070884 -31.336231 0.302489 -0.009865 0.006460 -0.404173 -0.914607
1778756534.834484 0.087519 -31.322893 0.302950 -0.015373 0.003551 -0.401655 -0.915655
1778756534.888227 0.103214 -31.309620 0.302741 -0.024599 0.003341 -0.400074 -0.916147
1778756534.945621 0.119427 -31.295286 0.302997 -0.030029 0.006589 -0.399024 -0.916425
1778756534.996432 0.140028 -31.278084 0.302314 -0.038449 0.013661 -0.399170 -0.915969
1778756535.046578 0.153973 -31.256559 0.304773 -0.016721 0.012502 -0.392398 -0.919558
1778756535.096858 0.170318 -31.236813 0.308614 -0.013844 0.002546 -0.382544 -0.923830
1778756535.155626 0.182007 -31.219011 0.311762 -0.008774 0.004469 -0.368174 -0.929705
1778756535.270199 0.194353 -31.204645 0.312283 -0.003019 0.007367 -0.347620 -0.937602
1778756535.272852 0.210757 -31.186125 0.309156 0.000449 0.012987 -0.323426 -0.946164
1778756535.316563 0.229394 -31.168146 0.306709 0.004009 0.018337 -0.299784 -0.953822
1778756535.369149 0.252884 -31.154865 0.308232 -0.001879 -0.000391 -0.299632 -0.954053
1778756535.420129 0.272716 -31.142834 0.307910 -0.003944 -0.009938 -0.302864 -0.952974
1778756535.467533 0.292750 -31.128971 0.307352 0.010809 -0.002410 -0.303073 -0.952903
1778756535.530233 0.313827 -31.118589 0.309772 0.004856 -0.004039 -0.298813 -0.954291
1778756535.573113 0.330605 -31.107056 0.313242 0.001088 -0.005772 -0.282786 -0.959165
1778756535.638068 0.353024 -31.092297 0.314847 0.008532 -0.008179 -0.253444 -0.967278
1778756535.681103 0.377322 -31.079784 0.314365 0.014172 -0.008542 -0.215830 -0.976291
1778756535.735698 0.388439 -31.069763 0.311096 0.010755 -0.007857 -0.188826 -0.981920
1778756535.783705 0.405630 -31.063019 0.311414 0.002769 -0.019269 -0.182973 -0.982925
1778756535.863921 0.418874 -31.056667 0.311580 0.003298 -0.018844 -0.181219 -0.983257
1778756535.889186 0.431450 -31.051569 0.310566 0.003958 -0.019879 -0.182152 -0.983062
1778756535.941947 0.441733 -31.045580 0.310441 0.005602 -0.020793 -0.177212 -0.983937
1778756535.995120 0.459139 -31.041336 0.310033 0.002192 -0.021341 -0.160472 -0.986807
1778756536.080266 0.483488 -31.038639 0.309280 -0.005475 -0.020952 -0.133130 -0.990862
1778756536.098584 0.509495 -31.036724 0.309576 -0.003845 -0.015119 -0.114815 -0.993264
1778756536.170398 0.538094 -31.030827 0.309224 -0.010436 -0.006267 -0.114037 -0.993402
1778756536.209782 0.564303 -31.026764 0.311971 -0.019167 -0.010687 -0.115546 -0.993060
1778756536.279827 0.592141 -31.020193 0.313046 -0.022446 -0.007792 -0.114305 -0.993162
1778756536.321401 0.624626 -31.015112 0.312430 -0.021968 -0.000565 -0.112878 -0.993366
1778756536.375640 0.661992 -31.010868 0.310215 -0.025389 0.007022 -0.112973 -0.993249
1778756536.418484 0.704353 -30.997490 0.308934 -0.002607 -0.014801 -0.105535 -0.994302
1778756536.489675 0.734468 -30.993509 0.311018 -0.009040 -0.015064 -0.102075 -0.994622
1778756536.521290 0.770109 -30.987057 0.312525 -0.000744 -0.010993 -0.093582 -0.995551
1778756536.583042 0.810542 -30.981890 0.307872 -0.001777 -0.010804 -0.073008 -0.997271
1778756536.634370 0.847552 -30.975660 0.302376 0.007048 -0.015761 -0.039833 -0.999057
1778756536.707572 0.878321 -30.973795 0.307598 0.002325 -0.005574 -0.018455 -0.999812
1778756536.744483 0.901421 -30.977268 0.314727 -0.009722 -0.008218 -0.021182 -0.999695
1778756536.791973 0.929146 -30.982235 0.317627 -0.019857 -0.006029 -0.022220 -0.999538
1778756536.846737 0.960053 -30.986967 0.315830 -0.035007 0.000695 -0.023792 -0.999104
1778756536.903224 0.995726 -30.983847 0.315148 -0.017108 -0.008402 -0.019658 -0.999625
1778756536.955986 1.025061 -30.981689 0.314507 -0.010405 -0.019794 -0.018655 -0.999576
1778756537.001690 1.063160 -30.982620 0.315628 -0.007878 -0.013049 -0.018240 -0.999718
1778756537.059767 1.108277 -30.979071 0.315711 -0.001463 -0.001340 -0.019283 -0.999812
1778756537.111084 1.159997 -30.974892 0.313087 0.001803 0.006505 -0.020939 -0.999758
1778756537.162261 1.203523 -30.974314 0.309087 0.001125 -0.012854 -0.024001 -0.999629
1778756537.621418 1.255009 -30.972908 0.314120 -0.006527 -0.009799 -0.023574 -0.999653
1778756537.625859 1.304126 -30.969791 0.316678 -0.000884 -0.005519 -0.021733 -0.999748
1778756537.642780 1.367351 -30.969681 0.311437 0.007614 -0.003640 -0.021729 -0.999728
1778756537.646010 1.407574 -30.963772 0.309048 0.009616 -0.016305 -0.017253 -0.999672
1778756537.654843 1.523972 -30.958141 0.311412 0.010452 0.001691 -0.017844 -0.999785
1778756537.718323 1.593843 -30.952776 0.305666 0.010655 -0.001048 -0.018749 -0.999767
1778756537.720625 1.649603 -30.951429 0.308650 -0.003191 -0.005716 -0.024480 -0.999679
1778756537.752199 1.706895 -30.948996 0.316051 -0.004230 0.002227 -0.022407 -0.999738
1778756537.773682 1.763402 -30.939783 0.299470 0.005682 0.010113 -0.031036 -0.999451
1778756537.792639 1.736347 -30.935455 0.302283 0.002924 -0.004603 -0.041682 -0.999116
1778756537.828085 1.775075 -30.933987 0.315272 0.000173 -0.009397 -0.042062 -0.999071
1778756537.874564 1.828597 -30.930233 0.319947 0.004952 -0.004131 -0.044188 -0.999003
1778756537.920427 1.894763 -30.926050 0.319878 0.001816 -0.004829 -0.044885 -0.998979
1778756537.972098 1.934761 -30.922709 0.310145 0.000072 -0.008655 -0.046044 -0.998902
1778756538.020796 1.986972 -30.919075 0.314539 -0.004520 -0.004586 -0.046064 -0.998918
1778756538.079587 2.036472 -30.904871 0.312293 0.004751 0.003301 -0.049346 -0.998765
1778756538.127911 2.089418 -30.901196 0.303984 0.012346 -0.000470 -0.066770 -0.997692
1778756538.178336 2.117725 -30.895853 0.305668 0.006926 0.008218 -0.093179 -0.995591
1778756538.242135 2.157682 -30.890699 0.317584 0.011654 0.007334 -0.125036 -0.992057
1778756538.299237 2.201946 -30.888817 0.314781 0.007700 0.005791 -0.146970 -0.989094
1778756538.346412 2.234716 -30.882713 0.319713 0.001413 0.007380 -0.147965 -0.988964
1778756538.401144 2.269277 -30.874542 0.319940 0.005455 0.017784 -0.145969 -0.989114
1778756538.453102 2.299185 -30.870302 0.321904 -0.005874 0.011546 -0.145883 -0.989217
1778756538.525670 2.322983 -30.859592 0.321832 -0.007114 0.011970 -0.148784 -0.988772
1778756538.559129 2.361352 -30.845350 0.321290 0.003785 0.016468 -0.162034 -0.986641
1778756538.611636 2.397080 -30.831821 0.314973 0.018757 0.007450 -0.189680 -0.981639
1778756538.671146 2.418233 -30.817944 0.314465 0.024032 0.001325 -0.223436 -0.974421
1778756538.714838 2.439871 -30.807352 0.317971 0.023844 0.003830 -0.246579 -0.968822
1778756538.767466 2.466360 -30.791990 0.317783 0.023006 0.011686 -0.253099 -0.967096
1778756538.827505 2.497151 -30.772999 0.315243 0.019561 0.020303 -0.251693 -0.967396
1778756538.874833 2.532022 -30.753624 0.310423 0.002135 0.010177 -0.252953 -0.967423
1778756538.937507 2.556632 -30.737366 0.314637 0.013061 0.009699 -0.254029 -0.967060
1778756538.980452 2.584141 -30.724232 0.317545 0.008361 0.011315 -0.263733 -0.964493
1778756539.037708 2.604618 -30.704435 0.314492 0.012465 0.015258 -0.284515 -0.958469
1778756539.094728 2.632365 -30.683466 0.314750 0.022336 0.016265 -0.317262 -0.947935
1778756539.157136 2.653235 -30.663212 0.308375 0.028418 0.014355 -0.358160 -0.933117
1778756539.225045 2.666659 -30.647562 0.313385 0.029934 0.014963 -0.397757 -0.916880
1778756539.258825 2.681200 -30.626554 0.318355 0.041603 0.021577 -0.443417 -0.895089
1778756539.320284 2.701876 -30.606054 0.316964 0.044841 0.027626 -0.480647 -0.875331
1778756539.365312 2.718643 -30.579987 0.315081 0.023888 0.012480 -0.492731 -0.869764
1778756539.434933 2.729497 -30.555248 0.319964 0.021920 0.017182 -0.491804 -0.870260
1778756539.472872 2.748828 -30.530045 0.323287 0.010437 0.017349 -0.491535 -0.870623
1778756539.527099 2.767627 -30.497684 0.324056 0.004747 0.025591 -0.490056 -0.871303
1778756539.579415 2.790184 -30.461546 0.322649 0.007939 0.030419 -0.490264 -0.871007
1778756539.631370 2.808943 -30.428867 0.316941 0.014942 0.015115 -0.489524 -0.871731
1778756539.686034 2.829968 -30.396378 0.315910 0.008761 0.012966 -0.488879 -0.872212
1778756539.738615 2.851622 -30.357224 0.314784 0.003720 0.015608 -0.491458 -0.870754
1778756539.805236 2.878370 -30.311148 0.313850 -0.004541 0.020475 -0.493565 -0.869456
1778756539.860275 2.909296 -30.255661 0.309985 0.001205 -0.004803 -0.496878 -0.867806
1778756539.918436 2.937208 -30.210169 0.311283 -0.008783 -0.003494 -0.498800 -0.866666
1778756539.966018 2.962796 -30.166725 0.313718 -0.010894 0.003337 -0.495819 -0.868351
1778756540.017226 2.994525 -30.116793 0.309711 -0.006126 0.014705 -0.494426 -0.869074
1778756540.071461 3.009177 -30.086174 0.308621 0.002119 0.000082 -0.491222 -0.871032
1778756540.124538 3.031651 -30.048365 0.311312 0.004346 -0.000093 -0.490302 -0.871542
1778756540.172632 3.057349 -30.001425 0.312305 0.004564 0.012912 -0.491487 -0.870777
1778756540.225407 3.086433 -29.945686 0.315491 0.000078 0.022010 -0.493774 -0.869312
1778756540.282769 3.116935 -29.898838 0.307613 -0.000726 -0.001893 -0.496920 -0.867794
1778756540.352862 3.147268 -29.840677 0.312854 -0.002185 -0.008775 -0.499654 -0.866178
1778756540.387304 3.179626 -29.788343 0.317803 -0.002657 0.000185 -0.497834 -0.867268
1778756540.445537 3.218699 -29.727690 0.307709 0.005535 0.009284 -0.497012 -0.867676
1778756540.495964 3.220814 -29.720165 0.310045 0.019138 -0.006451 -0.492605 -0.870019
1778756540.550823 3.253327 -29.664751 0.311310 0.017689 0.003999 -0.491320 -0.870790
1778756540.606307 3.285296 -29.607401 0.296451 0.017312 0.015784 -0.493910 -0.869198
1778756540.654572 3.298027 -29.598955 0.301844 0.017925 0.011738 -0.495735 -0.868210
1778756540.708971 3.327627 -29.547623 0.311731 0.009252 0.005537 -0.497877 -0.867181
1778756540.760766 3.359453 -29.493362 0.319805 0.010551 0.012652 -0.496580 -0.867835
1778756540.812861 3.392298 -29.444996 0.311047 0.009686 0.007980 -0.497643 -0.867291
1778756540.884705 3.407077 -29.420620 0.309446 0.004756 -0.004126 -0.487302 -0.873211
1778756540.922482 3.431836 -29.377501 0.309134 0.014968 0.004292 -0.458570 -0.888522
1778756540.982542 3.464095 -29.336369 0.308861 0.011995 0.004440 -0.418108 -0.908307
1778756541.027878 3.482111 -29.308300 0.306120 0.018712 0.014476 -0.371841 -0.927995
1778756541.079632 3.505584 -29.283007 0.312401 -0.003344 0.003367 -0.324151 -0.945993
1778756541.136478 3.526464 -29.254330 0.324165 0.003331 -0.002287 -0.269196 -0.963077
1778756541.190402 3.551818 -29.241144 0.328292 0.007918 -0.008246 -0.212781 -0.977033
1778756541.242695 3.566471 -29.230917 0.327284 -0.006639 0.000718 -0.172678 -0.984956
1778756541.293904 3.576889 -29.207033 0.321057 0.019129 0.004731 -0.092211 -0.995545
1778756541.344892 3.584634 -29.197659 0.318098 0.027452 0.003924 -0.026138 -0.999274
1778756541.402417 3.595984 -29.192116 0.316128 0.018671 -0.000278 0.035251 -0.999204
1778756541.450941 3.601470 -29.186523 0.309947 0.018310 -0.003943 0.100993 -0.994711
1778756541.514886 3.604085 -29.187347 0.311647 0.015353 -0.003062 0.165650 -0.986060
1778756541.555963 3.599607 -29.185209 0.319397 0.003509 0.005383 0.227242 -0.973817
1778756541.607766 3.600941 -29.176481 0.320635 -0.003587 0.015381 0.300463 -0.953663
1778756541.663013 3.601053 -29.173328 0.320203 0.013360 0.003098 0.363081 -0.931657
1778756541.717499 3.597973 -29.175617 0.314838 0.010012 0.005049 0.411552 -0.911318
1778756541.771214 3.600634 -29.174271 0.313255 0.021902 0.004260 0.433290 -0.900979
1778756541.824275 3.601239 -29.173338 0.310916 0.035449 0.003261 0.438511 -0.898020
1778756541.905329 3.600952 -29.173693 0.310009 0.019547 0.009384 0.437041 -0.899181
1778756541.960193 3.609915 -29.180126 0.309723 0.016997 0.008995 0.437361 -0.899081
1778756542.011511 3.617090 -29.187569 0.309924 0.014916 0.008767 0.439065 -0.898289
1778756542.065051 3.625383 -29.196024 0.309657 0.012477 0.006829 0.439878 -0.897945
1778756542.117421 3.633590 -29.204479 0.309175 0.010054 0.005227 0.439980 -0.897936
1778756542.172792 3.641802 -29.215166 0.308846 0.003267 0.000883 0.437488 -0.899218
1778756542.224884 3.647760 -29.224730 0.308115 -0.001737 -0.002074 0.435907 -0.899988
1778756542.277683 3.655868 -29.237068 0.304721 -0.003837 -0.008096 0.435424 -0.900181
1778756542.333437 3.662684 -29.247843 0.301517 0.001973 -0.008637 0.434544 -0.900607
1778756542.389476 3.667581 -29.255651 0.298697 0.007929 -0.009117 0.433500 -0.901073
1778756542.446664 3.670320 -29.260733 0.298607 0.011155 -0.006467 0.433482 -0.901070
1778756542.495136 3.675255 -29.266666 0.298588 0.010104 -0.002999 0.432513 -0.901566
1778756542.554570 3.681031 -29.273273 0.299351 0.006963 -0.001021 0.431995 -0.901849
1778756542.603638 3.685981 -29.279573 0.300922 0.005747 -0.000308 0.434123 -0.900835
1778756542.658437 3.692156 -29.286936 0.302562 0.002209 0.001797 0.436551 -0.899675
1778756542.737662 3.700558 -29.296652 0.303196 0.003622 0.003463 0.438580 -0.898678
1778756542.761658 3.710869 -29.310991 0.302485 0.006056 0.005982 0.439995 -0.897960
1778756542.827384 3.723200 -29.327457 0.300183 0.008031 0.009584 0.440810 -0.897514
1778756542.868393 3.738015 -29.343256 0.300003 0.015363 -0.005254 0.444152 -0.895804
1778756542.928964 3.755426 -29.362707 0.303304 0.018441 -0.005913 0.445210 -0.895217
1778756542.976905 3.769886 -29.377426 0.305651 0.017015 -0.005397 0.442346 -0.896667
1778756543.032697 3.784321 -29.394396 0.306375 0.014248 -0.002577 0.441323 -0.897231
1778756543.093379 3.802534 -29.413887 0.305214 0.017773 -0.001657 0.440026 -0.897808
1778756543.141742 3.820383 -29.436113 0.303242 0.016392 0.001044 0.441649 -0.897038
1778756543.194641 3.833644 -29.454988 0.302225 0.011782 0.001191 0.448653 -0.893628
1778756543.247767 3.853856 -29.477484 0.300282 0.024220 -0.003213 0.466008 -0.884443
1778756543.299989 3.862138 -29.498253 0.306226 0.010150 0.003559 0.469840 -0.882686
1778756543.356041 3.872628 -29.515629 0.308772 0.007657 0.008734 0.470608 -0.882266
1778756543.407401 3.884531 -29.533857 0.309538 0.004445 0.011267 0.470465 -0.882336
1778756543.461493 3.896424 -29.553923 0.308445 0.003207 0.014236 0.470938 -0.882046
1778756543.517505 3.909039 -29.575508 0.306866 0.003659 0.019350 0.471220 -0.881796
1778756543.568716 3.926675 -29.598192 0.306486 0.014621 0.006373 0.474279 -0.880230
1778756543.623146 3.941482 -29.622194 0.307427 0.011727 -0.000093 0.476233 -0.879241
1778756543.678443 3.958575 -29.642635 0.310611 0.012732 0.000076 0.474448 -0.880192
1778756543.737132 3.973605 -29.664715 0.312351 0.012660 0.000557 0.472934 -0.881007
1778756543.785704 3.990780 -29.687969 0.311187 0.014302 0.001074 0.471537 -0.881729
1778756543.851156 4.006587 -29.711720 0.308915 0.012857 0.000353 0.470181 -0.882476
1778756543.888990 4.019296 -29.739128 0.303849 0.001187 -0.011680 0.468664 -0.883298
1778756543.941681 4.030145 -29.753418 0.300640 0.016855 -0.021391 0.469359 -0.882587
1778756544.007339 4.034524 -29.763311 0.304609 0.015851 -0.023862 0.466173 -0.884230
1778756544.049122 4.037060 -29.770647 0.306914 0.013631 -0.023882 0.462019 -0.886444
1778756544.101848 4.037429 -29.773117 0.310091 0.012802 -0.022776 0.459213 -0.887942
1778756544.159916 4.036352 -29.771549 0.310892 0.013438 -0.021596 0.459333 -0.887900
1778756544.210137 4.034351 -29.769930 0.311247 0.014524 -0.020270 0.460655 -0.887229
1778756544.270008 4.032792 -29.769199 0.311577 0.016512 -0.020411 0.462600 -0.886178
1778756544.314293 4.031855 -29.770002 0.311861 0.017138 -0.021174 0.463845 -0.885498
1778756544.367458 4.031156 -29.771002 0.312126 0.017058 -0.021481 0.463983 -0.885419
1778756544.424444 4.030782 -29.771307 0.312188 0.017166 -0.021627 0.463848 -0.885485
1778756544.475075 4.030532 -29.770994 0.312156 0.017341 -0.021546 0.463864 -0.885475
1778756544.527174 4.030574 -29.770651 0.312123 0.017660 -0.021570 0.464019 -0.885387
1778756544.580603 4.030642 -29.770628 0.312089 0.017701 -0.021666 0.463954 -0.885417
1778756544.635253 4.030587 -29.770761 0.312103 0.017514 -0.021665 0.463852 -0.885475
1778756544.690747 4.029791 -29.771391 0.312433 0.017225 -0.021467 0.464753 -0.885012
1778756544.737099 4.029259 -29.771591 0.313191 0.016237 -0.020922 0.471332 -0.881558
1778756544.798752 4.029301 -29.770819 0.314251 0.015045 -0.020853 0.486509 -0.873297
1778756544.845865 4.029624 -29.769730 0.315485 0.014073 -0.022665 0.507934 -0.860983
1778756544.909035 4.029530 -29.767998 0.316606 0.012755 -0.022507 0.533005 -0.845717
1778756544.953725 4.029545 -29.766579 0.317542 0.008382 -0.019730 0.563949 -0.825531
1778756545.004466 4.029954 -29.767509 0.318235 0.003602 -0.018995 0.595960 -0.802781
1778756545.061672 4.030427 -29.769773 0.318388 0.001302 -0.019041 0.631863 -0.774846
1778756545.115958 4.032542 -29.772717 0.317654 -0.001624 -0.020437 0.669865 -0.742200
1778756545.168160 4.040816 -29.775723 0.315490 -0.001020 -0.019155 0.708820 -0.705128
1778756545.215940 4.043211 -29.780972 0.311849 0.006481 -0.020690 0.747226 -0.664216
1778756545.272802 4.048695 -29.782885 0.304369 0.010808 -0.020133 0.785945 -0.617874
1778756545.326898 4.043818 -29.778900 0.299437 0.009078 -0.008523 0.821950 -0.569424
1778756545.392010 4.045673 -29.777554 0.306104 0.002927 -0.003236 0.860715 -0.509069
1778756545.430477 4.048898 -29.776442 0.309244 0.005848 0.000246 0.896426 -0.443155
1778756545.484762 4.052771 -29.774626 0.307749 0.005188 -0.010962 0.925396 -0.378809
1778756545.532524 4.055766 -29.774685 0.308502 -0.002586 -0.017185 0.946997 -0.320773
1778756545.587141 4.054535 -29.775126 0.309033 -0.009993 -0.020946 0.967331 -0.252454
1778756545.636988 4.053925 -29.775961 0.307527 -0.012978 -0.019914 0.982490 -0.184793
1778756545.691765 4.055172 -29.776178 0.305247 -0.002478 -0.025410 0.993019 -0.115161
1778756545.743823 4.055816 -29.778704 0.314618 -0.006629 -0.015312 0.998595 -0.050303
1778756545.797093 4.056599 -29.782423 0.319163 -0.000904 -0.016093 0.999586 0.023816
1778756545.853703 4.051836 -29.778759 0.319764 -0.003069 -0.028287 0.994891 0.096863
1778756545.903766 4.049264 -29.780989 0.317972 0.005527 -0.022686 0.986292 0.163349
1778756545.960620 4.043027 -29.786549 0.315895 -0.008865 -0.038576 0.977539 0.207003
1778756546.013891 4.034914 -29.783411 0.315208 -0.009810 -0.043779 0.975578 0.215022
1778756546.062066 4.020284 -29.778858 0.312364 -0.003568 -0.040166 0.975030 0.218382
1778756546.118760 4.000044 -29.773211 0.309975 0.001919 -0.034099 0.974794 0.220479
1778756546.170677 3.975306 -29.765596 0.307498 0.003119 -0.028182 0.975151 0.219718
1778756546.228003 3.945706 -29.754112 0.306590 -0.000126 -0.023293 0.975764 0.217583
1778756546.276923 3.910712 -29.738495 0.306528 -0.006681 -0.015491 0.976498 0.214864
1778756546.329655 3.883952 -29.727432 0.309446 -0.003365 -0.012052 0.976771 0.213921
1778756546.381954 3.850082 -29.714165 0.311288 -0.002426 -0.009693 0.973767 0.227328
1778756546.433496 3.816819 -29.700497 0.309753 -0.016556 -0.027215 0.967302 0.251618
1778756546.487253 3.789840 -29.680702 0.308104 -0.008443 -0.008834 0.959174 0.282554
1778756546.539978 3.765881 -29.673975 0.311479 -0.013692 -0.016897 0.945989 0.323469
1778756546.598520 3.746290 -29.662004 0.313642 -0.016722 -0.018733 0.930357 0.365795
1778756546.649159 3.726978 -29.644745 0.312481 -0.009668 -0.017173 0.912104 0.409484
1778756546.717035 3.709213 -29.619633 0.309762 -0.005198 -0.011653 0.889400 0.456951
1778756546.754150 3.700101 -29.588112 0.309839 -0.011578 -0.001671 0.874842 0.484267
1778756546.819794 3.686655 -29.565681 0.315488 -0.005777 0.001921 0.871632 0.490123
1778756546.870161 3.674688 -29.541908 0.316932 0.000877 0.005203 0.869652 0.493637
1778756546.921311 3.659542 -29.516827 0.315587 0.010753 0.010281 0.868518 0.495435
1778756546.970540 3.643349 -29.487040 0.313598 0.021780 0.004990 0.868247 0.495629
1778756547.026482 3.622368 -29.452360 0.313929 0.008051 -0.007290 0.866807 0.498525
1778756547.078351 3.601264 -29.424932 0.311751 -0.003481 0.005485 0.865870 0.500226
1778756547.133818 3.577864 -29.388136 0.311785 0.002792 -0.000769 0.865808 0.500368
1778756547.183216 3.551326 -29.350494 0.311096 0.010780 -0.011982 0.867057 0.497948
1778756547.247452 3.519297 -29.302336 0.309564 0.019731 -0.018240 0.868394 0.495147
1778756547.300907 3.491300 -29.254787 0.310747 0.001760 0.010896 0.870795 0.491522
1778756547.349142 3.463241 -29.210361 0.316197 0.000544 0.011524 0.871358 0.490512
1778756547.406808 3.434179 -29.164106 0.320094 -0.001209 0.006533 0.871086 0.491085
1778756547.453639 3.400858 -29.108305 0.310071 -0.007029 -0.005098 0.870985 0.491233
1778756547.519906 3.397368 -29.101967 0.310864 -0.019941 0.001908 0.867959 0.496232
1778756547.561980 3.366722 -29.052298 0.312425 -0.020942 -0.001660 0.867458 0.497067
1778756547.612655 3.340064 -29.001158 0.310897 -0.011491 -0.007275 0.868925 0.494758
1778756547.839710 3.315027 -28.962934 0.302926 -0.016318 -0.015565 0.863744 0.503426
1778756547.846668 3.309741 -28.950472 0.308364 -0.013106 -0.008039 0.855114 0.518213
1778756547.887666 3.287509 -28.918531 0.316440 -0.019934 -0.011725 0.838034 0.545128
1778756547.898836 3.271320 -28.884403 0.321360 -0.024993 -0.010184 0.814734 0.579207
1778756547.923902 3.254191 -28.854902 0.321903 -0.010196 -0.013257 0.785381 0.618787
1778756547.976078 3.228522 -28.841629 0.319962 -0.019973 -0.021347 0.757686 0.651964
1778756547.991247 3.224550 -28.823128 0.319106 -0.023941 -0.021284 0.749776 0.660916
1778756548.060085 3.215246 -28.799374 0.316430 -0.019046 -0.021732 0.747920 0.663159
1778756548.095802 3.205384 -28.769588 0.314647 -0.011167 -0.028718 0.748144 0.662821
1778756548.153231 3.198822 -28.733706 0.315261 0.000194 -0.020383 0.750531 0.660520
1778756548.202841 3.190765 -28.687054 0.319853 -0.004805 -0.001635 0.754605 0.656160
1778756548.253033 3.185230 -28.653040 0.317191 -0.003613 0.001071 0.755341 0.655321
1778756548.309102 3.178254 -28.609331 0.316859 0.002733 0.003350 0.754914 0.655810
1778756548.366757 3.171263 -28.561979 0.317579 -0.000216 -0.007114 0.754134 0.656682
1778756548.414811 3.168217 -28.519234 0.311419 -0.002487 -0.000474 0.754180 0.656663
1778756548.463743 3.158730 -28.480192 0.309205 -0.006548 -0.000181 0.752921 0.658079
1778756548.516794 3.153039 -28.428358 0.309412 -0.004671 -0.007048 0.753766 0.657088
1778756548.584282 3.144527 -28.370268 0.310102 0.001481 -0.013740 0.755736 0.654731
1778756548.625363 3.134989 -28.317446 0.307970 -0.006160 -0.008570 0.756147 0.654317
1778756548.677044 3.133904 -28.290142 0.311755 -0.000521 0.002188 0.757890 0.652378
1778756548.728018 3.126108 -28.239765 0.317201 0.002006 -0.002042 0.757184 0.653196
1778756548.783435 3.118844 -28.173832 0.321654 0.001029 -0.015877 0.756273 0.654062
1778756548.839659 3.114081 -28.134415 0.311129 -0.012691 -0.003252 0.754948 0.655654
1778756548.894662 3.112419 -28.093758 0.309597 -0.013806 -0.003926 0.754203 0.656485
1778756548.950706 3.101461 -28.029953 0.310803 -0.007516 -0.015967 0.755560 0.654842
1778756549.000471 3.088940 -27.954670 0.302968 -0.008475 -0.017611 0.756052 0.654219
1778756549.055023 3.092432 -27.947302 0.306144 -0.007076 -0.002983 0.758612 0.651498
1778756549.107795 3.081384 -27.876575 0.310861 0.000809 0.000361 0.758679 0.651464
1778756549.160793 3.071801 -27.810072 0.316083 -0.002403 -0.013248 0.757832 0.652310
1778756549.214658 3.063715 -27.804348 0.304061 -0.016014 -0.009089 0.756313 0.653951
1778756549.267321 3.056106 -27.739052 0.308093 -0.013001 -0.009055 0.752930 0.657910
1778756549.333813 3.043646 -27.678411 0.311758 -0.004968 -0.022937 0.753981 0.656477
1778756549.380181 3.026546 -27.603512 0.294671 0.000554 -0.031588 0.755143 0.654798
1778756549.427315 3.039648 -27.586782 0.304333 -0.007038 -0.000753 0.758556 0.651570
1778756549.488539 3.024860 -27.519962 0.312511 -0.010406 0.003410 0.757918 0.652258
1778756549.542633 3.017684 -27.459028 0.316343 -0.009491 -0.004458 0.757401 0.652866
1778756549.584270 3.016760 -27.420914 0.302931 0.003059 0.004736 0.758266 0.651921
1778756549.637044 3.012257 -27.371469 0.308944 -0.004720 0.000966 0.755647 0.654962
1778756549.693144 3.003298 -27.307705 0.313744 0.003192 -0.006283 0.757453 0.652852
1778756549.744580 2.985785 -27.230587 0.306732 -0.002517 -0.010396 0.757084 0.653230
1778756549.795324 2.993259 -27.220501 0.310389 0.005295 0.007341 0.759845 0.650041
1778756549.856467 2.983678 -27.156481 0.316242 0.012615 0.006047 0.760294 0.649428
1778756549.909940 2.970310 -27.091965 0.294629 0.011109 -0.009265 0.759879 0.649904
1778756549.960238 2.965076 -27.105446 0.307048 -0.005011 -0.002612 0.757880 0.652369
1778756550.014838 2.955780 -27.041851 0.310300 -0.003099 -0.009092 0.757621 0.652624
1778756550.066488 2.942457 -26.973452 0.314330 0.000650 -0.022312 0.759402 0.650238
1778756550.121469 2.928804 -26.907183 0.306995 -0.002726 -0.014738 0.759894 0.649874
1778756550.182963 2.929873 -26.892990 0.306225 -0.028772 -0.005467 0.770937 0.636238
1778756550.229530 2.912305 -26.839582 0.307817 -0.040241 -0.016160 0.792416 0.608438
1778756550.282850 2.901088 -26.786760 0.301083 -0.024534 -0.011389 0.820017 0.571700
1778756550.336952 2.892837 -26.744577 0.304090 -0.018211 -0.010632 0.848978 0.528008
1778756550.413388 2.883170 -26.703400 0.310880 -0.030377 -0.001646 0.874357 0.484329
1778756550.443944 2.881866 -26.684795 0.318283 -0.042230 -0.015020 0.900481 0.432580
1778756550.496061 2.877018 -26.656237 0.323219 -0.022139 -0.030545 0.924451 0.379430
1778756550.551807 2.873485 -26.636934 0.322872 -0.003487 -0.004848 0.937014 0.349242
1778756550.616968 2.858355 -26.614248 0.323870 0.004407 -0.008413 0.940992 0.338295
1778756550.678175 2.837187 -26.581934 0.324011 0.019775 -0.012102 0.940901 0.337887
1778756550.723526 2.810355 -26.567396 0.315616 -0.009859 -0.027769 0.936951 0.348217
1778756550.781904 2.790725 -26.545067 0.314599 -0.014307 -0.026634 0.923655 0.382032
1778756550.829281 2.772862 -26.528461 0.315013 -0.016013 -0.038788 0.907292 0.418403
1778756550.896587 2.751495 -26.505045 0.314175 -0.011996 -0.037822 0.894892 0.444516
1778756550.936488 2.729516 -26.479025 0.312413 -0.007785 -0.030883 0.891399 0.452099
1778756550.993258 2.709938 -26.451031 0.309990 -0.001200 -0.025183 0.892047 0.451239
1778756551.049438 2.685135 -26.420164 0.308439 -0.014899 -0.002578 0.895617 0.444569
1778756551.097446 2.669027 -26.387829 0.303594 -0.002166 0.000659 0.897331 0.441353
1778756551.150436 2.653249 -26.358215 0.304714 0.018792 0.004283 0.896036 0.443563
1778756551.199459 2.635747 -26.327482 0.305651 0.035544 -0.000160 0.894065 0.446525
1778756551.253191 2.613832 -26.289186 0.306910 0.046231 -0.006081 0.891778 0.450064
1778756551.312497 2.584814 -26.257704 0.310936 0.007702 -0.019797 0.887965 0.459420
1778756551.356704 2.567865 -26.225853 0.309150 0.008673 -0.007540 0.887327 0.460997
1778756551.412613 2.540295 -26.191660 0.310079 0.009391 -0.019404 0.887558 0.460192
1778756551.463061 2.514480 -26.154627 0.308023 0.010479 -0.022178 0.888653 0.457924
1778756551.520237 2.497954 -26.114069 0.294538 -0.004765 -0.010701 0.889524 0.456738
1778756551.571397 2.477579 -26.098848 0.298958 -0.018878 -0.044294 0.886749 0.459737
1778756551.632800 2.470411 -26.074968 0.309862 -0.010650 -0.021958 0.889480 0.456321
1778756551.682095 2.455583 -26.065046 0.313359 -0.016910 -0.021946 0.888914 0.457236
1778756551.731927 2.448707 -26.055687 0.312104 -0.015888 -0.009939 0.889326 0.456890
1778756551.786133 2.442641 -26.050301 0.309146 -0.007868 -0.004495 0.889405 0.457030
1778756551.845523 2.440237 -26.046257 0.308343 -0.008062 -0.006075 0.889872 0.456099
1778756551.896896 2.438473 -26.042496 0.306625 -0.007211 -0.006507 0.890390 0.455096
1778756551.951475 2.436910 -26.038971 0.306106 -0.006260 -0.006374 0.890838 0.454233
1778756552.004263 2.434381 -26.035349 0.305559 -0.005454 -0.006973 0.891378 0.453175
1778756552.057618 2.431426 -26.031759 0.304713 -0.004046 -0.007953 0.891806 0.452329
