# raw base_link odometry (TUM format), robot's own estimator
1779361284.736473 -12.079054 22.023069 0.319047 -0.002798 0.005486 -0.600110 -0.799894
1779361284.764566 -12.079033 22.023075 0.319055 -0.002808 0.005482 -0.600136 -0.799874
1779361284.846269 -12.079120 22.023052 0.319048 -0.002761 0.005592 -0.600201 -0.799825
1779361284.867411 -12.079135 22.023069 0.319048 -0.002722 0.005592 -0.600185 -0.799837
1779361284.924459 -12.079110 22.023075 0.319058 -0.002737 0.005562 -0.600153 -0.799861
1779361284.972373 -12.079101 22.023081 0.319068 -0.002727 0.005549 -0.600205 -0.799822
1779361285.033274 -12.079161 22.023062 0.319076 -0.002693 0.005633 -0.600272 -0.799772
1779361285.079283 -12.079215 22.023069 0.319092 -0.002642 0.005671 -0.600274 -0.799770
1779361285.135119 -12.079170 22.023048 0.319085 -0.002711 0.005653 -0.600171 -0.799848
1779361285.191381 -12.079123 22.023071 0.319092 -0.002731 0.005587 -0.600137 -0.799873
1779361285.242208 -12.079165 22.023073 0.319060 -0.002686 0.005623 -0.600216 -0.799814
1779361285.319715 -12.079203 22.023081 0.319072 -0.002649 0.005655 -0.600233 -0.799801
1779361285.346132 -12.079164 22.023048 0.319081 -0.002706 0.005634 -0.600172 -0.799847
1779361285.411752 -12.079091 22.023067 0.319070 -0.002755 0.005530 -0.600137 -0.799873
1779361285.456310 -12.079103 22.023100 0.319074 -0.002701 0.005532 -0.600202 -0.799825
1779361285.571451 -12.079165 22.023106 0.319082 -0.002648 0.005577 -0.600278 -0.799768
1779361285.660642 -12.079128 22.023083 0.319060 -0.002691 0.005571 -0.600245 -0.799792
1779361285.662890 -12.079067 22.023088 0.319052 -0.002752 0.005482 -0.600212 -0.799818
1779361285.686025 -12.079074 22.023104 0.319050 -0.002726 0.005486 -0.600265 -0.799778
1779361285.755807 -12.079127 22.023117 0.319064 -0.002655 0.005526 -0.600331 -0.799728
1779361285.780231 -12.079114 22.023129 0.319068 -0.002646 0.005494 -0.600340 -0.799722
1779361285.832157 -12.079075 22.023146 0.319069 -0.002669 0.005430 -0.600286 -0.799763
1779361285.886827 -12.079068 22.023165 0.319086 -0.002661 0.005418 -0.600282 -0.799766
1779361285.978564 -12.079124 22.023153 0.319101 -0.002620 0.005489 -0.600383 -0.799689
1779361286.010212 -12.079149 22.023130 0.319060 -0.002610 0.005529 -0.600413 -0.799667
1779361286.049634 -12.079135 22.023092 0.319063 -0.002690 0.005550 -0.600338 -0.799723
1779361286.112986 -12.079084 22.023075 0.319056 -0.002746 0.005522 -0.600304 -0.799748
1779361286.164740 -12.079103 22.023058 0.319043 -0.002752 0.005565 -0.600373 -0.799696
1779361286.281396 -12.079157 22.023024 0.319039 -0.002739 0.005631 -0.600432 -0.799651
1779361286.327945 -12.079123 22.023008 0.319047 -0.002787 0.005608 -0.600421 -0.799660
1779361286.332427 -12.079067 22.023001 0.319068 -0.002848 0.005559 -0.600355 -0.799709
1779361286.380534 -12.079067 22.023018 0.319071 -0.002828 0.005544 -0.600386 -0.799686
1779361286.443404 -12.079115 22.022980 0.319068 -0.002833 0.005633 -0.600387 -0.799685
1779361286.478080 -12.079126 22.022976 0.319084 -0.002838 0.005645 -0.600355 -0.799709
1779361286.593884 -12.079076 22.022949 0.319075 -0.002915 0.005627 -0.600284 -0.799762
1779361286.691059 -12.079068 22.022953 0.319064 -0.002913 0.005610 -0.600291 -0.799756
1779361286.700042 -12.079087 22.022989 0.319059 -0.002868 0.005594 -0.600351 -0.799712
1779361286.702339 -12.079130 22.022980 0.319065 -0.002831 0.005644 -0.600384 -0.799687
1779361286.774650 -12.079113 22.022963 0.319064 -0.002853 0.005650 -0.600322 -0.799733
1779361286.954877 -12.079077 22.022940 0.319070 -0.002903 0.005636 -0.600324 -0.799732
1779361287.493462 -12.079123 22.022947 0.319074 -0.002874 0.005680 -0.600389 -0.799683
1779361287.496109 -12.079166 22.022863 0.319061 -0.002937 0.005816 -0.600374 -0.799693
1779361287.513260 -12.079154 22.022894 0.319051 -0.002914 0.005772 -0.600335 -0.799723
1779361287.517376 -12.079149 22.022949 0.319046 -0.002837 0.005731 -0.600402 -0.799673
1779361287.544147 -12.079206 22.022943 0.319064 -0.002790 0.005779 -0.600495 -0.799603
1779361287.547549 -12.079155 22.022886 0.319033 -0.002918 0.005773 -0.600401 -0.799673
1779361287.567267 -12.079157 22.022924 0.319037 -0.002862 0.005744 -0.600409 -0.799667
1779361287.570145 -12.079186 22.022909 0.319050 -0.002846 0.005781 -0.600460 -0.799629
1779361287.584356 -12.079202 22.022902 0.319040 -0.002851 0.005800 -0.600498 -0.799600
1779361287.596367 -12.079142 22.022884 0.319072 -0.002934 0.005759 -0.600386 -0.799684
1779361287.629577 -12.079136 22.022930 0.319081 -0.002881 0.005716 -0.600452 -0.799636
1779361287.635909 -12.079203 22.022921 0.319075 -0.002829 0.005801 -0.600480 -0.799614
1779361287.651775 -12.080428 22.020668 0.319774 -0.001078 0.008849 -0.600927 -0.799254
1779361287.703122 -12.081197 22.021460 0.322307 -0.000787 0.010047 -0.603462 -0.797329
1779361287.814310 -12.083089 22.018646 0.318613 0.002666 0.011440 -0.606637 -0.794892
1779361287.824181 -12.084556 22.016890 0.315467 0.006367 0.009513 -0.609423 -0.792762
1779361287.869974 -12.085117 22.017117 0.314045 0.008411 0.009778 -0.611388 -0.791226
1779361287.918487 -12.084440 22.018534 0.313372 0.010299 0.010260 -0.612659 -0.790214
1779361287.988029 -12.083885 22.020527 0.312912 0.011875 0.010551 -0.614243 -0.788957
1779361288.021346 -12.083326 22.022686 0.312711 0.012615 0.010891 -0.615285 -0.788128
1779361288.074617 -12.082983 22.024340 0.312494 0.013193 0.010856 -0.615750 -0.787757
1779361288.126932 -12.082820 22.025974 0.312302 0.013881 0.010895 -0.616438 -0.787206
1779361288.208531 -12.082724 22.027304 0.312240 0.014160 0.010918 -0.617038 -0.786730
1779361288.233049 -12.082565 22.028217 0.312181 0.014236 0.010828 -0.617414 -0.786435
1779361288.302706 -12.082300 22.029007 0.312194 0.014187 0.010862 -0.617467 -0.786394
1779361288.339791 -12.082091 22.029696 0.312213 0.014138 0.010835 -0.617536 -0.786341
1779361288.404878 -12.081953 22.030245 0.312175 0.014175 0.010720 -0.617606 -0.786287
1779361288.444301 -12.081813 22.030752 0.312137 0.014241 0.010642 -0.617639 -0.786261
1779361288.510070 -12.081748 22.031189 0.312157 0.014236 0.010664 -0.617724 -0.786194
1779361288.564334 -12.081607 22.031437 0.312149 0.014204 0.010669 -0.617600 -0.786292
1779361288.632013 -12.080855 22.031807 0.311766 0.014299 0.011052 -0.618137 -0.785863
1779361288.697195 -12.079486 22.032356 0.310721 0.014549 0.011630 -0.625832 -0.779736
1779361288.718986 -12.078244 22.032537 0.311506 0.014658 0.010863 -0.641299 -0.767074
1779361288.776211 -12.077297 22.031458 0.314143 0.017600 0.012575 -0.664433 -0.747035
1779361288.841639 -12.076998 22.031776 0.316883 0.022763 0.019407 -0.698573 -0.714913
1779361288.873150 -12.076527 22.032211 0.319010 0.024830 0.022298 -0.734088 -0.678234
1779361288.941774 -12.075439 22.032621 0.319557 0.023504 0.021361 -0.769653 -0.637672
1779361288.994493 -12.076517 22.033806 0.316911 0.017880 0.010268 -0.801986 -0.596987
1779361289.051489 -12.077205 22.033848 0.317233 0.013861 0.007785 -0.830188 -0.557256
1779361289.095844 -12.079522 22.035173 0.318006 0.017309 -0.000910 -0.855722 -0.517146
1779361289.138051 -12.080249 22.036573 0.316766 0.021643 -0.003316 -0.881048 -0.472520
1779361289.308635 -12.085727 22.038532 0.313430 0.024600 -0.005164 -0.906129 -0.422254
1779361289.309780 -12.090039 22.038120 0.309252 0.032316 -0.003321 -0.931798 -0.361521
1779361289.321598 -12.092281 22.037191 0.308935 0.022622 -0.007413 -0.955878 -0.292798
1779361289.354926 -12.094106 22.037539 0.314568 0.016659 0.000079 -0.975441 -0.219630
1779361289.412957 -12.097434 22.040117 0.314677 0.010780 -0.000811 -0.990122 -0.139791
1779361289.462917 -12.098287 22.043230 0.311920 0.007796 -0.013655 -0.998212 -0.057674
1779361289.518591 -12.097076 22.045336 0.312522 -0.000115 -0.024687 -0.999400 0.024307
1779361289.572046 -12.095013 22.047039 0.315020 0.013082 -0.019839 -0.994466 0.102336
1779361289.644356 -12.096496 22.043880 0.312538 0.017435 -0.014738 -0.982756 0.183492
1779361289.672898 -12.098404 22.038488 0.310116 0.021282 -0.008554 -0.966145 0.256977
1779361289.740067 -12.100031 22.032803 0.304334 0.012141 -0.011007 -0.944038 0.329429
1779361289.780047 -12.099686 22.032181 0.307187 0.003038 -0.000270 -0.915798 0.401629
1779361289.832492 -12.101748 22.028891 0.310273 -0.007417 0.009947 -0.880765 0.473392
1779361289.886354 -12.103622 22.021513 0.310981 -0.015760 0.021987 -0.838448 0.544311
1779361289.957374 -12.104224 22.013268 0.312963 -0.013612 0.026188 -0.795130 0.605721
1779361290.006773 -12.104776 22.001966 0.322653 -0.016487 0.033257 -0.752345 0.657723
1779361290.050102 -12.103562 21.988537 0.328556 -0.007136 0.029417 -0.705706 0.707858
1779361290.113980 -12.095703 21.975117 0.331341 -0.008631 0.021659 -0.652693 0.757263
1779361290.159527 -12.079210 21.951586 0.330206 -0.012760 0.013258 -0.593427 0.804678
1779361290.236994 -12.067292 21.926493 0.319038 -0.013814 0.004737 -0.545482 0.837995
1779361290.263839 -12.053210 21.909092 0.317846 0.003481 0.022139 -0.527457 0.849286
1779361290.316134 -12.035269 21.884029 0.321506 -0.005234 0.020654 -0.519102 0.854447
1779361290.375101 -12.014175 21.855822 0.321709 -0.016301 0.000319 -0.519312 0.854429
1779361290.423985 -11.993046 21.817913 0.304553 -0.023293 -0.016420 -0.533927 0.845050
1779361290.473813 -11.976902 21.784128 0.308806 0.004326 -0.003839 -0.552972 0.833180
1779361290.529212 -11.957790 21.740971 0.315118 0.008376 -0.007900 -0.583727 0.811868
1779361290.587606 -11.946996 21.690067 0.322922 -0.008351 0.000129 -0.625652 0.780058
1779361290.639383 -11.940228 21.634644 0.311364 0.013262 -0.024408 -0.670907 0.741021
1779361290.697501 -11.933547 21.596708 0.309538 0.009418 -0.005211 -0.707330 0.706802
1779361290.767064 -11.933596 21.549519 0.291692 0.020796 -0.017005 -0.732553 0.680179
1779361290.808438 -11.920025 21.551508 0.286601 -0.000010 -0.009750 -0.756192 0.654278
1779361290.865399 -11.930566 21.503347 0.299077 0.035145 -0.039021 -0.766448 0.640156
1779361290.915658 -11.934208 21.455320 0.308234 0.025303 -0.037842 -0.780128 0.623961
1779361290.966320 -11.949640 21.397343 0.314491 0.016507 -0.025844 -0.791905 0.609874
1779361291.020803 -11.964294 21.352455 0.299142 0.027581 -0.046415 -0.798159 0.600023
1779361291.074831 -11.979074 21.304136 0.307553 0.011556 -0.027141 -0.808290 0.588046
1779361291.184135 -11.997499 21.252420 0.311346 0.002585 -0.026444 -0.813126 0.581481
1779361291.185208 -12.010641 21.195122 0.305625 -0.008020 -0.009112 -0.817656 0.575580
1779361291.228876 -12.023573 21.179018 0.310277 0.005028 -0.021964 -0.809439 0.586772
1779361291.286207 -12.031437 21.132177 0.313154 -0.001789 -0.018523 -0.798321 0.601945
1779361291.357146 -12.044771 21.078741 0.316500 -0.013677 -0.024991 -0.784450 0.619538
1779361291.446289 -12.050340 21.052471 0.306801 -0.002292 0.001792 -0.774960 0.632003
1779361291.450421 -12.061567 20.995186 0.307689 -0.002792 0.004539 -0.766170 0.642616
1779361291.503433 -12.068148 20.934238 0.312251 -0.016878 0.001568 -0.756736 0.653501
1779361291.558037 -12.082735 20.866461 0.300193 -0.014196 -0.002711 -0.752695 0.658211
1779361291.608021 -12.084010 20.848989 0.305396 -0.006120 0.001930 -0.753105 0.657870
1779361291.666154 -12.089760 20.798717 0.311318 -0.007362 -0.000163 -0.756120 0.654392
1779361291.715263 -12.086148 20.745167 0.301349 -0.015099 0.010560 -0.760148 0.649489
1779361291.771673 -12.095629 20.699186 0.295942 -0.002009 -0.001215 -0.762898 0.646514
1779361291.828868 -12.091109 20.659481 0.303654 -0.012669 0.001538 -0.772321 0.635105
1779361291.879247 -12.097945 20.621864 0.311652 -0.012511 0.000640 -0.780988 0.624420
1779361291.934139 -12.103125 20.582682 0.313044 -0.014164 -0.001690 -0.787593 0.616031
1779361291.988968 -12.113052 20.542669 0.312797 -0.013444 -0.005152 -0.792701 0.609441
1779361292.141426 -12.120247 20.504164 0.307806 -0.012430 0.001553 -0.797495 0.603196
1779361292.143390 -12.135435 20.475189 0.307324 -0.004223 -0.005169 -0.799432 0.600719
1779361292.147697 -12.144683 20.446251 0.311028 -0.003001 -0.013052 -0.803863 0.594663
1779361292.199851 -12.153384 20.415958 0.311388 -0.007943 -0.012064 -0.808978 0.587661
1779361292.266394 -12.164719 20.382708 0.310009 -0.010777 -0.012334 -0.812603 0.582587
1779361292.307207 -12.174681 20.348431 0.307321 -0.010110 -0.003889 -0.814924 0.579466
1779361292.364633 -12.181888 20.319551 0.309944 -0.009917 0.002424 -0.817598 0.575700
1779361292.412895 -12.185099 20.299162 0.314773 -0.013625 0.000528 -0.817812 0.575324
1779361292.484222 -12.193209 20.267971 0.316133 -0.018318 0.000073 -0.818415 0.574335
1779361292.529717 -12.198909 20.238464 0.315404 -0.024948 -0.001786 -0.818634 0.573770
1779361292.597119 -12.207102 20.204098 0.313091 -0.027502 -0.004012 -0.818385 0.573997
1779361292.625771 -12.218714 20.172068 0.308375 -0.017712 -0.008243 -0.817514 0.575578
1779361292.697146 -12.226959 20.143229 0.307024 -0.014420 0.003048 -0.816627 0.576978
1779361292.735992 -12.236065 20.116140 0.308360 -0.018771 -0.001753 -0.817196 0.576051
1779361292.789237 -12.242748 20.091974 0.309047 -0.020832 -0.002406 -0.819309 0.572969
1779361292.852588 -12.250179 20.062864 0.308128 -0.026209 0.002506 -0.821387 0.569763
1779361292.918679 -12.260003 20.030396 0.306746 -0.025910 0.008137 -0.821756 0.569193
1779361293.080996 -12.266335 20.001163 0.306975 -0.030102 0.013719 -0.823869 0.565814
1779361293.086027 -12.278791 19.950590 0.310414 -0.021603 0.013890 -0.823547 0.566666
1779361293.128294 -12.286760 19.923491 0.309521 -0.018852 0.015521 -0.823370 0.566980
1779361293.168571 -12.294810 19.892921 0.307087 -0.017821 0.014150 -0.822202 0.568741
1779361293.217703 -12.305359 19.861637 0.304998 -0.015233 0.010115 -0.821109 0.570479
1779361293.292927 -12.313664 19.831566 0.301908 -0.015342 0.016320 -0.820342 0.571435
1779361293.323422 -12.326441 19.807369 0.303335 -0.013780 0.011154 -0.819114 0.573357
1779361293.374965 -12.335434 19.782791 0.305850 -0.011937 0.000708 -0.819749 0.572598
1779361293.429491 -12.342171 19.756950 0.306068 -0.013364 0.001789 -0.821710 0.569746
1779361293.485255 -12.350408 19.727455 0.305260 -0.018712 0.005750 -0.822807 0.567983
1779361293.535231 -12.359616 19.698584 0.305182 -0.017313 0.003361 -0.823042 0.567707
1779361293.610422 -12.367428 19.670935 0.307084 -0.022761 0.009463 -0.823766 0.566394
1779361293.642154 -12.374573 19.646557 0.309866 -0.022210 0.011706 -0.823345 0.566985
1779361293.697881 -12.381826 19.625267 0.311958 -0.017043 0.008804 -0.823418 0.567110
1779361293.781879 -12.390312 19.600597 0.311748 -0.014889 0.010979 -0.823331 0.567260
1779361293.827771 -12.398555 19.570179 0.309949 -0.016717 0.009696 -0.822506 0.568428
1779361293.857191 -12.408562 19.537046 0.308204 -0.020543 0.004824 -0.821935 0.569191
1779361294.004213 -12.420672 19.502436 0.309204 -0.005656 -0.001464 -0.820300 0.571904
1779361294.016283 -12.432611 19.462479 0.312535 -0.007055 0.003125 -0.819950 0.572384
1779361294.060154 -12.445267 19.427378 0.313800 -0.012705 -0.007125 -0.820817 0.571006
1779361294.073227 -12.457633 19.388647 0.315165 -0.017770 -0.009000 -0.822259 0.568765
1779361294.120892 -12.476271 19.338902 0.316763 -0.025055 -0.001950 -0.822557 0.568127
1779361294.176087 -12.487494 19.303308 0.310062 -0.007968 -0.000383 -0.824162 0.566298
1779361294.260030 -12.502838 19.257750 0.310218 -0.011870 0.001841 -0.824860 0.565209
1779361294.288621 -12.519501 19.210781 0.310638 -0.016602 0.000684 -0.823900 0.566492
1779361294.334271 -12.539157 19.153713 0.314025 -0.018813 -0.004966 -0.822045 0.569090
1779361294.388964 -12.547408 19.134979 0.307707 -0.004597 -0.000291 -0.821012 0.570893
1779361294.451784 -12.564415 19.085236 0.312830 0.000687 -0.003903 -0.820452 0.571701
1779361294.542364 -12.584235 19.026636 0.317941 -0.012640 -0.001558 -0.822497 0.568627
1779361294.566342 -12.614313 18.960974 0.308869 -0.014054 0.002987 -0.823074 0.567753
1779361294.622693 -12.618459 18.938770 0.307239 0.000467 0.007262 -0.824569 0.565715
1779361294.672147 -12.635637 18.891020 0.309299 -0.011050 0.004743 -0.824031 0.566417
1779361294.727722 -12.655819 18.834665 0.311996 -0.018624 -0.001366 -0.821150 0.570407
1779361294.780192 -12.679386 18.769773 0.308149 -0.008066 -0.001312 -0.820223 0.571985
1779361294.827909 -12.688776 18.745138 0.311828 0.006729 -0.004747 -0.818612 0.574288
1779361294.883049 -12.708067 18.694986 0.316978 0.003192 -0.007745 -0.819349 0.573234
1779361294.941540 -12.731024 18.638031 0.320062 -0.009755 -0.006180 -0.820109 0.572091
1779361295.008172 -12.742744 18.597912 0.313460 0.000743 0.011709 -0.821003 0.570804
1779361295.048702 -12.766296 18.544107 0.313960 0.008237 0.013872 -0.823410 0.567218
1779361295.096700 -12.785209 18.489344 0.316329 -0.004567 0.012683 -0.823158 0.567652
1779361295.149327 -12.807071 18.430836 0.300967 -0.010024 0.008104 -0.821868 0.569532
1779361295.222671 -12.817855 18.409904 0.306718 -0.002683 0.011712 -0.820384 0.571687
1779361295.254939 -12.837728 18.357330 0.312728 0.002953 0.005190 -0.818930 0.573862
1779361295.310070 -12.856006 18.305111 0.316530 -0.006632 0.007223 -0.820157 0.572054
1779361295.363030 -12.883847 18.239794 0.309346 -0.010654 0.009861 -0.820472 0.571502
1779361295.456234 -12.885066 18.228191 0.309271 0.002167 0.022838 -0.821879 0.569200
1779361295.473153 -12.904760 18.175755 0.310702 -0.002199 0.021292 -0.821349 0.570024
1779361295.523132 -12.923456 18.116505 0.312600 -0.015151 0.016051 -0.819192 0.573095
1779361295.584092 -12.947437 18.054033 0.304555 -0.013666 0.014099 -0.818099 0.574742
1779361295.637607 -12.961219 18.012878 0.308434 -0.001714 0.004700 -0.815884 0.578194
1779361295.685470 -12.979285 17.959124 0.314667 -0.006459 0.003508 -0.815562 0.578623
1779361295.749548 -13.000631 17.903244 0.318748 -0.019012 0.004380 -0.816263 0.577351
1779361295.787421 -13.018405 17.858368 0.309993 -0.005682 0.008603 -0.816752 0.576897
1779361295.841275 -13.037838 17.804058 0.310991 -0.003562 0.012917 -0.817191 0.576211
1779361295.891410 -13.055460 17.749012 0.313801 -0.015409 0.012389 -0.816370 0.577190
1779361295.948392 -13.077987 17.683365 0.306428 -0.017942 0.005531 -0.814543 0.579799
1779361295.998614 -13.086573 17.645273 0.309523 -0.004458 0.010626 -0.813083 0.582034
1779361296.078245 -13.107651 17.582178 0.313882 0.003631 0.005310 -0.811805 0.583893
1779361296.108190 -13.126156 17.523247 0.316527 -0.006281 0.007284 -0.812291 0.583173
1779361296.157370 -13.152096 17.464518 0.311103 -0.004776 0.010218 -0.812048 0.583481
1779361296.215751 -13.154724 17.441694 0.310661 -0.000551 0.018442 -0.814792 0.579460
1779361296.276901 -13.172570 17.385799 0.313481 -0.010700 0.015648 -0.813709 0.580963
1779361296.319743 -13.190253 17.328032 0.314315 -0.020125 0.008692 -0.811201 0.584356
1779361296.374939 -13.211211 17.270348 0.307166 -0.003664 0.006530 -0.809956 0.586443
1779361296.424652 -13.226792 17.219479 0.312260 0.008828 -0.001189 -0.808136 0.588929
1779361296.487248 -13.243714 17.167776 0.317086 0.004047 -0.001625 -0.808675 0.588239
1779361296.529002 -13.265363 17.109537 0.319268 -0.008156 0.000152 -0.809400 0.587201
1779361296.589849 -13.278432 17.073359 0.311235 0.004186 0.010504 -0.810076 0.586216
1779361296.645431 -13.304620 16.999531 0.313425 0.002631 0.013363 -0.811002 0.584885
1779361296.698277 -13.322515 16.942507 0.314715 -0.007735 0.008465 -0.809312 0.587267
1779361296.762651 -13.344370 16.873352 0.307845 -0.004002 0.009802 -0.808566 0.588310
1779361296.805059 -13.356025 16.833605 0.310986 0.007506 0.010158 -0.806681 0.590853
1779361296.868946 -13.374017 16.777588 0.313824 0.005528 0.008151 -0.806806 0.590735
1779361296.915764 -13.395205 16.714869 0.314991 -0.006442 0.009911 -0.807316 0.590002
1779361296.991903 -13.397297 16.702412 0.308947 0.006029 0.019706 -0.808368 0.588317
1779361297.023185 -13.414454 16.648764 0.313554 0.004731 0.018650 -0.810419 0.585535
1779361297.075691 -13.429301 16.592949 0.315795 -0.009613 0.014380 -0.809145 0.587354
1779361297.132705 -13.446842 16.526321 0.300479 -0.016138 0.008804 -0.807261 0.589908
1779361297.182050 -13.464672 16.474140 0.309270 0.006162 0.009808 -0.805518 0.592458
1779361297.234623 -13.479026 16.415119 0.314390 0.008195 0.009234 -0.804236 0.594182
1779361297.296172 -13.496595 16.357809 0.317021 -0.003436 0.011776 -0.805126 0.592977
1779361297.342381 -13.521920 16.303169 0.309325 0.003424 0.006309 -0.805060 0.593150
1779361297.405452 -13.528193 16.256950 0.312085 -0.000714 0.015512 -0.808679 0.588045
1779361297.467915 -13.544549 16.203602 0.314863 -0.009676 0.014597 -0.808368 0.588416
1779361297.502188 -13.561586 16.142857 0.315248 -0.019433 0.008784 -0.806349 0.591056
1779361297.628488 -13.581480 16.087420 0.309196 0.001984 0.006148 -0.805117 0.593080
1779361297.630884 -13.594332 16.025909 0.316927 0.016226 0.013599 -0.803424 0.595031
1779361297.669940 -13.610343 15.971326 0.320109 0.012820 0.015467 -0.804055 0.594216
1779361297.718636 -13.628561 15.917413 0.300572 0.014482 0.010695 -0.803897 0.594496
1779361297.797604 -13.633989 15.879692 0.300080 0.006334 0.004242 -0.804061 0.594497
1779361297.823740 -13.652181 15.817779 0.310843 -0.004527 0.001809 -0.804390 0.594082
1779361297.921014 -13.670268 15.761043 0.315458 -0.011634 -0.004723 -0.803199 0.595578
1779361297.937231 -13.682607 15.704041 0.310679 -0.013842 0.006120 -0.803424 0.595215
1779361297.982428 -13.693404 15.685190 0.311216 -0.001175 -0.005588 -0.801120 0.598477
1779361298.037998 -13.708237 15.635000 0.315251 -0.005949 -0.010460 -0.801149 0.598345
1779361298.090825 -13.729644 15.574882 0.320718 -0.017689 -0.009511 -0.801569 0.597565
1779361298.159096 -13.740139 15.531184 0.312250 -0.000627 0.007689 -0.803053 0.595857
1779361298.217103 -13.760376 15.474655 0.313773 0.002137 0.012055 -0.804971 0.593188
1779361298.248753 -13.776308 15.423076 0.312676 -0.003744 0.009323 -0.803593 0.595095
1779361298.307068 -13.797077 15.362281 0.300486 0.003776 0.010040 -0.802382 0.596715
1779361298.362404 -13.812063 15.323463 0.303331 -0.007859 0.011520 -0.801201 0.598234
1779361298.415410 -13.822486 15.285522 0.313919 -0.000646 0.015116 -0.799477 0.600507
1779361298.468976 -13.825768 15.239800 0.313255 -0.003683 0.026972 -0.801069 0.597953
1779361298.525250 -13.834676 15.204060 0.300680 0.003944 0.020805 -0.801247 0.597960
1779361298.579362 -13.837005 15.176907 0.304171 -0.005289 0.020306 -0.800662 0.598749
1779361298.637021 -13.842002 15.157929 0.313096 -0.002245 0.020593 -0.800935 0.598393
1779361298.703159 -13.846403 15.138094 0.315172 -0.003088 0.020731 -0.801200 0.598030
1779361298.742382 -13.850794 15.120999 0.315939 -0.002844 0.021687 -0.801168 0.598040
1779361298.808611 -13.855723 15.104120 0.315435 0.001549 0.020713 -0.800418 0.599083
1779361298.863170 -13.860394 15.091597 0.314265 0.006557 0.019193 -0.799384 0.600478
1779361298.912508 -13.864521 15.080174 0.312659 0.006918 0.020566 -0.798602 0.601468
1779361298.965530 -13.868168 15.071168 0.310341 0.004752 0.022016 -0.797162 0.603346
1779361299.019769 -13.872190 15.063001 0.306941 0.002409 0.022840 -0.795902 0.604989
1779361299.073623 -13.872917 15.057674 0.303950 -0.004166 0.022560 -0.795879 0.605021
1779361299.130095 -13.874781 15.053489 0.301454 -0.005363 0.016461 -0.795297 0.605973
1779361299.182751 -13.875012 15.050626 0.302266 -0.003469 0.013738 -0.793660 0.608197
1779361299.236992 -13.875579 15.049714 0.302368 -0.002647 0.011832 -0.793405 0.608574
1779361299.293226 -13.876204 15.049971 0.302714 -0.002284 0.010481 -0.793435 0.608561
1779361299.343097 -13.876439 15.050465 0.303662 -0.003158 0.013037 -0.794246 0.607448
1779361299.395442 -13.876476 15.051760 0.305370 -0.005786 0.018605 -0.795998 0.604985
1779361299.448577 -13.877698 15.053979 0.306251 -0.005040 0.018491 -0.797220 0.603384
1779361299.504099 -13.876381 15.054860 0.306463 -0.005164 0.021386 -0.798254 0.601919
1779361299.556534 -13.875141 15.056303 0.306409 -0.004956 0.022492 -0.799098 0.600759
1779361299.608859 -13.873885 15.058087 0.306321 -0.004940 0.022803 -0.799334 0.600434
1779361299.661996 -13.872826 15.059813 0.306161 -0.004883 0.022684 -0.799521 0.600190
1779361299.716143 -13.872190 15.061042 0.306038 -0.004756 0.022490 -0.799389 0.600374
1779361299.769599 -13.871888 15.061786 0.305985 -0.004726 0.022469 -0.799179 0.600655
1779361299.825169 -13.871749 15.062287 0.304729 -0.004489 0.022414 -0.799085 0.600783
1779361299.878073 -13.871644 15.062691 0.304413 -0.004441 0.022353 -0.799016 0.600878
1779361299.928920 -13.871445 15.063026 0.304371 -0.004423 0.022443 -0.798998 0.600898
1779361299.984079 -13.871190 15.063358 0.304415 -0.004515 0.022610 -0.798991 0.600901
1779361300.035276 -13.870890 15.063788 0.304506 -0.004729 0.022693 -0.798966 0.600930
1779361300.091143 -13.870651 15.064191 0.304539 -0.004721 0.022763 -0.798910 0.601001
1779361300.146392 -13.870342 15.064697 0.304628 -0.004897 0.022832 -0.799121 0.600717
1779361300.200715 -13.870099 15.065159 0.304673 -0.004972 0.022920 -0.799199 0.600610
1779361300.256976 -13.869808 15.065517 0.304774 -0.005187 0.023051 -0.799155 0.600660
1779361300.305396 -13.869557 15.065739 0.304791 -0.005242 0.023220 -0.799284 0.600482
1779361300.359200 -13.869343 15.065939 0.304851 -0.005297 0.023329 -0.799441 0.600269
1779361300.413486 -13.869259 15.066153 0.304897 -0.005215 0.023356 -0.799507 0.600180
1779361300.466159 -13.869154 15.066424 0.304926 -0.005185 0.023444 -0.799511 0.600171
1779361300.519532 -13.868922 15.066733 0.304999 -0.005360 0.023532 -0.799600 0.600048
1779361300.571395 -13.868680 15.066993 0.305060 -0.005500 0.023612 -0.799784 0.599798
1779361300.626143 -13.868493 15.067163 0.305115 -0.005780 0.023699 -0.799723 0.599873
1779361300.679118 -13.868246 15.067307 0.305191 -0.006046 0.023867 -0.799642 0.599972
1779361300.732214 -13.868080 15.067451 0.305232 -0.006173 0.023991 -0.799573 0.600057
1779361300.782557 -13.867929 15.067605 0.305296 -0.006335 0.024057 -0.799607 0.600008
1779361300.838103 -13.867814 15.067808 0.305320 -0.006386 0.024136 -0.799623 0.599982
1779361300.896464 -13.867645 15.067962 0.305355 -0.006565 0.024243 -0.799627 0.599972
1779361300.942418 -13.867463 15.068040 0.305433 -0.006793 0.024346 -0.799567 0.600045
1779361300.995300 -13.867358 15.068066 0.305454 -0.006833 0.024492 -0.799526 0.600094
1779361301.049681 -13.867321 15.068128 0.305461 -0.006818 0.024466 -0.799549 0.600064
1779361301.102771 -13.867319 15.068165 0.305466 -0.006762 0.024533 -0.799490 0.600140
1779361301.170782 -13.867291 15.068254 0.305475 -0.006726 0.024543 -0.799474 0.600161
1779361301.208805 -13.867223 15.068267 0.305498 -0.006768 0.024617 -0.799468 0.600166
1779361301.263986 -13.867165 15.068244 0.305530 -0.006792 0.024680 -0.799481 0.600146
1779361301.318180 -13.867107 15.068190 0.305556 -0.006842 0.024832 -0.799420 0.600221
1779361301.368618 -13.867090 15.068213 0.305553 -0.006874 0.024820 -0.799369 0.600288
1779361301.425925 -13.867039 15.068240 0.305575 -0.006929 0.024804 -0.799366 0.600292
1779361301.478653 -13.867048 15.068236 0.305582 -0.006885 0.024807 -0.799346 0.600320
1779361301.539215 -13.867042 15.068260 0.305589 -0.006906 0.024808 -0.799325 0.600347
1779361301.588750 -13.867031 15.068259 0.305601 -0.006884 0.024833 -0.799325 0.600347
1779361301.642075 -13.866992 15.068215 0.305603 -0.006867 0.024924 -0.799314 0.600357
1779361301.695583 -13.866973 15.068221 0.305621 -0.006839 0.024978 -0.799304 0.600369
1779361301.748651 -13.866969 15.068237 0.305625 -0.006799 0.025004 -0.799304 0.600368
1779361301.808583 -13.866953 15.068314 0.305626 -0.006819 0.025004 -0.799278 0.600402
1779361301.856264 -13.866905 15.068309 0.305608 -0.006834 0.025034 -0.799314 0.600354
1779361301.910302 -13.866851 15.068272 0.305632 -0.006855 0.025126 -0.799330 0.600328
1779361301.964123 -13.866863 15.068269 0.305634 -0.006841 0.025117 -0.799323 0.600338
1779361302.015046 -13.866865 15.068291 0.305646 -0.006833 0.025117 -0.799322 0.600339
1779361302.072206 -13.866792 15.068172 0.305762 -0.006882 0.025332 -0.799495 0.600099
1779361302.121435 -13.867326 15.068433 0.306195 -0.006770 0.025083 -0.802011 0.596744
1779361302.176780 -13.866528 15.068670 0.306888 -0.006184 0.025275 -0.807416 0.589408
1779361302.228432 -13.865748 15.069022 0.308680 -0.005270 0.024207 -0.815968 0.577566
1779361302.283325 -13.864510 15.069345 0.310346 -0.004425 0.024554 -0.826991 0.561662
1779361302.340644 -13.863509 15.069550 0.311210 -0.003558 0.024268 -0.835563 0.548847
1779361302.388128 -13.862864 15.070189 0.311833 -0.002897 0.024829 -0.842360 0.538335
1779361302.448267 -13.863386 15.068960 0.312008 -0.003443 0.023748 -0.846895 0.531219
1779361302.501229 -13.865277 15.063598 0.311762 -0.003481 0.017919 -0.853134 0.521372
1779361302.551085 -13.868499 15.054725 0.313411 -0.005390 0.015764 -0.857489 0.514232
1779361302.604813 -13.874731 15.040723 0.315307 -0.007353 0.020508 -0.862616 0.505391
1779361302.660650 -13.887789 15.021875 0.317111 -0.007024 0.009598 -0.868303 0.495891
1779361302.715297 -13.903440 14.995364 0.316024 -0.011371 0.004030 -0.872153 0.489084
1779361302.769815 -13.920030 14.965596 0.314465 -0.013416 0.022217 -0.874757 0.483865
1779361302.830311 -13.936281 14.933253 0.316843 -0.009822 0.017853 -0.877770 0.478649
1779361302.890654 -13.954262 14.905933 0.318226 -0.012944 0.015733 -0.878948 0.476483
1779361302.923667 -13.973742 14.873218 0.316756 -0.017322 0.014199 -0.879200 0.475926
1779361302.978827 -13.997949 14.831691 0.315398 -0.022473 0.010733 -0.879256 0.475698
1779361303.031986 -14.031937 14.791886 0.308837 -0.002886 0.003630 -0.879400 0.476060
1779361303.172182 -14.053411 14.752660 0.314742 0.005688 0.011589 -0.879254 0.476178
1779361303.176136 -14.086388 14.707554 0.320074 0.003736 0.000913 -0.881180 0.472766
1779361303.205905 -14.115867 14.666043 0.322030 -0.008146 0.006031 -0.882837 0.469570
1779361303.261535 -14.142999 14.626362 0.315410 0.002463 0.020904 -0.883731 0.467522
1779361303.314279 -14.175441 14.584904 0.316678 0.008969 0.017357 -0.885254 0.464698
1779361303.377576 -14.205439 14.538580 0.318030 -0.002790 0.017964 -0.884953 0.465325
1779361303.428277 -14.241147 14.485816 0.308221 -0.008797 0.012230 -0.884046 0.467158
1779361303.475096 -14.269580 14.444933 0.309870 0.005568 0.012830 -0.883715 0.467817
1779361303.531092 -14.305359 14.390464 0.315322 0.014543 -0.003561 -0.883569 0.468061
1779361303.586598 -14.337024 14.342529 0.318937 0.004158 0.001196 -0.884946 0.465673
1779361303.652813 -14.377466 14.288052 0.307922 0.000326 0.010037 -0.885432 0.464661
1779361303.691676 -14.391917 14.261456 0.311478 0.009432 0.015352 -0.886511 0.462357
1779361303.748294 -14.422287 14.217040 0.313716 0.000407 0.017811 -0.886516 0.462354
1779361303.811631 -14.457107 14.164354 0.313788 -0.011879 0.012948 -0.884867 0.465511
1779361303.850982 -14.500577 14.109263 0.308165 -0.000861 0.008903 -0.884056 0.467296
1779361303.905732 -14.522110 14.076219 0.311505 0.014647 0.017682 -0.883627 0.467628
1779361303.959092 -14.551616 14.029765 0.317358 0.016504 0.016356 -0.884847 0.465302
1779361304.015666 -14.586255 13.981795 0.316581 0.006397 0.019451 -0.886068 0.463103
1779361304.064832 -14.602602 13.966955 0.309463 0.023199 0.005846 -0.886316 0.462462
1779361304.116044 -14.622869 13.934192 0.313594 0.017322 0.012468 -0.893160 0.449233
1779361304.168885 -14.650585 13.893097 0.317605 -0.001916 0.016230 -0.902744 0.429867
1779361304.222138 -14.686130 13.849973 0.309954 -0.020607 0.006759 -0.915888 0.400847
1779361304.291925 -14.725961 13.825669 0.304663 0.007924 -0.016059 -0.928688 0.370429
1779361304.333117 -14.759064 13.790139 0.315259 0.025726 -0.020929 -0.940744 0.337492
1779361304.381358 -14.803575 13.755594 0.323769 0.019980 -0.013325 -0.952681 0.303021
1779361304.437530 -14.860744 13.723531 0.316674 0.025392 -0.005962 -0.961669 0.272970
1779361304.488554 -14.894078 13.700222 0.314826 0.026963 -0.018515 -0.967169 0.252020
1779361304.565688 -14.943579 13.670320 0.315795 0.012239 -0.012699 -0.972492 0.232268
1779361304.603113 -15.003661 13.641231 0.300939 -0.002943 -0.011685 -0.975936 0.217725
1779361304.652281 -15.051665 13.634151 0.305098 0.024805 -0.035518 -0.977341 0.207190
1779361304.707364 -15.104554 13.606849 0.313564 0.044151 -0.028381 -0.979098 0.196498
1779361304.777855 -15.160021 13.588084 0.317772 0.047010 -0.024951 -0.981636 0.183190
1779361304.811397 -15.217340 13.572944 0.306072 0.058520 -0.023727 -0.983049 0.172128
1779361304.866307 -15.232355 13.560492 0.302557 0.070301 -0.011592 -0.985144 0.156251
1779361304.918977 -15.288027 13.542089 0.304633 0.057930 0.005180 -0.986981 0.149952
1779361304.980232 -15.342883 13.526634 0.302872 0.042889 0.006282 -0.987653 0.150539
1779361305.021762 -15.404910 13.509259 0.293756 0.037200 0.012312 -0.988343 0.147117
1779361305.076280 -15.403866 13.520519 0.300887 0.044220 -0.004177 -0.988190 0.146658
1779361305.128333 -15.451246 13.501998 0.308870 0.041886 0.001331 -0.989064 0.141410
1779361305.189702 -15.505290 13.476907 0.290605 0.034400 0.013822 -0.989945 0.136506
1779361305.233381 -15.554736 13.463729 0.298172 0.031230 -0.009684 -0.990372 0.134516
1779361305.290329 -15.600529 13.448699 0.309937 0.018454 0.008778 -0.991324 0.129845
1779361305.345199 -15.648696 13.433720 0.315354 -0.000667 0.013270 -0.991284 0.131070
1779361305.393426 -15.710077 13.414014 0.316419 -0.012959 0.012049 -0.990974 0.132883
1779361305.470395 -15.763717 13.403009 0.311009 0.014777 -0.002778 -0.990756 0.134821
1779361305.500712 -15.816870 13.384537 0.316507 0.026818 -0.005922 -0.990582 0.134138
1779361305.578051 -15.873302 13.368201 0.319375 0.022302 0.000394 -0.990981 0.132136
1779361305.608719 -15.937169 13.355075 0.309739 0.023445 0.005214 -0.991124 0.130756
1779361305.661391 -15.955935 13.349515 0.311430 0.026040 0.008911 -0.991668 0.125849
1779361305.719512 -16.015213 13.334730 0.316966 0.019320 0.014108 -0.991975 0.124148
1779361305.768383 -16.075554 13.319121 0.317557 0.008085 0.013987 -0.991871 0.126215
1779361305.822865 -16.132399 13.303159 0.311009 0.015147 0.019546 -0.991799 0.125393
1779361305.900491 -16.141558 13.309641 0.314258 0.031508 0.001039 -0.991118 0.129197
1779361305.927632 -16.196547 13.293511 0.319084 0.031135 0.006178 -0.991128 0.129061
1779361305.991788 -16.248642 13.273571 0.298747 0.024427 0.017790 -0.991357 0.127665
1779361306.037128 -16.295240 13.263054 0.300394 0.015144 0.003047 -0.991489 0.129275
1779361306.089899 -16.353121 13.245498 0.312659 0.011285 0.005040 -0.991276 0.131219
1779361306.144628 -16.407907 13.231124 0.317937 -0.002580 0.003298 -0.990680 0.136144
1779361306.199870 -16.472635 13.210544 0.306247 -0.003039 0.005620 -0.990658 0.136223
1779361306.259574 -16.461605 13.220915 0.306405 0.000963 -0.002748 -0.990260 0.139198
1779361306.304805 -16.514181 13.205332 0.315802 0.000033 -0.003549 -0.990274 0.139086
1779361306.361696 -16.571545 13.188875 0.321827 -0.009359 0.006191 -0.990570 0.136546
1779361306.408408 -16.610600 13.181571 0.307477 0.002039 -0.001106 -0.990775 0.135496
1779361306.458755 -16.637470 13.174058 0.305899 0.008492 0.008170 -0.991110 0.132522
1779361306.521671 -16.695957 13.159056 0.309995 0.003909 0.009262 -0.990828 0.134755
1779361306.570880 -16.752352 13.141556 0.313705 -0.005093 0.011726 -0.990382 0.137766
1779361306.636743 -16.811983 13.119267 0.309794 0.000032 0.020328 -0.990358 0.137030
1779361306.676342 -16.842440 13.119447 0.313011 0.009941 -0.001343 -0.989834 0.141875
1779361306.736798 -16.892416 13.104939 0.317659 0.006121 -0.005750 -0.990147 0.139777
1779361306.855404 -16.956335 13.091018 0.318186 -0.001385 -0.001910 -0.990371 0.138422
1779361306.864619 -16.970097 13.085636 0.309260 0.019066 0.003205 -0.990350 0.137232
1779361306.913945 -17.021212 13.073341 0.312981 0.024903 0.009947 -0.990356 0.135924
1779361306.949710 -17.080112 13.056783 0.315360 0.017290 0.011489 -0.990155 0.138431
1779361307.011513 -17.151470 13.037878 0.302741 0.019941 0.004519 -0.989724 0.141523
1779361307.068827 -17.147507 13.042034 0.307579 0.025625 0.003381 -0.989272 0.143781
1779361307.102005 -17.207214 13.025758 0.314088 0.029207 -0.002309 -0.989186 0.143709
1779361307.252513 -17.269615 13.006937 0.308454 0.022509 0.003111 -0.989613 0.141952
1779361307.255406 -17.288830 12.994120 0.302123 0.047321 0.016629 -0.988560 0.142241
1779361307.263098 -17.325726 12.986482 0.310915 0.064138 0.017602 -0.987940 0.139825
1779361307.316656 -17.377787 12.968096 0.315466 0.059592 0.030308 -0.987870 0.140151
1779361307.384787 -17.441750 12.946831 0.300323 0.048100 0.041230 -0.987668 0.143174
1779361307.448203 -17.496307 12.927021 0.278476 0.015091 0.057426 -0.988052 0.142225
1779361307.475013 -17.549500 12.914760 0.292977 0.006249 0.028398 -0.988616 0.147627
1779361307.539802 -17.594477 12.893591 0.306014 -0.020339 0.039910 -0.988348 0.145471
1779361307.614905 -17.642448 12.882328 0.284159 -0.028238 0.043090 -0.988236 0.143996
1779361307.635267 -17.688967 12.861581 0.274358 -0.046277 0.027007 -0.988134 0.143943
1779361307.771554 -17.732946 12.847319 0.286966 -0.056502 0.033958 -0.987887 0.140477
1779361307.780329 -17.774984 12.830667 0.295557 -0.067468 0.033468 -0.986696 0.144080
1779361307.808026 -17.825556 12.810545 0.307849 -0.076987 0.028101 -0.985619 0.147775
1779361307.855650 -17.870329 12.795877 0.305982 -0.060772 0.013755 -0.986181 0.153506
1779361307.977754 -17.906845 12.792463 0.310370 -0.012933 0.001362 -0.987299 0.158342
1779361308.032647 -17.959095 12.772194 0.320743 -0.000565 -0.002918 -0.987172 0.159634
1779361308.037194 -18.015623 12.757159 0.323494 0.001612 -0.000108 -0.987304 0.158831
1779361308.092197 -18.055191 12.745945 0.315777 0.012741 -0.005602 -0.987143 0.159235
1779361308.136014 -18.105789 12.729379 0.314932 0.013271 0.005090 -0.987159 0.159109
1779361308.172233 -18.150280 12.714564 0.317621 0.004663 0.010932 -0.986696 0.162140
1779361308.234581 -18.223375 12.690081 0.304099 0.001958 0.009499 -0.986423 0.163938
1779361308.292053 -18.249784 12.681385 0.308507 0.009784 0.007675 -0.985974 0.166436
1779361308.349848 -18.300648 12.663702 0.315796 0.012097 0.000904 -0.985810 0.167425
1779361308.384962 -18.353285 12.643182 0.318924 0.000753 0.009121 -0.986131 0.165719
1779361308.454602 -18.422180 12.624362 0.311854 0.004432 0.014257 -0.986015 0.165985
1779361308.503736 -18.423477 12.621112 0.312668 0.021459 0.012772 -0.986038 0.164636
1779361308.548470 -18.480379 12.600846 0.316734 0.015529 0.016328 -0.985888 0.165883
1779361308.599669 -18.540180 12.578704 0.316289 0.003537 0.016323 -0.985249 0.170308
1779361308.656444 -18.601456 12.560248 0.307975 0.009876 0.013632 -0.985105 0.171130
1779361308.727389 -18.658331 12.538979 0.314435 0.020509 0.003898 -0.984507 0.174101
1779361308.760740 -18.712328 12.519335 0.318427 0.013318 0.004933 -0.985006 0.171933
1779361308.808038 -18.769239 12.500318 0.305103 0.005799 0.012756 -0.985193 0.170877
1779361308.861564 -18.786516 12.492741 0.308243 0.020180 0.017581 -0.985419 0.168026
1779361308.918271 -18.838215 12.473011 0.314007 0.024681 0.020461 -0.986167 0.162626
1779361308.971097 -18.894453 12.449941 0.315315 0.013316 0.026327 -0.985744 0.165648
1779361309.021988 -18.957279 12.429788 0.301407 0.009348 0.022103 -0.985247 0.169451
1779361309.073820 -18.999826 12.413662 0.308913 0.019145 0.018571 -0.984718 0.172102
1779361309.132409 -19.059715 12.391236 0.316495 0.020594 0.007117 -0.984563 0.173668
1779361309.181320 -19.112118 12.369955 0.317885 0.016407 0.014025 -0.984921 0.171652
1779361309.241022 -19.174036 12.352992 0.305533 0.021427 0.014826 -0.984961 0.170803
1779361309.288227 -19.169935 12.355612 0.310375 0.026415 0.016538 -0.985763 0.165227
1779361309.341281 -19.221786 12.335439 0.314977 0.019434 0.019889 -0.985784 0.165700
1779361309.400458 -19.280464 12.314845 0.306041 0.003912 0.017129 -0.985173 0.170663
1779361309.459782 -19.318922 12.308908 0.300451 0.011542 0.013448 -0.984853 0.172485
1779361309.503474 -19.360249 12.296620 0.310963 0.021541 0.003367 -0.984156 0.175960
1779361309.583718 -19.407526 12.280022 0.316407 0.015189 0.001033 -0.984538 0.174510
1779361309.614572 -19.468773 12.260099 0.318379 0.004196 0.008122 -0.985065 0.171940
1779361309.664718 -19.510504 12.251171 0.302093 0.004180 -0.006390 -0.985115 0.171728
1779361309.725427 -19.563869 12.230605 0.309164 -0.000369 0.000890 -0.985747 0.168233
1779361309.767828 -19.622324 12.209575 0.312740 -0.015388 0.002222 -0.985331 0.169943
1779361309.820207 -19.678055 12.189137 0.298105 -0.024013 0.000853 -0.984877 0.171583
1779361309.907229 -19.723711 12.172050 0.286034 -0.041655 0.008563 -0.984305 0.171277
1779361309.925797 -19.771282 12.156227 0.283425 -0.041857 -0.001627 -0.982744 0.180164
1779361309.977118 -19.812550 12.135985 0.297971 -0.063251 0.000305 -0.981985 0.178059
1779361310.043578 -19.865763 12.119842 0.318347 -0.073087 0.016453 -0.983589 0.164135
1779361310.089224 -19.919363 12.103408 0.300493 -0.063758 -0.007555 -0.988125 0.139598
1779361310.137195 -19.954550 12.090738 0.296164 -0.054621 0.010870 -0.992907 0.105045
1779361310.193101 -20.013418 12.078964 0.294249 -0.047672 0.004782 -0.997236 0.056792
1779361310.240772 -20.052361 12.071963 0.281201 -0.051831 0.001920 -0.998548 0.014557
1779361310.291960 -20.072634 12.066538 0.291775 -0.044457 0.000337 -0.998358 -0.036130
1779361310.340418 -20.092997 12.064747 0.309280 -0.011498 -0.053001 -0.995646 -0.075818
1779361310.409149 -20.132759 12.076394 0.322359 -0.012927 -0.056530 -0.989841 -0.129820
1779361310.452259 -20.189703 12.100224 0.326033 -0.008033 -0.066980 -0.976300 -0.205641
1779361310.512580 -20.182907 12.111051 0.316707 0.005473 -0.058553 -0.963833 -0.259936
1779361310.562524 -20.222198 12.122505 0.313020 0.001191 -0.031545 -0.951100 -0.307265
1779361310.612805 -20.269417 12.147986 0.294170 -0.015685 -0.014343 -0.938732 -0.343992
1779361310.681456 -20.319122 12.197062 0.304705 -0.024746 -0.063196 -0.924977 -0.373915
1779361310.717775 -20.362755 12.235249 0.313753 -0.021443 -0.077825 -0.907876 -0.411393
1779361310.781660 -20.392746 12.274866 0.319913 -0.013609 -0.059170 -0.885823 -0.460035
1779361310.834016 -20.421768 12.330140 0.305525 -0.006785 -0.061169 -0.860055 -0.506476
1779361310.883972 -20.439140 12.359927 0.303558 -0.009433 -0.046500 -0.841080 -0.538826
1779361310.934341 -20.470572 12.408464 0.300697 -0.013196 -0.026060 -0.823960 -0.565894
1779361310.998497 -20.498228 12.476142 0.292955 -0.018500 -0.014799 -0.809169 -0.587098
1779361311.056401 -20.514992 12.537585 0.303150 -0.019003 -0.039428 -0.800981 -0.597088
1779361311.107478 -20.529799 12.586451 0.312135 -0.017686 -0.039864 -0.790822 -0.610491
1779361311.163312 -20.539516 12.644578 0.315105 -0.015092 -0.022540 -0.778513 -0.627042
1779361311.208905 -20.542662 12.694158 0.309096 -0.012675 -0.036337 -0.769304 -0.637723
1779361311.261582 -20.546722 12.722472 0.308816 -0.002937 -0.023930 -0.759465 -0.650102
1779361311.318926 -20.557281 12.778886 0.311282 -0.006876 -0.005926 -0.754184 -0.656601
1779361311.368100 -20.566572 12.841477 0.301762 -0.008876 0.003708 -0.750795 -0.660466
1779361311.423049 -20.567837 12.883860 0.307132 -0.001762 -0.014268 -0.748487 -0.662993
1779361311.475103 -20.578732 12.946160 0.316658 0.000562 -0.022647 -0.745577 -0.666034
1779361311.529040 -20.586834 13.004601 0.320669 0.005157 -0.012612 -0.741510 -0.670803
1779361311.588490 -20.585270 13.064734 0.311827 0.006874 -0.016865 -0.738069 -0.674479
1779361311.634710 -20.597910 13.112019 0.313385 0.008578 -0.011761 -0.733907 -0.679094
1779361311.688951 -20.604965 13.166847 0.316212 0.004079 0.002390 -0.733286 -0.679904
1779361311.742086 -20.612658 13.227941 0.315942 -0.004720 0.016210 -0.733599 -0.679373
1779361311.800173 -20.613661 13.290989 0.308729 -0.005018 -0.009320 -0.734733 -0.678274
1779361311.848356 -20.626127 13.342755 0.315121 0.009093 -0.017981 -0.734639 -0.678159
1779361311.904200 -20.632238 13.400276 0.319453 0.011706 -0.012456 -0.733007 -0.680006
1779361311.953235 -20.635527 13.467262 0.314321 0.016105 -0.005978 -0.732680 -0.680356
1779361312.033059 -20.639595 13.507068 0.308502 0.008910 -0.007810 -0.731448 -0.681794
1779361312.062631 -20.644991 13.562996 0.314104 0.008014 -0.002882 -0.729681 -0.683735
1779361312.124502 -20.651196 13.623727 0.315189 0.001133 0.007453 -0.731412 -0.681894
1779361312.169942 -20.659662 13.693377 0.310640 0.006490 0.002744 -0.732077 -0.681185
1779361312.230706 -20.664280 13.738936 0.312015 0.009743 -0.011332 -0.733310 -0.679731
1779361312.277164 -20.672064 13.798877 0.316573 0.009320 -0.008646 -0.732456 -0.680695
1779361312.330555 -20.676828 13.862369 0.317758 0.011492 0.004969 -0.731570 -0.681651
1779361312.386852 -20.682653 13.914762 0.310492 0.010121 -0.009440 -0.730939 -0.682302
1779361312.438398 -20.689814 13.973081 0.311511 0.011702 -0.005721 -0.730219 -0.683089
1779361312.500784 -20.694679 14.032505 0.312108 0.007419 0.006042 -0.732107 -0.681123
1779361312.541090 -20.697733 14.093954 0.301748 0.004319 0.005177 -0.733996 -0.679120
1779361312.602226 -20.700569 14.137435 0.306605 0.011679 -0.000536 -0.734227 -0.678803
1779361312.661007 -20.699883 14.196589 0.310851 -0.000676 -0.011206 -0.735103 -0.677863
1779361312.705458 -20.706818 14.254362 0.313745 -0.000794 0.000124 -0.733201 -0.680012
1779361312.755010 -20.708324 14.324472 0.306559 0.001437 0.004415 -0.732986 -0.680228
1779361312.809736 -20.712431 14.330873 0.310112 0.015780 -0.004958 -0.730459 -0.682756
1779361312.860735 -20.718212 14.384177 0.315550 0.009027 0.003447 -0.730691 -0.682640
1779361312.926400 -20.727142 14.442983 0.317427 -0.000493 0.019100 -0.732968 -0.679995
1779361312.963620 -20.734165 14.510385 0.306942 -0.004454 0.017140 -0.734996 -0.677840
1779361313.022113 -20.738928 14.567455 0.311856 0.006808 -0.011309 -0.737443 -0.675280
1779361313.071681 -20.747997 14.626403 0.317244 0.010815 -0.012072 -0.737825 -0.674798
1779361313.124833 -20.755072 14.691172 0.318695 0.016548 0.001508 -0.737193 -0.675478
1779361313.176159 -20.756399 14.744205 0.308058 0.001258 -0.011648 -0.737978 -0.674723
1779361313.228234 -20.765871 14.793113 0.312606 0.010026 -0.000835 -0.736496 -0.676367
1779361313.282979 -20.771944 14.851615 0.314473 0.007057 0.011722 -0.737915 -0.674756
1779361313.334882 -20.781670 14.916991 0.302893 0.002601 0.016082 -0.738390 -0.674177
1779361313.386482 -20.786911 14.970739 0.309330 0.007090 -0.002982 -0.731524 -0.681772
1779361313.447015 -20.792732 15.033402 0.315280 0.003663 -0.013786 -0.714903 -0.699078
1779361313.504951 -20.791924 15.101867 0.321429 0.021929 0.002497 -0.683146 -0.729949
1779361313.590252 -20.786879 15.154264 0.309654 -0.016220 -0.012745 -0.645168 -0.763763
1779361313.609154 -20.787052 15.195813 0.311358 0.006000 0.001774 -0.603684 -0.797199
1779361313.668951 -20.780783 15.243186 0.282597 0.003589 0.021623 -0.558497 -0.829217
1779361313.716738 -20.731333 15.267073 0.301438 -0.028789 -0.007669 -0.527085 -0.849290
1779361313.771192 -20.715105 15.321343 0.311555 -0.029744 -0.043184 -0.499769 -0.864570
1779361313.827177 -20.692387 15.371929 0.319198 -0.021725 -0.037348 -0.470029 -0.881593
1779361313.877978 -20.659153 15.412863 0.309174 -0.007114 -0.036281 -0.444205 -0.895162
1779361313.934855 -20.634647 15.443387 0.307280 -0.023924 -0.028567 -0.410630 -0.911040
1779361313.985501 -20.604845 15.485893 0.311609 -0.004942 -0.016016 -0.373493 -0.927482
1779361314.038773 -20.573191 15.522558 0.302174 -0.008164 0.005119 -0.330981 -0.943588
1779361314.094278 -20.519415 15.541457 0.304976 -0.047484 -0.019831 -0.288055 -0.956230
1779361314.154684 -20.473221 15.578301 0.316368 -0.046141 -0.033549 -0.236235 -0.970020
1779361314.200882 -20.421196 15.597612 0.323544 -0.033358 -0.021984 -0.170291 -0.984584
1779361314.258218 -20.366528 15.604851 0.315500 -0.031340 -0.027828 -0.091917 -0.994884
1779361314.304784 -20.346552 15.616348 0.315103 -0.021919 -0.018581 -0.011415 -0.999522
1779361314.359508 -20.293285 15.636941 0.311976 -0.000800 -0.009171 0.057828 -0.998284
1779361314.411967 -20.256727 15.607546 0.305123 0.001924 0.016187 0.132659 -0.991028
1779361314.472355 -20.255907 15.595722 0.314192 -0.057602 -0.011000 0.185855 -0.980825
1779361314.519452 -20.209827 15.589165 0.326549 -0.053226 -0.010870 0.251089 -0.966438
1779361314.581484 -20.165459 15.562398 0.324609 -0.053035 -0.019961 0.319083 -0.946031
1779361314.623887 -20.147036 15.557283 0.320288 -0.071605 0.000117 0.390559 -0.917789
1779361314.690495 -20.113808 15.551540 0.316510 -0.023115 -0.018356 0.456045 -0.889467
1779361314.731980 -20.117800 15.529812 0.292018 -0.019758 -0.000146 0.512701 -0.858340
1779361314.784662 -20.136795 15.540550 0.298223 -0.064352 -0.004043 0.544094 -0.836543
1779361314.837264 -20.090849 15.507802 0.320342 -0.065498 -0.025398 0.551893 -0.830951
1779361314.892233 -20.067486 15.479414 0.285818 -0.049964 -0.018102 0.555308 -0.829945
1779361314.944777 -20.038382 15.423938 0.295011 -0.052307 -0.021734 0.553879 -0.830668
1779361315.001221 -20.039467 15.443086 0.294239 -0.065914 -0.045926 0.549528 -0.831604
1779361315.051490 -20.019598 15.408260 0.297457 -0.056845 -0.097114 0.550583 -0.827161
1779361315.112569 -19.993311 15.356295 0.275919 -0.044928 -0.093712 0.564935 -0.818565
1779361315.160508 -19.975645 15.310873 0.272677 -0.049759 -0.076526 0.584933 -0.805929
1779361315.216549 -19.954510 15.261941 0.280843 -0.026372 -0.065677 0.625443 -0.777053
1779361315.265287 -19.948765 15.219533 0.275696 -0.023421 -0.070691 0.673649 -0.735290
1779361315.318324 -19.962580 15.191398 0.300025 -0.035283 -0.033630 0.721771 -0.690413
1779361315.376050 -19.939432 15.140688 0.310116 0.000262 -0.043145 0.771276 -0.635037
1779361315.423458 -19.951202 15.109252 0.288440 0.005504 0.001562 0.814919 -0.579547
1779361315.480790 -19.936825 15.129640 0.281525 -0.011229 0.045524 0.846075 -0.530998
1779361315.531545 -19.945667 15.084691 0.301838 -0.024659 0.063954 0.868843 -0.490321
1779361315.588151 -19.985508 15.046535 0.317903 0.005392 0.067533 0.902889 -0.424503
1779361315.641723 -20.004992 15.018539 0.346013 0.026549 0.039923 0.934366 -0.353075
1779361315.692781 -20.012335 15.000794 0.307392 0.029754 0.059047 0.956711 -0.283429
1779361315.755013 -20.038357 14.974263 0.314604 0.035018 0.008859 0.974272 -0.222462
1779361315.808006 -20.066351 14.953815 0.304241 0.044647 0.007656 0.983321 -0.176145
1779361315.858430 -20.097586 14.937489 0.301879 0.050067 0.011830 0.989283 -0.136648
1779361315.906535 -20.134487 14.929953 0.313011 0.016187 0.038969 0.992533 -0.114443
1779361315.960546 -20.178328 14.919925 0.319607 0.008213 0.062256 0.994903 -0.078892
1779361316.027955 -20.225792 14.923264 0.320631 0.008053 0.052040 0.998177 -0.029480
1779361316.066488 -20.275261 14.935433 0.319448 -0.003859 0.058712 0.998142 0.015807
1779361316.121779 -20.313311 14.934649 0.315361 -0.015476 0.040459 0.997170 0.061444
1779361316.174133 -20.371141 14.941564 0.313716 -0.007250 0.022812 0.995261 0.094243
1779361316.230388 -20.429527 14.949965 0.300687 -0.001501 0.013939 0.992431 0.122001
1779361316.278053 -20.426981 14.954613 0.306884 -0.006510 0.035916 0.990298 0.134084
1779361316.331606 -20.479567 14.968935 0.314671 -0.009181 0.038185 0.987216 0.154471
1779361316.389542 -20.538877 14.993046 0.317435 -0.006850 0.023537 0.984315 0.174706
1779361316.441953 -20.580257 15.016489 0.302434 -0.006556 0.045194 0.981059 0.188248
1779361316.496903 -20.630207 15.033282 0.306672 -0.003075 0.023973 0.978537 0.204650
1779361316.547526 -20.679100 15.054754 0.309773 0.006794 0.009586 0.977305 0.211512
1779361316.598530 -20.736761 15.080316 0.303320 0.010219 0.004999 0.975959 0.217657
1779361316.658888 -20.747883 15.088411 0.306383 -0.000731 0.014399 0.974619 0.223404
1779361316.704768 -20.796951 15.112577 0.313441 -0.002119 0.020835 0.973441 0.227979
1779361316.758174 -20.848164 15.139354 0.316939 0.006543 0.008435 0.971856 0.235333
1779361316.812173 -20.904232 15.173367 0.313181 0.002323 0.006152 0.970550 0.240812
1779361316.865553 -20.936932 15.193276 0.311422 -0.016182 0.003155 0.968623 0.247987
1779361316.923175 -20.989651 15.220513 0.313638 -0.006213 -0.002747 0.968134 0.250340
1779361316.971622 -21.045042 15.249301 0.315169 0.005718 -0.008333 0.968163 0.250115
1779361317.023402 -21.102886 15.287943 0.306116 0.002236 -0.000856 0.968289 0.249823
1779361317.083232 -21.141277 15.305756 0.310615 -0.008561 0.006811 0.968341 0.249391
1779361317.131495 -21.192652 15.332532 0.315146 -0.005828 0.000367 0.967989 0.250926
1779361317.191881 -21.251801 15.366961 0.317629 -0.000846 -0.011970 0.967365 0.253102
1779361317.243750 -21.272606 15.382214 0.309297 -0.005049 0.003612 0.966910 0.255042
1779361317.294719 -21.318205 15.406790 0.314064 -0.002725 -0.001978 0.966208 0.257742
1779361317.347956 -21.368477 15.434176 0.314938 0.005222 -0.011676 0.966629 0.255861
1779361317.401572 -21.436506 15.468217 0.309500 0.004173 -0.011395 0.966756 0.255414
1779361317.453939 -21.475061 15.492586 0.312664 -0.006010 0.007797 0.967471 0.252791
1779361317.508169 -21.523506 15.517318 0.317745 -0.006265 0.007342 0.967262 0.253595
1779361317.562649 -21.578779 15.549486 0.320340 0.002082 -0.003888 0.969063 0.246773
1779361317.614508 -21.606613 15.564180 0.304936 -0.007117 -0.009850 0.974070 0.225921
1779361317.666939 -21.624786 15.575475 0.313006 -0.022314 -0.021144 0.979211 0.200504
1779361317.737918 -21.685022 15.597703 0.322123 -0.015593 -0.023341 0.987487 0.155180
1779361317.783820 -21.739836 15.598097 0.313391 -0.010671 -0.052032 0.993038 0.105143
1779361317.835907 -21.781912 15.614281 0.319119 -0.002056 -0.043202 0.998109 0.043690
1779361317.890947 -21.824051 15.613770 0.294899 -0.003569 -0.062009 0.997847 -0.021063
1779361317.948307 -21.851412 15.602715 0.296061 0.012161 -0.070341 0.993862 -0.084520
1779361317.994963 -21.903072 15.591959 0.304356 -0.024529 -0.095513 0.987906 -0.119659
1779361318.049925 -21.965902 15.584454 0.310660 -0.029450 -0.075605 0.984975 -0.152448
1779361318.106899 -22.020317 15.567594 0.297433 -0.021899 -0.052691 0.981179 -0.184480
1779361318.153556 -22.063856 15.544390 0.300321 0.017543 -0.066604 0.976381 -0.204785
1779361318.220596 -22.119907 15.528584 0.306910 0.016804 -0.039224 0.973167 -0.226109
1779361318.259214 -22.170486 15.500447 0.311029 0.029357 -0.039103 0.968517 -0.244099
1779361318.313189 -22.228598 15.468466 0.309490 0.023905 -0.038762 0.963608 -0.263411
1779361318.367812 -22.271145 15.442955 0.310214 0.000807 -0.041039 0.962906 -0.266696
1779361318.420300 -22.320549 15.411890 0.320006 0.001134 -0.041937 0.959356 -0.279064
1779361318.475276 -22.365589 15.376940 0.324241 0.007031 -0.035316 0.950544 -0.308496
1779361318.529849 -22.401707 15.340347 0.314582 0.005854 -0.043009 0.936316 -0.348467
1779361318.578133 -22.424892 15.326615 0.309990 -0.001499 -0.044548 0.922946 -0.382341
1779361318.631156 -22.461508 15.286280 0.307504 -0.001426 -0.041905 0.909725 -0.413089
1779361318.686604 -22.489065 15.246502 0.292088 0.010559 -0.045565 0.897185 -0.439171
1779361318.736447 -22.492361 15.238947 0.297679 0.008942 -0.057146 0.889840 -0.452592
1779361318.790346 -22.527605 15.190281 0.304922 0.012726 -0.052358 0.882005 -0.468149
1779361318.844459 -22.555973 15.139475 0.307628 0.024480 -0.043601 0.872422 -0.486190
1779361318.900391 -22.594414 15.088200 0.300666 0.018136 -0.036817 0.865204 -0.499738
1779361318.956841 -22.620588 15.040223 0.306750 0.007171 -0.030133 0.858573 -0.511755
1779361319.003547 -22.646034 14.991782 0.311244 0.012613 -0.025141 0.854541 -0.518622
1779361319.058079 -22.678453 14.935332 0.310286 0.025073 -0.021855 0.850787 -0.524457
1779361319.112848 -22.685764 14.920012 0.305796 0.011952 -0.030883 0.847698 -0.529445
1779361319.166874 -22.710581 14.877615 0.313253 0.008209 -0.029075 0.845751 -0.532722
1779361319.220845 -22.735826 14.823116 0.317338 0.014905 -0.025512 0.841368 -0.539654
1779361319.283363 -22.764269 14.756216 0.309288 0.012967 -0.020252 0.838136 -0.544932
1779361319.325182 -22.782103 14.720355 0.312104 0.003446 -0.022775 0.833861 -0.551494
1779361319.383063 -22.806538 14.667703 0.317508 0.002955 -0.015115 0.822313 -0.568827
1779361319.433945 -22.825998 14.612092 0.320360 0.016307 -0.009161 0.804158 -0.594121
1779361319.485774 -22.842474 14.551099 0.303780 0.024292 -0.001889 0.781965 -0.622846
1779361319.540151 -22.835228 14.558333 0.306633 0.000868 -0.035961 0.767094 -0.640525
1779361319.603729 -22.849367 14.496998 0.315505 -0.000705 -0.033747 0.752198 -0.658072
1779361319.668359 -22.857906 14.428414 0.304628 -0.001844 -0.027591 0.737169 -0.675143
1779361319.703824 -22.860262 14.378452 0.304184 0.019598 -0.029192 0.727451 -0.685258
1779361319.751968 -22.867762 14.325666 0.311442 0.006908 -0.012114 0.717043 -0.696889
1779361319.806673 -22.867086 14.267730 0.315808 0.019400 -0.011660 0.708978 -0.704868
1779361319.863603 -22.868481 14.208128 0.310122 0.018925 -0.016084 0.699875 -0.713834
1779361319.970965 -22.867514 14.185987 0.307793 0.002455 -0.031289 0.697784 -0.715621
1779361319.976587 -22.866289 14.126082 0.310489 0.004870 -0.033015 0.692074 -0.721054
1779361320.020737 -22.864445 14.068615 0.299243 0.007034 -0.025874 0.684534 -0.728488
1779361320.071202 -22.863640 14.024442 0.302414 0.011656 -0.031147 0.679428 -0.732988
1779361320.120182 -22.869761 13.996122 0.310047 -0.000756 -0.016893 0.674521 -0.738062
1779361320.188585 -22.864698 13.942315 0.314342 0.005636 -0.011554 0.672206 -0.740253
1779361320.231297 -22.861387 13.875655 0.312788 0.016597 -0.007473 0.669669 -0.742436
1779361320.280442 -22.850718 13.807987 0.305215 0.012012 -0.018281 0.668776 -0.743142
1779361320.335904 -22.846384 13.767609 0.309530 0.001523 -0.029760 0.666586 -0.744833
1779361320.386446 -22.840012 13.707871 0.310620 0.001702 -0.026426 0.663220 -0.747956
1779361320.446100 -22.826689 13.646838 0.299844 0.030170 -0.035171 0.664750 -0.745627
1779361320.495291 -22.828552 13.601882 0.280016 0.027177 -0.014938 0.668751 -0.742840
1779361320.550484 -22.828213 13.551895 0.279216 0.015190 0.010149 0.678728 -0.734163
1779361320.603692 -22.822481 13.502764 0.297172 0.033925 0.019544 0.698051 -0.714977
1779361320.662513 -22.820835 13.438879 0.312721 0.060149 0.002113 0.717732 -0.693713
1779361320.800409 -22.820448 13.393016 0.289618 0.032267 0.019759 0.732987 -0.679190
1779361320.804367 -22.816193 13.340034 0.295516 0.049868 -0.003146 0.747494 -0.662387
1779361320.837024 -22.826334 13.285423 0.295676 0.054122 -0.001770 0.751507 -0.657499
1779361320.875048 -22.831011 13.231017 0.304058 0.048314 0.006017 0.752064 -0.657289
1779361320.958827 -22.826351 13.190083 0.302542 0.066398 -0.024129 0.747406 -0.660601
1779361320.984357 -22.841282 13.146942 0.310258 0.026124 -0.008630 0.729217 -0.683730
1779361321.035816 -22.832478 13.098183 0.315798 0.026232 -0.018385 0.707346 -0.706141
1779361321.088639 -22.827478 13.039851 0.310803 0.029239 -0.016767 0.675906 -0.736217
1779361321.143730 -22.821583 12.996464 0.309576 0.026286 -0.044918 0.635573 -0.770284
1779361321.252990 -22.811270 12.936410 0.312609 0.027799 -0.056943 0.589732 -0.805109
1779361321.299149 -22.791821 12.891210 0.310545 0.021076 -0.047185 0.537420 -0.841730
1779361321.303010 -22.777374 12.853345 0.317858 0.051688 -0.031422 0.476847 -0.876903
1779361321.365724 -22.759874 12.809736 0.320664 0.046716 -0.033490 0.418147 -0.906559
1779361321.409886 -22.751358 12.800735 0.283866 0.064288 -0.023986 0.352682 -0.933224
1779361321.555299 -22.725594 12.781147 0.297547 0.079337 -0.028624 0.302515 -0.949406
1779361321.556750 -22.684471 12.740520 0.307799 0.057542 -0.072707 0.255878 -0.962252
1779361321.585092 -22.633224 12.705813 0.314460 0.033744 -0.057400 0.200557 -0.977417
1779361321.634989 -22.592775 12.694341 0.301690 0.069060 -0.028213 0.135631 -0.987947
1779361321.686733 -22.550970 12.669883 0.316540 0.053403 -0.008679 0.068827 -0.996161
1779361321.747264 -22.515482 12.659531 0.320837 0.062999 -0.005684 0.001681 -0.997996
1779361321.790679 -22.511244 12.674114 0.284405 0.059241 0.018111 -0.067173 -0.995816
1779361321.854654 -22.473801 12.683989 0.300017 0.092455 -0.015683 -0.109951 -0.989504
1779361321.898474 -22.422770 12.726673 0.288322 0.125334 -0.063669 -0.148773 -0.978828
1779361321.952765 -22.392200 12.743566 0.280185 0.105776 -0.081490 -0.188133 -0.973024
1779361322.015788 -22.377428 12.731230 0.289769 0.120053 -0.070934 -0.224379 -0.964474
1779361322.083515 -22.335079 12.724122 0.297475 0.080626 -0.072096 -0.252445 -0.961547
1779361322.111148 -22.296860 12.746022 0.299450 0.071943 -0.057609 -0.268936 -0.958738
1779361322.174156 -22.255058 12.768111 0.294200 0.064543 -0.032979 -0.283626 -0.956192
1779361322.218333 -22.248138 12.767276 0.301730 0.059195 -0.040242 -0.299399 -0.951439
1779361322.275537 -22.203367 12.794615 0.315584 0.044978 -0.049831 -0.303257 -0.950541
1779361322.325482 -22.163692 12.824603 0.318569 0.040231 -0.039833 -0.297057 -0.953180
1779361322.379632 -22.124903 12.849274 0.306883 0.032057 -0.037291 -0.281644 -0.958258
1779361322.432654 -22.089443 12.873531 0.308898 0.011255 -0.026036 -0.242174 -0.969818
1779361322.486217 -22.039852 12.901190 0.312512 0.005633 -0.024924 -0.202697 -0.978908
1779361322.548506 -21.990356 12.915354 0.306058 0.010621 -0.024380 -0.152781 -0.987902
1779361322.593056 -21.964979 12.923513 0.312581 -0.015526 -0.010639 -0.091749 -0.995604
1779361322.667719 -21.922569 12.943427 0.311924 -0.003885 -0.011517 -0.041742 -0.999055
1779361322.698654 -21.877302 12.941833 0.283191 -0.032120 -0.001392 0.004799 -0.999472
1779361322.757469 -21.922178 12.938566 0.293711 -0.048040 -0.022869 0.034160 -0.997999
1779361322.803067 -21.869791 12.941123 0.306319 -0.062494 -0.035763 0.057309 -0.995757
1779361322.859674 -21.818258 12.936828 0.312434 -0.049433 -0.028766 0.082268 -0.994968
1779361322.910815 -21.766613 12.919981 0.301052 -0.056358 -0.029682 0.101712 -0.992773
1779361322.977056 -21.732605 12.909162 0.299259 -0.039633 -0.018771 0.120342 -0.991763
1779361323.028705 -21.671465 12.891758 0.304659 -0.020755 -0.009923 0.148741 -0.988609
1779361323.078631 -21.617382 12.869799 0.296292 -0.012119 -0.003564 0.186629 -0.982349
1779361323.124566 -21.571007 12.846335 0.306184 -0.026874 0.000398 0.228794 -0.973104
1779361323.182975 -21.521908 12.817031 0.316355 -0.036612 0.003590 0.277642 -0.959980
1779361323.233897 -21.476955 12.781545 0.324717 -0.015992 -0.000661 0.342624 -0.939336
1779361323.294226 -21.441193 12.741146 0.312570 -0.032011 0.008034 0.410284 -0.911361
1779361323.337883 -21.409529 12.719183 0.316364 -0.007343 -0.005980 0.479353 -0.877571
1779361323.394737 -21.379230 12.688927 0.303738 0.007842 -0.002909 0.539523 -0.841930
1779361323.450721 -21.397818 12.634308 0.309974 -0.000570 0.025622 0.601155 -0.798721
1779361323.496487 -21.376501 12.587962 0.319484 -0.053919 0.022291 0.640435 -0.765793
1779361323.550873 -21.359905 12.548561 0.327205 -0.050359 0.016283 0.675158 -0.735772
1779361323.603947 -21.356993 12.487441 0.313104 -0.043491 -0.004917 0.727971 -0.684209
1779361323.654552 -21.356752 12.460500 0.311899 -0.041999 0.019324 0.761482 -0.646536
1779361323.711508 -21.353472 12.419345 0.300897 -0.015739 0.015110 0.788133 -0.615118
1779361323.761353 -21.359961 12.363960 0.297891 -0.007358 0.020411 0.806909 -0.590278
1779361323.827342 -21.372355 12.330922 0.307785 -0.024751 0.032643 0.817688 -0.574202
1779361323.865019 -21.386129 12.287420 0.314715 -0.032770 0.038659 0.829276 -0.556536
1779361324.019104 -21.410402 12.238519 0.318871 -0.024304 0.032188 0.843275 -0.535966
1779361324.046194 -21.443077 12.192344 0.309228 -0.036806 0.035546 0.852367 -0.520434
1779361324.055945 -21.459270 12.153734 0.306408 -0.029811 0.027982 0.859586 -0.509353
1779361324.074614 -21.482973 12.114796 0.309532 -0.018675 0.023001 0.864067 -0.502505
1779361324.125135 -21.522522 12.048578 0.302310 -0.011900 0.020998 0.865511 -0.500309
1779361324.259979 -21.532732 12.019688 0.305663 0.004828 0.003256 0.859540 -0.511035
1779361324.278905 -21.563072 11.970810 0.315006 -0.003190 0.008152 0.852260 -0.523045
1779361324.288364 -21.586948 11.920842 0.315657 0.008979 0.003070 0.848545 -0.529037
1779361324.337671 -21.613819 11.865711 0.311136 0.009150 -0.005084 0.843960 -0.536304
1779361324.425536 -21.634119 11.821849 0.308889 -0.004629 -0.017928 0.844472 -0.535279
1779361324.446039 -21.657349 11.767624 0.313358 0.009124 -0.017084 0.841727 -0.539556
1779361324.499449 -21.681572 11.708779 0.304040 0.022393 -0.010547 0.837293 -0.546193
1779361324.552471 -21.710632 11.666526 0.305578 0.004724 -0.007537 0.834264 -0.551293
1779361324.744733 -21.731174 11.601608 0.312038 -0.005322 -0.005368 0.830944 -0.556305
1779361324.777369 -21.753105 11.544783 0.315816 0.000611 -0.007122 0.830257 -0.557334
1779361324.784427 -21.780472 11.483156 0.308108 0.006137 -0.014387 0.828938 -0.559122
1779361324.801307 -21.790829 11.467669 0.310333 -0.005653 -0.005106 0.828722 -0.559608
1779361324.826716 -21.813276 11.410850 0.313765 0.004205 -0.006420 0.826855 -0.562363
1779361324.958295 -21.835823 11.350324 0.315457 0.015215 -0.003598 0.824140 -0.566170
1779361324.966136 -21.855785 11.290055 0.311328 0.010668 -0.010479 0.823169 -0.567599
1779361324.982597 -21.874863 11.237247 0.314783 -0.000768 -0.004157 0.821125 -0.570733
1779361325.033653 -21.891670 11.187168 0.316996 0.002222 -0.006435 0.821415 -0.570291
1779361325.165695 -21.917242 11.123044 0.318446 0.012505 -0.010007 0.821378 -0.570159
1779361325.200380 -21.929399 11.081751 0.309510 -0.000007 -0.016359 0.821856 -0.569460
1779361325.203410 -21.948084 11.022825 0.311057 0.002637 -0.017380 0.823254 -0.567401
1779361325.259850 -21.964891 10.969862 0.312942 0.016902 -0.013210 0.821263 -0.570146
1779361325.412935 -21.989971 10.897677 0.302083 0.021336 -0.009702 0.819311 -0.572870
1779361325.419728 -22.007936 10.863811 0.309133 0.004886 -0.011766 0.817594 -0.575654
1779361325.437351 -22.024942 10.812849 0.316182 -0.000022 -0.001442 0.816791 -0.576932
1779361325.464073 -22.045206 10.755280 0.321284 0.012175 -0.005712 0.818606 -0.574198
1779361325.680208 -22.064604 10.716248 0.311328 0.000533 -0.001636 0.818342 -0.574729
1779361325.682780 -22.069929 10.691357 0.314369 -0.000597 -0.010687 0.820006 -0.572254
1779361325.686572 -22.093027 10.624314 0.317145 0.011504 -0.009318 0.818589 -0.574188
1779361325.701853 -22.117762 10.557275 0.304645 0.012715 -0.007038 0.817676 -0.575496
1779361325.747005 -22.132965 10.513760 0.313078 0.003144 -0.008727 0.816108 -0.577825
1779361325.912463 -22.150808 10.458940 0.318085 0.002228 -0.003354 0.815350 -0.578955
1779361325.916193 -22.171085 10.401793 0.320246 0.012747 -0.005288 0.816313 -0.577445
1779361325.958305 -22.191975 10.352322 0.312712 0.000260 -0.005350 0.816005 -0.578020
1779361325.964300 -22.206665 10.312350 0.311745 -0.003335 -0.011983 0.817559 -0.575710
1779361326.113632 -22.224798 10.259145 0.313647 0.007168 -0.010567 0.816625 -0.577027
1779361326.148511 -22.245113 10.196805 0.305750 0.012928 -0.005873 0.814846 -0.579504
1779361326.153448 -22.252031 10.182139 0.307873 0.002157 -0.009371 0.813893 -0.580935
1779361326.184102 -22.270409 10.130623 0.314453 -0.005406 -0.001585 0.812729 -0.582614
1779361326.224856 -22.287687 10.074799 0.318564 0.002822 -0.000183 0.806480 -0.591255
1779361326.406058 -22.305706 10.014606 0.302868 0.009255 -0.002790 0.792474 -0.609829
1779361326.444068 -22.307026 10.009235 0.311545 0.002743 -0.028003 0.772517 -0.634371
1779361326.445736 -22.321709 9.947891 0.317608 0.005658 -0.029742 0.747052 -0.664076
1779361326.582499 -22.320057 9.917190 0.323081 0.008106 -0.026030 0.729836 -0.683079
1779361326.590948 -22.320370 9.833702 0.316588 0.027327 -0.018461 0.690126 -0.722937
1779361326.607045 -22.322243 9.776058 0.314706 0.010714 -0.011854 0.665820 -0.745941
1779361326.644835 -22.311457 9.724644 0.285262 0.024460 -0.013783 0.642668 -0.765630
1779361326.665563 -22.300257 9.717982 0.302025 0.031606 -0.056584 0.623408 -0.779206
1779361326.822549 -22.290272 9.666676 0.304862 -0.006897 -0.082847 0.614799 -0.784290
1779361326.827269 -22.277866 9.601357 0.321344 -0.019733 -0.085381 0.611843 -0.786110
1779361326.887534 -22.277990 9.571811 0.298052 -0.006214 -0.089872 0.619845 -0.779536
1779361326.889932 -22.266447 9.552416 0.301620 0.015387 -0.063880 0.638453 -0.766851
1779361326.914678 -22.258730 9.472971 0.310835 -0.019509 -0.052458 0.662930 -0.746587
1779361327.129001 -22.266565 9.420174 0.305083 -0.011421 -0.029768 0.693663 -0.719594
1779361327.129890 -22.275244 9.362479 0.298679 -0.004427 -0.006177 0.717696 -0.696315
1779361327.160666 -22.280075 9.308857 0.292543 -0.002139 -0.019053 0.738970 -0.673465
1779361327.175466 -22.276979 9.267574 0.289135 0.008291 -0.017221 0.756270 -0.653981
1779361327.299018 -22.309874 9.224465 0.295575 -0.025115 0.030117 0.761476 -0.647006
1779361327.340375 -22.312159 9.173231 0.307981 -0.015127 0.031374 0.773358 -0.633012
1779361327.344628 -22.324955 9.119729 0.315839 0.001905 0.024540 0.784985 -0.619025
1779361327.371384 -22.338449 9.061460 0.305259 -0.014858 0.002708 0.795753 -0.605433
1779361327.406028 -22.350857 9.008523 0.303484 -0.022060 0.003795 0.803536 -0.594836
1779361327.543016 -22.365049 8.956618 0.306126 -0.002822 -0.005112 0.807938 -0.589239
1779361327.577707 -22.383945 8.898009 0.306150 0.010226 0.000393 0.810324 -0.585892
1779361327.583220 -22.398643 8.834614 0.301697 0.003680 -0.005450 0.812751 -0.582574
1779361327.637543 -22.412922 8.781064 0.302943 -0.010132 -0.002188 0.812356 -0.583070
1779361327.809800 -22.429247 8.725183 0.310811 0.002723 -0.000693 0.815816 -0.578305
1779361327.815678 -22.454525 8.666328 0.308455 0.019074 -0.008184 0.819674 -0.572454
1779361327.846030 -22.479771 8.635224 0.303464 -0.004151 0.004989 0.823773 -0.566882
1779361327.853050 -22.496986 8.585060 0.306346 -0.003044 -0.013963 0.830264 -0.557188
1779361327.879442 -22.518011 8.526397 0.308199 0.005695 -0.019460 0.829942 -0.557482
1779361328.040927 -22.542896 8.464744 0.294819 0.010730 -0.014874 0.828469 -0.559735
1779361328.076583 -22.561508 8.421614 0.298364 0.002866 -0.019271 0.826962 -0.561921
1779361328.078828 -22.588501 8.357796 0.306460 -0.002198 -0.004854 0.825261 -0.564726
1779361328.104782 -22.606403 8.304993 0.311991 0.018774 -0.007859 0.828211 -0.560047
1779361328.273331 -22.632885 8.251206 0.309385 0.027987 -0.010989 0.830032 -0.556904
1779361328.290711 -22.648190 8.208643 0.304522 0.013259 -0.008242 0.832257 -0.554170
1779361328.313986 -22.670723 8.153843 0.306535 0.016707 -0.005952 0.833647 -0.552013
1779361328.337222 -22.694595 8.097695 0.310414 0.026202 -0.001215 0.832624 -0.553217
1779361328.360818 -22.722729 8.023547 0.301206 0.024074 -0.000718 0.831993 -0.554263
1779361328.489090 -22.743040 7.975284 0.307868 0.014735 -0.004378 0.829139 -0.558831
1779361328.494090 -22.764473 7.923128 0.314435 0.007328 -0.001042 0.828629 -0.559750
1779361328.529817 -22.790117 7.863588 0.319288 0.017424 -0.004231 0.829822 -0.557739
1779361328.573368 -22.812860 7.817351 0.309850 0.001129 -0.005102 0.830770 -0.556591
1779361328.637104 -22.820475 7.793436 0.308103 -0.000283 -0.017900 0.832527 -0.553696
1779361328.681636 -22.847166 7.720036 0.314892 0.009745 -0.013292 0.824132 -0.566158
1779361328.734437 -22.862291 7.656564 0.304396 0.014400 -0.007435 0.811211 -0.584530
1779361328.791411 -22.854353 7.635459 0.308697 0.013504 -0.014902 0.800961 -0.598379
1779361328.839215 -22.867144 7.579653 0.311063 0.010203 -0.016722 0.791531 -0.610815
1779361328.897054 -22.879536 7.521596 0.295281 0.019343 -0.019697 0.784888 -0.619023
1779361329.060253 -22.891687 7.496204 0.295024 0.007693 -0.001079 0.776742 -0.629771
1779361329.062673 -22.900833 7.451630 0.305445 0.012990 -0.013285 0.773405 -0.633640
1779361329.080231 -22.913414 7.395697 0.312036 0.016480 -0.010136 0.767281 -0.641019
1779361329.121371 -22.925440 7.329089 0.317420 0.014997 -0.007500 0.762185 -0.647142
1779361329.304356 -22.929531 7.304455 0.307590 0.016391 -0.012777 0.758674 -0.651139
1779361329.305963 -22.938633 7.249257 0.314078 0.018517 -0.007422 0.755478 -0.654871
1779361329.337659 -22.956530 7.131666 0.308715 0.024106 -0.007640 0.752229 -0.658417
1779361329.378305 -22.955561 7.124699 0.309138 0.010222 -0.020395 0.753897 -0.656596
1779361329.498249 -22.959448 7.071545 0.313727 0.020148 -0.018443 0.753120 -0.657316
1779361329.581426 -22.961647 7.014516 0.315507 0.035234 -0.010120 0.749324 -0.661188
1779361329.585934 -22.964014 6.945517 0.303443 0.034412 -0.003508 0.746492 -0.664495
1779361329.607444 -22.972071 6.900179 0.309970 0.003499 -0.016617 0.743650 -0.668354
1779361329.743867 -22.973314 6.839655 0.316308 0.004119 -0.014468 0.742477 -0.669702
1779361329.775974 -22.978294 6.776291 0.314222 0.015707 -0.021736 0.741890 -0.669985
1779361329.777359 -22.985931 6.742953 0.301283 0.002277 -0.008167 0.740781 -0.671693
1779361329.805140 -22.987768 6.717388 0.307126 0.009601 -0.013711 0.743996 -0.667975
1779361329.963886 -22.991705 6.661379 0.312197 0.021309 -0.009227 0.741776 -0.670246
1779361329.966861 -22.996052 6.601054 0.314233 0.028573 0.000395 0.738904 -0.673204
1779361330.028667 -23.003473 6.546685 0.307997 0.000576 -0.000713 0.736563 -0.676368
1779361330.034098 -23.005827 6.484012 0.313966 -0.011208 -0.002144 0.735585 -0.677336
1779361330.078898 -23.011347 6.427510 0.317490 -0.002150 -0.004219 0.736529 -0.676389
1779361330.208859 -23.020834 6.358015 0.307967 0.007470 -0.006489 0.737067 -0.675748
1779361330.252754 -23.018499 6.362421 0.309618 -0.002191 -0.013195 0.737949 -0.674724
1779361330.303578 -23.026421 6.291807 0.312740 0.004256 -0.010778 0.736914 -0.675888
1779361330.305844 -23.030891 6.229697 0.314485 0.013206 -0.005804 0.733950 -0.679050
1779361330.551722 -23.034309 6.162605 0.306189 0.015275 -0.014884 0.733042 -0.679849
1779361330.554253 -23.040539 6.108568 0.309925 0.004422 -0.006970 0.731864 -0.681401
1779361330.574069 -23.051067 5.988954 0.316743 0.019804 -0.002930 0.732376 -0.680606
1779361330.579148 -23.049824 5.970390 0.306556 0.005194 -0.016542 0.733154 -0.679842
1779361330.730776 -23.057360 5.912696 0.308813 0.004173 -0.015131 0.734891 -0.678003
1779361330.732699 -23.058470 5.858425 0.311636 0.017913 -0.010879 0.733846 -0.678993
1779361330.744241 -23.063824 5.789673 0.299148 0.019408 -0.006830 0.732406 -0.680557
1779361330.774295 -23.065962 5.738306 0.309244 0.008621 -0.012297 0.729880 -0.683410
1779361330.956759 -23.067135 5.674668 0.316280 0.003095 -0.009825 0.729299 -0.684118
1779361330.987362 -23.073668 5.597408 0.318912 0.013113 -0.012786 0.730365 -0.682811
1779361330.997056 -23.080538 5.549783 0.303580 -0.000786 -0.009847 0.731777 -0.681473
1779361331.006698 -23.080751 5.502563 0.304758 0.001706 -0.014848 0.734520 -0.678423
1779361331.049286 -23.083830 5.444407 0.307988 0.016234 -0.013599 0.733032 -0.679864
1779361331.200508 -23.087307 5.381970 0.310702 0.022672 -0.005017 0.730284 -0.682749
1779361331.239258 -23.090345 5.339930 0.304458 0.008333 -0.008741 0.729231 -0.684161
1779361331.241508 -23.095284 5.284831 0.310860 -0.007995 0.001089 0.726101 -0.687541
1779361331.276413 -23.096996 5.225423 0.316492 0.002049 -0.000664 0.726861 -0.686782
1779361331.434943 -23.105715 5.159845 0.309617 0.006780 -0.005634 0.727517 -0.686033
1779361331.451174 -23.103016 5.151639 0.309395 -0.004605 -0.006140 0.728397 -0.685112
1779361331.484485 -23.109516 5.094567 0.312526 -0.000217 -0.002341 0.728120 -0.685446
1779361331.487933 -23.112612 5.033186 0.316160 0.008892 0.000801 0.726031 -0.687604
1779361331.526491 -23.111729 4.970634 0.308277 0.015842 -0.008927 0.726349 -0.687086
1779361331.682202 -23.124062 4.928551 0.311339 -0.000388 0.001926 0.723038 -0.690805
1779361331.688100 -23.126511 4.874356 0.316561 0.004062 0.006059 0.724902 -0.688813
1779361331.718358 -23.132973 4.810993 0.320034 0.014244 0.007990 0.725486 -0.688043
1779361331.733129 -23.131529 4.801842 0.309685 0.002648 -0.009474 0.726586 -0.687005
1779361331.784381 -23.134235 4.754352 0.313565 0.002603 -0.012066 0.727790 -0.685689
1779361331.948211 -23.135962 4.694968 0.316327 0.013357 -0.008791 0.726249 -0.687246
1779361331.982118 -23.140728 4.622777 0.303606 0.014271 -0.004014 0.724144 -0.689489
1779361331.986617 -23.148144 4.602371 0.311028 -0.000807 -0.006003 0.723025 -0.690795
1779361332.004171 -23.149641 4.544890 0.317658 -0.003267 -0.004171 0.723098 -0.690725
1779361332.160430 -23.153370 4.481821 0.321993 0.010195 -0.006221 0.723671 -0.690042
1779361332.196439 -23.163260 4.423586 0.308712 -0.004338 0.002384 0.722824 -0.691014
1779361332.210298 -23.159002 4.371239 0.310193 0.001479 -0.010156 0.725657 -0.687980
1779361332.218099 -23.162228 4.314389 0.312638 0.010736 -0.007989 0.723954 -0.689718
1779361332.265452 -23.164724 4.250282 0.314185 0.016989 -0.002672 0.721963 -0.691718
1779361332.452159 -23.168266 4.201936 0.309432 0.006790 -0.007237 0.721274 -0.692579
1779361332.469694 -23.167391 4.133751 0.314279 -0.005667 -0.001236 0.719788 -0.694170
1779361332.487469 -23.169699 4.075557 0.318969 0.000949 -0.000640 0.721662 -0.692245
1779361332.497302 -23.175726 4.008775 0.307081 0.009352 -0.004077 0.722011 -0.691807
1779361332.672792 -23.173330 4.030175 0.311817 -0.001100 -0.017136 0.724463 -0.689100
1779361332.704850 -23.176477 3.967939 0.315224 0.003862 -0.017383 0.725072 -0.688443
1779361332.706662 -23.178976 3.904843 0.315579 0.013818 -0.010744 0.722363 -0.691293
1779361332.736719 -23.179140 3.836981 0.307684 0.018760 -0.021237 0.721329 -0.692012
1779361332.750023 -23.186974 3.796375 0.305282 -0.006165 -0.003747 0.717415 -0.696609
1779361332.881627 -23.186794 3.747318 0.312435 0.004676 0.001426 0.719240 -0.694745
1779361332.976092 -23.193083 3.683783 0.318853 0.020361 0.002034 0.720896 -0.692741
1779361332.980260 -23.192854 3.662255 0.308561 0.003468 -0.006261 0.721169 -0.692722
1779361332.998214 -23.194227 3.612753 0.308649 -0.003100 -0.011086 0.722666 -0.691101
1779361333.134104 -23.196228 3.552333 0.311209 0.003463 -0.009148 0.721102 -0.692760
1779361333.139516 -23.200468 3.480338 0.302997 0.000907 -0.005224 0.719721 -0.694244
1779361333.150034 -23.201939 3.433164 0.306900 0.006292 -0.004152 0.719592 -0.694357
1779361333.180598 -23.204340 3.373783 0.316417 0.003446 -0.000257 0.720280 -0.693675
1779361333.391769 -23.207005 3.310961 0.321629 0.015386 -0.000229 0.720994 -0.692770
1779361333.396244 -23.213341 3.251662 0.309254 -0.000940 0.000473 0.720394 -0.693564
1779361333.452300 -23.213512 3.222287 0.306980 0.000193 -0.009624 0.722133 -0.691688
1779361333.461815 -23.216999 3.165523 0.309183 0.009898 -0.002661 0.720269 -0.693619
1779361333.467189 -23.219879 3.103977 0.310802 0.016604 0.006257 0.717429 -0.696406
1779361333.627280 -23.221252 3.045196 0.307418 0.004222 0.000598 0.716836 -0.697229
1779361333.633274 -23.225189 2.999610 0.311322 -0.006864 0.005265 0.715275 -0.698790
1779361333.648970 -23.227287 2.943455 0.316488 0.000742 0.006718 0.716043 -0.698024
1779361333.671352 -23.233082 2.876730 0.309724 0.012669 0.005332 0.717102 -0.696832
1779361333.702379 -23.226400 2.869255 0.312413 -0.002612 -0.012478 0.722342 -0.691419
1779361333.759047 -23.231493 2.810896 0.316725 -0.000342 -0.012939 0.734777 -0.678185
1779361333.809404 -23.233435 2.753012 0.318265 0.018472 -0.007473 0.752678 -0.658087
1779361333.865769 -23.239906 2.691993 0.297097 0.028989 0.004378 0.771110 -0.636026
1779361333.918303 -23.259663 2.654725 0.305800 -0.019545 0.011700 0.780328 -0.624955
1779361333.974741 -23.270815 2.598599 0.316941 -0.019581 0.010540 0.794164 -0.607297
1779361334.029223 -23.288574 2.542557 0.321390 -0.008662 0.007304 0.807510 -0.589745
1779361334.185671 -23.316074 2.485086 0.311502 -0.015781 0.004792 0.817401 -0.575833
1779361334.202900 -23.326448 2.446168 0.313334 -0.015712 0.005489 0.826754 -0.562317
1779361334.212791 -23.346807 2.392367 0.315039 0.001197 0.008060 0.832682 -0.553692
1779361334.243731 -23.372578 2.329604 0.316820 0.011595 0.008021 0.834190 -0.551297
1779361334.388921 -23.382618 2.309087 0.310500 0.005875 -0.004700 0.827705 -0.561113
1779361334.481312 -23.402298 2.258570 0.318607 0.001817 -0.000873 0.817800 -0.575499
1779361334.578010 -23.421276 2.204528 0.320565 0.005510 0.000375 0.812476 -0.582969
1779361334.582427 -23.446671 2.144672 0.318437 0.011030 0.003158 0.806665 -0.590897
1779361334.669609 -23.457272 2.104126 0.313620 -0.010004 -0.018562 0.804844 -0.593112
1779361334.675863 -23.476500 2.046710 0.318333 -0.005796 -0.022178 0.801355 -0.597750
1779361334.680764 -23.498442 1.975263 0.310964 -0.000250 -0.019227 0.795447 -0.605719
1779361334.701109 -23.508350 1.926414 0.303623 0.015252 -0.030787 0.792685 -0.608663
1779361334.729887 -23.529995 1.881109 0.308223 0.002257 -0.002316 0.787821 -0.615896
1779361334.925921 -23.539995 1.830611 0.315704 0.014407 -0.000372 0.786902 -0.616909
1779361334.934268 -23.559517 1.775582 0.319065 0.022599 0.003239 0.785178 -0.618849
1779361334.954701 -23.570456 1.727145 0.310803 -0.003233 -0.007964 0.784403 -0.620192
1779361334.959815 -23.586538 1.668022 0.312103 -0.004087 -0.020902 0.783360 -0.621203
1779361334.990303 -23.599966 1.609030 0.313566 0.000545 -0.018648 0.780895 -0.624384
1779361335.174502 -23.605099 1.547937 0.304173 0.013499 -0.028732 0.780531 -0.624311
1779361335.177383 -23.624756 1.505296 0.306719 -0.004318 -0.001752 0.777511 -0.628851
1779361335.179225 -23.632378 1.452697 0.312183 0.002920 -0.002795 0.777215 -0.629222
1779361335.217362 -23.645006 1.392943 0.316780 0.016228 -0.006621 0.777574 -0.628547
1779361335.352594 -23.649942 1.369174 0.307728 0.004924 -0.009448 0.777988 -0.628189
1779361335.424118 -23.659094 1.311829 0.311675 0.011121 -0.014610 0.780886 -0.624404
1779361335.425342 -23.668167 1.256569 0.314201 0.022839 -0.011321 0.778881 -0.626653
1779361335.465883 -23.698832 1.132104 0.307664 -0.000378 -0.009636 0.774032 -0.633073
1779361335.584985 -23.708878 1.080166 0.312349 -0.002729 -0.002459 0.774452 -0.632622
1779361335.638633 -23.722301 1.018971 0.318473 0.007118 -0.002102 0.775876 -0.630842
1779361335.644496 -23.739931 0.951921 0.310571 0.011951 -0.003913 0.775615 -0.631081
1779361335.700017 -23.738415 0.946715 0.309617 -0.002097 -0.011036 0.777854 -0.628344
1779361335.840501 -23.751343 0.883652 0.313294 0.008740 -0.010087 0.778908 -0.626996
1779361335.846051 -23.761021 0.833975 0.315364 0.014640 -0.006713 0.777227 -0.629015
1779361335.873086 -23.770105 0.768886 0.309476 0.018611 -0.015650 0.776495 -0.629654
1779361335.896981 -23.787441 0.712466 0.312562 0.003333 -0.002140 0.775843 -0.630913
1779361335.947493 -23.796133 0.655627 0.316013 0.012006 -0.003818 0.776624 -0.629839
1779361336.085405 -23.811106 0.590864 0.305465 0.015801 -0.012694 0.776938 -0.629250
1779361336.125629 -23.817369 0.555660 0.307972 0.009432 -0.010977 0.777458 -0.628769
1779361336.130629 -23.828474 0.493645 0.313087 0.014504 -0.010638 0.777480 -0.628651
1779361336.163876 -23.837437 0.436947 0.315804 0.025506 -0.005157 0.775295 -0.631062
1779361336.324563 -23.847517 0.364461 0.306104 0.020065 -0.004058 0.773944 -0.632923
1779361336.331289 -23.857561 0.320759 0.312351 -0.001780 -0.006744 0.771550 -0.636131
1779361336.357332 -23.867586 0.265047 0.316638 -0.001240 -0.005455 0.771181 -0.636592
1779361336.378628 -23.871159 0.206199 0.300911 0.012453 -0.009879 0.772305 -0.635053
1779361336.634110 -23.889658 0.149547 0.304733 -0.003094 0.012852 0.771351 -0.636273
1779361336.637985 -23.893585 0.099407 0.315170 0.007942 0.009628 0.773368 -0.633834
1779361336.658166 -23.915878 -0.024333 0.314745 0.016195 0.017631 0.771201 -0.636141
1779361336.661237 -23.922529 -0.062415 0.312389 0.001400 0.013887 0.769583 -0.638394
1779361336.806946 -23.935511 -0.125399 0.314031 -0.000796 0.017380 0.769262 -0.638697
1779361336.842087 -23.947149 -0.180097 0.317672 0.009742 0.019196 0.770186 -0.637456
1779361336.846868 -23.962318 -0.241314 0.310447 0.008039 0.010246 0.770605 -0.637180
1779361336.872788 -23.958273 -0.227915 0.310102 -0.001678 -0.004753 0.773069 -0.634303
1779361336.920783 -23.968916 -0.281459 0.313636 0.004117 -0.004985 0.772635 -0.634818
1779361337.075191 -23.981577 -0.346206 0.315564 0.008137 -0.002128 0.770680 -0.637167
1779361337.079506 -23.983301 -0.394953 0.310221 0.013114 -0.020331 0.771024 -0.636346
1779361337.083697 -23.999495 -0.444058 0.317028 0.005956 -0.009699 0.769184 -0.638926
1779361337.126138 -24.006498 -0.500945 0.321678 0.015863 -0.014750 0.770875 -0.636618
1779361337.278858 -24.022902 -0.560159 0.318647 0.015628 -0.020495 0.771358 -0.635879
1779361337.333262 -24.030237 -0.606750 0.309473 0.001352 -0.032219 0.775112 -0.631001
1779361337.338599 -24.041508 -0.666462 0.308117 0.001245 -0.032017 0.775701 -0.630287
1779361337.348466 -24.055603 -0.727747 0.309432 0.007545 -0.025151 0.771700 -0.635445
1779361337.401370 -24.059380 -0.787850 0.281934 0.036187 -0.035275 0.772865 -0.632555
1779361337.559974 -24.072737 -0.842253 0.286438 0.038183 -0.016416 0.767874 -0.639251
1779361337.575444 -24.080547 -0.894270 0.289899 0.043136 0.006930 0.765811 -0.641580
1779361337.577210 -24.086161 -0.944951 0.303886 0.064896 0.015164 0.767274 -0.637847
1779361337.615167 -24.095867 -1.005664 0.321449 0.080190 0.006100 0.767807 -0.635614
1779361337.797892 -24.098677 -1.048190 0.294524 0.057429 0.012538 0.771645 -0.633331
1779361337.800453 -24.108889 -1.102284 0.297106 0.060788 0.005180 0.771938 -0.632763
1779361337.845282 -24.120739 -1.153599 0.298704 0.057808 0.001850 0.763883 -0.642758
1779361337.848156 -24.132282 -1.210308 0.307852 0.051334 0.009340 0.760616 -0.647102
1779361337.874182 -24.140968 -1.235238 0.306177 0.045982 -0.005112 0.761692 -0.646285
1779361338.022425 -24.154463 -1.293194 0.311377 0.012720 0.005964 0.761100 -0.648482
1779361338.026492 -24.160675 -1.354022 0.316972 0.012351 0.000974 0.762651 -0.646691
1779361338.054550 -24.175554 -1.418670 0.314540 0.005721 -0.003624 0.762229 -0.647272
1779361338.089851 -24.178141 -1.468102 0.314466 -0.000181 -0.006428 0.763380 -0.645917
1779361338.314463 -24.189190 -1.525445 0.316839 0.008881 -0.004856 0.762806 -0.646548
1779361338.318260 -24.200399 -1.589784 0.309994 0.015129 0.000979 0.761063 -0.648501
1779361338.333179 -24.219183 -1.702216 0.314949 0.000954 0.002030 0.758597 -0.651556
1779361338.359158 -24.227848 -1.754764 0.319826 0.008964 0.002071 0.759806 -0.650085
1779361338.485676 -24.242666 -1.818174 0.307301 0.019049 0.002444 0.760785 -0.648720
1779361338.526463 -24.240891 -1.814940 0.309901 0.004227 -0.009029 0.762372 -0.647062
1779361338.529342 -24.251232 -1.877337 0.313547 0.008268 -0.013747 0.762352 -0.646964
1779361338.570889 -24.258718 -1.939708 0.316294 0.018776 -0.009812 0.759755 -0.649864
1779361338.701745 -24.271622 -2.013874 0.306835 0.014902 -0.008037 0.758335 -0.651645
1779361338.734203 -24.277731 -2.037458 0.309934 0.000569 -0.006660 0.756362 -0.654119
1779361338.750875 -24.285357 -2.095821 0.315443 0.004271 -0.004536 0.756658 -0.653781
1779361338.790776 -24.295689 -2.163644 0.316077 0.016741 -0.009200 0.757457 -0.652606
1779361338.845631 -24.303062 -2.198375 0.305556 0.004171 0.001903 0.757439 -0.652889
1779361338.895508 -24.307924 -2.259809 0.312543 0.013112 -0.005301 0.758351 -0.651693
1779361338.999655 -24.315512 -2.317517 0.316219 0.021976 -0.001086 0.756121 -0.654062
1779361339.002867 -24.322308 -2.389788 0.310211 0.022751 -0.001212 0.755121 -0.655190
1779361339.053334 -24.329510 -2.438372 0.312048 0.005757 -0.005898 0.753938 -0.656894
1779361339.106632 -24.336470 -2.499172 0.315859 0.003695 -0.002210 0.753541 -0.657387
1779361339.158739 -24.345221 -2.559856 0.319010 0.016370 -0.001428 0.755083 -0.655423
1779361339.347974 -24.359507 -2.615258 0.311619 0.001404 0.001723 0.755287 -0.655390
1779361339.363865 -24.360277 -2.670837 0.312532 0.001872 -0.009137 0.758877 -0.651167
1779361339.371843 -24.368143 -2.728749 0.315765 0.011001 -0.006621 0.757850 -0.652303
1779361339.377576 -24.378117 -2.788133 0.308470 0.015693 -0.002049 0.755906 -0.654489
1779361339.425871 -24.385271 -2.820085 0.307966 0.010339 -0.008914 0.755934 -0.654506
1779361339.596323 -24.395508 -2.871566 0.314308 0.000522 -0.001744 0.752806 -0.658240
1779361339.604615 -24.403238 -2.928833 0.318097 0.009135 0.002303 0.753438 -0.657452
1779361339.626669 -24.415783 -2.994459 0.312174 0.016199 0.001477 0.753652 -0.657073
1779361339.643070 -24.412407 -2.988405 0.309056 -0.001717 -0.014329 0.756362 -0.653994
1779361339.773401 -24.421820 -3.047605 0.312787 0.002415 -0.010930 0.757089 -0.653216
1779361339.842225 -24.428625 -3.107595 0.315693 0.013449 -0.005574 0.754869 -0.655714
1779361339.843989 -24.438881 -3.183616 0.305203 0.011446 -0.005789 0.754067 -0.656673
1779361339.870049 -24.445463 -3.182031 0.310896 0.003956 -0.005614 0.752114 -0.658997
1779361339.913501 -24.450958 -3.240649 0.316590 0.007009 -0.004124 0.752011 -0.659101
1779361340.094802 -24.459097 -3.305265 0.307378 0.015342 -0.004429 0.743903 -0.668097
1779361340.104383 -24.464388 -3.302953 0.304185 0.006957 -0.008812 0.727772 -0.685727
1779361340.108566 -24.466988 -3.340882 0.313466 0.011418 -0.022993 0.708483 -0.705261
1779361340.125910 -24.464121 -3.402079 0.320250 0.021946 -0.021238 0.683360 -0.729442
1779361340.289284 -24.446360 -3.466538 0.313104 0.033004 -0.024478 0.661823 -0.748533
1779361340.294595 -24.456490 -3.515516 0.314438 0.017572 -0.007002 0.642800 -0.765801
1779361340.321856 -24.446867 -3.565227 0.316105 0.023239 -0.002297 0.626473 -0.779093
1779361340.332946 -24.435860 -3.618900 0.286421 0.032684 0.004645 0.612828 -0.789527
1779361340.379972 -24.431194 -3.613427 0.300385 0.025888 -0.029572 0.605483 -0.794887
1779361340.522807 -24.419107 -3.674336 0.308173 0.018288 -0.035844 0.597313 -0.800998
1779361340.561838 -24.398024 -3.736770 0.311170 0.017944 -0.030569 0.586616 -0.809089
1779361340.564497 -24.378376 -3.780454 0.297367 0.035092 -0.033348 0.580283 -0.812975
1779361340.806121 -24.371620 -3.827111 0.300426 0.019694 -0.014260 0.578689 -0.815186
1779361340.864138 -24.349545 -3.879346 0.309041 0.027430 -0.015709 0.590615 -0.806334
1779361340.870452 -24.342688 -3.935590 0.295184 0.016152 0.011190 0.596064 -0.802696
1779361341.054966 -24.321259 -3.978992 0.278150 0.016652 0.021594 0.608931 -0.792754
1779361341.057870 -24.311529 -4.018577 0.293039 0.018045 0.027502 0.619729 -0.784127
1779361341.078478 -24.294199 -4.106742 0.311193 0.030163 0.050769 0.624959 -0.778421
1779361341.086099 -24.279936 -4.150361 0.296718 0.032175 0.039150 0.631897 -0.773394
1779361341.099902 -24.286037 -4.168658 0.290846 0.014426 0.046841 0.631286 -0.774000
1779361341.116119 -24.279497 -4.204481 0.295070 0.005220 0.052516 0.634301 -0.771283
1779361341.336969 -24.272785 -4.238923 0.299553 0.010591 0.050417 0.641207 -0.765637
1779361341.339529 -24.268900 -4.272626 0.302286 0.013239 0.052485 0.645358 -0.761960
1779361341.722809 -24.257160 -4.344333 0.311242 0.008445 0.019522 0.652875 -0.757167
1779361341.726096 -24.247675 -4.377117 0.310283 0.010824 0.011815 0.649048 -0.760579
1779361341.744087 -24.242504 -4.407801 0.313482 0.013263 0.007948 0.641761 -0.766749
1779361341.758101 -24.234350 -4.444028 0.315280 0.016354 0.002828 0.629480 -0.776839
1779361341.827683 -24.225357 -4.482935 0.314536 0.012593 -0.001341 0.612286 -0.790535
1779361341.843660 -24.212088 -4.518960 0.308073 0.022969 -0.010363 0.593162 -0.804688
1779361341.846598 -24.210384 -4.545965 0.313316 0.015430 -0.003992 0.569238 -0.822018
1779361342.085203 -24.197605 -4.572756 0.315697 0.016990 -0.007809 0.546072 -0.837530
1779361342.090240 -24.182631 -4.599708 0.314796 0.023884 -0.011521 0.526922 -0.849500
1779361342.094991 -24.164558 -4.632022 0.313218 0.027822 -0.016357 0.508374 -0.860531
1779361342.105451 -24.152958 -4.656025 0.311513 0.030562 -0.008400 0.496374 -0.867530
1779361342.110234 -24.135166 -4.679910 0.314525 0.031237 -0.011513 0.487074 -0.872726
1779361342.528157 -24.118723 -4.705405 0.314556 0.030455 -0.013773 0.475229 -0.879227
1779361342.531633 -24.070864 -4.767940 0.311525 0.032256 -0.004764 0.455545 -0.889615
1779361342.962765 -24.042976 -4.803973 0.313327 0.013018 -0.008800 0.444281 -0.895750
1779361342.965765 -24.019363 -4.837028 0.316614 0.023212 -0.007441 0.421564 -0.906471
1779361343.289855 -23.993364 -4.867581 0.320276 0.017907 0.005791 0.392141 -0.919713
1779361343.297148 -23.959547 -4.897069 0.322481 0.026184 0.019361 0.350730 -0.935910
1779361343.299484 -23.929216 -4.924176 0.316575 0.024968 0.033210 0.313784 -0.948585
1779361343.314694 -23.883455 -4.936670 0.313944 0.052668 -0.023951 0.256632 -0.964776
1779361343.316202 -23.833784 -4.965273 0.326522 0.061752 -0.039311 0.195794 -0.977909
1779361344.139609 -23.784264 -4.980453 0.330855 0.050656 -0.034131 0.128448 -0.989833
1779361344.143612 -23.759302 -4.985772 0.324831 0.038178 -0.051315 0.054732 -0.996451
1779361344.608744 -23.767717 -4.956861 0.328868 0.034200 -0.054520 -0.020187 -0.997723
1779361344.612568 -23.731709 -4.962521 0.323652 0.026387 -0.062389 -0.092586 -0.993398
1779361344.614317 -23.672270 -4.949898 0.298374 0.073729 -0.132856 -0.139582 -0.978484
1779361344.710245 -23.605669 -4.949706 0.294503 0.052999 -0.152827 -0.176716 -0.970879
1779361344.712527 -23.585497 -4.966975 0.296741 0.048491 -0.138684 -0.212530 -0.966047
1779361344.795485 -23.532871 -4.939111 0.290537 0.051158 -0.096693 -0.241629 -0.964183
1779361344.800827 -23.508947 -4.921572 0.287469 0.051293 -0.025310 -0.262840 -0.963143
1779361344.823135 -23.458227 -4.901776 0.297421 0.033969 0.006795 -0.291090 -0.956068
1779361344.835220 -23.427357 -4.874052 0.300988 0.052025 -0.009237 -0.329172 -0.942791
1779361344.866948 -23.382483 -4.839455 0.312373 0.046776 -0.008873 -0.341022 -0.938849
1779361344.869012 -23.343449 -4.797009 0.315362 0.049185 0.008993 -0.355777 -0.933232
1779361344.930932 -23.298403 -4.750399 0.303995 0.038893 0.019301 -0.367713 -0.928925
1779361344.935280 -23.260275 -4.719258 0.307992 0.032907 -0.006577 -0.378735 -0.924896
1779361344.947654 -23.221849 -4.673565 0.313084 0.031330 -0.010171 -0.386034 -0.921896
1779361344.956436 -23.181717 -4.630308 0.314982 0.032382 -0.000540 -0.391974 -0.919406
1779361344.989770 -23.135086 -4.591444 0.308095 0.017005 -0.006290 -0.399058 -0.916746
1779361344.995340 -23.066780 -4.508105 0.315256 0.026360 -0.000120 -0.405224 -0.913837
1779361345.006888 -23.021395 -4.457563 0.311584 0.022034 0.001432 -0.410793 -0.911461
1779361345.037362 -22.989019 -4.421714 0.309612 0.022954 -0.005159 -0.413692 -0.910113
1779361345.044147 -22.947243 -4.380675 0.315937 0.011666 -0.006566 -0.418225 -0.908245
1779361345.062263 -22.910385 -4.338581 0.318247 0.011435 0.007111 -0.417499 -0.908578
1779361345.064798 -22.862062 -4.293454 0.312161 0.007353 0.009987 -0.418702 -0.908039
1779361345.074656 -22.761255 -4.175792 0.318160 0.013112 -0.000000 -0.420775 -0.907071
1779361345.079405 -22.694809 -4.101349 0.312238 0.015993 -0.015433 -0.424305 -0.905247
1779361345.084924 -22.668762 -4.062556 0.312082 0.022206 -0.012589 -0.422960 -0.905789
1779361345.137437 -22.640930 -4.020829 0.300465 0.033770 -0.012325 -0.422456 -0.905670
1779361345.156710 -22.616997 -3.988868 0.300721 0.012055 -0.006092 -0.424808 -0.905183
1779361345.167497 -22.604748 -3.961145 0.311865 0.018557 -0.002012 -0.434737 -0.900364
1779361345.201892 -22.584356 -3.933259 0.317832 0.027312 0.004221 -0.454344 -0.890398
1779361345.203963 -22.562490 -3.897209 0.317800 0.031208 0.009877 -0.480031 -0.876641
1779361345.225818 -22.540098 -3.859393 0.312972 0.024032 0.005923 -0.503312 -0.863750
1779361345.229655 -22.523855 -3.820300 0.314966 0.022646 -0.001701 -0.515821 -0.856395
1779361345.257343 -22.502121 -3.782586 0.316033 0.010343 0.005045 -0.515255 -0.856960
1779361345.271871 -22.480083 -3.738891 0.318515 0.018586 0.017310 -0.503348 -0.863711
1779361345.304648 -22.445103 -3.700310 0.312537 0.015577 0.005714 -0.493503 -0.869586
1779361345.306976 -22.432428 -3.668292 0.314780 0.009287 -0.007681 -0.482173 -0.875993
1779361345.342481 -22.380348 -3.593734 0.312664 0.009199 -0.006969 -0.471927 -0.881562
1779361345.355236 -22.353317 -3.547717 0.305610 0.016620 -0.000875 -0.460087 -0.887718
1779361345.377770 -22.325270 -3.521999 0.309469 -0.008212 -0.019075 -0.440112 -0.897703
1779361345.383189 -22.299021 -3.489554 0.316334 -0.009339 -0.015303 -0.409114 -0.912307
1779361345.386862 -22.261669 -3.457090 0.320601 0.006976 -0.003841 -0.367523 -0.929981
1779361345.404700 -22.223694 -3.430458 0.313243 -0.016914 -0.010347 -0.323864 -0.945896
1779361345.407789 -22.201115 -3.405065 0.315515 -0.003777 -0.002887 -0.275878 -0.961181
1779361345.426966 -22.168648 -3.381997 0.311531 -0.000392 0.008070 -0.234602 -0.972058
1779361345.442875 -22.107178 -3.353311 0.305210 0.002630 0.008754 -0.148369 -0.988890
1779361345.476928 -22.081964 -3.351590 0.310669 -0.016486 -0.000167 -0.108027 -0.994011
1779361345.492062 -22.058611 -3.347331 0.317574 -0.020674 -0.000753 -0.063141 -0.997790
1779361345.511390 -22.034433 -3.347491 0.320840 -0.025068 0.001740 -0.013120 -0.999598
1779361345.548863 -22.011059 -3.347950 0.320569 -0.007190 -0.008676 0.039102 -0.999172
1779361345.636163 -21.990250 -3.354439 0.319781 0.003441 -0.017516 0.084795 -0.996239
1779361345.640326 -21.967411 -3.362074 0.328864 0.002293 -0.033902 0.126543 -0.991379
1779361345.682287 -21.948385 -3.362965 0.333511 0.004162 -0.031014 0.174736 -0.984118
1779361345.737107 -21.924494 -3.369236 0.327602 0.018942 -0.024394 0.216415 -0.975813
1779361345.794549 -21.896624 -3.391719 0.322367 -0.010516 -0.034091 0.239497 -0.970241
1779361345.936196 -21.875212 -3.409683 0.308255 -0.007519 -0.041485 0.260452 -0.964566
1779361345.941209 -21.853025 -3.428930 0.297296 -0.022404 -0.028211 0.279308 -0.959526
1779361345.976984 -21.831261 -3.447857 0.294366 -0.022585 -0.004254 0.302809 -0.952774
1779361345.997211 -21.805061 -3.472805 0.298320 -0.010148 0.008903 0.322072 -0.946619
1779361346.049810 -21.774647 -3.505065 0.299216 -0.005480 0.007266 0.338615 -0.940881
1779361346.213852 -21.750597 -3.530626 0.298891 -0.012003 0.001412 0.354875 -0.934836
1779361346.217907 -21.718327 -3.562345 0.301016 -0.000988 0.006484 0.366005 -0.930590
1779361346.229243 -21.679707 -3.598214 0.303318 0.006545 0.014618 0.372196 -0.928016
1779361346.270766 -21.635214 -3.638440 0.307612 0.006545 0.018495 0.376545 -0.926191
1779361346.427697 -21.599878 -3.672002 0.303257 -0.003147 0.006422 0.380064 -0.924932
1779361346.454189 -21.561827 -3.710053 0.309887 -0.005868 0.010013 0.384480 -0.923061
1779361346.460158 -21.524586 -3.748440 0.315290 0.004795 0.014172 0.391029 -0.920257
1779361346.491699 -21.482569 -3.801049 0.310125 0.005397 0.010856 0.395980 -0.918179
1779361346.535258 -21.449694 -3.831057 0.309857 0.000700 -0.007055 0.401756 -0.915720
1779361346.699162 -21.415426 -3.871525 0.310894 0.003467 -0.005429 0.404237 -0.914631
1779361346.761088 -21.373735 -3.916098 0.312904 0.008635 0.004770 0.403679 -0.914848
1779361346.764040 -21.321066 -3.967791 0.304139 0.008287 0.002841 0.404218 -0.914621
1779361346.893864 -21.316402 -3.980104 0.308172 0.002575 0.000944 0.402781 -0.915292
1779361346.905129 -21.281387 -4.020126 0.314755 -0.000316 0.007610 0.404484 -0.914514
1779361346.912858 -21.240461 -4.068136 0.319161 0.010690 0.013047 0.407207 -0.913180
1779361346.940792 -21.214140 -4.099535 0.310339 0.004393 0.002389 0.408740 -0.912637
1779361346.955885 -21.188786 -4.127791 0.311995 0.000927 -0.002041 0.413707 -0.910408
1779361347.143312 -21.148001 -4.172627 0.314502 0.010866 0.005790 0.412270 -0.910979
1779361347.147975 -21.100790 -4.225139 0.304169 0.011729 0.009839 0.410746 -0.911621
1779361347.150176 -21.066133 -4.259965 0.309315 0.004611 0.003071 0.409474 -0.912305
1779361347.195641 -21.023779 -4.307435 0.315612 -0.000366 0.007383 0.407966 -0.912967
1779361347.231066 -20.983013 -4.353234 0.320067 0.009707 0.013175 0.405637 -0.913888
1779361347.407534 -20.939039 -4.405594 0.309353 0.009627 0.005288 0.402339 -0.915425
1779361347.411181 -20.934818 -4.407194 0.310821 0.000828 -0.012918 0.404689 -0.914363
1779361347.438372 -20.892952 -4.452253 0.313290 0.009549 -0.008970 0.402804 -0.915192
1779361347.447691 -20.851416 -4.498246 0.311581 0.016833 0.003587 0.401449 -0.915720
1779361347.623760 -20.812422 -4.547123 0.305556 0.012422 0.003760 0.413600 -0.910366
1779361347.677324 -20.779972 -4.583558 0.310457 -0.003164 -0.000010 0.427331 -0.904089
1779361347.681157 -20.741474 -4.632984 0.316244 0.003418 0.003795 0.448791 -0.893622
1779361347.700043 -20.706858 -4.683969 0.305172 0.013747 0.000796 0.464020 -0.885718
1779361347.716412 -20.680487 -4.728458 0.308038 -0.005735 0.008819 0.475013 -0.879916
1779361347.863481 -20.651764 -4.768620 0.312414 0.000730 0.011346 0.486055 -0.873854
1779361347.876815 -20.620035 -4.819193 0.314163 0.008148 0.020832 0.491733 -0.870458
1779361347.878582 -20.580685 -4.878518 0.306136 0.010177 0.020366 0.497558 -0.867132
1779361347.937294 -20.566807 -4.919741 0.310558 -0.013442 0.004577 0.496270 -0.868052
1779361348.091084 -20.536879 -4.967855 0.316269 -0.009475 0.005458 0.487656 -0.872967
1779361348.095154 -20.508652 -5.020307 0.318361 -0.000849 0.017256 0.476706 -0.878893
1779361348.113183 -20.475082 -5.072131 0.303011 0.008020 0.015064 0.467593 -0.883779
1779361348.138153 -20.464422 -5.081877 0.306877 -0.004286 -0.010322 0.464860 -0.885314
1779361348.204488 -20.430149 -5.130795 0.310734 0.003701 -0.005276 0.458283 -0.888783
1779361348.328470 -20.391212 -5.183733 0.302461 0.009736 0.001059 0.450275 -0.892836
1779361348.333423 -20.370028 -5.209304 0.301592 0.021631 -0.000285 0.443937 -0.895797
1779361348.365614 -20.336580 -5.255248 0.310540 0.010528 0.005238 0.437649 -0.899069
1779361348.404623 -20.295948 -5.300449 0.314926 0.020392 0.007909 0.433918 -0.900687
1779361348.454086 -20.262306 -5.345542 0.305422 0.023477 0.007184 0.423128 -0.905737
1779361348.613343 -20.219280 -5.385182 0.306417 0.024050 -0.014804 0.395003 -0.918246
1779361348.682477 -20.175529 -5.431623 0.310227 0.031988 -0.019153 0.362802 -0.931120
1779361348.687347 -20.126236 -5.467172 0.303420 0.021288 -0.013127 0.317363 -0.947974
1779361348.710160 -20.087059 -5.490665 0.304198 0.061813 -0.004828 0.273330 -0.959920
1779361348.834060 -20.042236 -5.531189 0.306822 0.030890 -0.008961 0.211552 -0.976838
1779361348.839447 -20.005529 -5.535206 0.278209 0.058029 -0.009888 0.163393 -0.984803
1779361348.868724 -19.972569 -5.549420 0.293275 0.054715 -0.003652 0.119084 -0.991369
1779361348.892420 -19.914303 -5.565508 0.303439 0.055998 -0.022628 0.100585 -0.993094
1779361349.047722 -19.857307 -5.584864 0.308480 0.044092 -0.015682 0.076483 -0.995972
1779361349.085598 -19.799139 -5.600048 0.293682 0.028548 -0.016304 0.058966 -0.997719
1779361349.096191 -19.748571 -5.608888 0.292793 0.046718 0.002557 0.064966 -0.996790
1779361349.136716 -19.688242 -5.625749 0.302111 0.021014 0.005276 0.076677 -0.996821
1779361349.161833 -19.635597 -5.637785 0.311641 0.029049 0.017084 0.098421 -0.994574
1779361349.297586 -19.582163 -5.661026 0.305629 0.001911 0.016033 0.113287 -0.993431
1779361349.337171 -19.531939 -5.664638 0.311480 0.013132 0.009171 0.131583 -0.991176
1779361349.354930 -19.486912 -5.678364 0.313455 0.012653 0.011009 0.140933 -0.989877
1779361349.379171 -19.417170 -5.701185 0.298463 0.008750 0.014942 0.149423 -0.988622
1779361349.556255 -19.404886 -5.707394 0.301911 0.007849 0.005499 0.156111 -0.987693
1779361349.582328 -19.353188 -5.728796 0.309999 -0.010630 0.003758 0.156674 -0.987586
1779361349.593318 -19.302391 -5.748333 0.316224 -0.005357 0.013492 0.164246 -0.986313
1779361349.603591 -19.246538 -5.776834 0.322867 -0.001781 0.024086 0.170653 -0.985035
1779361349.643357 -19.209444 -5.787487 0.311686 -0.000663 -0.004053 0.178268 -0.983974
1779361349.798698 -19.155428 -5.812180 0.311397 0.003589 -0.005525 0.184530 -0.982805
1779361349.845459 -19.099432 -5.833955 0.313828 0.010041 0.002767 0.185662 -0.982558
1779361349.847596 -19.030300 -5.862374 0.305248 0.005181 -0.001370 0.186897 -0.982365
1779361349.865258 -19.030531 -5.869817 0.309908 -0.015743 -0.032292 0.187263 -0.981653
1779361350.016037 -18.976290 -5.890363 0.322009 -0.024511 -0.048795 0.188688 -0.980518
1779361350.020306 -18.930075 -5.916190 0.292683 -0.047758 -0.044050 0.188492 -0.979923
1779361350.050421 -18.885551 -5.931122 0.282000 -0.038142 -0.013478 0.191645 -0.980630
1779361350.069631 -18.835327 -5.954838 0.295712 -0.031241 0.001272 0.193947 -0.980514
1779361350.129548 -18.783846 -5.976020 0.307187 -0.030096 0.023898 0.191907 -0.980660
1779361350.284456 -18.771841 -5.979900 0.280015 -0.010333 0.016306 0.197124 -0.980189
1779361350.286218 -18.744328 -6.005615 0.296230 -0.036125 0.015047 0.193854 -0.980250
1779361350.334335 -18.699678 -6.023623 0.298010 -0.039387 0.010398 0.197798 -0.979396
1779361350.339160 -18.662970 -6.041625 0.302517 -0.036586 0.017185 0.201869 -0.978578
1779361350.530195 -18.623430 -6.062644 0.293260 -0.037940 0.025165 0.203466 -0.978023
1779361350.535240 -18.576971 -6.076602 0.290678 -0.019206 -0.003869 0.207010 -0.978143
1779361350.540364 -18.541954 -6.090882 0.307151 -0.030534 -0.018530 0.208774 -0.977311
1779361350.577749 -18.506641 -6.105573 0.315245 -0.023471 -0.016401 0.206876 -0.977948
1779361350.608043 -18.465654 -6.121731 0.315181 -0.017264 -0.018623 0.196596 -0.980156
1779361350.658460 -18.425320 -6.134621 0.304602 0.000831 -0.015269 0.181372 -0.983296
1779361350.715600 -18.395752 -6.149796 0.301664 0.003786 -0.009327 0.168789 -0.985601
1779361350.766545 -18.364492 -6.157699 0.308300 -0.000709 -0.016962 0.158310 -0.987244
1779361350.818062 -18.332592 -6.162034 0.310649 0.011409 -0.020587 0.150265 -0.988366
1779361350.870868 -18.298639 -6.171212 0.310182 0.018674 -0.021059 0.141842 -0.989489
1779361350.926683 -18.268677 -6.179820 0.309957 0.015459 -0.005189 0.131974 -0.991119
1779361350.985471 -18.238995 -6.183276 0.311028 0.023087 -0.012884 0.126196 -0.991653
1779361351.034197 -18.211798 -6.192749 0.310787 0.021714 -0.018377 0.118268 -0.992574
1779361351.100360 -18.181709 -6.199973 0.310795 0.021831 -0.019355 0.113017 -0.993165
1779361351.145619 -18.152567 -6.210306 0.309194 0.014277 -0.019652 0.115169 -0.993049
1779361351.191631 -18.120726 -6.217585 0.306120 0.020804 -0.019083 0.125569 -0.991683
1779361351.245555 -18.091629 -6.227971 0.304510 0.020387 -0.010694 0.144019 -0.989307
1779361351.324895 -18.066586 -6.236042 0.309744 0.009054 -0.006667 0.163586 -0.986465
1779361351.361740 -18.040840 -6.244346 0.312356 0.007187 -0.002300 0.179274 -0.983770
1779361351.413349 -18.011063 -6.255727 0.311427 0.011907 0.001553 0.194680 -0.980793
1779361351.466277 -17.981499 -6.268679 0.308561 0.014579 0.002506 0.205463 -0.978553
1779361351.519549 -17.952835 -6.280875 0.308594 0.013603 0.001388 0.214497 -0.976629
1779361351.588670 -17.928631 -6.289184 0.313664 0.013192 0.002413 0.219807 -0.975451
1779361351.632834 -17.905020 -6.301750 0.315501 0.009018 0.001806 0.222869 -0.974805
1779361351.781123 -17.879759 -6.313548 0.314646 0.008643 0.005867 0.226042 -0.974062
1779361351.785268 -17.849533 -6.328747 0.312064 0.006965 0.007001 0.227151 -0.973809
1779361351.799433 -17.820509 -6.344163 0.309099 0.002714 0.001035 0.227511 -0.973771
1779361351.859379 -17.791336 -6.360993 0.301338 0.014827 0.004182 0.229901 -0.973092
1779361351.914710 -17.768484 -6.372861 0.305008 0.009289 0.006918 0.233370 -0.972319
1779361351.966583 -17.743153 -6.384140 0.306356 0.007700 0.007680 0.238499 -0.971082
1779361352.007729 -17.717249 -6.395225 0.305759 0.015883 0.005816 0.243170 -0.969836
1779361352.060560 -17.688717 -6.408189 0.303857 0.023744 0.001952 0.246066 -0.968960
1779361352.120440 -17.661781 -6.425172 0.303479 0.018891 0.013953 0.247217 -0.968675
1779361352.163993 -17.634195 -6.435595 0.307341 0.030847 0.010230 0.250650 -0.967532
1779361352.225062 -17.611563 -6.447186 0.309156 0.028811 0.006853 0.249450 -0.967935
1779361352.330862 -17.591009 -6.460464 0.309655 0.019546 0.003690 0.248212 -0.968502
1779361352.362877 -17.567190 -6.474904 0.308741 0.014915 -0.000008 0.247182 -0.968854
1779361352.375602 -17.540539 -6.491526 0.307336 0.010306 -0.004978 0.246165 -0.969160
1779361352.435386 -17.513496 -6.505689 0.304666 0.016292 -0.007464 0.244956 -0.969369
1779361352.488893 -17.487976 -6.523421 0.300322 0.018034 0.000898 0.244930 -0.969373
1779361352.530790 -17.467970 -6.534914 0.303752 0.011312 0.003774 0.246238 -0.969136
1779361352.635010 -17.445913 -6.545127 0.308086 0.008132 0.005725 0.248227 -0.968651
1779361352.641582 -17.422546 -6.556545 0.309096 0.015321 0.006717 0.250825 -0.967888
1779361352.694856 -17.394783 -6.570812 0.308158 0.021461 0.006322 0.249074 -0.968226
1779361352.748212 -17.368166 -6.584691 0.307259 0.024020 0.004689 0.240724 -0.970285
1779361352.798306 -17.341574 -6.595277 0.309240 0.031058 0.001151 0.225820 -0.973673
1779361352.849675 -17.320595 -6.603497 0.311970 0.031155 -0.000850 0.202821 -0.978720
1779361352.937587 -17.293566 -6.616064 0.312584 0.030456 -0.001507 0.182110 -0.982805
1779361352.958142 -17.263990 -6.625495 0.311764 0.029861 0.001002 0.165166 -0.985813
1779361353.023800 -17.231232 -6.636663 0.308000 0.020978 -0.001642 0.149737 -0.988502
1779361353.060498 -17.203644 -6.644664 0.302600 0.025595 0.000760 0.139568 -0.989881
1779361353.146564 -17.179745 -6.654481 0.309854 0.020753 0.004129 0.130770 -0.991187
1779361353.167076 -17.156960 -6.659997 0.312418 0.018435 0.008117 0.124360 -0.992033
1779361353.226611 -17.130077 -6.664301 0.312043 0.023993 0.008873 0.127267 -0.991539
1779361353.273418 -17.099672 -6.670880 0.309929 0.029955 0.007232 0.135230 -0.990335
1779361353.346726 -17.074982 -6.679417 0.306959 0.021232 0.015277 0.142624 -0.989431
1779361353.454321 -17.046715 -6.682693 0.308383 0.028874 0.010297 0.150178 -0.988184
1779361353.457705 -17.024212 -6.690256 0.308737 0.020041 0.001728 0.152191 -0.988146
1779361353.514759 -16.997578 -6.699543 0.308995 0.014919 -0.002421 0.156328 -0.987590
1779361353.569840 -16.969810 -6.709054 0.308014 0.009776 -0.005578 0.158307 -0.987326
1779361353.591063 -16.936211 -6.722488 0.305928 0.001677 -0.006656 0.158707 -0.987302
1779361353.681887 -16.900734 -6.729605 0.305697 0.013353 0.002464 0.161532 -0.986774
1779361353.699435 -16.868494 -6.746928 0.306248 -0.001427 0.007419 0.162922 -0.986610
1779361353.752820 -16.836117 -6.757659 0.308829 -0.005384 0.015814 0.167658 -0.985704
1779361353.805598 -16.801718 -6.769420 0.309847 -0.000972 0.023196 0.171497 -0.984911
1779361353.861792 -16.755146 -6.790401 0.313435 0.005334 0.028831 0.173072 -0.984473
1779361353.911243 -16.719625 -6.803269 0.308597 0.007437 0.004126 0.178501 -0.983903
1779361353.966329 -16.679583 -6.819752 0.311662 0.006072 0.003580 0.179543 -0.983725
1779361354.041040 -16.633329 -6.835301 0.314375 0.013570 0.009063 0.173807 -0.984645
1779361354.075456 -16.577534 -6.852694 0.317608 0.013521 0.012003 0.155408 -0.987685
1779361354.127176 -16.530092 -6.859429 0.308439 0.019769 0.007774 0.130674 -0.991198
1779361354.204574 -16.484753 -6.872617 0.309262 0.013141 0.009963 0.112261 -0.993542
1779361354.254363 -16.430099 -6.880531 0.312193 0.022535 0.015857 0.095835 -0.995016
1779361354.292089 -16.365072 -6.892580 0.321401 0.033895 0.019739 0.079789 -0.996040
1779361354.365017 -16.348717 -6.898179 0.307662 0.029522 0.005858 0.071367 -0.996996
1779361354.395251 -16.295328 -6.906136 0.312613 0.031381 0.002795 0.063265 -0.997499
1779361354.491503 -16.241976 -6.909725 0.315583 0.035086 0.008505 0.051464 -0.998022
1779361354.500468 -16.174585 -6.914719 0.313059 0.028883 0.012146 0.042093 -0.998622
1779361354.564740 -16.123802 -6.920657 0.310091 0.018307 -0.006068 0.033387 -0.999256
1779361354.603859 -16.064957 -6.923715 0.314698 0.007960 -0.000949 0.027919 -0.999578
1779361354.678049 -16.008499 -6.925892 0.318027 0.014314 0.009413 0.017554 -0.999699
1779361354.768018 -15.940179 -6.927996 0.304238 0.016540 0.012151 -0.007042 -0.999765
1779361354.788995 -15.953501 -6.930647 0.310986 0.027191 -0.008903 -0.034636 -0.998990
1779361354.816464 -15.892637 -6.925975 0.319555 0.031797 -0.005154 -0.060635 -0.997640
1779361354.948864 -15.826674 -6.915533 0.307390 0.025627 -0.000865 -0.086725 -0.995902
1779361354.950586 -15.773562 -6.905929 0.304611 0.032232 0.013164 -0.103236 -0.994048
1779361355.039105 -15.718002 -6.896869 0.317752 0.019060 0.013572 -0.122705 -0.992167
1779361355.043211 -15.663957 -6.879517 0.324935 0.031564 0.024457 -0.136473 -0.989839
1779361355.200859 -15.620153 -6.870822 0.312946 0.027738 0.020816 -0.149510 -0.988152
1779361355.204921 -15.606819 -6.867603 0.309346 0.031508 0.007504 -0.153882 -0.987558
1779361355.230464 -15.550187 -6.850124 0.311884 0.031056 0.011379 -0.162330 -0.986182
1779361355.251402 -15.495485 -6.830053 0.314386 0.026636 0.020806 -0.173043 -0.984334
1779361355.300315 -15.439452 -6.803981 0.304333 0.035397 0.022152 -0.179554 -0.982862
1779361355.465313 -15.393258 -6.793063 0.301074 0.007480 0.020728 -0.189590 -0.981616
1779361355.468550 -15.348433 -6.774392 0.307315 0.004983 0.034773 -0.191626 -0.980839
1779361355.494951 -15.291366 -6.754877 0.319275 0.014738 0.049904 -0.191743 -0.980065
1779361355.515512 -15.266225 -6.748129 0.293131 0.002415 0.035547 -0.189905 -0.981156
1779361355.709510 -15.228254 -6.730376 0.300090 0.010082 0.032840 -0.181596 -0.982773
1779361355.760987 -15.169552 -6.708511 0.305258 0.006718 0.040213 -0.181276 -0.982587
1779361355.766364 -15.122864 -6.687110 0.310327 0.003617 0.050785 -0.182282 -0.981927
1779361355.778789 -15.058692 -6.660070 0.301491 -0.003468 0.046585 -0.184311 -0.981757
1779361355.923452 -15.010869 -6.645078 0.302194 -0.013344 0.008658 -0.190495 -0.981559
1779361355.925816 -14.953158 -6.620962 0.307625 -0.015087 0.002486 -0.191188 -0.981434
1779361355.942855 -14.897792 -6.602649 0.313964 -0.010311 0.010289 -0.189139 -0.981842
1779361355.969215 -14.844348 -6.583769 0.310211 -0.001472 0.003779 -0.186456 -0.982455
1779361356.013578 -14.813478 -6.570288 0.311190 -0.000058 -0.017213 -0.185166 -0.982557
1779361356.239990 -14.759834 -6.549969 0.313766 0.003436 -0.011050 -0.187268 -0.982241
1779361356.245065 -14.700494 -6.526967 0.313292 0.007547 -0.005348 -0.190163 -0.981709
1779361356.270898 -14.655428 -6.507916 0.308961 0.018440 -0.007839 -0.190545 -0.981474
1779361356.274376 -14.596564 -6.488300 0.313992 -0.001475 -0.010300 -0.191759 -0.981387
1779361356.431390 -14.547154 -6.467121 0.318683 0.008787 -0.000218 -0.176679 -0.984229
1779361356.435037 -14.487016 -6.452564 0.313350 0.022026 0.000404 -0.155455 -0.987598
1779361356.437115 -14.448867 -6.441177 0.313944 0.011199 -0.005455 -0.133250 -0.991004
1779361356.466848 -14.400214 -6.424904 0.315724 0.016914 0.000137 -0.119394 -0.992703
1779361356.471000 -14.338044 -6.407320 0.315527 0.015128 0.012171 -0.110562 -0.993680
1779361356.683650 -14.292343 -6.400280 0.304714 0.005349 0.004223 -0.103131 -0.994645
1779361356.690143 -14.266456 -6.397063 0.311308 -0.007309 -0.011245 -0.098129 -0.995084
1779361356.692212 -14.214232 -6.387956 0.316721 -0.007605 -0.006648 -0.090131 -0.995879
1779361356.737064 -14.151595 -6.379371 0.319811 -0.000732 0.002270 -0.082180 -0.996615
1779361356.741021 -14.103863 -6.371819 0.310933 -0.005345 -0.009275 -0.074798 -0.997141
1779361357.001975 -14.048290 -6.362251 0.312864 -0.002432 -0.001729 -0.070303 -0.997521
1779361357.004732 -13.990945 -6.353812 0.314499 0.006544 0.011773 -0.069420 -0.997497
1779361357.204507 -13.921031 -6.341053 0.309630 0.008612 0.014207 -0.068486 -0.997514
1779361357.208773 -13.854293 -6.337653 0.317725 -0.005883 -0.005305 -0.065422 -0.997826
1779361357.228598 -13.794150 -6.332017 0.322606 0.003410 0.004298 -0.062735 -0.998015
1779361357.233766 -13.733469 -6.330020 0.307676 0.001521 -0.004446 -0.061580 -0.998091
1779361357.262702 -13.723973 -6.333349 0.306825 0.007200 -0.004212 -0.057595 -0.998305
1779361357.265391 -13.668542 -6.326937 0.309009 0.011542 0.006652 -0.057619 -0.998250
1779361357.405771 -13.603709 -6.318653 0.310780 0.013548 0.018744 -0.060888 -0.997877
1779361357.409319 -13.537982 -6.314060 0.302263 0.001426 0.005603 -0.062098 -0.998053
1779361357.420030 -13.476193 -6.303402 0.309287 -0.001392 -0.004646 -0.063815 -0.997950
1779361357.446178 -13.410574 -6.298400 0.315895 0.003148 0.003387 -0.057132 -0.998356
1779361357.624306 -13.343689 -6.295765 0.316537 0.012240 0.003851 -0.039001 -0.999157
1779361357.658649 -13.304184 -6.292096 0.314423 -0.002713 0.002846 -0.005056 -0.999979
1779361357.660367 -13.248923 -6.290712 0.317107 0.007767 0.013231 0.035831 -0.999240
1779361357.707316 -13.159062 -6.303491 0.301923 -0.020546 0.022992 0.123809 -0.991827
1779361357.858808 -13.102859 -6.314417 0.314914 -0.037746 0.006423 0.174191 -0.983967
1779361357.886398 -13.056330 -6.335786 0.325080 -0.020883 0.009296 0.227950 -0.973405
1779361357.893205 -13.004987 -6.360379 0.312823 -0.029970 0.001900 0.273365 -0.961442
1779361357.926887 -12.973709 -6.381927 0.309876 -0.026055 0.010024 0.311456 -0.949850
1779361358.135701 -12.922863 -6.410579 0.313919 -0.003995 0.005633 0.340863 -0.940087
1779361358.139767 -12.881661 -6.439277 0.296261 -0.005754 0.012971 0.364236 -0.931199
1779361358.167229 -12.823629 -6.492725 0.313270 -0.024234 0.010105 0.378913 -0.925060
1779361358.171866 -12.781099 -6.532396 0.316032 -0.037750 0.007383 0.394848 -0.917941
1779361358.214386 -12.743944 -6.573597 0.313404 -0.027780 0.005685 0.412759 -0.910399
1779361358.364361 -12.716749 -6.620029 0.302856 -0.036847 0.002516 0.425641 -0.904138
1779361358.367042 -12.697785 -6.637794 0.306269 -0.024101 0.000114 0.439800 -0.897772
1779361358.401178 -12.662374 -6.685376 0.310455 -0.013552 0.009020 0.446049 -0.894860
1779361358.408556 -12.623713 -6.736865 0.300242 -0.005083 0.011678 0.450244 -0.892815
1779361358.594356 -12.592917 -6.776574 0.306761 -0.007180 0.005540 0.454506 -0.890697
1779361358.596090 -12.559598 -6.826989 0.314518 -0.016917 0.008359 0.455878 -0.889842
1779361358.600222 -12.528155 -6.871301 0.318231 -0.004429 0.009959 0.462431 -0.886588
1779361358.634061 -12.493437 -6.933272 0.313976 -0.001966 0.009500 0.467797 -0.883783
1779361358.670797 -12.488880 -6.934438 0.307737 -0.006212 -0.003183 0.472769 -0.881159
1779361358.925421 -12.458035 -6.980899 0.308677 0.002826 0.005835 0.473874 -0.880569
1779361358.931298 -12.422043 -7.034118 0.307672 0.012008 0.013307 0.473721 -0.880493
1779361358.936279 -12.396395 -7.071925 0.305163 0.013124 0.005275 0.474710 -0.880029
1779361358.960628 -12.378628 -7.102440 0.309956 0.001240 0.008150 0.473072 -0.880985
1779361359.053845 -12.345853 -7.149872 0.316059 0.009010 0.007431 0.476833 -0.878917
1779361359.087852 -12.310994 -7.208408 0.315460 0.018830 0.006691 0.479214 -0.877471
1779361359.091591 -12.283751 -7.244775 0.308298 0.010870 0.000556 0.482529 -0.875812
1779361359.100351 -12.251678 -7.293437 0.310992 0.016281 0.004149 0.485553 -0.874046
1779361359.150905 -12.217579 -7.341731 0.313727 0.024981 0.014345 0.484271 -0.874444
1779361359.289160 -12.178379 -7.401786 0.305607 0.021999 0.014007 0.482804 -0.875340
1779361359.321900 -12.155058 -7.438017 0.310081 0.001148 0.002738 0.479071 -0.877771
1779361359.325953 -12.124810 -7.484280 0.314460 0.000224 0.005199 0.479835 -0.877343
1779361359.364742 -12.092771 -7.537656 0.319012 0.010147 0.008651 0.481463 -0.876365
1779361359.504581 -12.067996 -7.583041 0.310884 -0.001392 0.004796 0.481674 -0.876337
1779361359.508307 -12.033274 -7.632133 0.312861 -0.001258 0.000596 0.483303 -0.875452
1779361359.539814 -12.002570 -7.679443 0.315565 0.008928 0.006196 0.481280 -0.876500
1779361359.579104 -11.965204 -7.734874 0.314750 0.011375 0.010734 0.478858 -0.877753
1779361359.671871 -11.934349 -7.781572 0.310920 0.002336 -0.000321 0.477611 -0.878568
1779361359.693149 -11.901655 -7.831030 0.315935 -0.004550 0.003843 0.476321 -0.879251
1779361359.742291 -11.869344 -7.878935 0.319955 0.004695 0.008678 0.478262 -0.878162
1779361359.795738 -11.833766 -7.938813 0.310352 0.008454 0.003099 0.481757 -0.876259
1779361359.844789 -11.810792 -7.966897 0.314344 -0.001920 -0.004672 0.498874 -0.866660
1779361359.895419 -11.781929 -8.014561 0.316136 0.008255 -0.003689 0.523799 -0.851794
1779361359.944681 -11.751510 -8.061226 0.313645 0.025459 0.008945 0.552068 -0.833362
1779361360.002431 -11.734973 -8.109289 0.297736 0.013732 0.021276 0.579331 -0.814699
1779361360.053603 -11.727151 -8.149036 0.306521 -0.023643 0.004013 0.597157 -0.801766
1779361360.103877 -11.707360 -8.202403 0.315493 -0.020134 0.005335 0.619441 -0.784767
1779361360.162199 -11.694701 -8.261928 0.318743 -0.006386 -0.000960 0.639020 -0.769163
1779361360.229718 -11.683547 -8.314690 0.307048 -0.022078 0.011969 0.652583 -0.757301
1779361360.265816 -11.671867 -8.363601 0.311012 -0.009223 0.005373 0.666664 -0.745282
1779361360.319463 -11.663784 -8.421023 0.312559 0.003091 0.013103 0.674509 -0.738144
1779361360.372993 -11.654267 -8.490211 0.301196 0.010640 0.016613 0.680582 -0.732406
1779361360.426423 -11.660808 -8.520316 0.307000 -0.020724 0.013665 0.683517 -0.729512
1779361360.478092 -11.654675 -8.581303 0.315409 -0.022793 0.011357 0.688624 -0.724672
1779361360.531468 -11.654693 -8.637425 0.320020 -0.007463 0.010980 0.695085 -0.718805
1779361360.584166 -11.664147 -8.701124 0.309949 -0.016509 0.012466 0.700053 -0.713791
1779361360.638995 -11.654939 -8.750998 0.309972 -0.010526 0.000311 0.706451 -0.707683
1779361360.698240 -11.655058 -8.807254 0.311733 0.001728 0.002376 0.707849 -0.706358
1779361360.748043 -11.655471 -8.874166 0.310549 0.008137 0.004363 0.708794 -0.705356
1779361360.802163 -11.647607 -8.911434 0.307660 0.006493 -0.003083 0.710733 -0.703425
1779361360.850955 -11.654390 -8.975741 0.312927 -0.005714 0.005824 0.718753 -0.695218
1779361360.907068 -11.657896 -9.034003 0.320050 0.008536 -0.004311 0.739739 -0.672826
1779361360.961643 -11.670726 -9.092628 0.313984 -0.004872 0.009931 0.766663 -0.641954
1779361361.016231 -11.662706 -9.136768 0.312897 0.004627 -0.000107 0.799456 -0.600707
1779361361.074113 -11.672617 -9.186527 0.308341 0.012094 0.003836 0.819827 -0.572470
1779361361.126245 -11.686539 -9.245699 0.291708 0.021699 0.007800 0.837482 -0.545979
1779361361.176292 -11.702779 -9.269034 0.300559 -0.017709 0.023010 0.844220 -0.535211
1779361361.229763 -11.727559 -9.334502 0.313430 -0.034831 0.021068 0.857975 -0.512076
1779361361.282545 -11.750054 -9.377151 0.314308 -0.022556 0.012398 0.872040 -0.488757
1779361361.345069 -11.788556 -9.425082 0.310954 -0.025392 0.011872 0.889030 -0.456991
1779361361.388926 -11.807982 -9.467412 0.308972 -0.016641 0.010157 0.910747 -0.412505
1779361361.444535 -11.835228 -9.508730 0.305366 -0.001123 -0.002162 0.928873 -0.370390
1779361361.495026 -11.870251 -9.549592 0.281690 0.019419 0.000737 0.941915 -0.335289
1779361361.562662 -11.895013 -9.557100 0.293834 -0.016668 0.032498 0.948947 -0.313314
1779361361.601675 -11.932769 -9.589854 0.308960 -0.028940 0.037305 0.956243 -0.288738
1779361361.655296 -11.977617 -9.618675 0.318123 -0.021063 0.032073 0.964545 -0.261116
1779361361.707531 -12.036065 -9.646101 0.308688 -0.022528 0.018539 0.971019 -0.237216
1779361361.767326 -12.066744 -9.654346 0.307861 -0.025489 0.032935 0.974946 -0.218509
1779361361.815814 -12.114733 -9.684111 0.310841 -0.010641 0.020035 0.979074 -0.202238
1779361361.868412 -12.169889 -9.707972 0.312511 0.005799 0.018069 0.981178 -0.192173
1779361361.921762 -12.231085 -9.731668 0.306918 0.000705 0.019882 0.982448 -0.185472
1779361361.981713 -12.276434 -9.749520 0.310382 -0.025393 0.023350 0.982851 -0.181148
1779361362.034039 -12.330856 -9.770079 0.319069 -0.026419 0.021209 0.984474 -0.172229
1779361362.088839 -12.388930 -9.785847 0.308953 -0.020259 0.012535 0.985973 -0.165194
1779361362.138120 -12.407694 -9.790196 0.307041 -0.024068 0.016685 0.984916 -0.170535
1779361362.190473 -12.462614 -9.811700 0.313987 -0.018579 0.009116 0.982298 -0.186178
1779361362.262249 -12.513911 -9.837431 0.320354 -0.009667 0.006170 0.975989 -0.217518
1779361362.295737 -12.556048 -9.866838 0.311043 0.010933 -0.030893 0.965868 -0.256955
1779361362.347567 -12.605769 -9.886764 0.316969 0.000403 -0.008802 0.955736 -0.294095
1779361362.404826 -12.649641 -9.920700 0.317911 0.009024 -0.017356 0.946640 -0.321700
1779361362.453975 -12.686523 -9.947680 0.308492 0.013020 -0.026797 0.937078 -0.347846
1779361362.504828 -12.719364 -9.972058 0.303953 -0.001346 -0.036132 0.932034 -0.360563
1779361362.559494 -12.760521 -10.011068 0.306635 0.006589 -0.033036 0.923891 -0.381170
1779361362.611135 -12.795774 -10.052728 0.312017 0.014527 -0.023317 0.911666 -0.410014
1779361362.666259 -12.821218 -10.094558 0.304523 0.024529 -0.040389 0.891733 -0.450089
1779361362.717152 -12.856939 -10.131907 0.311727 0.020477 -0.018867 0.871349 -0.489874
1779361362.772206 -12.881187 -10.176990 0.314042 0.030408 -0.015911 0.856315 -0.515313
1779361362.822000 -12.915057 -10.235074 0.307235 0.039679 -0.006125 0.841048 -0.539468
1779361362.874837 -12.924899 -10.254551 0.304899 0.021800 -0.039280 0.829692 -0.556411
1779361362.930267 -12.946190 -10.315785 0.314115 0.023923 -0.052722 0.809268 -0.584580
1779361362.981592 -12.956552 -10.374221 0.319042 0.026772 -0.045691 0.781704 -0.621397
1779361363.065673 -12.958617 -10.437334 0.310948 0.032897 -0.047300 0.755106 -0.653067
1779361363.138659 -12.976944 -10.491593 0.313288 0.018322 -0.025118 0.733708 -0.678753
1779361363.670691 -12.979169 -10.546369 0.312226 0.023763 -0.023309 0.714108 -0.699244
1779361363.677731 -12.976501 -10.602699 0.291690 0.034826 -0.019411 0.696470 -0.716477
1779361363.679538 -12.972008 -10.564253 0.298619 0.024901 -0.036326 0.686539 -0.725758
1779361364.127997 -12.968148 -10.626281 0.306904 0.022732 -0.032543 0.674557 -0.737155
1779361366.187964 -12.959851 -10.683537 0.309998 0.029475 -0.022204 0.660867 -0.749595
1779361366.200748 -12.950811 -10.747564 0.299765 0.027240 -0.025089 0.651757 -0.757524
1779361366.206010 -12.956538 -10.758954 0.300593 0.031637 -0.028539 0.642512 -0.765090
1779361366.211822 -12.945290 -10.802295 0.304458 0.032679 -0.026165 0.636097 -0.770473
1779361366.230126 -12.926188 -10.850399 0.297266 0.035644 -0.035989 0.631504 -0.773716
1779361366.232153 -12.917099 -10.888713 0.293342 0.029488 -0.024239 0.626336 -0.778618
1779361366.251953 -12.907576 -10.908871 0.305224 0.029523 -0.022317 0.620741 -0.783142
1779361366.257514 -12.894143 -10.956548 0.312770 0.018195 -0.019774 0.614083 -0.788784
1779361366.275484 -12.890345 -10.975818 0.313070 0.011647 -0.021585 0.611164 -0.791124
1779361366.280107 -12.887753 -10.992872 0.312321 0.003760 -0.021077 0.608178 -0.793512
1779361366.302586 -12.885155 -11.007150 0.311286 0.005373 -0.022072 0.605182 -0.795763
1779361366.311064 -12.884160 -11.020308 0.307828 0.006387 -0.021916 0.601250 -0.798735
1779361366.333537 -12.882506 -11.029643 0.302735 0.009722 -0.022466 0.598316 -0.800887
1779361366.340501 -12.880565 -11.036613 0.299112 0.014799 -0.019481 0.596134 -0.802512
1779361366.347183 -12.880318 -11.043259 0.297153 0.014800 -0.011565 0.595986 -0.802775
1779361366.377279 -12.876891 -11.051496 0.301624 0.011378 -0.005528 0.599962 -0.799929
1779361366.402411 -12.875773 -11.059194 0.304950 0.005926 -0.001848 0.609355 -0.792873
1779361366.429826 -12.873817 -11.069656 0.307171 0.003471 0.010322 0.617948 -0.786144
1779361366.435171 -12.868601 -11.109113 0.308452 0.020930 0.012868 0.650349 -0.759238
1779361366.455226 -12.865745 -11.132679 0.307066 0.030373 -0.000149 0.669349 -0.742327
1779361366.458726 -12.865372 -11.159497 0.311041 0.029606 -0.004265 0.693276 -0.720051
1779361366.499367 -12.863246 -11.182595 0.312041 0.029190 -0.019051 0.714660 -0.698603
1779361366.505290 -12.869798 -11.236523 0.306402 0.008899 -0.019909 0.745148 -0.666543
1779361366.543949 -12.882059 -11.297421 0.303517 0.010162 -0.015014 0.766770 -0.641666
1779361366.555414 -12.886889 -11.323988 0.301373 0.002958 -0.003022 0.774910 -0.632057
1779361366.562855 -12.898207 -11.372772 0.310106 -0.004213 0.004415 0.788243 -0.615334
1779361366.581247 -12.904329 -11.400272 0.310643 -0.001610 0.004175 0.792606 -0.609718
1779361366.599342 -12.911839 -11.431249 0.309843 0.002242 -0.000363 0.791939 -0.610596
1779361366.631426 -12.919503 -11.462130 0.307589 0.000124 -0.012670 0.785881 -0.618248
1779361366.633960 -12.924060 -11.489550 0.311448 0.004477 -0.013097 0.776556 -0.629897
1779361366.666040 -12.927054 -11.515883 0.315198 0.014154 -0.016022 0.761313 -0.648033
1779361366.670608 -12.929749 -11.551835 0.318690 0.020643 -0.020187 0.740221 -0.671744
1779361366.672750 -12.930983 -11.592930 0.316060 0.024443 -0.016249 0.720457 -0.692879
1779361366.683566 -12.931679 -11.631504 0.316746 0.012527 -0.013054 0.704375 -0.709597
1779361366.701782 -12.932903 -11.670280 0.318753 0.007211 -0.005868 0.690578 -0.723198
1779361366.739830 -12.930183 -11.710244 0.319313 0.012270 -0.000185 0.687951 -0.725653
1779361366.744692 -12.931056 -11.763394 0.321851 0.026775 -0.008732 0.697322 -0.716204
1779361366.776995 -12.932094 -11.777632 0.314691 0.000912 -0.005972 0.718904 -0.695083
1779361366.783007 -12.932188 -11.832156 0.314811 0.005952 -0.009583 0.742702 -0.669527
1779361366.788580 -12.939067 -11.855761 0.286104 0.011880 -0.011045 0.763255 -0.645894
1779361366.796460 -12.953274 -11.889021 0.298185 0.006497 -0.005130 0.783338 -0.621541
1779361366.813299 -12.955461 -11.908462 0.319617 -0.022036 0.007372 0.826484 -0.562480
1779361366.833732 -12.974146 -11.950401 0.324074 -0.013084 0.000033 0.855270 -0.518017
1779361366.836748 -13.003329 -11.983961 0.320174 -0.014827 0.021461 0.883495 -0.467715
1779361366.868720 -13.012673 -12.020554 0.319860 -0.001202 -0.000274 0.912149 -0.409856
1779361366.871689 -13.031122 -12.047784 0.321316 0.008167 -0.015498 0.938834 -0.343925
1779361366.889466 -13.058083 -12.078663 0.301827 0.036982 -0.013998 0.959692 -0.278259
1779361366.902692 -13.094588 -12.095578 0.305662 0.008305 0.018482 0.973333 -0.228499
1779361366.953779 -13.163498 -12.125864 0.327894 -0.001813 0.015302 0.995458 -0.093945
1779361366.969453 -13.207681 -12.133348 0.321076 -0.014724 0.019108 0.999563 -0.017070
1779361366.991212 -13.217648 -12.132296 0.319226 -0.000746 0.019575 0.997984 0.060371
1779361367.003988 -13.299917 -12.127613 0.304539 0.014095 -0.013583 0.978403 0.205777
1779361367.029714 -13.325689 -12.103812 0.311924 -0.000123 0.063886 0.963581 0.259672
1779361367.035254 -13.362945 -12.101295 0.327379 -0.014463 0.043171 0.944238 0.326100
1779361367.057330 -13.391490 -12.089626 0.316207 -0.032834 0.013260 0.916925 0.397485
1779361367.072366 -13.414895 -12.077487 0.316333 -0.013349 0.024868 0.884389 0.465896
1779361367.080256 -13.433188 -12.077089 0.318681 -0.002451 -0.006549 0.846426 0.532461
1779361367.100043 -13.454688 -12.069963 0.320716 -0.005907 -0.023393 0.805180 0.592540
1779361367.104609 -13.462966 -12.051324 0.309116 0.015968 -0.011274 0.764381 0.644469
1779361367.137257 -13.462536 -12.033741 0.317341 0.028490 0.036337 0.719234 0.693232
1779361367.143957 -13.462115 -12.013877 0.328172 0.030397 0.033898 0.675046 0.736369
1779361367.172117 -13.449711 -11.957178 0.315686 0.005904 0.044213 0.591123 0.805347
1779361367.175682 -13.438375 -11.927659 0.314435 -0.022349 0.029834 0.572532 0.819035
1779361367.209606 -13.423005 -11.888675 0.312523 -0.014778 0.025454 0.567168 0.823076
1779361367.258189 -13.411295 -11.834312 0.304226 -0.013322 0.021616 0.571659 0.820099
1779361367.338748 -13.405252 -11.810790 0.304357 -0.010286 0.024045 0.579828 0.814319
1779361367.366250 -13.392896 -11.768174 0.310557 -0.008928 0.025210 0.583701 0.811528
1779361367.418797 -13.376328 -11.716756 0.311211 -0.016126 0.010311 0.586893 0.809439
1779361367.470459 -13.363842 -11.674095 0.302376 -0.008954 0.011998 0.590218 0.807105
1779361367.524096 -13.349838 -11.628139 0.310210 -0.016116 0.005724 0.590684 0.806722
1779361367.575180 -13.334029 -11.577289 0.312627 -0.011945 -0.007533 0.594287 0.804129
1779361367.627573 -13.318119 -11.517488 0.307988 -0.007214 -0.011127 0.597388 0.801843
1779361367.694850 -13.303337 -11.491185 0.307820 -0.004167 0.013060 0.601692 0.798611
1779361367.747695 -13.289265 -11.439731 0.313870 -0.002592 0.014631 0.601774 0.798528
1779361367.801888 -13.271584 -11.383775 0.316636 -0.002148 0.002173 0.601320 0.799002
1779361367.958498 -13.250906 -11.328259 0.312471 -0.006404 0.011494 0.601946 0.798428
1779361367.965934 -13.249271 -11.311636 0.312683 -0.019467 0.018591 0.597894 0.801123
1779361367.994872 -13.237494 -11.269092 0.314446 -0.018470 0.006586 0.598403 0.800955
1779361368.015984 -13.220006 -11.205009 0.315013 -0.011825 -0.005303 0.602105 0.798312
1779361368.065177 -13.205915 -11.144809 0.310960 -0.014601 0.000081 0.610076 0.792208
1779361368.244921 -13.198236 -11.109120 0.315437 -0.011805 0.010972 0.621217 0.783473
1779361368.249062 -13.187877 -11.055182 0.319136 -0.012711 0.006920 0.626896 0.778969
1779361368.255759 -13.172656 -10.990829 0.319080 -0.011395 -0.005443 0.632604 0.774373
1779361368.283558 -13.170106 -10.980618 0.309380 -0.023532 0.005121 0.636216 0.771135
1779361368.371974 -13.159555 -10.921246 0.313007 -0.026182 0.005773 0.637606 0.769896
1779361368.446377 -13.151569 -10.863362 0.314612 -0.022218 -0.006216 0.643239 0.765318
1779361368.449425 -13.141269 -10.795116 0.303667 -0.018015 -0.007156 0.647941 0.761444
1779361368.509650 -13.137510 -10.747572 0.309558 -0.020061 0.006909 0.651841 0.758058
1779361368.547040 -13.130742 -10.690352 0.314109 -0.015059 0.008038 0.654730 0.755671
1779361368.681925 -13.122203 -10.627019 0.315908 -0.016470 -0.005203 0.656169 0.754416
1779361368.722294 -13.112549 -10.590622 0.309502 -0.009360 0.007040 0.657943 0.752977
1779361368.724665 -13.110581 -10.557916 0.312966 -0.016585 0.003071 0.656328 0.754288
1779361368.774015 -13.104244 -10.502530 0.315218 -0.013924 -0.006993 0.659215 0.751794
1779361368.913423 -13.098348 -10.436802 0.312187 -0.009397 -0.012806 0.662520 0.748876
1779361368.932493 -13.092075 -10.384701 0.309970 -0.014891 0.000148 0.664368 0.747257
1779361368.965676 -13.085983 -10.329315 0.315278 -0.002497 0.011866 0.666049 0.745809
1779361368.973041 -13.080389 -10.269622 0.318738 -0.002582 0.002183 0.664744 0.747064
1779361369.119975 -13.068879 -10.201115 0.312088 -0.007855 -0.001465 0.664929 0.746864
1779361369.127160 -13.069620 -10.201424 0.312237 -0.019782 0.008499 0.664008 0.747415
1779361369.134619 -13.062785 -10.137250 0.314973 -0.019586 -0.001362 0.664313 0.747196
1779361369.188403 -13.057609 -10.075336 0.315206 -0.012244 -0.011948 0.667070 0.744798
1779361369.241545 -13.046052 -10.014385 0.309318 -0.012560 -0.001319 0.668674 0.743448
1779361369.420583 -13.043238 -9.962776 0.314107 -0.017398 0.009098 0.672237 0.740076
1779361369.426386 -13.038646 -9.904351 0.318537 -0.016420 0.004328 0.671760 0.740574
1779361369.444310 -13.030149 -9.837530 0.315509 -0.016987 -0.005415 0.671281 0.740989
1779361369.470615 -13.029955 -9.828689 0.311515 -0.022258 0.011377 0.669607 0.742295
1779361369.609015 -13.025550 -9.774387 0.314144 -0.019569 0.008515 0.669230 0.742748
1779361369.637034 -13.022755 -9.716446 0.314505 -0.014739 -0.004520 0.671277 0.741047
1779361369.644964 -13.020436 -9.646286 0.304651 -0.010266 -0.008035 0.673161 0.739381
1779361369.673772 -13.009667 -9.605145 0.308426 -0.013465 0.019232 0.675808 0.736704
1779361369.717021 -13.009184 -9.545471 0.315229 -0.015614 0.021473 0.676867 0.735627
1779361369.863774 -13.003865 -9.487163 0.316427 -0.015198 0.011813 0.675974 0.736674
1779361369.890127 -12.992543 -9.436902 0.308482 -0.011302 0.019477 0.676103 0.736463
1779361369.892341 -12.994768 -9.413413 0.313069 -0.020947 0.013473 0.671474 0.740609
1779361369.941860 -12.990814 -9.358106 0.316670 -0.020529 0.001433 0.672149 0.740130
1779361370.099897 -12.986799 -9.292887 0.306300 -0.014141 -0.007123 0.674040 0.738525
1779361370.104282 -12.980924 -9.278637 0.308026 -0.017743 0.003585 0.675235 0.737380
1779361370.137075 -12.978915 -9.225689 0.314920 -0.017819 0.011823 0.677115 0.735567
1779361370.144366 -12.976314 -9.167212 0.317561 -0.019231 0.003095 0.675547 0.737060
1779361370.199080 -12.968574 -9.100713 0.311032 -0.027205 0.002870 0.675383 0.736960
1779361370.359543 -12.968394 -9.090726 0.309529 -0.025713 0.008056 0.673470 0.738723
1779361370.422324 -12.965234 -9.030464 0.313221 -0.019898 -0.004680 0.674420 0.738065
1779361370.428124 -12.956898 -8.903074 0.302815 -0.005165 -0.003644 0.680085 0.733107
1779361370.586447 -12.955508 -8.852232 0.308364 -0.014517 0.021826 0.683121 0.729835
1779361370.589419 -12.951249 -8.795350 0.313306 -0.014170 0.017789 0.682697 0.730348
1779361370.593838 -12.944083 -8.731325 0.313881 -0.013174 0.005243 0.681860 0.731346
1779361370.641470 -12.939576 -8.738426 0.305590 -0.014335 0.014379 0.680543 0.732427
1779361370.827280 -12.936487 -8.700374 0.312613 -0.017670 0.009387 0.676645 0.736038
1779361370.870564 -12.932549 -8.631906 0.315845 -0.015277 -0.004549 0.678523 0.734407
1779361370.872060 -12.929657 -8.561643 0.305578 -0.014457 -0.005210 0.680081 0.732976
1779361370.888168 -12.927521 -8.533038 0.311752 -0.021944 0.005068 0.682458 0.730578
1779361370.903220 -12.926291 -8.477972 0.315872 -0.024198 0.005177 0.682874 0.730117
1779361370.949374 -12.923650 -8.420970 0.315741 -0.023487 -0.004486 0.682567 0.730431
1779361371.118082 -12.918514 -8.365933 0.309897 -0.015480 0.007097 0.682945 0.730271
1779361371.120270 -12.920816 -8.319604 0.311045 -0.025801 0.001323 0.681549 0.731316
1779361371.133445 -12.919623 -8.258889 0.312843 -0.020226 -0.013238 0.683760 0.729307
1779361371.165837 -12.918642 -8.196010 0.313010 -0.011313 -0.023370 0.686033 0.727107
1779361371.342954 -12.910191 -8.148282 0.305656 -0.010533 0.001382 0.688174 0.725468
1779361371.349870 -12.913935 -8.089755 0.309747 -0.024395 0.005747 0.688904 0.724420
1779361371.352351 -12.920868 -8.042317 0.308528 -0.035383 0.001035 0.687667 0.725163
1779361371.394571 -12.918668 -8.000293 0.294467 -0.026367 0.011482 0.688546 0.724622
1779361371.428896 -12.919396 -7.959869 0.299864 -0.015369 0.002595 0.691533 0.722177
1779361371.644078 -12.919646 -7.935812 0.305359 -0.020186 0.006119 0.691395 0.722169
1779361371.646941 -12.917671 -7.908346 0.309790 -0.022015 0.009723 0.692303 0.721206
1779361371.667813 -12.912092 -7.863954 0.303773 -0.026995 0.011550 0.692581 0.720743
1779361371.783076 -12.909591 -7.847444 0.304873 -0.026699 0.011072 0.694972 0.718456
1779361371.790879 -12.909524 -7.834536 0.305889 -0.028892 0.007973 0.696319 0.717106
1779361371.802637 -12.910989 -7.825668 0.304717 -0.028886 0.004087 0.696973 0.716504
1779361371.851947 -12.911920 -7.819755 0.301652 -0.025070 -0.000595 0.696951 0.716680
1779361371.905926 -12.914588 -7.815875 0.303269 -0.022939 0.002684 0.698229 0.715502
1779361372.048727 -12.916280 -7.814051 0.303998 -0.021824 0.003721 0.698303 0.715460
1779361372.059494 -12.918834 -7.811677 0.304952 -0.022904 0.004629 0.698156 0.715565
1779361372.066995 -12.922325 -7.804554 0.303912 -0.028326 0.003663 0.697032 0.716471
1779361372.116918 -12.924145 -7.795993 0.303043 -0.015332 0.007742 0.698190 0.715707
1779361372.285462 -12.926518 -7.783970 0.303310 -0.019493 0.004382 0.697245 0.716554
1779361372.292797 -12.926200 -7.768765 0.303361 -0.017919 -0.001416 0.696458 0.717373
1779361372.322393 -12.928317 -7.748964 0.304535 -0.017358 -0.006317 0.698366 0.715502
1779361372.329755 -12.928123 -7.728214 0.306516 -0.017690 -0.006870 0.700469 0.713431
1779361372.381348 -12.929949 -7.697043 0.307318 -0.016119 -0.011647 0.702167 0.711735
1779361372.506341 -12.932436 -7.659305 0.308315 -0.010755 -0.014963 0.703707 0.710251
1779361372.508835 -12.930573 -7.617709 0.307626 -0.016895 -0.002501 0.706281 0.707726
1779361372.548573 -12.934143 -7.575680 0.311948 -0.008299 0.001590 0.706576 0.707587
1779361372.598933 -12.936507 -7.531493 0.313855 -0.011494 -0.002541 0.704026 0.710076
1779361372.669856 -12.937921 -7.477855 0.313955 -0.015693 -0.011297 0.703817 0.710119
1779361372.706251 -12.936744 -7.441372 0.308113 -0.014216 0.002450 0.704055 0.709999
1779361372.757372 -12.942393 -7.399841 0.313792 -0.020223 -0.002386 0.701592 0.712288
1779361372.810255 -12.945386 -7.352835 0.316312 -0.017405 -0.013869 0.703351 0.710495
1779361372.863731 -12.948807 -7.298241 0.315080 -0.008551 -0.024780 0.705291 0.708434
1779361372.938403 -12.951408 -7.241373 0.303213 -0.000350 -0.006350 0.708316 0.705867
1779361372.967493 -12.955693 -7.193038 0.309645 -0.014204 0.008383 0.710665 0.703338
1779361373.021725 -12.958529 -7.138275 0.315387 -0.014493 0.009015 0.710569 0.703421
1779361373.074801 -12.959610 -7.081386 0.315749 -0.016664 -0.002091 0.709948 0.704054
1779361373.129559 -12.957731 -7.034061 0.310113 -0.011981 0.008572 0.709306 0.704747
1779361373.190121 -12.961724 -6.980030 0.313895 -0.018455 0.000589 0.707009 0.706963
1779361373.237045 -12.964054 -6.927320 0.314741 -0.015181 -0.011721 0.708856 0.705093
1779361373.291119 -12.967643 -6.863256 0.314198 -0.008334 -0.018247 0.710915 0.702992
1779361373.357080 -12.963579 -6.830440 0.308658 -0.012631 0.001207 0.712303 0.701758
1779361373.390498 -12.969763 -6.762847 0.315545 -0.009471 0.011545 0.713377 0.700622
1779361373.449013 -12.972647 -6.707493 0.319088 -0.012055 0.002174 0.711524 0.702555
1779361373.500037 -12.968747 -6.642628 0.310366 -0.017104 -0.000010 0.711425 0.702554
1779361373.570046 -12.971459 -6.625162 0.310865 -0.015950 0.004172 0.709315 0.704699
1779361373.605695 -12.972100 -6.571364 0.315691 -0.013883 -0.003982 0.709311 0.704748
1779361373.660196 -12.974664 -6.510624 0.316419 -0.006677 -0.014149 0.711710 0.702299
1779361373.717530 -12.976109 -6.440004 0.310292 -0.007059 -0.005524 0.713487 0.700612
1779361373.764032 -12.978438 -6.394717 0.314696 -0.008630 0.014231 0.715552 0.698362
1779361373.817817 -12.980687 -6.335262 0.319084 -0.007092 0.010202 0.715210 0.698799
1779361373.871415 -12.981219 -6.270766 0.309693 -0.010075 -0.002777 0.713931 0.700139
1779361373.926074 -12.979644 -6.251737 0.309357 -0.010050 0.007099 0.713153 0.700900
1779361373.982439 -12.980129 -6.203369 0.314764 -0.012973 0.002508 0.712552 0.701495
1779361374.030153 -12.982893 -6.143765 0.315651 -0.010477 -0.010631 0.715129 0.698834
1779361374.084590 -12.989049 -6.072765 0.308938 -0.010464 -0.011300 0.716748 0.697162
1779361374.140516 -12.989097 -6.028767 0.312853 -0.009414 0.005466 0.718980 0.694945
1779361374.199046 -12.992504 -5.977978 0.318964 -0.006011 0.008593 0.719196 0.694728
1779361374.243629 -12.993753 -5.911429 0.321286 -0.006067 -0.005808 0.717974 0.696019
1779361374.297390 -12.992582 -5.879064 0.310970 -0.005009 0.006529 0.718898 0.695067
1779361374.353297 -12.990826 -5.865542 0.311202 -0.017071 0.004158 0.715070 0.698832
1779361374.404794 -12.994010 -5.806616 0.313319 -0.014981 -0.004643 0.716100 0.697821
1779361374.463748 -12.997910 -5.727034 0.304337 -0.015657 -0.006612 0.717067 0.696796
1779361374.516899 -12.995728 -5.709711 0.308229 -0.016962 0.009250 0.721854 0.691775
1779361374.568825 -12.998882 -5.655087 0.314006 -0.016103 0.006393 0.722789 0.690852
1779361374.622846 -13.003426 -5.603434 0.303648 -0.016372 -0.005966 0.721821 0.691861
1779361374.671894 -12.999701 -5.551986 0.300381 -0.012805 0.005067 0.722127 0.691623
1779361374.723784 -13.004099 -5.551793 0.308168 -0.016613 -0.002195 0.720706 0.693038
1779361374.776819 -13.012561 -5.489433 0.314838 -0.010606 -0.015835 0.720370 0.693328
1779361374.834648 -13.019838 -5.433284 0.316000 0.001192 -0.027929 0.722230 0.691088
1779361374.895857 -13.023592 -5.372491 0.308182 0.009615 -0.015001 0.725147 0.688364
1779361374.937144 -13.029284 -5.318172 0.311456 -0.002691 0.011331 0.728263 0.685199
1779361374.997632 -13.034879 -5.260163 0.317266 -0.002637 0.011430 0.728057 0.685416
1779361375.052067 -13.037256 -5.198517 0.319284 -0.005508 -0.000461 0.727521 0.686063
1779361375.104140 -13.037846 -5.151624 0.311935 -0.007771 0.008829 0.726788 0.686761
1779361375.155799 -13.043897 -5.090484 0.315317 -0.012460 0.007632 0.723620 0.690045
1779361375.206806 -13.046215 -5.032540 0.314471 -0.008916 0.002081 0.726616 0.686983
1779361375.277129 -13.046832 -4.969875 0.304153 -0.011914 0.006559 0.727838 0.685614
1779361375.313675 -13.049353 -4.933418 0.304054 -0.013799 -0.007577 0.727932 0.685469
1779361375.368000 -13.050038 -4.886677 0.313048 -0.008980 -0.002650 0.729108 0.684335
1779361375.424312 -13.058119 -4.840807 0.315200 -0.013560 -0.011739 0.726813 0.686601
1779361375.474417 -13.060176 -4.793311 0.314123 -0.020179 -0.009069 0.726869 0.686420
1779361375.528378 -13.070704 -4.755511 0.310193 -0.017916 -0.010152 0.727208 0.686109
1779361375.581704 -13.075315 -4.720942 0.316333 -0.017709 -0.010084 0.727243 0.686078
1779361375.633446 -13.080927 -4.687155 0.316490 -0.018847 -0.014817 0.727917 0.685246
1779361375.690346 -13.086432 -4.647624 0.314153 -0.018226 -0.016695 0.729075 0.683987
1779361375.740508 -13.091394 -4.606381 0.310051 -0.012638 -0.013213 0.730437 0.682735
1779361375.798967 -13.096214 -4.565894 0.308906 -0.017268 -0.004060 0.732467 0.680572
1779361375.847343 -13.097311 -4.529993 0.312548 -0.003421 -0.003494 0.733605 0.679559
1779361375.914463 -13.099957 -4.490715 0.314619 0.006601 -0.005245 0.731309 0.681994
1779361375.956394 -13.103552 -4.449713 0.315803 0.004373 -0.016234 0.729301 0.683987
1779361376.010552 -13.108877 -4.399121 0.313650 -0.009628 -0.015551 0.729021 0.684247
1779361376.061256 -13.108521 -4.361250 0.314531 -0.016429 -0.000528 0.725438 0.688092
1779361376.113691 -13.114094 -4.315144 0.317328 -0.019683 -0.006427 0.725352 0.688066
1779361376.183909 -13.119912 -4.261781 0.316550 -0.008182 -0.013135 0.722900 0.690780
1779361376.231886 -13.118722 -4.202541 0.307463 -0.000992 -0.012313 0.709326 0.704772
1779361376.272137 -13.118663 -4.156799 0.314351 -0.004032 0.016481 0.691841 0.721850
1779361376.325058 -13.117917 -4.102650 0.321693 -0.003552 0.013830 0.667009 0.744913
1779361376.380872 -13.109216 -4.045515 0.323938 -0.013747 -0.000637 0.642130 0.766472
1779361376.441622 -13.098376 -3.988122 0.310386 0.006713 0.014168 0.622895 0.782148
1779361376.487888 -13.096554 -3.949852 0.315269 -0.001330 0.004211 0.604183 0.796834
1779361376.538593 -13.083920 -3.896560 0.314731 0.005347 -0.007578 0.590976 0.806635
1779361376.593283 -13.067884 -3.829522 0.297955 0.010320 -0.017426 0.580568 0.813960
1779361376.650404 -13.046877 -3.788912 0.304143 0.007618 0.018069 0.574044 0.818589
1779361376.701529 -13.029278 -3.731155 0.313076 0.006318 0.023097 0.556413 0.830561
1779361376.757444 -13.004129 -3.684754 0.318075 -0.004133 0.009318 0.531785 0.846818
1779361376.823696 -12.967913 -3.640586 0.308712 0.013098 0.019752 0.509170 0.860340
1779361376.868310 -12.952269 -3.592897 0.309773 0.005801 0.012248 0.490453 0.871362
1779361376.920300 -12.923162 -3.545237 0.311724 0.004855 0.000628 0.474347 0.880324
1779361376.971576 -12.885543 -3.489331 0.310607 0.004811 -0.003034 0.461304 0.887224
1779361377.024961 -12.857534 -3.448568 0.305452 0.004664 0.008031 0.454551 0.890673
1779361377.083368 -12.824815 -3.407966 0.308791 0.016254 0.011525 0.448023 0.893800
1779361377.130698 -12.791817 -3.363134 0.314485 0.010649 -0.002781 0.436766 0.899508
1779361377.182027 -12.746324 -3.313544 0.305858 0.003577 -0.002014 0.427505 0.904004
1779361377.234542 -12.725796 -3.281705 0.308316 0.005581 0.008552 0.418364 0.908222
1779361377.290532 -12.690279 -3.238554 0.310654 -0.000624 -0.004002 0.411854 0.911241
1779361377.350269 -12.651017 -3.190876 0.312625 0.002105 -0.019819 0.409939 0.911895
1779361377.391335 -12.607390 -3.139380 0.303280 0.003491 -0.017864 0.408549 0.912555
1779361377.448195 -12.573623 -3.100257 0.312502 0.004437 0.008132 0.408310 0.912796
1779361377.497639 -12.536365 -3.057572 0.319304 0.005214 0.008861 0.403969 0.914715
1779361377.559190 -12.492337 -3.010452 0.322686 -0.004365 -0.002670 0.399152 0.916871
1779361377.608784 -12.453041 -2.972323 0.311091 0.007010 0.005782 0.397080 0.917739
1779361377.658058 -12.421242 -2.933360 0.314765 -0.008635 0.001935 0.392190 0.919842
1779361377.714909 -12.383358 -2.891564 0.315896 -0.009719 -0.010379 0.392974 0.919440
1779361377.765884 -12.337736 -2.841000 0.307763 -0.008534 -0.018105 0.394346 0.918744
1779361377.818068 -12.312283 -2.815540 0.310114 -0.013083 -0.005733 0.404760 0.914312
1779361377.882077 -12.276236 -2.770214 0.319004 -0.010751 -0.002118 0.426057 0.904630
1779361377.927222 -12.243595 -2.726386 0.323710 -0.010257 -0.014148 0.454505 0.890573
1779361377.974217 -12.206377 -2.670544 0.314321 -0.001643 -0.022687 0.485781 0.873785
1779361378.030019 -12.213741 -2.683272 0.313779 -0.035198 -0.000416 0.506573 0.861478
1779361378.081931 -12.180711 -2.632874 0.318536 -0.029529 0.005229 0.525859 0.850043
1779361378.141771 -12.156995 -2.574979 0.308295 -0.023515 -0.003254 0.545052 0.838066
1779361378.192242 -12.137629 -2.526413 0.303391 -0.025823 -0.022013 0.557597 0.829418
1779361378.241362 -12.111178 -2.471322 0.312557 -0.002894 -0.015560 0.572122 0.820016
1779361378.294586 -12.098795 -2.419957 0.315148 -0.004884 -0.027255 0.581287 0.813228
1779361378.348109 -12.078193 -2.356727 0.297517 -0.008915 -0.030038 0.591452 0.805731
1779361378.429385 -12.083969 -2.364839 0.307417 -0.026372 -0.009833 0.595214 0.803074
1779361378.451829 -12.069584 -2.306964 0.314452 -0.028370 -0.011068 0.601644 0.798184
1779361378.508358 -12.055906 -2.242684 0.316404 -0.021607 -0.020079 0.610952 0.791118
1779361378.561452 -12.039247 -2.181464 0.305365 -0.016677 -0.010157 0.616833 0.786852
1779361378.632073 -12.027595 -2.167002 0.310086 -0.020465 0.007144 0.622573 0.782261
1779361378.665864 -12.015987 -2.112377 0.317177 -0.015225 0.001802 0.625772 0.779855
1779361378.725665 -12.000904 -2.048133 0.309584 -0.018310 -0.012617 0.627387 0.778391
1779361378.772885 -11.987821 -2.013492 0.307353 -0.011441 -0.003039 0.629033 0.777288
1779361378.824456 -11.976349 -1.950212 0.308130 -0.012944 -0.004599 0.624750 0.780704
1779361378.914842 -11.964684 -1.894221 0.310093 -0.006476 -0.016411 0.618196 0.785826
1779361378.946217 -11.945168 -1.808029 0.297377 -0.002493 -0.024435 0.608836 0.792916
1779361379.007146 -11.926294 -1.762022 0.305435 0.000840 0.008396 0.605909 0.795489
1779361379.058306 -11.912625 -1.707901 0.310444 0.004126 0.008765 0.600427 0.799621
1779361379.104042 -11.895059 -1.652362 0.315301 0.002649 -0.001965 0.593403 0.804899
1779361379.153928 -11.867904 -1.590187 0.308459 0.000567 0.002016 0.588279 0.808655
1779361379.208447 -11.865526 -1.567914 0.311900 -0.001123 0.005272 0.582399 0.812886
1779361379.261402 -11.848454 -1.515944 0.315256 0.001259 -0.009040 0.580526 0.814191
1779361379.327028 -11.827856 -1.453928 0.316958 0.004022 -0.018389 0.580566 0.813996
1779361379.366845 -11.810653 -1.406598 0.307071 -0.000459 -0.004825 0.579774 0.814763
1779361379.421151 -11.791038 -1.345676 0.312413 0.005883 0.003957 0.579696 0.814802
1779361379.476466 -11.772727 -1.290575 0.317736 0.003984 -0.004358 0.576139 0.817331
1779361379.529180 -11.745084 -1.227618 0.312292 0.001765 -0.012657 0.573680 0.818980
1779361379.582894 -11.742432 -1.231945 0.311177 -0.014247 0.003665 0.572907 0.819489
1779361379.638410 -11.720193 -1.166158 0.314211 -0.023006 0.002094 0.583984 0.811437
1779361379.692479 -11.705794 -1.104707 0.310256 -0.018851 -0.000258 0.606891 0.794561
1779361379.752241 -11.701019 -1.061302 0.306975 -0.034045 -0.016578 0.627131 0.777993
1779361379.805372 -11.688611 -1.010306 0.311748 -0.022512 -0.006407 0.644533 0.764218
1779361379.857594 -11.687575 -0.941243 0.294757 -0.027888 -0.021545 0.660010 0.750430
1779361379.920496 -11.675855 -0.897752 0.301431 -0.015269 -0.012295 0.673037 0.739349
1779361379.968241 -11.683538 -0.842292 0.311525 -0.028637 -0.016958 0.676562 0.735633
1779361380.023219 -11.679698 -0.785187 0.316173 -0.025295 -0.027530 0.685158 0.727434
1779361380.082383 -11.679609 -0.725956 0.316601 -0.014678 -0.035196 0.694204 0.718768
1779361380.127273 -11.673382 -0.673051 0.304001 -0.018731 -0.011786 0.701892 0.711940
1779361380.181763 -11.677186 -0.613949 0.311385 -0.021473 -0.002389 0.710097 0.703773
1779361380.238741 -11.676317 -0.553830 0.318086 -0.014310 -0.007248 0.714196 0.699762
1779361380.290588 -11.675096 -0.490158 0.321709 -0.008676 -0.020943 0.716829 0.696880
1779361380.350888 -11.678535 -0.475507 0.311113 -0.026019 -0.009453 0.717680 0.695823
1779361380.403204 -11.677073 -0.418955 0.317280 -0.020771 -0.006014 0.719670 0.693980
1779361380.457269 -11.678940 -0.360267 0.318221 -0.012053 -0.015552 0.720046 0.693648
1779361380.508832 -11.681971 -0.290264 0.307124 -0.006341 -0.018046 0.712786 0.701121
1779361380.562613 -11.678301 -0.246277 0.313141 -0.007107 0.004479 0.707398 0.706765
1779361380.636148 -11.679254 -0.186077 0.318569 -0.003498 0.006664 0.699734 0.714364
1779361380.668184 -11.676552 -0.124210 0.320934 -0.003901 -0.004058 0.692899 0.721013
1779361380.732443 -11.668103 -0.069994 0.310846 0.000898 0.009203 0.688779 0.724912
1779361380.773598 -11.672351 -0.027288 0.311586 -0.012208 0.002759 0.681968 0.731275
1779361380.826754 -11.669201 0.031506 0.314317 -0.009667 -0.009725 0.678946 0.734060
1779361380.897515 -11.662908 0.095538 0.299059 -0.007073 -0.011727 0.678509 0.734465
1779361380.944151 -11.659610 0.123015 0.307951 -0.013891 -0.004421 0.677308 0.735555
1779361380.988790 -11.653191 0.182006 0.313302 -0.007349 0.005329 0.676281 0.736588
1779361381.041683 -11.650846 0.239761 0.316537 -0.008824 -0.003490 0.673750 0.738898
1779361381.110243 -11.640097 0.286535 0.306257 -0.000863 0.006797 0.672971 0.739638
1779361381.161938 -11.641182 0.326238 0.310655 -0.009578 -0.004544 0.669647 0.742604
1779361381.227704 -11.636923 0.378373 0.315609 -0.005015 -0.014660 0.671085 0.741218
1779361381.264314 -11.632009 0.441736 0.317499 0.002011 -0.021587 0.672037 0.740201
1779361381.324539 -11.623528 0.501616 0.312124 -0.001978 0.003465 0.673338 0.739325
1779361381.448782 -11.622542 0.556814 0.317715 -0.008301 0.007717 0.673943 0.738697
1779361381.451761 -11.616834 0.616069 0.320601 -0.005174 -0.001633 0.672838 0.739770
1779361381.479970 -11.606699 0.684171 0.312137 -0.009137 -0.005645 0.672506 0.740014
1779361381.531681 -11.604528 0.688928 0.312232 -0.008632 0.006448 0.669460 0.742770
1779361381.588887 -11.599463 0.749216 0.314947 -0.005945 -0.001906 0.670238 0.742121
1779361381.668855 -11.593403 0.814285 0.315477 -0.001761 -0.012184 0.672156 0.740307
1779361381.696803 -11.592190 0.877948 0.308863 -0.009390 -0.012384 0.672350 0.740070
1779361381.754849 -11.584866 0.931765 0.311005 0.002209 0.001654 0.675505 0.737351
1779361381.799117 -11.580801 0.986508 0.316034 0.004337 -0.008758 0.672981 0.739596
1779361381.858308 -11.570705 1.048795 0.322289 0.005279 -0.023481 0.670888 0.741168
1779361381.935970 -11.574422 1.058240 0.309044 -0.008898 -0.006164 0.670566 0.741771
1779361381.958042 -11.563451 1.121328 0.313742 -0.012522 -0.000846 0.667467 0.744534
1779361382.009143 -11.559796 1.169210 0.315575 -0.013346 -0.008137 0.667789 0.744187
1779361382.076664 -11.550968 1.249663 0.301956 -0.011975 -0.005810 0.669060 0.743090
1779361382.116543 -11.546188 1.271647 0.305045 -0.006986 0.000045 0.669667 0.742629
1779361382.174966 -11.542439 1.328546 0.311059 -0.000685 -0.001229 0.667886 0.744262
1779361382.222884 -11.537006 1.385453 0.316425 -0.003839 -0.012509 0.666107 0.745742
1779361382.279630 -11.527061 1.433754 0.305083 0.003104 0.001602 0.666847 0.745186
1779361382.334357 -11.529510 1.487646 0.311331 -0.011704 -0.008622 0.664590 0.747067
1779361382.387132 -11.524359 1.541767 0.313240 -0.009449 -0.018391 0.667186 0.744604
1779361382.437604 -11.518838 1.609108 0.313506 -0.004321 -0.024632 0.669294 0.742577
1779361382.493469 -11.511571 1.667923 0.309790 -0.012191 -0.003516 0.671065 0.741290
1779361382.566449 -11.506809 1.734129 0.317281 -0.007480 0.002636 0.671262 0.741178
1779361382.597647 -11.501052 1.789047 0.321449 -0.005498 -0.008741 0.669714 0.742548
1779361382.651656 -11.491324 1.854367 0.307850 -0.009471 -0.015232 0.669146 0.742914
1779361382.717437 -11.493623 1.826016 0.311565 -0.021824 -0.005445 0.666359 0.745292
1779361382.762709 -11.487894 1.887853 0.314544 -0.026144 -0.009655 0.664702 0.746589
1779361382.813638 -11.480202 1.950459 0.313451 -0.020147 -0.012465 0.667477 0.744254
1779361382.864265 -11.477967 2.000838 0.305184 -0.030500 -0.020576 0.667549 0.743656
1779361382.917663 -11.467689 2.037611 0.310428 -0.009496 -0.002468 0.672736 0.739818
1779361382.982958 -11.463439 2.098892 0.315245 -0.003348 -0.016484 0.669881 0.742278
1779361383.027147 -11.452140 2.163193 0.312011 -0.002849 -0.023236 0.668130 0.743677
1779361383.086035 -11.449344 2.205431 0.306071 -0.008536 -0.002000 0.667391 0.744656
1779361383.137610 -11.442818 2.273669 0.305643 -0.011497 -0.001612 0.665506 0.746302
1779361383.209129 -11.436498 2.330448 0.307854 -0.009562 -0.010105 0.666775 0.745130
1779361383.247586 -11.430828 2.403977 0.300496 -0.007602 -0.010803 0.668146 0.743913
1779361383.301447 -11.427413 2.422810 0.305914 -0.010598 -0.008900 0.669367 0.742803
1779361383.375253 -11.421659 2.477041 0.314439 -0.003653 -0.006982 0.669233 0.743011
1779361383.404854 -11.413040 2.537615 0.320651 -0.002778 -0.017162 0.667654 0.744269
1779361383.494801 -11.402050 2.587251 0.309963 0.003225 -0.003734 0.669793 0.742532
1779361383.514794 -11.399345 2.643522 0.311749 -0.008809 -0.006850 0.676881 0.736008
1779361383.563483 -11.395521 2.700908 0.315687 -0.009543 -0.015895 0.692822 0.720871
1779361383.638251 -11.401273 2.773739 0.308151 -0.007754 -0.013874 0.710016 0.704006
1779361383.672826 -11.407296 2.788490 0.312594 -0.013085 -0.012048 0.723948 0.689625
1779361383.727786 -11.409265 2.846287 0.317357 -0.010252 -0.008467 0.734689 0.678273
1779361383.775779 -11.412902 2.905840 0.320276 -0.006741 -0.020289 0.742593 0.669402
1779361383.830627 -11.413709 2.917211 0.309081 -0.026233 -0.015185 0.749392 0.661433
1779361383.926407 -11.415421 2.968388 0.315358 -0.029879 -0.003881 0.754333 0.655801
1779361383.935898 -11.423827 3.027924 0.316511 -0.028293 -0.010261 0.758401 0.651093
1779361383.992055 -11.430470 3.096432 0.305282 -0.023055 -0.012256 0.753442 0.656996
1779361384.044044 -11.435643 3.136550 0.307233 -0.017613 -0.015758 0.745061 0.666578
1779361384.114880 -11.439555 3.195415 0.314447 -0.002670 -0.010920 0.739099 0.673503
1779361384.149016 -11.445447 3.256282 0.319466 -0.000122 -0.025358 0.731338 0.681543
1779361384.201173 -11.445225 3.310427 0.312744 -0.000642 -0.008983 0.727614 0.685928
1779361384.262709 -11.455181 3.360775 0.313473 -0.011457 -0.007218 0.719099 0.694776
1779361384.322928 -11.459734 3.422137 0.315136 -0.010875 -0.015613 0.715490 0.698364
1779361384.399008 -11.463058 3.487799 0.307253 -0.005644 -0.019300 0.714043 0.699813
1779361384.420369 -11.466991 3.538095 0.309106 -0.011987 -0.007715 0.712821 0.701201
1779361384.467513 -11.466984 3.601424 0.313218 -0.002326 0.009401 0.713617 0.700469
1779361384.541989 -11.471481 3.661491 0.313390 -0.004256 -0.006061 0.709897 0.704267
1779361384.579144 -11.474005 3.725102 0.296399 -0.009915 -0.008526 0.706815 0.707278
1779361384.631983 -11.478558 3.766477 0.310165 -0.011628 -0.000011 0.697415 0.716573
1779361384.684447 -11.477053 3.830443 0.311041 -0.010600 -0.015637 0.686932 0.726476
1779361384.738851 -11.474987 3.891131 0.311365 -0.004908 -0.028076 0.679192 0.733407
1779361384.790310 -11.467700 3.958054 0.302673 -0.004412 -0.017552 0.672728 0.739668
1779361384.846761 -11.464010 4.017343 0.311425 -0.000697 0.006049 0.669212 0.743047
1779361384.897352 -11.458819 4.072887 0.317689 -0.002623 -0.001783 0.661117 0.750276
1779361384.955899 -11.446816 4.138037 0.323237 -0.003980 -0.011418 0.659841 0.751308
1779361385.019736 -11.439612 4.180652 0.305193 -0.000325 -0.005007 0.671137 0.741317
1779361385.060052 -11.432466 4.241000 0.308793 -0.002887 -0.010754 0.682511 0.730790
1779361385.117569 -11.428580 4.302309 0.313496 0.001654 -0.021227 0.696116 0.717613
1779361385.174272 -11.432756 4.369458 0.310450 -0.008657 -0.025333 0.705327 0.708377
1779361385.234129 -11.434105 4.408996 0.314186 0.000135 -0.009988 0.715080 0.698971
1779361385.272199 -11.435923 4.466343 0.319854 0.002603 -0.017358 0.720454 0.693281
1779361385.327480 -11.432959 4.533909 0.319994 0.007348 -0.026292 0.725180 0.688019
1779361385.382301 -11.441836 4.576711 0.314773 -0.021560 -0.007824 0.724528 0.688864
1779361385.452491 -11.441296 4.639365 0.318382 -0.026372 0.001158 0.714321 0.699320
1779361385.488050 -11.444896 4.701606 0.319107 -0.022476 -0.011493 0.703388 0.710358
1779361385.548159 -11.444024 4.765795 0.298515 -0.012466 -0.013336 0.693450 0.720273
1779361385.607546 -11.437938 4.819984 0.307453 -0.005614 0.013419 0.688864 0.724745
1779361385.652287 -11.436695 4.876882 0.313356 0.001491 0.011422 0.678720 0.734307
1779361385.697316 -11.431021 4.936193 0.317068 0.001275 -0.005679 0.668577 0.743621
1779361385.763534 -11.413037 4.995955 0.301987 0.012089 0.009331 0.661698 0.749615
1779361385.823252 -11.417312 5.049431 0.306219 0.005477 0.001097 0.653960 0.756509
1779361385.864207 -11.409568 5.105658 0.309196 0.007066 -0.014820 0.649989 0.759767
1779361385.915659 -11.401019 5.170585 0.313141 0.011550 -0.023748 0.648584 0.760685
1779361385.970641 -11.390878 5.215999 0.306165 0.006365 -0.003299 0.647521 0.762014
1779361386.021309 -11.382958 5.281297 0.313640 0.006966 0.010280 0.646783 0.762573
1779361386.102488 -11.374675 5.340520 0.318695 0.002013 0.001503 0.649465 0.760388
1779361386.130976 -11.364156 5.408239 0.307072 -0.002225 -0.003543 0.662721 0.748854
1779361386.183339 -11.366333 5.407320 0.310726 -0.021372 -0.005415 0.678348 0.734410
1779361386.234430 -11.357792 5.470224 0.317630 -0.015456 -0.006996 0.691146 0.722516
1779361386.293007 -11.356369 5.531195 0.306158 -0.010132 -0.010425 0.703528 0.710519
1779361386.368533 -11.359055 5.573578 0.308326 -0.018492 -0.026087 0.711086 0.702378
1779361386.397142 -11.358253 5.628676 0.316545 -0.008986 -0.014481 0.721742 0.691952
1779361386.455468 -11.364100 5.692047 0.320530 -0.008038 -0.026744 0.727098 0.685966
1779361386.503378 -11.364049 5.750512 0.311168 -0.009084 -0.020534 0.733518 0.679299
1779361386.569941 -11.371137 5.762578 0.308395 -0.027091 -0.015992 0.733815 0.678621
1779361386.632181 -11.377392 5.829438 0.309253 -0.025269 -0.019392 0.737191 0.674934
1779361386.673082 -11.384447 5.892210 0.297181 -0.014817 -0.022513 0.742872 0.668891
1779361386.764126 -11.389547 5.937633 0.303114 -0.020313 -0.021059 0.745717 0.665620
1779361386.778596 -11.391405 5.991649 0.306714 -0.005751 -0.001081 0.748516 0.663091
1779361386.828567 -11.398485 6.049213 0.312056 -0.004850 -0.009979 0.739626 0.672926
1779361387.063808 -11.395010 6.112298 0.310458 -0.010445 -0.010051 0.725009 0.688587
1779361387.067289 -11.397017 6.146632 0.314643 -0.001469 0.003059 0.707374 0.706831
1779361387.216368 -11.401212 6.210713 0.317463 -0.005932 -0.006924 0.695989 0.717995
1779361387.225406 -11.401892 6.278355 0.315306 0.003175 -0.015453 0.689205 0.724395
1779361387.263705 -11.395346 6.334806 0.306342 0.002748 0.007596 0.684155 0.729292
1779361387.267946 -11.393585 6.401052 0.312717 0.003493 0.033222 0.680879 0.731634
1779361387.275868 -11.389105 6.456254 0.317692 0.003511 0.022074 0.673088 0.739225
1779361387.295159 -11.377112 6.525676 0.311660 0.000232 0.007987 0.665449 0.746401
1779361387.370587 -11.369292 6.546911 0.306669 0.004689 0.012093 0.658251 0.752686
1779361387.493491 -11.364038 6.606637 0.309237 0.005017 0.000063 0.652270 0.757970
1779361387.499480 -11.356369 6.669291 0.311878 0.009615 -0.012946 0.660408 0.750734
1779361387.526466 -11.353192 6.728440 0.311970 -0.008552 -0.005487 0.701111 0.712980
1779361387.690588 -11.353823 6.784283 0.314984 -0.008848 -0.004834 0.718655 0.695293
1779361387.696790 -11.354655 6.851442 0.315559 -0.002403 -0.016818 0.734736 0.678141
1779361387.723689 -11.349844 6.868686 0.304781 -0.021602 -0.011829 0.744957 0.666658
1779361387.739829 -11.355607 6.927009 0.308996 -0.025489 -0.014272 0.752876 0.657514
1779361387.793216 -11.364654 6.989103 0.312720 -0.017009 -0.024708 0.760362 0.648807
1779361387.952110 -11.381782 7.054721 0.303897 -0.022732 -0.031075 0.763929 0.644151
1779361388.002077 -11.375807 7.076518 0.309904 -0.008524 -0.011149 0.770773 0.636955
1779361388.003090 -11.388627 7.132170 0.314806 -0.004052 -0.010842 0.772924 0.634394
1779361388.007977 -11.400536 7.197319 0.319078 -0.002639 -0.021268 0.775047 0.631541
1779361388.245554 -11.403852 7.206479 0.309370 -0.017410 -0.006917 0.777601 0.628479
1779361388.268260 -11.417110 7.267827 0.314158 -0.026777 -0.004817 0.776217 0.629878
1779361388.420562 -11.431367 7.330851 0.315713 -0.021682 -0.010832 0.779298 0.626184
1779361388.422541 -11.445612 7.399248 0.299147 -0.018129 -0.010067 0.782010 0.622921
1779361388.534505 -11.443724 7.405403 0.303590 -0.015387 -0.008550 0.783862 0.620685
1779361388.540782 -11.454463 7.459333 0.310783 -0.003001 -0.008568 0.785380 0.618948
1779361388.544714 -11.469092 7.517597 0.315672 0.000098 -0.026538 0.784469 0.619600
1779361388.563153 -11.480703 7.576675 0.309813 -0.007873 -0.021469 0.784969 0.619113
1779361388.569583 -11.491858 7.628732 0.310135 -0.017849 -0.008941 0.782692 0.622089
1779361388.687733 -11.505007 7.682736 0.311668 -0.016483 -0.013374 0.783235 0.621364
1779361388.695134 -11.518715 7.746665 0.307272 -0.007422 -0.020595 0.778821 0.626864
1779361388.696024 -11.520952 7.794384 0.306459 -0.007752 -0.001218 0.765408 0.643498
1779361388.721411 -11.535686 7.864255 0.317186 -0.008096 0.014254 0.747283 0.664303
1779361388.750981 -11.540684 7.923555 0.322081 -0.011070 -0.001003 0.722284 0.691507
1779361388.913481 -11.536933 7.973927 0.304226 -0.006644 0.005848 0.702462 0.711667
1779361388.917776 -11.536180 8.007164 0.309498 0.008068 0.001979 0.685483 0.728041
1779361388.919546 -11.537642 8.064857 0.308997 0.015054 -0.003991 0.670202 0.742015
1779361388.983701 -11.538046 8.124687 0.312987 0.020452 -0.015659 0.657587 0.752939
1779361389.173291 -11.525615 8.140072 0.302169 0.022875 0.002026 0.649404 0.760096
1779361389.256248 -11.521053 8.193768 0.309892 0.015380 0.015870 0.643112 0.765453
1779361389.259585 -11.509598 8.246372 0.316237 0.017509 0.003534 0.633558 0.773489
1779361389.265954 -11.491735 8.306705 0.311900 0.013095 -0.006575 0.625823 0.779828
1779361389.409958 -11.482735 8.342869 0.307631 0.007282 0.006554 0.618951 0.785368
1779361389.414084 -11.469398 8.403997 0.306886 0.004868 -0.002174 0.613862 0.789395
1779361389.423208 -11.454242 8.463923 0.308630 0.004953 -0.016034 0.612490 0.790300
1779361389.433301 -11.439157 8.536876 0.304032 0.002699 -0.016276 0.611195 0.791308
1779361389.459126 -11.424745 8.580129 0.308928 0.003093 0.003491 0.613875 0.789390
1779361389.497803 -11.412391 8.638581 0.317594 0.001282 0.001318 0.615081 0.788462
1779361389.641193 -11.396312 8.698925 0.322648 -0.003353 -0.012988 0.614160 0.789068
1779361389.672770 -11.377872 8.751290 0.310782 0.007195 -0.002098 0.615166 0.788362
1779361389.674773 -11.369818 8.803701 0.311475 -0.007399 -0.006324 0.613816 0.789389
1779361389.710703 -11.356599 8.857501 0.312150 -0.005865 -0.018108 0.615802 0.787671
1779361389.855573 -11.342875 8.921369 0.314878 -0.002800 -0.024895 0.618423 0.785447
1779361389.862902 -11.331820 8.967420 0.309622 -0.008292 -0.007009 0.620625 0.784032
1779361389.897804 -11.319394 9.031638 0.316289 -0.006469 0.005984 0.622999 0.782173
1779361389.922569 -11.307111 9.089441 0.320476 -0.008265 0.001967 0.622755 0.782371
1779361389.982045 -11.286622 9.154376 0.310548 -0.010839 0.002240 0.623591 0.781673
1779361390.116084 -11.285423 9.176209 0.310794 -0.006844 0.006675 0.621881 0.783054
1779361390.125989 -11.271035 9.232636 0.315539 -0.002440 -0.001159 0.623767 0.781606
1779361390.151555 -11.255764 9.293926 0.317001 0.003435 -0.008788 0.626886 0.779054
1779361390.196367 -11.247437 9.347837 0.311423 -0.008353 -0.009488 0.631748 0.775071
1779361390.403356 -11.239197 9.370619 0.315218 0.002172 0.002504 0.640413 0.768024
1779361390.407708 -11.213102 9.491508 0.311687 0.005184 -0.010760 0.644790 0.764267
1779361390.423242 -11.208197 9.530976 0.311415 -0.013005 0.004081 0.643479 0.765343
1779361390.463289 -11.196050 9.591146 0.314069 -0.013593 0.001745 0.643305 0.765487
1779361390.656117 -11.188198 9.651444 0.315826 -0.007642 -0.008768 0.651189 0.758827
1779361390.668151 -11.188519 9.718794 0.309080 -0.010684 -0.009531 0.665834 0.745962
1779361390.688368 -11.177170 9.761872 0.313448 -0.005962 -0.010687 0.695012 0.718894
1779361390.695316 -11.178066 9.812442 0.320108 -0.001558 -0.011102 0.726105 0.687493
1779361390.837319 -11.186286 9.832852 0.287797 0.008133 -0.026319 0.758394 0.651214
1779361390.902658 -11.204543 9.881159 0.307134 -0.016649 -0.036114 0.783827 0.619705
1779361390.908232 -11.214216 9.951013 0.316922 -0.028358 -0.006504 0.800830 0.598184
1779361390.947731 -11.234459 10.013145 0.321306 -0.026803 -0.011227 0.818789 0.573359
1779361390.961961 -11.244481 10.040982 0.301204 -0.029713 -0.026812 0.831179 0.554563
1779361391.089786 -11.257067 10.078894 0.307092 -0.008827 -0.027935 0.843993 0.535553
1779361391.101068 -11.284944 10.123960 0.313310 -0.013098 -0.036634 0.853740 0.519245
1779361391.102720 -11.311889 10.171843 0.288662 -0.008666 -0.048572 0.862095 0.504339
1779361391.160579 -11.313702 10.180854 0.302346 -0.017824 -0.027978 0.867329 0.496629
1779361391.362060 -11.342974 10.230276 0.309184 -0.025073 -0.024791 0.869381 0.492882
1779361391.536016 -11.369239 10.274189 0.313076 -0.022562 -0.023989 0.872302 0.487857
1779361391.540656 -11.420407 10.360275 0.304425 -0.025147 -0.011965 0.878142 0.477588
1779361391.564819 -11.450971 10.409875 0.309169 -0.015427 -0.006018 0.873571 0.486415
1779361391.567684 -11.477590 10.461061 0.313751 -0.016357 -0.020613 0.862221 0.505848
1779361391.633332 -11.487509 10.498516 0.306678 -0.010275 0.001730 0.850342 0.526128
1779361391.643427 -11.520666 10.541401 0.308896 -0.009130 -0.005023 0.838974 0.544072
1779361391.709663 -11.581243 10.655839 0.301390 0.009572 -0.028301 0.828485 0.559214
1779361391.742985 -11.590295 10.707475 0.303690 0.001901 0.015543 0.826172 0.563201
1779361391.818870 -11.612981 10.757026 0.308985 0.006299 0.020891 0.822531 0.568301
1779361391.874905 -11.631308 10.814834 0.314344 0.010144 0.005100 0.816647 0.577026
1779361391.916745 -11.648955 10.883681 0.305125 0.006916 0.000221 0.812165 0.583387
1779361391.962091 -11.654028 10.882195 0.305347 -0.003619 0.006169 0.807389 0.589976
1779361392.010020 -11.670968 10.943159 0.308421 0.002570 -0.004484 0.805245 0.592920
1779361392.128467 -11.688021 11.004623 0.311302 0.007659 -0.010240 0.804687 0.593561
1779361392.139454 -11.706330 11.053291 0.307175 -0.003640 -0.009548 0.803457 0.595275
1779361392.172134 -11.713613 11.088667 0.313111 0.004183 0.005599 0.803612 0.595113
1779361392.235223 -11.728951 11.140927 0.319466 0.005331 -0.003107 0.800743 0.598976
1779361392.275839 -11.742895 11.205420 0.307984 0.005408 -0.012262 0.798340 0.602059
1779361392.340130 -11.742728 11.200526 0.310100 -0.011759 -0.000988 0.795892 0.605324
1779361392.386642 -11.755156 11.252825 0.311665 -0.017704 -0.001956 0.794661 0.606793
1779361392.434463 -11.772487 11.310183 0.313105 -0.009629 -0.011935 0.795356 0.605949
1779361392.490058 -11.790663 11.383150 0.303925 -0.007347 -0.008292 0.796276 0.604832
1779361392.567554 -11.792248 11.406279 0.308836 -0.006739 0.005034 0.797800 0.602863
1779361392.658915 -11.806448 11.458044 0.313337 -0.002866 0.004134 0.797603 0.603162
1779361392.670815 -11.822310 11.522429 0.315939 0.000583 -0.007904 0.796388 0.604735
1779361392.764215 -11.832758 11.563651 0.309325 -0.012613 0.000178 0.795744 0.605502
1779361392.767674 -11.845926 11.629509 0.311927 -0.015952 0.002120 0.793249 0.608685
1779361392.863945 -11.862582 11.688365 0.314164 -0.012820 -0.009481 0.793834 0.607925
1779361392.908575 -11.881227 11.758067 0.301419 -0.009455 -0.007174 0.795085 0.606382
1779361392.920246 -11.892340 11.796576 0.308298 -0.014649 -0.003342 0.796878 0.603954
1779361393.039423 -11.906229 11.854846 0.314043 -0.005653 0.003088 0.798512 0.601945
1779361393.042186 -11.921803 11.909137 0.318028 -0.004235 -0.009249 0.797437 0.603317
1779361393.070838 -11.930404 11.966146 0.308942 -0.002083 -0.000283 0.797826 0.602884
1779361393.132119 -11.939191 11.978204 0.307933 -0.007505 0.001476 0.795249 0.606235
1779361393.188278 -11.953330 12.035198 0.309719 -0.001764 -0.007856 0.791682 0.610881
1779361393.242453 -11.968056 12.095707 0.301311 0.005662 -0.018182 0.781229 0.623955
1779361393.283167 -11.974658 12.142294 0.303969 0.000091 -0.012047 0.770488 0.637341
1779361393.337002 -11.986300 12.205801 0.313073 0.009316 0.005957 0.763578 0.645620
1779361393.399108 -11.993951 12.262575 0.319595 0.013944 0.000821 0.753575 0.657213
1779361393.454502 -11.996372 12.327002 0.315995 0.015228 -0.004888 0.746100 0.665642
1779361393.497052 -12.001236 12.338677 0.313039 -0.001933 0.014162 0.738823 0.673748
1779361393.550855 -12.001894 12.400633 0.314462 -0.004334 0.014177 0.730822 0.682407
1779361393.603981 -12.006360 12.462646 0.315471 -0.006105 0.004442 0.726683 0.686932
1779361393.662324 -12.016482 12.517143 0.304703 -0.019112 -0.010207 0.722591 0.690937
1779361393.713171 -12.009270 12.566722 0.308938 -0.001882 0.007100 0.722855 0.690961
1779361393.759892 -12.014862 12.619672 0.313972 -0.004587 0.002283 0.718920 0.695074
1779361393.814310 -12.012577 12.682815 0.312259 -0.007206 -0.004194 0.715921 0.698132
1779361393.890386 -12.013156 12.733717 0.304045 0.006807 0.001148 0.715130 0.698958
1779361393.925984 -12.013944 12.786946 0.312448 0.009591 -0.007827 0.711376 0.702703
1779361393.973074 -12.013947 12.841840 0.316485 0.020503 -0.015837 0.711157 0.702556
1779361394.027915 -12.019950 12.915446 0.310372 0.017423 -0.018393 0.709856 0.703891
1779361394.080894 -12.016030 12.931059 0.305734 0.017512 -0.017581 0.710510 0.703250
1779361394.142969 -12.016731 12.985586 0.311350 0.026302 -0.022485 0.708956 0.704404
1779361394.189411 -12.013729 13.046025 0.321428 0.026850 -0.036478 0.706162 0.706600
1779361394.246754 -12.012824 13.100162 0.309296 0.016972 -0.024516 0.705052 0.708528
1779361394.301787 -12.013648 13.155455 0.308929 0.007932 -0.015577 0.700262 0.713672
1779361394.352785 -12.012691 13.215826 0.310213 0.007960 -0.018680 0.700452 0.713411
1779361394.414629 -12.011621 13.282656 0.313887 0.011519 -0.018400 0.702137 0.711711
1779361394.453484 -12.011451 13.304873 0.305105 0.004553 -0.010213 0.702994 0.711108
1779361394.525484 -12.009007 13.364321 0.311155 0.007853 0.000024 0.705061 0.709104
1779361394.561068 -12.008121 13.421399 0.314970 0.008199 -0.008537 0.703315 0.710780
1779361394.614874 -12.001358 13.493081 0.310844 0.007327 -0.010325 0.702857 0.711219
1779361394.732540 -12.000463 13.539516 0.310126 -0.014617 0.000758 0.701004 0.713007
1779361394.735898 -11.997984 13.596469 0.312123 -0.014527 -0.002913 0.701257 0.712754
1779361394.774646 -11.998189 13.660015 0.313797 -0.009504 -0.012599 0.703538 0.710483
1779361394.824943 -11.997997 13.731370 0.306709 -0.011786 -0.010238 0.704407 0.709624
1779361394.879804 -11.990103 13.769383 0.309587 -0.004155 0.001204 0.706461 0.707739
1779361394.945120 -11.990042 13.824555 0.314426 -0.000369 -0.003822 0.706307 0.707896
1779361394.983465 -11.988949 13.888507 0.318651 -0.001164 -0.017022 0.705059 0.708944
1779361395.035915 -11.988826 13.905152 0.308757 -0.010541 -0.004816 0.704122 0.709985
1779361395.089547 -11.988852 13.958930 0.313239 -0.013095 -0.005797 0.700745 0.713269
1779361395.142311 -11.990980 14.014984 0.315932 -0.011776 -0.019066 0.701527 0.712290
1779361395.195159 -11.992631 14.081449 0.306721 -0.007059 -0.021929 0.703830 0.709994
1779361395.246969 -11.993143 14.137947 0.310310 -0.012660 -0.007022 0.705902 0.708161
1779361395.318871 -11.995322 14.200360 0.316059 -0.006809 -0.001588 0.707457 0.706722
1779361395.369087 -11.996736 14.256385 0.318365 -0.007096 -0.013240 0.705575 0.708476
1779361395.427999 -11.989494 14.319285 0.308467 -0.007676 -0.004985 0.705649 0.708503
1779361395.463155 -11.998249 14.371473 0.311445 -0.012395 -0.006577 0.702363 0.711680
1779361395.510577 -11.997263 14.423394 0.313611 -0.009983 -0.013374 0.703231 0.710765
1779361395.599432 -11.997650 14.488861 0.311513 -0.004646 -0.018287 0.706113 0.707847
1779361395.630259 -12.000331 14.546972 0.309221 -0.010587 -0.008897 0.707259 0.706820
1779361395.688680 -11.998867 14.614721 0.312803 -0.005391 -0.000100 0.708714 0.705475
1779361395.736220 -11.998720 14.671082 0.316545 -0.000178 -0.011821 0.706827 0.707288
1779361395.795786 -11.994796 14.738044 0.307266 -0.001696 -0.018474 0.706327 0.707643
1779361395.872018 -11.994458 14.757233 0.307641 -0.008873 -0.000761 0.703900 0.710243
1779361395.896956 -11.994123 14.818486 0.310286 -0.008243 -0.006282 0.703366 0.710753
1779361395.949597 -11.993664 14.881209 0.311755 -0.003837 -0.013631 0.705820 0.708250
1779361395.999885 -11.998101 14.954408 0.306079 -0.007793 -0.011322 0.706547 0.707533
1779361396.060813 -11.995980 14.999588 0.309588 -0.002435 0.001425 0.709535 0.704665
1779361396.118333 -11.996359 15.056425 0.315195 0.003670 -0.002155 0.708049 0.706151
1779361396.163663 -11.992712 15.120164 0.319713 0.006717 -0.015364 0.706787 0.707228
1779361396.216732 -11.992299 15.149117 0.307572 -0.000910 -0.003395 0.706964 0.707241
1779361396.269696 -11.989864 15.194401 0.310499 -0.013048 0.000287 0.705545 0.708545
1779361396.322377 -11.988507 15.257062 0.313024 -0.011592 -0.005628 0.706879 0.707218
1779361396.373325 -11.981820 15.322034 0.305576 -0.003977 -0.007635 0.704936 0.709219
1779361396.426945 -11.979733 15.367633 0.308090 -0.006917 -0.000618 0.691339 0.722497
1779361396.481265 -11.972252 15.435775 0.313381 0.003015 0.007374 0.676335 0.736551
1779361396.545818 -11.966921 15.495679 0.317319 -0.001060 -0.005931 0.659846 0.751377
1779361396.586091 -11.949959 15.551919 0.307716 -0.000529 0.003891 0.647559 0.762005
1779361396.642988 -11.946758 15.592052 0.311394 0.005007 0.007758 0.633131 0.773990
1779361396.695368 -11.937362 15.646837 0.312692 0.006034 -0.007622 0.624898 0.780646
1779361396.794656 -11.924522 15.710231 0.313411 0.011540 -0.015739 0.619097 0.785072
1779361396.814163 -11.908497 15.765310 0.306522 0.007744 0.004546 0.613820 0.789395
1779361396.858227 -11.892750 15.823682 0.311389 0.013661 0.014403 0.609606 0.792456
1779361396.914631 -11.876744 15.877796 0.314925 0.010801 0.000822 0.602211 0.798264
1779361396.982843 -11.853557 15.940200 0.303849 0.004434 -0.005389 0.595707 0.803171
1779361397.017185 -11.851523 15.935495 0.308745 -0.002276 0.005634 0.589641 0.807643
1779361397.067729 -11.834846 15.992449 0.309771 -0.001838 -0.003274 0.585249 0.810845
1779361397.126813 -11.818264 16.050764 0.311910 0.001686 -0.018541 0.585507 0.810454
1779361397.178143 -11.797248 16.116356 0.300906 0.002340 -0.020237 0.585674 0.810291
1779361397.227598 -11.779264 16.164980 0.309368 0.000588 0.006797 0.586234 0.810113
1779361397.293382 -11.762368 16.219248 0.314989 0.001812 0.006894 0.584318 0.811493
1779361397.352273 -11.740529 16.280251 0.318203 -0.001465 -0.005834 0.581968 0.813189
1779361397.698678 -11.720013 16.320316 0.309394 0.002960 0.004679 0.580331 0.814362
1779361397.703638 -11.680775 16.442593 0.315684 -0.001762 -0.012954 0.578288 0.815728
1779361397.795376 -11.658115 16.497019 0.298857 -0.003389 -0.008780 0.579132 0.815180
1779361397.800333 -11.655420 16.510313 0.305950 -0.021590 -0.008019 0.576833 0.816538
1779361397.822682 -11.639933 16.554499 0.313265 -0.023473 -0.003268 0.577573 0.815995
1779361397.824938 -11.634491 16.600491 0.312944 -0.036878 -0.003986 0.574811 0.817445
1779361397.852576 -11.622334 16.641844 0.300983 -0.026891 -0.002712 0.574102 0.818338
1779361397.855370 -11.620366 16.679873 0.304391 -0.025774 -0.012098 0.577148 0.816143
1779361397.895266 -11.610288 16.707151 0.313265 -0.023381 -0.007374 0.587476 0.808870
1779361397.934871 -11.600090 16.743330 0.314110 -0.021216 -0.012351 0.596323 0.802369
1779361397.988072 -11.589138 16.785620 0.312849 -0.012804 -0.018336 0.603681 0.796912
1779361398.063414 -11.579494 16.837387 0.310638 -0.005304 -0.003303 0.610580 0.791930
1779361398.097317 -11.570607 16.881453 0.314594 -0.010201 -0.003097 0.615030 0.788432
1779361398.155098 -11.559150 16.924866 0.318304 0.000416 -0.001816 0.617634 0.786464
1779361398.201255 -11.548063 16.975443 0.320589 -0.002641 -0.011910 0.619160 0.785170
1779361398.256222 -11.534617 17.028534 0.313564 -0.011123 -0.009396 0.621357 0.783393
1779361398.309473 -11.523404 17.074514 0.312133 -0.012929 0.000852 0.620539 0.784069
1779361398.367333 -11.511500 17.126192 0.312792 -0.014090 -0.004145 0.622988 0.782093
1779361398.413912 -11.497300 17.185501 0.312976 -0.006885 -0.007807 0.627250 0.778748
1779361398.471982 -11.490664 17.240700 0.309017 -0.016914 -0.007703 0.628862 0.777295
1779361398.519641 -11.470767 17.293413 0.313295 -0.001240 0.006364 0.632602 0.774450
1779361398.575348 -11.460072 17.345465 0.316236 0.003267 -0.001115 0.632221 0.774781
1779361398.633297 -11.442189 17.408012 0.309502 0.005620 -0.011036 0.637437 0.770403
1779361398.694013 -11.451591 17.420961 0.307286 -0.023908 0.001042 0.650200 0.759386
1779361398.737456 -11.436866 17.479616 0.315039 -0.019481 0.007096 0.662515 0.748762
1779361398.789323 -11.432303 17.540009 0.314772 -0.020013 -0.002503 0.676188 0.736453
1779361398.841833 -11.435411 17.603247 0.309416 -0.026150 -0.016155 0.684715 0.728163
1779361398.893181 -11.420347 17.659441 0.313966 -0.009652 0.002471 0.697098 0.716907
1779361399.004943 -11.420935 17.717638 0.318316 -0.009990 -0.006004 0.703606 0.710495
1779361399.011692 -11.418336 17.783892 0.307480 -0.011692 -0.016827 0.709038 0.704873
1779361399.056474 -11.420561 17.762566 0.309517 -0.026418 -0.005940 0.711201 0.702467
1779361399.106461 -11.421206 17.815550 0.311352 -0.032436 -0.008692 0.712994 0.700366
1779361399.159636 -11.423579 17.879721 0.310908 -0.026252 -0.013523 0.719563 0.693799
1779361399.244133 -11.426905 17.947479 0.300353 -0.028294 -0.014437 0.723066 0.690048
1779361399.269989 -11.417728 17.947165 0.305299 -0.019124 -0.006965 0.727916 0.685364
1779361399.318192 -11.422704 17.999371 0.311392 -0.015046 -0.009901 0.729140 0.684127
1779361399.388983 -11.433350 18.051750 0.289382 -0.014222 -0.020886 0.729113 0.683927
1779361399.429895 -11.428936 18.087744 0.304906 -0.010023 -0.002726 0.731325 0.681951
1779361399.477205 -11.435773 18.122900 0.312405 -0.018634 -0.003845 0.729970 0.683215
1779361399.531733 -11.437780 18.166876 0.316707 -0.022668 -0.001642 0.732200 0.680711
1779361399.589442 -11.435697 18.212814 0.315588 -0.025570 0.009962 0.734408 0.678153
1779361399.659288 -11.436118 18.245872 0.305718 -0.032695 0.004323 0.735185 0.677064
1779361399.693819 -11.435748 18.272017 0.308286 -0.034676 -0.001395 0.737097 0.674896
1779361399.764583 -11.433578 18.288729 0.308817 -0.027625 -0.003229 0.739602 0.672469
1779361399.817364 -11.438216 18.305180 0.313631 -0.034663 -0.003178 0.740451 0.671209
1779361399.855669 -11.442575 18.319983 0.313213 -0.041194 -0.002920 0.740035 0.671299
1779361399.903190 -11.445642 18.331911 0.312454 -0.032010 -0.000400 0.739311 0.672602
1779361399.955377 -11.448825 18.344315 0.312141 -0.030992 -0.001331 0.739296 0.672666
1779361400.013338 -11.452940 18.353876 0.308368 -0.034163 -0.003563 0.739358 0.672436
