# raw base_link odometry (TUM format), robot's own estimator
1778754108.329343 1.131621 -16.756163 0.051458 0.022778 -0.044155 0.674155 0.736917
1778754108.382642 1.131613 -16.756102 0.051567 0.022786 -0.044135 0.674149 0.736924
1778754108.819162 1.131600 -16.755980 0.051719 0.022802 -0.044104 0.674178 0.736899
1778754108.824661 1.131602 -16.755829 0.051835 0.022792 -0.044086 0.674111 0.736960
1778754108.831363 1.131607 -16.755705 0.051847 0.022730 -0.044108 0.674105 0.736967
1778754108.844659 1.131619 -16.755579 0.051901 0.022750 -0.043989 0.674025 0.737047
1778754108.848931 1.131625 -16.755440 0.051955 0.022699 -0.043922 0.674003 0.737073
1778754108.854587 1.131558 -16.755341 0.052003 0.022550 -0.043902 0.673805 0.737260
1778754108.857419 1.131508 -16.755264 0.052116 0.022504 -0.043841 0.673735 0.737328
1778754108.870058 1.131481 -16.755156 0.052252 0.022241 -0.043502 0.673410 0.737653
1778754108.881750 1.131449 -16.755018 0.052393 0.022171 -0.043313 0.672648 0.738361
1778754108.917041 1.131325 -16.755217 0.052483 0.021774 -0.043842 0.672287 0.738671
1778754108.969871 1.130704 -16.756805 0.056000 0.018141 -0.042665 0.672300 0.738826
1778754109.022437 1.129246 -16.759834 0.063162 0.010526 -0.041040 0.672570 0.738820
1778754109.075320 1.127611 -16.765350 0.074722 0.010922 -0.044195 0.672304 0.738874
1778754109.129104 1.126344 -16.772346 0.093119 0.016573 -0.048556 0.672258 0.738537
1778754109.184846 1.125033 -16.778896 0.114880 0.019742 -0.049719 0.671950 0.738662
1778754109.238746 1.123856 -16.782381 0.141980 0.017774 -0.046886 0.671759 0.739071
1778754109.297418 1.122845 -16.782726 0.169119 0.013331 -0.042133 0.671742 0.739466
1778754109.349152 1.121975 -16.780869 0.193652 0.008213 -0.036724 0.671706 0.739862
1778754109.402106 1.121092 -16.777449 0.217406 0.003403 -0.032204 0.671764 0.740057
1778754109.458796 1.120188 -16.773350 0.239054 -0.000066 -0.029212 0.671599 0.740339
1778754109.512393 1.119297 -16.768810 0.262316 -0.003224 -0.027113 0.671669 0.740348
1778754109.565979 1.118473 -16.764296 0.282254 -0.005352 -0.025862 0.672035 0.740048
1778754109.619193 1.117819 -16.759392 0.299499 -0.006480 -0.025368 0.672156 0.739947
1778754109.672200 1.117508 -16.754757 0.314457 -0.008040 -0.024289 0.671928 0.740174
1778754109.728933 1.117564 -16.750313 0.320297 -0.009493 -0.023089 0.671470 0.740611
1778754109.782670 1.117853 -16.746950 0.321212 -0.011100 -0.021114 0.671167 0.740923
1778754109.835618 1.118072 -16.745737 0.321798 -0.011702 -0.020256 0.671202 0.740906
1778754109.891202 1.118108 -16.746187 0.322010 -0.011641 -0.020203 0.671171 0.740936
1778754109.942683 1.117870 -16.747528 0.322083 -0.011601 -0.020438 0.671155 0.740944
1778754109.995958 1.117597 -16.749453 0.322086 -0.011369 -0.020881 0.671631 0.740505
1778754110.048903 1.117410 -16.751219 0.322083 -0.010959 -0.021410 0.671829 0.740316
1778754110.105503 1.117345 -16.752132 0.322065 -0.010697 -0.021643 0.671727 0.740406
1778754110.155443 1.117374 -16.752184 0.322074 -0.010604 -0.021658 0.671618 0.740505
1778754110.209286 1.117421 -16.751764 0.322090 -0.010696 -0.021520 0.671518 0.740599
1778754110.262261 1.117455 -16.751268 0.322107 -0.010785 -0.021436 0.671463 0.740649
1778754110.317101 1.117504 -16.750954 0.322121 -0.010849 -0.021351 0.671524 0.740596
1778754110.382232 1.117519 -16.750877 0.322128 -0.010873 -0.021290 0.671464 0.740652
1778754110.425624 1.117502 -16.750963 0.322126 -0.010880 -0.021343 0.671587 0.740538
1778754110.478925 1.117473 -16.751003 0.322124 -0.010882 -0.021378 0.671610 0.740517
1778754110.532014 1.117518 -16.750977 0.322126 -0.010843 -0.021325 0.671499 0.740619
1778754110.587779 1.117518 -16.750912 0.322129 -0.010898 -0.021286 0.671560 0.740564
1778754110.638417 1.117466 -16.750931 0.322128 -0.010937 -0.021350 0.671601 0.740525
1778754110.688898 1.117463 -16.750959 0.322127 -0.010930 -0.021357 0.671609 0.740517
1778754110.742692 1.117489 -16.750937 0.322128 -0.010924 -0.021318 0.671585 0.740540
1778754110.796531 1.117475 -16.750929 0.322130 -0.010931 -0.021323 0.671572 0.740552
1778754110.848572 1.117440 -16.750931 0.322129 -0.010975 -0.021367 0.671641 0.740487
1778754110.901919 1.117447 -16.750940 0.322129 -0.010957 -0.021353 0.671640 0.740489
1778754110.952451 1.117428 -16.750919 0.322129 -0.011004 -0.021367 0.671633 0.740495
1778754111.006975 1.117436 -16.750898 0.322130 -0.011014 -0.021340 0.671613 0.740513
1778754111.059383 1.117418 -16.750885 0.322131 -0.011060 -0.021341 0.671707 0.740427
1778754111.112375 1.117378 -16.750881 0.322130 -0.011101 -0.021382 0.671729 0.740405
1778754111.166346 1.117404 -16.750877 0.322131 -0.011065 -0.021357 0.671679 0.740452
1778754111.223318 1.117436 -16.750839 0.322133 -0.011073 -0.021289 0.671671 0.740461
1778754111.277991 1.117414 -16.750816 0.322134 -0.011123 -0.021281 0.671708 0.740427
1778754111.328549 1.118916 -16.752342 0.320050 -0.012547 -0.023826 0.672606 0.739511
1778754111.385904 1.117662 -16.752974 0.323119 -0.012946 -0.023937 0.675479 0.736877
1778754111.442430 1.116205 -16.756802 0.319677 -0.018061 -0.026087 0.679023 0.733431
1778754111.492135 1.115012 -16.758411 0.315593 -0.022098 -0.025816 0.681985 0.730577
1778754111.549072 1.114708 -16.758080 0.313917 -0.024174 -0.026110 0.683840 0.728764
1778754111.595068 1.114814 -16.756462 0.313323 -0.025291 -0.026383 0.685186 0.727451
1778754111.650064 1.115106 -16.754387 0.314627 -0.026633 -0.026494 0.686340 0.726310
1778754111.703187 1.115028 -16.752325 0.314574 -0.027321 -0.026566 0.687319 0.725355
1778754111.755233 1.114858 -16.750736 0.315711 -0.027552 -0.026318 0.688150 0.724568
1778754111.815098 1.114805 -16.749521 0.314327 -0.027720 -0.026125 0.688594 0.724146
1778754111.871622 1.114786 -16.748775 0.316465 -0.027898 -0.026031 0.688797 0.723949
1778754111.920425 1.114764 -16.748287 0.316548 -0.027825 -0.025965 0.689117 0.723650
1778754111.972191 1.114716 -16.747822 0.316320 -0.027824 -0.025899 0.689376 0.723406
1778754112.025697 1.114689 -16.747387 0.318029 -0.027904 -0.025851 0.689473 0.723312
1778754112.089053 1.114606 -16.746876 0.318892 -0.027891 -0.025839 0.689747 0.723052
1778754112.135242 1.114651 -16.746357 0.319264 -0.027843 -0.025764 0.689868 0.722941
1778754112.187261 1.114712 -16.745712 0.315400 -0.027807 -0.025719 0.689903 0.722910
1778754112.238343 1.114712 -16.745207 0.315270 -0.027869 -0.025616 0.690039 0.722782
1778754112.291853 1.114720 -16.744680 0.315028 -0.027873 -0.025557 0.690144 0.722684
1778754112.350777 1.114681 -16.744240 0.317262 -0.027912 -0.025533 0.690266 0.722566
1778754112.399679 1.114690 -16.743925 0.316248 -0.027973 -0.025459 0.690348 0.722488
1778754112.451926 1.114646 -16.743683 0.316614 -0.027973 -0.025457 0.690492 0.722351
1778754112.505062 1.114604 -16.743507 0.318062 -0.028008 -0.025483 0.690558 0.722285
1778754112.560339 1.114619 -16.743273 0.318824 -0.027990 -0.025467 0.690637 0.722211
1778754112.612273 1.114640 -16.743000 0.319133 -0.028013 -0.025406 0.690663 0.722187
1778754112.665557 1.114658 -16.742817 0.319306 -0.028008 -0.025396 0.690676 0.722176
1778754112.719331 1.114627 -16.742668 0.319346 -0.028055 -0.025388 0.690770 0.722084
1778754112.772348 1.114661 -16.742575 0.319331 -0.028055 -0.025346 0.690738 0.722116
1778754112.827024 1.114724 -16.742554 0.319367 -0.028052 -0.025300 0.690674 0.722179
1778754112.879484 1.114691 -16.742487 0.319375 -0.028066 -0.025323 0.690733 0.722121
1778754112.932144 1.114638 -16.742453 0.319367 -0.028098 -0.025320 0.690797 0.722059
1778754112.985605 1.114686 -16.742485 0.319358 -0.028052 -0.025340 0.690763 0.722093
1778754113.039925 1.114743 -16.742443 0.319360 -0.028000 -0.025299 0.690725 0.722132
1778754113.094396 1.114728 -16.742384 0.319319 -0.028022 -0.025301 0.690787 0.722072
1778754113.145319 1.114706 -16.742380 0.319329 -0.028007 -0.025339 0.690806 0.722053
1778754113.199532 1.114710 -16.742355 0.319398 -0.028002 -0.025362 0.690789 0.722069
1778754113.254373 1.114761 -16.742319 0.319367 -0.027949 -0.025329 0.690801 0.722061
1778754113.305239 1.114779 -16.742258 0.319368 -0.027950 -0.025322 0.690786 0.722075
1778754113.358641 1.114707 -16.742210 0.319385 -0.027997 -0.025341 0.690893 0.721970
1778754113.412366 1.114693 -16.742168 0.319383 -0.027992 -0.025338 0.690938 0.721928
1778754113.466032 1.114706 -16.742125 0.319395 -0.028004 -0.025325 0.690928 0.721937
1778754113.519624 1.114724 -16.742039 0.319406 -0.028005 -0.025295 0.690929 0.721937
1778754113.571757 1.114688 -16.741915 0.318364 -0.028030 -0.025325 0.690990 0.721877
1778754113.630152 1.114651 -16.741877 0.318926 -0.028123 -0.025332 0.690968 0.721894
1778754113.682146 1.114680 -16.741886 0.319140 -0.028073 -0.025337 0.690988 0.721876
1778754113.735304 1.114662 -16.741791 0.319258 -0.028036 -0.025339 0.691073 0.721796
1778754113.789104 1.114666 -16.741774 0.319341 -0.028020 -0.025397 0.691047 0.721820
1778754113.842159 1.114601 -16.741692 0.319411 -0.028073 -0.025425 0.691131 0.721736
1778754113.895904 1.114584 -16.741613 0.319423 -0.028114 -0.025412 0.691137 0.721729
1778754113.951109 1.114640 -16.741571 0.319392 -0.028105 -0.025365 0.691082 0.721785
1778754114.001881 1.114608 -16.741543 0.319400 -0.028148 -0.025383 0.691103 0.721762
1778754114.051630 1.114575 -16.741541 0.319394 -0.028186 -0.025419 0.691102 0.721760
1778754114.104982 1.114548 -16.741531 0.319392 -0.028190 -0.025443 0.691132 0.721730
1778754114.159803 1.114578 -16.741581 0.319412 -0.028155 -0.025468 0.691089 0.721772
1778754114.212408 1.114565 -16.741556 0.319417 -0.028130 -0.025467 0.691140 0.721724
1778754114.266593 1.114520 -16.741505 0.319440 -0.028211 -0.025482 0.691155 0.721707
1778754114.318531 1.114494 -16.741518 0.319459 -0.028197 -0.025511 0.691195 0.721668
1778754114.373313 1.114559 -16.741533 0.319440 -0.028177 -0.025447 0.691154 0.721710
1778754114.425276 1.114560 -16.741522 0.319440 -0.028150 -0.025447 0.691171 0.721695
1778754114.479087 1.114508 -16.741489 0.319440 -0.028218 -0.025467 0.691210 0.721654
1778754114.539914 1.114495 -16.741499 0.319442 -0.028230 -0.025488 0.691226 0.721637
1778754114.585185 1.114488 -16.741459 0.319431 -0.028253 -0.025468 0.691225 0.721638
1778754114.638838 1.114560 -16.741472 0.319392 -0.028205 -0.025414 0.691194 0.721671
1778754114.691483 1.114533 -16.741430 0.319387 -0.028218 -0.025407 0.691258 0.721610
1778754114.745102 1.114493 -16.741467 0.319393 -0.028194 -0.025450 0.691306 0.721564
1778754114.799931 1.114482 -16.741447 0.319428 -0.028160 -0.025458 0.691351 0.721521
1778754114.851555 1.114501 -16.741404 0.319407 -0.028218 -0.025432 0.691297 0.721571
1778754114.905852 1.114530 -16.741411 0.319408 -0.028164 -0.025427 0.691323 0.721549
1778754114.957829 1.114418 -16.741915 0.318648 -0.028093 -0.025664 0.692284 0.720622
1778754115.011611 1.114157 -16.741495 0.314476 -0.027545 -0.025915 0.697002 0.716071
1778754115.065209 1.114732 -16.740660 0.312413 -0.027189 -0.027106 0.704908 0.708259
1778754115.120472 1.116286 -16.739801 0.311595 -0.025855 -0.025660 0.714819 0.698360
1778754115.173649 1.117265 -16.738762 0.312787 -0.025435 -0.022089 0.727590 0.685184
1778754115.224963 1.116922 -16.739449 0.314311 -0.025578 -0.020460 0.745149 0.666093
1778754115.279513 1.116423 -16.738863 0.315844 -0.028617 -0.025812 0.764619 0.643329
1778754115.333292 1.116658 -16.738277 0.316538 -0.029822 -0.029970 0.784665 0.618477
1778754115.385256 1.115962 -16.736845 0.316067 -0.024285 -0.021578 0.805380 0.591868
1778754115.439357 1.113853 -16.735449 0.317090 -0.023206 -0.020697 0.824285 0.565321
1778754115.486328 1.112495 -16.732857 0.318743 -0.021175 -0.015736 0.842966 0.537320
1778754115.542428 1.108502 -16.730349 0.318442 -0.019299 -0.010868 0.863524 0.503821
1778754115.591244 1.108162 -16.727776 0.318724 -0.022920 -0.003249 0.882436 0.469862
1778754115.644983 1.105217 -16.726423 0.317131 -0.026708 0.001280 0.903640 0.427457
1778754115.700301 1.100183 -16.725996 0.311857 -0.026204 0.005429 0.922904 0.384100
1778754115.753223 1.097669 -16.727432 0.306770 -0.026829 0.008185 0.940194 0.339482
1778754115.803300 1.093006 -16.727554 0.309959 -0.030126 0.000318 0.954524 0.296609
1778754115.857129 1.090254 -16.725454 0.311088 -0.028842 -0.000195 0.968224 0.248417
1778754115.912599 1.085666 -16.722698 0.310827 -0.027128 0.015094 0.979166 0.200673
1778754115.967180 1.086248 -16.719280 0.314472 -0.022423 0.013256 0.988393 0.149668
1778754116.019438 1.085235 -16.718157 0.317130 -0.021533 0.020953 0.994505 0.100284
1778754116.071368 1.081835 -16.724669 0.314505 -0.029758 0.008295 0.998364 0.048116
1778754116.128381 1.081269 -16.727880 0.312716 -0.034635 -0.003804 0.999274 -0.015421
1778754116.180435 1.076929 -16.732052 0.309698 -0.029144 -0.007524 0.995558 -0.089208
1778754116.234995 1.073524 -16.730978 0.305335 -0.022143 0.004740 0.985625 -0.167422
1778754116.284567 1.070548 -16.729908 0.306405 -0.027544 -0.008435 0.968674 -0.246659
1778754116.341598 1.070685 -16.734488 0.305426 -0.025420 -0.020625 0.946988 -0.319598
1778754116.397031 1.072562 -16.734324 0.297004 -0.028603 -0.019929 0.918970 -0.392784
1778754116.445324 1.070996 -16.742056 0.295284 -0.041280 -0.035632 0.885006 -0.462375
1778754116.500082 1.074946 -16.743837 0.293577 -0.047023 -0.032273 0.847430 -0.527836
1778754116.554027 1.074789 -16.750299 0.289505 -0.046007 -0.018232 0.801121 -0.596453
1778754116.610394 1.079042 -16.756367 0.296495 -0.025270 -0.020071 0.753585 -0.656558
1778754116.661783 1.073225 -16.763866 0.303541 -0.026124 -0.005205 0.703793 -0.709906
1778754116.715643 1.068645 -16.770134 0.306355 -0.029253 0.007830 0.657851 -0.752539
1778754116.773015 1.062686 -16.775063 0.310757 -0.025638 0.016954 0.620063 -0.783950
1778754116.823827 1.055576 -16.775400 0.312525 -0.029432 0.019797 0.588133 -0.807986
1778754116.875763 1.054181 -16.773390 0.312908 -0.025189 0.013015 0.558426 -0.829070
1778754116.928845 1.053951 -16.773809 0.311483 -0.021175 0.006926 0.533976 -0.845206
1778754116.988921 1.054070 -16.773958 0.309800 -0.016505 0.000624 0.512913 -0.858282
1778754117.037479 1.053134 -16.772688 0.308601 -0.018739 0.008052 0.497862 -0.867017
1778754117.088774 1.053050 -16.772783 0.308075 -0.013854 0.005067 0.485134 -0.874316
1778754117.141420 1.053236 -16.773308 0.306404 -0.009013 0.003860 0.475392 -0.879719
1778754117.195083 1.055459 -16.774982 0.306600 -0.003967 0.004361 0.468485 -0.883452
1778754117.254152 1.059484 -16.779493 0.307197 0.000227 0.005426 0.461498 -0.887125
1778754117.321765 1.065280 -16.788122 0.307193 0.000147 0.008596 0.455800 -0.890041
1778754117.357874 1.074829 -16.800102 0.308081 -0.004094 0.007131 0.448637 -0.893676
1778754117.411438 1.087307 -16.816019 0.310764 -0.004542 0.004184 0.442266 -0.896863
1778754117.469314 1.106768 -16.838856 0.313627 -0.004163 0.001912 0.426669 -0.904396
1778754117.520191 1.132993 -16.861866 0.315712 -0.009107 0.002957 0.400939 -0.916055
1778754117.574360 1.152197 -16.886034 0.314842 -0.015084 0.008669 0.359787 -0.932872
1778754117.624537 1.176951 -16.906002 0.315821 -0.008668 0.009337 0.320390 -0.947200
1778754117.678751 1.206580 -16.926453 0.314460 -0.001253 0.015425 0.284051 -0.958684
1778754117.733962 1.248516 -16.953276 0.312873 0.002532 0.028940 0.250329 -0.967725
1778754117.788370 1.262079 -16.963789 0.301555 0.015591 0.011305 0.234404 -0.971949
1778754117.838242 1.296852 -16.977266 0.307010 0.022308 0.013212 0.216835 -0.975864
1778754117.891006 1.337799 -16.995146 0.311902 0.026157 0.024633 0.202767 -0.978568
1778754117.946923 1.380599 -17.012016 0.308748 0.024500 0.034616 0.198461 -0.979191
1778754118.001808 1.432624 -17.038805 0.301700 0.017538 0.027131 0.204635 -0.978305
1778754118.051208 1.462817 -17.052406 0.307357 0.012873 0.013450 0.211122 -0.977282
1778754118.104136 1.494697 -17.068892 0.311697 0.012159 0.016612 0.224401 -0.974280
1778754118.168287 1.530734 -17.088432 0.315447 0.016846 0.017885 0.249045 -0.968180
1778754118.213121 1.566159 -17.110123 0.316005 0.018499 0.014797 0.275099 -0.961124
1778754118.264846 1.595394 -17.126150 0.307712 0.009946 0.019028 0.301963 -0.953078
1778754118.317604 1.617520 -17.137438 0.315539 0.015258 0.015326 0.333083 -0.942649
1778754118.374876 1.637757 -17.159061 0.315481 0.012049 0.014462 0.367237 -0.929937
1778754118.425927 1.658927 -17.179733 0.314459 0.009679 0.017012 0.401678 -0.915572
1778754118.478267 1.677787 -17.205652 0.314093 -0.001916 0.022346 0.436451 -0.899449
1778754118.532866 1.696470 -17.230833 0.313875 -0.006312 0.019483 0.472163 -0.881273
1778754118.586298 1.706074 -17.253876 0.307886 -0.022847 0.021686 0.504135 -0.863051
1778754118.652345 1.713947 -17.277000 0.312377 -0.027489 0.027250 0.538416 -0.841790
1778754118.691387 1.720579 -17.306967 0.314741 -0.027977 0.034546 0.575463 -0.816619
1778754118.741302 1.728277 -17.339430 0.314430 -0.017889 0.027673 0.614105 -0.788536
1778754118.795963 1.730985 -17.370638 0.318843 -0.027688 0.019386 0.649044 -0.760000
1778754118.848411 1.735235 -17.395554 0.322011 -0.020166 0.019025 0.683363 -0.729553
1778754118.902804 1.735042 -17.422220 0.320575 -0.013515 0.018213 0.715453 -0.698293
1778754118.962622 1.733465 -17.455034 0.315343 -0.005195 0.018750 0.747196 -0.664319
1778754119.008228 1.728618 -17.484240 0.309810 -0.005710 0.021844 0.770729 -0.636763
1778754119.062633 1.721229 -17.514341 0.302924 -0.009420 0.015826 0.790504 -0.612180
1778754119.114169 1.709968 -17.537930 0.301849 -0.014871 0.014661 0.805187 -0.592653
1778754119.166074 1.698240 -17.556665 0.308783 -0.017253 0.023543 0.823045 -0.567226
1778754119.227916 1.683654 -17.579279 0.312127 -0.018354 0.034524 0.842543 -0.537208
1778754119.273868 1.665444 -17.604738 0.312521 -0.014811 0.038809 0.862720 -0.503973
1778754119.325951 1.644453 -17.629709 0.315199 -0.017683 0.014190 0.884266 -0.466433
1778754119.377014 1.626216 -17.652952 0.318965 -0.019324 0.014652 0.901232 -0.432658
1778754119.431720 1.608983 -17.672421 0.321231 -0.014091 0.009208 0.919191 -0.393451
1778754119.483269 1.587369 -17.693937 0.317069 -0.009066 0.006557 0.932729 -0.360406
1778754119.540482 1.563226 -17.714275 0.312284 -0.007706 0.006875 0.942540 -0.333933
1778754119.591221 1.536107 -17.732449 0.306208 -0.010783 0.009094 0.950430 -0.310619
1778754119.644477 1.506616 -17.747442 0.302923 -0.012032 0.001634 0.956596 -0.291165
1778754119.697438 1.486059 -17.758282 0.308304 -0.018917 0.006996 0.959835 -0.279839
1778754119.747778 1.464612 -17.766594 0.311459 -0.019811 0.018205 0.963962 -0.264677
1778754119.802319 1.437605 -17.778534 0.311570 -0.019545 0.024190 0.967525 -0.250855
1778754119.857917 1.409909 -17.791677 0.309677 -0.017859 0.027391 0.970217 -0.240020
1778754119.911602 1.377257 -17.808939 0.312070 -0.027774 0.007695 0.973467 -0.227008
1778754119.971602 1.351097 -17.819956 0.314382 -0.028765 0.016936 0.974526 -0.221778
1778754120.021564 1.328860 -17.831638 0.316075 -0.018600 0.010043 0.976017 -0.216665
1778754120.074226 1.300146 -17.844543 0.313909 -0.012461 0.006979 0.977129 -0.212169
1778754120.127547 1.270226 -17.856968 0.310654 -0.011973 0.005240 0.978799 -0.204408
1778754120.178153 1.241630 -17.866812 0.305859 -0.017954 0.001146 0.981543 -0.190391
1778754120.234897 1.212107 -17.874607 0.310602 -0.013500 -0.001046 0.985764 -0.167587
1778754120.286975 1.188818 -17.879467 0.315149 -0.013627 0.005652 0.989170 -0.146028
1778754120.338297 1.163872 -17.884989 0.315960 -0.015009 0.007915 0.992073 -0.124511
1778754120.406251 1.132728 -17.890736 0.312926 -0.014209 0.003722 0.994356 -0.105070
1778754120.445784 1.099945 -17.894272 0.307518 -0.014668 0.003403 0.995746 -0.090907
1778754120.497960 1.071677 -17.901072 0.313684 -0.018095 -0.000852 0.996796 -0.077905
1778754120.548040 1.049810 -17.906042 0.316304 -0.016825 -0.001376 0.997520 -0.068327
1778754120.605613 1.020673 -17.910469 0.315349 -0.015231 -0.003600 0.998072 -0.060069
1778754120.655095 0.986932 -17.915863 0.312284 -0.010268 -0.005542 0.998510 -0.053312
1778754120.707639 0.951182 -17.920090 0.308921 -0.008107 -0.003370 0.998754 -0.049134
1778754120.767477 0.912496 -17.924829 0.305270 -0.013437 -0.003126 0.998907 -0.044667
1778754120.815590 0.875943 -17.924547 0.310296 -0.016434 0.003476 0.998881 -0.044202
1778754120.869043 0.837246 -17.925560 0.312958 -0.011375 0.013463 0.999026 -0.040459
1778754120.918788 0.796979 -17.927307 0.313267 -0.008607 0.011573 0.999242 -0.036159
1778754120.971280 0.741217 -17.927116 0.310756 -0.008219 0.005313 0.999584 -0.027116
1778754121.028922 0.704302 -17.932589 0.313276 -0.017533 0.006465 0.999824 -0.001743
1778754121.080607 0.660917 -17.930962 0.315945 -0.018491 0.003760 0.999664 0.017748
1778754121.131804 0.607085 -17.928299 0.314546 -0.011122 0.002236 0.999415 0.032269
1778754121.190087 0.544225 -17.923189 0.311262 -0.007653 0.003895 0.998932 0.045390
1778754121.241339 0.518557 -17.919647 0.310545 -0.027389 0.011734 0.998174 0.052536
1778754121.290894 0.467401 -17.913187 0.316630 -0.028286 0.023656 0.997447 0.061150
1778754121.344503 0.411738 -17.904728 0.317103 -0.019742 0.017690 0.997062 0.071860
1778754121.401532 0.347342 -17.892494 0.306564 -0.021359 0.016136 0.997161 0.070386
1778754121.455992 0.341971 -17.895016 0.312191 -0.040745 0.008269 0.997406 0.058755
1778754121.505206 0.280583 -17.887365 0.318464 -0.036444 -0.000943 0.998719 0.035086
1778754121.556875 0.218975 -17.888723 0.308458 -0.031271 0.000042 0.999464 0.009715
1778754121.607951 0.169100 -17.888117 0.311183 -0.017155 -0.012476 0.999708 -0.011576
1778754121.662014 0.112595 -17.888763 0.314859 -0.018368 -0.011763 0.999181 -0.034086
1778754121.718087 0.066533 -17.895916 0.284280 -0.007917 -0.025132 0.998354 -0.050942
1778754121.768829 0.068070 -17.894588 0.293728 -0.017643 -0.024132 0.997440 -0.064956
1778754121.822012 0.025418 -17.899168 0.303241 -0.027981 -0.020338 0.996873 -0.071045
1778754121.878214 -0.034392 -17.908270 0.310016 -0.017078 -0.023249 0.996176 -0.082466
1778754121.947703 -0.102989 -17.918762 0.300021 -0.014766 -0.017043 0.995519 -0.091837
1778754121.987087 -0.145792 -17.923037 0.306889 -0.013949 -0.012803 0.994620 -0.101848
1778754122.039381 -0.198745 -17.931156 0.313181 -0.009014 -0.007835 0.994035 -0.108407
1778754122.093167 -0.258172 -17.942757 0.315302 0.003710 -0.008557 0.993780 -0.110973
1778754122.145243 -0.312532 -17.955631 0.303284 -0.001111 -0.018733 0.993368 -0.113441
1778754122.209864 -0.327728 -17.959122 0.310593 -0.023687 -0.011389 0.993351 -0.112090
1778754122.250307 -0.384951 -17.974604 0.316415 -0.013661 -0.012458 0.993348 -0.113656
1778754122.316275 -0.443465 -17.990332 0.315849 0.001622 -0.012511 0.992877 -0.118478
1778754122.359523 -0.507761 -18.001656 0.307553 -0.007839 -0.005696 0.992472 -0.122087
1778754122.413093 -0.515338 -17.996750 0.310829 -0.021236 -0.002622 0.991616 -0.127439
1778754122.465836 -0.560111 -18.009756 0.314105 -0.021495 -0.006986 0.991565 -0.127628
1778754122.521757 -0.618460 -18.028936 0.304863 -0.020971 -0.015689 0.991396 -0.128252
1778754122.574424 -0.662413 -18.040157 0.301906 -0.012882 -0.002978 0.991364 -0.130473
1778754122.630386 -0.695749 -18.051771 0.312270 -0.011971 -0.007485 0.991405 -0.130063
1778754122.688908 -0.738784 -18.063040 0.315777 -0.010809 -0.009277 0.990761 -0.134874
1778754122.734551 -0.782905 -18.074097 0.313223 -0.014216 -0.007338 0.989202 -0.145685
1778754122.787602 -0.822626 -18.088358 0.303999 -0.016878 -0.015446 0.986646 -0.161265
1778754122.844751 -0.854178 -18.092688 0.308835 -0.013017 -0.006149 0.982960 -0.183255
1778754122.895437 -0.883060 -18.102440 0.313308 -0.013039 -0.003549 0.977633 -0.209886
1778754122.948233 -0.910361 -18.115992 0.314412 -0.007995 -0.006105 0.971280 -0.237726
1778754123.001847 -0.940901 -18.132368 0.313682 -0.000514 -0.006259 0.962975 -0.269518
1778754123.058785 -0.971494 -18.155602 0.308252 -0.002724 -0.020389 0.954808 -0.296510
1778754123.108674 -0.994839 -18.173946 0.312041 -0.003568 -0.023479 0.948999 -0.314383
1778754123.160935 -1.015568 -18.195173 0.317302 0.003583 -0.028495 0.941325 -0.336279
1778754123.229641 -1.041111 -18.223965 0.317274 0.014492 -0.032783 0.929779 -0.366369
1778754123.273906 -1.067444 -18.246979 0.311664 0.014024 -0.023064 0.918748 -0.393921
1778754123.328480 -1.087971 -18.273218 0.312825 0.004741 -0.031328 0.903063 -0.428338
1778754123.381332 -1.107089 -18.289799 0.317300 0.003784 -0.023651 0.886712 -0.461701
1778754123.434772 -1.120333 -18.311279 0.317300 0.005071 -0.026114 0.868906 -0.494261
1778754123.487524 -1.132445 -18.333757 0.315109 0.006868 -0.027710 0.847601 -0.529866
1778754123.541013 -1.140535 -18.353533 0.310608 0.004305 -0.029159 0.824816 -0.564632
1778754123.593629 -1.143530 -18.373537 0.307916 0.003652 -0.021454 0.800663 -0.598720
1778754123.647597 -1.148273 -18.382807 0.310387 0.006094 -0.022294 0.774955 -0.631594
1778754123.697694 -1.150653 -18.393087 0.312515 0.006581 -0.026494 0.751067 -0.659661
1778754123.764626 -1.150596 -18.404997 0.313200 0.008065 -0.029123 0.726683 -0.686308
1778754123.805936 -1.150066 -18.416000 0.312904 0.001255 -0.026564 0.706686 -0.707027
1778754123.858628 -1.148933 -18.425051 0.313647 0.002734 -0.027060 0.688934 -0.724313
1778754123.912317 -1.147516 -18.433472 0.314703 0.003424 -0.029777 0.673479 -0.738598
1778754123.960926 -1.148359 -18.438902 0.315961 0.002052 -0.035688 0.661849 -0.748784
1778754124.015174 -1.150729 -18.442665 0.316010 0.003644 -0.034996 0.641891 -0.765988
1778754124.067869 -1.151769 -18.448887 0.312827 -0.000170 -0.026976 0.618564 -0.785271
1778754124.121398 -1.151611 -18.449265 0.310267 -0.000338 -0.034256 0.589809 -0.806816
1778754124.176811 -1.152212 -18.448645 0.308918 -0.006686 -0.024640 0.570115 -0.821168
1778754124.232915 -1.148940 -18.451519 0.307691 -0.008174 -0.020314 0.551637 -0.833797
1778754124.286994 -1.147477 -18.454437 0.304370 -0.009684 -0.015632 0.537076 -0.843333
1778754124.338419 -1.146161 -18.455809 0.304239 -0.011383 -0.011180 0.526693 -0.849906
1778754124.392500 -1.145572 -18.456373 0.304569 -0.012117 -0.008408 0.519898 -0.854101
1778754124.444235 -1.144696 -18.456161 0.304743 -0.012063 -0.006567 0.513414 -0.858031
1778754124.497659 -1.144550 -18.455542 0.304807 -0.013849 -0.004831 0.508731 -0.860800
1778754124.553334 -1.144884 -18.454586 0.304778 -0.014670 -0.002678 0.505172 -0.862890
1778754124.604633 -1.145340 -18.453640 0.304631 -0.015971 -0.001239 0.503018 -0.864127
1778754124.658747 -1.145987 -18.452700 0.304737 -0.017480 -0.000176 0.501525 -0.864967
1778754124.707032 -1.146669 -18.451992 0.304845 -0.018377 0.000434 0.500716 -0.865416
1778754124.761548 -1.147280 -18.451258 0.304764 -0.018644 0.000969 0.500478 -0.865548
1778754124.824319 -1.147784 -18.450405 0.304728 -0.018461 0.001477 0.500500 -0.865538
1778754124.893341 -1.148251 -18.449419 0.304746 -0.018242 0.001884 0.500693 -0.865431
1778754124.921509 -1.148653 -18.448385 0.304791 -0.017895 0.002098 0.500882 -0.865328
1778754124.975149 -1.148955 -18.447611 0.304804 -0.017747 0.002285 0.501363 -0.865052
1778754125.046367 -1.149117 -18.446857 0.304887 -0.017591 0.002287 0.501934 -0.864724
1778754125.102290 -1.149179 -18.446188 0.304979 -0.017355 0.002117 0.502585 -0.864351
1778754125.136104 -1.149179 -18.445555 0.305087 -0.017219 0.001959 0.503271 -0.863955
1778754125.192726 -1.148305 -18.446978 0.306532 -0.016077 0.001855 0.503328 -0.863944
1778754125.245929 -1.147130 -18.449165 0.307754 -0.015525 0.002906 0.500973 -0.865319
1778754125.296980 -1.145379 -18.453911 0.307862 -0.015466 0.002909 0.502512 -0.864427
1778754125.348367 -1.142703 -18.461798 0.308382 -0.017317 0.000869 0.508578 -0.860841
1778754125.401813 -1.139462 -18.468508 0.309324 -0.021435 0.001162 0.518768 -0.854646
1778754125.460199 -1.133528 -18.478048 0.311087 -0.023184 0.000648 0.530781 -0.847192
1778754125.508955 -1.125618 -18.492851 0.311454 -0.016174 -0.012002 0.549745 -0.835090
1778754125.561485 -1.118943 -18.510553 0.309630 -0.013759 -0.019064 0.567479 -0.823052
1778754125.614799 -1.112245 -18.528547 0.305256 -0.011133 -0.008380 0.581214 -0.813632
1778754125.667807 -1.106207 -18.543871 0.308241 -0.010298 -0.015512 0.594653 -0.803767
1778754125.726959 -1.100938 -18.563652 0.308816 -0.007765 -0.015147 0.605087 -0.795977
1778754125.775685 -1.096012 -18.585405 0.308240 -0.008439 -0.013618 0.612220 -0.790526
1778754125.827810 -1.091341 -18.613451 0.306906 -0.011101 -0.010766 0.617945 -0.786070
1778754125.881846 -1.085108 -18.638258 0.306256 -0.001401 -0.013566 0.623325 -0.781844
1778754125.934782 -1.083011 -18.660925 0.307947 0.000324 -0.009461 0.628123 -0.778057
1778754125.994444 -1.079333 -18.676334 0.310220 -0.005924 -0.007062 0.631160 -0.775598
1778754126.041389 -1.074742 -18.692389 0.311626 -0.008987 -0.009386 0.634542 -0.772779
1778754126.100914 -1.070191 -18.708780 0.311087 -0.009710 -0.015571 0.637003 -0.770643
1778754126.147625 -1.067595 -18.721344 0.310131 -0.013559 -0.011430 0.637889 -0.769924
1778754126.202168 -1.064455 -18.732637 0.310338 -0.014433 -0.007404 0.639227 -0.768847
1778754126.258848 -1.060176 -18.740257 0.307431 -0.012950 -0.009830 0.641420 -0.767018
1778754126.308273 -1.058254 -18.747049 0.305231 -0.010861 -0.009902 0.642463 -0.766176
1778754126.368719 -1.056572 -18.751438 0.305031 -0.008584 -0.010482 0.643037 -0.765715
1778754126.420356 -1.055353 -18.754070 0.305328 -0.007894 -0.011016 0.642718 -0.765983
1778754126.468131 -1.054362 -18.754843 0.305484 -0.007634 -0.011273 0.641779 -0.766769
1778754126.522475 -1.053932 -18.754782 0.305772 -0.005814 -0.011579 0.640614 -0.767754
1778754126.574468 -1.054104 -18.757107 0.305640 -0.006631 -0.010840 0.639969 -0.768296
1778754126.643706 -1.054453 -18.758821 0.305460 -0.005542 -0.011468 0.640735 -0.767656
1778754126.684391 -1.054953 -18.760839 0.306786 -0.005240 -0.011944 0.639473 -0.768703
1778754126.734619 -1.054351 -18.762007 0.307260 -0.004395 -0.012373 0.637713 -0.770162
1778754126.789233 -1.053683 -18.762259 0.307539 -0.003194 -0.012430 0.637387 -0.770437
1778754126.844446 -1.053081 -18.762285 0.307708 -0.002334 -0.012808 0.637075 -0.770692
1778754126.897791 -1.052742 -18.762297 0.307776 -0.001924 -0.012854 0.636747 -0.770963
1778754126.959529 -1.052708 -18.762337 0.307822 -0.001848 -0.012846 0.636453 -0.771207
1778754127.007343 -1.052795 -18.762388 0.307826 -0.001908 -0.012786 0.636367 -0.771278
1778754127.062240 -1.052787 -18.762396 0.307825 -0.001885 -0.012845 0.636344 -0.771296
1778754127.135889 -1.052701 -18.762341 0.307820 -0.001752 -0.012957 0.636195 -0.771418
1778754127.183962 -1.052643 -18.762280 0.307819 -0.001700 -0.012994 0.636129 -0.771471
1778754127.231046 -1.052610 -18.762207 0.307820 -0.001677 -0.013023 0.636080 -0.771511
1778754127.287328 -1.052672 -18.762190 0.307820 -0.001742 -0.012994 0.636053 -0.771534
1778754127.339911 -1.052749 -18.762070 0.307819 -0.001812 -0.012984 0.636000 -0.771577
1778754127.396193 -1.052720 -18.761889 0.307821 -0.001768 -0.013096 0.635856 -0.771695
1778754127.447186 -1.052752 -18.761715 0.307824 -0.001788 -0.013070 0.635794 -0.771746
1778754127.499049 -1.052757 -18.761547 0.307829 -0.001746 -0.013084 0.635822 -0.771723
1778754127.552855 -1.052822 -18.761438 0.307832 -0.001792 -0.013069 0.635812 -0.771732
1778754127.605977 -1.052859 -18.761297 0.307836 -0.001826 -0.013086 0.635737 -0.771793
1778754127.660830 -1.052868 -18.761086 0.307840 -0.001868 -0.013176 0.635608 -0.771898
1778754127.710753 -1.052924 -18.760771 0.307844 -0.001919 -0.013208 0.635563 -0.771933
1778754127.763073 -1.052956 -18.760809 0.307853 -0.001953 -0.013189 0.635626 -0.771882
1778754127.816994 -1.052607 -18.763128 0.307672 0.000528 -0.011321 0.635790 -0.771779
1778754127.870738 -1.050339 -18.768730 0.305832 0.003246 -0.010375 0.636467 -0.771228
1778754127.923973 -1.047618 -18.777588 0.305169 0.004940 -0.009975 0.636743 -0.770996
1778754127.977762 -1.045212 -18.788160 0.304642 0.002085 -0.009986 0.636159 -0.771491
1778754128.032652 -1.043172 -18.795620 0.304256 0.000342 -0.007238 0.635250 -0.772273
1778754128.087244 -1.039984 -18.808599 0.303460 0.001556 -0.006512 0.635181 -0.772335
1778754128.137906 -1.036271 -18.826103 0.302017 0.004462 -0.002432 0.638303 -0.769768
1778754128.193162 -1.033448 -18.844358 0.300723 0.002006 -0.000263 0.646894 -0.762578
1778754128.245442 -1.030720 -18.861332 0.299986 0.006173 -0.005077 0.659616 -0.751560
1778754128.299587 -1.031404 -18.878098 0.303694 0.008565 -0.003686 0.677011 -0.735914
1778754128.350967 -1.032683 -18.888737 0.308779 0.003521 -0.001874 0.696821 -0.717234
1778754128.404137 -1.034061 -18.898104 0.310799 -0.000137 0.004819 0.717768 -0.696266
1778754128.462435 -1.034385 -18.910189 0.311344 0.001626 0.002750 0.739562 -0.673081
1778754128.509755 -1.037313 -18.920040 0.311508 0.003521 -0.006066 0.755875 -0.654679
1778754128.572097 -1.039127 -18.929388 0.312817 0.005610 -0.005528 0.770008 -0.637985
1778754128.620173 -1.040846 -18.935930 0.312970 0.002592 -0.006171 0.781430 -0.623957
1778754128.675789 -1.040047 -18.943285 0.314087 -0.003303 -0.010664 0.795951 -0.605259
1778754128.734978 -1.039929 -18.948238 0.315554 -0.004705 -0.020422 0.813914 -0.580607
1778754128.781226 -1.042660 -18.951393 0.314099 -0.006423 -0.030092 0.832209 -0.553608
1778754128.842093 -1.045757 -18.954300 0.310865 -0.005743 -0.036963 0.849746 -0.525864
1778754128.887006 -1.048757 -18.956423 0.311006 -0.001831 -0.042822 0.867395 -0.495771
1778754128.943218 -1.050235 -18.957935 0.311170 0.000909 -0.043580 0.885922 -0.461782
1778754128.997383 -1.053442 -18.960741 0.311338 0.003160 -0.032566 0.906960 -0.419944
1778754129.051272 -1.050140 -18.962278 0.309888 0.009800 -0.041374 0.928447 -0.369024
1778754129.111923 -1.050450 -18.962130 0.311928 0.002207 -0.039971 0.949141 -0.312295
1778754129.155869 -1.056018 -18.961046 0.313783 -0.019261 -0.020223 0.969019 -0.245402
1778754129.205697 -1.058364 -18.969070 0.310488 -0.032029 0.002120 0.982811 -0.181803
1778754129.261311 -1.064104 -18.977400 0.310667 -0.020606 -0.000541 0.992895 -0.117197
1778754129.314273 -1.078998 -18.988319 0.305067 -0.012730 -0.020157 0.997856 -0.060958
1778754129.370143 -1.105105 -18.997957 0.315426 -0.020564 -0.018800 0.999595 -0.005738
1778754129.422144 -1.122775 -19.017118 0.317565 -0.014319 -0.051536 0.997464 0.046953
1778754129.473747 -1.151283 -19.017200 0.316000 0.000235 -0.057751 0.995336 0.077272
1778754129.527585 -1.183546 -19.023319 0.314107 0.024100 -0.048542 0.992745 0.107336
1778754129.580651 -1.221129 -19.019947 0.303476 0.024442 -0.015494 0.991673 0.125490
1778754129.643752 -1.251090 -19.005899 0.313392 0.007397 0.027719 0.989724 0.140084
1778754129.691519 -1.289443 -19.000988 0.323549 0.003888 0.025963 0.987009 0.158507
1778754129.745411 -1.329994 -18.983576 0.326862 0.006827 0.021261 0.984517 0.173860
1778754129.796428 -1.368509 -18.961424 0.322672 -0.002634 0.020616 0.983854 0.177763
1778754129.851617 -1.398387 -18.941675 0.314528 -0.026084 0.015663 0.984928 0.170266
1778754129.903545 -1.450790 -18.918688 0.311887 -0.028420 0.011908 0.987141 0.156856
1778754129.956854 -1.505007 -18.908035 0.302444 -0.026547 -0.001556 0.989033 0.145280
1778754130.013050 -1.550837 -18.883074 0.303680 -0.013104 0.005317 0.990750 0.134958
1778754130.065770 -1.605393 -18.869083 0.310321 -0.010813 0.002534 0.992810 0.119182
1778754130.118332 -1.662972 -18.854300 0.300572 -0.001517 -0.007901 0.995886 0.090259
1778754130.172601 -1.660706 -18.858454 0.301682 -0.019192 -0.028088 0.997940 0.054401
1778754130.224925 -1.719844 -18.846874 0.310335 -0.033399 -0.035866 0.998711 0.013256
1778754130.280584 -1.777812 -18.850538 0.317450 -0.027544 -0.031677 0.998576 -0.032925
1778754130.332887 -1.834360 -18.859409 0.307839 -0.016658 -0.051074 0.996119 -0.069718
1778754130.385838 -1.882922 -18.855844 0.311227 -0.010512 -0.028440 0.994160 -0.103570
1778754130.437508 -1.933378 -18.869184 0.295918 -0.002313 -0.033030 0.990407 -0.134158
1778754130.490821 -1.966807 -18.875181 0.291486 0.002569 -0.029703 0.986313 -0.162166
1778754130.552637 -1.951650 -18.866837 0.303650 -0.026911 -0.046551 0.983235 -0.174236
1778754130.598716 -2.010940 -18.886789 0.313364 -0.028695 -0.044258 0.980547 -0.189063
1778754130.651321 -2.068317 -18.909508 0.300424 -0.024738 -0.036710 0.977648 -0.205537
1778754130.704499 -2.112749 -18.934254 0.301259 -0.009295 -0.051429 0.974985 -0.216040
1778754130.779538 -2.167617 -18.952295 0.308725 -0.010554 -0.024447 0.972876 -0.229790
1778754130.828183 -2.220863 -18.986629 0.296286 0.000773 -0.026394 0.971174 -0.236903
1778754130.878385 -2.267473 -19.005117 0.302542 -0.007833 -0.019647 0.968877 -0.246638
1778754130.938924 -2.306242 -19.036701 0.309715 -0.014265 -0.030694 0.968153 -0.248062
1778754130.986779 -2.359058 -19.067533 0.314740 -0.004173 -0.035044 0.966345 -0.254819
1778754131.053831 -2.413537 -19.100637 0.314594 0.006398 -0.029617 0.964434 -0.262583
1778754131.093641 -2.460545 -19.128067 0.309604 -0.010733 -0.022304 0.963137 -0.267869
1778754131.147069 -2.515045 -19.162653 0.315857 -0.016225 -0.012365 0.961754 -0.273153
1778754131.202197 -2.563888 -19.192932 0.318091 -0.008464 -0.014035 0.961361 -0.274801
1778754131.255393 -2.623662 -19.226166 0.304833 -0.002911 -0.017979 0.960562 -0.277467
1778754131.332925 -2.620153 -19.226503 0.311483 -0.018073 -0.020634 0.960467 -0.277041
1778754131.469610 -2.668972 -19.255953 0.316399 -0.013903 -0.023166 0.959809 -0.279352
1778754131.945628 -2.724009 -19.290348 0.316249 -0.005790 -0.020443 0.958636 -0.283843
1778754131.949768 -2.834695 -19.346764 0.312339 -0.020546 -0.009784 0.957048 -0.289035
1778754132.087758 -2.876802 -19.375757 0.312807 -0.011349 -0.010516 0.957351 -0.288514
1778754132.089348 -2.927953 -19.414869 0.298836 -0.005373 -0.018513 0.957213 -0.288741
1778754132.120253 -2.957639 -19.432249 0.307691 -0.009513 -0.014946 0.957548 -0.287729
1778754132.124442 -2.992208 -19.456987 0.313233 -0.010779 -0.012885 0.957791 -0.286976
1778754132.137073 -3.030763 -19.479111 0.314204 -0.017215 -0.013062 0.956805 -0.289927
1778754132.176607 -3.064124 -19.496933 0.306933 -0.021677 -0.016334 0.956447 -0.290643
1778754132.189593 -3.093529 -19.509539 0.309743 -0.021850 -0.016998 0.955561 -0.293491
1778754132.223101 -3.112330 -19.522253 0.312215 -0.017695 -0.024635 0.955304 -0.294065
1778754132.227095 -3.137543 -19.534859 0.314975 -0.021012 -0.015613 0.954530 -0.296965
1778754132.263355 -3.150722 -19.544863 0.313908 -0.024342 -0.017900 0.954010 -0.298248
1778754132.294177 -3.164138 -19.554836 0.313048 -0.025530 -0.015944 0.955303 -0.294092
1778754132.338618 -3.181331 -19.566195 0.313852 -0.022320 -0.012808 0.960826 -0.275957
1778754132.342791 -3.200455 -19.575668 0.313919 -0.022012 -0.010253 0.968248 -0.248809
1778754132.349828 -3.223828 -19.581827 0.315541 -0.013116 -0.017432 0.978218 -0.206433
1778754132.394645 -3.248019 -19.593012 0.318396 -0.011207 -0.031287 0.987594 -0.153473
1778754132.443832 -3.275276 -19.598227 0.319811 -0.010081 -0.034782 0.994646 -0.096785
1778754132.498050 -3.312611 -19.597794 0.315653 -0.009532 -0.034923 0.998224 -0.047320
1778754132.548289 -3.350033 -19.595688 0.303244 -0.016904 -0.015244 0.999730 -0.004708
1778754132.607957 -3.389347 -19.596279 0.311598 -0.035455 -0.000141 0.999056 0.025083
1778754132.656698 -3.427946 -19.591679 0.319800 -0.019533 0.004577 0.998089 0.058441
1778754132.710056 -3.469716 -19.583504 0.320681 -0.005933 -0.000177 0.996300 0.085740
1778754132.766847 -3.522901 -19.567671 0.315849 -0.012759 0.005422 0.993853 0.109833
1778754132.817940 -3.559740 -19.555309 0.315346 -0.016167 0.013743 0.991107 0.131368
1778754132.878603 -3.604668 -19.543299 0.316372 -0.003583 0.006390 0.989087 0.147149
1778754132.925093 -3.659940 -19.525490 0.315310 0.010301 0.003288 0.987351 0.158183
1778754132.977321 -3.721452 -19.499186 0.305597 0.002192 0.019282 0.985880 0.166323
1778754133.034004 -3.770673 -19.484196 0.311113 -0.015066 0.022860 0.984758 0.171762
1778754133.083353 -3.821164 -19.463049 0.315017 -0.011319 0.019038 0.983041 0.182043
1778754133.139511 -3.873710 -19.439251 0.311260 -0.005567 0.006056 0.981613 0.190705
1778754133.187132 -3.914221 -19.416891 0.308068 -0.010145 0.015800 0.980178 0.197229
1778754133.243431 -3.964123 -19.399483 0.312179 -0.006010 0.007967 0.978297 0.206967
1778754133.296682 -4.018844 -19.375013 0.314784 0.004029 -0.001509 0.977867 0.209184
1778754133.352924 -4.078866 -19.348976 0.308818 0.006314 -0.004273 0.977462 0.210973
1778754133.407725 -4.114127 -19.333622 0.306938 -0.005365 -0.002063 0.977468 0.211006
1778754133.469417 -4.174206 -19.305361 0.313043 -0.002680 0.001730 0.977055 0.212961
1778754133.514688 -4.227712 -19.280495 0.315938 0.006136 -0.008149 0.976001 0.217529
1778754133.565496 -4.281443 -19.248209 0.309883 0.002123 -0.006072 0.975888 0.218176
1778754133.617668 -4.322177 -19.232319 0.311125 -0.005726 -0.000874 0.973827 0.227218
1778754133.671249 -4.368469 -19.208481 0.313806 0.005220 -0.008420 0.969610 0.244456
1778754133.723688 -4.418861 -19.183842 0.313792 0.021389 -0.016668 0.962121 0.271270
1778754133.781929 -4.460698 -19.149609 0.301403 0.020693 0.002706 0.954003 0.299071
1778754133.829711 -4.483467 -19.126328 0.310278 0.003553 0.025842 0.947007 0.320154
1778754133.886351 -4.529469 -19.090034 0.317369 0.006394 0.019792 0.938791 0.343860
1778754133.937958 -4.575851 -19.045441 0.309373 0.004500 0.004116 0.931437 0.363853
1778754133.987972 -4.601696 -19.011581 0.308366 0.010457 0.022153 0.926153 0.376352
1778754134.044860 -4.635180 -18.978292 0.310741 0.015645 0.012679 0.919190 0.393299
1778754134.097852 -4.676623 -18.935247 0.314013 0.023784 -0.001705 0.910339 0.413176
1778754134.151810 -4.713861 -18.884600 0.304242 0.026905 -0.005078 0.895448 0.444323
1778754134.204295 -4.742875 -18.836687 0.315115 0.019279 0.031131 0.881152 0.471414
1778754134.257664 -4.771825 -18.787640 0.321408 0.025447 0.026082 0.862976 0.503930
1778754134.311345 -4.795948 -18.738020 0.306275 0.020518 0.010060 0.846355 0.532129
1778754134.364116 -4.801039 -18.700565 0.302694 0.038083 0.040907 0.832909 0.550580
1778754134.417662 -4.816103 -18.665169 0.308954 0.031085 0.024835 0.820120 0.570807
1778754134.472144 -4.834891 -18.611584 0.312281 0.033302 0.009456 0.810937 0.584109
1778754134.524126 -4.860645 -18.539215 0.304374 0.028929 0.001926 0.801828 0.596852
1778754134.580410 -4.874228 -18.493242 0.311015 0.023088 0.015198 0.797123 0.603183
1778754134.630101 -4.888775 -18.438429 0.316449 0.021885 0.014262 0.791135 0.611084
1778754134.692456 -4.902123 -18.381935 0.319994 0.022676 0.000823 0.783810 0.620587
1778754134.737220 -4.908113 -18.327635 0.308805 0.012758 0.013068 0.778414 0.627486
1778754134.796144 -4.925775 -18.272581 0.305473 0.008758 0.010160 0.771767 0.635764
1778754134.846044 -4.936780 -18.220505 0.307581 0.018173 -0.005166 0.769385 0.638507
1778754134.900591 -4.949313 -18.161036 0.311541 0.023337 -0.015815 0.768232 0.639551
1778754134.956866 -4.956548 -18.109489 0.305981 0.014725 0.002681 0.767997 0.640278
1778754135.009799 -4.966918 -18.051085 0.310715 0.018068 0.011646 0.767170 0.641084
1778754135.063678 -4.974859 -17.995659 0.314976 0.021355 0.002403 0.764195 0.644627
1778754135.120761 -4.982926 -17.928421 0.317143 0.021808 -0.008385 0.761857 0.647324
1778754135.174442 -4.991495 -17.899570 0.310119 0.009149 0.010216 0.752764 0.658148
1778754135.227559 -4.996290 -17.847120 0.313730 0.011521 0.001036 0.736094 0.676781
1778754135.276570 -5.002851 -17.790215 0.316198 0.016301 -0.020942 0.717685 0.695862
1778754135.330067 -5.005802 -17.729073 0.296248 0.027312 -0.031112 0.701282 0.711681
1778754135.384344 -4.997858 -17.675377 0.302517 0.023986 0.009178 0.694348 0.719181
1778754135.438453 -4.995900 -17.619753 0.307043 0.022298 0.013725 0.684735 0.728322
1778754135.488156 -4.989229 -17.565130 0.311919 0.028124 0.004806 0.672165 0.739852
1778754135.540051 -4.975707 -17.501753 0.310709 0.026143 -0.006272 0.661646 0.749334
1778754135.594859 -4.964084 -17.457317 0.305555 0.012790 0.006136 0.659583 0.751498
1778754135.647374 -4.955438 -17.393007 0.309935 0.011654 0.001625 0.666916 0.745040
1778754135.700558 -4.952545 -17.332327 0.317133 0.015485 -0.006667 0.682248 0.730927
1778754135.756275 -4.955728 -17.271498 0.307867 0.003375 -0.021559 0.695016 0.718663
1778754135.805317 -4.947534 -17.211941 0.313289 0.011155 -0.007781 0.707494 0.706589
1778754135.861230 -4.952315 -17.160818 0.313564 0.006293 -0.017404 0.714911 0.698971
1778754135.912137 -4.954999 -17.102396 0.289664 0.003603 -0.022891 0.723161 0.690291
1778754135.968221 -4.955195 -17.096159 0.303660 -0.015687 -0.010760 0.726382 0.687028
1778754136.021748 -4.960869 -17.037090 0.310160 -0.017359 -0.016733 0.730963 0.681991
1778754136.076450 -4.969282 -16.975733 0.313609 -0.008519 -0.025003 0.737608 0.674713
1778754136.129894 -4.980546 -16.907078 0.302304 -0.007179 -0.021144 0.741648 0.670418
1778754136.180659 -4.985259 -16.861458 0.301062 -0.001223 -0.012895 0.739818 0.672683
1778754136.240383 -4.989347 -16.811670 0.304258 0.010405 -0.021158 0.728682 0.684446
1778754136.289904 -4.981557 -16.740463 0.299165 0.017265 -0.035172 0.702805 0.710303
1778754136.339735 -4.977666 -16.684834 0.273560 0.058922 -0.026738 0.687383 0.723408
1778754136.393002 -4.976493 -16.636076 0.283244 0.045231 -0.029005 0.670195 0.740238
1778754136.446559 -4.961535 -16.583883 0.274356 0.057769 -0.013755 0.654606 0.753635
1778754136.511370 -4.959812 -16.566858 0.264169 0.046822 -0.027006 0.638644 0.767601
1778754136.552426 -4.944540 -16.505024 0.271405 0.064224 -0.020182 0.627682 0.775553
1778754136.603916 -4.936551 -16.455076 0.286427 0.059575 -0.000414 0.625901 0.777624
1778754136.659323 -4.926363 -16.407619 0.300547 0.055096 -0.005368 0.619176 0.783299
1778754136.709924 -4.907584 -16.352608 0.307928 0.053738 -0.009687 0.613724 0.787630
1778754136.773165 -4.894065 -16.302496 0.308429 0.028737 0.010135 0.605688 0.795118
1778754136.821039 -4.876647 -16.247561 0.312045 0.022073 0.004471 0.601296 0.798709
1778754136.873681 -4.860233 -16.187696 0.316342 0.021575 -0.003211 0.599232 0.800278
1778754136.935373 -4.839175 -16.116434 0.305735 0.019888 0.002360 0.596791 0.802147
1778754136.979962 -4.822239 -16.104418 0.306694 0.007349 0.044127 0.596891 0.801075
1778754137.041953 -4.808952 -16.049047 0.317236 -0.001693 0.054669 0.595586 0.801428
1778754137.088219 -4.789449 -15.995010 0.292022 -0.003036 0.061658 0.592415 0.803265
1778754137.140218 -4.801622 -16.019329 0.302040 -0.002909 0.056717 0.589903 0.805474
1778754137.195093 -4.781362 -15.967237 0.301453 -0.003223 0.055633 0.573932 0.817005
1778754137.248687 -4.758176 -15.904546 0.300250 -0.005977 0.038639 0.551647 0.833161
1778754137.300540 -4.746000 -15.878153 0.302085 -0.000604 0.029596 0.519252 0.854109
1778754137.356091 -4.711086 -15.816298 0.308484 0.012011 0.044337 0.479802 0.876173
1778754137.418952 -4.678942 -15.767381 0.311011 -0.005850 0.041156 0.429205 0.902250
1778754137.460059 -4.640958 -15.732322 0.307355 0.025799 0.050890 0.372143 0.926420
1778754137.513294 -4.626810 -15.698928 0.305970 0.028436 0.024522 0.310845 0.949719
1778754137.574217 -4.589252 -15.661088 0.291223 0.032040 0.010037 0.265916 0.963411
1778754137.620926 -4.538080 -15.649126 0.296113 0.054056 0.018433 0.230006 0.971512
1778754137.695929 -4.491046 -15.614161 0.309050 0.055788 0.048315 0.207187 0.975514
1778754137.727681 -4.445511 -15.593031 0.318217 0.052348 0.043526 0.178490 0.981584
1778754137.784762 -4.387037 -15.575644 0.314527 0.032079 0.036439 0.150214 0.987461
1778754137.835668 -4.342757 -15.570702 0.298578 0.062530 0.025184 0.132175 0.988932
1778754137.888308 -4.300690 -15.552666 0.301894 0.033472 0.013516 0.113708 0.992858
1778754137.941180 -4.243961 -15.539712 0.304439 0.023775 -0.000912 0.099919 0.994711
1778754137.993479 -4.202637 -15.534095 0.301734 0.019186 0.002420 0.088742 0.995867
1778754138.051660 -4.138752 -15.520120 0.311083 0.026121 0.012553 0.093904 0.995160
1778754138.110269 -4.086724 -15.509470 0.317129 0.020547 0.004299 0.103757 0.994381
1778754138.153639 -4.025947 -15.501208 0.298885 0.021022 -0.010678 0.127742 0.991527
1778754138.205857 -3.996417 -15.485579 0.306241 -0.009311 0.007427 0.158408 0.987302
1778754138.259982 -3.939935 -15.466056 0.317427 -0.011866 0.014620 0.195820 0.980459
1778754138.315753 -3.884267 -15.438600 0.325519 -0.008378 0.004936 0.230390 0.973050
1778754138.362572 -3.838305 -15.405757 0.311876 -0.030774 -0.010680 0.252907 0.966942
1778754138.417188 -3.783909 -15.386310 0.317334 -0.012689 -0.007099 0.278550 0.960312
1778754138.476346 -3.747459 -15.353799 0.308912 -0.027230 -0.013999 0.298429 0.953941
1778754138.521839 -3.716885 -15.337646 0.295322 -0.022856 -0.011124 0.317032 0.948074
1778754138.577704 -3.704869 -15.318854 0.309300 -0.029831 -0.003805 0.308998 0.950587
1778754138.630406 -3.664165 -15.294518 0.309223 -0.029186 -0.005508 0.293470 0.955507
1778754138.683687 -3.621319 -15.259097 0.306348 -0.028334 -0.019364 0.269449 0.962403
1778754138.748425 -3.575656 -15.237684 0.293915 -0.013771 -0.020453 0.239079 0.970687
1778754138.793741 -3.554415 -15.235548 0.303844 0.005900 0.016088 0.218650 0.975653
1778754138.855417 -3.505739 -15.210171 0.313432 0.009422 0.013836 0.194675 0.980725
1778754138.899995 -3.446739 -15.184418 0.317544 -0.005463 0.006595 0.171813 0.985092
1778754138.956487 -3.394701 -15.170218 0.306156 0.028954 0.003905 0.144949 0.989008
1778754139.007381 -3.361527 -15.150641 0.312823 0.010161 -0.000552 0.103470 0.994581
1778754139.058943 -3.311140 -15.133727 0.310317 0.000631 -0.017060 0.069055 0.997467
1778754139.117759 -3.247396 -15.120522 0.296940 0.001060 -0.027808 0.039972 0.998813
1778754139.170214 -3.210397 -15.132590 0.300753 0.038885 0.015221 0.027858 0.998739
1778754139.231494 -3.152507 -15.125930 0.311761 0.031707 0.019792 0.006013 0.999283
1778754139.287588 -3.096943 -15.129437 0.314017 0.019506 0.009716 -0.013317 0.999674
1778754139.336942 -3.043638 -15.139769 0.310008 0.027097 0.017496 -0.020493 0.999270
1778754139.396713 -3.006790 -15.136783 0.308326 0.010924 0.024368 -0.014641 0.999536
1778754139.446711 -2.949828 -15.135903 0.313248 0.005009 0.012914 0.007072 0.999879
1778754139.504057 -2.886561 -15.114896 0.310043 -0.016395 0.007046 0.041332 0.998986
1778754139.553226 -2.835453 -15.125068 0.317121 0.001212 0.005833 0.078432 0.996902
1778754139.606707 -2.787638 -15.112700 0.318179 -0.004771 0.005182 0.106517 0.994286
1778754139.660966 -2.731299 -15.097849 0.291983 -0.010837 -0.006788 0.133576 0.990956
1778754139.712808 -2.711226 -15.092926 0.301157 -0.023239 0.013264 0.147806 0.988654
1778754139.777109 -2.651039 -15.075026 0.308924 -0.025415 0.011069 0.162022 0.986398
1778754139.825333 -2.593367 -15.051054 0.304789 -0.025509 -0.002697 0.179652 0.983396
1778754139.879602 -2.566294 -15.044182 0.304432 -0.029353 -0.000887 0.192026 0.980950
1778754139.936355 -2.515628 -15.027081 0.309542 -0.010286 0.003658 0.204697 0.978765
1778754139.998852 -2.460882 -15.000366 0.313691 -0.013303 -0.003022 0.211896 0.977197
1778754140.049937 -2.392709 -14.971516 0.306031 -0.017719 -0.002810 0.220763 0.975163
1778754140.100589 -2.380013 -14.957184 0.308497 -0.025137 0.010496 0.222551 0.974540
1778754140.161009 -2.324851 -14.928815 0.312428 -0.024310 0.002296 0.226739 0.973649
1778754140.210810 -2.270518 -14.899449 0.311314 -0.018897 -0.009394 0.235160 0.971728
1778754140.270530 -2.218121 -14.880856 0.305794 -0.010794 0.005646 0.241307 0.970373
1778754140.323387 -2.174085 -14.858020 0.312202 0.001740 0.010507 0.246562 0.969068
1778754140.379076 -2.121616 -14.828814 0.319248 -0.000558 0.004686 0.248117 0.968719
1778754140.432119 -2.060598 -14.797162 0.309802 -0.007787 0.000775 0.245092 0.969468
1778754140.489604 -2.029720 -14.775296 0.313970 -0.003177 0.014496 0.227411 0.973686
1778754140.539559 -1.979645 -14.749353 0.315592 -0.010930 0.003469 0.200268 0.979674
1778754140.594118 -1.932233 -14.725505 0.309525 -0.011499 -0.018532 0.166133 0.985862
1778754140.647740 -1.864693 -14.715611 0.301631 0.012638 -0.013469 0.126747 0.991763
1778754140.703886 -1.813588 -14.702332 0.312511 0.029794 0.012326 0.085499 0.995816
1778754140.754133 -1.757149 -14.689447 0.321726 0.021649 0.008155 0.037910 0.999013
1778754140.813111 -1.696765 -14.689492 0.312480 0.014103 0.017995 -0.001395 0.999738
1778754140.863329 -1.650085 -14.686193 0.308467 0.032006 0.008556 -0.035078 0.998835
1778754140.929753 -1.594812 -14.686810 0.312342 0.017422 0.000200 -0.065176 0.997722
1778754140.984712 -1.530040 -14.692962 0.309371 0.017543 -0.004832 -0.076696 0.996889
1778754141.030959 -1.524623 -14.690309 0.306949 0.015644 0.007149 -0.065148 0.997727
1778754141.084221 -1.471708 -14.697443 0.317941 0.018204 0.009019 -0.044057 0.998823
1778754141.137220 -1.419553 -14.702751 0.319739 0.014323 -0.004279 -0.028682 0.999477
1778754141.189689 -1.377172 -14.706001 0.310273 0.003908 -0.007154 -0.015801 0.999842
1778754141.246329 -1.345975 -14.710056 0.310330 0.008782 0.023657 -0.012290 0.999606
1778754141.297024 -1.288503 -14.709576 0.314922 -0.000704 0.015202 -0.002944 0.999880
1778754141.354671 -1.224486 -14.709869 0.307024 -0.002744 0.003043 0.008209 0.999958
1778754141.404097 -1.173053 -14.713579 0.308964 -0.003210 0.012771 0.017212 0.999765
1778754141.460410 -1.108951 -14.709161 0.313857 0.008531 0.013980 0.025837 0.999532
1778754141.508675 -1.047205 -14.705806 0.315729 0.002647 0.005950 0.028986 0.999559
1778754141.563473 -0.984888 -14.705994 0.300598 -0.000991 0.000633 0.033146 0.999450
1778754141.618986 -0.962286 -14.698826 0.306967 -0.005885 0.022717 0.033721 0.999156
1778754141.669460 -0.903814 -14.694586 0.314487 -0.007486 0.016484 0.036900 0.999155
1778754141.726190 -0.841341 -14.688086 0.316457 -0.007272 0.002269 0.043223 0.999036
1778754141.773119 -0.771867 -14.682760 0.308348 -0.006385 0.006148 0.045939 0.998905
1778754141.825762 -0.735127 -14.678967 0.312105 -0.000149 0.015267 0.051104 0.998577
1778754141.882639 -0.680882 -14.673261 0.315480 -0.001069 0.009504 0.051810 0.998611
1778754141.934641 -0.616838 -14.666526 0.316616 -0.008182 0.000386 0.052563 0.998584
1778754141.991430 -0.596108 -14.665739 0.308063 -0.005562 0.009443 0.054191 0.998470
1778754142.039545 -0.551004 -14.660041 0.312959 -0.007383 0.008888 0.051329 0.998615
1778754142.093124 -0.494633 -14.651579 0.316195 -0.010092 -0.004517 0.054849 0.998433
1778754142.150568 -0.427505 -14.640839 0.302950 -0.007880 -0.013288 0.058747 0.998153
1778754142.203236 -0.375663 -14.638162 0.308420 -0.001587 0.006922 0.063630 0.997948
1778754142.265323 -0.319176 -14.628439 0.313298 0.002176 0.008008 0.079144 0.996829
1778754142.311100 -0.261171 -14.618835 0.316429 -0.000543 -0.004154 0.105441 0.994417
1778754142.361588 -0.204545 -14.608232 0.298821 0.001361 -0.015150 0.137788 0.990345
1778754142.412698 -0.162375 -14.584290 0.310571 -0.020798 0.012642 0.163484 0.986246
1778754142.466671 -0.107362 -14.570089 0.316649 -0.017547 0.014542 0.183433 0.982768
1778754142.521546 -0.049107 -14.546224 0.319768 -0.016194 0.001422 0.191585 0.981341
1778754142.571780 0.018522 -14.517975 0.309871 -0.016174 -0.001448 0.179918 0.983548
1778754142.625075 0.021176 -14.509868 0.312227 -0.010350 -0.000900 0.160491 0.986983
1778754142.682913 0.077933 -14.489053 0.316819 -0.017023 -0.005344 0.126093 0.991858
1778754142.736451 0.135569 -14.479647 0.304357 0.000548 -0.003606 0.082365 0.996596
1778754142.788208 0.159493 -14.476010 0.310424 0.007037 -0.009074 0.026874 0.999573
1778754142.842072 0.219657 -14.458438 0.307836 -0.002752 -0.016041 -0.038208 0.999137
1778754142.895588 0.261461 -14.459232 0.292749 -0.002619 -0.036345 -0.097092 0.994608
1778754142.947263 0.293559 -14.476302 0.305563 0.052508 -0.012672 -0.145295 0.987913
1778754142.999647 0.347225 -14.486018 0.323233 0.043611 -0.012261 -0.212397 0.976133
1778754143.053687 0.388732 -14.511328 0.331572 0.032873 -0.006440 -0.278115 0.959964
1778754143.104896 0.431415 -14.533054 0.317499 0.050211 -0.001963 -0.336669 0.940281
1778754143.158189 0.460172 -14.547011 0.312751 0.029989 -0.004533 -0.383417 0.923077
1778754143.211617 0.500648 -14.569648 0.299570 0.012299 -0.012457 -0.419048 0.907796
1778754143.259945 0.533362 -14.624665 0.320622 0.026490 -0.029553 -0.443411 0.895440
1778754143.312139 0.568036 -14.660944 0.326044 0.061204 -0.017290 -0.462229 0.884477
1778754143.369459 0.595269 -14.702390 0.327687 0.062480 -0.016772 -0.483284 0.873070
1778754143.434669 0.618893 -14.753662 0.325368 0.047815 -0.013831 -0.504185 0.862160
1778754143.472760 0.628288 -14.786890 0.313777 0.057703 -0.003227 -0.519059 0.852783
1778754143.529318 0.636518 -14.814815 0.311383 0.041983 0.001335 -0.535393 0.843558
1778754143.581188 0.660936 -14.873418 0.311725 0.029507 -0.004326 -0.544204 0.838423
1778754143.636296 0.682649 -14.921235 0.304868 0.019633 0.002815 -0.554294 0.832084
1778754143.686120 0.684228 -14.942056 0.311401 0.038097 -0.002303 -0.556419 0.830025
1778754143.736737 0.703671 -14.993437 0.316429 0.033457 -0.001536 -0.565288 0.824213
1778754143.791389 0.722755 -15.056004 0.300203 0.025829 -0.000272 -0.572386 0.819578
1778754143.857373 0.723021 -15.051521 0.306910 0.031455 0.016199 -0.577915 0.815329
1778754143.896693 0.743486 -15.107459 0.312871 0.020730 0.010549 -0.581800 0.812999
1778754143.953457 0.763941 -15.162928 0.314837 0.006110 0.002125 -0.582977 0.812463
1778754144.003513 0.790751 -15.234274 0.305334 0.003894 0.002021 -0.584998 0.811023
1778754144.054837 0.785153 -15.233609 0.311872 0.018713 0.007696 -0.583206 0.812072
1778754144.110620 0.803222 -15.285983 0.317669 0.018674 0.007537 -0.585468 0.810446
1778754144.175764 0.821497 -15.344596 0.317618 0.007896 0.006253 -0.587400 0.809234
1778754144.216738 0.824104 -15.361483 0.307522 0.014430 0.010634 -0.588459 0.808329
1778754144.271056 0.837816 -15.399488 0.311993 0.009356 0.016504 -0.592906 0.805048
1778754144.326297 0.857516 -15.453351 0.314581 -0.002783 0.009216 -0.592491 0.805520
1778754144.376117 0.874760 -15.517932 0.303193 -0.006890 0.000309 -0.593668 0.804681
1778754144.429147 0.886933 -15.571450 0.307462 0.010783 0.006273 -0.604477 0.796525
1778754144.485465 0.903740 -15.627877 0.314769 0.012875 0.005329 -0.624044 0.781265
1778754144.537128 0.912804 -15.683769 0.319449 0.005960 0.011026 -0.654476 0.755979
1778754144.593572 0.909113 -15.737962 0.312151 0.025775 -0.005488 -0.687311 0.725885
1778754144.639354 0.925558 -15.779838 0.312477 0.014233 -0.002005 -0.727526 0.685930
1778754144.694734 0.930358 -15.826973 0.301415 0.001216 -0.004309 -0.756201 0.654324
1778754144.741465 0.926784 -15.880355 0.291451 -0.010985 -0.015267 -0.776840 0.629417
1778754144.795714 0.909694 -15.892987 0.296465 0.057858 -0.030127 -0.783658 0.617759
1778754144.850593 0.902699 -15.942327 0.314303 0.063279 -0.018826 -0.797509 0.599684
1778754144.904408 0.886708 -15.988938 0.318041 0.050974 -0.014173 -0.812338 0.580782
1778754144.956378 0.857195 -16.043482 0.309749 0.056880 -0.010866 -0.823426 0.564461
1778754145.009177 0.846137 -16.081755 0.309115 0.048188 -0.008903 -0.833676 0.550075
1778754145.062661 0.824713 -16.129929 0.312311 0.027844 -0.009660 -0.841110 0.540061
1778754145.127217 0.798038 -16.187464 0.313747 0.013276 -0.011658 -0.846151 0.532651
1778754145.182706 0.789900 -16.202930 0.306340 0.018050 -0.005267 -0.850130 0.526237
1778754145.221418 0.766788 -16.243776 0.313201 0.030615 -0.012533 -0.852453 0.521756
1778754145.278327 0.740244 -16.294313 0.316273 0.026022 -0.009019 -0.856869 0.514798
1778754145.330197 0.704431 -16.351120 0.308007 0.022983 -0.001241 -0.859751 0.510195
1778754145.389537 0.702344 -16.362009 0.311165 0.026983 0.000954 -0.863418 0.503766
1778754145.436289 0.673892 -16.410757 0.316092 0.013052 -0.001225 -0.866115 0.499673
1778754145.496644 0.643485 -16.464180 0.316715 0.000330 -0.006501 -0.866630 0.498910
1778754145.542563 0.611508 -16.519569 0.311397 0.010329 -0.004543 -0.867176 0.497874
1778754145.597742 0.587089 -16.566908 0.313912 0.024683 -0.004642 -0.867313 0.497129
1778754145.649930 0.554689 -16.616745 0.317622 0.019622 -0.001105 -0.876988 0.480109
1778754145.702673 0.515895 -16.666117 0.310489 0.012982 0.013466 -0.891120 0.453383
1778754145.758948 0.488670 -16.688929 0.312407 0.021432 -0.011516 -0.909955 0.413993
1778754145.811363 0.461135 -16.730188 0.313437 0.010083 0.001432 -0.930736 0.365551
1778754145.862977 0.425444 -16.768171 0.296207 -0.011559 -0.000175 -0.948139 0.317646
1778754145.921324 0.393636 -16.776426 0.301241 0.016121 -0.041951 -0.961498 0.271111
1778754145.970172 0.341920 -16.811592 0.314485 0.039717 -0.052649 -0.973780 0.217721
1778754146.024117 0.294474 -16.826031 0.320641 0.033443 -0.049338 -0.987256 0.147559
1778754146.074564 0.232953 -16.834467 0.318411 0.042686 -0.044166 -0.995337 0.074374
1778754146.128600 0.207710 -16.838770 0.318603 0.038022 -0.037616 -0.998569 0.000155
1778754146.190154 0.166192 -16.858459 0.319116 0.023453 -0.011761 -0.997262 -0.069144
1778754146.237009 0.129333 -16.829866 0.298346 -0.003903 -0.011346 -0.990637 -0.135997
1778754146.292491 0.082282 -16.802689 0.305386 0.029646 -0.074380 -0.981713 -0.172706
1778754146.342872 0.029479 -16.796837 0.321704 0.037113 -0.063357 -0.973852 -0.214992
1778754146.398723 -0.016873 -16.776150 0.314035 0.044780 -0.035083 -0.965372 -0.254598
1778754146.449509 -0.054232 -16.749971 0.306317 0.030386 -0.057731 -0.955442 -0.287881
1778754146.507151 -0.080527 -16.739105 0.303045 0.020031 -0.040268 -0.948256 -0.314304
1778754146.554323 -0.132847 -16.710955 0.299365 0.013617 -0.021201 -0.941956 -0.334791
1778754146.604550 -0.166492 -16.687187 0.301059 0.011972 -0.014749 -0.941458 -0.336596
1778754146.660936 -0.180134 -16.673738 0.311920 0.015169 -0.023101 -0.947933 -0.317270
1778754146.709599 -0.216030 -16.648510 0.319681 0.007906 -0.015256 -0.954645 -0.297251
1778754146.763015 -0.261728 -16.611620 0.309723 -0.012792 -0.008886 -0.963530 -0.267148
1778754146.817154 -0.272713 -16.607794 0.307761 0.018676 0.014203 -0.972396 -0.232154
1778754146.870233 -0.323328 -16.576853 0.322247 0.034371 0.013930 -0.981954 -0.185451
1778754146.926996 -0.365107 -16.560871 0.314691 0.035166 0.011553 -0.990774 -0.130376
1778754146.975691 -0.403171 -16.560555 0.320764 0.022132 0.060661 -0.995789 -0.065073
1778754147.029298 -0.451184 -16.547348 0.326850 0.013636 0.044973 -0.998875 0.006373
1778754147.085107 -0.415943 -16.572493 0.297612 0.014756 0.043612 -0.996360 0.071749
1778754147.141102 -0.421370 -16.604067 0.311463 0.030065 0.087754 -0.986947 0.131645
1778754147.192867 -0.480413 -16.606627 0.307229 0.053916 0.072735 -0.980853 0.172425
1778754147.249564 -0.537432 -16.619566 0.300882 0.034830 0.037218 -0.976751 0.208227
1778754147.307194 -0.564030 -16.643559 0.303113 -0.010170 0.052191 -0.971497 0.231012
1778754147.357067 -0.612873 -16.665154 0.305409 -0.016603 0.038369 -0.966119 0.254689
1778754147.413198 -0.651120 -16.697802 0.308157 -0.018106 0.048163 -0.960127 0.274789
1778754147.464183 -0.695838 -16.733803 0.313202 -0.020424 0.055479 -0.953103 0.296817
1778754147.515718 -0.724720 -16.758005 0.308213 -0.017764 0.047330 -0.947267 0.316433
1778754147.571032 -0.768828 -16.794174 0.317444 -0.006107 0.040903 -0.941109 0.335564
1778754147.621278 -0.811353 -16.834000 0.320038 -0.004738 0.036195 -0.929631 0.366678
1778754147.676093 -0.847907 -16.890200 0.312800 -0.003579 0.046784 -0.912392 0.406619
1778754147.732337 -0.884322 -16.920532 0.316500 -0.006260 0.040431 -0.888187 0.457657
1778754147.784455 -0.907619 -16.955826 0.319313 -0.017139 0.037379 -0.860473 0.507834
1778754147.839704 -0.929386 -16.987354 0.285997 -0.031624 0.023411 -0.829255 0.557483
1778754147.885784 -0.934338 -16.976135 0.297297 -0.025326 0.056894 -0.807224 0.586951
1778754147.939944 -0.949971 -17.026031 0.309699 -0.007692 0.067807 -0.787978 0.611911
1778754147.996503 -0.961150 -17.085819 0.313915 -0.009854 0.054503 -0.764533 0.642201
1778754148.047805 -0.973162 -17.152445 0.304434 -0.006036 0.046479 -0.748164 0.661856
1778754148.105165 -0.991074 -17.205570 0.308890 -0.008471 0.035523 -0.742805 0.668511
1778754148.153154 -0.998044 -17.259581 0.312993 -0.014207 0.031191 -0.748792 0.661918
1778754148.214836 -1.004098 -17.323196 0.297647 -0.018971 0.035900 -0.759388 0.649370
1778754148.264541 -1.012629 -17.361328 0.306392 -0.006953 0.013987 -0.769090 0.638950
1778754148.318989 -1.017692 -17.418840 0.311755 -0.011552 0.020029 -0.777582 0.628357
1778754148.365476 -1.027667 -17.473482 0.312950 -0.017279 0.012402 -0.781034 0.624126
1778754148.418802 -1.039560 -17.521202 0.307205 -0.008533 0.012487 -0.784123 0.620421
1778754148.484349 -1.051971 -17.540064 0.310685 0.008391 0.004366 -0.776644 0.629869
1778754148.525949 -1.058821 -17.589064 0.314083 0.003676 -0.003836 -0.764550 0.644543
1778754148.579879 -1.070414 -17.634178 0.290310 -0.007329 -0.016523 -0.745342 0.666437
1778754148.633140 -1.068650 -17.639557 0.294464 -0.017036 0.007530 -0.726091 0.687347
1778754148.689020 -1.069852 -17.673689 0.309517 0.006983 0.020601 -0.712960 0.700867
1778754148.745190 -1.068895 -17.735815 0.320087 -0.002295 0.017804 -0.698219 0.715659
1778754148.793097 -1.065145 -17.793089 0.302124 -0.004775 0.015340 -0.685545 0.727853
1778754148.846050 -1.055421 -17.806353 0.309156 -0.013644 0.021715 -0.676314 0.736167
1778754148.902033 -1.054841 -17.866890 0.314972 -0.005248 0.008483 -0.664326 0.747376
1778754148.954069 -1.047430 -17.920971 0.319312 -0.019245 0.006627 -0.656842 0.753754
1778754149.006196 -1.042041 -17.978798 0.310079 -0.017860 0.010350 -0.648691 0.760772
1778754149.059874 -1.042968 -17.980339 0.309582 -0.005500 0.018467 -0.647007 0.762241
1778754149.114399 -1.032610 -18.033670 0.312893 -0.011102 0.013727 -0.641677 0.766772
1778754149.173234 -1.021114 -18.093727 0.314826 -0.016516 0.002564 -0.634604 0.772657
1778754149.221224 -1.012672 -18.152107 0.307056 -0.006886 0.009634 -0.630122 0.776406
1778754149.273506 -1.009034 -18.176165 0.308449 0.002240 0.007058 -0.626635 0.779278
1778754149.325339 -0.999324 -18.223673 0.313639 -0.002791 0.006639 -0.632635 0.774416
1778754149.394189 -0.984412 -18.280127 0.310864 -0.011376 0.014607 -0.644062 0.764749
1778754149.438158 -0.979556 -18.324524 0.306470 0.006092 0.001070 -0.655066 0.755547
1778754149.488028 -0.967694 -18.355137 0.313312 -0.000583 0.001401 -0.665727 0.746194
1778754149.543218 -0.963172 -18.393652 0.315605 -0.004752 0.002102 -0.672492 0.740086
1778754149.597381 -0.960896 -18.433077 0.315016 -0.002374 0.000432 -0.677448 0.735567
1778754149.656487 -0.964146 -18.473452 0.306882 0.011615 0.001693 -0.681649 0.731585
1778754149.707211 -0.960738 -18.504408 0.304792 -0.000034 0.014581 -0.686587 0.726902
1778754149.766798 -0.965650 -18.517479 0.307779 0.001881 0.004391 -0.688861 0.724878
1778754149.822388 -0.965394 -18.549864 0.314078 0.005548 0.001334 -0.691250 0.722593
1778754149.872970 -0.965919 -18.576059 0.314948 0.009883 -0.001647 -0.694366 0.719552
1778754149.928148 -0.966632 -18.603626 0.313410 0.012060 -0.003825 -0.696858 0.717098
1778754149.981522 -0.966799 -18.630804 0.310486 0.009504 -0.002456 -0.698539 0.715505
1778754150.041050 -0.965106 -18.655380 0.306553 0.005937 0.009529 -0.700263 0.713797
1778754150.083277 -0.964013 -18.679195 0.307939 0.004645 0.012858 -0.702361 0.711689
1778754150.139641 -0.962425 -18.694941 0.310180 0.002057 0.013579 -0.701551 0.712487
1778754150.193790 -0.961357 -18.714386 0.310455 -0.000894 0.012250 -0.702391 0.711685
1778754150.246440 -0.961048 -18.732559 0.310689 -0.000915 0.012072 -0.703402 0.710690
1778754150.310411 -0.962061 -18.748899 0.310016 0.003422 0.009795 -0.703731 0.710391
1778754150.360908 -0.963885 -18.762386 0.308793 0.004411 0.009848 -0.704139 0.709980
1778754150.406930 -0.966111 -18.773594 0.306614 0.001488 0.010954 -0.703025 0.711080
1778754150.464779 -0.967956 -18.782425 0.303380 0.000006 0.011268 -0.702275 0.711816
1778754150.514706 -0.968342 -18.788517 0.300956 -0.004973 0.009414 -0.702468 0.711636
1778754150.590182 -0.968578 -18.792955 0.297933 -0.007980 0.004155 -0.702717 0.711413
1778754150.623877 -0.969792 -18.796812 0.297611 -0.007050 0.001524 -0.701105 0.713021
1778754150.672382 -0.970695 -18.799679 0.297733 -0.005809 -0.001235 -0.700156 0.713965
1778754150.726696 -0.971776 -18.800978 0.297437 -0.004710 -0.004273 -0.698983 0.715110
1778754150.784085 -0.972074 -18.800594 0.297280 -0.003599 -0.005861 -0.698005 0.716060
1778754150.837162 -0.971680 -18.800777 0.299012 -0.001258 -0.003119 -0.698213 0.715882
1778754150.890543 -0.971782 -18.799767 0.300928 0.001400 0.000837 -0.699183 0.714941
1778754150.949318 -0.971954 -18.798063 0.302406 0.002638 0.004022 -0.700726 0.713414
1778754150.999141 -0.972402 -18.796013 0.303246 0.002924 0.006303 -0.702369 0.711779
1778754151.056656 -0.972684 -18.793890 0.303443 0.002524 0.007362 -0.703748 0.710408
1778754151.106649 -0.972871 -18.791775 0.303545 0.001986 0.007987 -0.705127 0.709033
1778754151.158282 -0.972871 -18.790049 0.303612 0.001558 0.008438 -0.706039 0.708121
1778754151.221176 -0.972737 -18.788692 0.303590 0.001375 0.008683 -0.706301 0.707857
1778754151.264095 -0.972591 -18.787464 0.303577 0.001299 0.008882 -0.706295 0.707861
1778754151.316607 -0.972452 -18.786367 0.303670 0.001231 0.009106 -0.706389 0.707764
1778754151.372948 -0.972455 -18.785360 0.303670 0.001218 0.009100 -0.706556 0.707597
1778754151.427722 -0.972421 -18.784542 0.302944 0.001314 0.009199 -0.706853 0.707299
1778754151.480285 -0.972335 -18.783821 0.302480 0.001263 0.009315 -0.707173 0.706978
1778754151.529806 -0.972230 -18.783215 0.302418 0.001081 0.009432 -0.707321 0.706829
1778754151.583927 -0.972091 -18.782696 0.302436 0.000983 0.009562 -0.707421 0.706727
1778754151.651286 -0.972038 -18.782280 0.302484 0.000900 0.009646 -0.707584 0.706563
1778754151.700070 -0.972001 -18.781935 0.302570 0.000678 0.009761 -0.707731 0.706414
1778754151.749650 -0.971932 -18.781574 0.302625 0.000572 0.009941 -0.707842 0.706301
1778754151.795753 -0.971825 -18.781157 0.302730 0.000332 0.010063 -0.707951 0.706190
1778754151.862444 -0.971702 -18.780762 0.302795 0.000062 0.010175 -0.707908 0.706231
1778754151.903344 -0.971534 -18.780304 0.302939 -0.000343 0.010253 -0.707801 0.706338
1778754151.955906 -0.971312 -18.779789 0.303008 -0.000580 0.010493 -0.707668 0.706467
1778754152.009820 -0.971087 -18.779249 0.303169 -0.001031 0.010586 -0.707707 0.706427
1778754152.067876 -0.971002 -18.778799 0.303191 -0.001108 0.010687 -0.707703 0.706428
1778754152.120485 -0.970899 -18.778440 0.303240 -0.001230 0.010792 -0.707826 0.706303
1778754152.167108 -0.970849 -18.778130 0.303290 -0.001380 0.010816 -0.707796 0.706332
1778754152.219270 -0.970747 -18.777889 0.303331 -0.001562 0.010867 -0.707740 0.706387
1778754152.273273 -0.970609 -18.777700 0.303408 -0.001777 0.010954 -0.707680 0.706447
1778754152.327201 -0.970559 -18.777529 0.303420 -0.001857 0.011041 -0.707556 0.706568
1778754152.387105 -0.970566 -18.777336 0.303427 -0.001790 0.011089 -0.707606 0.706518
1778754152.432555 -0.970592 -18.777153 0.303442 -0.001726 0.011120 -0.707607 0.706517
1778754152.482424 -0.970592 -18.777056 0.303495 -0.001630 0.011178 -0.707651 0.706472
1778754152.534574 -0.971358 -18.777283 0.304055 -0.001582 0.011268 -0.709090 0.705026
1778754152.591304 -0.970756 -18.777565 0.305456 -0.000590 0.011957 -0.718541 0.695381
1778754152.642264 -0.969499 -18.777914 0.307955 0.001254 0.011869 -0.737435 0.675313
1778754152.695150 -0.967313 -18.778160 0.310392 0.002607 0.014055 -0.763309 0.645875
1778754152.755084 -0.968359 -18.776415 0.312527 0.008599 0.009064 -0.793366 0.608617
1778754152.803182 -0.969201 -18.774820 0.313606 0.012214 -0.005458 -0.828413 0.559958
1778754152.853768 -0.968615 -18.775112 0.313129 0.015061 -0.007116 -0.864141 0.502974
1778754152.905475 -0.970276 -18.773079 0.314412 0.023224 -0.003921 -0.897822 0.439728
1778754152.959552 -0.973051 -18.778870 0.315070 0.030853 0.006843 -0.926855 0.374088
1778754153.012689 -0.976293 -18.782482 0.312316 0.039163 0.013625 -0.953764 0.297682
1778754153.065573 -0.972667 -18.783024 0.304359 0.027883 0.022068 -0.974054 0.223505
1778754153.119152 -0.975357 -18.786520 0.310945 0.026469 0.015989 -0.988047 0.151019
1778754153.177337 -0.974018 -18.790157 0.319098 0.016016 0.015544 -0.997142 0.072175
1778754153.225134 -0.976523 -18.796150 0.321910 0.010298 0.020861 -0.999674 -0.010483
1778754153.282546 -0.975397 -18.799360 0.317792 0.004536 0.016190 -0.995615 -0.092022
1778754153.334887 -0.976727 -18.805910 0.316283 0.008231 0.028821 -0.985413 -0.167520
1778754153.388476 -0.978944 -18.807669 0.315406 0.018272 0.023166 -0.968652 -0.246663
1778754153.446693 -0.980119 -18.811581 0.312937 0.021586 0.014930 -0.945510 -0.324533
1778754153.495689 -0.979777 -18.820141 0.307391 0.011557 0.027306 -0.917437 -0.396774
1778754153.549404 -0.979708 -18.820885 0.314447 0.008944 0.011311 -0.887735 -0.460129
1778754153.604962 -0.977259 -18.823467 0.319972 -0.004920 0.009298 -0.848298 -0.529415
1778754153.658085 -0.980402 -18.824717 0.321312 -0.009752 0.005932 -0.806573 -0.591025
1778754153.710677 -0.984532 -18.827080 0.320279 0.002191 0.009039 -0.770609 -0.637241
1778754153.762374 -0.984190 -18.825474 0.318430 0.004119 0.005335 -0.740257 -0.672290
1778754153.822495 -0.987649 -18.820320 0.316103 0.003899 0.007386 -0.710901 -0.703242
1778754153.870652 -0.988692 -18.812061 0.313515 0.003671 0.012182 -0.684606 -0.728802
1778754153.924069 -0.984190 -18.797029 0.315712 0.001781 0.002795 -0.667749 -0.744380
1778754153.974869 -0.979600 -18.778654 0.314008 0.006687 0.003326 -0.651101 -0.758954
1778754154.027769 -0.974717 -18.761236 0.312074 0.014232 -0.002434 -0.637755 -0.770104
1778754154.087875 -0.966136 -18.731955 0.310023 0.014187 -0.006901 -0.625585 -0.779997
1778754154.139369 -0.958255 -18.696558 0.307324 0.016815 -0.005133 -0.614099 -0.789033
1778754154.187972 -0.946275 -18.668167 0.305909 0.009254 -0.007980 -0.607693 -0.794078
1778754154.244358 -0.934325 -18.632267 0.309855 -0.008030 -0.004980 -0.598032 -0.801417
1778754154.295526 -0.919952 -18.591805 0.312229 -0.013010 0.004210 -0.589572 -0.807600
1778754154.355167 -0.899958 -18.544512 0.313006 -0.013643 0.009073 -0.584720 -0.811070
1778754154.402286 -0.883696 -18.501858 0.311076 0.003549 -0.006990 -0.578137 -0.815902
1778754154.465170 -0.867441 -18.456202 0.314613 0.012362 -0.002332 -0.584791 -0.811087
1778754154.507797 -0.852922 -18.404900 0.317932 0.015524 0.003013 -0.603438 -0.797253
1778754154.565012 -0.847071 -18.344261 0.315967 0.014147 -0.002666 -0.632618 -0.774330
1778754154.615850 -0.839316 -18.302055 0.314312 0.024852 0.010777 -0.669713 -0.742126
1778754154.671191 -0.838069 -18.261917 0.316783 0.023286 0.019952 -0.708866 -0.704676
1778754154.723187 -0.839347 -18.222357 0.285321 0.015025 0.038085 -0.750914 -0.659129
1778754154.777021 -0.826161 -18.253937 0.301049 0.039683 0.044645 -0.784024 -0.617849
1778754154.829920 -0.839039 -18.200979 0.309664 0.045414 0.036519 -0.809954 -0.583591
1778754154.883699 -0.860147 -18.145605 0.315711 0.036773 0.036613 -0.834588 -0.548426
1778754154.935479 -0.895555 -18.083944 0.310972 0.034148 0.032355 -0.851214 -0.522707
1778754154.995054 -0.912548 -18.035469 0.310319 0.026947 0.013915 -0.860011 -0.509374
1778754155.042178 -0.939950 -17.983599 0.311780 0.028456 0.020728 -0.859417 -0.510062
1778754155.096039 -0.964602 -17.933527 0.300774 0.025298 0.017142 -0.854361 -0.518781
1778754155.151903 -0.987943 -17.899084 0.307964 0.017034 0.008421 -0.848488 -0.528873
1778754155.202343 -1.015207 -17.843988 0.312130 0.017967 0.009711 -0.845261 -0.533963
1778754155.261839 -1.044163 -17.784161 0.309308 0.009625 0.006662 -0.842593 -0.538423
1778754155.314389 -1.055219 -17.760128 0.302840 0.008500 -0.004839 -0.840108 -0.542331
1778754155.365245 -1.075522 -17.707487 0.310986 0.000155 -0.018070 -0.831996 -0.554487
1778754155.419369 -1.092758 -17.657385 0.317301 -0.000999 -0.004337 -0.815084 -0.579325
1778754155.473459 -1.098201 -17.596376 0.310216 0.000815 -0.011871 -0.793152 -0.608907
1778754155.525945 -1.113987 -17.556807 0.315562 -0.007181 -0.014664 -0.765725 -0.642960
1778754155.582762 -1.123829 -17.515409 0.312159 -0.009716 -0.005215 -0.741430 -0.670940
1778754155.632127 -1.128678 -17.462040 0.295122 -0.019389 0.003577 -0.716060 -0.697761
1778754155.686819 -1.124639 -17.431976 0.303838 -0.021008 -0.012352 -0.689030 -0.724323
1778754155.748733 -1.121285 -17.382860 0.313199 -0.023342 -0.030062 -0.664527 -0.746294
1778754155.791752 -1.114199 -17.343983 0.319491 -0.021829 -0.022262 -0.634604 -0.772208
1778754155.845103 -1.106025 -17.299097 0.318086 -0.013304 -0.011762 -0.607156 -0.794384
1778754155.903067 -1.093564 -17.262684 0.310571 -0.020663 -0.015717 -0.587586 -0.808745
1778754155.951335 -1.089992 -17.235800 0.312520 -0.016520 -0.006359 -0.568512 -0.822484
1778754156.006736 -1.080397 -17.211597 0.315999 -0.014943 -0.005582 -0.554179 -0.832244
1778754156.058549 -1.068992 -17.187225 0.315720 -0.016694 -0.008112 -0.542211 -0.840037
1778754156.109642 -1.057519 -17.167507 0.312749 -0.015545 -0.011167 -0.532120 -0.846452
1778754156.166761 -1.046896 -17.150858 0.306830 -0.009806 -0.005860 -0.524149 -0.851550
1778754156.216572 -1.038755 -17.137651 0.301972 -0.005935 -0.002251 -0.517747 -0.855510
1778754156.269004 -1.033958 -17.127993 0.298515 -0.000250 0.004535 -0.511234 -0.859429
1778754156.323564 -1.028888 -17.121399 0.300518 -0.001747 0.003691 -0.505875 -0.862597
1778754156.375374 -1.026915 -17.115822 0.303705 -0.002741 0.001649 -0.500908 -0.865495
1778754156.433644 -1.027987 -17.114578 0.305006 -0.001260 0.001246 -0.495601 -0.868549
1778754156.482744 -1.028347 -17.112000 0.305996 -0.000855 0.001076 -0.492807 -0.870138
1778754156.534754 -1.027385 -17.107685 0.305910 0.000849 0.000830 -0.491291 -0.870995
1778754156.589375 -1.026786 -17.103819 0.306242 0.004526 0.000029 -0.490922 -0.871192
1778754156.643815 -1.026348 -17.099606 0.302643 0.004676 0.001449 -0.489224 -0.872144
1778754156.698688 -1.024501 -17.095629 0.302491 0.004502 0.002561 -0.489237 -0.872135
1778754156.748686 -1.023010 -17.092968 0.302288 0.005678 0.003062 -0.489773 -0.871826
1778754156.813640 -1.022295 -17.090605 0.304062 0.007195 0.004760 -0.491484 -0.870844
1778754156.858449 -1.023419 -17.088467 0.304901 0.010982 0.007491 -0.493309 -0.869753
1778754156.912312 -1.026198 -17.084660 0.307952 0.017081 0.011767 -0.495379 -0.868429
1778754156.966122 -1.031852 -17.080309 0.319777 0.025521 0.017295 -0.497559 -0.866882
1778754157.020692 -1.042052 -17.068747 0.326909 0.041054 0.024934 -0.498829 -0.865368
1778754157.074613 -1.055811 -17.055355 0.331020 0.060268 0.023424 -0.502212 -0.862324
1778754157.124780 -1.078441 -17.047606 0.329385 0.084358 0.018613 -0.505107 -0.858722
1778754157.178438 -1.083008 -17.056887 0.334460 0.115807 0.010142 -0.508274 -0.853313
1778754157.235741 -1.044854 -17.063456 0.379357 0.143376 -0.000259 -0.513871 -0.845802
1778754157.285598 -1.029322 -17.049667 0.411579 0.165680 -0.013534 -0.521745 -0.836749
1778754157.346741 -1.018565 -17.050224 0.433288 0.180568 -0.033599 -0.531089 -0.827170
1778754157.395657 -1.009011 -17.035603 0.445713 0.192819 -0.048329 -0.540317 -0.817645
1778754157.447719 -1.004549 -17.034958 0.453935 0.204076 -0.061910 -0.551337 -0.806565
1778754157.501923 -1.000795 -17.031330 0.459490 0.216715 -0.069794 -0.564367 -0.793507
1778754157.553368 -0.994596 -17.016788 0.461340 0.227908 -0.074624 -0.579311 -0.779030
1778754157.610588 -0.987868 -17.014624 0.461305 0.233497 -0.077032 -0.595533 -0.764778
1778754157.658275 -0.977138 -17.003368 0.457631 0.232921 -0.071621 -0.616231 -0.748918
1778754157.725801 -0.966918 -17.001940 0.452636 0.224764 -0.058686 -0.641449 -0.731150
1778754157.761946 -0.955018 -17.003901 0.445501 0.207631 -0.034869 -0.669999 -0.711881
1778754157.818694 -0.940600 -17.004438 0.415009 0.178488 0.002626 -0.703346 -0.688070
1778754157.869844 -0.932249 -17.011906 0.380724 0.135589 0.043089 -0.738082 -0.659541
1778754157.924095 -0.926213 -17.010725 0.368261 0.082052 0.081988 -0.774040 -0.622420
1778754157.975376 -0.927598 -17.017311 0.368209 0.036183 0.114037 -0.804875 -0.581260
1778754158.028131 -0.936163 -17.015507 0.376614 -0.005688 0.138224 -0.834617 -0.533176
1778754158.082856 -0.937672 -17.021872 0.386347 -0.031810 0.153124 -0.860985 -0.483990
1778754158.137305 -0.943622 -17.029617 0.388914 -0.044192 0.160277 -0.884047 -0.436829
1778754158.189121 -0.949820 -17.034370 0.384880 -0.047478 0.152615 -0.909013 -0.384902
1778754158.256124 -0.955276 -17.022610 0.379325 -0.033136 0.138097 -0.931570 -0.334677
1778754158.296212 -0.936380 -17.068144 0.376886 -0.015890 0.161970 -0.946809 -0.277608
1778754158.351133 -0.880549 -17.129404 0.355360 -0.011432 0.191102 -0.955987 -0.222347
1778754158.402845 -0.936897 -17.051432 0.259420 -0.011199 0.205349 -0.962897 -0.174744
1778754158.454929 -0.949548 -17.099155 0.273972 -0.007206 0.219414 -0.967510 -0.125422
1778754158.513899 -0.976575 -17.156246 0.344560 -0.021711 0.223837 -0.971970 -0.068558
1778754158.563509 -0.938867 -17.269217 0.332435 -0.046944 0.201631 -0.978264 -0.011884
1778754158.620364 -0.872635 -17.317024 0.190541 -0.071100 0.188868 -0.978408 0.044626
1778754158.668410 -0.859036 -17.269836 0.173455 -0.120199 0.204963 -0.963466 0.123596
1778754158.722152 -0.888756 -17.202991 0.173444 -0.180676 0.100983 -0.958537 0.195873
1778754158.784059 -0.942936 -17.207764 0.211448 -0.126686 0.004611 -0.963547 0.235599
1778754158.838389 -0.959781 -17.198780 0.221386 -0.085852 -0.006677 -0.964579 0.249346
1778754158.888399 -0.997508 -17.194538 0.240960 -0.068894 -0.012403 -0.963326 0.259044
1778754158.935415 -0.984119 -17.179539 0.230503 -0.035184 -0.005704 -0.964518 0.261601
1778754158.988695 -0.966240 -17.171747 0.223010 -0.003410 0.007912 -0.965657 0.259677
1778754159.048376 -0.959843 -17.187384 0.242946 0.019081 0.033610 -0.966359 0.254278
1778754159.093975 -0.963098 -17.194016 0.261882 0.023317 0.018067 -0.967084 0.252741
1778754159.152082 -0.971301 -17.197517 0.277829 0.019476 0.008899 -0.967508 0.251933
1778754159.201838 -0.972870 -17.200832 0.288675 0.015413 0.017608 -0.968208 0.249048
1778754159.282243 -0.970329 -17.200621 0.292077 0.015375 0.019158 -0.968103 0.249346
1778754159.311625 -0.967931 -17.199594 0.293417 0.011930 0.021654 -0.967895 0.250135
1778754159.365567 -0.967571 -17.199692 0.295107 0.009895 0.022887 -0.967946 0.249916
1778754159.415431 -0.967332 -17.200521 0.297044 0.004222 0.023051 -0.967702 0.251005
1778754159.470157 -0.967501 -17.202435 0.298587 0.000381 0.023706 -0.967373 0.252243
1778754159.521611 -0.968081 -17.204317 0.299447 -0.000176 0.025011 -0.966901 0.253922
1778754159.577539 -0.968412 -17.205305 0.299839 -0.000407 0.025579 -0.966639 0.254862
1778754159.629059 -0.968459 -17.205502 0.300028 -0.000581 0.025418 -0.966445 0.255613
1778754159.687916 -0.968199 -17.205378 0.300090 -0.000750 0.025260 -0.966367 0.255924
1778754159.738853 -0.968020 -17.205318 0.300116 -0.000796 0.025246 -0.966335 0.256046
1778754159.795071 -0.967988 -17.205381 0.300135 -0.000809 0.025248 -0.966283 0.256239
1778754159.845273 -0.968055 -17.205505 0.300171 -0.000762 0.025231 -0.966234 0.256429
1778754159.901913 -0.968170 -17.205566 0.300181 -0.000598 0.025119 -0.966183 0.256631
1778754159.953761 -0.968206 -17.205544 0.300189 -0.000533 0.025040 -0.966158 0.256733
1778754160.005655 -0.968174 -17.205507 0.300193 -0.000499 0.024965 -0.966147 0.256781
1778754160.063772 -0.968167 -17.205513 0.300199 -0.000468 0.024941 -0.966138 0.256817
1778754160.111503 -0.968235 -17.205532 0.300215 -0.000430 0.024859 -0.966100 0.256970
1778754160.167356 -0.968312 -17.205578 0.300233 -0.000357 0.024818 -0.966047 0.257170
1778754160.223469 -0.968318 -17.205606 0.300242 -0.000341 0.024802 -0.966031 0.257232
1778754160.271950 -0.968344 -17.205639 0.300250 -0.000301 0.024778 -0.965993 0.257377
1778754160.325055 -0.968389 -17.205635 0.300258 -0.000272 0.024715 -0.965981 0.257429
1778754160.379400 -0.968465 -17.205647 0.300269 -0.000196 0.024675 -0.965961 0.257510
1778754160.443406 -0.968474 -17.205666 0.300280 -0.000188 0.024665 -0.965950 0.257550
1778754160.485873 -0.968461 -17.205698 0.300297 -0.000170 0.024597 -0.965895 0.257763
1778754160.538259 -0.968492 -17.205730 0.300312 -0.000135 0.024526 -0.965853 0.257928
1778754160.592118 -0.968558 -17.205723 0.300323 -0.000091 0.024436 -0.965846 0.257964
1778754160.644439 -0.968615 -17.205706 0.300329 -0.000044 0.024348 -0.965830 0.258031
1778754160.700927 -0.968633 -17.205732 0.300332 0.000008 0.024359 -0.965814 0.258088
1778754160.751420 -0.968628 -17.205750 0.300337 0.000042 0.024347 -0.965800 0.258144
1778754160.816841 -0.968663 -17.205751 0.300338 0.000099 0.024331 -0.965808 0.258115
1778754160.927607 -0.968741 -17.205719 0.300340 0.000214 0.024252 -0.965808 0.258124
1778754160.931194 -0.968790 -17.205706 0.300340 0.000287 0.024208 -0.965793 0.258183
1778754160.980436 -0.968810 -17.205740 0.300342 0.000329 0.024228 -0.965778 0.258238
1778754161.022938 -0.968874 -17.205708 0.300346 0.000409 0.024141 -0.965795 0.258179
1778754161.068592 -0.968950 -17.205658 0.300349 0.000504 0.024033 -0.965779 0.258251
1778754161.121452 -0.968957 -17.205679 0.300349 0.000539 0.024065 -0.965772 0.258275
1778754161.174763 -0.968958 -17.205675 0.300349 0.000528 0.024039 -0.965757 0.258334
1778754161.228594 -0.968982 -17.205664 0.300351 0.000563 0.023989 -0.965768 0.258296
1778754161.281115 -0.969087 -17.205616 0.300358 0.000667 0.023863 -0.965796 0.258202
1778754161.333115 -0.969487 -17.205717 0.300733 0.000718 0.024116 -0.967297 0.252498
1778754161.387430 -0.969852 -17.205950 0.304130 0.000808 0.023832 -0.971788 0.234648
1778754161.441612 -0.969708 -17.206732 0.308980 0.001925 0.021268 -0.978580 0.204758
1778754161.491811 -0.969998 -17.208727 0.313247 0.001679 0.019896 -0.986407 0.163102
1778754161.545780 -0.971950 -17.210987 0.315618 0.002631 0.023491 -0.992693 0.118327
1778754161.598853 -0.972311 -17.213039 0.316830 0.002227 0.022944 -0.996623 0.078811
1778754161.652228 -0.972616 -17.215744 0.316538 -0.000347 0.023568 -0.999070 0.036096
1778754161.708337 -0.975001 -17.215034 0.316725 -0.003606 0.020645 -0.999682 -0.014043
1778754161.762319 -0.975672 -17.215729 0.314979 -0.003952 0.015156 -0.998362 -0.055035
1778754161.807193 -0.978036 -17.215418 0.312185 -0.001451 0.020080 -0.995779 -0.089544
1778754161.870701 -0.982978 -17.212017 0.312358 0.002078 0.019239 -0.992667 -0.119322
1778754161.920038 -0.988557 -17.205793 0.312588 0.014524 0.008009 -0.989334 -0.144718
1778754161.968942 -0.999809 -17.198374 0.309406 0.025995 -0.001702 -0.985505 -0.167632
1778754162.022604 -1.020633 -17.188931 0.304410 0.031934 -0.008971 -0.981730 -0.187367
1778754162.070715 -1.048383 -17.181520 0.300016 0.024320 -0.001048 -0.978964 -0.202577
1778754162.136522 -1.075523 -17.169312 0.302708 0.021948 -0.015798 -0.976957 -0.211716
1778754162.178247 -1.105082 -17.155424 0.305917 0.011823 -0.018848 -0.974165 -0.224741
1778754162.232037 -1.141252 -17.137430 0.309116 0.002473 -0.007915 -0.972233 -0.233869
1778754162.297872 -1.184060 -17.111816 0.308741 0.004785 -0.002800 -0.973906 -0.226886
1778754162.338411 -1.218741 -17.094280 0.309193 0.022113 0.007607 -0.977747 -0.208480
1778754162.394516 -1.264547 -17.072317 0.314051 0.022555 0.016044 -0.981639 -0.188728
1778754162.443089 -1.312484 -17.051678 0.316513 0.013061 0.013276 -0.985529 -0.168481
1778754162.496571 -1.370202 -17.041229 0.309151 0.011195 0.032902 -0.989229 -0.142189
1778754162.576651 -1.403141 -17.023661 0.314065 0.003793 0.021864 -0.994482 -0.102536
1778754162.607599 -1.445119 -17.018942 0.313891 -0.005483 0.029545 -0.997773 -0.059549
1778754162.680751 -1.498352 -17.012091 0.299089 -0.021355 0.023210 -0.999376 -0.015944
1778754162.712704 -1.498645 -17.016613 0.298660 0.012001 0.053674 -0.998426 0.010952
1778754162.764440 -1.550318 -17.015005 0.309537 0.028074 0.038336 -0.998333 0.032784
1778754162.840603 -1.610988 -17.021755 0.314651 0.020255 0.035686 -0.996829 0.068182
1778754162.874500 -1.666723 -17.046093 0.307169 0.016627 0.048600 -0.992302 0.112691
1778754162.931200 -1.713362 -17.045916 0.311996 0.006354 0.036772 -0.985723 0.164186
1778754162.983050 -1.759369 -17.061621 0.312667 -0.003379 0.037298 -0.979007 0.200358
1778754163.048453 -1.807841 -17.078400 0.282228 -0.019578 0.031862 -0.972237 0.230990
1778754163.086917 -1.831726 -17.092091 0.294566 0.005251 0.055504 -0.966555 0.250325
1778754163.140860 -1.886260 -17.119740 0.306849 0.018345 0.049054 -0.961554 0.269575
1778754163.196228 -1.932554 -17.151213 0.312092 0.012194 0.045190 -0.958716 0.280486
1778754163.253838 -1.993277 -17.182531 0.303240 0.010112 0.032590 -0.960975 0.274523
1778754163.328379 -2.000748 -17.181124 0.308608 0.007356 0.020611 -0.966444 0.255943
1778754163.358332 -2.053913 -17.209202 0.314832 0.001195 0.012424 -0.973351 0.228982
1778754163.410950 -2.110118 -17.231350 0.305112 -0.001874 0.018535 -0.978413 0.205819
1778754163.496145 -2.152937 -17.243404 0.312114 0.006443 0.000027 -0.982621 0.185513
1778754163.535534 -2.200063 -17.263498 0.316458 0.004124 0.001939 -0.985685 0.168538
1778754163.585721 -2.258957 -17.283295 0.316967 -0.005290 0.002014 -0.988160 0.153322
1778754163.621463 -2.323991 -17.299356 0.304190 -0.003141 0.000262 -0.991911 0.126895
1778754163.684350 -2.318120 -17.288378 0.309292 0.018553 -0.019204 -0.993605 0.109707
1778754163.732296 -2.383271 -17.299654 0.316719 0.012642 -0.013561 -0.996703 0.078989
1778754163.786247 -2.443107 -17.308807 0.301351 0.005924 -0.002074 -0.998439 0.055498
1778754163.833352 -2.487394 -17.308878 0.307649 0.017807 -0.016974 -0.998936 0.039007
1778754163.882369 -2.529885 -17.315878 0.308203 0.014284 -0.006888 -0.999631 0.022044
1778754163.936070 -2.582779 -17.317884 0.310093 0.002328 -0.001219 -0.999896 0.014211
1778754164.006679 -2.665181 -17.321352 0.306842 0.000052 -0.003111 -0.999736 0.022754
1778754164.044700 -2.688649 -17.320810 0.308186 0.006002 0.007851 -0.998778 0.048419
1778754164.115113 -2.744354 -17.324593 0.315218 -0.001327 0.005732 -0.996572 0.082527
1778754164.169225 -2.785266 -17.331968 0.282631 -0.016765 0.008955 -0.992937 0.117108
1778754164.203424 -2.811171 -17.331722 0.289078 -0.028403 0.003658 -0.989320 0.142918
1778754164.257110 -2.845908 -17.346090 0.301925 0.018106 0.039900 -0.985623 0.163178
1778754164.308580 -2.903227 -17.363518 0.310989 0.015425 0.042527 -0.979949 0.194045
1778754164.374151 -2.956587 -17.390306 0.307808 0.014757 0.037703 -0.971420 0.233890
1778754164.417360 -2.993044 -17.423092 0.305893 -0.001002 0.054709 -0.958581 0.279513
1778754164.508858 -3.043421 -17.442333 0.310200 -0.002172 0.037766 -0.947037 0.318889
1778754164.522943 -3.080144 -17.471830 0.290158 -0.016801 0.036162 -0.936968 0.347133
1778754164.579061 -3.107422 -17.494038 0.292885 -0.023722 0.050768 -0.924791 0.376325
1778754164.630048 -3.141871 -17.517813 0.302446 -0.005788 0.044174 -0.913998 0.403264
1778754164.682838 -3.176163 -17.557535 0.312533 -0.012837 0.042701 -0.900110 0.433375
1778754164.731143 -3.211886 -17.596272 0.307665 -0.017172 0.034810 -0.884788 0.464374
1778754164.804781 -3.234099 -17.638533 0.274696 -0.053204 0.049083 -0.871580 0.484880
1778754164.853742 -3.261468 -17.665110 0.289696 -0.051343 0.033108 -0.859096 0.508156
1778754164.896052 -3.270536 -17.694798 0.283756 -0.065792 0.038131 -0.849914 0.521406
1778754164.961682 -3.285307 -17.728270 0.307611 -0.068585 0.042098 -0.840050 0.536507
1778754165.047213 -3.296767 -17.754250 0.307496 -0.074127 0.025753 -0.830591 0.551326
1778754165.052612 -3.304405 -17.774200 0.296447 -0.072220 0.032475 -0.825303 0.559111
1778754165.117923 -3.313152 -17.793644 0.293830 -0.067473 0.034008 -0.820826 0.566158
1778754165.177115 -3.319150 -17.809206 0.294944 -0.061870 0.033692 -0.816192 0.573470
1778754165.228536 -3.322878 -17.822794 0.297380 -0.057810 0.033612 -0.807778 0.585681
1778754165.276681 -3.323841 -17.837013 0.298843 -0.056889 0.033849 -0.794651 0.603447
1778754165.317870 -3.322346 -17.854099 0.299370 -0.061718 0.037073 -0.778389 0.623640
1778754165.368518 -3.320784 -17.874495 0.297285 -0.069957 0.038814 -0.760967 0.643838
1778754165.432920 -3.321974 -17.897545 0.312513 -0.052373 0.029466 -0.742772 0.666842
1778754165.491932 -3.316670 -17.919935 0.320009 -0.056424 0.039504 -0.728007 0.682101
1778754165.532024 -3.316520 -17.942184 0.317773 -0.049571 0.035125 -0.714380 0.697116
1778754165.582248 -3.311209 -17.967222 0.316640 -0.053451 0.034932 -0.704451 0.706875
1778754165.663073 -3.305818 -17.996498 0.314535 -0.057941 0.034013 -0.694285 0.716557
1778754165.693183 -3.304760 -18.024479 0.319442 -0.052224 0.027584 -0.686510 0.724718
1778754165.745910 -3.299364 -18.048111 0.315096 -0.056488 0.037339 -0.680991 0.729155
1778754165.800426 -3.295877 -18.071735 0.309778 -0.045927 0.039957 -0.676020 0.734365
1778754165.851916 -3.290325 -18.093967 0.306304 -0.045484 0.041321 -0.677334 0.733105
1778754165.931907 -3.283444 -18.119825 0.302448 -0.046762 0.038987 -0.682537 0.728311
1778754165.956638 -3.279203 -18.146975 0.300328 -0.044638 0.021146 -0.691307 0.720871
1778754166.011100 -3.273649 -18.172289 0.320304 -0.021421 0.023035 -0.695661 0.717681
1778754166.068067 -3.272893 -18.193777 0.320125 -0.025355 0.022191 -0.701792 0.711585
1778754166.133751 -3.271797 -18.219532 0.320385 -0.027628 0.018096 -0.708638 0.704799
1778754166.175889 -3.270833 -18.246534 0.319251 -0.039018 0.018685 -0.718358 0.694327
1778754166.225249 -3.271845 -18.277737 0.315952 -0.045710 0.023213 -0.729614 0.681935
1778754166.277864 -3.273493 -18.308285 0.319608 -0.047232 0.021680 -0.743445 0.666775
1778754166.339675 -3.274268 -18.327894 0.317605 -0.041753 0.026226 -0.754092 0.654916
1778754166.385161 -3.278707 -18.353729 0.311748 -0.035113 0.027622 -0.763887 0.643801
1778754166.449096 -3.283086 -18.379932 0.307961 -0.025628 0.027738 -0.771580 0.635011
1778754166.490942 -3.289551 -18.409286 0.306088 -0.019437 0.023563 -0.778025 0.627491
1778754166.555365 -3.297962 -18.438850 0.303668 -0.012402 0.019269 -0.783534 0.620926
1778754166.607623 -3.303147 -18.468189 0.295617 -0.008695 0.026775 -0.787807 0.615279
1778754166.654475 -3.315054 -18.494432 0.302115 -0.004786 0.017980 -0.791214 0.611256
1778754166.713137 -3.323789 -18.519348 0.311813 -0.002657 0.008977 -0.794405 0.607316
1778754166.759265 -3.333366 -18.548038 0.315332 -0.006737 -0.000564 -0.798249 0.602290
1778754166.828334 -3.346488 -18.579163 0.315739 -0.013951 -0.010076 -0.800919 0.598526
1778754166.867179 -3.360328 -18.617388 0.317994 -0.018562 0.010872 -0.806373 0.591016
1778754166.919641 -3.368333 -18.655809 0.303613 0.004746 0.031420 -0.811125 0.584010
1778754166.972852 -3.381082 -18.694696 0.313026 0.008404 0.043917 -0.811370 0.582821
1778754167.037423 -3.393493 -18.741354 0.311191 0.003355 0.053205 -0.810858 0.582810
1778754167.077615 -3.407923 -18.793718 0.293501 -0.003111 0.048671 -0.810437 0.583792
1778754167.133539 -3.435604 -18.838020 0.297371 0.037593 0.032339 -0.808709 0.586116
1778754167.184618 -3.442924 -18.887302 0.308794 0.054945 0.048929 -0.805459 0.588067
1778754167.240920 -3.458633 -18.939684 0.318992 0.043956 0.053489 -0.805152 0.589014
1778754167.290521 -3.480147 -18.993979 0.306153 0.040753 0.054692 -0.806445 0.587362
1778754167.347262 -3.489183 -18.998428 0.308399 0.055423 0.050317 -0.808349 0.583925
1778754167.392726 -3.504904 -19.064545 0.309401 0.043962 0.055327 -0.809531 0.582809
1778754167.449304 -3.524981 -19.117569 0.309709 0.030786 0.051768 -0.808217 0.585797
1778754167.502407 -3.548513 -19.177233 0.296743 0.028174 0.048309 -0.807791 0.586810
1778754167.553873 -3.564095 -19.174297 0.307814 0.039675 0.042599 -0.806747 0.588022
1778754167.607515 -3.582306 -19.221621 0.314504 0.035355 0.034878 -0.807342 0.587990
1778754167.662591 -3.602871 -19.278725 0.312530 0.019286 0.031570 -0.809234 0.586320
1778754167.714943 -3.621017 -19.321735 0.305775 0.026613 0.024697 -0.809337 0.586222
1778754167.779583 -3.624033 -19.330935 0.309237 0.020145 0.032007 -0.812472 0.581772
1778754167.821063 -3.641661 -19.382872 0.312054 0.009014 0.028665 -0.812198 0.582608
1778754167.880361 -3.663241 -19.445429 0.305951 0.001455 0.022316 -0.810667 0.585080
1778754167.943558 -3.676824 -19.484606 0.305877 0.010643 0.026466 -0.809664 0.586200
1778754167.981807 -3.698336 -19.544624 0.310797 0.013941 0.016216 -0.807770 0.589110
1778754168.034739 -3.716601 -19.598604 0.313515 0.005337 0.012894 -0.808746 0.587993
1778754168.089147 -3.744292 -19.660643 0.302130 0.000322 0.008798 -0.807519 0.589775
1778754168.143140 -3.741137 -19.671635 0.308404 0.020937 0.030169 -0.802460 0.595575
1778754168.194688 -3.760536 -19.728176 0.320451 0.017649 0.034882 -0.790541 0.611161
1778754168.244633 -3.770516 -19.785942 0.322934 0.013804 0.033331 -0.767311 0.640260
1778754168.300073 -3.769260 -19.844889 0.315875 -0.010583 0.048479 -0.735401 0.675813
1778754168.352237 -3.783851 -19.887770 0.318581 0.003792 0.033718 -0.701078 0.712277
1778754168.406543 -3.780196 -19.933575 0.294976 -0.005602 0.034750 -0.669273 0.742183
1778754168.457439 -3.782052 -19.943027 0.290461 -0.017632 0.032357 -0.639426 0.767969
1778754168.531996 -3.786722 -19.940361 0.302926 0.003942 0.061204 -0.624922 0.778275
1778754168.568498 -3.772616 -19.996099 0.313395 -0.005744 0.056143 -0.607649 0.792198
1778754168.620380 -3.753506 -20.058182 0.308747 -0.010188 0.044338 -0.582419 0.811615
1778754168.673802 -3.743493 -20.075768 0.311446 -0.022736 0.048879 -0.550750 0.832927
1778754168.723583 -3.734298 -20.110779 0.320975 -0.015127 0.035260 -0.508438 0.860243
1778754168.784229 -3.709424 -20.154020 0.308690 -0.023699 0.021124 -0.459323 0.887702
1778754168.833401 -3.690951 -20.187353 0.297739 -0.024698 -0.001082 -0.407359 0.912933
1778754168.887200 -3.649316 -20.216879 0.311955 -0.029932 0.052964 -0.364009 0.929406
1778754168.941456 -3.606934 -20.264004 0.321463 -0.019083 0.053791 -0.319790 0.945768
1778754168.995369 -3.564402 -20.301971 0.311335 -0.004673 0.046795 -0.285408 0.957252
1778754169.050230 -3.534325 -20.332699 0.305417 -0.027213 0.028213 -0.254460 0.966289
1778754169.102171 -3.489463 -20.356575 0.308192 -0.018714 0.022488 -0.227260 0.973395
1778754169.154260 -3.444118 -20.382967 0.293509 -0.026628 0.010668 -0.201589 0.979050
1778754169.211010 -3.444006 -20.381496 0.293752 -0.037714 0.019843 -0.178886 0.982947
1778754169.266179 -3.421838 -20.390697 0.304119 -0.030349 0.038546 -0.169340 0.984336
1778754169.312514 -3.367905 -20.408489 0.309018 -0.025009 0.028152 -0.166422 0.985336
1778754169.367715 -3.311317 -20.426291 0.297669 -0.020804 0.011785 -0.174484 0.984370
1778754169.423427 -3.278052 -20.448580 0.303928 -0.004718 0.014917 -0.184051 0.982792
1778754169.481304 -3.227118 -20.471642 0.309204 0.011484 0.012713 -0.193871 0.980877
1778754169.529716 -3.173403 -20.494114 0.313647 0.010191 0.005619 -0.205977 0.978488
1778754169.581540 -3.115935 -20.523069 0.302467 0.007915 0.007227 -0.213081 0.976976
1778754169.634684 -3.098295 -20.530828 0.310914 0.015942 0.025250 -0.220066 0.975028
1778754169.708696 -3.044877 -20.559469 0.316010 0.016541 0.021870 -0.228045 0.973265
1778754169.741447 -2.993422 -20.588850 0.315230 0.011663 0.013663 -0.241084 0.970338
1778754169.795098 -2.942924 -20.617685 0.310875 0.004125 0.014703 -0.268452 0.963172
1778754169.848626 -2.903744 -20.654236 0.314526 0.026335 0.012305 -0.291653 0.956083
1778754169.906024 -2.858662 -20.687187 0.316241 0.017058 0.007914 -0.317919 0.947931
1778754169.953987 -2.810973 -20.732086 0.302505 0.010977 0.010846 -0.340468 0.940130
1778754170.007009 -2.790593 -20.748255 0.309608 0.021005 0.021865 -0.358016 0.933223
1778754170.076615 -2.741944 -20.791365 0.313060 0.012132 0.013334 -0.374350 0.927113
1778754170.144040 -2.703050 -20.829874 0.313870 0.001705 0.003511 -0.384289 0.923205
1778754170.168884 -2.654401 -20.874294 0.308784 -0.003227 0.007865 -0.386837 0.922109
1778754170.237401 -2.654442 -20.884367 0.314930 0.001283 0.007612 -0.368827 0.929466
1778754170.279351 -2.619359 -20.912596 0.319832 -0.000294 0.001197 -0.346809 0.937935
1778754170.344889 -2.576294 -20.953884 0.319165 0.000094 -0.020124 -0.318231 0.947800
1778754170.385797 -2.551987 -20.958206 0.307972 -0.020984 0.019364 -0.302174 0.952825
1778754170.437436 -2.514310 -20.992964 0.314259 -0.006695 0.028667 -0.286515 0.957623
1778754170.492167 -2.460481 -21.023066 0.317714 -0.015750 0.019013 -0.269328 0.962732
1778754170.543498 -2.395587 -21.059736 0.308843 -0.012557 0.014924 -0.255431 0.966631
1778754170.607243 -2.386285 -21.069859 0.313032 -0.014693 0.018912 -0.242153 0.969942
1778754170.655008 -2.336301 -21.091475 0.315191 -0.010216 0.017214 -0.221625 0.974926
1778754170.703621 -2.281737 -21.115318 0.293141 -0.017962 0.006982 -0.189341 0.981722
1778754170.761628 -2.301101 -21.111481 0.301548 -0.029289 0.019917 -0.152774 0.987626
1778754170.812218 -2.249775 -21.129717 0.312390 -0.028428 0.021320 -0.118250 0.992348
1778754170.880886 -2.186939 -21.145243 0.318199 -0.026206 0.010973 -0.084614 0.996009
1778754170.921212 -2.127519 -21.148615 0.307840 -0.038731 0.004344 -0.061980 0.997316
1778754170.970184 -2.074903 -21.166412 0.311844 -0.021245 -0.004008 -0.037686 0.999056
1778754171.027714 -2.025439 -21.167572 0.309124 -0.028708 -0.014253 -0.018276 0.999319
1778754171.088022 -1.966853 -21.172756 0.292992 -0.030122 -0.025633 -0.000148 0.999218
1778754171.159976 -1.967439 -21.167231 0.302900 -0.034024 0.005524 0.007278 0.999379
1778754171.190696 -1.903916 -21.165745 0.307359 -0.034195 0.001937 0.014587 0.999307
1778754171.669569 -1.846151 -21.158085 0.312059 -0.035565 -0.014235 0.027424 0.998890
1778754171.674543 -1.774384 -21.152550 0.299464 -0.025650 -0.021067 0.038784 0.998696
1778754171.676565 -1.721500 -21.150827 0.305277 -0.013242 0.006569 0.049835 0.998648
1778754171.712833 -1.666111 -21.140831 0.308109 -0.014819 0.010959 0.055935 0.998264
1778754171.719804 -1.611289 -21.129465 0.297337 -0.024773 0.014222 0.060217 0.997777
1778754171.753367 -1.566855 -21.125431 0.296465 -0.004979 0.000684 0.066361 0.997783
1778754171.760265 -1.492688 -21.120085 0.304717 -0.005408 0.016237 0.075043 0.997034
1778754171.811640 -1.459819 -21.117462 0.300413 -0.010725 0.022224 0.077951 0.996652
1778754171.818111 -1.429460 -21.119341 0.302867 -0.004180 0.017926 0.083061 0.996374
1778754171.849641 -1.401076 -21.114599 0.304978 -0.006506 0.012320 0.084670 0.996312
1778754171.876732 -1.381678 -21.116337 0.308880 0.003773 0.013257 0.085149 0.996273
1778754171.939802 -1.360266 -21.111851 0.313274 0.008328 0.005938 0.085068 0.996323
1778754171.949469 -1.334358 -21.108810 0.314867 0.008210 -0.007164 0.084460 0.996367
1778754171.989318 -1.295875 -21.105124 0.315102 0.006365 -0.016282 0.075760 0.996973
1778754172.047943 -1.260880 -21.103844 0.317827 0.004610 -0.001860 0.049596 0.998757
1778754172.095871 -1.227662 -21.099962 0.316749 -0.005393 0.000533 0.029176 0.999560
1778754172.159058 -1.183051 -21.099907 0.314493 -0.006626 -0.001457 0.012870 0.999894
1778754172.206284 -1.136340 -21.097519 0.312991 -0.004489 -0.006477 -0.000941 0.999969
1778754172.262567 -1.078902 -21.097706 0.308370 0.000425 -0.006845 -0.012639 0.999897
1778754172.315758 -1.035358 -21.099730 0.305289 0.008758 0.003932 -0.018360 0.999785
1778754172.366287 -0.991579 -21.104696 0.307872 0.018962 -0.004117 -0.022313 0.999563
1778754172.424379 -0.940962 -21.110081 0.310057 0.016298 -0.020286 -0.015316 0.999544
1778754172.468048 -0.890665 -21.116262 0.300331 0.019767 -0.032023 0.006994 0.999267
1778754172.519903 -0.846877 -21.112427 0.303454 -0.011672 -0.004982 0.027837 0.999532
1778754172.575108 -0.791254 -21.115482 0.316668 -0.019079 0.009004 0.070024 0.997322
1778754172.623123 -0.736906 -21.103477 0.324697 -0.018481 0.004959 0.119352 0.992668
1778754172.684438 -0.690526 -21.089695 0.315457 -0.046243 -0.011718 0.172396 0.983872
1778754172.731066 -0.646250 -21.080862 0.324676 -0.030303 -0.002879 0.234301 0.971687
1778754172.790452 -0.605413 -21.068018 0.327121 -0.041460 -0.007117 0.305660 0.951211
1778754172.843407 -0.627371 -21.063839 0.309491 -0.052358 -0.029240 0.375825 0.924748
1778754172.896658 -0.594421 -21.036512 0.318146 -0.081361 0.007960 0.426687 0.900697
1778754172.948985 -0.555687 -20.999887 0.322602 -0.059535 0.010859 0.473608 0.878655
1778754173.000273 -0.542738 -20.973021 0.323106 -0.049310 -0.010623 0.512335 0.857303
1778754173.054804 -0.514560 -20.939945 0.311150 -0.030071 -0.035675 0.546463 0.836182
1778754173.115613 -0.491771 -20.887760 0.311836 -0.030516 -0.019108 0.570562 0.820465
1778754173.159065 -0.478365 -20.840467 0.317461 -0.042718 -0.031363 0.585895 0.808653
1778754173.215837 -0.467557 -20.845449 0.302224 -0.023246 -0.024358 0.592423 0.804924
1778754173.267709 -0.460575 -20.804428 0.314889 -0.044066 -0.025915 0.575611 0.816124
1778754173.320657 -0.441740 -20.757055 0.318358 -0.036435 -0.026256 0.554520 0.830958
1778754173.375165 -0.423532 -20.712162 0.295513 -0.022568 -0.033048 0.525532 0.849832
1778754173.428733 -0.377075 -20.644732 0.319893 0.004897 0.005471 0.494814 0.868968
1778754173.486139 -0.352120 -20.593695 0.327066 0.005074 0.005891 0.450367 0.892810
1778754173.535860 -0.313303 -20.551311 0.337116 -0.008347 -0.004987 0.391083 0.920304
1778754173.589057 -0.281130 -20.517540 0.317596 0.022772 0.001400 0.325534 0.945255
1778754173.640185 -0.261989 -20.486046 0.321226 -0.007077 -0.000961 0.253127 0.967407
1778754173.693167 -0.244342 -20.477173 0.297300 -0.003906 -0.008096 0.182025 0.983253
1778754173.748363 -0.261851 -20.524698 0.303954 0.044240 -0.012073 0.109761 0.992900
1778754173.801739 -0.226545 -20.496845 0.313881 0.070650 0.041438 0.065437 0.994489
1778754173.856263 -0.191683 -20.474977 0.320116 0.042680 0.042286 0.005412 0.998179
1778754173.910068 -0.158838 -20.465527 0.300529 0.027298 0.048021 -0.053707 0.997028
1778754173.971735 -0.139799 -20.461535 0.315731 0.034680 0.030874 -0.109468 0.992905
1778754174.014975 -0.118512 -20.452152 0.308155 0.029826 -0.005167 -0.165643 0.985721
1778754174.068129 -0.091860 -20.450556 0.306641 0.015162 -0.002924 -0.222038 0.974916
1778754174.125187 -0.073156 -20.460711 0.301557 0.018554 -0.000082 -0.274819 0.961317
1778754174.172441 -0.065487 -20.463888 0.304943 0.010680 -0.000321 -0.323362 0.946215
1778754174.232379 -0.061975 -20.461411 0.310492 0.019291 -0.007560 -0.362955 0.931576
1778754174.278738 -0.055716 -20.458422 0.312698 0.004282 -0.006062 -0.400532 0.916253
1778754174.334248 -0.058201 -20.455854 0.312955 0.013592 -0.002688 -0.427886 0.903727
1778754174.389086 -0.058037 -20.450245 0.312105 0.016029 0.001962 -0.449865 0.892951
1778754174.440788 -0.062661 -20.444416 0.310486 0.018441 0.005211 -0.468310 0.883357
1778754174.495651 -0.067665 -20.436399 0.306137 0.013314 0.005748 -0.485290 0.874233
1778754174.547251 -0.071999 -20.427986 0.304601 0.011255 0.006245 -0.499267 0.866353
1778754174.601481 -0.073299 -20.423473 0.307995 0.007492 0.003935 -0.507119 0.861835
1778754174.658516 -0.073590 -20.419571 0.309429 0.007596 0.010117 -0.517069 0.855850
1778754174.710761 -0.073562 -20.416494 0.309981 0.008502 0.011460 -0.525586 0.850621
1778754174.763579 -0.073438 -20.412586 0.310489 0.009249 0.011149 -0.531305 0.847057
1778754174.820326 -0.073992 -20.409161 0.308778 0.009975 0.009068 -0.534867 0.844829
1778754174.886367 -0.074117 -20.407230 0.307209 0.007771 0.009796 -0.537792 0.842985
1778754174.927691 -0.074152 -20.407694 0.306956 0.005465 0.009448 -0.539793 0.841727
1778754174.981871 -0.074030 -20.407904 0.306599 0.004840 0.010900 -0.540948 0.840971
1778754175.039778 -0.074208 -20.408670 0.306572 0.004562 0.011237 -0.541319 0.840730
1778754175.089981 -0.074303 -20.408472 0.306540 0.004461 0.011415 -0.541535 0.840589
1778754175.147418 -0.074267 -20.407732 0.306536 0.003999 0.011622 -0.541490 0.840617
1778754175.199907 -0.074104 -20.407072 0.306567 0.003386 0.011804 -0.541365 0.840698
1778754175.247802 -0.074024 -20.406553 0.306617 0.002885 0.011907 -0.541017 0.840922
1778754175.304904 -0.073994 -20.406292 0.306643 0.002749 0.011895 -0.540434 0.841298
1778754175.351015 -0.073929 -20.406330 0.306666 0.002654 0.011951 -0.540097 0.841514
1778754175.412076 -0.073872 -20.406446 0.306682 0.002474 0.012146 -0.539582 0.841842
1778754175.459398 -0.073837 -20.406572 0.306697 0.002295 0.012294 -0.538985 0.842222
1778754175.509790 -0.073802 -20.406696 0.306720 0.002211 0.012283 -0.538629 0.842451
1778754175.564941 -0.072712 -20.408915 0.306819 0.000734 0.010887 -0.538288 0.842690
1778754175.619183 -0.070369 -20.413395 0.306856 -0.000958 0.009094 -0.538253 0.842734
1778754175.671597 -0.066061 -20.422241 0.306744 -0.001282 0.007193 -0.538215 0.842776
1778754175.723123 -0.059281 -20.434727 0.305204 -0.001943 0.005647 -0.537154 0.843463
1778754175.777902 -0.053329 -20.448107 0.303739 -0.001974 0.004939 -0.536996 0.843568
1778754175.830595 -0.048656 -20.462425 0.302850 0.000978 0.006298 -0.536304 0.844001
1778754175.884003 -0.046368 -20.474220 0.302655 0.006987 0.006260 -0.536274 0.843992
1778754175.940581 -0.040838 -20.489042 0.302459 0.014662 0.009153 -0.535498 0.844359
1778754175.991103 -0.031987 -20.507801 0.299381 0.013003 0.008371 -0.534410 0.845084
1778754176.043456 -0.020699 -20.530024 0.299869 -0.000145 0.006124 -0.536014 0.844187
1778754176.096575 -0.014408 -20.546505 0.302237 0.007513 0.005693 -0.534989 0.844807
1778754176.150899 -0.002901 -20.564802 0.303419 0.009249 0.005993 -0.534850 0.844875
1778754176.206637 0.010794 -20.585314 0.304012 -0.000226 0.010430 -0.530531 0.847602
1778754176.255909 0.023539 -20.608095 0.304003 -0.003595 0.012142 -0.518882 0.854752
1778754176.311522 0.039299 -20.631212 0.303403 -0.015140 0.008650 -0.503675 0.863717
1778754176.364126 0.051446 -20.651056 0.309323 -0.019578 0.012726 -0.492128 0.870210
1778754176.418955 0.061494 -20.667492 0.312273 -0.015870 0.015507 -0.480481 0.876724
1778754176.475153 0.074605 -20.686743 0.312887 -0.015530 0.015764 -0.470523 0.882110
1778754176.527569 0.086534 -20.704752 0.311931 -0.013233 0.016590 -0.460935 0.887180
1778754176.578693 0.095127 -20.721249 0.307893 -0.007299 0.017215 -0.453167 0.891229
1778754176.632220 0.103880 -20.732229 0.304512 -0.014811 0.015593 -0.446941 0.894305
1778754176.685788 0.107437 -20.741547 0.300894 -0.013851 0.010398 -0.440567 0.897553
1778754176.742181 0.112224 -20.747398 0.302643 -0.010167 0.008204 -0.434878 0.900395
1778754176.789717 0.113566 -20.752283 0.303259 -0.008782 0.008302 -0.432309 0.901645
1778754176.853377 0.113652 -20.755396 0.303722 -0.004929 0.006244 -0.430245 0.902677
1778754176.901463 0.115732 -20.757210 0.303813 -0.002817 0.004137 -0.427128 0.904177
1778754176.946974 0.119393 -20.759159 0.303402 -0.001368 0.004013 -0.423794 0.905749
1778754177.005656 0.122581 -20.761076 0.303344 0.000038 0.003616 -0.421068 0.907022
1778754177.055082 0.124432 -20.762657 0.303012 0.002624 0.001864 -0.418582 0.908174
1778754177.121723 0.125720 -20.763145 0.302878 0.004288 0.002525 -0.417085 0.908854
1778754177.160347 0.125324 -20.762934 0.303242 0.004444 0.003376 -0.418993 0.907972
1778754177.222094 0.124132 -20.761770 0.303534 0.003147 0.004754 -0.420691 0.907186
1778754177.270057 0.122848 -20.760101 0.303675 0.001194 0.006092 -0.422973 0.906121
1778754177.319971 0.121937 -20.758356 0.303873 -0.000575 0.007494 -0.425319 0.905013
1778754177.373667 0.121183 -20.756824 0.303968 -0.001601 0.008445 -0.427146 0.904142
1778754177.430566 0.120495 -20.755323 0.304028 -0.002304 0.009039 -0.428746 0.903377
1778754177.484497 0.120015 -20.754202 0.304005 -0.002380 0.009335 -0.429781 0.902882
1778754177.546631 0.119651 -20.753246 0.303992 -0.002381 0.009590 -0.430423 0.902573
1778754177.589802 0.119359 -20.752254 0.302524 -0.002586 0.009944 -0.430956 0.902314
1778754177.644043 0.119055 -20.751209 0.302115 -0.002781 0.010339 -0.431142 0.902221
1778754177.701922 0.118719 -20.750196 0.301990 -0.002873 0.010522 -0.431532 0.902032
1778754177.759308 0.118538 -20.749495 0.301991 -0.003037 0.010693 -0.431953 0.901828
1778754177.804006 0.118388 -20.748909 0.302008 -0.003136 0.010796 -0.432250 0.901684
1778754177.853171 0.118189 -20.748503 0.302024 -0.003130 0.010889 -0.432364 0.901628
1778754177.907479 0.118054 -20.748116 0.302071 -0.003149 0.011033 -0.432542 0.901541
1778754177.958239 0.117993 -20.747721 0.302158 -0.003128 0.011060 -0.432897 0.901370
1778754178.022712 0.118540 -20.748772 0.302586 -0.002788 0.010402 -0.436009 0.899878
1778754178.067257 0.119811 -20.750488 0.303202 -0.001633 0.007120 -0.444308 0.895844
1778754178.123231 0.122498 -20.755590 0.305346 0.000563 0.003984 -0.456032 0.889954
1778754178.174043 0.126141 -20.762108 0.307563 0.001915 0.005176 -0.468208 0.883601
1778754178.240880 0.129546 -20.768223 0.309116 0.001749 0.006917 -0.478927 0.877826
1778754178.281113 0.130527 -20.770058 0.309843 0.000446 0.007161 -0.488735 0.872403
1778754178.335124 0.133293 -20.773874 0.310305 0.000171 0.006984 -0.496389 0.868072
1778754178.386064 0.136467 -20.779654 0.310385 0.000318 0.006397 -0.501903 0.864901
1778754178.443268 0.139541 -20.784157 0.310464 -0.001884 0.009459 -0.506000 0.862480
1778754178.492600 0.143229 -20.787031 0.307850 -0.003220 0.007862 -0.510116 0.860063
1778754178.561212 0.146212 -20.790819 0.306958 -0.005085 0.006943 -0.512179 0.858836
1778754178.613250 0.148798 -20.794296 0.306655 -0.006089 0.006813 -0.513792 0.857866
1778754178.684167 0.150240 -20.796518 0.307449 -0.005975 0.007167 -0.514084 0.857689
1778754178.703468 0.151525 -20.797539 0.308209 -0.007019 0.006702 -0.509184 0.860603
1778754178.770321 0.152354 -20.797457 0.309067 -0.008515 0.006375 -0.499253 0.866391
1778754178.824755 0.154393 -20.796421 0.309910 -0.010977 0.005973 -0.482838 0.875620
1778754178.876466 0.156565 -20.795519 0.311038 -0.012906 0.005340 -0.467312 0.883982
1778754178.933815 0.160264 -20.794687 0.312322 -0.015043 0.004481 -0.435438 0.900082
1778754178.984497 0.162704 -20.794798 0.313211 -0.015615 0.004967 -0.400097 0.916326
1778754179.040343 0.163358 -20.796438 0.313866 -0.012385 0.005267 -0.354179 0.935081
1778754179.086086 0.166046 -20.797693 0.312824 -0.012381 0.007334 -0.303742 0.952646
1778754179.138667 0.169542 -20.798664 0.309993 -0.012280 0.006593 -0.241671 0.970258
1778754179.194618 0.173259 -20.799629 0.304607 -0.012886 0.008843 -0.176340 0.984205
1778754179.246352 0.176602 -20.801407 0.296180 -0.010609 0.010559 -0.106628 0.994186
1778754179.302392 0.177869 -20.800423 0.293244 -0.016586 0.013362 -0.039490 0.998993
1778754179.355059 0.185660 -20.802584 0.297357 -0.040366 0.005301 0.036530 0.998503
1778754179.422708 0.196659 -20.796139 0.301993 -0.051999 -0.002993 0.129978 0.990148
1778754179.471028 0.210151 -20.782911 0.316147 -0.069921 -0.006474 0.200282 0.977219
1778754179.527509 0.225931 -20.766998 0.322169 -0.060848 -0.008709 0.273388 0.959938
1778754179.579160 0.242750 -20.748114 0.320827 -0.062522 -0.005400 0.346964 0.935777
1778754179.628791 0.261278 -20.731688 0.312838 -0.041191 0.013790 0.413883 0.909293
1778754179.694166 0.266257 -20.707743 0.312339 -0.053713 0.016219 0.476842 0.877196
1778754179.737571 0.274571 -20.685129 0.293114 -0.049243 -0.001408 0.548527 0.834680
1778754179.788790 0.268927 -20.746643 0.298234 -0.034121 -0.019802 0.617775 0.785365
1778754179.849039 0.274916 -20.707874 0.313043 -0.057860 -0.020853 0.662966 0.746119
1778754179.891927 0.276296 -20.667603 0.307574 -0.046301 -0.016444 0.706677 0.705829
1778754179.946401 0.262082 -20.619139 0.309305 -0.036767 -0.028811 0.740346 0.670602
1778754180.000062 0.269211 -20.561052 0.309031 -0.030105 -0.021671 0.756799 0.652594
1778754180.058723 0.259593 -20.520901 0.296434 -0.041546 -0.036324 0.758327 0.649534
1778754180.112935 0.264558 -20.493368 0.294611 -0.020460 -0.028616 0.756083 0.653530
1778754180.169848 0.266026 -20.471043 0.296716 -0.024718 -0.039875 0.745970 0.664326
1778754180.220788 0.264036 -20.416252 0.301322 -0.018048 -0.031085 0.741067 0.670468
1778754180.267404 0.257679 -20.356401 0.301266 -0.012335 -0.017810 0.736734 0.675835
1778754180.320740 0.257334 -20.352839 0.292614 -0.003613 0.001485 0.733892 0.679255
1778754180.376599 0.257108 -20.304462 0.302066 0.007188 0.009590 0.723365 0.690362
1778754180.422812 0.257480 -20.251587 0.310030 0.006546 -0.002754 0.702319 0.711827
1778754180.478733 0.270355 -20.191727 0.308447 -0.003157 0.000632 0.677490 0.735525
1778754180.529189 0.279778 -20.165010 0.310380 0.006794 0.015154 0.651855 0.758162
1778754180.629567 0.286602 -20.112644 0.312503 0.005949 0.008594 0.634824 0.772586
1778754180.653812 0.301422 -20.027552 0.292637 0.006569 -0.002094 0.616976 0.786952
1778754180.707666 0.307198 -20.016342 0.304791 0.009360 0.018791 0.608972 0.792913
1778754180.756574 0.321308 -19.962954 0.313811 0.013292 0.025487 0.601027 0.798711
1778754180.809065 0.338373 -19.905628 0.317719 0.009939 0.011160 0.589438 0.807675
1778754180.865163 0.361279 -19.858162 0.303663 0.012689 0.019464 0.581567 0.813166
1778754180.915086 0.367217 -19.818247 0.308739 0.012515 0.014044 0.571575 0.820334
1778754180.969610 0.383785 -19.779339 0.310881 0.007759 0.009514 0.567028 0.823607
1778754181.023776 0.405232 -19.738108 0.306491 0.004133 0.015742 0.564248 0.825445
1778754181.080442 0.420143 -19.703335 0.299045 -0.007791 0.005122 0.559710 0.828636
1778754181.130053 0.432391 -19.683464 0.300490 -0.009859 -0.005160 0.556331 0.830887
1778754181.183038 0.440661 -19.663202 0.308763 -0.007651 0.001834 0.555255 0.831643
1778754181.237306 0.444718 -19.642796 0.312593 -0.015909 0.003575 0.552419 0.833407
1778754181.291288 0.448910 -19.624218 0.312582 -0.021160 0.007854 0.550902 0.834265
1778754181.342496 0.451334 -19.609997 0.311656 -0.018617 0.003849 0.549131 0.835520
1778754181.404608 0.455332 -19.596884 0.311803 -0.018096 0.001894 0.547586 0.836552
1778754181.453747 0.456994 -19.585817 0.308193 -0.017576 0.000385 0.546768 0.837100
1778754181.504074 0.458961 -19.579777 0.310050 -0.019151 -0.001231 0.547532 0.836565
1778754181.556597 0.461185 -19.577011 0.310692 -0.018483 -0.003335 0.547534 0.836573
1778754181.611303 0.463388 -19.570183 0.310753 -0.018269 -0.006696 0.544705 0.838402
1778754181.668598 0.465787 -19.563242 0.309315 -0.014943 -0.006348 0.543045 0.839547
1778754181.718039 0.467482 -19.556732 0.309235 -0.014339 -0.006400 0.543731 0.839113
1778754181.774392 0.470645 -19.551050 0.307327 -0.013980 -0.006456 0.544820 0.838412
1778754181.822832 0.473555 -19.546925 0.303983 -0.012704 -0.006887 0.545653 0.837887
1778754181.877642 0.477229 -19.544849 0.302199 -0.013119 -0.006448 0.546977 0.837020
1778754181.932568 0.478903 -19.543348 0.304619 -0.012567 -0.006211 0.547377 0.836768
1778754181.983545 0.479222 -19.542095 0.305251 -0.012959 -0.006120 0.547078 0.836959
1778754182.041921 0.478674 -19.541634 0.305543 -0.013720 -0.006715 0.547090 0.836935
1778754182.092544 0.477514 -19.541710 0.306809 -0.014827 -0.007988 0.547530 0.836617
1778754182.153402 0.473850 -19.538811 0.315843 -0.020206 -0.015220 0.547901 0.836161
1778754182.200310 0.465453 -19.531256 0.325962 -0.032267 -0.025203 0.546169 0.836674
1778754182.253215 0.452044 -19.523397 0.332619 -0.045900 -0.032359 0.543305 0.837655
1778754182.306062 0.444295 -19.522980 0.337100 -0.052259 -0.034401 0.539563 0.839617
1778754182.362656 0.450730 -19.531845 0.345262 -0.045958 -0.032762 0.535094 0.842905
1778754182.413841 0.472863 -19.527676 0.363057 -0.030377 -0.028379 0.530247 0.846823
1778754182.466231 0.485408 -19.531435 0.368504 -0.004639 -0.004585 0.522846 0.852402
1778754182.519409 0.504798 -19.543127 0.373950 0.031104 0.031112 0.513600 0.856901
1778754182.579959 0.507173 -19.542288 0.386930 0.055625 0.064540 0.502760 0.860217
1778754182.629169 0.494789 -19.542582 0.397898 0.068545 0.090419 0.491041 0.863716
1778754182.683788 0.486108 -19.522404 0.405339 0.069790 0.107779 0.480243 0.867687
1778754182.739478 0.480119 -19.514242 0.411982 0.060404 0.115445 0.467639 0.874264
1778754182.789565 0.474559 -19.509029 0.416272 0.043513 0.114167 0.455271 0.881930
1778754182.850057 0.460120 -19.493757 0.393340 0.018692 0.102898 0.443965 0.889920
1778754182.898638 0.438574 -19.454838 0.347956 -0.016530 0.075501 0.431989 0.898561
1778754182.950077 0.414802 -19.424059 0.342575 -0.056158 0.033931 0.422047 0.904197
1778754183.004860 0.398712 -19.429289 0.370516 -0.090099 -0.004417 0.414002 0.905795
1778754183.054776 0.409460 -19.420280 0.386215 -0.104604 -0.035821 0.405425 0.907417
1778754183.110263 0.421722 -19.417660 0.393341 -0.104540 -0.056948 0.399183 0.909110
1778754183.162741 0.420158 -19.403170 0.402630 -0.103160 -0.067949 0.393394 0.911034
1778754183.218973 0.448109 -19.415747 0.402905 -0.075308 -0.060156 0.393248 0.914367
1778754183.271657 0.455326 -19.452805 0.317772 -0.030148 -0.024479 0.395825 0.917504
1778754183.340694 0.481036 -19.489988 0.333322 0.009567 0.009075 0.398774 0.916955
1778754183.380047 0.502954 -19.521465 0.346431 0.047352 0.036077 0.401798 0.913792
1778754183.429590 0.511845 -19.556057 0.369607 0.074770 0.048240 0.405101 0.909932
1778754183.485919 0.517092 -19.560307 0.357497 0.079208 0.045489 0.412410 0.906408
1778754183.538821 0.501141 -19.540688 0.371584 0.079564 0.038924 0.420309 0.903048
1778754183.591959 0.498562 -19.531504 0.333192 0.076495 0.037445 0.425024 0.901167
1778754183.642757 0.487266 -19.518015 0.330532 0.059219 0.033590 0.431880 0.899358
1778754183.697257 0.471147 -19.507858 0.336306 0.036799 0.028863 0.435757 0.898849
1778754183.761688 0.449930 -19.499514 0.337737 0.014819 0.025548 0.437225 0.898867
1778754183.810772 0.436073 -19.481380 0.340971 -0.012636 0.016196 0.439892 0.897816
1778754183.866517 0.430965 -19.484497 0.351874 -0.035675 0.006625 0.442901 0.895836
1778754183.921968 0.427316 -19.490545 0.371787 -0.050494 0.002645 0.444930 0.894137
1778754183.978615 0.432473 -19.486034 0.344087 -0.047452 0.004265 0.444127 0.894696
1778754184.034123 0.441679 -19.489639 0.337998 -0.035153 0.004818 0.441467 0.896576
1778754184.083084 0.452403 -19.508989 0.347246 -0.019801 0.003092 0.436018 0.899715
1778754184.140285 0.458644 -19.517656 0.359148 -0.001748 0.000098 0.427925 0.903812
1778754184.189767 0.458981 -19.522448 0.368691 0.015339 -0.003544 0.419546 0.907598
1778754184.244887 0.465636 -19.522800 0.373957 0.026432 -0.017095 0.411382 0.910920
1778754184.297894 0.461917 -19.532560 0.380146 0.033373 -0.027609 0.403584 0.913917
1778754184.350584 0.459216 -19.531015 0.387531 0.033849 -0.037661 0.397335 0.916276
1778754184.400973 0.452981 -19.529013 0.395773 0.029201 -0.044089 0.392943 0.918041
1778754184.461952 0.446188 -19.518944 0.403830 0.024810 -0.048839 0.390696 0.918888
1778754184.513289 0.443838 -19.505293 0.409894 0.018388 -0.054893 0.391317 0.918433
1778754184.573214 0.435200 -19.492144 0.414696 0.015022 -0.059537 0.394688 0.916762
1778754184.622364 0.430593 -19.478647 0.416044 0.014541 -0.061968 0.399421 0.914555
1778754184.683462 0.425856 -19.466944 0.414839 0.016572 -0.060036 0.404776 0.912293
1778754184.726133 0.420087 -19.457756 0.412199 0.019627 -0.054828 0.410229 0.910122
1778754184.791795 0.415319 -19.451292 0.408892 0.019416 -0.047384 0.415852 0.907990
1778754184.834755 0.411375 -19.445589 0.356751 0.012392 -0.039747 0.420963 0.906122
1778754184.886251 0.405421 -19.436182 0.347760 0.002584 -0.033789 0.424504 0.904792
1778754184.944546 0.410413 -19.436666 0.365854 -0.008829 -0.027975 0.426285 0.904113
1778754185.000096 0.405291 -19.434340 0.346822 -0.031058 -0.022800 0.425378 0.904195
1778754185.056773 0.407196 -19.448265 0.367000 -0.055460 -0.019263 0.422964 0.904243
1778754185.104855 0.397915 -19.435719 0.383233 -0.074624 -0.014628 0.419478 0.904575
1778754185.166488 0.388276 -19.419466 0.394890 -0.084988 -0.005491 0.414611 0.906005
1778754185.210315 0.380090 -19.418421 0.404964 -0.087200 0.005504 0.408525 0.908556
1778754185.263663 0.398403 -19.427837 0.371854 -0.072675 0.015332 0.401472 0.912855
1778754185.319462 0.408486 -19.452700 0.361532 -0.049485 0.024519 0.394016 0.917443
1778754185.370955 0.401915 -19.470303 0.358092 -0.027085 0.026537 0.384379 0.922397
1778754185.424557 0.386890 -19.469088 0.363346 0.000560 0.023824 0.371905 0.927965
1778754185.475601 0.380576 -19.462099 0.375292 0.027060 0.011592 0.363164 0.931260
1778754185.529231 0.392072 -19.454817 0.379410 0.042807 -0.014453 0.356793 0.933090
1778754185.581107 0.384375 -19.457701 0.387710 0.053142 -0.036484 0.350475 0.934351
1778754185.632770 0.377336 -19.434738 0.399675 0.050155 -0.057157 0.345227 0.935434
1778754185.686408 0.367217 -19.423838 0.408408 0.037596 -0.067490 0.342270 0.936420
1778754185.739445 0.361882 -19.416965 0.415316 0.025719 -0.073066 0.340097 0.937195
1778754185.802359 0.365777 -19.415884 0.416594 0.014922 -0.072108 0.339469 0.937730
1778754185.849424 0.374122 -19.420313 0.412211 0.007393 -0.065014 0.338690 0.938620
1778754185.901091 0.377173 -19.425375 0.405791 0.006496 -0.053409 0.337349 0.939841
1778754185.957134 0.382674 -19.432173 0.397712 0.011916 -0.039298 0.335075 0.941296
1778754186.007319 0.389359 -19.444529 0.387863 0.023860 -0.021795 0.330484 0.943258
1778754186.069892 0.399453 -19.451653 0.379416 0.040164 -0.007245 0.323891 0.945214
1778754186.116370 0.399967 -19.445553 0.379281 0.056172 0.007044 0.314647 0.947519
1778754186.167278 0.396019 -19.435970 0.383074 0.065173 0.015720 0.302761 0.950706
1778754186.225863 0.392911 -19.422794 0.381182 0.065566 0.017931 0.288685 0.955008
1778754186.271767 0.387418 -19.427570 0.375304 0.055348 0.013119 0.270737 0.960971
1778754186.329394 0.377984 -19.448208 0.371819 0.032689 0.000758 0.248793 0.968005
1778754186.380589 0.367653 -19.462729 0.375047 0.004335 -0.015912 0.222615 0.974767
1778754186.432861 0.350847 -19.469213 0.383978 -0.023922 -0.032990 0.189796 0.980978
1778754186.506274 0.331848 -19.477861 0.395373 -0.041896 -0.049747 0.151775 0.986273
1778754186.542279 0.317326 -19.493507 0.405023 -0.043753 -0.065399 0.110230 0.990787
1778754186.602787 0.307414 -19.518215 0.409683 -0.029905 -0.078035 0.063103 0.994502
1778754186.649084 0.307184 -19.545391 0.387235 -0.003635 -0.086897 0.012502 0.996132
1778754186.701752 0.303010 -19.569937 0.376009 0.031663 -0.091196 -0.030845 0.994851
1778754186.759315 0.295593 -19.579819 0.361608 0.076361 -0.099194 -0.075431 0.989262
1778754186.807022 0.301278 -19.570992 0.345977 0.124007 -0.113436 -0.121539 0.978255
1778754186.861423 0.341764 -19.535000 0.353822 0.094160 -0.050765 -0.169569 0.979696
1778754186.914216 0.375088 -19.485735 0.335805 -0.013822 -0.016759 -0.186820 0.982154
1778754186.966362 0.391467 -19.453156 0.328795 -0.012160 -0.010615 -0.183419 0.982902
1778754187.021050 0.411135 -19.415022 0.330364 -0.032729 -0.002094 -0.180768 0.982979
1778754187.072173 0.436238 -19.390743 0.330603 -0.055612 0.008858 -0.176411 0.982704
1778754187.137140 0.464261 -19.391653 0.255290 -0.058388 0.050019 -0.184067 0.979902
1778754187.183260 0.449182 -19.425934 0.241104 -0.037510 0.092757 -0.192599 0.976163
1778754187.239726 0.453838 -19.404692 0.264720 0.030300 0.058438 -0.220773 0.973101
1778754187.285671 0.453550 -19.400173 0.285379 0.051266 0.026501 -0.237466 0.969680
1778754187.339235 0.455015 -19.392340 0.300418 0.032530 0.034632 -0.240445 0.969499
1778754187.402508 0.452356 -19.392561 0.299517 0.027233 0.035971 -0.237870 0.970249
1778754187.445892 0.447120 -19.394268 0.297899 0.026856 0.031613 -0.232293 0.971761
1778754187.501407 0.443331 -19.396635 0.295827 0.026811 0.024362 -0.226341 0.973374
1778754187.552172 0.440549 -19.397921 0.295340 0.023824 0.022699 -0.222331 0.974416
1778754187.639513 0.438393 -19.397900 0.295352 0.024174 0.021321 -0.221094 0.974720
1778754187.659099 0.436298 -19.397518 0.295164 0.024587 0.020285 -0.219558 0.975079
1778754187.708995 0.434607 -19.397226 0.295127 0.024756 0.019645 -0.218818 0.975254
1778754187.775205 0.432979 -19.397020 0.295023 0.025003 0.018868 -0.218103 0.975423
1778754187.818175 0.431058 -19.396799 0.294947 0.025214 0.018205 -0.216826 0.975715
1778754187.872468 0.430147 -19.396751 0.294942 0.025188 0.018004 -0.215992 0.975904
1778754187.928383 0.429070 -19.396547 0.294940 0.025264 0.017821 -0.215386 0.976040
1778754187.978771 0.428618 -19.396536 0.294983 0.025312 0.017801 -0.214971 0.976130
1778754188.039678 0.428195 -19.396450 0.294976 0.025262 0.017763 -0.214675 0.976197
1778754188.085384 0.427826 -19.396418 0.294995 0.025358 0.017740 -0.214535 0.976226
1778754188.156669 0.427273 -19.396305 0.295003 0.025359 0.017611 -0.214242 0.976293
1778754188.193945 0.427007 -19.396221 0.294976 0.025459 0.017498 -0.214212 0.976299
1778754188.246924 0.426665 -19.396257 0.295001 0.025546 0.017443 -0.213895 0.976367
1778754188.302418 0.426262 -19.396282 0.295029 0.025612 0.017343 -0.213522 0.976449
1778754188.362091 0.425960 -19.396212 0.295002 0.025613 0.017216 -0.213419 0.976473
1778754188.405173 0.425438 -19.396158 0.295007 0.025651 0.017016 -0.213102 0.976545
1778754188.466618 0.425002 -19.396166 0.295046 0.025668 0.017024 -0.212669 0.976639
1778754188.513641 0.424641 -19.396200 0.295078 0.025777 0.016926 -0.212392 0.976698
1778754188.568260 0.424406 -19.396124 0.295099 0.025786 0.016887 -0.212338 0.976710
1778754188.618843 0.424240 -19.396067 0.295112 0.025769 0.016885 -0.212316 0.976715
1778754188.672585 0.424046 -19.396000 0.295137 0.025770 0.016884 -0.212230 0.976734
1778754188.731485 0.423936 -19.395931 0.295141 0.025785 0.016989 -0.212216 0.976735
1778754188.779055 0.423800 -19.395876 0.295166 0.025819 0.017099 -0.212235 0.976728
1778754188.836541 0.423605 -19.395813 0.295218 0.025842 0.017097 -0.212227 0.976729
1778754188.886810 0.423372 -19.395744 0.295249 0.025844 0.017137 -0.212155 0.976744
1778754188.943711 0.423262 -19.395685 0.295273 0.025856 0.017125 -0.212236 0.976726
1778754188.992089 0.423211 -19.395687 0.295269 0.025927 0.017101 -0.212217 0.976729
1778754189.047154 0.423120 -19.395712 0.295274 0.025997 0.017084 -0.212176 0.976736
1778754189.101353 0.423137 -19.395716 0.295279 0.025997 0.017157 -0.212109 0.976749
1778754189.154111 0.423006 -19.395727 0.295350 0.026043 0.017225 -0.212012 0.976768
1778754189.207661 0.423041 -19.395695 0.295403 0.026032 0.017326 -0.212081 0.976752
1778754189.259148 0.422913 -19.395691 0.295425 0.026061 0.017299 -0.212048 0.976759
1778754189.312160 0.422893 -19.395702 0.295397 0.026113 0.017307 -0.212021 0.976763
1778754189.366895 0.422766 -19.395685 0.295398 0.026153 0.017353 -0.211948 0.976777
1778754189.422074 0.422732 -19.395660 0.295427 0.026178 0.017411 -0.211978 0.976769
1778754189.479953 0.422685 -19.395634 0.295462 0.026173 0.017444 -0.211973 0.976769
1778754189.532228 0.422595 -19.395620 0.295492 0.026192 0.017445 -0.211972 0.976769
1778754189.595077 0.422531 -19.395607 0.295546 0.026217 0.017492 -0.211975 0.976767
1778754189.642324 0.422508 -19.395597 0.295561 0.026276 0.017516 -0.212002 0.976759
1778754189.692008 0.422471 -19.395611 0.295569 0.026316 0.017504 -0.212026 0.976753
1778754189.747981 0.422477 -19.395617 0.295582 0.026325 0.017546 -0.211984 0.976761
1778754189.803808 0.422472 -19.395611 0.295589 0.026289 0.017603 -0.211951 0.976768
1778754189.860721 0.422489 -19.395622 0.295595 0.026338 0.017610 -0.211979 0.976761
1778754189.911911 0.422493 -19.395662 0.295635 0.026403 0.017653 -0.211979 0.976758
1778754189.973116 0.422464 -19.395683 0.295681 0.026425 0.017678 -0.211975 0.976758
1778754190.018995 0.422443 -19.395670 0.295708 0.026443 0.017713 -0.211957 0.976761
1778754190.072557 0.422426 -19.395649 0.295710 0.026446 0.017772 -0.211952 0.976761
1778754190.134939 0.422443 -19.395679 0.295718 0.026477 0.017778 -0.211949 0.976760
1778754190.179068 0.422465 -19.395695 0.295756 0.026483 0.017853 -0.211919 0.976765
1778754190.247254 0.422476 -19.395702 0.295786 0.026499 0.017956 -0.211879 0.976772
1778754190.285916 0.422500 -19.395704 0.295804 0.026505 0.017996 -0.211890 0.976768
1778754190.345786 0.422552 -19.395737 0.295844 0.026532 0.018065 -0.211892 0.976766
1778754190.404963 0.422546 -19.395756 0.295865 0.026559 0.018069 -0.211899 0.976764
1778754190.453144 0.422543 -19.395773 0.295899 0.026565 0.018144 -0.211794 0.976785
1778754190.509353 0.422520 -19.395775 0.295912 0.026573 0.018197 -0.211783 0.976786
1778754190.556727 0.422579 -19.395775 0.295945 0.026588 0.018230 -0.211846 0.976771
1778754190.630528 0.422584 -19.395807 0.295955 0.026636 0.018285 -0.211785 0.976782
1778754190.670213 0.422602 -19.395798 0.295981 0.026613 0.018338 -0.211803 0.976778
1778754190.718178 0.422597 -19.395821 0.295952 0.026645 0.018374 -0.211744 0.976789
1778754190.774875 0.422613 -19.395826 0.295984 0.026683 0.018361 -0.211775 0.976782
1778754190.824693 0.422582 -19.395874 0.296010 0.026740 0.018370 -0.211717 0.976793
1778754190.876010 0.422604 -19.395901 0.296015 0.026782 0.018450 -0.211705 0.976793
1778754190.932714 0.422556 -19.395924 0.296028 0.026814 0.018428 -0.211618 0.976811
1778754190.990917 0.422583 -19.395950 0.296062 0.026820 0.018470 -0.211594 0.976815
1778754191.043825 0.425453 -19.398407 0.297150 0.025163 0.017736 -0.211380 0.976919
1778754191.095282 0.428578 -19.400375 0.299947 0.020290 0.014840 -0.209728 0.977437
1778754191.148965 0.437129 -19.404013 0.300709 0.016326 0.012368 -0.210697 0.977337
1778754191.202400 0.450532 -19.409870 0.303217 0.013009 0.015021 -0.212967 0.976857
1778754191.258759 0.464096 -19.417034 0.306291 0.009681 0.026450 -0.213512 0.976534
1778754191.825646 0.488204 -19.428381 0.307380 0.014592 0.031593 -0.211029 0.976860
1778754191.834129 0.521215 -19.436779 0.301493 0.003281 0.020876 -0.210734 0.977315
1778754191.848391 0.545172 -19.456244 0.299227 0.014651 0.011294 -0.206987 0.978169
1778754191.870170 0.574300 -19.468533 0.303653 0.012410 0.002357 -0.209168 0.977798
1778754191.888311 0.607873 -19.483854 0.306720 0.001458 -0.003287 -0.211323 0.977410
1778754191.902554 0.643209 -19.499781 0.295212 -0.008334 0.004193 -0.210617 0.977524
1778754191.907195 0.672903 -19.511703 0.296309 -0.005662 0.003605 -0.209111 0.977869
1778754191.922935 0.694352 -19.518679 0.305490 -0.009005 0.005348 -0.210847 0.977463
1778754191.943231 0.715212 -19.529718 0.307775 -0.008553 0.008504 -0.209052 0.977830
1778754191.955232 0.736997 -19.541468 0.308293 -0.004199 0.013719 -0.207739 0.978079
1778754191.993199 0.778202 -19.560677 0.308596 -0.008555 0.008277 -0.196399 0.980452
1778754192.038644 0.798304 -19.567759 0.307282 -0.010221 0.002510 -0.193449 0.981054
1778754192.051387 0.818891 -19.574812 0.306446 -0.004993 0.002585 -0.191615 0.981454
1778754192.119150 0.843886 -19.580549 0.307634 -0.001626 0.008583 -0.188486 0.982037
1778754192.128750 0.870194 -19.587576 0.307278 0.003616 0.007599 -0.191285 0.981498
1778754192.182113 0.901487 -19.596424 0.310131 -0.007889 0.008092 -0.207119 0.978251
1778754192.238313 0.936364 -19.613997 0.317717 -0.026411 0.016610 -0.232290 0.972146
1778754192.272711 0.967893 -19.630774 0.308776 -0.001431 0.008001 -0.272444 0.962137
1778754192.329355 1.000703 -19.647709 0.311281 -0.019235 0.009972 -0.318385 0.947714
1778754192.377978 1.026836 -19.670235 0.299475 -0.025597 0.004737 -0.362291 0.931701
1778754192.469790 1.055338 -19.707016 0.290742 -0.020115 -0.006935 -0.414743 0.909690
1778754192.482880 1.081665 -19.742723 0.307898 0.028111 -0.010186 -0.462793 0.885962
1778754192.537224 1.106915 -19.781172 0.319726 0.025475 -0.019583 -0.522885 0.851798
1778754192.592933 1.120637 -19.835138 0.323667 0.019141 -0.017729 -0.592324 0.805277
1778754192.644408 1.129525 -19.870955 0.313162 0.036705 -0.042567 -0.646697 0.760674
1778754192.710131 1.145809 -19.904430 0.316555 0.012788 -0.013227 -0.705177 0.708793
1778754192.754390 1.153114 -19.944834 0.293554 -0.008759 -0.015859 -0.755072 0.655392
1778754192.804160 1.110387 -19.989626 0.310380 0.021516 -0.041446 -0.793451 0.606840
1778754192.883148 1.107629 -20.040621 0.320572 0.044604 -0.043470 -0.827887 0.557427
1778754192.911533 1.078281 -20.087706 0.327126 0.040741 -0.041461 -0.866188 0.496326
1778754192.961627 1.052130 -20.118736 0.311636 0.047135 -0.035726 -0.894949 0.442231
1778754193.019264 1.033117 -20.135592 0.308990 0.038247 -0.044576 -0.917482 0.393416
1778754193.077540 1.011616 -20.184387 0.305367 0.021247 -0.031474 -0.936743 0.347952
1778754193.126671 0.961090 -20.234983 0.293646 0.004897 -0.024351 -0.949408 0.313063
1778754193.174715 0.905319 -20.262476 0.304251 0.036423 -0.048418 -0.953942 0.293810
1778754193.229445 0.861312 -20.297850 0.314786 0.045634 -0.049219 -0.960522 0.269988
1778754193.280086 0.811596 -20.322226 0.307880 0.041848 -0.034661 -0.967974 0.245101
1778754193.338595 0.761327 -20.338446 0.300325 0.045203 -0.053165 -0.971114 0.228185
1778754193.392858 0.718033 -20.360790 0.302310 0.032902 -0.037225 -0.976154 0.211317
1778754193.442907 0.664544 -20.383583 0.292395 0.021658 -0.026017 -0.979176 0.200171
1778754193.513028 0.628871 -20.406311 0.299401 0.015014 -0.003054 -0.981772 0.189443
1778754193.552488 0.574743 -20.417015 0.306803 0.028071 -0.026308 -0.981437 0.187886
1778754193.616588 0.523392 -20.436443 0.310177 0.026222 -0.023322 -0.983221 0.179010
1778754193.658553 0.465128 -20.457258 0.292681 0.023348 -0.014652 -0.985038 0.170120
1778754193.712266 0.468195 -20.464088 0.306023 0.038403 -0.005773 -0.985898 0.162781
1778754193.777281 0.417023 -20.483923 0.313374 0.025271 -0.001988 -0.987039 0.158466
1778754193.815123 0.366889 -20.502960 0.312683 0.009654 0.005445 -0.987447 0.157562
1778754193.879902 0.300416 -20.524715 0.302100 0.005763 0.007664 -0.987729 0.155883
1778754193.924830 0.277547 -20.522419 0.307796 0.029409 -0.002380 -0.987326 0.155938
1778754193.995222 0.220337 -20.541498 0.316131 0.030282 -0.005426 -0.987805 0.152628
1778754194.028889 0.164324 -20.558315 0.316715 0.020582 -0.000024 -0.988563 0.149398
1778754194.075188 0.106468 -20.571320 0.310910 0.025558 0.001494 -0.988642 0.148095
1778754194.139165 0.104822 -20.573334 0.310129 0.035970 0.007451 -0.988755 0.144966
1778754194.176790 0.049720 -20.589230 0.313334 0.025965 0.009853 -0.989155 0.144226
1778754194.234941 -0.010907 -20.607687 0.301458 0.015927 0.011673 -0.989125 0.145749
1778754194.286508 -0.036792 -20.614729 0.307368 0.018408 0.021166 -0.989032 0.145011
1778754194.341472 -0.095377 -20.631535 0.315295 0.022318 0.008524 -0.988858 0.146933
1778754194.413671 -0.149949 -20.650972 0.316149 0.016609 0.012607 -0.989139 0.145500
1778754194.449130 -0.211387 -20.664293 0.310362 0.022479 0.005204 -0.988935 0.146544
1778754194.502254 -0.229956 -20.675835 0.315274 0.023358 0.007231 -0.989211 0.144440
1778754194.557421 -0.282912 -20.693665 0.318719 0.008486 0.011990 -0.989069 0.146718
1778754194.609666 -0.345069 -20.713890 0.308561 -0.002869 0.010601 -0.988707 0.149457
1778754194.665473 -0.398703 -20.722776 0.308765 0.019894 0.000009 -0.988316 0.151118
1778754194.713901 -0.456154 -20.744431 0.314756 0.029881 -0.009129 -0.987876 0.152069
1778754194.768938 -0.513079 -20.763554 0.317464 0.023861 -0.001557 -0.988451 0.149640
1778754194.847511 -0.579354 -20.781437 0.305702 0.023816 0.006063 -0.988476 0.149371
1778754194.874569 -0.588856 -20.785515 0.313015 0.029504 -0.000282 -0.988573 0.147826
1778754194.928434 -0.642751 -20.804632 0.318846 0.018219 0.007602 -0.988657 0.148886
1778754194.981301 -0.702550 -20.824495 0.317901 0.002230 0.007150 -0.988287 0.152424
1778754195.042684 -0.769035 -20.845304 0.308649 0.010327 0.002181 -0.988040 0.153834
1778754195.088593 -0.802361 -20.855589 0.315965 0.028419 -0.007658 -0.986955 0.158281
1778754195.136750 -0.856399 -20.873789 0.321038 0.023936 -0.005776 -0.987234 0.157361
1778754195.199086 -0.911275 -20.896439 0.298731 0.017031 0.005846 -0.987417 0.157108
1778754195.257291 -0.926739 -20.893620 0.305926 0.018802 -0.007966 -0.987274 0.157713
1778754195.329572 -0.972438 -20.910172 0.314736 0.013090 -0.000283 -0.987843 0.154904
1778754195.352413 -1.029546 -20.928814 0.317504 0.000400 0.001155 -0.987407 0.158196
1778754195.404365 -1.096419 -20.955538 0.307136 0.000428 0.002588 -0.988150 0.153469
1778754195.471966 -1.144887 -20.970453 0.314562 0.018985 -0.010808 -0.989956 0.139680
1778754195.547146 -1.203916 -20.985992 0.319862 0.013727 -0.005006 -0.993961 0.108755
1778754195.565229 -1.262968 -20.991461 0.310251 0.010948 0.014273 -0.997265 0.071694
1778754195.620036 -1.314648 -20.994667 0.309889 0.012550 -0.020093 -0.998958 0.039005
1778754195.678280 -1.371849 -21.000608 0.313922 0.010029 -0.004824 -0.999919 0.006181
1778754195.740955 -1.424989 -21.007811 0.293486 -0.002345 -0.003526 -0.999903 -0.013298
1778754195.785169 -1.472108 -21.004509 0.304000 0.012152 -0.019013 -0.999347 -0.028210
1778754195.849165 -1.532170 -21.004213 0.314608 0.030284 -0.033784 -0.998144 -0.040618
1778754195.894500 -1.588323 -21.000189 0.318046 0.030017 -0.023479 -0.997678 -0.056458
1778754195.960345 -1.644935 -20.986513 0.309719 0.029924 -0.025082 -0.996663 -0.071682
1778754196.005793 -1.684211 -20.980274 0.307781 0.012946 -0.025844 -0.994910 -0.096532
1778754196.054312 -1.734917 -20.973055 0.314976 0.002829 -0.010332 -0.992460 -0.122099
1778754196.111137 -1.791767 -20.959679 0.316246 -0.012512 -0.002740 -0.989656 -0.142887
1778754196.163832 -1.854431 -20.935852 0.306988 -0.006812 -0.013456 -0.987133 -0.159187
1778754196.234726 -1.902329 -20.921537 0.310212 0.012287 -0.036267 -0.984851 -0.169126
1778754196.270346 -1.953169 -20.901249 0.314584 0.007907 -0.030411 -0.982269 -0.184826
1778754196.329890 -2.007942 -20.876196 0.316479 -0.001485 -0.015989 -0.980033 -0.198186
1778754196.383646 -2.050107 -20.854397 0.308804 0.007435 -0.019877 -0.977855 -0.208206
1778754196.435944 -2.107493 -20.833424 0.310747 0.007433 -0.010040 -0.975719 -0.218668
1778754196.488236 -2.163044 -20.811268 0.313925 -0.004096 0.002063 -0.976992 -0.213226
1778754196.535126 -2.231663 -20.790409 0.310803 -0.004382 0.004647 -0.980805 -0.194887
1778754196.588741 -2.244938 -20.782888 0.312483 0.005558 0.006929 -0.984941 -0.172662
1778754196.658745 -2.297265 -20.765951 0.317029 0.011968 0.003474 -0.987473 -0.157296
1778754196.695064 -2.357588 -20.747309 0.318716 0.005807 0.013939 -0.989446 -0.144114
1778754196.810475 -2.408270 -20.728497 0.310477 0.011171 0.010104 -0.991445 -0.129654
1778754196.815228 -2.464448 -20.708332 0.310490 0.013181 0.012775 -0.994196 -0.106010
1778754196.873609 -2.521391 -20.698549 0.313684 0.007750 0.019615 -0.997347 -0.069667
1778754196.912261 -2.579902 -20.706415 0.308854 0.007287 0.046411 -0.998630 -0.023047
1778754196.961569 -2.632411 -20.691910 0.313885 0.001985 0.026447 -0.999106 0.032916
1778754197.013978 -2.674669 -20.699970 0.318346 -0.005603 0.042080 -0.994439 0.096382
1778754197.070963 -2.687535 -20.711838 0.287762 -0.025218 0.037345 -0.986200 0.159306
1778754197.124839 -2.686323 -20.713634 0.303605 0.001676 0.061020 -0.977300 0.202874
1778754197.180483 -2.743416 -20.734110 0.314942 0.009682 0.052059 -0.969922 0.237588
1778754197.231468 -2.789019 -20.762739 0.303151 -0.002047 0.042246 -0.961349 0.272064
1778754197.295857 -2.826938 -20.785517 0.308240 -0.017806 0.045160 -0.952286 0.301321
1778754197.340648 -2.875535 -20.813725 0.317664 -0.017793 0.026876 -0.940368 0.338630
1778754197.399268 -2.909083 -20.846590 0.319791 -0.026875 0.024165 -0.922287 0.384813
1778754197.444901 -2.946346 -20.881519 0.291466 -0.046441 0.015859 -0.896411 0.440498
1778754197.497797 -2.917886 -20.857151 0.301700 -0.030195 0.052830 -0.871222 0.487103
1778754197.551460 -2.951686 -20.902414 0.313341 -0.016651 0.047617 -0.848537 0.526726
1778754197.603318 -2.976001 -20.958693 0.320472 -0.011391 0.038999 -0.825267 0.563280
1778754197.652158 -2.996273 -21.008638 0.306513 -0.030028 0.046389 -0.806412 0.588767
1778754197.705245 -3.019229 -21.057411 0.311058 -0.021134 0.030143 -0.787878 0.614730
1778754197.759174 -3.027871 -21.115618 0.310146 -0.036445 0.033372 -0.769187 0.637110
1778754197.814734 -3.037958 -21.172852 0.301388 -0.040517 0.028575 -0.744096 0.666230
1778754197.864806 -3.040845 -21.143099 0.307811 -0.027395 0.053353 -0.718559 0.692876
1778754197.920064 -3.043263 -21.203259 0.312693 -0.025609 0.055380 -0.684412 0.726538
1778754197.971321 -3.030139 -21.237314 0.301435 -0.030345 0.059612 -0.640351 0.765164
1778754198.024443 -3.023099 -21.267841 0.304179 -0.064338 0.048322 -0.587247 0.805398
1778754198.088016 -3.023123 -21.305237 0.297899 -0.053004 0.056331 -0.529821 0.844575
1778754198.131365 -2.992401 -21.317535 0.296695 -0.077946 0.072119 -0.472448 0.874938
1778754198.191962 -3.015200 -21.324621 0.306412 -0.061948 0.044340 -0.407286 0.910118
1778754198.234923 -2.996697 -21.360447 0.313210 -0.056493 0.061809 -0.350645 0.932757
1778754198.286933 -2.969515 -21.382805 0.314492 -0.043215 0.065465 -0.286469 0.954873
1778754198.343093 -2.941534 -21.410076 0.318800 -0.058090 0.045902 -0.231300 0.970061
1778754198.395100 -2.921330 -21.436844 0.320733 -0.024134 0.034127 -0.180981 0.982598
1778754198.451535 -2.898432 -21.454454 0.323039 -0.030547 0.024386 -0.134315 0.990168
1778754198.501306 -2.860637 -21.473936 0.305311 -0.028172 0.001780 -0.094006 0.995171
1778754198.556125 -2.847170 -21.458273 0.303242 -0.062839 0.037953 -0.073283 0.994606
1778754198.619015 -2.804392 -21.470827 0.312559 -0.061044 0.048675 -0.049568 0.995715
1778754198.658463 -2.754280 -21.473764 0.315722 -0.056566 0.043401 -0.026935 0.997091
1778754198.717064 -2.688440 -21.482862 0.306336 -0.038459 0.036533 -0.016570 0.998455
1778754198.768154 -2.644703 -21.491457 0.308930 -0.023052 0.041276 -0.022390 0.998631
1778754198.826268 -2.590449 -21.495617 0.311448 -0.020777 0.033019 -0.042015 0.998355
1778754198.877496 -2.534627 -21.498449 0.301107 -0.039128 0.035556 -0.074372 0.995828
1778754198.927942 -2.508852 -21.512768 0.309175 0.006620 0.018828 -0.119503 0.992633
1778754198.982338 -2.461441 -21.514065 0.314700 -0.013310 0.018862 -0.173233 0.984610
1778754199.035084 -2.420876 -21.525661 0.287858 -0.020590 -0.000027 -0.226149 0.973875
1778754199.092777 -2.385699 -21.570196 0.308134 0.036581 0.008085 -0.263924 0.963816
1778754199.142625 -2.335815 -21.595573 0.318993 0.045980 0.016275 -0.297926 0.953342
1778754199.194668 -2.293452 -21.628105 0.325019 0.034496 0.012254 -0.336160 0.941093
1778754199.248582 -2.255736 -21.670242 0.306471 0.033166 0.019912 -0.366633 0.929561
1778754199.302405 -2.238138 -21.695652 0.309838 0.040984 0.003313 -0.391062 0.919446
1778754199.356619 -2.193679 -21.735916 0.313964 0.022536 -0.001940 -0.415451 0.909334
1778754199.409101 -2.151588 -21.786346 0.297413 0.014685 -0.006473 -0.431427 0.902005
1778754199.469122 -2.161250 -21.782757 0.305481 0.020812 -0.001574 -0.440410 0.897554
1778754199.519087 -2.131284 -21.830229 0.312805 0.032279 -0.006514 -0.451273 0.891778
1778754199.569670 -2.100699 -21.881437 0.315819 0.023866 -0.013314 -0.464215 0.885301
1778754199.622147 -2.073368 -21.937458 0.307002 0.023657 -0.008803 -0.472518 0.880960
1778754199.675409 -2.067518 -21.944633 0.308418 0.023625 0.000762 -0.483609 0.874965
1778754199.731648 -2.040026 -21.992693 0.312348 0.012308 -0.008598 -0.489126 0.872084
1778754199.782337 -2.009856 -22.047577 0.314974 0.004683 -0.016047 -0.492522 0.870139
1778754199.842067 -1.977362 -22.096363 0.308937 0.000293 -0.005336 -0.496717 0.867896
1778754199.885071 -1.964294 -22.130270 0.312621 0.014141 -0.009888 -0.495598 0.868381
1778754199.940780 -1.936695 -22.180536 0.317565 0.003917 -0.014417 -0.500329 0.865707
1778754199.988891 -1.910676 -22.236940 0.308563 -0.005651 -0.018209 -0.503981 0.863504
1778754200.040577 -1.892484 -22.270618 0.310211 0.002383 0.005396 -0.508630 0.860965
1778754200.094104 -1.870305 -22.322790 0.314152 0.003737 0.002357 -0.513098 0.858319
1778754200.157976 -1.842949 -22.375225 0.317238 -0.001382 -0.004972 -0.512158 0.858876
1778754200.202784 -1.819074 -22.434053 0.304054 0.006468 -0.001477 -0.511693 0.859143
1778754200.258187 -1.801508 -22.471560 0.306130 -0.005246 0.002145 -0.515907 0.856626
1778754200.306321 -1.783200 -22.515654 0.313712 0.002183 0.001289 -0.525929 0.850525
1778754200.367822 -1.764283 -22.552122 0.315737 -0.006999 0.005064 -0.542630 0.839927
1778754200.425600 -1.748410 -22.603638 0.313645 0.000407 0.006050 -0.558701 0.829347
1778754200.465159 -1.728689 -22.634525 0.315535 -0.005194 0.007967 -0.582932 0.812466
1778754200.520789 -1.718139 -22.665409 0.318853 -0.006894 0.004899 -0.603267 0.797495
1778754200.569751 -1.707650 -22.697363 0.314963 -0.006089 0.000512 -0.620342 0.784308
1778754200.630974 -1.701618 -22.725857 0.314947 -0.003206 -0.002666 -0.630509 0.776171
1778754200.675533 -1.694784 -22.773973 0.304465 0.004602 0.004094 -0.646852 0.762591
1778754200.727097 -1.694771 -22.806265 0.305399 0.004787 -0.000795 -0.656404 0.754394
1778754200.786164 -1.697476 -22.833229 0.311476 0.011547 -0.012503 -0.662809 0.748595
1778754200.835831 -1.697856 -22.863056 0.314353 0.011736 -0.018319 -0.671110 0.741038
1778754200.893089 -1.701025 -22.895533 0.313002 0.014562 -0.030234 -0.677530 0.734729
1778754200.939411 -1.697865 -22.928116 0.315037 0.009433 -0.007926 -0.688430 0.725199
1778754201.007082 -1.700210 -22.957769 0.316542 0.020379 -0.008657 -0.699794 0.714002
1778754201.058027 -1.697290 -22.982769 0.318290 0.007746 -0.009890 -0.715302 0.698703
1778754201.103558 -1.697755 -23.012558 0.315864 -0.001087 -0.009943 -0.731999 0.681232
1778754201.157357 -1.700090 -23.046284 0.311392 -0.009215 -0.011079 -0.751058 0.660079
1778754201.209703 -1.705603 -23.078060 0.308150 -0.010438 -0.010740 -0.771098 0.636540
1778754201.262165 -1.713760 -23.107635 0.303846 0.000313 -0.005630 -0.786909 0.617043
1778754201.314670 -1.723749 -23.135805 0.305456 0.004398 0.001863 -0.797894 0.602779
1778754201.369039 -1.736444 -23.155313 0.308181 0.001197 -0.013632 -0.810081 0.586158
1778754201.420953 -1.749001 -23.178600 0.308833 -0.001883 -0.020224 -0.821058 0.570484
1778754201.475560 -1.762632 -23.206528 0.306343 -0.008204 -0.020937 -0.830721 0.556234
1778754201.542221 -1.776574 -23.236420 0.307380 -0.004130 -0.000216 -0.841137 0.540806
1778754201.586226 -1.787517 -23.262587 0.309112 -0.001937 -0.008483 -0.848935 0.528425
1778754201.635357 -1.797624 -23.283932 0.311773 -0.005699 -0.010013 -0.858965 0.511905
1778754201.688781 -1.810010 -23.308983 0.309484 -0.010836 -0.011905 -0.871000 0.491019
1778754201.758451 -1.825524 -23.336847 0.305226 -0.017283 -0.012164 -0.881417 0.471866
1778754201.792374 -1.842939 -23.362949 0.302034 -0.016838 -0.011658 -0.889855 0.455784
1778754201.846327 -1.862611 -23.387730 0.296407 -0.004439 -0.009264 -0.896362 0.443203
1778754201.904743 -1.883906 -23.410366 0.303348 -0.004104 -0.001946 -0.900438 0.434961
1778754201.958154 -1.901695 -23.424721 0.307437 -0.008433 -0.011765 -0.905777 0.423508
1778754202.010307 -1.920546 -23.442295 0.307702 -0.009381 -0.015563 -0.910551 0.412997
1778754202.066803 -1.943098 -23.460642 0.305705 -0.014787 -0.020907 -0.914241 0.404361
1778754202.119329 -1.964670 -23.483845 0.304234 -0.016523 -0.007643 -0.918275 0.395525
1778754202.181984 -1.985981 -23.504206 0.305831 -0.007390 -0.007439 -0.921645 0.387892
1778754202.224353 -2.002364 -23.523495 0.309422 -0.006148 -0.005847 -0.922798 0.385190
1778754202.280597 -2.025067 -23.544163 0.311943 -0.005268 -0.007458 -0.924286 0.381593
1778754202.336087 -2.047376 -23.566332 0.311412 -0.006231 -0.008613 -0.925180 0.379380
1778754202.389137 -2.074513 -23.590876 0.309406 -0.000795 -0.009444 -0.925688 0.378168
1778754202.442118 -2.093161 -23.609617 0.306040 -0.005113 -0.000689 -0.926156 0.377107
1778754202.493974 -2.120752 -23.629749 0.307200 -0.005190 -0.006313 -0.926140 0.377091
1778754202.547578 -2.139335 -23.647272 0.309720 -0.003428 -0.013011 -0.926837 0.375224
1778754202.602834 -2.158245 -23.665970 0.310061 -0.005081 -0.008709 -0.928169 0.372023
1778754202.653735 -2.180457 -23.686901 0.308701 -0.007674 -0.004596 -0.929017 0.369930
1778754202.712353 -2.205237 -23.710388 0.306770 -0.007363 0.001291 -0.929477 0.368804
1778754202.763339 -2.226249 -23.731211 0.308798 -0.005567 0.007054 -0.930306 0.366673
1778754202.814914 -2.243092 -23.749920 0.313902 -0.005148 0.006264 -0.930069 0.367295
1778754202.878663 -2.264642 -23.769264 0.315452 -0.002719 0.006612 -0.929755 0.368109
1778754202.919898 -2.285807 -23.790482 0.314494 -0.003917 0.005982 -0.929451 0.368876
1778754202.978655 -2.311255 -23.813423 0.312018 -0.001179 0.004322 -0.928718 0.370760
1778754203.029806 -2.335950 -23.837490 0.306475 0.002030 0.008424 -0.928000 0.372479
1778754203.081694 -2.360548 -23.854538 0.305643 -0.000683 0.004676 -0.927625 0.373484
1778754203.136658 -2.380284 -23.871998 0.310352 -0.001496 -0.000582 -0.927385 0.374105
1778754203.186873 -2.399738 -23.891720 0.311174 -0.001467 0.000740 -0.928126 0.372262
1778754203.244905 -2.421649 -23.912712 0.309778 -0.004573 0.006659 -0.930435 0.366367
1778754203.295861 -2.446674 -23.933928 0.307828 -0.004254 0.006981 -0.934509 0.355847
1778754203.353427 -2.469550 -23.953360 0.310478 -0.009974 0.014243 -0.941211 0.337372
1778754203.405927 -2.488951 -23.971907 0.312945 -0.006583 0.020574 -0.948038 0.317424
1778754203.457664 -2.509623 -23.985533 0.311915 0.000815 0.019049 -0.953499 0.300791
1778754203.511948 -2.534972 -24.001200 0.310165 0.008729 0.016999 -0.957965 0.286248
1778754203.561757 -2.562168 -24.015743 0.307889 0.014077 0.010445 -0.961172 0.275392
1778754203.617794 -2.591462 -24.032200 0.306122 0.005940 0.012820 -0.964642 0.263187
1778754203.670685 -2.617749 -24.044909 0.302494 -0.000014 0.010304 -0.967169 0.253926
1778754203.725463 -2.639068 -24.056679 0.307757 0.006243 -0.000394 -0.968440 0.249169
1778754203.778611 -2.660581 -24.068476 0.310705 0.004175 -0.000412 -0.968627 0.248485
1778754203.832125 -2.684434 -24.081686 0.311658 0.000378 0.000894 -0.967051 0.254580
1778754203.893286 -2.713359 -24.096436 0.310721 -0.002864 -0.001143 -0.963048 0.269313
1778754203.939049 -2.737935 -24.115738 0.308322 0.000697 0.015956 -0.957629 0.287564
1778754203.997829 -2.762633 -24.130936 0.311948 0.008222 0.013841 -0.951019 0.308713
1778754204.055180 -2.780965 -24.150446 0.316541 -0.002767 0.021977 -0.942637 0.333083
1778754204.100772 -2.802881 -24.173954 0.318863 -0.011750 0.032875 -0.930741 0.364008
1778754204.161127 -2.829448 -24.199253 0.313759 -0.011801 0.025302 -0.916595 0.398841
1778754204.208365 -2.848305 -24.225107 0.313660 -0.006095 0.030950 -0.900547 0.433612
1778754204.260768 -2.868596 -24.245295 0.317512 -0.000898 0.025894 -0.882537 0.469529
1778754204.314846 -2.882183 -24.268848 0.316908 -0.006549 0.023216 -0.862469 0.505534
1778754204.364429 -2.895262 -24.294437 0.314981 -0.013068 0.020067 -0.840869 0.540709
1778754204.422633 -2.905521 -24.326488 0.308517 -0.014014 0.018340 -0.816771 0.576500
1778754204.469893 -2.915225 -24.349211 0.309822 -0.003211 0.025077 -0.794704 0.606471
1778754204.523869 -2.917041 -24.370895 0.317338 -0.013396 0.027188 -0.768534 0.639090
1778754204.574520 -2.919080 -24.392076 0.321072 -0.022038 0.037594 -0.738860 0.672449
1778754204.628161 -2.926204 -24.414345 0.318412 -0.021694 0.036734 -0.705346 0.707579
1778754204.683861 -2.927244 -24.433304 0.316884 -0.019099 0.039633 -0.670381 0.740712
1778754204.735162 -2.931141 -24.445848 0.319849 -0.013730 0.039439 -0.639589 0.767582
1778754204.790808 -2.932231 -24.456125 0.320869 -0.014500 0.045702 -0.600665 0.798062
1778754204.840256 -2.929108 -24.467850 0.317703 -0.019387 0.048916 -0.557747 0.828341
1778754204.895580 -2.925752 -24.477905 0.310078 -0.015370 0.045802 -0.510600 0.858460
1778754204.949315 -2.920273 -24.484945 0.310024 -0.009967 0.044589 -0.480295 0.875916
1778754205.001370 -2.919428 -24.490252 0.312477 -0.010489 0.044850 -0.451552 0.891055
1778754205.053489 -2.917720 -24.497618 0.313198 -0.004685 0.043495 -0.423435 0.904870
1778754205.107213 -2.914302 -24.504263 0.311753 -0.006135 0.040336 -0.400899 0.915213
1778754205.202592 -2.914768 -24.516300 0.307732 -0.004963 0.031723 -0.376781 0.925746
1778754205.225419 -2.913098 -24.519367 0.306568 0.004125 0.023534 -0.361522 0.932058
1778754205.276798 -2.913090 -24.522667 0.309029 0.010746 0.018946 -0.349716 0.936603
1778754205.340350 -2.912111 -24.522121 0.309224 0.010406 0.020198 -0.336338 0.941467
1778754205.385934 -2.910337 -24.521488 0.308867 0.008612 0.021534 -0.323872 0.945817
1778754205.440745 -2.909609 -24.521410 0.306399 0.010528 0.019399 -0.313952 0.949182
1778754205.497334 -2.908534 -24.521578 0.305197 0.008601 0.020670 -0.306710 0.951540
1778754205.550935 -2.908312 -24.522158 0.305494 0.005743 0.019869 -0.301460 0.953254
1778754205.603701 -2.907228 -24.522438 0.305763 0.003948 0.019892 -0.297034 0.954652
1778754205.669079 -2.906481 -24.522570 0.306084 0.002359 0.019611 -0.294211 0.955536
1778754205.710501 -2.905908 -24.522394 0.306343 0.001611 0.019322 -0.291845 0.956269
1778754205.764083 -2.905604 -24.522175 0.306521 0.000908 0.019119 -0.290426 0.956706
1778754205.821617 -2.905397 -24.521849 0.306665 0.000428 0.018876 -0.289335 0.957042
1778754205.875447 -2.905264 -24.521605 0.306763 -0.000091 0.018796 -0.288643 0.957252
1778754205.927462 -2.905180 -24.521528 0.306809 -0.000206 0.018834 -0.288512 0.957291
1778754205.984196 -2.905150 -24.521482 0.306827 -0.000284 0.018805 -0.288683 0.957240
1778754206.036553 -2.905130 -24.521492 0.306830 -0.000303 0.018831 -0.288638 0.957253
1778754206.090564 -2.904896 -24.521168 0.306809 -0.000989 0.019121 -0.289225 0.957070
1778754206.136988 -2.904777 -24.520887 0.306881 -0.002059 0.019426 -0.293791 0.955670
1778754206.190368 -2.904214 -24.520525 0.307259 -0.003773 0.020263 -0.302736 0.952852
1778754206.249544 -2.903771 -24.520359 0.309880 -0.004075 0.019591 -0.315924 0.948573
1778754206.301020 -2.903119 -24.520079 0.313190 -0.004353 0.019461 -0.332439 0.942914
1778754206.384446 -2.901969 -24.519012 0.315599 -0.003674 0.018635 -0.353102 0.935392
1778754206.407081 -2.899041 -24.518658 0.316728 -0.003528 0.020548 -0.373238 0.927501
1778754206.458046 -2.897394 -24.516685 0.317107 -0.001867 0.019176 -0.388024 0.921448
1778754206.516897 -2.895572 -24.514635 0.317462 -0.000211 0.018148 -0.399929 0.916366
1778754206.565857 -2.894310 -24.512993 0.317553 0.001150 0.017127 -0.408636 0.912536
1778754206.616971 -2.893224 -24.511707 0.315051 0.003741 0.015715 -0.414806 0.909767
1778754206.670206 -2.892179 -24.510811 0.314479 0.003742 0.016841 -0.418566 0.908023
1778754206.731743 -2.891448 -24.510710 0.314204 0.003500 0.017698 -0.420130 0.907285
1778754206.777798 -2.890785 -24.510700 0.314341 0.003159 0.018359 -0.420984 0.906877
1778754206.831479 -2.890184 -24.510887 0.314442 0.003199 0.018502 -0.420867 0.906928
1778754206.889896 -2.889596 -24.511255 0.314561 0.003403 0.018842 -0.420333 0.907168
1778754206.938094 -2.889031 -24.511751 0.314597 0.003697 0.018858 -0.419802 0.907412
1778754206.991410 -2.888733 -24.512188 0.314600 0.004075 0.018836 -0.418521 0.908003
1778754207.045992 -2.888597 -24.512579 0.314611 0.004917 0.018418 -0.417169 0.908629
1778754207.097433 -2.888522 -24.512890 0.314615 0.005670 0.018207 -0.415765 0.909272
1778754207.171015 -2.888404 -24.513176 0.314613 0.006077 0.018029 -0.414601 0.909804
1778754207.205138 -2.888210 -24.513453 0.314583 0.006417 0.017975 -0.413472 0.910317
1778754207.266557 -2.888065 -24.513844 0.314559 0.006778 0.017877 -0.412292 0.910851
1778754207.313718 -2.887444 -24.513723 0.314715 0.005932 0.018102 -0.414595 0.909807
1778754207.366486 -2.886237 -24.513765 0.314464 0.004017 0.018975 -0.429659 0.902783
1778754207.424602 -2.885077 -24.513035 0.314283 0.000244 0.020115 -0.456427 0.889533
1778754207.470060 -2.884681 -24.513933 0.315940 -0.004899 0.019476 -0.493020 0.869786
1778754207.524233 -2.883136 -24.514727 0.316743 -0.007894 0.014325 -0.537652 0.843008
1778754207.580639 -2.882285 -24.513653 0.315708 -0.013427 0.009590 -0.589986 0.807245
1778754207.635868 -2.880060 -24.511499 0.312361 -0.024104 0.014622 -0.643826 0.764652
1778754207.692350 -2.874890 -24.510847 0.310621 -0.022031 0.019686 -0.699272 0.714244
1778754207.743254 -2.875564 -24.517462 0.313626 0.002277 0.021925 -0.752536 0.658182
1778754207.797966 -2.869649 -24.524628 0.312164 0.017766 0.022372 -0.795002 0.605934
1778754207.852206 -2.863402 -24.534918 0.308453 0.010491 0.017627 -0.832030 0.554352
1778754207.903560 -2.863251 -24.552649 0.306079 -0.002238 0.032861 -0.863604 0.503094
1778754207.960022 -2.858988 -24.571205 0.298624 -0.005054 0.036708 -0.888886 0.456627
1778754208.011419 -2.848946 -24.590923 0.289875 -0.038222 0.070927 -0.906975 0.413406
1778754208.068132 -2.854961 -24.604942 0.288693 -0.050396 0.063316 -0.921104 0.380813
1778754208.117486 -2.849898 -24.624105 0.288010 -0.058805 0.017645 -0.937123 0.343557
1778754208.169767 -2.876539 -24.643436 0.284311 -0.025965 -0.024484 -0.947262 0.318468
1778754208.224437 -2.880993 -24.645971 0.294386 0.010067 -0.029250 -0.953572 0.299574
1778754208.277041 -2.896552 -24.660250 0.313847 0.003658 -0.038578 -0.958942 0.280943
1778754208.342960 -2.921417 -24.667952 0.317848 -0.005812 -0.048845 -0.963833 0.261928
1778754208.387175 -2.956342 -24.685238 0.308880 0.003940 -0.033717 -0.968351 0.247272
1778754208.445882 -2.990248 -24.698765 0.311046 0.033976 -0.013141 -0.971480 0.234307
1778754208.491262 -3.036368 -24.712969 0.315382 0.030399 -0.006657 -0.974388 0.222710
1778754208.559726 -3.085506 -24.732508 0.314681 0.023509 -0.008252 -0.976410 0.214482
1778754208.610437 -3.136567 -24.756769 0.309938 0.015185 0.002662 -0.978292 0.206658
1778754208.656564 -3.184319 -24.775244 0.315675 0.021956 -0.006356 -0.978957 0.202782
1778754208.716414 -3.229954 -24.799688 0.296613 0.013374 0.003459 -0.980681 0.195126
1778754208.767273 -3.277893 -24.816328 0.300650 0.021649 -0.000390 -0.981186 0.191848
1778754208.841349 -3.317417 -24.846056 0.309990 0.018752 0.010256 -0.982279 0.186203
1778754208.874561 -3.365881 -24.867474 0.314493 0.006382 0.014200 -0.982673 0.184693
1778754208.934057 -3.418130 -24.890520 0.313646 -0.010227 0.011217 -0.982536 0.185452
1778754209.007350 -3.478108 -24.911856 0.304968 0.004169 -0.006282 -0.982244 0.187457
1778754209.037943 -3.524902 -24.933126 0.310213 0.019589 -0.001058 -0.982094 0.187366
1778754209.089202 -3.577453 -24.951717 0.314138 0.015410 -0.005548 -0.982568 0.185179
1778754209.138875 -3.639222 -24.974386 0.304437 0.005568 0.000021 -0.983209 0.182397
1778754209.203190 -3.648145 -24.983709 0.308607 0.021156 0.005380 -0.983609 0.178989
1778754209.261733 -3.709363 -25.005495 0.313673 0.016333 0.006786 -0.984283 0.175713
1778754209.312114 -3.767644 -25.027702 0.315120 0.004175 0.009951 -0.983978 0.177961
1778754209.371717 -3.835630 -25.050245 0.308614 0.008006 0.011004 -0.983960 0.177871
1778754209.417563 -3.875524 -25.065550 0.313543 0.022675 0.000271 -0.983091 0.181706
1778754209.469921 -3.924656 -25.087852 0.317000 0.019357 -0.000206 -0.983029 0.182428
1778754209.525961 -3.980624 -25.113783 0.300883 0.010057 0.003680 -0.980764 0.194903
1778754209.579045 -3.966791 -25.105721 0.308401 0.021022 0.014382 -0.975334 0.219258
1778754209.635399 -4.014291 -25.125883 0.314365 0.024776 0.020115 -0.968184 0.248198
1778754209.678713 -4.060528 -25.156799 0.311776 0.017180 0.019843 -0.959907 0.279087
1778754209.744145 -4.107359 -25.196440 0.314489 0.003049 0.040091 -0.951637 0.304582
1778754209.786263 -4.158633 -25.220314 0.318904 0.007166 0.023700 -0.943917 0.329254
1778754209.840449 -4.201276 -25.254606 0.319077 0.002431 0.019750 -0.937003 0.348755
1778754209.895054 -4.242620 -25.290070 0.291488 -0.003138 0.018401 -0.929987 0.367119
1778754209.946922 -4.229955 -25.286625 0.301605 0.010684 0.030313 -0.925089 0.378389
1778754210.010612 -4.268949 -25.325811 0.311219 0.005982 0.030147 -0.921321 0.387586
1778754210.053476 -4.306172 -25.364775 0.311580 -0.009074 0.027340 -0.920403 0.389908
1778754210.110196 -4.340772 -25.402897 0.300821 -0.016766 0.020251 -0.924544 0.380169
1778754210.165183 -4.392072 -25.452534 0.307818 0.013453 0.010274 -0.934769 0.354853
1778754210.220446 -4.434986 -25.491438 0.316335 0.013781 0.005714 -0.946984 0.320935
1778754210.271293 -4.484149 -25.524326 0.318798 0.009773 0.021176 -0.957406 0.287801
1778754210.323490 -4.532798 -25.551352 0.306327 0.015468 -0.023445 -0.964803 0.261469
1778754210.380240 -4.567640 -25.579161 0.310938 0.011316 -0.009318 -0.971777 0.235447
1778754210.432338 -4.620468 -25.606977 0.312708 0.000550 -0.008305 -0.976095 0.217184
1778754210.486618 -4.680345 -25.632271 0.302280 0.000990 -0.009547 -0.979427 0.201573
1778754210.537612 -4.728361 -25.652557 0.310558 0.023297 -0.029571 -0.979736 0.196726
1778754210.588879 -4.780116 -25.671856 0.315765 0.022606 -0.029039 -0.982198 0.184208
1778754210.648869 -4.838761 -25.688467 0.311730 0.014092 -0.021074 -0.984629 0.172808
1778754210.695022 -4.875881 -25.694590 0.308251 0.026732 -0.019415 -0.985884 0.164137
1778754210.750157 -4.910173 -25.701815 0.309479 0.022520 -0.011332 -0.987812 0.153598
1778754210.807803 -4.967786 -25.719698 0.312019 0.009930 -0.002237 -0.988725 0.149396
1778754210.861307 -5.034266 -25.740408 0.302990 0.011113 0.001336 -0.989321 0.145324
1778754210.911893 -5.057317 -25.746387 0.309021 0.011636 0.001269 -0.989323 0.145272
1778754210.963041 -5.102742 -25.764730 0.313163 0.015004 0.006032 -0.989968 0.140362
1778754211.017523 -5.154627 -25.786446 0.298894 0.019873 0.017042 -0.990331 0.136232
1778754211.073118 -5.194052 -25.796881 0.299407 0.008723 -0.005984 -0.990562 0.136657
1778754211.124553 -5.223974 -25.812115 0.310553 0.007966 0.005116 -0.990811 0.134925
1778754211.177157 -5.254438 -25.819731 0.311018 0.009103 0.007174 -0.990689 0.135648
1778754211.229983 -5.287194 -25.825350 0.311305 0.016471 0.003808 -0.990659 0.135308
1778754211.285516 -5.310105 -25.830254 0.309789 0.015359 0.011356 -0.990798 0.133995
