1780097577.615899 0.000000 0.000000 0.000000 0.00000000 0.00000000 0.00000000 1.00000000
1780097578.977757 0.000944 0.000942 -0.002950 -0.00226555 -0.00498302 -0.01172174 0.99991632
1780097590.541872 -0.003970 0.000576 -0.001031 -0.00729778 -0.03833323 0.00164147 0.99923701
1780097590.668060 0.001070 0.000733 -0.002458 -0.00250454 -0.06979986 0.00092275 0.99755744
1780097590.820804 0.001865 0.000359 -0.003136 -0.00836343 -0.10898367 0.00153964 0.99400716
1780097590.948161 0.006970 0.000785 -0.004096 -0.02063332 -0.16081876 0.00937733 0.98672370
1780097591.095284 0.005299 0.000957 -0.002176 -0.01794724 -0.18340543 0.02459359 0.98256577
1780097591.231644 0.001087 0.000925 -0.002774 -0.01739598 -0.21078319 0.03005076 0.97691595
1780097591.374047 -0.002215 0.000827 -0.003532 -0.01174742 -0.24134205 0.02349811 0.97008446
1780097591.510883 -0.013939 0.000832 -0.003874 -0.01009647 -0.27584560 0.03229513 0.96060621
1780097591.653742 -0.029605 0.001002 -0.007922 -0.01557842 -0.30980983 0.01978401 0.95046503
1780097591.797437 -0.038138 0.001097 -0.009379 -0.02031036 -0.33501570 0.00622895 0.94197302
1780097591.937093 -0.057500 0.000872 -0.006852 -0.00950211 -0.35572110 -0.00652221 0.93452109
1780097592.073694 -0.078602 0.000916 -0.009522 -0.00950962 -0.36472251 0.00155890 0.93106639
1780097592.219025 -0.065565 0.000302 0.004327 -0.00304621 -0.38770773 0.01046954 0.92171787
1780097592.357470 -0.082386 0.000789 -0.008496 -0.00115229 -0.40802477 0.00022878 0.91297010
1780097592.491148 -0.092793 0.000822 -0.011486 -0.00170278 -0.43788632 -0.00871338 0.89898651
1780097592.650262 -0.099244 -0.000533 -0.014491 -0.00627348 -0.46758285 -0.01045734 0.88386513
1780097592.775217 -0.197284 0.000166 0.000771 -0.00814569 -0.49914848 -0.00526556 0.86646219
1780097592.915468 -0.398035 -0.002489 0.047723 -0.04330028 -0.52709360 -0.01585857 0.84855520
1780097593.070190 -0.213124 0.002158 -0.015759 -0.02132154 -0.55469731 -0.00609983 0.83175662
1780097593.213320 -0.186840 0.000445 -0.014692 -0.00892691 -0.52386286 -0.01494381 0.85162474
1780097593.337925 -0.190785 0.003213 -0.012013 -0.01961686 -0.48504962 -0.01005509 0.87420875
1780097593.484749 -0.214119 0.005341 0.000613 -0.01753104 -0.44038036 -0.01860645 0.89744727
1780097593.626544 -0.197021 0.003386 -0.012697 -0.02051145 -0.42308548 -0.00674930 0.90583244
1780097593.759862 -0.218115 0.004322 -0.002908 -0.01728186 -0.40154930 -0.01321127 0.91557903
1780097593.894117 -0.187262 0.003978 0.021437 -0.01176645 -0.38636715 -0.01247307 0.92218566
1780097593.995129 -0.188744 0.003928 0.014300 -0.01247219 -0.35552253 -0.01679313 0.93443361
1780097594.107315 -0.183792 0.005501 0.028010 -0.01101142 -0.32124770 -0.02263697 0.94666057
1780097594.251726 -0.170300 0.005667 0.011344 -0.01089020 -0.26193962 -0.02837678 0.96460551
1780097594.388145 -0.124974 0.005815 0.017257 -0.00968363 -0.22092350 -0.02822204 0.97483463
1780097594.522833 -0.101265 0.005583 0.007522 -0.00779683 -0.16341345 -0.02446225 0.98622353
1780097594.664712 -0.088165 0.005155 -0.009924 -0.00263086 -0.09732548 -0.03118239 0.99476052
1780097594.664712 -0.087635 0.005207 -0.010578 -0.00319879 -0.09240135 -0.03110202 0.99523084
1780097594.804394 -0.083059 0.005244 -0.011186 0.00017260 -0.00757612 -0.01279119 0.99988947
1780097594.941695 -0.063001 0.004975 -0.012858 -0.00889415 0.03579822 0.01084675 0.99926059
1780097595.089133 -0.025541 0.005772 -0.011045 -0.00638065 0.05136114 0.00623947 0.99864027
1780097595.222877 0.006299 0.007237 -0.020633 -0.00227575 0.08683242 0.01313644 0.99613372
1780097595.363234 0.036180 0.010925 -0.025910 -0.00707317 0.07444799 0.02768342 0.99681548
1780097595.505984 0.069343 0.009576 -0.028506 -0.00067247 0.05081082 0.00696488 0.99868378
1780097597.814538 0.066761 0.010357 -0.023587 0.00590486 0.05922506 0.00690143 0.99820333
1780097599.357600 0.084873 0.008766 -0.040930 0.00107563 0.05803316 0.00270527 0.99831041
1780097599.552927 0.117696 0.010778 -0.034590 0.00201648 0.05256688 0.00111293 0.99861475
1780097599.715804 0.152324 0.011458 -0.027747 -0.00733530 0.16143287 -0.00873730 0.98681775
1780097599.868881 0.143276 0.018737 0.002679 -0.01269927 0.24257923 0.02499163 0.96972649
1780097599.981442 0.143515 0.016178 0.011099 0.00717833 0.27524520 0.02786557 0.96094332
1780097600.140468 0.145996 0.016009 0.028107 -0.01932967 0.21817050 0.01807564 0.97555178
1780097600.266528 0.149321 0.016148 0.048703 -0.00843821 0.14275890 0.01080032 0.98966259
1780097600.409955 0.147803 0.012059 0.057484 -0.00913791 0.04385927 0.00068536 0.99899569
1780097600.542581 0.143934 0.013101 0.062891 -0.00690718 -0.04343443 0.00125850 0.99903161
1780097600.683614 0.107477 0.012186 0.083236 -0.00482615 -0.03581345 -0.00382982 0.99933950
1780097600.823081 0.105043 0.011605 0.079558 -0.00530017 -0.07787239 -0.00552593 0.99693393
1780097600.970011 0.098460 0.011290 0.081562 -0.00153394 -0.07664643 0.00473760 0.99704590
1780097601.103412 0.108143 0.010868 0.090718 -0.00234428 -0.08917488 0.00783571 0.99598240
1780097601.396954 0.110844 0.012462 0.103155 0.00237038 -0.07730243 0.00993211 0.99695540
1780097603.696451 0.106213 0.015378 0.101535 0.01075759 -0.06629632 0.01074159 0.99768416
1780097603.838850 0.117438 0.015276 0.101261 0.01451399 -0.05072855 0.00836634 0.99857196
1780097603.979570 0.124018 0.015889 0.100156 0.01461596 -0.03986678 0.01580406 0.99897310
1780097604.394423 0.119530 0.013792 0.120588 0.01662040 -0.03312347 0.00753651 0.99928464
1780097604.676032 0.118384 0.011848 0.120094 0.02137611 -0.03508620 0.01362432 0.99906276
1780097605.382521 0.117816 0.012996 0.117816 0.01217625 -0.04587920 0.00750863 0.99884456
1780097606.073227 0.113015 0.010716 0.112234 0.00668229 -0.02604146 0.00686198 0.99961498
1780097607.965154 0.110078 0.011461 0.103675 0.00164302 -0.06902786 0.00774862 0.99758329
1780097608.129350 0.090049 0.010946 0.069391 -0.01514060 -0.07142487 0.00510425 0.99731800
1780097608.260782 0.094251 0.011301 0.054932 -0.02391612 -0.10740488 0.01082934 0.99386867
1780097608.414708 0.114324 0.008809 0.051175 -0.01453427 -0.10237214 0.00187957 0.99463821
1780097608.414708 0.115144 0.008874 0.050165 -0.01488654 -0.09826667 0.00194949 0.99504686
1780097608.529330 0.148706 0.008361 0.021787 0.00620544 -0.06681577 0.00039043 0.99774596
1780097608.684910 0.197699 0.009980 0.007319 0.00160292 -0.04257215 -0.00759284 0.99906326
1780097608.810916 0.258281 0.014706 0.011417 -0.00208693 -0.05939266 -0.01569535 0.99810912
1780097608.950798 0.298307 0.014323 0.008420 -0.00249577 -0.06625592 -0.02600690 0.99746056
1780097609.091651 0.337876 0.012004 0.025884 -0.00323150 -0.09150458 -0.03512992 0.99517956
1780097609.373473 0.295414 0.014731 0.015926 -0.00619272 -0.04333224 -0.01560273 0.99891968
1780097609.504408 0.209455 0.016050 0.000039 -0.00085370 0.01476403 0.00558766 0.99987503
1780097609.644593 0.137993 0.007459 -0.008250 -0.00830933 0.01513801 0.00295646 0.99984652
1780097609.783700 0.101337 0.000881 -0.044614 -0.00865203 -0.06634585 0.03378301 0.99718708
1780097609.964641 0.025971 0.001286 -0.042170 -0.01496741 -0.12995264 0.00981541 0.99135864
1780097610.068892 0.008005 0.000920 -0.074854 -0.00066058 -0.25034672 -0.00545220 0.96814067
1780097610.218537 -0.043442 0.006009 -0.119853 0.01018280 -0.25936352 -0.02390367 0.96543021
1780097610.487267 -0.037456 0.009053 -0.069909 0.01553058 -0.24958913 -0.03825551 0.96747123
1780097610.630358 -0.027683 0.012706 -0.063408 0.00820542 -0.20854329 -0.04643212 0.97687585
1780097610.773402 -0.039916 0.014472 -0.018529 0.00381849 -0.14718963 -0.02750631 0.98871838
1780097610.921519 -0.026182 0.011003 -0.002281 0.00496672 -0.11606378 0.00322156 0.99322412
1780097611.048666 0.015606 0.012506 0.044581 0.00405316 -0.04991607 0.00261198 0.99874178
1780097611.187124 0.019587 0.012814 0.077855 0.00511630 0.06208788 -0.01020631 0.99800539
1780097611.323883 0.052826 0.011634 0.091527 0.00215091 0.12408618 -0.00162659 0.99226778
1780097611.473126 0.102150 0.013634 0.090108 0.00466359 0.09867146 0.00467089 0.99509817
1780097611.603395 0.132463 0.014126 0.122975 0.01208259 0.06843182 0.00671255 0.99756004
1780097611.744133 0.140394 0.015737 0.127012 0.00161087 0.08521258 0.02342981 0.99608597
1780097611.884118 0.143757 0.015821 0.134118 -0.00536246 0.12494018 0.01860807 0.99197527
1780097612.040498 0.153930 0.015310 0.140843 0.00167046 0.10712686 0.00805629 0.99421132
1780097612.456444 0.161785 0.016744 0.135283 0.01426886 0.09219469 0.01140735 0.99557341
1780097613.287699 0.144858 0.016158 0.121742 -0.00077083 0.11677912 0.00430702 0.99314827
1780097613.447877 0.145958 0.017782 0.105845 -0.00251353 0.12226797 0.01423136 0.99239191
1780097613.571356 0.138961 0.017444 0.087836 -0.00487410 0.13895424 0.02059200 0.99007269
1780097613.987301 0.142196 0.016830 0.078282 -0.00040195 0.12318324 0.01662849 0.99224454
1780097614.822702 0.142479 0.017310 0.076335 0.00683948 0.12559516 0.01092093 0.99199789
1780097616.086803 0.143320 0.013271 0.070280 -0.00018370 0.14825649 0.01035750 0.98889469
1780097616.223627 0.168429 0.013288 0.056630 0.00192858 0.19040278 0.00162903 0.98170281
1780097616.223627 0.168429 0.013288 0.056630 0.00192858 0.19040278 0.00162903 0.98170281
1780097616.368275 0.181805 0.013314 0.055689 0.00575098 0.22499189 0.00320546 0.97433839
1780097616.520481 0.199401 0.013772 0.057177 -0.00079320 0.26053387 0.01424440 0.96535930
1780097616.668955 0.250082 0.016227 0.061655 -0.00321536 0.27655892 0.01351062 0.96089661
1780097616.799027 0.294012 0.018720 0.068169 -0.00050180 0.29996193 0.02020591 0.95373702
1780097616.931834 0.327906 0.020164 0.049361 0.00326090 0.30527786 0.02481372 0.95193439
1780097617.066918 0.366301 0.023475 0.023813 -0.00091152 0.31640871 0.02297697 0.94834422
1780097617.210204 0.392280 0.025681 0.015373 -0.00453880 0.36173989 0.02254871 0.93199528
1780097617.349773 0.390187 0.026023 -0.007623 -0.00516490 0.41262754 0.02467804 0.91055084
1780097617.488168 0.401370 0.025376 -0.023380 -0.00608943 0.47874930 0.01674824 0.87777077
1780097617.648835 0.414830 0.029182 0.000276 -0.02176064 0.59478833 0.01538087 0.80344057
1780097617.812772 0.436850 0.034967 0.003764 -0.02271237 0.67813024 0.03175610 0.73390400
1780097617.914950 0.462264 0.031781 -0.057260 -0.00473403 0.69991742 0.03656261 0.71327160
1780097618.053334 0.485244 0.032609 -0.062984 -0.01106345 0.74293363 0.03177590 0.66851889
1780097618.193020 0.509851 0.024664 -0.048301 -0.02044343 0.78676305 0.01219356 0.61679599
1780097618.334052 0.533382 0.033308 -0.072874 -0.01130129 0.81771966 0.04028826 0.57409381
1780097618.478256 0.573546 0.031026 -0.102549 -0.01282896 0.83352919 0.02221149 0.55187967
1780097618.611845 0.584696 0.041199 -0.097151 -0.01717108 0.83318901 0.04479515 0.55090346
1780097618.760676 0.640087 0.044014 -0.162548 -0.01564652 0.78373683 0.04041922 0.61957894
1780097618.894212 0.700367 0.050068 -0.145728 -0.03853078 0.76881943 0.02184706 0.63793006
1780097619.031324 0.746787 0.052022 -0.135251 -0.02888551 0.70672139 0.02352983 0.70651034
1780097619.172528 0.783410 0.039891 -0.146528 -0.02173000 0.67344826 0.00233673 0.73891121
1780097619.311304 0.844305 0.051683 -0.151016 -0.02798129 0.70678410 0.01447285 0.70672754
1780097619.455618 0.919023 0.060358 -0.148618 -0.01241159 0.70925499 0.03398639 0.70402289
1780097619.597734 0.945202 0.055278 -0.173409 -0.02151189 0.75024329 0.02985685 0.66013697
1780097619.728634 0.951266 0.047638 -0.175599 -0.00996084 0.78716072 0.02750014 0.61605400
1780097619.875703 1.007714 0.059653 -0.216029 -0.00721992 0.82948305 0.04148560 0.55694227
1780097620.012676 1.037833 0.058733 -0.239422 -0.01318976 0.83799201 0.03742370 0.54423790
1780097620.148404 1.082201 0.057546 -0.237733 -0.01165451 0.84388774 0.02576688 0.53577394
1780097620.297633 1.121580 0.058352 -0.254078 -0.00269170 0.82968883 0.02967188 0.55743052
1780097620.439288 1.178558 0.060003 -0.288021 -0.02246480 0.77606291 0.00937193 0.63018558
1780097620.568782 1.236312 0.057367 -0.277311 -0.01633121 0.78980497 0.01360052 0.61298975
1780097620.722718 1.331671 0.068289 -0.290604 -0.01086189 0.77086514 0.02073625 0.63656811
1780097620.722718 1.331671 0.068289 -0.290604 -0.01086189 0.77086514 0.02073625 0.63656811
1780097620.848481 1.349946 0.071168 -0.291139 -0.02348797 0.76111250 0.02634548 0.64765885
1780097621.005901 1.342073 0.068866 -0.293525 -0.00908608 0.76723739 0.02792937 0.64069039
1780097621.127525 1.394466 0.072211 -0.312006 0.00638898 0.79046998 0.03493259 0.61147045
1780097621.266557 1.473047 0.080198 -0.339282 -0.00967292 0.80745228 0.04393093 0.58821538
1780097621.545669 1.505286 0.080300 -0.373504 -0.01087774 0.83391806 0.03383029 0.55074300
1780097621.685388 1.572603 0.083919 -0.436078 0.00427479 0.87129111 0.03735578 0.48932409
1780097621.833297 1.620299 0.091205 -0.472969 0.02161770 0.88924546 0.05600984 0.45347336
1780097621.966589 1.650475 0.097504 -0.493110 0.01220713 0.90388601 0.05036533 0.42462265
1780097622.108597 1.691711 0.093448 -0.532319 -0.00285330 0.91002766 0.03312805 0.41321186
1780097622.390221 1.780056 0.100891 -0.583168 -0.00894336 0.92002534 0.04536142 0.38912173
1780097622.672683 1.853490 0.104571 -0.635402 -0.00197470 0.92083198 0.03273882 0.38857784
1780097623.232147 1.977410 0.114122 -0.717204 -0.00881302 0.92160199 0.03717049 0.38625182
1780097623.790864 2.132602 0.121489 -0.792524 -0.00540979 0.89549077 0.03289230 0.44383004
1780097623.931314 2.171289 0.124424 -0.827647 -0.02425309 0.86836151 0.02133063 0.49487886
1780097624.098694 2.259404 0.128223 -0.863535 -0.02584260 0.86240378 0.02310524 0.50503270
1780097624.349187 2.323199 0.131566 -0.894864 -0.01985446 0.85012795 0.03345060 0.52513744
1780097624.770519 2.421908 0.136417 -0.947499 -0.01866065 0.85983938 0.03409097 0.50908332
1780097625.050936 2.495539 0.135300 -0.987624 -0.00888661 0.85909002 0.02042053 0.51133977
1780097625.330811 2.558752 0.141485 -1.011412 -0.00578995 0.86162457 0.02327499 0.50697914
1780097625.618424 2.622471 0.138503 -1.045729 -0.01764790 0.86066612 0.03300663 0.50779222
1780097625.823818 2.672820 0.140161 -1.061828 -0.00404142 0.85820901 0.03805663 0.51187172
1780097625.978053 2.692159 0.146410 -1.072862 -0.02127643 0.81986823 0.02612595 0.57156001
1780097626.100100 2.760970 0.145313 -1.097273 -0.01602652 0.79849581 0.02963300 0.60105696
1780097626.247597 2.784789 0.144163 -1.101622 -0.00445023 0.78560111 0.02186613 0.61833079
1780097626.380941 2.828846 0.156620 -1.110143 -0.02614581 0.77188869 0.02961623 0.63452906
1780097626.666504 2.911062 0.153951 -1.144868 -0.02146040 0.79771116 0.01649077 0.60243208
1780097626.797940 2.956644 0.153868 -1.155228 -0.01185346 0.82338736 0.02778218 0.56667530
1780097627.080992 3.027698 0.155589 -1.179540 0.02456606 0.83417725 0.02185528 0.55051537
1780097627.216609 3.059169 0.159700 -1.200184 -0.00842321 0.82807922 0.03779051 0.55927251
1780097627.499161 3.121112 0.160852 -1.220123 -0.02064085 0.81155235 0.02955720 0.58316646
1780097627.779672 3.219501 0.160934 -1.257534 -0.00645137 0.80217032 0.02759943 0.59642219
1780097628.197649 3.312433 0.170207 -1.279064 0.00028158 0.80057092 0.01635384 0.59901476
1780097628.197649 3.312433 0.170207 -1.279064 0.00028158 0.80057092 0.01635384 0.59901476
1780097628.336351 3.353636 0.172007 -1.293413 -0.04148809 0.80354130 0.04991272 0.59169996
1780097628.648646 3.412670 0.172457 -1.313119 -0.01226646 0.79934046 0.02280455 0.60032017
1780097628.756287 3.448349 0.173172 -1.324552 -0.02684116 0.79898098 0.04350917 0.59917936
1780097629.036799 3.506352 0.174463 -1.346658 -0.00219121 0.79297358 0.02015836 0.60891850
1780097629.179407 3.532170 0.174770 -1.356212 -0.02538637 0.79308291 0.03778106 0.60741059
1780097629.323473 3.559787 0.176784 -1.365279 -0.01238270 0.78669307 0.04388661 0.61565790
1780097629.483008 3.589744 0.181393 -1.377509 -0.01453667 0.78300449 0.02809165 0.62121132
1780097629.736542 3.647943 0.179907 -1.394755 -0.01091274 0.78651699 0.04128545 0.61609045
1780097630.019777 3.706745 0.182839 -1.415715 -0.00931966 0.79087276 0.03302100 0.61101804
1780097630.296969 3.771506 0.183557 -1.438387 -0.03256510 0.79193936 0.04764343 0.60786649
1780097630.575724 3.835558 0.183645 -1.461206 -0.00469169 0.78735350 0.03122052 0.61569289
1780097630.729078 3.859582 0.185902 -1.471694 -0.02938043 0.78752293 0.04508096 0.61393170
1780097630.999079 3.934241 0.188965 -1.496282 0.00001917 0.78447661 0.02151181 0.61978519
1780097631.144135 3.992873 0.186318 -1.522333 -0.03697691 0.77659039 0.04656100 0.62719387
1780097631.286236 4.022742 0.172414 -1.549151 -0.06342861 0.83138410 0.06806066 0.54785494
1780097631.421416 4.035914 0.179410 -1.582163 -0.04569621 0.90774236 0.07486838 0.41025650
1780097631.561389 4.025234 0.187982 -1.594295 -0.01498564 0.95471820 0.05342654 0.29229130
1780097631.715585 4.047100 0.187034 -1.616552 -0.01752755 0.96422838 0.06618143 0.25607897
1780097631.857797 4.073838 0.186543 -1.637920 -0.02649372 0.97195030 0.06621786 0.22411136
1780097631.988302 4.098282 0.190592 -1.643230 -0.01860589 0.98335059 0.03182180 0.17794045
1780097632.124415 4.098089 0.189780 -1.671288 -0.01402735 0.98492194 0.05094448 0.16473210
1780097632.266574 4.127594 0.201006 -1.712698 -0.00226137 0.99505164 0.03864570 0.09150759
1780097632.406982 4.182515 0.203713 -1.745874 -0.01720140 0.99892584 0.03961367 0.01679401
1780097632.546171 4.201880 0.205802 -1.778378 -0.00190210 0.99955877 0.02916362 -0.00530444
1780097632.691436 4.202777 0.203954 -1.823901 -0.00610343 0.99921418 0.03901001 -0.00346223
1780097632.849520 4.249820 0.191810 -1.886644 -0.01889756 0.99867981 0.04489181 -0.01631695
1780097633.111166 4.226866 0.182829 -1.891064 -0.02836407 0.99782037 0.05052369 0.03158079
1780097633.247671 4.224138 0.195393 -1.876299 -0.04126849 0.99520228 0.04204146 0.07811434
1780097633.391432 4.198933 0.196628 -1.842839 -0.03197783 0.98413613 0.04638426 0.16823197
1780097633.530169 4.258898 0.176568 -1.894218 -0.03027479 0.94356364 0.06771906 0.32277737
1780097633.669445 4.271923 0.148101 -1.923098 -0.04078748 0.76771871 0.13551244 0.62496459
1780097633.813716 4.271763 0.142936 -1.904432 -0.06553264 0.73466024 0.13365092 0.66190425
1780097633.813716 4.271770 0.142941 -1.904433 -0.06552372 0.73472642 0.13364720 0.66183242
1780097633.954581 4.272185 0.142944 -1.902877 -0.06229016 0.73130203 0.14086130 0.66443613
1780097634.100350 4.274857 0.142747 -1.902542 -0.06410246 0.71744571 0.14395465 0.67855699
1780097634.376794 4.274723 0.142514 -1.902482 -0.06737696 0.69035218 0.13398831 0.70775797
1780097639.010948 4.274874 0.142274 -1.902662 -0.07594381 0.70530376 0.13360408 0.69204703
1780097639.149019 4.272199 0.142409 -1.903882 -0.07519315 0.70843317 0.13590990 0.68847435
1780097639.294785 4.272856 0.142509 -1.904771 -0.08079535 0.72310404 0.13823320 0.67192577
1780097639.439189 4.269423 0.141946 -1.907113 -0.07104137 0.74775339 0.14249833 0.64460237
1780097639.577629 4.258440 0.140678 -1.910888 -0.05561546 0.76607188 0.14290960 0.62419359
1780097639.714988 4.253268 0.139589 -1.916300 -0.06373318 0.77164531 0.14082045 0.61698557
1780097639.859106 4.254458 0.141536 -1.918628 -0.05995273 0.80839725 0.13623626 0.56950789
1780097639.993280 4.241330 0.138100 -1.914994 -0.07236471 0.86473769 0.13629789 0.47792778
1780097640.132127 4.258389 0.144090 -1.943414 -0.08728727 0.87719570 0.15586705 0.44566143
1780097640.274426 4.243409 0.143108 -1.944065 -0.07237196 0.92062701 0.15555612 0.35072853
1780097640.420326 4.241331 0.143369 -1.955990 -0.07968404 0.94448605 0.14185615 0.28543542
1780097640.575711 4.261883 0.149642 -1.981729 -0.08343141 0.95784686 0.13177766 0.24125347
1780097640.707667 4.261861 0.150383 -1.989906 -0.07084231 0.96507211 0.12672334 0.21807886
1780097640.835887 4.289554 0.160125 -2.025230 -0.04937430 0.96717388 0.12274833 0.21695554
1780097640.977201 4.296914 0.162634 -2.037093 -0.05133340 0.96831302 0.12359157 0.21085518
1780097641.258021 4.310318 0.169605 -2.058008 -0.05314746 0.96609174 0.12937289 0.21703628
1780097641.542357 4.311540 0.168069 -2.055571 -0.05475588 0.95407419 0.14388819 0.25698330
1780097641.681533 4.319917 0.169499 -2.054702 -0.04284122 0.95539448 0.14037820 0.25628106
1780097641.868006 4.319608 0.168235 -2.047504 -0.02753153 0.95122222 0.15040781 0.26794738
1780097642.037645 4.314044 0.166365 -2.030000 -0.02549689 0.94145996 0.15373376 0.29894646
1780097642.176822 4.321642 0.167930 -2.031963 -0.03565676 0.93669464 0.15437275 0.31225117
1780097642.456371 4.329134 0.170245 -2.032674 -0.05794100 0.93872848 0.13892852 0.31004926
1780097642.734474 4.319093 0.164742 -2.027637 -0.05459751 0.91873165 0.15092566 0.36079455
1780097642.880779 4.293376 0.159050 -2.004981 -0.04931430 0.88495021 0.15616496 0.43594006
1780097643.016243 4.258230 0.151996 -1.996968 -0.03599696 0.75520921 0.16425893 0.63354737
1780097643.158934 4.253900 0.150415 -1.963006 -0.02612858 0.66060884 0.13535895 0.73796424
1780097643.297636 4.246309 0.144241 -1.938589 -0.03600218 0.60595439 0.11315233 0.78658735
1780097643.448307 4.251511 0.146557 -1.950954 -0.04291580 0.52912597 0.09911494 0.84164135
1780097643.551655 4.257616 0.146132 -1.942240 -0.04891233 0.53304389 0.08890219 0.83998107
1780097643.551655 4.257616 0.146132 -1.942240 -0.04891233 0.53304389 0.08890219 0.83998107
1780097643.663665 4.259076 0.146166 -1.941864 -0.04683501 0.49686792 0.07681468 0.86315019
1780097643.794760 4.257045 0.145743 -1.939499 -0.02913341 0.49349461 0.08808419 0.86478639
1780097645.060334 4.256990 0.145007 -1.940666 -0.02560696 0.46931131 0.08791228 0.87827251
1780097645.193198 4.254394 0.144238 -1.935741 -0.01702960 0.45938773 0.09329946 0.88315804
1780097645.333436 4.251148 0.143220 -1.928420 -0.02404342 0.46420650 0.08766560 0.88104993
1780097645.475636 4.250502 0.143076 -1.924753 -0.02822617 0.46425319 0.08277126 0.88137459
1780097648.707537 4.247772 0.143407 -1.923431 -0.03846605 0.47320561 0.07664558 0.87676808
1780097648.991633 4.223553 0.140151 -1.921855 -0.04694812 0.48687852 0.09253166 0.86728488
1780097650.418483 4.239859 0.142563 -1.920546 -0.04845784 0.47742149 0.08098178 0.87359173
1780097650.960890 4.256702 0.144320 -1.921254 -0.02779748 0.45666292 0.08604180 0.88503282
1780097651.241060 4.265734 0.146063 -1.920764 -0.02324591 0.45277205 0.07291580 0.88833574
1780097651.945079 4.269550 0.144467 -1.916787 -0.03255063 0.46161251 0.06883653 0.88380760
1780097654.119745 4.264444 0.144882 -1.918253 -0.03555592 0.45926341 0.07838123 0.88412062
1780097654.258799 4.257192 0.146237 -1.924904 -0.03044735 0.45171621 0.07314971 0.88863634
1780097654.402447 4.253174 0.145876 -1.930016 -0.03328332 0.46203490 0.07542315 0.88302170
1780097654.541813 4.251909 0.145782 -1.941395 -0.03332052 0.47451548 0.09174840 0.87481829
1780097654.684812 4.252987 0.146472 -1.944944 -0.04642936 0.52467179 0.09766056 0.84440881
1780097654.822940 4.241163 0.144577 -1.948806 -0.06651754 0.58107811 0.09905955 0.80505332
1780097654.967919 4.244361 0.144107 -1.945313 -0.10035210 0.69850983 0.12014631 0.69826810
1780097655.104335 4.252397 0.145616 -1.953950 -0.09141326 0.77186311 0.12949112 0.61571342
1780097655.260597 4.216999 0.141537 -1.950425 -0.09418423 0.83039328 0.13981548 0.53106305
1780097655.384197 4.234905 0.146245 -1.959510 -0.06125533 0.88376693 0.15190363 0.43832532
1780097655.523169 4.227090 0.143463 -1.956556 -0.06666461 0.91632985 0.16261951 0.35979206
1780097655.625530 4.217955 0.142190 -1.953914 -0.05006768 0.92952989 0.16214353 0.32737880
1780097655.765724 4.218658 0.143728 -1.961772 -0.05788398 0.94667428 0.15281539 0.27767736
1780097655.875836 4.219900 0.144344 -1.958568 -0.04871970 0.96393118 0.14296538 0.21914373
1780097656.039960 4.220486 0.145361 -1.963368 -0.04353904 0.96480215 0.14329064 0.21616880
1780097656.297588 4.194777 0.137409 -1.939931 -0.03686908 0.95952147 0.15532491 0.23202026
1780097656.442410 4.194310 0.138470 -1.939119 -0.03951932 0.94093041 0.15911754 0.29625967
1780097656.592528 4.183476 0.138342 -1.930705 -0.03161468 0.92573697 0.15910069 0.34161168
1780097656.721135 4.187573 0.139743 -1.926935 -0.04381668 0.92135270 0.15391748 0.35425796
1780097656.994654 4.162586 0.136380 -1.920895 -0.03716393 0.93434731 0.14287366 0.32434714
1780097656.994654 4.162606 0.136337 -1.920906 -0.03792284 0.93293799 0.14398832 0.32780472
1780097657.174659 4.155756 0.135093 -1.919700 -0.03868293 0.94635155 0.13449919 0.29125994
1780097657.285251 4.161581 0.136573 -1.920221 -0.03568972 0.95503054 0.13281947 0.26268212
1780097657.429624 4.158190 0.135457 -1.917095 -0.03999206 0.94814188 0.13667915 0.28415914
1780097657.564185 4.156599 0.134813 -1.913844 -0.04607023 0.93661124 0.14103260 0.31740625
1780097657.708860 4.157103 0.135163 -1.909607 -0.04601212 0.92061904 0.14529230 0.35949076
1780097657.840343 4.161385 0.135413 -1.903597 -0.02429192 0.90417151 0.14726573 0.40024565
1780097657.982630 4.160137 0.136140 -1.904650 -0.01887097 0.87571048 0.15122841 0.45815391
1780097658.136248 4.169704 0.137532 -1.907454 -0.03789517 0.86038129 0.14279530 0.48776786
1780097658.278739 4.183046 0.140673 -1.907162 -0.04259467 0.84681585 0.14646031 0.50954684
1780097658.408611 4.203665 0.143654 -1.906767 -0.03245573 0.81648006 0.16276763 0.55300420
1780097658.547230 4.216531 0.142166 -1.894013 -0.02559306 0.80560450 0.14941982 0.57273038
1780097658.709909 4.223727 0.141135 -1.879993 -0.03805033 0.80358224 0.12752269 0.58012561
1780097658.830768 4.243371 0.140075 -1.863580 -0.04567269 0.82797872 0.12780079 0.54408841
1780097658.965601 4.249790 0.138751 -1.851035 -0.03444547 0.86455376 0.12479436 0.48557869
1780097659.117700 4.255889 0.139186 -1.853554 -0.03598975 0.82259964 0.12173841 0.55426918
1780097659.259815 4.249783 0.139251 -1.860520 -0.04828385 0.81473531 0.11566230 0.56612479
1780097659.604592 4.242843 0.139178 -1.877064 -0.04372556 0.75748194 0.06425789 0.64821301
1780097659.932644 4.273765 0.139754 -1.862456 -0.04265565 0.84261823 0.10251253 0.52694041
1780097660.094834 4.256867 0.140265 -1.869678 -0.03262477 0.85689346 0.11488574 0.50146834
1780097660.232532 4.284666 0.145763 -1.885694 -0.02876325 0.86939011 0.12988157 0.47588264
1780097660.376446 4.284293 0.146199 -1.896127 0.00239088 0.85836269 0.13592429 0.49470432
1780097660.519576 4.277453 0.146835 -1.896966 -0.00388359 0.86830028 0.14497580 0.47436438
1780097660.663026 4.277996 0.146822 -1.897595 -0.01794189 0.86660826 0.13556062 0.47988700
1780097661.501147 4.288125 0.146444 -1.900617 -0.00675426 0.85539547 0.13193767 0.50084470
1780097663.399003 4.271960 0.145341 -1.902353 -0.01493253 0.83686402 0.12314195 0.53317135
1780097663.671647 4.275064 0.146294 -1.901058 -0.01962669 0.84110045 0.12231413 0.52650174
1780097663.813349 4.274144 0.146913 -1.901488 -0.02664285 0.82606640 0.11654859 0.55074576
1780097664.031168 4.191973 0.139276 -1.902053 0.01624059 0.24816777 0.07436635 0.96572183
1780097664.164234 4.239874 0.143283 -1.896219 0.05400589 0.08150916 0.05670569 0.99359151
1780097664.587642 4.238349 0.144060 -1.899436 0.04688422 0.08446441 0.06284772 0.99333670
1780097664.726134 4.226594 0.145456 -1.898203 0.03535453 0.08277999 0.07253441 0.99329567
1780097664.869336 4.228472 0.142068 -1.892932 0.04837786 0.05803416 0.05740315 0.99548807
1780097664.869336 4.228472 0.142068 -1.892932 0.04837786 0.05803416 0.05740315 0.99548807
1780097665.006464 4.227309 0.142253 -1.895401 0.05316027 0.04544087 0.05021667 0.99628681
1780097665.161860 4.223130 0.141346 -1.893362 0.05416268 0.03048686 0.04863179 0.99688109
1780097665.285885 4.219094 0.140965 -1.891015 0.06379213 0.01809467 0.05651780 0.99619721
1780097665.426070 4.217033 0.140293 -1.887744 0.06884670 0.00827864 0.07116669 0.99505120
1780097665.604345 4.211506 0.139011 -1.887468 0.07263306 0.01093094 0.05577796 0.99573780
1780097665.856621 4.206109 0.138697 -1.881777 0.05144325 0.02771063 0.04797134 0.99713814
1780097665.992696 4.208186 0.139120 -1.881764 0.04852783 0.04052049 0.04080558 0.99716500
1780097666.124093 4.216359 0.139693 -1.880864 0.04650806 0.05082348 0.05332343 0.99619806
1780097666.269388 4.226494 0.140843 -1.882501 0.04182485 0.06869128 0.05654670 0.99515560
1780097666.417699 4.230980 0.141455 -1.876884 0.03808759 0.08549845 0.05370067 0.99416075
1780097666.548505 4.238177 0.141666 -1.869726 0.03026235 0.09366775 0.05730466 0.99349218
1780097666.850386 4.244926 0.141578 -1.865454 0.03481608 0.10174839 0.05689184 0.99257162
1780097667.252603 4.251194 0.141446 -1.851752 0.03284028 0.10937819 0.04817715 0.99228871
1780097668.018791 4.252668 0.140852 -1.843523 0.04397609 0.09991093 0.06949187 0.99159205
1780097668.171746 4.250531 0.140704 -1.842106 0.05346395 0.08392403 0.05946373 0.99325849
1780097668.301045 4.246087 0.139419 -1.837209 0.05562176 0.06293198 0.05085283 0.99516821
1780097668.437225 4.242388 0.139219 -1.838441 0.06287962 0.02945717 0.04195559 0.99670365
1780097668.584239 4.234920 0.138005 -1.833987 0.06251375 0.00208791 0.02289419 0.99777930
1780097668.713722 4.226830 0.137899 -1.829294 0.06143010 -0.01315434 0.01857821 0.99785177
1780097668.889532 4.224431 0.137622 -1.830479 0.06241623 -0.03626333 0.02257061 0.99713577
1780097668.999568 4.222085 0.137675 -1.828553 0.06719849 -0.06978406 0.02796980 0.99490313
1780097669.136404 4.218830 0.137404 -1.828418 0.07501074 -0.08618879 0.04103446 0.99260317
1780097669.293076 4.218307 0.136222 -1.824056 0.07928577 -0.10579343 0.04097247 0.99037507
1780097669.413929 4.211308 0.135744 -1.824441 0.07973099 -0.12098169 0.04240417 0.98853846
1780097669.552956 4.207425 0.134759 -1.826265 0.08837291 -0.15554089 0.03388614 0.98328479
1780097669.697324 4.208337 0.134851 -1.831158 0.09105788 -0.20295780 0.03697973 0.97424283
1780097669.830669 4.204329 0.133580 -1.831529 0.09872148 -0.24302960 0.02541815 0.96464740
1780097669.977278 4.197440 0.133553 -1.832304 0.09527499 -0.26413380 0.04041658 0.95891736
1780097670.116706 4.187350 0.133151 -1.826395 0.09286645 -0.29233968 0.07334508 0.94896461
1780097670.401395 4.171727 0.128527 -1.817928 0.11939241 -0.33014634 0.04160306 0.93542398
1780097670.752098 4.156311 0.126671 -1.806157 0.11849360 -0.33214866 0.04248637 0.93478952
1780097670.898877 4.144429 0.125668 -1.801285 0.11474527 -0.31998469 0.03688893 0.93972471
1780097670.898877 4.144429 0.125668 -1.801285 0.11474527 -0.31998469 0.03688893 0.93972471
1780097671.314415 4.136419 0.125597 -1.797880 0.10920219 -0.36682067 0.03125611 0.92333122
1780097671.451891 4.131275 0.125001 -1.796810 0.12728293 -0.44845455 0.03400427 0.88404258
1780097671.597052 4.121740 0.124188 -1.794723 0.13435391 -0.51985848 0.02936927 0.84310950
1780097671.740239 4.118567 0.123383 -1.793631 0.13990944 -0.57064161 0.03531213 0.80842227
1780097672.033983 4.109956 0.122933 -1.791797 0.12852224 -0.62518823 0.05813440 0.76762107
1780097672.293619 4.101125 0.121985 -1.790048 0.13717266 -0.64523291 0.05334570 0.74967486
1780097672.718940 4.095187 0.121101 -1.790507 0.11708271 -0.64084492 0.07406881 0.75506506
1780097672.850360 4.096188 0.120340 -1.789868 0.14060638 -0.56294763 0.02825091 0.81395436
1780097672.991204 4.088933 0.119095 -1.786793 0.13058202 -0.50928634 0.04401801 0.84949289
1780097673.204496 4.080535 0.117545 -1.783276 0.11607553 -0.46052289 0.07066471 0.87718393
1780097673.349310 4.069910 0.117377 -1.779752 0.10655269 -0.43165001 0.03541920 0.89502529
1780097673.487067 4.066265 0.115837 -1.777531 0.13326339 -0.36805165 0.02648430 0.91982468
1780097673.629629 4.057767 0.114519 -1.773808 0.10642300 -0.32741920 0.04024522 0.93800380
1780097673.768093 4.050996 0.113882 -1.770834 0.09806597 -0.29440115 0.02918933 0.95018893
1780097673.941926 4.038267 0.112333 -1.762772 0.11101683 -0.27804839 0.02231253 0.95386923
1780097674.215204 4.026919 0.110685 -1.754836 0.09806050 -0.26354043 0.02395315 0.95935229
1780097674.467144 4.004788 0.106779 -1.745231 0.11189779 -0.27572971 0.03707920 0.95397964
1780097674.617666 3.986795 0.105176 -1.737986 0.10936663 -0.32314486 0.00840354 0.93997113
1780097674.781673 3.977360 0.103644 -1.733695 0.12007130 -0.36431941 0.01555102 0.92337014
1780097674.893076 3.966486 0.103369 -1.728727 0.12246721 -0.39445770 0.00284661 0.91071225
1780097675.170583 3.941581 0.099297 -1.718781 0.10728800 -0.37239374 0.03456621 0.92120430
1780097675.724351 3.911379 0.095129 -1.704952 0.10611515 -0.34578316 0.02227480 0.93202865
1780097676.289995 3.865342 0.089931 -1.687394 0.11856433 -0.39498630 0.04135963 0.91006467
1780097676.428323 3.856332 0.088899 -1.683107 0.12851551 -0.43120010 0.02797627 0.89261838
1780097676.562740 3.844774 0.086782 -1.680826 0.12868121 -0.44621339 0.03488524 0.88493942
1780097676.842552 3.820228 0.084008 -1.671958 0.12183900 -0.47760268 0.02331253 0.86977437
1780097677.154360 3.802309 0.080695 -1.667222 0.12070784 -0.48996351 0.03970435 0.86243199
1780097677.555496 3.775807 0.077202 -1.659456 0.12922963 -0.49932679 0.05290763 0.85508669
1780097677.690819 3.766981 0.076154 -1.656515 0.11561107 -0.49119954 0.03444034 0.86265344
1780097677.970420 3.753531 0.074711 -1.653213 0.12994323 -0.49581707 0.04647613 0.85739149
1780097678.117857 3.744110 0.073365 -1.650320 0.11905681 -0.48791959 0.02161286 0.86446101
1780097678.398167 3.727187 0.072283 -1.644568 0.13544538 -0.48863432 0.04522624 0.86072390
1780097678.398167 3.727187 0.072283 -1.644568 0.13544538 -0.48863432 0.04522624 0.86072390
1780097678.528695 3.723029 0.071919 -1.643237 0.12580288 -0.47712304 0.02045145 0.86954527
1780097679.089083 3.683178 0.067560 -1.631004 0.12706718 -0.48434100 0.02277862 0.86530276
1780097679.648327 3.658278 0.064630 -1.623197 0.13216973 -0.49418897 0.03672832 0.85846343
1780097680.071559 3.637249 0.061524 -1.615068 0.13445125 -0.42604935 0.01332379 0.89455424
1780097680.208215 3.630941 0.060173 -1.611961 0.11786355 -0.33118694 0.02417438 0.93586270
1780097680.347192 3.620560 0.058707 -1.606709 0.11544274 -0.27910521 0.03158547 0.95277259
1780097680.485261 3.616532 0.057752 -1.604285 0.10106640 -0.26968329 0.04844042 0.95640474
1780097680.621002 3.606531 0.057147 -1.599306 0.09545799 -0.29502500 0.03107014 0.95020138
1780097680.771562 3.599007 0.055287 -1.595205 0.11670774 -0.31550012 0.01211134 0.94164340
1780097680.910938 3.586052 0.053750 -1.589415 0.12761589 -0.33419838 0.01910333 0.93362770
1780097681.051087 3.577395 0.053485 -1.586506 0.11163995 -0.36818674 0.00688176 0.92299929
1780097681.187247 3.567242 0.051887 -1.582645 0.13171772 -0.44037098 0.01631345 0.88795141
1780097681.330889 3.561776 0.051334 -1.580546 0.14787754 -0.49289687 0.00786353 0.85739319
1780097681.465087 3.554376 0.049998 -1.578947 0.14522197 -0.43734425 -0.00839408 0.88745148
1780097681.608455 3.547644 0.049690 -1.576488 0.12056265 -0.42022682 0.01447461 0.89925778
1780097681.886351 3.534800 0.047991 -1.571329 0.12039368 -0.38396309 0.02065843 0.91523272
1780097682.160560 3.520241 0.046966 -1.564792 0.10945275 -0.37272187 0.01349509 0.92136659
1780097682.445264 3.507132 0.044909 -1.559622 0.11622155 -0.36929999 0.01951074 0.92180768
1780097682.863235 3.489421 0.043445 -1.551698 0.11833407 -0.36889961 0.01845784 0.92172091
1780097683.144331 3.474844 0.041997 -1.545187 0.11951568 -0.36437498 0.00497633 0.92353782
1780097683.433116 3.464069 0.040200 -1.540722 0.11541252 -0.36583711 0.00930957 0.92344815
1780097683.705298 3.452601 0.038531 -1.534805 0.13093300 -0.36937643 0.02145639 0.91975933
1780097683.811022 3.447104 0.037599 -1.533027 0.11104682 -0.36285892 0.00442776 0.92519317
1780097684.059952 3.433410 0.035937 -1.527669 0.12155224 -0.36392115 0.01726857 0.92330290
1780097684.504287 3.414653 0.033308 -1.519279 0.12898254 -0.36203131 0.02661858 0.92281541
1780097684.620881 3.410306 0.031831 -1.516945 0.10848719 -0.35826804 0.01748662 0.92712931
1780097684.896930 3.395738 0.031213 -1.510499 0.12399636 -0.36001703 0.02278078 0.92438827
1780097685.172667 3.385501 0.028835 -1.504909 0.11756109 -0.35694478 0.01371752 0.92659681
1780097685.592969 3.367992 0.027683 -1.498494 0.11805821 -0.35631276 0.02334171 0.92658440
1780097685.876653 3.356127 0.025534 -1.492726 0.12245061 -0.35053451 0.00559980 0.92849343
1780097686.155536 3.345633 0.024095 -1.489137 0.11156352 -0.34509815 -0.00716547 0.93188492
1780097686.300076 3.341958 0.024012 -1.487672 0.12684185 -0.34446205 -0.00217344 0.93018940
1780097686.300076 3.341958 0.024012 -1.487672 0.12684185 -0.34446205 -0.00217344 0.93018940
1780097686.458656 3.338922 0.023651 -1.486249 0.13156132 -0.34391952 0.00819465 0.92970093
1780097686.853424 3.323555 0.021586 -1.479342 0.13322159 -0.34187966 0.00230496 0.93024996
1780097687.133464 3.311896 0.018736 -1.473955 0.12166047 -0.35171639 0.02092927 0.92793118
1780097687.416584 3.302493 0.017933 -1.469725 0.12376859 -0.34428566 0.00737023 0.93064193
1780097687.693659 3.292447 0.016375 -1.465264 0.11258380 -0.34571575 0.00336803 0.93155470
1780097687.977807 3.283082 0.014680 -1.461090 0.11582086 -0.35079375 0.03047076 0.92876305
1780097688.115021 3.277914 0.014263 -1.458773 0.09654100 -0.34226189 0.02154557 0.93438345
1780097688.395568 3.270276 0.013306 -1.455176 0.11700353 -0.34321597 0.02192754 0.93168243
1780097688.675760 3.256775 0.011707 -1.449718 0.11386017 -0.38971418 0.03179612 0.91331688
1780097688.954611 3.245177 0.010325 -1.445020 0.11880675 -0.42079201 0.01642587 0.89919366
1780097689.101969 3.240325 0.009362 -1.443735 0.13117970 -0.43284331 0.01957050 0.89165888
1780097689.235198 3.234673 0.008897 -1.441505 0.11914692 -0.43828952 0.00407109 0.89089266
1780097689.515363 3.226188 0.007860 -1.438797 0.12968163 -0.44852393 0.02483816 0.88396381
1780097689.659539 3.222275 0.007241 -1.437568 0.11544423 -0.44350860 0.00661811 0.88877947
1780097689.937992 3.212569 0.006634 -1.434322 0.12936974 -0.44860634 0.02619237 0.88392861
1780097690.088925 3.207618 0.005748 -1.432602 0.11409477 -0.44296954 -0.00286972 0.88924245
1780097690.358847 3.198416 0.005820 -1.429131 0.11783270 -0.42693006 0.00254179 0.89657109
1780097690.495513 3.194731 0.004886 -1.427916 0.10641982 -0.40157503 -0.00057210 0.90962190
1780097690.918161 3.178920 0.003328 -1.422433 0.11496062 -0.43729082 -0.01299432 0.89184749
1780097691.058183 3.176694 0.002992 -1.422105 0.13642901 -0.48609544 -0.00104859 0.86319016
1780097691.198809 3.171011 0.002684 -1.420493 0.12696354 -0.51511179 -0.02442681 0.84731543
1780097691.474828 3.159899 0.001812 -1.417171 0.12947360 -0.46990340 -0.02691635 0.87275592
1780097691.757798 3.153358 0.001252 -1.414331 0.11474347 -0.44233338 -0.00023235 0.88948022
1780097692.177302 3.138065 0.000347 -1.409034 0.11161499 -0.41586705 -0.01746561 0.90238110
1780097692.606572 3.125338 -0.000732 -1.404510 0.08835706 -0.41321043 -0.00890914 0.90629509
1780097692.878538 3.116401 -0.001102 -1.401236 0.11688987 -0.40319228 -0.03305900 0.90701700
1780097693.177387 3.107282 -0.001257 -1.395100 0.11487224 -0.30235130 -0.02578136 0.94589819
1780097693.325617 3.108423 -0.001312 -1.394717 0.08487881 -0.24369058 0.02999580 0.96566596
1780097693.438408 3.102584 -0.002040 -1.389691 0.07515890 -0.19131936 0.02890297 0.97821913
1780097693.720293 3.091876 -0.003292 -1.383045 0.09201606 -0.21306191 0.02125561 0.97246381
1780097693.857113 3.087198 -0.003555 -1.380084 0.07778298 -0.21625026 0.01300527 0.97314773
1780097694.136147 3.082539 -0.002741 -1.377017 0.09123946 -0.22374390 -0.01897412 0.97018246
1780097694.136147 3.082539 -0.002741 -1.377017 0.09123946 -0.22374390 -0.01897412 0.97018246
1780097694.693680 3.081727 -0.002738 -1.376110 0.10455176 -0.24292529 -0.00967896 0.96434566
1780097694.972913 3.082375 -0.002694 -1.376143 0.09855081 -0.23429179 0.01376394 0.96706031
1780097695.400178 3.078269 -0.003237 -1.374904 0.11369846 -0.26932705 -0.00575758 0.95629622
1780097695.536292 3.075167 -0.003802 -1.373588 0.10963539 -0.30022707 -0.00466036 0.94753473
1780097695.678317 3.067132 -0.004306 -1.370017 0.11833125 -0.31718730 -0.01821160 0.94077536
1780097695.962372 3.053051 -0.005405 -1.366472 0.12197968 -0.33731352 -0.01313381 0.93336384
1780097696.810477 3.001777 -0.009861 -1.352806 0.12759455 -0.40065654 -0.00738207 0.90727034
1780097696.946515 2.985847 -0.012878 -1.349543 0.15663905 -0.46882165 -0.01713100 0.86912427
1780097697.086112 2.973801 -0.014303 -1.352312 0.17473394 -0.50180191 -0.02322963 0.84683132
1780097697.370154 2.964618 -0.014062 -1.349867 0.16225175 -0.55710192 -0.01523381 0.81429709
1780097697.783843 2.934445 -0.013619 -1.347137 0.14536355 -0.56624686 -0.00343898 0.81130888
1780097698.209984 2.931694 -0.008253 -1.346423 0.12508449 -0.58459607 -0.01845596 0.80141168
1780097699.465846 2.881606 -0.011162 -1.341483 0.13485135 -0.59569387 -0.02197692 0.79150549
1780097699.608159 2.872721 -0.011878 -1.349121 0.14038208 -0.64324705 -0.01945001 0.75242794
1780097699.747412 2.866351 -0.012591 -1.354848 -0.12954125 0.74061493 0.00834383 -0.65927154
1780097699.892220 2.877676 -0.011530 -1.355016 -0.12764074 0.79300514 0.02646507 -0.59510527
1780097700.032509 2.866923 -0.010934 -1.351477 -0.10225847 0.82557110 0.01771469 -0.55467265
1780097700.177510 2.869477 -0.015972 -1.348754 -0.09559178 0.86839556 0.00569103 -0.48653775
1780097700.313220 2.882224 -0.013955 -1.346903 -0.09310260 0.90454618 0.03096174 -0.41493312
1780097700.445742 2.868239 -0.014749 -1.348371 -0.08465577 0.92230444 0.03284007 -0.37564538
1780097700.596215 2.860098 -0.016232 -1.352603 -0.08107403 0.93348657 0.02787535 -0.34821370
1780097700.727084 2.854981 -0.014477 -1.348993 -0.08094037 0.93599127 0.04692071 -0.33936330
1780097701.007979 2.839510 -0.014985 -1.354701 -0.06524325 0.94800653 0.02900858 -0.31013776
1780097701.143201 2.838650 -0.011785 -1.356124 -0.07001855 0.94619816 0.05056366 -0.31184894
1780097701.280531 2.834371 -0.009632 -1.364455 -0.05865177 0.95924530 0.05055018 -0.27175928
1780097701.435626 2.802442 -0.003341 -1.379471 -0.05746775 0.96727281 0.06400798 -0.23871269
1780097701.557226 2.591100 0.046657 -1.478791 -0.05865782 0.96839839 0.08608199 -0.22661358
1780097701.978681 2.801262 -0.001649 -1.380953 -0.03569176 0.97526486 0.05427490 -0.21127891
1780097702.121066 2.827738 -0.007843 -1.367106 -0.04552521 0.97303824 0.05169847 -0.22011656
1780097702.395716 2.826638 -0.009293 -1.369576 -0.04948016 0.97379556 0.05165474 -0.21588353
1780097702.544690 2.831960 -0.010173 -1.369343 -0.05942818 0.97177512 0.05561666 -0.22142309
1780097702.816311 2.834135 -0.010754 -1.369193 -0.06733932 0.96905155 0.05232831 -0.23165977
1780097702.816311 2.834139 -0.010755 -1.369192 -0.06736061 0.96903985 0.05230533 -0.23170772
1780097703.095717 2.832988 -0.010886 -1.368912 -0.05890731 0.96836338 0.04914906 -0.23745877
1780097707.154845 2.832574 -0.010468 -1.367833 -0.04377604 0.96874517 0.05184979 -0.23859600
1780097707.301127 2.831954 -0.011189 -1.365874 -0.07275325 0.96279725 0.05014445 -0.25537024
1780097707.441717 2.829951 -0.012611 -1.361313 -0.07287330 0.95388009 0.04660357 -0.28745499
1780097707.583807 2.831674 -0.013446 -1.359893 -0.09800093 0.92310912 0.05578907 -0.36763154
1780097707.722185 2.831682 -0.014144 -1.359314 -0.11053854 0.89285786 0.04825692 -0.43388633
1780097707.865051 2.834286 -0.013880 -1.360486 -0.09990636 0.86830577 0.03776402 -0.48439414
1780097708.008414 2.839749 -0.013158 -1.362177 -0.09797630 0.87101779 0.03681960 -0.47997183
1780097708.145609 2.843262 -0.012056 -1.363753 -0.10962938 0.89747538 0.04535487 -0.42480851
1780097708.282839 2.844313 -0.010803 -1.365821 -0.10810289 0.92527682 0.06078759 -0.35844309
1780097708.426894 2.848960 -0.010017 -1.369315 -0.07916828 0.94256234 0.04829894 -0.32089847
1780097708.562790 2.851740 -0.009305 -1.370001 -0.04809661 0.96118873 0.03641954 -0.26921472
1780097708.704541 2.856144 -0.008051 -1.375149 -0.06940197 0.95823549 0.03665812 -0.27499873
1780097708.856152 2.855207 -0.008077 -1.378594 -0.06808203 0.96132840 0.03757124 -0.26419868
1780097709.030992 2.854065 -0.007925 -1.381066 -0.05777792 0.96126362 0.03631776 -0.26704866
1780097709.134242 2.852382 -0.007735 -1.382067 -0.07196664 0.96186699 0.04444511 -0.26011023
1780097709.263004 2.850703 -0.008296 -1.381685 -0.08551159 0.96070582 0.05359695 -0.25857196
1780097709.404070 2.850238 -0.008306 -1.380310 -0.08175381 0.95797478 0.04959026 -0.27044676
1780097709.537250 2.849839 -0.008385 -1.379403 -0.08816287 0.95638936 0.04996373 -0.27395316
1780097709.682176 2.849627 -0.008706 -1.378331 -0.08240966 0.95449458 0.04798110 -0.28257132
1780097709.828235 2.849147 -0.008808 -1.377610 -0.07885953 0.95049698 0.04195749 -0.29761761
1780097709.963183 2.848830 -0.008571 -1.377658 -0.08264826 0.94578486 0.03990358 -0.31155733
1780097710.098121 2.848229 -0.008738 -1.377775 -0.06784666 0.94302660 0.03478132 -0.32386405
1780097710.377821 2.845856 -0.008013 -1.378423 -0.06369163 0.95132997 0.02963775 -0.30006044
1780097710.520563 2.845395 -0.007930 -1.378742 -0.06243460 0.95641218 0.03612259 -0.28297142
1780097710.799027 2.843673 -0.008322 -1.378365 -0.05304735 0.96205825 0.05043536 -0.26284250
1780097710.939227 2.838733 -0.007267 -1.378178 -0.02757344 0.98024181 0.08008646 -0.17875083
1780097711.073395 2.842661 -0.008215 -1.379189 -0.06295231 0.95460080 0.04423655 -0.28778019
1780097711.217301 2.841341 -0.008082 -1.379061 -0.08485574 0.93938925 0.03872365 -0.32992093
1780097711.353978 2.841259 -0.008481 -1.379220 -0.09222347 0.92527239 0.03851736 -0.36589924
1780097711.503759 2.839224 -0.008671 -1.377744 -0.09212187 0.92071903 0.03262458 -0.37779051
1780097711.637031 2.838976 -0.009051 -1.377543 -0.10418214 0.91039739 0.03838667 -0.39855882
1780097711.637031 2.838980 -0.009050 -1.377544 -0.10425663 0.91030577 0.03836644 -0.39875053
1780097711.774094 2.839042 -0.009239 -1.376849 -0.10065075 0.91959382 0.03928435 -0.37772129
1780097711.921346 2.838919 -0.009261 -1.376312 -0.08909260 0.92028050 0.04569960 -0.37822989
1780097712.056861 2.837477 -0.009369 -1.375602 -0.06558525 0.92509849 0.04568938 -0.37121941
1780097712.197566 2.837596 -0.009623 -1.374905 -0.07465690 0.92628461 0.04819773 -0.36619687
1780097712.337766 2.838859 -0.009824 -1.374976 -0.09498224 0.91654078 0.03760168 -0.38667491
1780097713.176314 2.838671 -0.009752 -1.375304 -0.08692642 0.91817896 0.02944437 -0.38538840
1780097714.030918 2.839853 -0.009981 -1.374914 -0.11850463 0.87230433 0.02978178 -0.47344996
1780097714.167861 2.839732 -0.010097 -1.374526 -0.11251957 0.85834436 0.01873677 -0.50023318
1780097714.866783 2.839764 -0.010080 -1.374598 -0.12285214 0.83570100 0.01397243 -0.53508500
1780097718.784499 2.839770 -0.009971 -1.375346 -0.11520372 0.85934141 0.01301390 -0.49808743
1780097718.922650 2.839340 -0.009913 -1.375386 -0.10311815 0.87746224 0.00617788 -0.46838926
1780097721.726005 2.840355 -0.010194 -1.374603 -0.14923501 0.82072563 0.02314242 -0.55100161
1780097721.873632 2.840184 -0.010578 -1.373459 -0.16463891 0.73739102 0.01863217 -0.65482926
1780097722.013439 2.837941 -0.010924 -1.372182 0.17984728 -0.57466943 -0.04598966 0.79705392
1780097722.155522 2.834675 -0.011196 -1.370092 0.14620403 -0.39501221 -0.03297851 0.90636756
1780097722.302167 2.834778 -0.010788 -1.370943 0.12444722 -0.24588751 -0.02292797 0.96100288
1780097722.447650 2.836099 -0.011456 -1.368024 0.10685034 -0.15812273 -0.00389764 0.98161347
1780097722.570852 2.834963 -0.011376 -1.367073 0.09397807 -0.11609721 0.02028430 0.98857377
1780097722.717611 2.836395 -0.011534 -1.368436 0.09462293 -0.08060706 0.01668644 0.99210411
1780097722.853226 2.836743 -0.012005 -1.367267 0.09535351 -0.07198920 0.02173464 0.99259905
1780097723.142539 2.835730 -0.013131 -1.361347 0.09359002 -0.05734379 0.01019831 0.99390573
1780097723.546724 2.831810 -0.014808 -1.352922 0.08942011 -0.05575419 0.00393613 0.99442447
1780097724.183484 2.814798 -0.019167 -1.337623 0.09419922 -0.06204815 0.00508041 0.99360491
1780097724.890063 2.799696 -0.021690 -1.326243 0.09342283 -0.06454472 0.00731339 0.99350524
1780097725.029386 2.794799 -0.024070 -1.322984 0.10369319 -0.09264896 0.01066462 0.99022733
1780097725.164258 2.788002 -0.023029 -1.320815 0.09864818 -0.11252637 -0.00176308 0.98873821
1780097725.301261 2.783525 -0.024337 -1.317985 0.10538069 -0.13630457 -0.00519329 0.98503249
1780097725.468161 2.777878 -0.026417 -1.316452 0.11672755 -0.14776468 -0.00355956 0.98210366
1780097725.583818 2.779929 -0.024092 -1.317533 0.10478089 -0.15768874 -0.00439992 0.98190421
1780097725.731325 2.775073 -0.025760 -1.313503 0.11124631 -0.16019117 -0.00041683 0.98079706
1780097726.281011 2.756985 -0.029471 -1.303218 0.11944897 -0.17625545 -0.00060987 0.97706990
1780097726.850268 2.741078 -0.029742 -1.299332 0.11520473 -0.18254242 -0.00731063 0.97639781
1780097726.850268 2.741078 -0.029742 -1.299332 0.11520473 -0.18254242 -0.00731063 0.97639781
1780097727.254696 2.739196 -0.029840 -1.298461 0.11425253 -0.21812038 -0.00836241 0.96917487
1780097727.403914 2.724965 -0.032027 -1.293293 0.13006956 -0.24289794 -0.00613586 0.96127252
1780097727.542476 2.719595 -0.031988 -1.291722 0.12008876 -0.25282780 -0.02678193 0.95965594
1780097727.681085 2.710002 -0.033476 -1.288797 0.13367647 -0.26469219 -0.03362644 0.95443067
1780097728.102355 2.689788 -0.036440 -1.282844 0.12823068 -0.29008743 0.00820616 0.94833477
1780097728.806220 2.670733 -0.038280 -1.276333 0.12682983 -0.29275265 -0.02138681 0.94749812
1780097728.943012 2.673691 -0.038005 -1.276433 0.12280496 -0.26083955 -0.01412735 0.95743516
1780097729.076002 2.680776 -0.037449 -1.276864 0.11249851 -0.19782028 0.00990902 0.97371096
1780097729.221399 2.669950 -0.039955 -1.271228 0.11807319 -0.15290927 0.00675984 0.98113800
1780097729.353138 2.671502 -0.039600 -1.270503 0.09902605 -0.13639855 0.02683791 0.98532685
1780097729.506701 2.668172 -0.039836 -1.268662 0.09612027 -0.12024051 0.01990238 0.98788006
1780097729.777087 2.659124 -0.043766 -1.263648 0.11446336 -0.13271158 0.00711131 0.98449744
1780097729.922009 2.654174 -0.041604 -1.263159 0.10373039 -0.15332470 -0.00810127 0.98268302
1780097730.054666 2.644863 -0.043170 -1.259237 0.11272067 -0.17536429 -0.00972149 0.97798104
1780097730.202047 2.639096 -0.044162 -1.256100 0.12171659 -0.19419687 -0.01722045 0.97322973
1780097730.616821 2.623183 -0.045723 -1.251645 0.11582791 -0.20936944 -0.02046354 0.97073662
1780097732.089351 2.568542 -0.053700 -1.230647 0.11935928 -0.23049501 0.00064927 0.96572511
1780097733.065879 2.537910 -0.057280 -1.219587 0.11880086 -0.22892916 -0.02255746 0.96590318
1780097733.344620 2.532431 -0.059579 -1.217788 0.13570448 -0.23480666 -0.01596225 0.96239043
1780097733.909675 2.520087 -0.060074 -1.212683 0.12545873 -0.23292766 -0.02713042 0.96398587
1780097734.607987 2.498933 -0.062074 -1.206356 0.11717669 -0.23716723 -0.01819478 0.96420448
1780097735.032425 2.488490 -0.065374 -1.201116 0.11564736 -0.20022381 -0.00066466 0.97290065
1780097735.169434 2.487617 -0.065912 -1.199885 0.11721110 -0.17490165 0.00529024 0.97756994
1780097735.311090 2.485500 -0.067074 -1.196969 0.11207234 -0.17039824 0.01845681 0.97880722
1780097735.589382 2.474324 -0.067728 -1.194676 0.11859222 -0.19285954 -0.00863785 0.97399511
1780097735.727711 2.472267 -0.068115 -1.193455 0.13241514 -0.21265080 -0.01130692 0.96804856
1780097735.882590 2.465769 -0.068141 -1.192024 0.11674169 -0.21851244 -0.01364497 0.96872984
1780097736.148910 2.456764 -0.069059 -1.189466 0.12181050 -0.23457827 -0.02408927 0.96413430
1780097736.566718 2.445222 -0.071098 -1.186016 0.12261204 -0.25567568 -0.02738767 0.95856463
1780097736.859300 2.432571 -0.074307 -1.182367 0.13295367 -0.27512375 -0.01264194 0.95208740
1780097737.407423 2.417538 -0.074570 -1.178891 0.12503665 -0.27856297 -0.02538093 0.95190562
1780097737.690851 2.405091 -0.076915 -1.175343 0.14191958 -0.28458485 -0.01712040 0.94793311
1780097737.690851 2.405091 -0.076915 -1.175343 0.14191958 -0.28458485 -0.01712040 0.94793311
1780097738.259338 2.394118 -0.077822 -1.171424 0.12982032 -0.28269114 -0.02384822 0.95008614
1780097738.394558 2.393955 -0.079173 -1.170630 0.12526906 -0.25003434 -0.01845496 0.95992182
1780097738.534414 2.386694 -0.079649 -1.165431 0.11242679 -0.21811785 -0.00746076 0.96939628
1780097738.670504 2.381966 -0.080744 -1.161923 0.12399471 -0.19918800 -0.00452479 0.97207458
1780097738.811470 2.378408 -0.082399 -1.157156 0.11052376 -0.18418316 0.00858673 0.97662036
1780097738.951401 2.366600 -0.084291 -1.143614 0.10287278 -0.14051557 0.00902134 0.98467821
1780097739.089093 2.364019 -0.086591 -1.139257 0.09768016 -0.11435227 0.01306722 0.98854003
1780097739.231948 2.373642 -0.089781 -1.128110 0.09731820 -0.10675331 0.02074647 0.98929393
1780097739.369656 2.379844 -0.091258 -1.120484 0.09358595 -0.10004001 0.00981358 0.99052378
1780097739.652644 2.339732 -0.099380 -1.116528 0.12667534 -0.12545691 0.00877399 0.98393950
1780097739.790505 2.325004 -0.094857 -1.120780 0.10580264 -0.13801593 -0.01912325 0.98457692
1780097739.927188 2.316391 -0.096461 -1.116752 0.10418239 -0.16054595 -0.01280138 0.98143118
1780097740.069844 2.315800 -0.096586 -1.115033 0.11590223 -0.17792543 -0.01941787 0.97700162
1780097740.347418 2.291521 -0.101603 -1.104157 0.11506446 -0.19282112 -0.01091417 0.97440293
1780097740.627299 2.278327 -0.104586 -1.096984 0.12398459 -0.14707682 -0.00597798 0.98130550
1780097740.766541 2.284423 -0.102843 -1.096144 0.10080433 -0.13933322 0.02253427 0.98484362
1780097741.187054 2.249821 -0.112125 -1.076918 0.11929980 -0.15453240 0.00006661 0.98075853
1780097741.342841 2.249840 -0.109811 -1.075371 0.10152628 -0.16286582 -0.01010739 0.98135874
1780097741.608480 2.231759 -0.113728 -1.062422 0.10634752 -0.14144959 0.00641653 0.98419563
1780097742.056926 2.212466 -0.120749 -1.049703 0.11394683 -0.12741893 0.00783967 0.98525077
1780097742.184092 2.219847 -0.116139 -1.052140 0.09552190 -0.12419865 0.00255401 0.98764555
1780097742.867173 2.181789 -0.121639 -1.035326 0.09964918 -0.14914563 -0.00481294 0.98376952
1780097743.019712 2.168294 -0.122738 -1.034945 0.10044161 -0.17528458 -0.00835845 0.97934516
1780097743.148375 2.152367 -0.128144 -1.029325 0.11981341 -0.20245863 -0.01137989 0.97186715
1780097743.285530 2.145346 -0.124336 -1.027885 0.10590281 -0.21488672 -0.02939518 0.97043506
1780097743.572069 2.123647 -0.131294 -1.019042 0.12974854 -0.24263204 -0.00566947 0.96138591
1780097743.705721 2.124963 -0.126032 -1.023655 0.10639086 -0.23812045 -0.01720240 0.96523765
1780097744.477573 2.086448 -0.125107 -1.012339 0.09427036 -0.25346740 -0.01497466 0.96262305
1780097745.181532 2.052758 -0.128743 -1.001971 0.11011835 -0.26690465 -0.01138562 0.95734332
1780097745.603088 2.038230 -0.125793 -1.001422 0.09650870 -0.26051443 -0.02981117 0.96017165
1780097745.883847 2.021733 -0.134035 -0.989882 0.11023479 -0.25708185 -0.01621823 0.95994488
1780097746.017282 2.014342 -0.130399 -0.988437 0.09512466 -0.22390269 -0.01536564 0.96983647
1780097746.017282 2.014342 -0.130399 -0.988437 0.09512466 -0.22390269 -0.01536564 0.96983647
1780097746.160245 2.012151 -0.130467 -0.987056 0.10545764 -0.21329803 -0.01368953 0.97118239
1780097746.439153 1.999331 -0.132005 -0.981004 0.09235730 -0.20175994 -0.00971140 0.97502243
1780097746.577758 2.000114 -0.132911 -0.980781 0.10236509 -0.20293627 -0.00748567 0.97379783
1780097746.717160 1.990138 -0.135013 -0.976101 0.11526948 -0.20347977 -0.00035354 0.97226992
1780097747.416402 1.965206 -0.138714 -0.966572 0.10742086 -0.20183871 0.00226875 0.97350745
1780097747.838401 1.952734 -0.141164 -0.961241 0.10550238 -0.20200416 -0.00237142 0.97368267
1780097748.540034 1.931246 -0.144175 -0.952308 0.11272290 -0.20168934 -0.00415198 0.97293254
1780097748.821043 1.922539 -0.145517 -0.948963 0.09775700 -0.19771561 -0.00989285 0.97532263
1780097749.312475 1.910575 -0.147764 -0.944088 0.10778177 -0.20235562 -0.00471956 0.97335144
1780097749.591682 1.901155 -0.148598 -0.939867 0.09496393 -0.20366724 -0.00699843 0.97439855
1780097749.877092 1.894962 -0.150377 -0.937574 0.10584207 -0.20653070 -0.00889803 0.97265788
1780097750.290133 1.885043 -0.152141 -0.934119 0.12512311 -0.25573657 0.00681122 0.95859096
1780097750.407869 1.878103 -0.151451 -0.932692 0.12015288 -0.27055565 -0.02887493 0.95474036
1780097750.569949 1.870403 -0.150414 -0.933739 0.13233132 -0.42732893 -0.01614875 0.89421341
1780097750.710710 1.866730 -0.151337 -0.933428 0.16217911 -0.64418758 -0.00417259 0.74746430
1780097750.850280 1.857195 -0.149314 -0.932588 -0.11815624 0.70607759 -0.00045474 -0.69820723
1780097750.985613 1.855171 -0.150680 -0.934138 -0.12623376 0.82484621 -0.00272954 -0.55107741
1780097751.126969 1.864747 -0.149828 -0.937552 -0.13188263 0.82580371 -0.00482043 -0.54829916
1780097751.270868 1.883735 -0.147931 -0.942225 -0.12708735 0.82403201 -0.03331009 -0.55109934
1780097751.407373 1.871887 -0.146810 -0.945249 -0.08240784 0.89730038 -0.01680943 -0.43333407
1780097751.549016 1.877710 -0.145315 -0.947999 -0.09065998 0.89643576 0.02809657 -0.43289061
1780097751.721687 1.878734 -0.144520 -0.949354 -0.07572704 0.92534731 0.03885000 -0.36944344
1780097751.834522 1.864800 -0.147221 -0.949576 -0.10810026 0.92455531 0.05156728 -0.36173556
1780097751.970460 1.865186 -0.147223 -0.947563 -0.09980122 0.92877212 0.04487087 -0.35413086
1780097752.107857 1.871778 -0.145697 -0.947593 -0.09837843 0.89791092 0.03095664 -0.42792447
1780097752.247770 1.877729 -0.146091 -0.947766 -0.09818781 0.88711051 0.02494975 -0.45030168
1780097752.384371 1.867321 -0.145678 -0.946409 -0.07446859 0.89295883 0.00876646 -0.44384920
1780097752.672677 1.877666 -0.144284 -0.946493 -0.07282640 0.88247691 -0.00454086 -0.46466138
1780097753.570972 1.872400 -0.145660 -0.946451 -0.08946875 0.87340187 0.01466832 -0.47848652
1780097754.626376 1.866548 -0.147510 -0.946881 -0.11481235 0.84565524 0.01646650 -0.52097428
1780097754.767085 1.866028 -0.147436 -0.946979 -0.10810880 0.88719717 0.02631975 -0.44777331
1780097754.904972 1.886076 -0.146010 -0.951214 -0.11457089 0.88274730 0.02758476 -0.45482942
1780097754.904972 1.886076 -0.146010 -0.951214 -0.11457097 0.88274651 0.02758461 -0.45483094
1780097756.241860 1.885996 -0.146025 -0.951117 -0.13696725 0.87581972 0.03475294 -0.46148892
1780097756.379338 1.886314 -0.146463 -0.949057 -0.13389666 0.90686675 0.02987552 -0.39846185
1780097756.518888 1.884000 -0.148067 -0.944113 -0.09259381 0.93656668 0.03468477 -0.33625319
1780097756.727632 1.883940 -0.148768 -0.940243 -0.10645531 0.90282888 0.02903981 -0.41560072
1780097756.871035 1.877691 -0.148730 -0.937920 -0.11129804 0.81635172 0.04836103 -0.56466257
1780097757.014608 1.874496 -0.149379 -0.937010 -0.11506948 0.74450087 -0.01756283 -0.65739563
1780097757.153853 1.872050 -0.149878 -0.936995 0.12097839 -0.63709130 0.02390231 0.76085976
1780097757.288724 1.868591 -0.150503 -0.935356 0.14471136 -0.66385415 0.00283724 0.73372218
1780097757.567597 1.864457 -0.150947 -0.935028 0.16167142 -0.61577913 -0.03703590 0.77026408
1780097757.712945 1.864471 -0.150518 -0.935666 0.13891617 -0.66099969 -0.02694769 0.73692301
1780097757.848570 1.866005 -0.150457 -0.935350 -0.15845899 0.78886802 0.04083051 -0.59237730
1780097757.985689 1.867606 -0.150048 -0.935455 -0.13427833 0.84304219 0.02813456 -0.52005542
1780097758.171814 1.868697 -0.149919 -0.935368 -0.10423224 0.87749677 0.02155343 -0.46762219
1780097758.338348 1.869793 -0.149793 -0.935362 -0.09486476 0.90032344 0.02241126 -0.42416519
1780097758.623308 1.871823 -0.149717 -0.935242 -0.08176821 0.91310455 0.02442501 -0.39869469
1780097758.899632 1.874090 -0.149752 -0.935226 -0.09340452 0.91604110 0.03156049 -0.38877787
1780097759.044241 1.873694 -0.149944 -0.935045 -0.10105792 0.90438406 0.03284268 -0.41327730
1780097759.182216 1.872164 -0.150526 -0.934314 -0.11049882 0.87719200 0.02768088 -0.46643110
1780097759.298606 1.871615 -0.150679 -0.934114 -0.12385983 0.85086171 0.02606352 -0.50991546
1780097759.459995 1.869989 -0.151038 -0.934037 -0.16357456 0.72904972 0.02573624 -0.66412914
1780097759.607972 1.869753 -0.151239 -0.934261 0.17925124 -0.66797538 -0.03551355 0.72139911
1780097759.742111 1.868609 -0.150911 -0.933330 0.14382039 -0.65702884 -0.01216162 0.73991952
1780097759.881624 1.867160 -0.150669 -0.933777 0.13520110 -0.69420293 -0.00373590 0.70695756
1780097760.019641 1.865139 -0.150434 -0.932805 -0.11123482 0.79031285 0.00441687 -0.60250552
1780097760.164403 1.865398 -0.150116 -0.933273 -0.08322773 0.87846627 0.00622292 -0.47045875
1780097760.302402 1.865256 -0.150000 -0.933271 -0.07470645 0.92822766 0.02344543 -0.36367936
1780097760.440210 1.866551 -0.149777 -0.934964 -0.04961437 0.94980690 0.01616729 -0.30845404
1780097760.588226 1.867662 -0.149583 -0.935628 -0.03700508 0.96918946 0.03347694 -0.24120884
1780097760.743657 1.873011 -0.149281 -0.938639 -0.05099927 0.97380665 0.04575692 -0.21680862
1780097760.862590 1.875833 -0.148996 -0.938921 -0.04007713 0.97980383 0.04247689 -0.19124328
1780097760.999699 1.879943 -0.148963 -0.941025 -0.03915327 0.97876840 0.04198929 -0.19676468
1780097761.151364 1.884299 -0.147955 -0.943768 -0.03622471 0.97913495 0.04230584 -0.19542960
1780097761.151364 1.884299 -0.147955 -0.943768 -0.03622471 0.97913495 0.04230584 -0.19542962
1780097761.287093 1.884892 -0.147764 -0.943982 -0.05223349 0.98225733 0.05097298 -0.17275403
1780097761.426869 1.885196 -0.147733 -0.943987 -0.04633513 0.98463955 0.05446124 -0.15928589
1780097761.703812 1.885439 -0.147748 -0.944127 -0.06215243 0.98519656 0.05593451 -0.14965341
1780097762.125153 1.885355 -0.147743 -0.944012 -0.06516203 0.98481606 0.05546274 -0.15104675
1780097766.112924 1.884582 -0.147618 -0.944509 -0.06922180 0.98316373 0.05814383 -0.15879770
1780097766.251252 1.884387 -0.147563 -0.944594 -0.06541874 0.98198794 0.05589328 -0.16821421
1780097768.774127 1.885350 -0.147678 -0.944696 -0.05887074 0.98368307 0.05692701 -0.16019102
1780097768.920377 1.886500 -0.147791 -0.944554 -0.04910662 0.98826053 0.06001454 -0.13163559
1780097769.066624 1.889817 -0.147941 -0.943986 -0.02946814 0.99370517 0.06248886 -0.08818623
1780097769.202879 1.895802 -0.148511 -0.943864 -0.02142579 0.99641058 0.07994655 -0.01776054
1780097769.346328 1.892253 -0.147712 -0.944914 -0.04013701 0.99548470 0.08595215 -0.00338443
1780097769.477701 1.894443 -0.147407 -0.945681 -0.02768643 0.99652679 0.07797945 0.00932920
1780097769.663926 1.895400 -0.146957 -0.946495 -0.01633472 0.99596750 0.08436273 0.02578443
1780097769.819984 1.896520 -0.146674 -0.947200 -0.04514353 0.99405134 0.09146616 0.03818299
1780097770.100614 1.897004 -0.146335 -0.948404 -0.04800067 0.99439658 0.09191585 0.02056340
1780097770.247782 1.898306 -0.146407 -0.949050 -0.03712951 0.99596341 0.08070615 -0.01283784
1780097770.387087 1.896463 -0.146575 -0.948709 -0.04065299 0.99561952 0.07515191 -0.03796431
1780097770.532668 1.903607 -0.146994 -0.949591 -0.01700076 0.99385794 0.05769296 -0.09289178
1780097770.668851 1.902022 -0.145917 -0.950795 -0.01681452 0.98684483 0.05623750 -0.15063827
1780097770.806107 1.896265 -0.146170 -0.949218 -0.00642219 0.97910456 0.05836436 -0.19469619
1780097770.923629 1.895046 -0.146117 -0.949095 -0.01903273 0.97379004 0.05602974 -0.21961646
1780097771.023631 1.896725 -0.145916 -0.950229 -0.04357960 0.95650835 0.04956466 -0.28414070
1780097771.154459 1.896168 -0.145916 -0.950111 -0.05609883 0.93928460 0.03478197 -0.33673071
1780097771.300611 1.896723 -0.145741 -0.951393 -0.06773631 0.90940594 0.02391196 -0.40965943
1780097771.434661 1.897666 -0.145469 -0.951881 -0.06990962 0.88828999 0.01474993 -0.45369149
1780097771.579126 1.897394 -0.145332 -0.951936 -0.04900150 0.87317579 0.00845150 -0.48486231
1780097771.713830 1.897206 -0.145680 -0.950246 -0.08986908 0.83805542 0.02011826 -0.53775637
1780097771.851047 1.896750 -0.145890 -0.949352 -0.09442878 0.80997033 0.00714948 -0.57877470
1780097771.991524 1.895833 -0.146021 -0.948184 -0.09972729 0.81160816 0.00445331 -0.57560997
1780097772.273225 1.896894 -0.145445 -0.950319 -0.06301595 0.81649810 -0.01487053 -0.57370611
1780097772.413873 1.896566 -0.145514 -0.951351 -0.06169746 0.85463809 -0.00789254 -0.51548507
1780097772.560650 1.896288 -0.145345 -0.952292 -0.06304796 0.87573252 0.00026547 -0.47866214
1780097772.560650 1.896288 -0.145345 -0.952292 -0.06304667 0.87573030 0.00026356 -0.47866637
1780097772.969507 1.895140 -0.144903 -0.952193 -0.05981469 0.86769738 0.00912443 -0.49339660
1780097778.721715 1.895484 -0.145751 -0.952151 -0.07379031 0.85842187 0.00055978 -0.50760868
1780097778.857503 1.894272 -0.146918 -0.949507 -0.10501883 0.75799551 0.00805004 -0.64369950
1780097778.995873 1.885538 -0.147741 -0.946748 0.08772809 -0.55530911 0.00014318 0.82700396
1780097779.138687 1.880840 -0.148122 -0.944513 0.07875978 -0.40155512 0.04924286 0.91111225
1780097779.279939 1.883538 -0.148502 -0.944188 0.09474591 -0.29020295 0.04234044 0.95132158
1780097779.416238 1.878664 -0.148882 -0.942710 0.09543248 -0.24060698 0.03536627 0.96527206
1780097779.554910 1.869549 -0.150300 -0.938529 0.09843201 -0.22062425 0.02819093 0.96996977
1780097779.837673 1.863385 -0.150865 -0.936505 0.09504226 -0.19484727 0.00608188 0.97619902
1780097780.251972 1.841978 -0.154451 -0.926789 0.10351576 -0.16807261 -0.00023312 0.98032445
1780097780.811464 1.814832 -0.155684 -0.918292 0.09069057 -0.17498616 -0.00821424 0.98035075
1780097782.776647 1.750950 -0.162302 -0.892483 0.08326767 -0.16752086 -0.00323199 0.98234048
1780097783.762469 1.711094 -0.164605 -0.878032 0.07763682 -0.13129030 -0.01850190 0.98812604
1780097783.916422 1.709270 -0.164419 -0.876534 0.07950806 -0.11512547 -0.01397690 0.99006527
1780097784.176694 1.708225 -0.164519 -0.875586 0.07269293 -0.10167754 -0.00501796 0.99214527
1780097784.387648 1.690103 -0.167097 -0.870004 0.08453330 -0.12845575 -0.01380781 0.98800941
1780097784.528244 1.684873 -0.164619 -0.868125 0.07500103 -0.14038502 -0.03161891 0.98674573
1780097784.812003 1.680107 -0.167333 -0.866447 0.08896788 -0.16039759 -0.01035165 0.98298025
1780097785.304372 1.658998 -0.164892 -0.858415 0.07489030 -0.17201919 -0.02829041 0.98183527
1780097786.569741 1.614908 -0.171883 -0.844588 0.09031596 -0.17861631 -0.02649908 0.97940647
1780097786.698073 1.606400 -0.172082 -0.840079 0.07667692 -0.13515767 -0.00962747 0.98780583
1780097786.862249 1.600332 -0.172259 -0.836620 0.07164644 -0.09630464 -0.00986888 0.99272091
1780097786.986082 1.602067 -0.173968 -0.834311 0.07200740 -0.08037755 0.00265859 0.99415659
1780097787.260331 1.595307 -0.171753 -0.832916 0.06627522 -0.06189244 -0.00757499 0.99585116
1780097787.471117 1.583614 -0.173219 -0.830335 0.06766181 -0.08460715 -0.01237513 0.99403741
1780097787.612653 1.573222 -0.172294 -0.825983 0.07956228 -0.12707684 -0.03377760 0.98811962
1780097787.751013 1.569577 -0.174831 -0.823650 0.07541245 -0.14032991 -0.02835432 0.98682142
1780097788.167029 1.556202 -0.176605 -0.818671 0.08932413 -0.16187499 -0.02692338 0.98239138
1780097788.871041 1.538103 -0.176937 -0.812283 0.07111572 -0.18005023 -0.01183327 0.98101195
1780097789.710242 1.513725 -0.178547 -0.805772 0.07919226 -0.21630352 -0.03162975 0.97259495
1780097789.853619 1.506602 -0.178160 -0.805518 0.09006153 -0.27611523 -0.01593920 0.95676290
1780097789.993307 1.506671 -0.173516 -0.806544 0.09398266 -0.32755423 -0.04511681 0.93906334
1780097789.993307 1.506671 -0.173516 -0.806544 0.09398266 -0.32755423 -0.04511681 0.93906334
1780097790.278077 1.502831 -0.173837 -0.805564 0.08887425 -0.35981220 -0.01720849 0.92862286
1780097790.831967 1.483576 -0.174653 -0.801346 0.08604179 -0.37595192 -0.02572595 0.92227715
1780097790.979579 1.477407 -0.174676 -0.800664 0.09863396 -0.40871308 -0.04315529 0.90629056
1780097791.127518 1.472121 -0.175459 -0.799914 0.10407837 -0.43906361 -0.03193647 0.89183569
1780097791.266415 1.467255 -0.174895 -0.799032 0.09463061 -0.45935088 -0.04228140 0.88218711
1780097791.721982 1.453554 -0.174019 -0.799034 0.11209104 -0.56197878 -0.06795548 0.81669915
1780097791.901764 1.443210 -0.175034 -0.799344 0.11189285 -0.63708058 -0.05167112 0.76088003
1780097792.032691 1.438142 -0.174569 -0.799386 0.10755892 -0.66631839 -0.06127547 0.73532047
1780097792.315698 1.429310 -0.174955 -0.799752 0.09243873 -0.70239216 -0.02638471 0.70526887
1780097792.945211 1.416877 -0.174789 -0.799533 -0.08297110 0.72638581 0.03478654 -0.68137313
1780097793.652353 1.405668 -0.174725 -0.800898 -0.09429490 0.74097443 0.05589301 -0.66252648
1780097793.775726 1.404005 -0.175346 -0.801151 -0.08192136 0.78934190 0.03789636 -0.60728257
1780097793.991832 1.405889 -0.175302 -0.801089 -0.08734238 0.82596979 0.03650913 -0.55570883
1780097794.125275 1.396810 -0.175393 -0.800787 -0.08652553 0.79952439 0.04372959 -0.59275779
1780097794.268139 1.394173 -0.175312 -0.800505 -0.08943298 0.74153373 0.03526187 -0.66399252
1780097794.418515 1.390598 -0.174911 -0.799806 0.07040591 -0.67869627 -0.01303334 0.73092032
1780097794.548803 1.389528 -0.174389 -0.799880 0.05103865 -0.65605842 0.00982583 0.75291823
1780097794.683570 1.389104 -0.174996 -0.799675 0.06031323 -0.69811416 0.01158367 0.71334757
1780097794.835624 1.383550 -0.175638 -0.800187 -0.06370668 0.75056669 0.03007159 -0.65702877
1780097794.968862 1.382485 -0.175840 -0.800382 -0.07381706 0.80400156 0.03466110 -0.58900860
1780097795.180397 1.382324 -0.174937 -0.801017 -0.08465190 0.81889393 0.06387957 -0.56406221
1780097795.320569 1.376873 -0.175242 -0.801071 -0.07619168 0.84259173 0.05151946 -0.53064089
1780097795.598725 1.373912 -0.175710 -0.801447 -0.07396842 0.86314723 0.04047101 -0.49786306
1780097796.170406 1.363748 -0.175417 -0.803074 -0.05048717 0.88068271 0.02798795 -0.47017623
1780097796.669281 1.357195 -0.174322 -0.803417 -0.07013858 0.88516684 0.04908759 -0.45732991
1780097797.068124 1.348743 -0.174672 -0.804816 -0.06905196 0.87550924 0.04978120 -0.47564401
1780097797.780110 1.337902 -0.174749 -0.806978 -0.05040844 0.88059904 0.03028198 -0.47019923
1780097798.322447 1.329676 -0.174409 -0.807957 -0.08511042 0.87053271 0.06096270 -0.48084568
1780097798.885673 1.320574 -0.174260 -0.809074 -0.04790270 0.87864739 0.03129184 -0.47403050
1780097799.307586 1.313823 -0.173504 -0.810644 -0.04642224 0.88104825 0.04171406 -0.46889113
1780097799.731192 1.307717 -0.174077 -0.811244 -0.10469520 0.87042228 0.07157753 -0.47568963
1780097799.871407 1.305150 -0.173399 -0.810369 -0.09613260 0.83913470 0.06769126 -0.53106437
1780097799.871407 1.306123 -0.173444 -0.810453 -0.09606394 0.82150295 0.06451477 -0.55833902
1780097800.008702 1.305910 -0.173417 -0.810237 -0.08222812 0.79021481 0.05865495 -0.60444907
1780097800.154828 1.306289 -0.173414 -0.810508 -0.06764516 0.80632382 0.04997456 -0.58546441
1780097800.284491 1.306204 -0.173348 -0.810811 -0.04516770 0.86596050 0.04490109 -0.49604051
1780097800.426466 1.306357 -0.173419 -0.810794 -0.04296129 0.89865806 0.04431131 -0.43428622
1780097800.560041 1.308218 -0.173571 -0.810378 -0.04472401 0.95842442 0.05568398 -0.27626379
1780097800.699053 1.307662 -0.173414 -0.810887 -0.02529216 0.97285695 0.05570553 -0.22317383
1780097800.846733 1.307226 -0.173246 -0.812151 -0.01687780 0.97795025 0.05030320 -0.20198522
1780097800.981922 1.305725 -0.172600 -0.813337 -0.03860929 0.97999209 0.06394289 -0.18448883
1780097801.130507 1.304660 -0.172859 -0.812879 -0.02223499 0.98086760 0.05560515 -0.18523611
1780097801.263903 1.303549 -0.172731 -0.813168 -0.04444504 0.97196669 0.06127770 -0.22259927
1780097801.405511 1.301283 -0.172787 -0.812946 -0.04491538 0.95549687 0.05711096 -0.28591375
1780097801.552352 1.300291 -0.172542 -0.813136 -0.02508283 0.94084198 0.05373960 -0.33361546
1780097801.713612 1.297449 -0.171827 -0.815836 -0.06460939 0.86366986 0.05160101 -0.49722965
1780097801.820687 1.295312 -0.171669 -0.817252 -0.08827775 0.78496455 0.04654736 -0.61144995
1780097801.965711 1.293995 -0.171454 -0.817032 -0.10030210 0.72848559 0.05387872 -0.67553336
1780097802.111193 1.294541 -0.171379 -0.816675 0.10949270 -0.64167364 -0.06130947 0.75664221
1780097802.256503 1.296226 -0.172077 -0.815017 0.10221718 -0.55297188 -0.05069736 0.82535055
1780097802.391683 1.296987 -0.172215 -0.814291 0.09128423 -0.48518312 -0.04204398 0.86861777
1780097802.536958 1.298452 -0.172303 -0.813457 0.09135883 -0.42404586 -0.04901670 0.89968663
1780097802.670556 1.301657 -0.172656 -0.813230 0.08796016 -0.33742648 -0.04053862 0.93635624
1780097802.803132 1.301152 -0.172861 -0.812745 0.07871458 -0.27011034 -0.02385834 0.95930975
1780097802.972955 1.301374 -0.172968 -0.812865 0.07240527 -0.24204089 -0.01351487 0.96746630
1780097803.088767 1.302118 -0.173034 -0.812094 0.06920020 -0.23711639 -0.00910229 0.96897074
1780097804.487392 1.303609 -0.172948 -0.812978 0.07571858 -0.25308946 -0.03121322 0.96397000
1780097805.050974 1.308309 -0.172685 -0.814903 0.08599173 -0.41527237 -0.07203731 0.90275407
1780097806.797302 1.302163 -0.172774 -0.813891 0.08541530 -0.28748617 -0.03203656 0.95343043
1780097809.745136 1.301957 -0.172852 -0.812725 0.08174692 -0.23682402 -0.03633555 0.96742522
1780097809.893173 1.303017 -0.173086 -0.811434 0.07700106 -0.18823928 -0.03571008 0.97844857
1780097810.026383 1.306190 -0.173366 -0.810597 0.07375662 -0.13152559 -0.04145032 0.98769573
1780097810.166701 1.307610 -0.173470 -0.810729 0.06768813 -0.06951228 -0.03918973 0.99451019
1780097810.306017 1.308217 -0.173130 -0.812930 0.06177669 -0.02133476 -0.03138720 0.99736819
1780097810.445726 1.304137 -0.172791 -0.813924 0.06407592 0.02512642 -0.02530335 0.99730772
1780097810.445726 1.304142 -0.172790 -0.813927 0.06406690 0.02514900 -0.02530012 0.99730781
1780097810.584934 1.304287 -0.172697 -0.813869 0.06466041 0.03791282 -0.02886784 0.99676893
1780097810.798154 1.306614 -0.173355 -0.811150 0.06580815 0.04606834 0.00772047 0.99673838
1780097810.933897 1.307127 -0.173152 -0.810279 0.05896815 0.05805414 0.00356923 0.99656396
1780097811.075808 1.308297 -0.172919 -0.809792 0.05149278 0.05797898 -0.00554035 0.99697354
1780097811.210763 1.311258 -0.172517 -0.812283 0.03246113 0.06882562 -0.01892885 0.99692076
1780097811.349010 1.304214 -0.173397 -0.808466 0.06630154 -0.01905615 -0.04228853 0.99672095
1780097811.498117 1.299842 -0.173235 -0.808591 0.07772729 -0.08603981 -0.09578560 0.98862568
1780097811.636773 1.300036 -0.173195 -0.809441 0.08740216 -0.17467443 -0.11347699 0.97415229
1780097811.781630 1.297431 -0.172880 -0.809666 0.09209053 -0.24282782 -0.12347001 0.95776257
1780097811.932918 1.299590 -0.173050 -0.810906 0.10580516 -0.33001906 -0.13508317 0.92824847
1780097812.054330 1.302067 -0.173338 -0.812072 0.10862269 -0.44337174 -0.11142280 0.88272735
1780097812.198222 1.303131 -0.172779 -0.813585 0.11608847 -0.51925963 -0.11513542 0.83883058
1780097812.332809 1.299520 -0.172540 -0.813687 0.11737071 -0.57288498 -0.11114762 0.80353788
1780097812.465998 1.300896 -0.172439 -0.814117 0.11937313 -0.60208113 -0.10392189 0.78259096
1780097816.677854 1.301992 -0.172804 -0.813744 0.12630687 -0.56649327 -0.11284126 0.80647306
1780097816.849702 1.303774 -0.172917 -0.813683 0.12807227 -0.51874221 -0.11931657 0.83681991
1780097816.965985 1.300549 -0.173164 -0.811898 0.12912803 -0.43279717 -0.12785162 0.88298727
1780097817.091031 1.298840 -0.173390 -0.810320 0.12812232 -0.41773820 -0.12789362 0.89034976
1780097817.234014 1.298190 -0.172486 -0.812062 0.10411645 -0.40349744 -0.10863869 0.90252270
1780097817.374289 1.297730 -0.172302 -0.812801 0.10109504 -0.49119873 -0.10265544 0.85904916
1780097817.520483 1.297295 -0.172364 -0.812782 0.11766926 -0.63097935 -0.10332664 0.75983065
1780097817.659407 1.298238 -0.172508 -0.812550 -0.12733196 0.71395622 0.09968223 -0.68126099
1780097818.073977 1.297432 -0.172621 -0.812517 0.12334465 -0.67512468 -0.08214395 0.72266530
1780097818.258841 1.298771 -0.172257 -0.812077 0.12819238 -0.69181083 -0.08973369 0.70492011
1780097818.498778 1.291269 -0.172138 -0.811220 0.12346801 -0.60059912 -0.09949614 0.78366885
1780097818.773796 1.289042 -0.172123 -0.810840 0.13381294 -0.50969713 -0.11318116 0.84231405
1780097819.058470 1.286481 -0.172220 -0.810085 0.12556903 -0.47017494 -0.10744043 0.86696280
1780097820.179153 1.289912 -0.171981 -0.811561 0.12722286 -0.48486676 -0.11132496 0.85809401
1780097821.570497 1.290269 -0.172699 -0.812100 0.13790482 -0.62788261 -0.09836325 0.75965147
1780097821.716716 1.290974 -0.172076 -0.814839 -0.09870966 0.84954102 0.07248207 -0.51311091
1780097821.845646 1.287948 -0.173430 -0.806946 0.01022790 0.98437523 0.07002052 -0.16123874
1780097822.026166 1.291878 -0.174292 -0.805079 0.02369116 0.99111904 0.07713747 -0.10569570
1780097822.026166 1.291878 -0.174292 -0.805079 0.02369122 0.99111909 0.07713744 -0.10569528
1780097822.126518 1.291938 -0.174130 -0.805811 -0.00750941 0.99416298 0.08144787 -0.07035503
1780097822.267298 1.291558 -0.173632 -0.806563 0.01164896 0.99541380 0.07795564 -0.05420881
1780097822.411494 1.291248 -0.173433 -0.807520 -0.01121057 0.99484734 0.08075145 -0.06026849
1780097822.550430 1.290706 -0.173373 -0.808533 0.01285565 0.99451924 0.07902660 -0.06723850
1780097822.839189 1.289745 -0.172825 -0.810009 0.03053446 0.99393880 0.07536058 -0.07398708
1780097822.973742 1.289056 -0.172348 -0.810892 0.00677892 0.99346321 0.08542738 -0.07541266
1780097823.260685 1.288374 -0.171685 -0.812471 -0.00288299 0.99404369 0.07938574 -0.07461059
1780097823.393232 1.287915 -0.171647 -0.813314 0.00187238 0.99348556 0.08382532 -0.07717670
1780097823.739526 1.287153 -0.171208 -0.814851 0.00548601 0.99347264 0.08330605 -0.07773106
1780097824.023597 1.286235 -0.170830 -0.815933 0.01414113 0.99392029 0.07749792 -0.07691916
1780097824.304385 1.285686 -0.170388 -0.816829 0.00769258 0.99372534 0.08063944 -0.07712363
1780097824.936536 1.283730 -0.169588 -0.819380 0.00955156 0.99116987 0.08043478 -0.10498237
1780097825.072806 1.283096 -0.169246 -0.819970 0.00642807 0.99000966 0.07724777 -0.11778084
1780097825.354996 1.281674 -0.168704 -0.820769 0.00697985 0.98772473 0.08163710 -0.13299071
1780097825.629945 1.280280 -0.168527 -0.822221 -0.00452995 0.98810950 0.07692911 -0.13304516
1780097825.771868 1.281120 -0.168461 -0.822381 -0.02731793 0.98953426 0.08539901 -0.11306051
1780097825.913109 1.280670 -0.168202 -0.822814 -0.01641609 0.99174030 0.08064158 -0.09838002
1780097826.190303 1.278938 -0.167860 -0.823981 -0.00317055 0.99003047 0.07910955 -0.11649594
1780097826.470466 1.277435 -0.167080 -0.825002 0.00548741 0.98833589 0.07758253 -0.13093129
1780097826.757347 1.276125 -0.166688 -0.826001 0.00084195 0.98760593 0.07705308 -0.13673568
1780097827.592717 1.272891 -0.165926 -0.828639 -0.02612456 0.98745866 0.07647781 -0.13562464
1780097828.008472 1.271439 -0.165535 -0.829508 -0.02101270 0.98737269 0.08068158 -0.13470015
1780097828.714193 1.269586 -0.164987 -0.830957 -0.01834401 0.98788385 0.07995700 -0.13174169
1780097829.410780 1.268120 -0.164530 -0.831998 0.00051516 0.98845396 0.07804095 -0.12987733
1780097829.907704 1.266448 -0.163955 -0.833055 -0.00275975 0.98843854 0.08087611 -0.12822129
1780097830.044029 1.265437 -0.163551 -0.834053 0.00231032 0.98869408 0.07460731 -0.13004779
1780097830.190233 1.265462 -0.163726 -0.833797 -0.00384087 0.98795112 0.08526172 -0.12910569
1780097830.471231 1.264511 -0.163493 -0.835010 -0.00484761 0.98999243 0.08050251 -0.11580518
1780097830.607358 1.264607 -0.163503 -0.834666 -0.01858558 0.99140966 0.09052980 -0.09255167
1780097830.747576 1.264516 -0.163406 -0.835143 -0.01568239 0.99301096 0.08779078 -0.07730514
1780097830.883549 1.263532 -0.163140 -0.836297 -0.00843880 0.99430108 0.08399930 -0.06510201
1780097831.027899 1.263823 -0.163135 -0.836772 -0.01705320 0.99375479 0.09198451 -0.06082310
1780097831.027899 1.263823 -0.163135 -0.836772 -0.01705320 0.99375479 0.09198451 -0.06082310
1780097831.299588 1.263435 -0.162641 -0.837861 0.01467725 0.99514333 0.08171128 -0.05289238
1780097831.866178 1.262881 -0.161308 -0.840452 0.00748125 0.99449590 0.09105937 -0.05128466
1780097832.145140 1.262531 -0.160597 -0.841427 0.02019034 0.99499245 0.08478305 -0.04893059
1780097832.569349 1.262269 -0.159416 -0.843540 0.00862857 0.99470627 0.09068011 -0.04756154
1780097832.848442 1.261773 -0.158923 -0.844845 0.01780734 0.99462496 0.08980639 -0.04836210
1780097833.125425 1.261571 -0.158580 -0.846012 0.00684723 0.99531791 0.08247543 -0.04993163
1780097833.401628 1.261178 -0.157700 -0.847301 -0.00122450 0.99453196 0.09177387 -0.04982214
1780097833.704061 1.260637 -0.157285 -0.848684 0.01928161 0.99463295 0.08741883 -0.05187928
1780097833.971917 1.259777 -0.156505 -0.849672 0.00450953 0.99369997 0.07787295 -0.08047261
1780097834.104679 1.258911 -0.156208 -0.850311 0.02285907 0.99143830 0.08713420 -0.09452610
1780097834.248951 1.258580 -0.155839 -0.850633 -0.00350083 0.99030239 0.09334283 -0.10283988
1780097834.527561 1.257175 -0.155306 -0.851915 -0.00322695 0.99045576 0.08371815 -0.10944520
1780097835.157318 1.255505 -0.154132 -0.853802 -0.00596257 0.98922959 0.09185372 -0.11380759
1780097835.998763 1.253367 -0.152471 -0.856435 -0.01893546 0.98935422 0.08685185 -0.11522342
1780097836.735731 1.252162 -0.151498 -0.857896 -0.02859200 0.98851608 0.09265044 -0.11590664
1780097836.974402 1.251324 -0.151062 -0.858885 -0.01963548 0.98951672 0.08254332 -0.11686617
1780097838.244619 1.249204 -0.148979 -0.862359 -0.02475421 0.98816598 0.09445419 -0.11829467
1780097838.845825 1.247319 -0.148622 -0.863148 -0.04001037 0.98374303 0.07557985 -0.15791297
1780097839.007106 1.245872 -0.148539 -0.863316 -0.00928759 0.97948947 0.07612880 -0.18632910
1780097839.141147 1.245066 -0.148419 -0.863664 -0.02395712 0.97602361 0.08216661 -0.20013150
1780097839.704104 1.243337 -0.147810 -0.864438 -0.05490523 0.97106958 0.08506802 -0.21627003
1780097840.416697 1.240842 -0.147078 -0.865475 -0.06419299 0.96821043 0.08870747 -0.22489735
1780097841.015108 1.238550 -0.146365 -0.866461 -0.06673878 0.96813209 0.08685578 -0.22521604
1780097841.592653 1.236350 -0.145703 -0.867428 -0.07158322 0.96556391 0.08392206 -0.23562527
1780097842.158931 1.235519 -0.145442 -0.867713 -0.06736287 0.96703392 0.08139592 -0.23169449
1780097842.712873 1.235256 -0.145654 -0.867255 -0.05965809 0.97033130 0.09211895 -0.21543487
1780097842.995170 1.235032 -0.145446 -0.867956 -0.06791614 0.96829251 0.07965495 -0.22683058
1780097843.554476 1.233958 -0.145027 -0.868500 -0.08085654 0.96325788 0.09300863 -0.23863333
1780097844.531340 1.232127 -0.144507 -0.869471 -0.07201138 0.96617428 0.08786393 -0.23152010
1780097845.093086 1.230236 -0.143977 -0.869747 -0.07474789 0.96415776 0.09571835 -0.23590370
1780097845.369825 1.229329 -0.143526 -0.870900 -0.07924881 0.96490235 0.08334893 -0.23608482
1780097845.511219 1.229305 -0.143327 -0.870775 -0.08546570 0.96198020 0.09704566 -0.24056569
1780097845.511219 1.229305 -0.143327 -0.870775 -0.08546570 0.96198020 0.09704566 -0.24056569
1780097845.791063 1.229372 -0.143374 -0.870725 -0.08571978 0.96330751 0.09068250 -0.23762878
1780097846.209548 1.226575 -0.142612 -0.872049 -0.08001447 0.96461243 0.08488663 -0.23646312
1780097846.356524 1.225868 -0.142561 -0.872441 -0.07819930 0.96339205 0.09307436 -0.23895145
1780097846.911448 1.223494 -0.141867 -0.873625 -0.07850445 0.96382149 0.08994271 -0.23831805
1780097847.467343 1.220775 -0.140754 -0.875165 -0.09686154 0.96182589 0.10025992 -0.23549256
1780097847.609407 1.220976 -0.140790 -0.875444 -0.08737202 0.96656759 0.09722208 -0.22059260
1780097847.746944 1.220161 -0.140571 -0.875976 -0.06859887 0.97233449 0.08872154 -0.20491052
1780097847.892267 1.220236 -0.139599 -0.877278 -0.07800270 0.97078880 0.09804907 -0.20462422
1780097848.173995 1.218903 -0.139604 -0.877240 -0.07437830 0.97080501 0.09349817 -0.20799902
1780097848.307809 1.217937 -0.139388 -0.877515 -0.07425123 0.96758630 0.09399036 -0.22232705
1780097848.591978 1.217097 -0.139431 -0.877842 -0.07000050 0.96572354 0.08971253 -0.23330161
1780097848.729450 1.216251 -0.138812 -0.878320 -0.08518687 0.96251598 0.09923599 -0.23760975
1780097849.431779 1.213319 -0.138645 -0.878926 -0.09426397 0.95897723 0.09881334 -0.24842081
1780097849.566198 1.212009 -0.138602 -0.879016 -0.09680373 0.95483934 0.09854975 -0.26305667
1780097849.847829 1.210497 -0.138010 -0.879608 -0.09414261 0.94952247 0.10048331 -0.28186407
1780097850.143981 1.207830 -0.137982 -0.880047 -0.09455241 0.95073351 0.09804782 -0.27848207
1780097850.270348 1.207073 -0.137538 -0.880078 -0.10329567 0.94835096 0.10848013 -0.27962925
1780097850.552474 1.205323 -0.137683 -0.880393 -0.09774036 0.95064976 0.09981417 -0.27703607
1780097850.689922 1.204579 -0.137490 -0.880340 -0.10479009 0.94947972 0.10935534 -0.27486126
1780097850.827185 1.203689 -0.137808 -0.880224 -0.11178783 0.95091013 0.10544111 -0.26861791
1780097851.116678 1.202629 -0.137423 -0.879915 -0.10807900 0.95123664 0.10794074 -0.26798616
1780097851.255363 1.203973 -0.137937 -0.879618 -0.10724842 0.94471034 0.10170226 -0.29270598
1780097851.389859 1.200594 -0.138057 -0.878984 -0.09117826 0.94617502 0.09940085 -0.29420881
1780097851.531013 1.199956 -0.138153 -0.878480 -0.09455249 0.94438185 0.10198158 -0.29799749
1780097851.820899 1.199659 -0.138250 -0.877768 -0.09721530 0.94220754 0.10131340 -0.30418700
1780097852.089359 1.199032 -0.138003 -0.877007 -0.10293573 0.93305346 0.10730038 -0.32756999
1780097852.232380 1.198378 -0.137734 -0.877443 -0.12070778 0.91507938 0.11276172 -0.36789151
1780097852.377264 1.196516 -0.138559 -0.876785 -0.13652222 0.91179467 0.11565431 -0.36961635
1780097852.651299 1.196818 -0.138106 -0.875995 -0.13934618 0.89930105 0.12259412 -0.39599361
1780097852.931668 1.195635 -0.138475 -0.875791 -0.13453668 0.90331614 0.11759486 -0.38998882
1780097853.496804 1.190750 -0.138242 -0.875723 -0.15620618 0.88775792 0.12639093 -0.41413867
1780097853.629795 1.190807 -0.137703 -0.875641 -0.16461804 0.86883328 0.13445498 -0.44715936
1780097853.629795 1.192399 -0.137823 -0.875750 -0.16440217 0.86918619 0.13388730 -0.44672306
1780097853.774855 1.192772 -0.137906 -0.875754 -0.15941666 0.85554265 0.13015823 -0.47507045
1780097853.910946 1.192348 -0.137797 -0.875753 -0.16522071 0.83956377 0.14413108 -0.49705233
1780097854.048695 1.191358 -0.137730 -0.875790 -0.17501126 0.83353334 0.14091274 -0.50471461
1780097854.330237 1.188814 -0.137543 -0.875727 -0.17886734 0.82311040 0.15143776 -0.51726429
1780097855.322360 1.182745 -0.137127 -0.875611 -0.18224183 0.81769645 0.14553202 -0.52628971
1780097855.449574 1.181416 -0.136930 -0.875443 -0.20207004 0.77080043 0.17269102 -0.57897514
1780097855.602569 1.180687 -0.136867 -0.875539 -0.20202658 0.74043457 0.17385636 -0.61702178
1780097855.873387 1.179684 -0.136808 -0.875135 -0.18209571 0.71834499 0.16955124 -0.64967223
1780097856.018008 1.179197 -0.136860 -0.875253 -0.19373106 0.75329929 0.16833424 -0.60553450
1780097856.153436 1.179440 -0.136992 -0.875306 -0.19645987 0.79435077 0.15263643 -0.55417732
1780097856.292505 1.178137 -0.136765 -0.875158 -0.19247507 0.80903929 0.16174704 -0.53126893
1780097856.574417 1.178347 -0.136629 -0.875310 -0.18420327 0.83806103 0.15107422 -0.49081508
1780097856.993845 1.174546 -0.136158 -0.875262 -0.16743387 0.84329982 0.14916451 -0.48842733
1780097857.131413 1.174086 -0.136491 -0.875179 -0.20855696 0.80600878 0.15506325 -0.53179811
1780097857.273624 1.172271 -0.136126 -0.875090 -0.16039188 0.78702866 0.14458778 -0.57788815
1780097857.411197 1.171347 -0.135914 -0.875096 -0.16951013 0.75665181 0.15972243 -0.61092806
1780097857.690990 1.170978 -0.136308 -0.874962 -0.17940568 0.79579979 0.14100214 -0.56092307
1780097857.830516 1.169577 -0.135824 -0.874996 -0.18127223 0.81153084 0.16127639 -0.53155245
1780097857.969255 1.168856 -0.135845 -0.874882 -0.18902202 0.83115219 0.15611030 -0.49908545
1780097858.252925 1.167762 -0.135748 -0.874872 -0.18040840 0.84687654 0.15087299 -0.47695941
1780097858.391150 1.167035 -0.135632 -0.874966 -0.17254747 0.82456339 0.14893135 -0.51782433
1780097858.529205 1.166242 -0.135575 -0.875045 -0.19480242 0.78784519 0.16427283 -0.56068388
1780097858.668364 1.164571 -0.135609 -0.874678 -0.18881085 0.77273721 0.15656981 -0.58541742
1780097858.952182 1.164721 -0.135443 -0.874888 -0.19201616 0.74302366 0.17003228 -0.61817041
1780097859.370425 1.161671 -0.135084 -0.874382 -0.19448063 0.72729303 0.18324247 -0.63217429
1780097860.075385 1.157189 -0.135145 -0.873959 -0.20555812 0.73796176 0.17177608 -0.61939590
1780097860.210956 1.157054 -0.134719 -0.873986 -0.18624719 0.74838454 0.17777456 -0.61125180
1780097860.350441 1.156711 -0.134751 -0.874105 -0.18646612 0.79907267 0.16334048 -0.54775281
1780097860.494534 1.156587 -0.134870 -0.874291 -0.19783126 0.82545388 0.15540279 -0.50531046
1780097860.629542 1.155436 -0.134641 -0.874025 -0.18514744 0.83941762 0.15774343 -0.48602006
1780097860.908601 1.153653 -0.134520 -0.874018 -0.18150207 0.81884510 0.15494177 -0.52205627
1780097861.053708 1.153340 -0.134541 -0.874082 -0.20058279 0.80155174 0.15799088 -0.54066646
1780097861.053708 1.153362 -0.134543 -0.874085 -0.20061069 0.80144576 0.15798980 -0.54081352
1780097861.336248 1.152159 -0.134455 -0.874081 -0.17317626 0.78154235 0.16404243 -0.57644741
1780097862.029676 1.149768 -0.134333 -0.873955 -0.20497492 0.77775112 0.16472414 -0.57092419
1780097863.291675 1.145371 -0.133970 -0.873780 -0.18333136 0.78492563 0.16850236 -0.56735203
1780097863.990323 1.142258 -0.133789 -0.873622 -0.18590854 0.79667552 0.14599463 -0.55626585
1780097864.550263 1.140539 -0.133630 -0.873494 -0.19211393 0.79647209 0.16531349 -0.54899536
1780097864.832045 1.140288 -0.133547 -0.873742 -0.18089471 0.77285383 0.16325078 -0.58593792
1780097864.973306 1.140349 -0.133409 -0.873629 -0.21642161 0.69689575 0.18460328 -0.65834613
1780097865.111927 1.140507 -0.133549 -0.873603 0.13404066 -0.66383875 -0.13699136 0.72290012
1780097865.253111 1.141055 -0.133447 -0.873546 0.15446256 -0.61711927 -0.16650892 0.75337899
1780097865.390350 1.140083 -0.133520 -0.873355 0.18372542 -0.59549405 -0.17827019 0.76147984
1780097865.673086 1.139642 -0.133521 -0.873331 0.18611434 -0.60892456 -0.20432599 0.74352083
1780097865.811258 1.139362 -0.133596 -0.873111 -0.21694849 0.68903538 0.20369098 -0.66081282
1780097865.949733 1.138178 -0.133381 -0.873142 -0.22326833 0.73914559 0.17367430 -0.61127104
1780097866.096779 1.136297 -0.133193 -0.873120 -0.20540729 0.75423490 0.19006777 -0.59397964
1780097866.369714 1.136713 -0.133465 -0.873010 -0.19751933 0.79556822 0.16301589 -0.54907481
1780097866.790560 1.134547 -0.133328 -0.872882 -0.17318298 0.81079866 0.15446842 -0.53735714
1780097866.930150 1.133987 -0.132894 -0.872995 -0.20934044 0.78657560 0.15942588 -0.55862223
1780097867.073241 1.134818 -0.133206 -0.872987 -0.17392552 0.70452176 0.16120456 -0.66888870
1780097867.211436 1.135777 -0.133333 -0.872895 0.16127754 -0.61290208 -0.16555125 0.75560133
1780097867.352350 1.136053 -0.133338 -0.872545 0.17082906 -0.57324484 -0.16456270 0.78430026
1780097867.630668 1.135076 -0.133333 -0.872382 0.17400737 -0.63125218 -0.19380806 0.73053443
1780097867.769028 1.133123 -0.133375 -0.872181 -0.21945942 0.67579620 0.20828324 -0.67212733
1780097867.907481 1.131250 -0.133082 -0.872200 -0.22131518 0.70269425 0.18966562 -0.64905110
1780097868.053869 1.131339 -0.132984 -0.872193 -0.20730255 0.71980572 0.19761589 -0.63233957
1780097868.337891 1.131855 -0.133095 -0.872247 -0.20539471 0.74856405 0.17420606 -0.60590191
1780097869.173684 1.126868 -0.132709 -0.871808 -0.18857543 0.75874356 0.18019399 -0.59688998
1780097871.835882 1.117116 -0.132305 -0.871221 -0.19404541 0.78393836 0.16558454 -0.56601129
1780097873.514620 1.111593 -0.131649 -0.870824 -0.17055423 0.79622276 0.16017396 -0.55792910
1780097875.335176 1.106553 -0.131233 -0.870569 -0.17127462 0.81940203 0.14911898 -0.52631629
1780097877.854273 1.101274 -0.130544 -0.870564 -0.16358071 0.82516140 0.15341598 -0.51847232
1780097877.994144 1.101220 -0.130482 -0.870498 -0.20593566 0.79620270 0.16355823 -0.54488574
1780097878.133086 1.099924 -0.130467 -0.870470 -0.14416530 0.77837710 0.14342782 -0.59394774
1780097878.133086 1.100162 -0.130516 -0.870429 -0.14614230 0.77870188 0.14331186 -0.59306621
1780097878.416276 1.100159 -0.130507 -0.870374 -0.17157091 0.75219833 0.15739056 -0.61643272
1780097878.556265 1.099692 -0.130443 -0.870387 -0.17444412 0.78277969 0.15177466 -0.57774532
1780097878.693670 1.098928 -0.130377 -0.870336 -0.17115185 0.79733061 0.16032501 -0.55611764
1780097878.836261 1.098207 -0.130338 -0.870349 -0.17690625 0.80959475 0.15751697 -0.53707441
1780097879.116643 1.097348 -0.130282 -0.870306 -0.17634104 0.79985438 0.15679653 -0.55186198
1780097879.257279 1.097331 -0.130187 -0.870340 -0.16386658 0.78035045 0.14862653 -0.58490262
1780097879.533396 1.095776 -0.130193 -0.870084 -0.15537672 0.77746328 0.15267396 -0.58999965
1780097879.672094 1.095184 -0.130107 -0.870117 -0.16890908 0.79050483 0.15242908 -0.56862748
1780097879.960630 1.094237 -0.130005 -0.870141 -0.16015638 0.80530953 0.15228533 -0.55012332
1780097880.236604 1.093267 -0.130081 -0.870157 -0.16507708 0.81447881 0.14442682 -0.53713566
1780097880.794451 1.091538 -0.129649 -0.870167 -0.16477566 0.84234443 0.14695291 -0.49163980
1780097880.937292 1.091317 -0.129625 -0.870235 -0.15954672 0.85738735 0.14042228 -0.46873592
1780097881.353777 1.091320 -0.129638 -0.870417 -0.16638335 0.84511771 0.14036938 -0.48825103
1780097881.497335 1.091784 -0.129543 -0.870486 -0.16537389 0.78866117 0.14509860 -0.57411796
1780097881.642036 1.090435 -0.129553 -0.870155 -0.15854939 0.74894359 0.14553575 -0.62670960
1780097882.056860 1.088446 -0.129354 -0.870026 -0.18061768 0.77511593 0.16002644 -0.58392130
1780097882.335631 1.087921 -0.129209 -0.870128 -0.16847175 0.78901354 0.16459143 -0.56743683
1780097882.613930 1.086929 -0.129117 -0.870058 -0.16121206 0.80475840 0.14523498 -0.55252275
1780097883.176521 1.085833 -0.128965 -0.870118 -0.16155305 0.80572857 0.15772157 -0.54756368
1780097884.014802 1.084365 -0.128873 -0.870034 -0.17657341 0.81207932 0.14833251 -0.53604709
1780097885.133132 1.082861 -0.128787 -0.869995 -0.16130435 0.82429349 0.13863603 -0.52469152
1780097886.400124 1.081641 -0.128556 -0.870034 -0.14426200 0.83947769 0.12785899 -0.50805291
1780097886.539733 1.081526 -0.128437 -0.870072 -0.13003554 0.85876545 0.11555131 -0.48193417
1780097886.819860 1.082418 -0.128335 -0.870074 -0.14047696 0.87682762 0.12821088 -0.44158976
1780097886.962719 1.083302 -0.128304 -0.870235 -0.11330546 0.90076479 0.11726803 -0.40253308
1780097887.099531 1.084146 -0.128302 -0.870275 -0.08005878 0.93247646 0.10382697 -0.33659799
1780097887.251523 1.086363 -0.128304 -0.870114 -0.05446795 0.95430670 0.09270103 -0.27881623
1780097887.393767 1.089519 -0.128846 -0.870811 -0.08884466 0.95158155 0.10382644 -0.27535295
1780097887.517367 1.090644 -0.128926 -0.871157 -0.08553237 0.95527461 0.09942429 -0.26504611
1780097887.657818 1.090997 -0.128874 -0.871530 -0.07982225 0.95558896 0.09933653 -0.26572619
1780097887.941517 1.089640 -0.128669 -0.871195 -0.05323334 0.96708227 0.08995803 -0.23200356
1780097888.365391 1.090360 -0.128992 -0.871061 -0.08689927 0.95823784 0.09920089 -0.25374780
1780097888.365391 1.090360 -0.128992 -0.871061 -0.08689925 0.95823785 0.09920088 -0.25374777
1780097888.498748 1.090410 -0.129040 -0.871004 -0.10441577 0.95197965 0.10395346 -0.26837619
1780097890.039758 1.090499 -0.129023 -0.871028 -0.07273724 0.95767217 0.09471560 -0.26192035
1780097892.563361 1.090528 -0.129028 -0.871004 -0.07469062 0.95834885 0.09439337 -0.25899554
1780097897.456080 1.090573 -0.129099 -0.870988 -0.10238153 0.93844607 0.10564676 -0.31253121
1780097897.597750 1.091006 -0.129150 -0.870943 -0.10822399 0.92312702 0.10688156 -0.35312945
1780097897.738357 1.090722 -0.129122 -0.870939 -0.09914991 0.91157727 0.10852308 -0.38395172
1780097897.879163 1.090270 -0.129202 -0.870764 -0.10177913 0.90463908 0.11115499 -0.39863982
1780097898.022152 1.090321 -0.129196 -0.870772 -0.12325963 0.89598884 0.11836887 -0.40987787
1780097898.296183 1.089702 -0.129170 -0.870702 -0.11357658 0.89078121 0.11118397 -0.42573150
1780097898.438660 1.089241 -0.129134 -0.870690 -0.13398366 0.88184655 0.11923419 -0.43609432
1780097898.582539 1.089012 -0.129068 -0.870671 -0.15631654 0.86151625 0.12770879 -0.46588126
1780097898.721732 1.088801 -0.129233 -0.870507 -0.10925264 0.86060837 0.11011640 -0.48506852
1780097898.860681 1.087592 -0.128851 -0.870801 -0.14214140 0.83413755 0.13055091 -0.51668833
1780097898.998566 1.087993 -0.129010 -0.870482 -0.15216116 0.80373376 0.13515432 -0.55909957
1780097899.138381 1.087944 -0.128841 -0.870570 -0.10494755 0.77197823 0.11181165 -0.61687420
1780097899.279998 1.087150 -0.128772 -0.870570 -0.12511896 0.72670421 0.12396192 -0.66398771
1780097899.423906 1.087028 -0.128688 -0.870609 -0.15409103 0.70606953 0.14316507 -0.67618455
1780097899.699589 1.086236 -0.128548 -0.870434 0.15386805 -0.66608796 -0.15945069 0.71219866
1780097899.979545 1.085044 -0.128639 -0.870186 -0.16079066 0.70378448 0.15228348 -0.67501371
1780097900.120636 1.084769 -0.128606 -0.870076 -0.20365381 0.71104449 0.19186158 -0.64508138
1780097900.265052 1.084179 -0.128449 -0.870053 -0.18352447 0.74901801 0.17152728 -0.61308171
1780097900.401527 1.083463 -0.128518 -0.870006 -0.18067396 0.77437029 0.16390353 -0.58381778
1780097900.543780 1.083039 -0.128427 -0.869872 -0.17207010 0.78246149 0.16729078 -0.57459524
1780097900.679315 1.082736 -0.128452 -0.869960 -0.18028294 0.80167821 0.16405481 -0.54579861
1780097900.822481 1.082856 -0.128560 -0.869977 -0.17226407 0.82280341 0.14142827 -0.52279794
1780097900.967675 1.082060 -0.128460 -0.869792 -0.14301592 0.83392221 0.14370150 -0.51329336
1780097901.238833 1.081688 -0.128420 -0.869861 -0.16671098 0.83708501 0.14219057 -0.50127635
1780097901.804305 1.080225 -0.128335 -0.869643 -0.16154185 0.81814155 0.14434972 -0.53264603
1780097902.085014 1.079056 -0.128009 -0.869495 -0.14523529 0.80403225 0.14105328 -0.55905530
1780097902.926722 1.077905 -0.127752 -0.869399 -0.13854429 0.80477141 0.13929724 -0.56012921
1780097904.045319 1.075836 -0.127741 -0.869239 -0.17184886 0.80037481 0.14508010 -0.55571567
1780097904.336177 1.075491 -0.127461 -0.869295 -0.15166279 0.83834581 0.14156014 -0.50411846
1780097904.336177 1.075488 -0.127461 -0.869295 -0.15165471 0.83832823 0.14155950 -0.50415031
1780097904.466794 1.075382 -0.127416 -0.869288 -0.16713043 0.85386563 0.14532992 -0.47102030
1780097904.607553 1.075098 -0.127384 -0.869308 -0.14864258 0.86714612 0.13644591 -0.45535207
1780097905.029512 1.074480 -0.127277 -0.869338 -0.14861870 0.85494990 0.13225081 -0.47904371
1780097905.305741 1.074126 -0.127215 -0.869350 -0.13131687 0.85182057 0.13158247 -0.48973835
1780097905.586160 1.073704 -0.127189 -0.869383 -0.12185447 0.85406253 0.11910288 -0.49147043
1780097905.726856 1.073435 -0.127127 -0.869399 -0.13717418 0.84752673 0.13737118 -0.49397454
1780097906.009049 1.073102 -0.127105 -0.869381 -0.12939303 0.85239164 0.12392165 -0.49125285
1780097906.567110 1.072187 -0.126986 -0.869372 -0.13982250 0.84726817 0.13844989 -0.49337404
1780097906.846866 1.071905 -0.126954 -0.869444 -0.13521880 0.85041100 0.12459015 -0.49294452
1780097907.130820 1.071540 -0.126924 -0.869410 -0.12730699 0.85187984 0.12595994 -0.49216639
1780097908.124036 1.070254 -0.126693 -0.869432 -0.14165958 0.84773214 0.14095987 -0.49133807
1780097908.396707 1.069942 -0.126698 -0.869374 -0.16553444 0.81642481 0.15067374 -0.53230282
1780097908.527855 1.069743 -0.126680 -0.869327 -0.16043024 0.79370520 0.15157002 -0.56685159
1780097908.804783 1.069349 -0.126729 -0.869309 -0.15908260 0.76825948 0.14637973 -0.60253056
1780097909.118525 1.068904 -0.126701 -0.869280 -0.14850674 0.79033604 0.13996804 -0.57768818
1780097909.229527 1.068793 -0.126626 -0.869268 -0.18329376 0.79711129 0.16643294 -0.55074229
1780097909.508166 1.068403 -0.126691 -0.869239 -0.15807885 0.82218394 0.14284374 -0.52784498
1780097910.070136 1.067687 -0.126573 -0.869243 -0.15578973 0.82864246 0.14936447 -0.51649926
1780097910.346544 1.067197 -0.126612 -0.869245 -0.15136299 0.83568300 0.13476005 -0.51045363
1780097910.909478 1.066493 -0.126483 -0.869210 -0.15120784 0.83732413 0.14259094 -0.50566027
1780097911.473090 1.065757 -0.126419 -0.869187 -0.13175149 0.84473449 0.12754085 -0.50279073
1780097911.748826 1.065498 -0.126351 -0.869197 -0.14409277 0.84219587 0.13557490 -0.50156041
1780097912.446787 1.064578 -0.126203 -0.869203 -0.14162278 0.84410227 0.13811579 -0.49835567
1780097912.589686 1.064295 -0.126181 -0.869231 -0.14389106 0.84623337 0.13283062 -0.49552040
1780097912.877747 1.064067 -0.126127 -0.869248 -0.15079841 0.84385760 0.14347456 -0.49454953
1780097913.009943 1.063927 -0.126128 -0.869256 -0.14815615 0.84534644 0.13567492 -0.49500653
1780097913.154909 1.063737 -0.126166 -0.869314 -0.11929654 0.87561912 0.11467685 -0.45377164
1780097913.321224 1.063601 -0.126057 -0.869317 -0.15111973 0.88842302 0.13182099 -0.41290507
1780097913.426657 1.063541 -0.126023 -0.869364 -0.14214337 0.89100225 0.12600140 -0.41235166
1780097913.583956 1.063416 -0.125948 -0.869364 -0.10559105 0.89150389 0.11596742 -0.42499753
1780097913.853194 1.063107 -0.125884 -0.869386 -0.12050231 0.88186603 0.11810811 -0.44027489
1780097914.130274 1.062785 -0.125842 -0.869387 -0.11511972 0.87357074 0.12409548 -0.45631340
1780097914.130274 1.062817 -0.125848 -0.869352 -0.11928522 0.87689598 0.12622407 -0.44820972
1780097914.414279 1.062540 -0.125845 -0.869300 -0.13035013 0.87133922 0.12726477 -0.45561002
1780097914.581619 1.062754 -0.125957 -0.869302 -0.15321899 0.83864171 0.14163108 -0.50313483
1780097914.697941 1.062810 -0.125883 -0.869291 -0.16670002 0.77945565 0.15421035 -0.58384857
1780097914.830676 1.062600 -0.126002 -0.869104 -0.14420376 0.74223188 0.14479236 -0.63822589
1780097914.977151 1.062427 -0.125954 -0.869052 -0.14008796 0.70690479 0.14375938 -0.67822874
1780097915.109163 1.062317 -0.125963 -0.868978 0.14853761 -0.66991761 -0.15881366 0.70987689
1780097915.245853 1.062363 -0.125956 -0.868997 0.18490909 -0.59059923 -0.20487573 0.75830542
1780097915.384438 1.062391 -0.125969 -0.868988 0.16762474 -0.56351042 -0.18877669 0.78658840
1780097915.526556 1.062363 -0.125998 -0.868908 0.14477403 -0.54084684 -0.15844396 0.81327774
1780097915.806338 1.062222 -0.126021 -0.868850 0.13887471 -0.51221897 -0.15289472 0.83364785
1780097916.785348 1.062083 -0.125995 -0.868841 0.16697263 -0.52609516 -0.18843475 0.81230313
1780097919.032018 1.062203 -0.125968 -0.868957 0.18358763 -0.61468931 -0.19021801 0.74314853
1780097919.177211 1.062151 -0.125914 -0.868993 -0.18189785 0.70347205 0.17428126 -0.66457978
1780097919.311759 1.062264 -0.125946 -0.869033 -0.12690797 0.77200169 0.13171924 -0.60873458
1780097919.452301 1.062047 -0.125901 -0.869028 -0.14163376 0.80054760 0.14144393 -0.56485134
1780097919.592415 1.061703 -0.125878 -0.869064 -0.16880156 0.81016887 0.14796864 -0.54151428
1780097919.731055 1.061492 -0.125823 -0.869066 -0.16426334 0.82089596 0.14663758 -0.52692010
1780097920.014329 1.061477 -0.125821 -0.869140 -0.16982903 0.82076916 0.15034759 -0.52430114
1780097920.579987 1.060950 -0.125812 -0.869004 -0.19682359 0.79417741 0.16635796 -0.55033422
1780097920.717217 1.061033 -0.125811 -0.868963 -0.19155680 0.75943719 0.17158870 -0.59759390
1780097920.850823 1.061084 -0.125832 -0.868882 -0.19958746 0.70779365 0.18947829 -0.65060816
1780097921.000910 1.060753 -0.125903 -0.868695 0.20366393 -0.62828453 -0.20872602 0.72125794
1780097921.140344 1.060964 -0.125996 -0.868719 0.19823742 -0.51981775 -0.22683770 0.79939733
1780097921.273199 1.061507 -0.125952 -0.868897 0.14853741 -0.39047608 -0.19481870 0.88741802
1780097921.412523 1.061995 -0.126029 -0.868927 0.13926879 -0.28363087 -0.19345544 0.92883407
1780097921.550983 1.061959 -0.125985 -0.869003 0.11889484 -0.11699822 -0.18893655 0.96771815
1780097921.690225 1.062064 -0.125885 -0.869140 0.09920997 -0.04308399 -0.11263913 0.98773153
1780097921.828299 1.062200 -0.125899 -0.869136 0.09394157 -0.01251821 -0.06865992 0.99312844
1780097921.973915 1.062466 -0.125881 -0.869261 0.09484032 0.00449675 -0.04093359 0.99464040
1780097922.250451 1.062028 -0.125930 -0.869091 0.09563124 -0.01529965 -0.07779423 0.99225432
1780097922.523884 1.061876 -0.125905 -0.869094 0.09771877 -0.01009027 -0.09860474 0.99026579
1780097923.088386 1.061834 -0.125957 -0.869039 0.10247614 -0.03316692 -0.11205880 0.98784686
1780097923.088386 1.061834 -0.125957 -0.869039 0.10247616 -0.03316698 -0.11205884 0.98784685
1780097923.789071 1.061823 -0.125949 -0.869040 0.10090203 -0.03810857 -0.12047018 0.98684013
1780097927.147949 1.061893 -0.125946 -0.869065 0.09732360 -0.00408425 -0.11676150 0.98837148
1780097927.288129 1.062016 -0.125931 -0.869183 0.09218475 0.05798046 -0.05683289 0.99242645
1780097927.426093 1.061948 -0.125879 -0.869177 0.08317514 0.12152305 -0.05996807 0.98727801
1780097927.567229 1.061865 -0.125891 -0.869094 0.07804081 0.17187973 -0.03052461 0.98154737
1780097927.706502 1.061861 -0.125944 -0.869078 0.09280228 0.19255839 0.03158613 0.97637663
1780097927.847649 1.061931 -0.125995 -0.869029 0.09118603 0.20270943 0.04775953 0.97381365
1780097927.989325 1.061976 -0.126028 -0.868970 0.08718874 0.19038743 0.02174599 0.97758778
1780097928.125746 1.062015 -0.126089 -0.868869 0.08565812 0.15500178 -0.03332180 0.98362940
1780097928.268157 1.062153 -0.126145 -0.868862 0.08091199 0.09792492 -0.11394175 0.98533306
1780097928.413681 1.062185 -0.126247 -0.868757 0.09428819 0.02074755 -0.10599777 0.98966850
1780097928.554860 1.062090 -0.126157 -0.868846 0.10978795 -0.04454655 -0.07449831 0.99015767
1780097928.710146 1.061957 -0.126090 -0.868878 0.11016364 -0.11681737 -0.14683302 0.97604187
1780097928.830355 1.061826 -0.125997 -0.868947 0.16272759 -0.36293943 -0.21913195 0.89094102
1780097928.975408 1.061770 -0.126008 -0.868940 0.16903980 -0.33586471 -0.26239855 0.88868861
1780097929.110904 1.061811 -0.125950 -0.868989 0.17522764 -0.48671130 -0.22842521 0.82476015
1780097929.255408 1.061834 -0.125961 -0.869011 0.17755840 -0.58409848 -0.19700061 0.76713280
1780097929.392545 1.061872 -0.125955 -0.869033 0.18285654 -0.61133251 -0.19884846 0.74383825
1780097929.538903 1.061915 -0.125967 -0.869025 0.19498615 -0.64360047 -0.20419996 0.71137979
1780097929.814198 1.061904 -0.125959 -0.869033 0.19749631 -0.64538029 -0.20517696 0.70878904
1780097930.652288 1.061903 -0.125992 -0.869000 0.20491717 -0.61195295 -0.21341760 0.73346811
1780097930.791870 1.061902 -0.126017 -0.868974 0.20759995 -0.55628157 -0.22815730 0.77161993
1780097930.930052 1.061835 -0.125991 -0.868978 0.18593214 -0.49045595 -0.21995013 0.82249872
1780097931.085890 1.061809 -0.125989 -0.868964 0.17990478 -0.48901555 -0.21587205 0.82577074
1780097931.628160 1.061787 -0.126003 -0.868929 0.17111791 -0.44436487 -0.20505691 0.85510829
1780097932.052765 1.061750 -0.125973 -0.868955 0.17492607 -0.54313446 -0.20077084 0.79630202
1780097932.197979 1.061761 -0.125936 -0.869046 0.20638990 -0.63537182 -0.20823653 0.71438323
1780097932.339143 1.061794 -0.125903 -0.869109 -0.21030493 0.74609884 0.18577279 -0.60381854
1780097932.488888 1.061932 -0.125899 -0.869223 -0.19767734 0.80426188 0.17462817 -0.53253310
1780097932.618401 1.061985 -0.125857 -0.869339 -0.15548333 0.85260613 0.14581311 -0.47710194
1780097932.757824 1.062026 -0.125849 -0.869368 -0.11726215 0.87527747 0.12095084 -0.45333191
1780097932.896353 1.061955 -0.125831 -0.869367 -0.11053206 0.88037827 0.11255057 -0.44726852
1780097932.896353 1.061955 -0.125831 -0.869367 -0.11051342 0.88036636 0.11254041 -0.44729912
1780097933.174064 1.061963 -0.125802 -0.869364 -0.12975006 0.88499297 0.12557054 -0.42916710
1780097933.461245 1.061926 -0.125814 -0.869387 -0.10113213 0.89604347 0.10436768 -0.41950659
1780097933.877433 1.061890 -0.125841 -0.869375 -0.11039020 0.88061423 0.10969634 -0.44754808
1780097934.011484 1.061885 -0.125815 -0.869370 -0.11294109 0.85263511 0.11632745 -0.49671482
1780097934.156220 1.061908 -0.125829 -0.869373 -0.14003862 0.80688780 0.13143684 -0.55861044
1780097934.297550 1.062097 -0.125873 -0.869449 -0.12033600 0.73758646 0.11908144 -0.65368576
1780097934.437505 1.062050 -0.125854 -0.869429 0.13067790 -0.64896540 -0.13000724 0.73814993
1780097934.592297 1.061953 -0.125812 -0.869371 0.14803787 -0.54704820 -0.16643306 0.80692199
1780097934.714717 1.061967 -0.125836 -0.869296 0.14057150 -0.44587468 -0.16897067 0.86768908
1780097934.854631 1.061837 -0.125845 -0.869273 0.13536668 -0.33993195 -0.17269726 0.91449319
1780097934.992789 1.061943 -0.125875 -0.869316 0.11382478 -0.22085684 -0.13809444 0.95874715
1780097935.129471 1.062051 -0.125869 -0.869346 0.09326622 -0.16498315 -0.07767308 0.97879971
1780097935.269942 1.061948 -0.125846 -0.869369 0.09247520 -0.11381353 -0.07385153 0.98642829
1780097935.552122 1.061969 -0.125851 -0.869380 0.09182779 -0.13437153 -0.07224706 0.98401845
1780097935.830250 1.061992 -0.125833 -0.869404 0.09400288 -0.16142205 -0.07865847 0.97924421
1780097936.251047 1.062063 -0.125847 -0.869405 0.08472074 -0.18514234 -0.05303762 0.97761532
1780097936.950666 1.062108 -0.125835 -0.869441 0.10039191 -0.19271955 -0.11218623 0.96963647
1780097939.474838 1.062012 -0.125839 -0.869416 0.10357567 -0.19539114 -0.09337509 0.97076026
1780097939.761366 1.061774 -0.125834 -0.869287 0.11930415 -0.29616954 -0.14656159 0.93625308
1780097939.905550 1.061500 -0.125754 -0.869216 0.15952265 -0.41977831 -0.20515228 0.86962706
1780097940.055440 1.061740 -0.125890 -0.869285 0.14561022 -0.57687716 -0.13829267 0.79176104
1780097940.181180 1.061578 -0.125825 -0.869280 0.17012933 -0.64117222 -0.16655032 0.72953080
1780097940.314955 1.061552 -0.125887 -0.869248 0.17525777 -0.67090713 -0.16275193 0.70191178
1780097940.603851 1.061324 -0.125890 -0.869186 0.14870248 -0.60167959 -0.13308612 0.77340631
1780097940.744895 1.061100 -0.125865 -0.869111 0.14680170 -0.52695684 -0.14617755 0.82425595
1780097940.891120 1.060913 -0.125867 -0.869021 0.11525637 -0.47495614 -0.11310150 0.86506687
1780097941.024357 1.060841 -0.125868 -0.868965 0.10859634 -0.42457413 -0.10097435 0.89316730
1780097941.162798 1.060707 -0.125889 -0.868835 0.11131070 -0.36151516 -0.11432372 0.91861135
1780097941.314660 1.060772 -0.125880 -0.868820 0.11379727 -0.31079735 -0.12713077 0.93503634
1780097941.441275 1.060765 -0.125937 -0.868691 0.11195376 -0.27882722 -0.12069790 0.94612565
1780097941.581698 1.060707 -0.125931 -0.868654 0.09221623 -0.27411930 -0.07177712 0.95456944
1780097941.717936 1.060807 -0.125991 -0.868609 0.09578119 -0.26387533 -0.06773149 0.95739658
1780097941.717936 1.060794 -0.125993 -0.868604 0.09591721 -0.26502487 -0.06818030 0.95703352
1780097941.860773 1.060935 -0.125972 -0.868713 0.09008239 -0.24824761 -0.07288593 0.96174109
1780097942.137131 1.060703 -0.125972 -0.868526 0.10035423 -0.23974236 -0.08612867 0.96178713
1780097942.563270 1.060121 -0.126034 -0.868192 0.09975872 -0.23085519 -0.10416074 0.96223938
1780097942.984470 1.059430 -0.126256 -0.867723 0.08855403 -0.18117694 -0.06950723 0.97698610
1780097943.124470 1.059056 -0.126311 -0.867407 0.09680111 -0.15924744 -0.08086256 0.97914812
1780097943.397247 1.058754 -0.126367 -0.867165 0.08799666 -0.10427716 -0.06399883 0.98857828
1780097943.539862 1.058551 -0.126466 -0.866983 0.08930796 -0.06786482 -0.05373628 0.99223529
1780097943.675940 1.058471 -0.126423 -0.866877 0.08229979 -0.05884040 -0.01931229 0.99468165
1780097943.954649 1.058310 -0.126498 -0.866679 0.08452875 -0.07560340 -0.06185734 0.99162124
1780097944.102862 1.058275 -0.126522 -0.866576 0.09247948 -0.10267641 -0.08333181 0.98689458
1780097944.235472 1.058218 -0.126537 -0.866498 0.09004783 -0.11912923 -0.10304025 0.98340344
1780097944.517958 1.057944 -0.126568 -0.866341 0.09406235 -0.13916231 -0.11355062 0.97923051
1780097945.219984 1.057249 -0.126925 -0.865732 0.09953386 -0.19929380 -0.08019085 0.97156802
1780097945.358519 1.057127 -0.126788 -0.865598 0.10084620 -0.23928224 -0.11578580 0.95873234
1780097945.504878 1.057201 -0.126798 -0.865621 0.11055073 -0.27811366 -0.13144242 0.94506837
1780097945.641781 1.056524 -0.126954 -0.865236 0.12015273 -0.30819550 -0.13132063 0.93452327
1780097945.777651 1.057078 -0.126751 -0.865560 0.11312127 -0.31754509 -0.14766050 0.92981991
1780097946.066189 1.056515 -0.126860 -0.865313 0.11313951 -0.34479630 -0.11867852 0.92424584
1780097946.479089 1.055375 -0.126956 -0.864573 0.09654325 -0.28666363 -0.08919237 0.94897212
1780097946.686677 1.055181 -0.127081 -0.864452 0.09345013 -0.25831220 -0.08128405 0.95808913
1780097947.248935 1.054396 -0.127221 -0.863944 0.10509787 -0.23143862 -0.10236778 0.96172316
1780097947.818732 1.053550 -0.127241 -0.863441 0.10116155 -0.22136837 -0.11166335 0.96347998
1780097948.514040 1.052808 -0.127290 -0.862938 0.09063712 -0.20975121 -0.08576098 0.96975997
1780097948.647606 1.052658 -0.127467 -0.862857 0.10115894 -0.17603232 -0.10518602 0.97350675
1780097948.785747 1.052383 -0.127457 -0.862633 0.08738022 -0.15942081 -0.06080229 0.98145442
1780097948.931803 1.052242 -0.127403 -0.862575 0.08464674 -0.14226345 -0.07596800 0.98327255
1780097949.213862 1.051917 -0.127729 -0.862340 0.09839861 -0.16854121 -0.07912065 0.97757429
1780097949.352075 1.051692 -0.127422 -0.862187 0.09276218 -0.17912945 -0.12336381 0.97164252
1780097949.492767 1.051504 -0.127612 -0.862080 0.09996238 -0.19402570 -0.12353576 0.96803950
1780097949.769687 1.051160 -0.127684 -0.861786 0.09527110 -0.16830824 -0.10779247 0.97518026
1780097950.468800 1.050463 -0.127749 -0.861143 0.09752610 -0.14843670 -0.10691510 0.97827622
1780097953.266986 1.048196 -0.127987 -0.859308 0.09043569 -0.16960025 -0.09368065 0.97687311
1780097953.266986 1.048196 -0.127987 -0.859308 0.09043569 -0.16960025 -0.09368065 0.97687311
1780097953.829232 1.048279 -0.127882 -0.859435 0.09812249 -0.12890147 -0.09577096 0.98213253
1780097953.970291 1.047934 -0.128158 -0.859085 0.08143731 -0.09980370 -0.02009071 0.99146535
1780097954.118575 1.047830 -0.128252 -0.858770 0.08071082 -0.07504348 -0.02731119 0.99353326
1780097954.527115 1.047486 -0.128567 -0.858264 0.08528625 -0.08893078 -0.07635481 0.98943798
1780097954.671999 1.047286 -0.128437 -0.858234 0.08856705 -0.11199128 -0.08100223 0.98643422
1780097954.813584 1.046868 -0.128337 -0.857828 0.09630734 -0.13057082 -0.10307952 0.98135150
1780097954.952257 1.046909 -0.128387 -0.857894 0.09130651 -0.14804584 -0.09291895 0.98036300
1780097955.090713 1.046616 -0.128423 -0.857692 0.09050562 -0.16303192 -0.07442792 0.97963759
1780097955.390153 1.046231 -0.128373 -0.857377 0.09283185 -0.19384981 -0.09257864 0.97223130
1780097955.510810 1.045342 -0.128502 -0.856850 0.10048640 -0.21086143 -0.09763231 0.96742332
1780097955.658494 1.045393 -0.128434 -0.856940 0.09687011 -0.21978142 -0.10579834 0.96494509
1780097955.928691 1.044272 -0.128654 -0.856235 0.10162205 -0.23667009 -0.09168079 0.96190169
1780097956.494794 1.044126 -0.128550 -0.856101 0.09493210 -0.24439340 -0.09169288 0.96065196
1780097957.197418 1.042732 -0.128991 -0.855141 0.09142687 -0.19774253 -0.07845802 0.97282237
1780097957.329964 1.041837 -0.129096 -0.854537 0.09205044 -0.16849876 -0.08017413 0.97811400
1780097957.469190 1.041486 -0.129283 -0.854254 0.08568536 -0.15772303 -0.04268887 0.98283219
1780097957.610755 1.041461 -0.129089 -0.854233 0.08037781 -0.14720257 -0.03449614 0.98523136
1780097957.891002 1.040635 -0.129489 -0.853547 0.09058462 -0.13288687 -0.06510357 0.98483351
1780097958.174083 1.040497 -0.129434 -0.853362 0.08649488 -0.15455083 -0.05728941 0.98252257
1780097958.316046 1.040668 -0.129217 -0.853511 0.09005675 -0.15998387 -0.09488296 0.97841309
1780097958.594041 1.039768 -0.129536 -0.852809 0.08887318 -0.18012400 -0.06941658 0.97715825
1780097959.860874 1.037985 -0.129819 -0.851612 0.09130580 -0.16099918 -0.08427318 0.97910191
1780097959.990795 1.037392 -0.129964 -0.851073 0.08758087 -0.14179472 -0.06252237 0.98402988
1780097960.270085 1.036782 -0.130014 -0.850465 0.08220191 -0.12382412 -0.04885037 0.98768622
1780097961.116360 1.035832 -0.130142 -0.849405 0.08415189 -0.11350679 -0.07572286 0.98706672
1780097961.674676 1.035257 -0.130587 -0.848886 0.08519287 -0.11087091 -0.05318434 0.98874731
1780097961.962056 1.034914 -0.130344 -0.848541 0.08299802 -0.11344184 -0.07190218 0.98745752
1780097962.254719 1.034546 -0.130827 -0.848272 0.08816770 -0.12730651 -0.06507867 0.98579119
1780097962.378271 1.034304 -0.130616 -0.847954 0.08543179 -0.13546072 -0.07896208 0.98392926
1780097962.526189 1.033848 -0.130751 -0.847634 0.08876366 -0.14501056 -0.08273559 0.98196119
1780097962.802269 1.033650 -0.130804 -0.847460 0.08930731 -0.18191865 -0.08708084 0.97537005
1780097962.957959 1.033488 -0.131185 -0.847448 0.09478846 -0.20393098 -0.08445466 0.97071866
1780097962.957959 1.033488 -0.131185 -0.847448 0.09478846 -0.20393098 -0.08445466 0.97071866
1780097963.079295 1.033684 -0.131194 -0.847541 0.10015584 -0.21610097 -0.12012501 0.96376302
1780097963.246337 1.033645 -0.131228 -0.847505 0.10127221 -0.24935921 -0.12043275 0.95554167
1780097963.361171 1.033346 -0.131197 -0.847379 0.10405591 -0.27698168 -0.09945934 0.95003229
1780097963.503727 1.033345 -0.131178 -0.847383 0.10609186 -0.28150886 -0.13321328 0.94432595
1780097963.642595 1.033273 -0.131195 -0.847387 0.09988748 -0.26376635 -0.10759372 0.95334852
1780097963.781133 1.033197 -0.131165 -0.847284 0.09799733 -0.22690892 -0.11171721 0.96251136
1780097963.920145 1.033265 -0.131178 -0.847314 0.09229985 -0.20555036 -0.08272919 0.97076551
1780097964.205590 1.032777 -0.131127 -0.846925 0.08856311 -0.18919327 -0.06635913 0.97568384
1780097964.338078 1.032538 -0.131136 -0.846702 0.08450365 -0.17943606 -0.08174541 0.97671875
1780097965.322324 1.031089 -0.131299 -0.845605 0.10189059 -0.17150358 -0.13932348 0.96994525
1780097966.170851 1.030002 -0.131494 -0.844815 0.10237636 -0.17424881 -0.12187225 0.97175284
1780097966.713124 1.029627 -0.131432 -0.844500 0.10209918 -0.16916408 -0.15189120 0.96844635
1780097967.565457 1.028775 -0.131666 -0.843848 0.09851417 -0.15965970 -0.12347117 0.97445298
1780097967.857712 1.028147 -0.131785 -0.843333 0.08998031 -0.14986312 -0.07663152 0.98161713
1780097968.968876 1.027054 -0.132371 -0.842453 0.10309199 -0.16597044 -0.11209573 0.97429995
1780097969.097888 1.026877 -0.132209 -0.842287 0.10356450 -0.17839837 -0.12818467 0.97006036
1780097969.243615 1.026631 -0.132488 -0.842124 0.10535923 -0.19289413 -0.11407493 0.96885407
1780097969.533715 1.026405 -0.132396 -0.842079 0.10626409 -0.20179793 -0.12823811 0.96516347
1780097969.943659 1.026152 -0.132215 -0.841729 0.09232490 -0.18350579 -0.08430645 0.97503546
1780097970.087272 1.025687 -0.132388 -0.841395 0.09224333 -0.15868581 -0.07758557 0.97994411
1780097970.222714 1.025812 -0.132575 -0.841412 0.08578684 -0.15125618 -0.03243297 0.98423081
1780097970.358261 1.025654 -0.132340 -0.841261 0.08586513 -0.15627830 -0.06177872 0.98203241
1780097970.505660 1.025441 -0.132527 -0.841118 0.09326296 -0.16272456 -0.08467181 0.97859768
1780097970.781882 1.025310 -0.132415 -0.841026 0.09286556 -0.17311451 -0.10019553 0.97538106
1780097971.757244 1.024299 -0.132818 -0.840327 0.09169512 -0.18665666 -0.07361805 0.97536233
1780097972.341624 1.023706 -0.132695 -0.839862 0.09058076 -0.18640310 -0.09446808 0.97371700
1780097972.597591 1.023323 -0.133008 -0.839661 0.09450516 -0.19045516 -0.08664220 0.97328759
1780097973.580363 1.022454 -0.133092 -0.838898 0.09616784 -0.16268023 -0.09945429 0.97693180
1780097973.720647 1.022252 -0.132891 -0.838717 0.07915998 -0.15660255 -0.03354228 0.98391273
1780097973.994164 1.022077 -0.133126 -0.838476 0.08832997 -0.13697587 -0.07078440 0.98408587
1780097974.278943 1.021893 -0.132898 -0.838307 0.08306408 -0.13340939 -0.06266719 0.98558364
1780097974.599406 1.021718 -0.133388 -0.838115 0.08477604 -0.14876273 -0.03917655 0.98445308
1780097974.599406 1.021718 -0.133388 -0.838115 0.08477604 -0.14876273 -0.03917655 0.98445308
1780097974.762618 1.021722 -0.133365 -0.838141 0.08242174 -0.15778850 -0.06477917 0.98189261
1780097974.907808 1.021608 -0.133365 -0.838055 0.08801830 -0.16195035 -0.07462139 0.98002883
1780097975.052540 1.021571 -0.133372 -0.838061 0.08493032 -0.16415712 -0.08740903 0.97887637
1780097975.189305 1.021405 -0.133392 -0.837957 0.08612082 -0.16487160 -0.07408722 0.97975081
1780097975.743650 1.021022 -0.133534 -0.837205 0.08758293 -0.14060201 -0.07127171 0.98360594
1780097975.888926 1.021009 -0.133614 -0.837025 0.08293521 -0.11457954 -0.04878078 0.98874350
1780097976.032273 1.020865 -0.133621 -0.836852 0.07879744 -0.10387749 -0.01779234 0.99130412
1780097976.163264 1.021016 -0.133740 -0.836676 0.08226844 -0.09912814 -0.03541650 0.99103541
1780097976.450633 1.020992 -0.133877 -0.836414 0.08228834 -0.09154757 -0.03888847 0.99163267
1780097976.734423 1.021429 -0.134077 -0.836088 0.08690972 -0.06586883 -0.06292711 0.99204243
1780097976.865333 1.021740 -0.134090 -0.835918 0.07818641 -0.05605312 0.00487684 0.99534976
1780097977.013001 1.022248 -0.134154 -0.835647 0.07981378 -0.04506618 -0.01184633 0.99572007
1780097977.151715 1.022361 -0.134264 -0.835483 0.08020237 -0.03572169 -0.02840157 0.99573334
1780097977.429648 1.023056 -0.134385 -0.834993 0.07662009 -0.03952382 -0.04079427 0.99544114
1780097977.842457 1.023108 -0.134418 -0.834798 0.07688697 -0.03207564 -0.04560370 0.99547971
1780097978.695077 1.023277 -0.134810 -0.834124 0.07773500 -0.02485861 -0.06058073 0.99482124
1780097978.826941 1.023346 -0.134968 -0.833851 0.07906178 0.01018530 -0.00270451 0.99681401
1780097978.973866 1.024387 -0.135258 -0.833128 0.07627340 0.02904924 -0.03673361 0.99598652
1780097979.105570 1.024673 -0.135381 -0.832588 0.07779360 0.05427512 0.00147866 0.99548992
1780097979.383736 1.024744 -0.135510 -0.832576 0.07820049 0.07720991 -0.01799031 0.99378049
1780097979.670310 1.024274 -0.135466 -0.832580 0.07225319 0.10173751 -0.02864023 0.99177048
1780097979.809752 1.024697 -0.135576 -0.832340 0.07387844 0.12670947 -0.01238905 0.98910727
1780097979.954055 1.024704 -0.135648 -0.832408 0.07545900 0.15285633 -0.01853614 0.98518896
1780097980.378066 1.024708 -0.135518 -0.832101 0.06896140 0.13089945 -0.03175485 0.98848434
1780097980.512212 1.024886 -0.135679 -0.831921 0.07017132 0.11839924 -0.06297048 0.98847980
1780097980.648729 1.024740 -0.135432 -0.831973 0.06530323 0.11103107 -0.07434949 0.98887802
1780097980.927252 1.024992 -0.135759 -0.831888 0.06836256 0.11482843 -0.08807782 0.98710855
1780097981.072770 1.024718 -0.135682 -0.831944 0.07148135 0.13808284 -0.03427431 0.98724304
1780097981.208059 1.024798 -0.135663 -0.831941 0.07669647 0.15102123 0.02192653 0.98530679
1780097981.344796 1.025230 -0.135724 -0.831983 0.07647619 0.16816200 0.01035319 0.98273381
1780097981.924326 1.025406 -0.135820 -0.831715 0.07294535 0.18397980 -0.01049849 0.98016335
1780097982.916068 1.026243 -0.135962 -0.831025 0.07156461 0.15807488 -0.01960913 0.98463512
1780097982.916068 1.026243 -0.135962 -0.831025 0.07156461 0.15807488 -0.01960913 0.98463512
1780097983.027359 1.026168 -0.135950 -0.831084 0.06548907 0.15059254 -0.02257001 0.98616614
1780097983.307563 1.026480 -0.136056 -0.830774 0.07581263 0.13677062 -0.01938984 0.98750710
1780097983.449272 1.026458 -0.136052 -0.830826 0.06826001 0.13431032 -0.01344857 0.98849403
1780097984.015031 1.026992 -0.136255 -0.830167 0.07406851 0.12257363 -0.00744170 0.98966367
1780097985.974102 1.027799 -0.136670 -0.828983 0.07091122 0.11772471 -0.01177133 0.99044128
1780097988.066998 1.028709 -0.137081 -0.827687 0.07266153 0.10856250 -0.02444653 0.99112908
1780097988.918263 1.028528 -0.136965 -0.827809 0.06691782 0.15838711 -0.03679102 0.98441960
1780097989.059704 1.028442 -0.136948 -0.827957 0.06792871 0.17682066 -0.02527777 0.98157077
1780097989.762046 1.029262 -0.137281 -0.827209 0.05976878 0.15700380 -0.04285672 0.98485573
1780097990.064926 1.029459 -0.137317 -0.827102 0.06902150 0.14716319 -0.03906651 0.98592740
1780097991.434603 1.030361 -0.137669 -0.826102 0.06781894 0.13742467 -0.03149501 0.98768574
1780097991.864655 1.030458 -0.137719 -0.825909 0.06959432 0.13563190 -0.03905505 0.98754003
1780097992.558566 1.030952 -0.137846 -0.825488 0.06600847 0.13349264 -0.02872193 0.98843191
1780097993.675647 1.031417 -0.138129 -0.824896 0.07305227 0.12425765 -0.03975006 0.98875848
1780097994.238894 1.031707 -0.138277 -0.824565 0.06726564 0.12587264 -0.04112802 0.98890844
1780097995.358555 1.032148 -0.138568 -0.823894 0.06886041 0.12051016 -0.02931864 0.98988684
1780097996.754528 1.032696 -0.138754 -0.823087 0.07293564 0.11780259 -0.03236663 0.98982592
1780097997.041372 1.032851 -0.138906 -0.822995 0.06693039 0.11794186 -0.03090186 0.99028032
1780097997.743001 1.033116 -0.138931 -0.822555 0.07346754 0.11476331 -0.03278393 0.99012985
1780097998.296514 1.033331 -0.139050 -0.822265 0.06867204 0.11441098 -0.03779041 0.99033639
1780097999.282031 1.033704 -0.139227 -0.821773 0.07362126 0.10734345 -0.02420990 0.99119684
1780097999.553569 1.033606 -0.139088 -0.821748 0.07249271 0.13201801 -0.03137191 0.98809506
1780097999.836038 1.033620 -0.139144 -0.821828 0.06940612 0.14664543 -0.00561630 0.98673521
1780098000.116184 1.033714 -0.139144 -0.821655 0.07492638 0.15379864 -0.01886453 0.98507672
1780098000.255480 1.033809 -0.139239 -0.821675 0.07212144 0.15523193 0.01152060 0.98517451
1780098001.094496 1.034284 -0.139305 -0.821294 0.06681446 0.16016037 -0.03100484 0.98433896
1780098001.655463 1.034635 -0.139408 -0.820898 0.07427569 0.15334524 0.00485004 0.98536533
1780098002.074719 1.034852 -0.139477 -0.820614 0.07103931 0.12659048 -0.03576625 0.98876137
1780098002.217443 1.035050 -0.139574 -0.820460 0.06517487 0.11878299 -0.04112090 0.98992520
1780098002.492692 1.035323 -0.139712 -0.820174 0.07463662 0.10321365 -0.02818264 0.99145452
1780098002.773226 1.035402 -0.139820 -0.819987 0.07140762 0.09668476 -0.02144297 0.99251862
1780098002.911746 1.035553 -0.139815 -0.819868 0.07551523 0.09439692 -0.02806558 0.99226962
1780098002.911746 1.035553 -0.139815 -0.819868 0.07551523 0.09439692 -0.02806558 0.99226962
1780098003.202197 1.035535 -0.139814 -0.819877 0.07398106 0.09114712 -0.01317124 0.99299825
1780098003.470025 1.035685 -0.139843 -0.819718 0.07159851 0.11410671 -0.03604490 0.99022931
1780098003.613618 1.035767 -0.139876 -0.819576 0.07477182 0.12029787 0.01365441 0.98982380
1780098003.755310 1.035863 -0.139913 -0.819473 0.07346163 0.13069477 -0.00838467 0.98866170
1780098004.173334 1.036128 -0.139975 -0.819236 0.06962679 0.14142657 -0.02190517 0.98725417
1780098004.730813 1.036499 -0.140134 -0.818958 0.07015240 0.14584812 -0.02446178 0.98651335
1780098005.156458 1.036673 -0.140185 -0.818792 0.06749699 0.14532521 -0.04405301 0.98609537
1780098005.998472 1.037050 -0.140371 -0.818378 0.07258509 0.13994445 0.00032071 0.98749524
1780098006.693794 1.037347 -0.140500 -0.818145 0.07101152 0.13997368 -0.02450835 0.98730141
1780098007.311675 1.037599 -0.140573 -0.817925 0.07130754 0.13720168 -0.01745284 0.98781898
1780098007.883985 1.037812 -0.140593 -0.817728 0.07009427 0.13535202 -0.01853117 0.98814130
1780098008.172909 1.037861 -0.140624 -0.817629 0.06731015 0.13637691 -0.03103038 0.98788046
1780098008.307012 1.037852 -0.140644 -0.817634 0.07038962 0.11145182 -0.02673755 0.99091316
1780098008.443132 1.037887 -0.140732 -0.817576 0.07590046 0.08809352 -0.02632488 0.99286739
1780098008.584312 1.037842 -0.140555 -0.817638 0.06914727 0.07891741 -0.05042315 0.99320099
1780098008.724527 1.037930 -0.140672 -0.817539 0.07182783 0.08658979 -0.04171657 0.99277525
1780098009.004820 1.038017 -0.140770 -0.817378 0.07430134 0.09755261 -0.00995843 0.99240296
1780098009.424304 1.038090 -0.140719 -0.817266 0.06853298 0.10790138 -0.03932971 0.99101650
1780098010.403526 1.038346 -0.140917 -0.816897 0.07422204 0.10236122 -0.01818782 0.99180768
1780098010.968915 1.038385 -0.140861 -0.816753 0.06781940 0.10599498 -0.04377099 0.99108511
1780098011.666053 1.038570 -0.141012 -0.816464 0.07252114 0.10686147 -0.03297263 0.99107725
1780098011.827532 1.038615 -0.140985 -0.816458 0.06993717 0.12917831 -0.03721285 0.98845180
1780098011.942614 1.038643 -0.140944 -0.816420 0.07184499 0.14168940 -0.00352273 0.98729428
1780098012.084014 1.038718 -0.140981 -0.816383 0.07316795 0.15333096 -0.00777773 0.98543167
1780098012.364974 1.038813 -0.140999 -0.816349 0.07370680 0.15767129 0.00327799 0.98473160
1780098012.502066 1.038871 -0.141072 -0.816250 0.07399920 0.14277308 -0.02272745 0.98672358
1780098012.643579 1.038812 -0.140981 -0.816221 0.06769583 0.12752663 -0.03392994 0.98894034
1780098012.782390 1.038876 -0.141118 -0.816144 0.07159295 0.11739276 -0.02482065 0.99019055
1780098013.072924 1.038946 -0.141105 -0.816047 0.07025343 0.10939348 -0.02964554 0.99106945
1780098013.343711 1.039029 -0.141026 -0.816014 0.06664272 0.10395494 -0.04501920 0.99132507
1780098013.625672 1.039186 -0.141189 -0.815875 0.06914786 0.11177346 -0.05071861 0.99002671
1780098013.766836 1.039127 -0.141126 -0.815925 0.07124823 0.12821410 -0.01690861 0.98903940
1780098013.766836 1.039127 -0.141126 -0.815925 0.07124823 0.12821410 -0.01690861 0.98903940
1780098014.047385 1.039116 -0.141124 -0.815927 0.07469114 0.13750950 0.00297554 0.98767582
1780098014.744694 1.039350 -0.141191 -0.815757 0.07286775 0.14385661 -0.00260627 0.98690870
1780098015.448122 1.039587 -0.141250 -0.815579 0.06785882 0.14643819 -0.03575530 0.98624165
1780098016.005134 1.039672 -0.141266 -0.815437 0.07137643 0.14461016 -0.01489747 0.98679855
1780098016.286676 1.039810 -0.141277 -0.815339 0.06811425 0.14305486 -0.02687248 0.98700234
1780098016.569307 1.039898 -0.141342 -0.815276 0.06949035 0.14174545 -0.02810534 0.98706099
1780098016.992748 1.039997 -0.141349 -0.815222 0.07152700 0.14020099 -0.02121712 0.98730816
1780098017.548428 1.040118 -0.141345 -0.815052 0.06782767 0.13636304 -0.03077848 0.98785485
1780098017.686959 1.040144 -0.141394 -0.814986 0.07164704 0.12053620 -0.01629305 0.98998599
1780098017.829060 1.040096 -0.141330 -0.815011 0.06705977 0.11584015 -0.05767030 0.98932208
1780098018.154892 1.040191 -0.141396 -0.814959 0.07286466 0.10152509 -0.02062453 0.99194658
1780098018.455502 1.040260 -0.141425 -0.814870 0.07183180 0.09699241 -0.02633903 0.99234012
1780098018.713636 1.040353 -0.141429 -0.814716 0.07136476 0.11358941 -0.01834775 0.99079154
1780098018.978699 1.040440 -0.141508 -0.814595 0.07429578 0.12408475 0.00138388 0.98948532
1780098019.244027 1.040532 -0.141529 -0.814513 0.07321043 0.11624989 -0.00568652 0.99050182
1780098019.400400 1.040530 -0.141570 -0.814527 0.07337190 0.10743022 -0.02422397 0.99120559
1780098019.541584 1.040555 -0.141463 -0.814513 0.07151182 0.10155993 -0.01736807 0.99210382
1780098019.786321 1.040586 -0.141530 -0.814518 0.07062687 0.09497129 -0.04041574 0.99214861
1780098020.324874 1.040727 -0.141584 -0.814266 0.07040525 0.10948636 -0.03279972 0.99094905
1780098020.467169 1.040711 -0.141592 -0.814216 0.07257042 0.12091038 -0.00767072 0.98997746
1780098020.636437 1.040751 -0.141543 -0.814122 0.07133816 0.13291022 0.00100195 0.98855690
1780098020.938297 1.040797 -0.141629 -0.814078 0.07368427 0.13556877 0.00153446 0.98802297
1780098021.473644 1.040962 -0.141580 -0.813974 0.06858964 0.14027306 -0.01818368 0.98756685
1780098021.771702 1.041053 -0.141711 -0.813909 0.07183179 0.13967860 -0.01698746 0.98744190
1780098022.449705 1.041302 -0.141759 -0.813624 0.07197058 0.12180284 -0.00844462 0.98990555
1780098022.600468 1.041275 -0.141800 -0.813537 0.06823175 0.11881242 -0.04529155 0.98953358
1780098022.729232 1.041355 -0.141787 -0.813539 0.06900304 0.11072750 -0.04366889 0.99049030
1780098022.869587 1.041400 -0.141799 -0.813493 0.07122923 0.10297459 -0.02453454 0.99182694
1780098023.148025 1.041400 -0.141845 -0.813485 0.07124562 0.11516579 -0.04579036 0.98972933
1780098023.290080 1.041454 -0.141832 -0.813412 0.07439535 0.11865098 0.01041192 0.99009033
1780098023.425196 1.041496 -0.141815 -0.813396 0.07128664 0.12688328 -0.00465198 0.98934181
1780098023.565037 1.041550 -0.141867 -0.813350 0.07307980 0.13203287 -0.00620449 0.98852828
1780098023.565037 1.041550 -0.141867 -0.813350 0.07307980 0.13203287 -0.00620449 0.98852828
1780098023.847733 1.041625 -0.141891 -0.813307 0.07148470 0.13561261 0.00545161 0.98816468
1780098024.131833 1.041665 -0.141932 -0.813235 0.07493938 0.12277228 -0.01709460 0.98945380
1780098024.266485 1.041699 -0.141914 -0.813185 0.06474859 0.11641418 -0.05009830 0.98982095
1780098024.413460 1.041713 -0.141932 -0.813135 0.06696177 0.10929995 -0.05815178 0.99004445
1780098024.545439 1.041743 -0.141949 -0.813083 0.07060676 0.10362033 -0.05691417 0.99047377
1780098024.823734 1.041775 -0.141965 -0.813020 0.07042532 0.09655785 -0.03093435 0.99235070
1780098025.243415 1.041842 -0.142013 -0.812905 0.07171411 0.09201142 -0.02851683 0.99276270
1780098025.803477 1.041914 -0.142031 -0.812757 0.06842862 0.09204836 -0.03936920 0.99262011
1780098026.509316 1.042011 -0.142119 -0.812589 0.07639207 0.08808026 -0.00771895 0.99314981
1780098026.644754 1.042007 -0.142090 -0.812577 0.06898106 0.09235108 -0.03178468 0.99282558
1780098027.343915 1.042082 -0.142154 -0.812406 0.07289802 0.09152482 -0.04531922 0.99209639
1780098028.321941 1.042212 -0.142206 -0.812172 0.06873567 0.09008423 -0.05571311 0.99199611
1780098029.586087 1.042334 -0.142311 -0.811926 0.07274549 0.08777591 -0.04587052 0.99242097
1780098029.864538 1.042340 -0.142310 -0.811876 0.06831267 0.08692203 -0.04639773 0.99278658
1780098030.560930 1.042422 -0.142372 -0.811737 0.07427293 0.08389921 -0.04109020 0.99285248
1780098031.271529 1.042485 -0.142380 -0.811639 0.07326855 0.09742382 -0.00227199 0.99253975
1780098031.407107 1.042500 -0.142371 -0.811610 0.06895767 0.11353902 -0.02921327 0.99070698
1780098031.690881 1.042546 -0.142385 -0.811557 0.06745537 0.12561614 -0.05329293 0.98834722
1780098031.966591 1.042602 -0.142419 -0.811514 0.06991027 0.13175853 -0.06673723 0.98655886
1780098032.247756 1.042627 -0.142408 -0.811472 0.06598221 0.13414795 -0.04033824 0.98793902
1780098032.808285 1.042713 -0.142470 -0.811377 0.07148228 0.13496039 -0.05021831 0.98699245
1780098033.113938 1.042770 -0.142469 -0.811327 0.06577359 0.13060530 -0.04976280 0.98799785
1780098033.389027 1.042794 -0.142511 -0.811294 0.07011004 0.12151387 -0.04738912 0.98897585
1780098033.647686 1.042792 -0.142507 -0.811228 0.06639091 0.11020584 -0.05574047 0.99012116
1780098033.787655 1.042690 -0.142557 -0.811239 0.07226092 0.10125361 -0.03635651 0.99156657
1780098034.070238 1.042247 -0.142619 -0.811309 0.06855406 0.09952382 -0.02401689 0.99238024
1780098035.472028 1.042817 -0.142606 -0.810962 0.06758375 0.08551190 -0.04762994 0.99290057
1780098036.590162 1.043008 -0.142625 -0.810730 0.06882601 0.08282354 -0.07873065 0.99106242
1780098037.149636 1.043076 -0.142629 -0.810668 0.06826014 0.10161241 -0.06638051 0.99025709
1780098037.436226 1.043125 -0.142609 -0.810628 0.06910243 0.11094099 -0.03685899 0.99073627
1780098037.709258 1.043177 -0.142634 -0.810616 0.07063564 0.11273414 -0.02150879 0.99087789
1780098037.995790 1.043181 -0.142631 -0.810580 0.06855936 0.11204937 -0.02587098 0.99099710
1780098037.995790 1.043180 -0.142631 -0.810581 0.06895984 0.10725570 -0.02391606 0.99154868
1780098038.144346 1.043184 -0.142634 -0.810579 0.07073718 0.09437524 -0.03083121 0.99254169
1780098038.277643 1.043183 -0.142637 -0.810562 0.06442020 0.09021699 -0.05879248 0.99209595
1780098038.565380 1.043176 -0.142644 -0.810520 0.06716223 0.08509549 -0.05148201 0.99277268
1780098038.842713 1.043198 -0.142641 -0.810480 0.06502551 0.10239273 -0.06168956 0.99069764
1780098038.980351 1.043256 -0.142645 -0.810453 0.06336346 0.12209880 -0.03489694 0.98987836
1780098039.121501 1.043303 -0.142647 -0.810463 0.06185904 0.15454847 -0.03133081 0.98554889
1780098039.256573 1.043329 -0.142652 -0.810463 0.05357083 0.19366679 -0.05963954 0.97778651
1780098039.396890 1.043360 -0.142653 -0.810455 0.06051552 0.24097257 -0.00333134 0.96863770
1780098039.530205 1.043384 -0.142653 -0.810458 0.05771819 0.28904232 0.00020858 0.95557475
1780098039.672951 1.043391 -0.142651 -0.810465 0.05521985 0.32589545 0.00108480 0.94379116
1780098039.812076 1.043398 -0.142641 -0.810469 0.06074185 0.34345760 0.02377145 0.93690033
1780098039.965814 1.043419 -0.142645 -0.810478 0.03864052 0.37707290 -0.03372207 0.92476254
1780098040.086057 1.043449 -0.142645 -0.810476 0.05395246 0.40249765 0.00449223 0.91381869
1780098040.223050 1.043467 -0.142642 -0.810482 0.04372611 0.41787138 -0.01140600 0.90738164
1780098040.792547 1.043512 -0.142652 -0.810468 0.06030824 0.36031421 0.01494435 0.93075950
1780098040.929332 1.043519 -0.142654 -0.810468 0.04894300 0.33599779 -0.02452145 0.94027058
1780098041.486934 1.043546 -0.142645 -0.810465 0.02456287 0.35767525 -0.08014776 0.93007603
1780098042.744972 1.043544 -0.142649 -0.810463 0.02015923 0.38985747 -0.08369799 0.91684208
1780098043.022138 1.043559 -0.142653 -0.810464 0.02679360 0.42563114 -0.05119349 0.90305009
1780098043.867074 1.043550 -0.142654 -0.810462 0.04306497 0.40200288 -0.02172803 0.91436698
1780098044.422004 1.043547 -0.142650 -0.810462 0.03958532 0.37840465 -0.03568339 0.92410476
1780098045.830924 1.043527 -0.142657 -0.810465 0.05104241 0.34839839 -0.01350291 0.93585838
1780098045.978631 1.043512 -0.142674 -0.810466 0.05652071 0.29437093 -0.01781386 0.95385210
1780098046.113871 1.043518 -0.142690 -0.810451 0.06043466 0.22301249 -0.03367519 0.97235748
1780098046.258472 1.043459 -0.142676 -0.810437 0.06814092 0.17506591 -0.01365634 0.98210094
1780098046.395989 1.043431 -0.142677 -0.810431 0.07813449 0.13775514 0.04942655 0.98614174
1780098046.533820 1.043371 -0.142682 -0.810421 0.06702495 0.12676134 -0.02270032 0.98940584
1780098046.672051 1.043214 -0.142724 -0.810413 0.06358096 0.12699385 -0.05821111 0.98815054
1780098046.952156 1.043326 -0.142687 -0.810397 0.06596897 0.10729174 -0.05363981 0.99058536
1780098047.237134 1.043425 -0.142681 -0.810371 0.06278088 0.12857289 -0.06809733 0.98736535
1780098047.374668 1.043480 -0.142680 -0.810354 0.06376732 0.15543742 -0.03900695 0.98501340
1780098047.512525 1.043575 -0.142687 -0.810346 0.07079004 0.17549677 0.00771248 0.98190130
1780098047.512525 1.043577 -0.142687 -0.810347 0.07082813 0.17448158 0.00796333 0.98207746
1780098047.650860 1.043589 -0.142688 -0.810361 0.06607397 0.22089363 -0.00011154 0.97305715
1780098047.798259 1.043615 -0.142696 -0.810369 0.06292293 0.25975968 0.00149418 0.96361993
1780098047.936394 1.043549 -0.142709 -0.810388 0.05592855 0.32634214 -0.00151877 0.94359446
1780098048.093240 1.043540 -0.142705 -0.810374 0.06302717 0.41523233 0.03760506 0.90674999
1780098048.214302 1.043531 -0.142705 -0.810359 0.06275650 0.57051124 0.05920587 0.81674550
1780098048.352534 1.043586 -0.142683 -0.810343 0.03342357 0.71862918 0.04974267 0.69280634
1780098048.491823 1.043620 -0.142681 -0.810343 0.03881590 0.79538446 0.06550446 0.60130363
1780098048.628614 1.043637 -0.142678 -0.810365 0.02623768 0.82558467 0.05725084 0.56075295
1780098048.769177 1.043643 -0.142677 -0.810376 0.06080572 0.84616718 0.08470346 0.52261754
1780098049.055520 1.043616 -0.142688 -0.810372 0.10755331 0.85219783 0.11355473 0.49929597
1780098049.606356 1.043634 -0.142686 -0.810381 0.08742903 0.84409429 0.09998420 0.51948451
1780098050.307541 1.043653 -0.142689 -0.810370 0.05999580 0.84648839 0.08153658 0.52269465
1780098052.274399 1.043646 -0.142689 -0.810359 0.04273651 0.83246647 0.06917840 0.54807620
1780098052.699432 1.043640 -0.142681 -0.810384 0.04363485 0.85132097 0.07239825 0.51779059
1780098052.835196 1.043602 -0.142675 -0.810423 -0.00287321 0.92092801 0.06335873 0.38453739
1780098052.973353 1.043503 -0.142668 -0.810369 0.00263018 0.98014100 0.07630109 0.18301597
1780098053.113020 1.043507 -0.142671 -0.810356 -0.01637198 0.99114967 0.08118847 0.10374352
1780098053.259862 1.043521 -0.142713 -0.810347 0.04110529 0.99338085 0.09042180 0.05769524
1780098053.398778 1.043573 -0.142676 -0.810387 0.03746773 0.99541132 0.08522208 0.02212860
1780098053.539504 1.043591 -0.142658 -0.810413 0.02893827 0.99617510 0.08244797 0.00028191
1780098053.674729 1.043600 -0.142652 -0.810410 0.02558818 0.99634543 0.08148058 -0.00139614
1780098053.822089 1.043590 -0.142654 -0.810440 0.05400643 0.99504852 0.08241153 0.01304166
1780098053.955303 1.043598 -0.142644 -0.810435 0.05698221 0.99304854 0.08474722 0.05852803
1780098054.093180 1.043561 -0.142636 -0.810469 0.04476353 0.98913054 0.08273694 0.11301151
1780098054.233891 1.043522 -0.142622 -0.810559 0.03792326 0.96093554 0.08342629 0.26116042
1780098054.376410 1.043595 -0.142602 -0.810718 0.07356362 0.70612784 0.08059190 0.69962619
1780098054.514692 1.043773 -0.142594 -0.810736 0.08562112 0.42105442 0.08298473 0.89916391
1780098054.651384 1.043649 -0.142657 -0.810502 0.13727522 0.49746320 0.17123310 0.83926462
1780098054.793163 1.043517 -0.142684 -0.810436 0.10483360 0.46238584 0.11291848 0.87318879
1780098054.936872 1.043525 -0.142701 -0.810450 0.05038979 0.38606743 -0.01576612 0.92095833
1780098055.074373 1.043531 -0.142693 -0.810426 0.05047484 0.35205378 -0.02225822 0.93435272
1780098055.350048 1.043553 -0.142698 -0.810440 0.03644254 0.40127919 -0.02964660 0.91475026
1780098055.350048 1.043553 -0.142698 -0.810440 0.03644391 0.40127941 -0.02964328 0.91475022
1780098055.492675 1.043560 -0.142697 -0.810445 0.03581117 0.49638217 -0.00489515 0.86735133
1780098055.633258 1.043559 -0.142701 -0.810449 0.02597947 0.56985650 -0.00002423 0.82133345
1780098055.773307 1.043559 -0.142690 -0.810454 0.11855330 0.59280875 0.13743469 0.78462386
1780098056.049572 1.043562 -0.142697 -0.810464 0.05389425 0.61481010 0.04711626 0.78541964
1780098057.588309 1.043562 -0.142703 -0.810456 0.01977685 0.61266115 -0.00251688 0.79009421
1780098059.689698 1.043565 -0.142702 -0.810469 0.00522137 0.66594528 -0.00343600 0.74597441
1780098059.834173 1.043565 -0.142657 -0.810558 0.11106002 0.56853443 0.11234568 0.80734919
1780098059.978532 1.043512 -0.142639 -0.810604 0.05579540 0.75614597 0.06524369 0.64874757
1780098060.114971 1.043574 -0.142655 -0.810576 -0.02863536 0.86923559 0.03598017 0.49225494
1780098060.253144 1.043648 -0.142644 -0.810587 0.13866236 0.81657234 0.13228746 0.54450197
1780098060.389808 1.043721 -0.142642 -0.810603 0.17031867 0.70563309 0.15338825 0.67048157
1780098060.532883 1.043766 -0.142666 -0.810607 0.13074726 0.57634586 0.11672245 0.79818950
1780098060.671116 1.043717 -0.142682 -0.810574 0.06896578 0.48785541 0.02702674 0.86977605
1780098060.813220 1.043716 -0.142694 -0.810545 0.05769929 0.34944666 -0.01734907 0.93501702
1780098060.951432 1.043769 -0.142708 -0.810511 0.04357678 0.30154324 -0.05199198 0.95103605
1780098061.092005 1.043798 -0.142706 -0.810500 0.04387976 0.32252278 -0.02392944 0.94524124
1780098061.231187 1.043758 -0.142710 -0.810495 0.04723956 0.29330726 -0.03008705 0.95437626
1780098061.374978 1.043702 -0.142708 -0.810492 0.05031464 0.26713201 -0.03176939 0.96182100
1780098061.726386 1.043666 -0.142706 -0.810492 0.04860624 0.28722934 -0.02997609 0.95615803
1780098062.001222 1.043682 -0.142705 -0.810496 0.05185861 0.30356260 -0.01137094 0.95133124
1780098064.531813 1.043634 -0.142705 -0.810477 0.05523830 0.25362349 -0.02991685 0.96526102
1780098064.668928 1.043590 -0.142695 -0.810449 0.05656045 0.21015372 -0.04808248 0.97484584
1780098064.821891 1.043572 -0.142692 -0.810433 0.06005867 0.17417688 -0.04762495 0.98172666
1780098064.945972 1.043571 -0.142690 -0.810414 0.06069869 0.15191457 -0.06478938 0.98439828
1780098065.089750 1.043559 -0.142691 -0.810411 0.05866968 0.14137328 -0.07418089 0.98542816
1780098065.228190 1.043558 -0.142685 -0.810403 0.05877020 0.13262777 -0.06584001 0.98722897
1780098065.509691 1.043590 -0.142691 -0.810393 0.05811373 0.14676251 -0.07267658 0.98478509
1780098065.650029 1.043624 -0.142696 -0.810379 0.05409307 0.17123463 -0.08784729 0.97981401
1780098065.787739 1.043641 -0.142696 -0.810370 0.05410954 0.19288683 -0.05933466 0.97792956
1780098065.924895 1.043626 -0.142718 -0.810367 0.05507197 0.23707009 -0.02931542 0.96948721
1780098066.068251 1.043706 -0.142706 -0.810356 0.06420761 0.21649412 -0.00705302 0.97414472
1780098066.348528 1.043787 -0.142717 -0.810344 0.05227042 0.24729679 -0.05094743 0.96618656
1780098066.348528 1.043792 -0.142716 -0.810344 0.05232077 0.24554926 -0.05209706 0.96656815
1780098066.492482 1.043780 -0.142714 -0.810348 0.06157665 0.26624865 -0.02470499 0.96161824
1780098066.627701 1.043826 -0.142711 -0.810346 0.07261668 0.27480940 0.02325549 0.95847055
1780098066.915703 1.043835 -0.142739 -0.810348 0.05808312 0.30753997 -0.02496651 0.94943256
1780098067.047420 1.043771 -0.142707 -0.810354 0.07156745 0.34459041 0.02359085 0.93572380
1780098067.183896 1.043981 -0.142748 -0.810337 0.06529700 0.38647130 0.01050231 0.91992714
1780098067.324133 1.043946 -0.142752 -0.810340 0.06601086 0.40547087 0.02556302 0.91136297
1780098067.604953 1.044005 -0.142774 -0.810341 0.07040799 0.43348202 0.04170614 0.89743894
1780098067.746114 1.044047 -0.142782 -0.810323 0.01185049 0.50975409 -0.04409958 0.85910742
1780098067.883738 1.044042 -0.142768 -0.810298 -0.00816864 0.61825117 -0.03852852 0.78499320
1780098068.020688 1.044089 -0.142748 -0.810295 -0.04617966 0.67688963 -0.05884131 0.73227424
1780098068.191977 1.044102 -0.142755 -0.810297 0.00365846 0.72198163 0.00233753 0.69189860
1780098068.444702 1.044199 -0.142782 -0.810330 0.08057081 0.57438347 0.04674698 0.81326914
1780098068.581186 1.044402 -0.142860 -0.810335 0.01127335 0.53298325 -0.05012386 0.84456460
1780098068.721993 1.044405 -0.142865 -0.810321 0.04016304 0.47995800 -0.01770712 0.87619274
1780098069.034984 1.044545 -0.142897 -0.810329 0.03065917 0.49513547 -0.01922569 0.86806178
1780098069.282855 1.044734 -0.142920 -0.810321 0.04701095 0.50701731 -0.00099972 0.86065232
1780098069.419636 1.044833 -0.142923 -0.810325 0.04385140 0.50784699 0.01157163 0.86025263
1780098070.542814 1.045472 -0.142974 -0.810307 0.02459159 0.51696616 -0.01040957 0.85558920
1780098070.704844 1.045483 -0.142972 -0.810330 -0.02598830 0.58045480 -0.08467508 0.80946091
1780098070.822639 1.045651 -0.142992 -0.810315 0.10303840 0.62262159 0.11367965 0.76733459
1780098070.958979 1.045749 -0.142941 -0.810307 0.07939689 0.67256914 0.09300583 0.72986081
1780098071.104482 1.045875 -0.143013 -0.810308 0.05623841 0.62193404 0.06101129 0.77866098
1780098071.242305 1.045947 -0.143088 -0.810336 0.02959929 0.57404819 0.00455310 0.81827369
1780098071.379094 1.046065 -0.143031 -0.810331 0.01432624 0.55054373 -0.01165082 0.83460207
1780098071.667126 1.046137 -0.143069 -0.810313 0.02338333 0.51327177 -0.02789493 0.85745389
1780098071.981292 1.046120 -0.143020 -0.810314 0.05175657 0.49898124 0.03103580 0.86450897
1780098072.500412 1.046358 -0.143029 -0.810316 0.02738676 0.49137277 -0.01533580 0.87038358
1780098073.063242 1.046552 -0.143034 -0.810294 0.04780392 0.49334569 0.01991853 0.86829031
1780098073.308629 1.046677 -0.143105 -0.810273 0.04748218 0.48991486 0.01266693 0.87038407
1780098073.414721 1.046868 -0.143112 -0.810291 0.04511467 0.48972354 0.01689157 0.87054592
1780098073.555323 1.046936 -0.143099 -0.810282 0.06460350 0.48074759 0.05356701 0.87283373
1780098073.693180 1.046714 -0.143073 -0.810276 0.04031189 0.48941289 -0.00166483 0.87111837
1780098073.693180 1.046714 -0.143073 -0.810276 0.04031189 0.48941289 -0.00166483 0.87111837
1780098073.838012 1.046752 -0.143091 -0.810278 0.03540664 0.49298279 -0.00290712 0.86931346
1780098075.768094 1.047669 -0.143177 -0.810258 0.02972271 0.49308505 -0.01033466 0.86941181
1780098076.426601 1.048395 -0.143362 -0.810266 0.05783886 0.48548046 0.03390603 0.87167297
1780098076.705180 1.048744 -0.143435 -0.810267 0.05209457 0.49046805 0.02683511 0.86948670
1780098076.848347 1.048744 -0.143458 -0.810275 0.04656692 0.48572473 0.01055582 0.87280673
1780098077.413841 1.049297 -0.143484 -0.810256 0.04387288 0.48953174 0.02299873 0.87057734
1780098077.546696 1.049402 -0.143490 -0.810267 0.03998099 0.50659515 0.01130985 0.86118230
1780098077.686679 1.049347 -0.143506 -0.810321 0.02480188 0.56626027 -0.00156675 0.82385176
1780098077.826808 1.049456 -0.143581 -0.810368 0.03504136 0.60782453 0.02457677 0.79291703
1780098078.105658 1.049775 -0.143587 -0.810396 0.05298512 0.65411621 0.04785370 0.75301699
1780098078.248582 1.049908 -0.143603 -0.810376 0.05634871 0.67019447 0.06847548 0.73686858
1780098078.526254 1.050162 -0.143622 -0.810396 0.02566580 0.58918404 -0.00376224 0.80758237
1780098078.667405 1.050356 -0.143658 -0.810352 0.00342130 0.55526353 -0.02998323 0.83112677
1780098078.811954 1.050494 -0.143677 -0.810350 0.03308631 0.52362497 0.00324600 0.85129998
1780098079.230064 1.050858 -0.143786 -0.810346 0.04819298 0.48434300 0.02093452 0.87329894
1780098080.133358 1.051496 -0.143792 -0.810325 0.02833196 0.47452425 -0.02626347 0.87939426
1780098081.399135 1.052487 -0.143976 -0.810291 0.01194700 0.47271310 -0.05410139 0.87947293
1780098081.678002 1.052784 -0.144134 -0.810279 0.04920674 0.46656182 0.01250205 0.88303027
1780098081.815580 1.052788 -0.144060 -0.810277 0.02879679 0.46987961 -0.02526117 0.88189896
1780098081.952799 1.052960 -0.144164 -0.810290 0.03924796 0.46999121 -0.01006440 0.88174065
1780098082.655514 1.053443 -0.144190 -0.810254 0.03836776 0.46896230 -0.00060337 0.88238422
1780098082.938964 1.053611 -0.144328 -0.810272 0.06666841 0.45807722 0.03767130 0.88560796
1780098083.077769 1.053686 -0.144222 -0.810244 0.04101710 0.46926480 0.00739000 0.88207343
1780098083.497689 1.053919 -0.144276 -0.810241 0.03448600 0.46583185 0.00038802 0.88420091
1780098083.780194 1.054131 -0.144342 -0.810244 0.04877528 0.46214643 0.01507537 0.88533292
1780098084.340869 1.054424 -0.144319 -0.810233 0.04749087 0.46232326 0.02957670 0.88494465
1780098084.646996 1.054685 -0.144402 -0.810216 0.04695994 0.45827083 0.01455977 0.88745176
1780098085.184294 1.054980 -0.144385 -0.810187 0.03156304 0.46200621 -0.00405227 0.88630560
1780098085.600001 1.055237 -0.144437 -0.810206 0.03138950 0.45967899 -0.01770217 0.88735368
1780098085.740323 1.055211 -0.144428 -0.810239 0.04387549 0.51011037 0.01951299 0.85876748
1780098085.881792 1.055101 -0.144356 -0.810276 0.05508387 0.55677601 0.05226080 0.82718501
1780098086.018020 1.055104 -0.144387 -0.810386 0.04750975 0.56756424 0.03229958 0.82132235
1780098086.018020 1.055104 -0.144387 -0.810386 0.04750975 0.56756424 0.03229958 0.82132235
1780098086.297199 1.055150 -0.144391 -0.810390 0.05366410 0.60574142 0.05996752 0.79158157
1780098086.438406 1.055207 -0.144389 -0.810391 0.06678429 0.61768719 0.07184240 0.78028268
1780098086.857269 1.055354 -0.144397 -0.810405 0.02692542 0.62722216 0.02580167 0.77794708
1780098087.002266 1.055429 -0.144386 -0.810437 -0.02106659 0.68184775 -0.01747950 0.73098175
1780098087.138680 1.055487 -0.144384 -0.810458 0.03312967 0.74284207 0.05149050 0.66666094
1780098087.281093 1.055541 -0.144360 -0.810505 -0.02219143 0.77984614 0.01268770 0.62544908
1780098087.445933 1.055557 -0.144347 -0.810556 -0.07911263 0.84229669 -0.00338650 0.53316602
1780098087.559111 1.055621 -0.144326 -0.810602 -0.16974962 0.86609548 -0.03236927 0.46905854
1780098087.704094 1.055637 -0.144309 -0.810695 -0.10007728 0.87888532 0.01098475 0.46628797
1780098087.848983 1.055609 -0.144304 -0.810746 -0.01243221 0.92111822 0.06363833 0.38384478
1780098087.981361 1.055588 -0.144323 -0.810764 0.03545805 0.93443328 0.08274374 0.34457315
1780098088.123265 1.055617 -0.144316 -0.810731 -0.00498850 0.92373882 0.06481713 0.37746583
1780098088.248776 1.055660 -0.144312 -0.810679 -0.05977883 0.91100520 0.04165449 0.40590752
1780098088.402145 1.055610 -0.144352 -0.810526 -0.03037198 0.80802117 0.02376457 0.58788994
1780098088.540543 1.055516 -0.144403 -0.810449 -0.01954118 0.69963882 -0.00976649 0.71416264
1780098088.681566 1.055507 -0.144422 -0.810396 0.14623138 0.61729084 0.16648082 0.75488578
1780098088.964441 1.055681 -0.144402 -0.810443 0.07373859 0.65030338 0.08402894 0.75140353
1780098089.097456 1.055743 -0.144389 -0.810475 0.06496143 0.66176127 0.06918226 0.74368397
1780098089.243565 1.055788 -0.144425 -0.810473 0.11825009 0.68163256 0.12676985 0.71086101
1780098089.524609 1.055926 -0.144413 -0.810515 0.04640985 0.70903081 0.05736093 0.70130675
1780098089.666115 1.056004 -0.144418 -0.810536 0.06096417 0.75499865 0.07279358 0.64881546
1780098089.810990 1.056050 -0.144411 -0.810548 0.08721168 0.79049876 0.10219420 0.59754680
1780098089.950388 1.056130 -0.144421 -0.810573 0.06086747 0.81326864 0.08375184 0.57260361
1780098090.095685 1.056222 -0.144429 -0.810612 0.09696669 0.82484261 0.10562106 0.54687871
1780098090.224712 1.056271 -0.144393 -0.810663 0.07757605 0.86996013 0.09939330 0.47673084
1780098090.368289 1.056317 -0.144363 -0.810696 0.18711106 0.88414923 0.15384151 0.39950268
1780098090.511957 1.056314 -0.144354 -0.810763 0.18421139 0.88473368 0.15274676 0.39997614
1780098090.642796 1.056306 -0.144347 -0.810786 0.17574652 0.89801725 0.14342650 0.37697085
1780098090.926108 1.056338 -0.144338 -0.810803 0.10525796 0.92204869 0.11378132 0.35468407
1780098091.062017 1.056306 -0.144343 -0.810871 0.09075965 0.91681726 0.10298799 0.37496970
1780098091.209172 1.056294 -0.144308 -0.810879 0.13384111 0.93364962 0.11675467 0.31105190
1780098091.342877 1.056259 -0.144303 -0.810934 0.08203861 0.93930951 0.10086176 0.31748106
1780098091.342877 1.056253 -0.144302 -0.810934 0.08302416 0.93832408 0.10125220 0.32000455
1780098091.483104 1.056246 -0.144302 -0.810931 0.07487829 0.94400201 0.09743110 0.30620358
1780098091.766011 1.056278 -0.144301 -0.810945 0.05924306 0.94947998 0.09249721 0.29397667
1780098092.181645 1.056343 -0.144301 -0.810980 0.10554148 0.94782215 0.10839875 0.28061340
1780098093.934947 1.056389 -0.144291 -0.811004 0.02706494 0.95857507 0.08415648 0.27077483
1780098094.071509 1.056398 -0.144290 -0.811008 0.03876893 0.96358297 0.08568587 0.25032530
1780098094.350712 1.056396 -0.144287 -0.811014 0.06066723 0.96631729 0.09218165 0.23249285
1780098094.632073 1.056410 -0.144284 -0.811026 0.13613183 0.96321443 0.10724525 0.20538878
1780098094.772844 1.056420 -0.144268 -0.811048 0.09078418 0.97359096 0.09614984 0.18610235
1780098094.912009 1.056418 -0.144264 -0.811050 0.06213871 0.98065613 0.09053974 0.16203361
1780098095.051826 1.056402 -0.144254 -0.811060 0.05340918 0.98284305 0.08885659 0.15255000
1780098095.197807 1.056389 -0.144247 -0.811064 0.02922933 0.98699218 0.08402042 0.13391285
1780098095.334096 1.056365 -0.144238 -0.811068 0.05415745 0.98872878 0.08595063 0.10997666
1780098095.472854 1.056339 -0.144234 -0.811072 0.05480815 0.99050059 0.08520306 0.09297894
1780098095.619532 1.056303 -0.144227 -0.811083 0.07654813 0.99013830 0.08725184 0.07844513
1780098095.752789 1.056269 -0.144230 -0.811079 0.06544326 0.99122601 0.08648320 0.07555682
1780098096.029049 1.056287 -0.144241 -0.811081 0.04614060 0.99297697 0.08407224 0.06927950
1780098096.586497 1.056296 -0.144238 -0.811080 0.03063512 0.99309669 0.08243395 0.07762144
1780098097.431819 1.056336 -0.144245 -0.811071 -0.00941977 0.99356815 0.07864608 0.08092220
1780098097.683358 1.056350 -0.144246 -0.811069 -0.02823653 0.99234954 0.07648214 0.09271227
1780098097.786314 1.056365 -0.144254 -0.811072 0.04793933 0.98931216 0.08428746 0.10889851
1780098097.922387 1.056371 -0.144254 -0.811077 0.06207192 0.98666608 0.08636537 0.12319961
1780098098.300033 1.056367 -0.144242 -0.811072 0.04729810 0.98717375 0.08336934 0.12767314
1780098098.549534 1.056379 -0.144252 -0.811079 0.04101203 0.98609608 0.08449982 0.13708506
1780098098.689270 1.056434 -0.144262 -0.811092 0.03816238 0.97436867 0.08682267 0.20398814
1780098098.904797 1.056442 -0.144266 -0.811091 -0.01434067 0.97307868 0.07531177 0.21734847
1780098099.317933 1.056452 -0.144266 -0.811099 0.06975909 0.96863005 0.09528353 0.21865622
1780098099.886267 1.056496 -0.144264 -0.811124 0.01260339 0.97104433 0.07915281 0.22505310
1780098100.452054 1.056521 -0.144262 -0.811145 0.08239513 0.96614829 0.09921916 0.22343698
1780098101.020955 1.056569 -0.144271 -0.811170 0.02820157 0.96707778 0.08510893 0.23816321
1780098101.149728 1.056575 -0.144273 -0.811170 0.04924445 0.95579469 0.08999972 0.27555680
1780098101.286042 1.056604 -0.144273 -0.811170 -0.01007471 0.94944873 0.07196762 0.30539529
1780098101.562808 1.056628 -0.144263 -0.811181 0.01322970 0.93909766 0.07785310 0.33445397
1780098101.562808 1.056628 -0.144263 -0.811181 0.01327086 0.93905901 0.07786246 0.33455867
1780098102.123847 1.056647 -0.144267 -0.811187 0.05168105 0.93149898 0.09288501 0.34786648
1780098102.970953 1.056725 -0.144278 -0.811213 0.13127670 0.92540330 0.11812764 0.33532228
1780098103.673994 1.056797 -0.144285 -0.811241 0.06477092 0.93355145 0.09498974 0.33950460
1780098103.966425 1.056819 -0.144286 -0.811263 0.10320744 0.94040313 0.10738595 0.30570971
1780098104.090282 1.056828 -0.144282 -0.811268 0.08749888 0.94914545 0.09951650 0.28559295
1780098104.510026 1.056868 -0.144295 -0.811287 0.07394300 0.93898382 0.09985286 0.32073545
1780098104.652352 1.056891 -0.144296 -0.811290 0.06955199 0.93434002 0.09769955 0.33559803
1780098104.932359 1.056929 -0.144298 -0.811300 0.01903876 0.93258262 0.07989989 0.35148711
1780098105.214961 1.056960 -0.144297 -0.811316 0.08254834 0.93560488 0.10339736 0.32731983
1780098105.354995 1.056974 -0.144296 -0.811327 0.06552769 0.94145817 0.09450980 0.31690778
1780098105.630971 1.057005 -0.144291 -0.811338 0.08394251 0.94435041 0.10396159 0.30057935
1780098106.050117 1.057058 -0.144290 -0.811363 0.06623498 0.94864057 0.09866147 0.29318921
1780098106.614873 1.057105 -0.144280 -0.811388 0.09046687 0.95237703 0.10329332 0.27225764
1780098106.744446 1.057102 -0.144267 -0.811401 0.12714690 0.95924787 0.10886872 0.22765059
1780098106.899982 1.057103 -0.144264 -0.811408 0.15426061 0.96458280 0.11016211 0.18343388
1780098107.028292 1.057090 -0.144257 -0.811420 0.13694443 0.96933687 0.10452516 0.17523341
1780098107.308707 1.057100 -0.144246 -0.811428 0.08985405 0.97411106 0.09472959 0.18455407
1780098107.450246 1.057123 -0.144260 -0.811443 0.06830826 0.97494334 0.09389759 0.18974378
1780098107.729840 1.057145 -0.144248 -0.811460 0.05452554 0.97429202 0.09218874 0.19820006
1780098108.153795 1.057157 -0.144236 -0.811491 0.09961108 0.97390574 0.10037728 0.17750957
1780098108.289955 1.057178 -0.144231 -0.811499 0.06786165 0.98026725 0.09247263 0.16099604
1780098108.571511 1.057189 -0.144242 -0.811525 0.10736866 0.97805696 0.09974328 0.14808047
1780098108.714947 1.057191 -0.144237 -0.811535 0.12350001 0.97849104 0.09957589 0.13186231
1780098108.851285 1.057197 -0.144248 -0.811547 0.08262498 0.98526570 0.09271368 0.11759589
1780098108.990812 1.057197 -0.144247 -0.811563 0.11671653 0.98332108 0.09418063 0.10289271
1780098109.138572 1.057197 -0.144241 -0.811570 0.13828008 0.98139902 0.09613009 0.09216064
1780098109.409498 1.057201 -0.144231 -0.811601 0.07065289 0.98998026 0.08854435 0.08430387
1780098109.834546 1.057219 -0.144228 -0.811629 0.07992983 0.98998852 0.08906090 0.07484723
1780098110.248401 1.057226 -0.144207 -0.811665 0.05679090 0.99184220 0.08459761 0.07659689
1780098110.387729 1.057224 -0.144197 -0.811676 0.10310066 0.98759571 0.09136583 0.07534759
1780098111.027822 1.057234 -0.144179 -0.811726 0.01101014 0.99297217 0.08315360 0.08348969
1780098111.446204 1.057243 -0.144179 -0.811758 0.04031162 0.99251760 0.08621897 0.07648574
1780098111.446204 1.057243 -0.144179 -0.811758 0.04031162 0.99251760 0.08621897 0.07648574
1780098112.005977 1.057246 -0.144177 -0.811763 0.04885116 0.99212365 0.08588253 0.07699628
1780098112.561791 1.057262 -0.144168 -0.811796 0.02502513 0.99298325 0.08608337 0.07712106
1780098113.262128 1.057283 -0.144157 -0.811835 0.04479759 0.99235797 0.08614934 0.07613883
1780098113.822950 1.057299 -0.144140 -0.811863 0.03023890 0.99283966 0.08698980 0.07607757
1780098114.947931 1.057325 -0.144113 -0.811922 0.02617220 0.99276849 0.08763180 0.07775870
1780098115.645080 1.057340 -0.144110 -0.811954 0.06539293 0.99099450 0.08751746 0.07742327
1780098115.784380 1.057342 -0.144097 -0.811958 0.01388531 0.99297390 0.08684229 0.07917352
1780098116.480457 1.057352 -0.144075 -0.811987 0.04111249 0.99204977 0.08782173 0.08021443
1780098116.919684 1.057375 -0.144074 -0.812015 0.00364309 0.99117821 0.08428929 0.10221450
1780098117.052286 1.057387 -0.144063 -0.812021 0.01706262 0.99023839 0.08650172 0.10795484
1780098117.330101 1.057388 -0.144058 -0.812039 0.01098601 0.99116312 0.08587370 0.10050213
1780098117.465605 1.057393 -0.144048 -0.812042 0.03371733 0.99182415 0.08733304 0.08672339
1780098117.614201 1.057391 -0.144049 -0.812054 0.07598848 0.98982127 0.09011687 0.07974053
1780098117.741450 1.057395 -0.144043 -0.812061 0.04590163 0.99194161 0.08950347 0.07703252
1780098118.172158 1.057402 -0.144039 -0.812075 0.00975797 0.99186552 0.08624886 0.09310588
1780098118.312462 1.057411 -0.144033 -0.812084 0.01534153 0.99126527 0.08601038 0.09879277
1780098118.734763 1.057426 -0.144029 -0.812089 0.02256627 0.98780722 0.08786300 0.12652173
1780098118.860062 1.057425 -0.144025 -0.812089 0.06985703 0.98234649 0.09504808 0.14519378
1780098119.010872 1.057432 -0.144025 -0.812096 0.01523134 0.98270594 0.08764777 0.16240352
1780098119.150636 1.057439 -0.144023 -0.812097 0.00745713 0.98018173 0.08629814 0.17815950
1780098119.281299 1.057445 -0.144025 -0.812105 0.03915319 0.97863907 0.09013995 0.18057517
1780098119.429051 1.057457 -0.144027 -0.812105 0.02900871 0.97629060 0.08868727 0.19531955
1780098119.575633 1.057465 -0.144033 -0.812103 0.02219085 0.97016770 0.08700954 0.22519221
1780098119.707097 1.057474 -0.144036 -0.812100 0.00078545 0.96536115 0.08079307 0.24809216
1780098119.992527 1.057479 -0.144033 -0.812104 0.01677786 0.96914043 0.08516588 0.23072081
1780098120.124110 1.057486 -0.144020 -0.812105 0.06083686 0.96869940 0.09637090 0.22052891
1780098120.263646 1.057482 -0.144019 -0.812108 0.04394435 0.97209311 0.09221846 0.21118625
1780098120.402518 1.057485 -0.144026 -0.812113 0.00964255 0.97542741 0.08388630 0.20349808
1780098120.696876 1.057482 -0.144024 -0.812115 0.04656639 0.97666101 0.09102495 0.18888964
1780098123.629228 1.057464 -0.144027 -0.812108 0.04868060 0.98363969 0.09028492 0.14809388
1780098123.766386 1.057447 -0.144022 -0.812111 0.08984603 0.98651080 0.09265554 0.10069306
1780098123.905237 1.057448 -0.144016 -0.812118 0.05582986 0.99211991 0.08858241 0.06880596
1780098123.905237 1.057448 -0.144016 -0.812118 0.05582937 0.99211995 0.08858238 0.06880586
1780098124.046002 1.057446 -0.144013 -0.812123 0.11554610 0.98792457 0.09142046 0.04792120
1780098124.191060 1.057445 -0.144009 -0.812131 0.13079310 0.98644459 0.08944838 0.04265237
1780098124.328944 1.057454 -0.144003 -0.812139 0.05514975 0.99260220 0.08894063 0.06155442
1780098124.469308 1.057470 -0.144000 -0.812145 -0.03794745 0.99149470 0.08066017 0.09482719
1780098124.617301 1.057485 -0.143993 -0.812147 -0.05444943 0.98819795 0.07832376 0.11985603
1780098124.747638 1.057492 -0.143990 -0.812149 -0.03860564 0.98275261 0.07948943 0.16244491
1780098124.890295 1.057503 -0.143997 -0.812149 -0.07197306 0.96850777 0.06581028 0.22908861
1780098125.028713 1.057505 -0.143998 -0.812148 -0.13402568 0.93928699 0.03751086 0.31363994
1780098125.163275 1.057500 -0.144003 -0.812141 -0.13232181 0.90995372 0.02138858 0.39245088
1780098125.300778 1.057502 -0.144010 -0.812134 -0.20185409 0.85178795 -0.04024926 0.48175950
1780098125.446016 1.057500 -0.144008 -0.812123 -0.27122397 0.77244031 -0.13080606 0.55916303
1780098125.594722 1.057500 -0.144003 -0.812124 -0.22600459 0.71007713 -0.15290819 0.64910051
1780098125.734288 1.057497 -0.144004 -0.812128 -0.09201869 0.63498034 -0.09123151 0.76158344
1780098126.009325 1.057481 -0.144016 -0.812136 -0.15399277 0.74726231 -0.08212194 0.64120298
1780098126.146999 1.057484 -0.144015 -0.812141 -0.19731891 0.83706898 -0.04651336 0.50815085
1780098126.294873 1.057482 -0.144005 -0.812140 -0.08653701 0.90105893 0.03473284 0.42355375
1780098126.437232 1.057483 -0.144002 -0.812140 0.00726410 0.92132133 0.07828325 0.38077023
1780098126.709263 1.057499 -0.144009 -0.812139 -0.11202317 0.88031874 0.01510266 0.46071861
1780098126.844661 1.057495 -0.144012 -0.812135 -0.13755578 0.78566390 -0.04990164 0.60109938
1780098126.991622 1.057496 -0.144008 -0.812135 -0.13628874 0.67140840 -0.11716956 0.71896275
1780098127.545814 1.057494 -0.144012 -0.812142 -0.13457770 0.70523755 -0.09352457 0.68976953
1780098127.688661 1.057491 -0.144013 -0.812141 -0.16786240 0.80687542 -0.05560879 0.56363280
1780098127.834774 1.057495 -0.144012 -0.812141 -0.15735240 0.85353317 -0.02242276 0.49620416
1780098127.972347 1.057495 -0.144008 -0.812141 -0.11963066 0.88054378 0.00905557 0.45852933
1780098128.115906 1.057500 -0.144003 -0.812141 -0.09309594 0.89524072 0.02876250 0.43479871
1780098128.531384 1.057495 -0.144006 -0.812139 -0.07929575 0.86696137 0.02684896 0.49129350
1780098128.670924 1.057494 -0.144008 -0.812137 -0.10201711 0.84404517 0.00500987 0.52645528
1780098128.955306 1.057498 -0.144004 -0.812133 -0.01456628 0.84724747 0.05592462 0.52804544
1780098130.626533 1.057485 -0.144006 -0.812145 -0.11732025 0.89922891 0.02191725 0.42088356
1780098130.771073 1.057475 -0.144005 -0.812142 -0.08345804 0.94759313 0.05307309 0.30378489
1780098130.901572 1.057483 -0.143993 -0.812156 -0.00012018 0.96915431 0.08367918 0.23181395
1780098131.048125 1.057474 -0.143994 -0.812162 0.01163667 0.97966052 0.08514894 0.18132707
1780098131.048125 1.057474 -0.143994 -0.812162 0.01163699 0.97966047 0.08514899 0.18132732
1780098131.180016 1.057470 -0.143997 -0.812158 -0.02130636 0.98910563 0.08099546 0.12106127
1780098131.323949 1.057474 -0.143992 -0.812164 -0.00074112 0.99257637 0.08316281 0.08874429
1780098131.468541 1.057473 -0.143988 -0.812173 0.04849328 0.99252766 0.08705277 0.07042062
1780098131.610655 1.057475 -0.143979 -0.812181 0.03111078 0.99408801 0.08460176 0.06052840
1780098131.752177 1.057475 -0.143973 -0.812194 0.02401892 0.99461248 0.08494764 0.05434159
1780098132.041322 1.057478 -0.143967 -0.812208 0.00427404 0.99520539 0.08289213 0.05173839
1780098132.315292 1.057474 -0.143963 -0.812219 0.05481343 0.99308358 0.08646530 0.05748256
1780098132.729089 1.057478 -0.143951 -0.812236 0.03510765 0.99446990 0.08568873 0.04954302
1780098133.151330 1.057482 -0.143948 -0.812251 0.02464900 0.99511463 0.08417127 0.04532665
1780098133.705149 1.057485 -0.143933 -0.812266 0.00259554 0.99532877 0.08532807 0.04508907
1780098134.407941 1.057483 -0.143931 -0.812284 -0.00288354 0.99569515 0.08208881 0.04294517
1780098135.248664 1.057482 -0.143920 -0.812296 0.00834002 0.99530624 0.08513552 0.04525357
1780098136.023960 1.057473 -0.143920 -0.812314 -0.02215757 0.99538015 0.08256982 0.04369917
1780098136.161624 1.057432 -0.143934 -0.812316 -0.02354091 0.99592719 0.08060258 0.03283422
1780098136.303345 1.057423 -0.143917 -0.812318 0.12093625 0.98868123 0.08671224 0.01910089
1780098136.440881 1.057432 -0.143917 -0.812316 0.08116890 0.99316592 0.08383736 -0.00208837
1780098136.579350 1.057409 -0.143922 -0.812320 0.03776315 0.99585203 0.08257809 0.00579085
1780098136.870678 1.057396 -0.143905 -0.812325 0.01375611 0.99623636 0.08478560 0.01163156
1780098137.004102 1.057381 -0.143901 -0.812331 0.00332307 0.99589404 0.08418774 0.03311270
1780098137.134262 1.057399 -0.143914 -0.812339 0.00290381 0.99612440 0.08285340 0.02937804
1780098137.279515 1.057407 -0.143891 -0.812339 -0.01679861 0.99580253 0.08493866 0.02967417
1780098137.420973 1.057405 -0.143900 -0.812342 -0.02640260 0.99569252 0.08301811 0.03173789
1780098137.845860 1.057396 -0.143900 -0.812351 0.04139638 0.99505561 0.08488817 0.03073555
1780098138.124784 1.057387 -0.143899 -0.812352 -0.00336359 0.99587144 0.08372805 0.03490526
1780098138.674821 1.057378 -0.143896 -0.812363 0.01843661 0.99507410 0.08494336 0.04766812
1780098139.660859 1.057336 -0.143881 -0.812368 0.01076579 0.99424585 0.08660621 0.06211805
1780098139.799669 1.057331 -0.143911 -0.812378 -0.01075818 0.99485003 0.08257971 0.05777771
1780098139.941238 1.057328 -0.143898 -0.812375 0.04058478 0.99486058 0.08546363 0.03607326
1780098140.076743 1.057314 -0.143892 -0.812374 0.02931346 0.99546718 0.08561459 0.02925686
1780098140.214351 1.057326 -0.143896 -0.812380 0.00364678 0.99630690 0.08394021 0.01770045
1780098140.502780 1.057324 -0.143886 -0.812381 -0.02661764 0.99608220 0.08428655 -0.00274558
1780098140.637404 1.057313 -0.143874 -0.812383 -0.01038609 0.99636711 0.08443056 -0.00402311
1780098140.637404 1.057313 -0.143874 -0.812383 -0.01038609 0.99636711 0.08443056 -0.00402311
1780098140.775430 1.057313 -0.143873 -0.812384 -0.03619992 0.99557938 0.08392996 -0.02161074
1780098140.913836 1.057311 -0.143873 -0.812385 -0.03203796 0.99550439 0.08218731 -0.03449374
1780098141.055474 1.057311 -0.143874 -0.812387 -0.00394652 0.99569704 0.08262036 -0.04178164
1780098141.334968 1.057306 -0.143873 -0.812395 -0.02753059 0.99489738 0.08301339 -0.05029960
1780098141.476054 1.057296 -0.143872 -0.812403 -0.01930422 0.99464170 0.08313528 -0.05834179
1780098141.612660 1.057297 -0.143871 -0.812407 -0.03063258 0.99315288 0.08469604 -0.07440144
1780098141.753526 1.057288 -0.143867 -0.812414 -0.06231297 0.99118617 0.08506919 -0.08018917
1780098142.033506 1.057274 -0.143867 -0.812418 -0.07339877 0.98858797 0.08950918 -0.09640822
1780098142.173098 1.057276 -0.143862 -0.812420 -0.15922588 0.97389365 0.09749772 -0.12912194
1780098142.314544 1.057253 -0.143868 -0.812429 -0.05799237 0.98243816 0.08724667 -0.15440262
1780098142.467524 1.057240 -0.143863 -0.812433 -0.08906264 0.97635215 0.09204176 -0.17416270
1780098143.013696 1.057222 -0.143861 -0.812441 -0.11178670 0.97749930 0.09554976 -0.15122528
1780098144.908829 1.057131 -0.143844 -0.812488 -0.14850732 0.97337811 0.09922686 -0.14364769
1780098145.324776 1.057109 -0.143841 -0.812495 -0.16310113 0.97004380 0.10070049 -0.14923959
1780098145.469111 1.057105 -0.143837 -0.812499 -0.10185899 0.97379368 0.09423304 -0.18019644
1780098145.604821 1.057102 -0.143831 -0.812502 -0.12673301 0.96719883 0.10004953 -0.19610011
1780098145.745986 1.057099 -0.143830 -0.812503 -0.16020409 0.95905855 0.10572778 -0.20823779
1780098146.025388 1.057091 -0.143816 -0.812501 -0.12293041 0.96178988 0.10183056 -0.22243849
1780098146.308350 1.057071 -0.143843 -0.812513 -0.13946092 0.97543517 0.09302593 -0.14290929
1780098146.449449 1.057064 -0.143832 -0.812512 -0.17024330 0.97502804 0.09830520 -0.10331327
1780098146.593022 1.057070 -0.143831 -0.812509 -0.15867893 0.97940571 0.09524203 -0.08071184
1780098146.864783 1.057050 -0.143824 -0.812523 -0.09886252 0.98494573 0.09077852 -0.10893743
1780098147.144785 1.057041 -0.143819 -0.812530 -0.08365537 0.98468185 0.09135742 -0.12270797
1780098147.709161 1.057020 -0.143819 -0.812543 -0.12188896 0.97947799 0.09515581 -0.12927228
1780098148.829068 1.056986 -0.143800 -0.812562 -0.09690016 0.98285881 0.09298445 -0.12630441
1780098149.810896 1.056956 -0.143794 -0.812578 -0.06628229 0.98611656 0.08907556 -0.12347607
1780098150.514120 1.056931 -0.143796 -0.812593 -0.09977409 0.98337984 0.09048329 -0.12174562
1780098150.790931 1.056923 -0.143788 -0.812595 -0.08583930 0.98452527 0.09172245 -0.12218266
1780098151.210722 1.056924 -0.143782 -0.812596 -0.10770030 0.98270898 0.09477163 -0.11705571
1780098151.493519 1.056909 -0.143788 -0.812603 -0.10158520 0.98368667 0.09154547 -0.11687778
1780098151.912135 1.056904 -0.143772 -0.812604 -0.09612468 0.98457285 0.09346523 -0.11243046
1780098152.335277 1.056894 -0.143757 -0.812609 -0.12517277 0.97772146 0.09924020 -0.13617600
1780098152.335277 1.056894 -0.143757 -0.812609 -0.12517277 0.97772146 0.09924020 -0.13617599
1780098152.478745 1.056892 -0.143757 -0.812609 -0.13213181 0.97322792 0.10068158 -0.15884525
1780098152.615149 1.056892 -0.143759 -0.812609 -0.14155918 0.96734836 0.10490121 -0.18219188
1780098152.717533 1.056894 -0.143760 -0.812607 -0.11964280 0.96648713 0.10205315 -0.20291225
1780098152.827982 1.056894 -0.143765 -0.812605 -0.13951172 0.95358104 0.10999191 -0.24314905
1780098152.958073 1.056890 -0.143764 -0.812605 -0.14930176 0.93863981 0.11751580 -0.28784429
1780098153.103834 1.056884 -0.143764 -0.812603 -0.20468192 0.90827687 0.14253296 -0.33589104
1780098153.241032 1.056887 -0.143763 -0.812603 -0.23817255 0.86942692 0.16622735 -0.39967379
1780098153.374393 1.056883 -0.143763 -0.812603 -0.21131003 0.86190710 0.15778487 -0.43309140
1780098153.519846 1.056878 -0.143761 -0.812603 -0.24945631 0.83433092 0.18427576 -0.45574764
1780098153.795898 1.056867 -0.143759 -0.812604 -0.29162066 0.81086220 0.20855146 -0.46256477
1780098154.077552 1.056868 -0.143758 -0.812604 -0.25907289 0.84822675 0.17955825 -0.42561891
1780098157.996156 1.056874 -0.143761 -0.812606 -0.29174838 0.87761783 0.17616400 -0.33709951
1780098158.151188 1.056879 -0.143761 -0.812607 -0.20199057 0.93757415 0.12807677 -0.25248933
1780098158.283745 1.056879 -0.143759 -0.812613 -0.08650436 0.97398407 0.09401265 -0.18717280
1780098158.423292 1.056877 -0.143753 -0.812616 -0.15060240 0.97459852 0.10149300 -0.13105654
1780098158.565885 1.056881 -0.143753 -0.812617 -0.16975578 0.97483619 0.10035662 -0.10395155
1780098158.849808 1.056870 -0.143752 -0.812620 -0.22225201 0.96054584 0.11173393 -0.12438350
1780098158.993896 1.056858 -0.143753 -0.812620 -0.24078637 0.94411207 0.12640475 -0.18626908
1780098159.133549 1.056860 -0.143753 -0.812617 -0.26175048 0.90776963 0.15386733 -0.28942327
1780098159.263951 1.056859 -0.143754 -0.812617 -0.21484654 0.85284148 0.16226041 -0.44740802
1780098159.403679 1.056868 -0.143752 -0.812615 -0.11203685 0.75995760 0.10707767 -0.63122624
1780098159.539136 1.056866 -0.143749 -0.812617 0.02891532 -0.63324999 -0.01025218 0.77333903
1780098159.678288 1.056863 -0.143746 -0.812617 0.15997721 -0.54623665 -0.17555871 0.80325087
1780098159.953367 1.056860 -0.143744 -0.812619 0.17053385 -0.48882953 -0.20309060 0.83109452
1780098162.055599 1.056859 -0.143745 -0.812619 0.21384260 -0.51260271 -0.25730692 0.79076100
1780098163.742161 1.056864 -0.143751 -0.812617 -0.26986610 0.65782611 0.25896986 -0.65373673
1780098163.884808 1.056863 -0.143754 -0.812616 -0.25295175 0.82953551 0.18313003 -0.46297908
1780098164.021105 1.056858 -0.143751 -0.812618 -0.16924119 0.90836379 0.12605606 -0.36102979
1780098164.162282 1.056857 -0.143747 -0.812620 -0.19019207 0.92609172 0.12731905 -0.29995161
1780098164.299629 1.056853 -0.143748 -0.812623 -0.16835721 0.94137474 0.11554472 -0.26854957
1780098164.445131 1.056845 -0.143749 -0.812624 -0.19974023 0.93916954 0.11979378 -0.25241608
1780098164.579381 1.056840 -0.143747 -0.812625 -0.06063199 0.95608263 0.08508118 -0.27384478
1780098164.579381 1.056840 -0.143747 -0.812625 -0.05644923 0.95582918 0.08389739 -0.27598061
1780098164.866054 1.056836 -0.143745 -0.812626 -0.11106929 0.96071111 0.10161009 -0.23318052
1780098165.000934 1.056836 -0.143744 -0.812627 -0.16638417 0.95997505 0.11085774 -0.19614985
1780098165.144015 1.056834 -0.143741 -0.812629 -0.19014123 0.95943083 0.11415393 -0.17409099
1780098165.280401 1.056827 -0.143740 -0.812631 -0.16605072 0.96707072 0.10600477 -0.16113461
1780098165.562509 1.056819 -0.143734 -0.812638 -0.13143111 0.97408449 0.09887991 -0.15526763
1780098165.700773 1.056814 -0.143727 -0.812641 -0.10621595 0.98174918 0.09523018 -0.12576936
1780098165.848819 1.056810 -0.143725 -0.812647 -0.07882627 0.98737992 0.09037385 -0.10344025
1780098165.977482 1.056807 -0.143729 -0.812655 -0.00833944 0.99252198 0.08087768 -0.09104598
1780098166.119600 1.056811 -0.143729 -0.812650 -0.07438357 0.99051806 0.08754099 -0.07535010
1780098166.260504 1.056813 -0.143730 -0.812654 -0.05277295 0.99252125 0.08434770 -0.07072519
1780098166.540697 1.056810 -0.143727 -0.812654 -0.04300171 0.99246557 0.08529638 -0.07672987
1780098166.681744 1.056799 -0.143725 -0.812661 -0.05209574 0.99091070 0.08454181 -0.09074522
1780098166.822558 1.056798 -0.143719 -0.812658 0.00989580 0.99123141 0.08014803 -0.10458806
1780098166.960207 1.056794 -0.143715 -0.812659 -0.03572360 0.98975635 0.08591543 -0.10828078
1780098167.243644 1.056782 -0.143720 -0.812670 -0.03478437 0.98923426 0.08309232 -0.11533124
1780098167.384982 1.056782 -0.143710 -0.812666 -0.05801121 0.98764037 0.08781470 -0.11614550
1780098167.805747 1.056772 -0.143710 -0.812672 -0.09750716 0.98362361 0.09209954 -0.12039360
1780098167.906276 1.056766 -0.143715 -0.812680 -0.10630182 0.98130885 0.09175826 -0.13157993
1780098168.007893 1.056767 -0.143705 -0.812676 -0.03124189 0.98514540 0.08386651 -0.14655677
1780098168.158045 1.056764 -0.143700 -0.812678 -0.07043994 0.98151429 0.09068481 -0.15311490
1780098168.299268 1.056757 -0.143705 -0.812681 -0.08650672 0.97969562 0.09129470 -0.15613573
1780098168.573461 1.056752 -0.143700 -0.812682 -0.07847785 0.97929735 0.09191403 -0.16238760
1780098169.134981 1.056734 -0.143699 -0.812693 -0.09935491 0.97889483 0.09312711 -0.15238390
1780098169.277971 1.056726 -0.143707 -0.812699 -0.07081504 0.98464171 0.08622076 -0.13428298
1780098169.416224 1.056727 -0.143691 -0.812696 -0.08825276 0.98417620 0.09192340 -0.12312085
1780098169.555292 1.056725 -0.143697 -0.812702 -0.06334733 0.98720164 0.08734911 -0.11743158
1780098169.975394 1.056716 -0.143699 -0.812711 -0.06101950 0.98848609 0.08576240 -0.10870456
1780098170.262795 1.056707 -0.143700 -0.812716 -0.06426713 0.98727349 0.08490263 -0.11811998
1780098170.534814 1.056700 -0.143688 -0.812720 -0.09768758 0.98341143 0.09182550 -0.12217684
1780098171.241484 1.056680 -0.143696 -0.812733 -0.09952380 0.98318963 0.09020223 -0.12367990
1780098171.949527 1.056676 -0.143692 -0.812738 -0.05955174 0.98369479 0.08531138 -0.14669739
1780098172.076139 1.056667 -0.143691 -0.812740 -0.10531934 0.97392114 0.09352117 -0.17787422
1780098172.076139 1.056667 -0.143691 -0.812740 -0.10531934 0.97392114 0.09352117 -0.17787422
1780098172.212330 1.056665 -0.143691 -0.812741 -0.04745491 0.97264412 0.08160960 -0.21225298
1780098172.350523 1.056663 -0.143691 -0.812741 -0.00675128 0.96940550 0.07245702 -0.23442989
1780098172.637566 1.056659 -0.143689 -0.812742 -0.09167976 0.96989648 0.09537070 -0.20445063
1780098172.777555 1.056659 -0.143690 -0.812743 -0.16601815 0.96779300 0.10496557 -0.15747033
1780098172.913661 1.056653 -0.143684 -0.812746 -0.16934564 0.97276262 0.10280050 -0.12036198
1780098173.055914 1.056650 -0.143685 -0.812747 -0.18373605 0.97233105 0.10123463 -0.10278593
1780098173.197155 1.056647 -0.143685 -0.812749 -0.18451316 0.97123698 0.10186727 -0.11080020
1780098173.334290 1.056641 -0.143685 -0.812753 -0.12566283 0.97936752 0.09526174 -0.12638561
1780098173.617406 1.056639 -0.143681 -0.812754 -0.08275694 0.98261296 0.09039389 -0.13947046
1780098173.764431 1.056633 -0.143683 -0.812756 -0.11129903 0.97586223 0.09551073 -0.16181204
1780098173.894208 1.056628 -0.143676 -0.812759 -0.04137199 0.97875097 0.08532835 -0.18180749
1780098174.038453 1.056623 -0.143676 -0.812760 -0.10307448 0.97198447 0.09661626 -0.18784873
1780098174.176545 1.056624 -0.143679 -0.812759 -0.12778752 0.96776033 0.10039020 -0.19243729
1780098174.605683 1.056612 -0.143674 -0.812764 -0.11086338 0.97018811 0.09868738 -0.19158589
1780098174.733094 1.056607 -0.143676 -0.812768 -0.11413158 0.97631051 0.09615780 -0.15666987
1780098174.875560 1.056601 -0.143669 -0.812768 -0.14602704 0.97501603 0.10146628 -0.13313315
1780098175.013033 1.056599 -0.143673 -0.812770 -0.14039966 0.97801898 0.09852433 -0.11857389
1780098175.152918 1.056598 -0.143673 -0.812774 -0.12920139 0.98070833 0.09497877 -0.11179091
1780098175.434166 1.056596 -0.143667 -0.812774 -0.09185162 0.98608233 0.09133099 -0.10422842
1780098175.996428 1.056587 -0.143666 -0.812781 -0.11668396 0.98423585 0.09219358 -0.09573396
1780098176.833605 1.056579 -0.143656 -0.812788 -0.08676884 0.98750310 0.09032394 -0.09565764
1780098177.540817 1.056560 -0.143658 -0.812804 -0.02833075 0.98837622 0.08355538 -0.12380755
1780098177.679674 1.056557 -0.143653 -0.812805 -0.04106547 0.98565427 0.08600921 -0.13929000
1780098177.958995 1.056553 -0.143655 -0.812810 -0.06548383 0.98243224 0.08806886 -0.15093916
1780098178.521644 1.056542 -0.143650 -0.812816 -0.12484355 0.97481195 0.09883478 -0.15616478
1780098179.782583 1.056521 -0.143644 -0.812826 -0.11800841 0.97590595 0.09645755 -0.15613307
1780098180.473144 1.056504 -0.143639 -0.812833 -0.12527498 0.97495384 0.09942706 -0.15454920
1780098181.183475 1.056491 -0.143640 -0.812841 -0.10879032 0.97759926 0.09503572 -0.15307701
1780098181.463363 1.056486 -0.143638 -0.812843 -0.11652830 0.97668102 0.09733601 -0.15179277
1780098182.584412 1.056467 -0.143634 -0.812852 -0.11191654 0.97754704 0.09560301 -0.15078639
1780098183.277815 1.056455 -0.143630 -0.812857 -0.12596425 0.97550901 0.09975596 -0.15021297
1780098183.556898 1.056449 -0.143631 -0.812862 -0.12410533 0.97624081 0.09667269 -0.14901723
1780098183.556898 1.056449 -0.143631 -0.812862 -0.12410533 0.97624081 0.09667269 -0.14901723
1780098184.117252 1.056442 -0.143629 -0.812865 -0.10332735 0.97833538 0.09541953 -0.15191595
1780098184.821503 1.056431 -0.143626 -0.812871 -0.15166721 0.97200044 0.10368245 -0.14649964
1780098185.093002 1.056426 -0.143626 -0.812873 -0.10829084 0.97786260 0.09556023 -0.15141355
1780098185.518358 1.056420 -0.143625 -0.812877 -0.11602012 0.97709058 0.09558728 -0.15065326
1780098185.656753 1.056418 -0.143623 -0.812878 -0.13556628 0.97407609 0.10117046 -0.15020685
1780098185.957173 1.056416 -0.143625 -0.812880 -0.09573999 0.98064921 0.09182676 -0.14397508
1780098186.079987 1.056415 -0.143623 -0.812881 -0.11547941 0.98023350 0.09634470 -0.12854759
1780098186.217242 1.056414 -0.143624 -0.812882 -0.09470459 0.98405180 0.09151538 -0.11957440
1780098186.506559 1.056411 -0.143623 -0.812885 -0.10144596 0.98424611 0.09318917 -0.11083364
1780098186.932423 1.056407 -0.143620 -0.812888 -0.08365165 0.98645017 0.09116438 -0.10773822
1780098187.198835 1.056406 -0.143618 -0.812890 -0.13719950 0.98035774 0.09837163 -0.10197068
1780098187.476452 1.056405 -0.143616 -0.812892 -0.08450076 0.98624849 0.09119279 -0.10889174
1780098187.618192 1.056402 -0.143615 -0.812893 -0.13251068 0.97956358 0.09895464 -0.11447306
1780098187.760080 1.056402 -0.143614 -0.812893 -0.12652732 0.97712500 0.09665329 -0.14098123
1780098187.899332 1.056394 -0.143614 -0.812895 -0.09512946 0.97743512 0.09463444 -0.16314191
1780098188.038851 1.056389 -0.143611 -0.812896 -0.11219891 0.97210380 0.09851729 -0.18088655
1780098188.320718 1.056384 -0.143611 -0.812898 -0.12937852 0.96773494 0.10010103 -0.19165088
1780098188.454913 1.056382 -0.143611 -0.812898 -0.16468063 0.96086758 0.10992696 -0.19372621
1780098188.753713 1.056378 -0.143609 -0.812899 -0.17694548 0.95851067 0.11026511 -0.19439442
1780098189.019668 1.056373 -0.143607 -0.812900 -0.15716440 0.96164359 0.10799719 -0.19717392
1780098189.292767 1.056370 -0.143608 -0.812901 -0.17987733 0.95759472 0.11172927 -0.19537928
1780098189.854374 1.056361 -0.143606 -0.812904 -0.16017177 0.96194157 0.10809984 -0.19320415
1780098190.137933 1.056356 -0.143606 -0.812905 -0.17913257 0.95782750 0.11176673 -0.19490047
1780098190.287732 1.056353 -0.143606 -0.812906 -0.14365184 0.96065600 0.10544475 -0.21303895
1780098190.422363 1.056351 -0.143604 -0.812906 -0.18855296 0.95000925 0.11937730 -0.21835584
1780098190.700511 1.056346 -0.143608 -0.812907 -0.16539779 0.95261223 0.11205069 -0.22938648
1780098191.124206 1.056339 -0.143608 -0.812907 -0.21932785 0.93730786 0.12813396 -0.23860210
1780098191.261796 1.056336 -0.143608 -0.812906 -0.16578312 0.94229679 0.11670036 -0.26640899
1780098191.404753 1.056332 -0.143606 -0.812906 -0.07204597 0.95288849 0.09074990 -0.28031653
1780098191.540506 1.056330 -0.143607 -0.812906 -0.11951795 0.94491802 0.10376855 -0.28649170
1780098191.820524 1.056327 -0.143610 -0.812907 -0.12061440 0.94188323 0.10410364 -0.29575426
1780098192.100777 1.056325 -0.143608 -0.812907 -0.14634097 0.94934799 0.10936287 -0.25566085
1780098192.100777 1.056325 -0.143608 -0.812907 -0.16717456 0.93469741 0.11870309 -0.29034979
1780098192.253466 1.056323 -0.143609 -0.812908 -0.15386081 0.94404169 0.11168703 -0.26951464
1780098192.375165 1.056321 -0.143607 -0.812909 -0.22889089 0.93351665 0.13074681 -0.24302449
1780098192.657484 1.056319 -0.143608 -0.812910 -0.19494936 0.94408324 0.11925909 -0.23765281
1780098192.793334 1.056317 -0.143606 -0.812911 -0.23718402 0.93361320 0.13262766 -0.23349525
1780098193.076745 1.056315 -0.143607 -0.812912 -0.21832168 0.93782161 0.12651061 -0.23837228
1780098193.218396 1.056313 -0.143608 -0.812912 -0.19825311 0.93240125 0.12727358 -0.27408950
1780098193.358759 1.056310 -0.143606 -0.812912 -0.14274879 0.94235250 0.10899833 -0.28233652
1780098193.513144 1.056309 -0.143608 -0.812912 -0.15709160 0.94183966 0.11488750 -0.27397290
1780098193.631994 1.056308 -0.143609 -0.812912 -0.15337098 0.94311309 0.11328168 -0.27236427
1780098193.776128 1.056308 -0.143609 -0.812912 -0.26061916 0.89511391 0.16073104 -0.32405907
1780098193.920966 1.056306 -0.143609 -0.812912 -0.28395806 0.85127194 0.18628746 -0.40000111
1780098194.054884 1.056305 -0.143608 -0.812911 -0.13599437 0.84789937 0.11816747 -0.49860669
1780098194.201851 1.056305 -0.143608 -0.812910 -0.00472517 0.82446973 0.03473625 -0.56481919
1780098194.478461 1.056305 -0.143608 -0.812910 -0.17558469 0.83547727 0.14669339 -0.49962865
1780098194.618564 1.056304 -0.143608 -0.812911 -0.27367038 0.82943696 0.19465233 -0.44637352
1780098194.756177 1.056304 -0.143609 -0.812911 -0.22781990 0.85623765 0.16531463 -0.43315846
1780098195.041322 1.056304 -0.143609 -0.812911 -0.24965177 0.85712336 0.17283907 -0.41610118
1780098196.997917 1.056306 -0.143609 -0.812911 -0.19222481 0.86880315 0.14685210 -0.43204765
1780098197.421074 1.056308 -0.143609 -0.812911 -0.18447689 0.86695698 0.14230695 -0.44057077
1780098199.247464 1.056309 -0.143608 -0.812910 -0.21478200 0.81194444 0.16583306 -0.51683103
1780098199.380557 1.056311 -0.143609 -0.812910 -0.24410079 0.67345877 0.22820781 -0.65938554
1780098199.528420 1.056312 -0.143609 -0.812909 0.24453943 -0.46067195 -0.31877317 0.79143256
1780098199.745771 1.056311 -0.143611 -0.812908 0.25163095 -0.33707032 -0.42373502 0.80219330
1780098200.028916 1.056310 -0.143611 -0.812908 0.20648228 -0.50315432 -0.23815452 0.80466342
1780098200.131160 1.056309 -0.143611 -0.812909 0.23294233 -0.54950725 -0.25771528 0.75984373
1780098200.289881 1.056305 -0.143609 -0.812909 -0.32830784 0.77067452 0.24075948 -0.49021385
1780098200.451545 1.056304 -0.143609 -0.812909 -0.23841890 0.87580002 0.15879568 -0.38847738
1780098200.602046 1.056304 -0.143610 -0.812910 -0.25393356 0.90173617 0.15071152 -0.31571453
1780098200.751937 1.056304 -0.143610 -0.812910 -0.22170661 0.94007256 0.12492485 -0.22694392
1780098200.897702 1.056303 -0.143610 -0.812910 -0.19606047 0.96118720 0.11123639 -0.15907839
1780098201.066742 1.056304 -0.143611 -0.812911 -0.10501895 0.97806130 0.09478772 -0.15291305
1780098201.341990 1.056303 -0.143610 -0.812910 -0.12220730 0.97400380 0.09717168 -0.16413300
1780098201.341990 1.056303 -0.143610 -0.812910 -0.12220730 0.97400380 0.09717168 -0.16413300
1780098201.476356 1.056303 -0.143610 -0.812910 -0.10071825 0.97330334 0.09433883 -0.18340290
1780098201.621949 1.056303 -0.143610 -0.812909 -0.08485970 0.97581086 0.09161865 -0.17943805
1780098201.756806 1.056302 -0.143609 -0.812909 -0.08069133 0.97611152 0.09126323 -0.17990617
1780098202.036030 1.056304 -0.143609 -0.812908 -0.08646578 0.97481437 0.09339820 -0.18313216
1780098202.176381 1.056304 -0.143609 -0.812909 -0.10846589 0.97156336 0.09709221 -0.18674287
1780098202.315014 1.056305 -0.143609 -0.812909 -0.10076604 0.97263864 0.09566275 -0.18619589
1780098202.873568 1.056306 -0.143609 -0.812909 -0.15748053 0.96399952 0.10631150 -0.18601796
1780098204.004567 1.056306 -0.143607 -0.812910 -0.09964524 0.97137416 0.09410863 -0.19402738
1780098204.131613 1.056307 -0.143607 -0.812911 -0.06798253 0.97004004 0.08719868 -0.21632635
1780098204.282266 1.056307 -0.143608 -0.812912 -0.17735406 0.96115532 0.10871780 -0.18140129
1780098204.428819 1.056308 -0.143608 -0.812913 -0.23252607 0.94962050 0.11982488 -0.17261095
1780098204.562138 1.056310 -0.143607 -0.812915 -0.30433682 0.91795949 0.14499055 -0.20906268
1780098204.701238 1.056311 -0.143607 -0.812915 -0.20322283 0.94054780 0.12259480 -0.24298318
1780098204.852908 1.056311 -0.143605 -0.812915 -0.27572093 0.91774036 0.14173744 -0.24827626
1780098204.978839 1.056309 -0.143605 -0.812914 -0.23402700 0.94253832 0.12306604 -0.20422447
1780098205.120335 1.056308 -0.143605 -0.812914 -0.18991696 0.95391180 0.11190466 -0.20362016
1780098205.265119 1.056307 -0.143605 -0.812913 -0.11034570 0.97056345 0.09240313 -0.19311157
1780098205.402566 1.056305 -0.143608 -0.812913 -0.16104056 0.96125772 0.10846812 -0.19566347
1780098205.537778 1.056306 -0.143609 -0.812914 -0.27268212 0.89257416 0.16634213 -0.31825481
1780098205.677012 1.056307 -0.143608 -0.812913 -0.34567042 0.83742293 0.21403125 -0.36527444
1780098205.816325 1.056305 -0.143607 -0.812912 -0.26986115 0.87949146 0.16681204 -0.35474424
1780098205.952710 1.056308 -0.143609 -0.812912 -0.34254213 0.78216596 0.24144268 -0.46107128
1780098206.098374 1.056305 -0.143609 -0.812912 -0.20227181 0.82119743 0.16400033 -0.50776449
1780098206.236125 1.056305 -0.143608 -0.812911 -0.07471587 0.82950712 0.08424500 -0.54702674
1780098206.385305 1.056304 -0.143609 -0.812911 0.05033384 0.84997657 0.01060705 -0.52430318
1780098206.517406 1.056305 -0.143608 -0.812911 0.09782164 0.81610648 -0.03531225 -0.56846652
1780098206.938923 1.056306 -0.143608 -0.812911 0.02075615 0.85095125 0.02760022 -0.52410818
1780098208.198420 1.056306 -0.143608 -0.812911 -0.04633164 0.87581053 0.07361024 -0.47475344
1780098209.881588 1.056307 -0.143608 -0.812911 -0.02745180 0.87582201 0.06172083 -0.47788361
1780098212.130655 1.056306 -0.143608 -0.812911 -0.15609974 0.82903903 0.13491650 -0.51973522
1780098212.268197 1.056307 -0.143608 -0.812910 -0.29275896 0.74207316 0.23996389 -0.55320606
1780098212.409175 1.056308 -0.143609 -0.812911 0.22151884 -0.50807973 -0.26736092 0.78822746
1780098212.409175 1.056308 -0.143609 -0.812911 0.22151884 -0.50807973 -0.26736092 0.78822746
1780098212.553612 1.056313 -0.143608 -0.812912 0.10505376 -0.43543361 -0.08302437 0.89020685
1780098212.684433 1.056313 -0.143609 -0.812912 0.10888223 -0.39081889 -0.09229719 0.90933299
1780098212.974403 1.056311 -0.143609 -0.812911 0.13176892 -0.33959670 -0.16443760 0.91666314
1780098213.253328 1.056312 -0.143610 -0.812911 0.13247900 -0.28742391 -0.18148274 0.93107509
1780098213.399084 1.056310 -0.143611 -0.812909 0.13128953 -0.22161841 -0.21189570 0.94273461
1780098213.541610 1.056309 -0.143611 -0.812909 0.10864869 -0.17251447 -0.15159207 0.96718874
1780098213.667723 1.056308 -0.143611 -0.812908 0.09635933 -0.15437383 -0.09509766 0.97869302
1780098213.808457 1.056310 -0.143611 -0.812906 0.09550455 -0.11370684 -0.12010901 0.98159231
1780098213.960290 1.056313 -0.143611 -0.812907 0.08872545 -0.06911077 -0.08122525 0.99033023
1780098214.101847 1.056312 -0.143612 -0.812906 0.08396495 -0.01143616 -0.07086281 0.99388006
1780098214.233903 1.056310 -0.143611 -0.812902 0.08017143 0.02717260 -0.03860720 0.99566243
1780098214.375403 1.056314 -0.143611 -0.812903 0.07586949 0.06645688 -0.07549047 0.99203251
1780098214.523496 1.056316 -0.143612 -0.812903 0.07004294 0.09657323 -0.10627181 0.98715445
1780098214.659830 1.056316 -0.143611 -0.812903 0.07024782 0.11363111 -0.08230788 0.98761259
1780098214.798539 1.056314 -0.143611 -0.812902 0.07262822 0.13107544 -0.04734183 0.98757436
1780098214.935994 1.056314 -0.143610 -0.812902 0.07293071 0.13900674 -0.03570996 0.98695645
1780098215.367880 1.056316 -0.143610 -0.812901 0.07164938 0.12151796 -0.05535559 0.98845107
1780098215.492590 1.056317 -0.143611 -0.812902 0.07296587 0.10599292 -0.05493479 0.99016345
1780098215.625160 1.056316 -0.143612 -0.812901 0.07237164 0.08882801 -0.08580138 0.98970200
1780098215.770771 1.056314 -0.143611 -0.812901 0.07834655 0.07939619 -0.01290431 0.99367577
1780098215.913778 1.056314 -0.143609 -0.812901 0.08225318 0.06508595 0.05256294 0.99309384
1780098216.047519 1.056308 -0.143610 -0.812898 0.08142163 0.06115443 0.03118866 0.99431279
1780098216.186456 1.056310 -0.143610 -0.812898 0.08097799 0.05684980 0.02473310 0.99478588
1780098216.469124 1.056309 -0.143612 -0.812896 0.08321099 0.03613374 0.05640816 0.99427783
1780098216.607708 1.056308 -0.143613 -0.812895 0.08209717 0.03113807 0.02372405 0.99585523
1780098216.751091 1.056304 -0.143611 -0.812893 0.08041750 0.02466518 -0.00922118 0.99641338
1780098216.887959 1.056302 -0.143612 -0.812891 0.08111962 0.01525754 0.00943170 0.99654295
1780098217.023208 1.056298 -0.143612 -0.812890 0.07996597 0.02267153 -0.03946446 0.99575800
1780098217.304962 1.056297 -0.143611 -0.812887 0.08101082 0.01836904 0.01851198 0.99637198
1780098217.445041 1.056300 -0.143614 -0.812888 0.08251728 0.01232639 0.06396852 0.99445814
1780098217.586119 1.056299 -0.143609 -0.812885 0.08094987 0.01324273 0.06058398 0.99478708
1780098217.868895 1.056297 -0.143612 -0.812883 0.08252707 0.01269450 0.09150987 0.99229737
1780098217.868895 1.056297 -0.143612 -0.812883 0.08252707 0.01269450 0.09150987 0.99229737
1780098218.278980 1.056296 -0.143612 -0.812882 0.08113321 0.02200717 0.03312415 0.99590957
1780098218.561376 1.056296 -0.143613 -0.812880 0.08052466 0.04294403 -0.02486779 0.99551654
1780098218.701385 1.056296 -0.143613 -0.812879 0.08445732 0.03937793 0.09729217 0.99088373
1780098218.839247 1.056296 -0.143613 -0.812877 0.08581926 0.04273778 0.09115698 0.99121085
1780098218.981070 1.056296 -0.143613 -0.812876 0.08364977 0.04715122 0.06654010 0.99315250
1780098219.132638 1.056297 -0.143613 -0.812876 0.08403082 0.06048009 0.05982700 0.99282512
1780098219.265814 1.056299 -0.143613 -0.812876 0.08454129 0.07771397 0.05864236 0.99165235
1780098219.399824 1.056303 -0.143615 -0.812877 0.08423030 0.09448874 0.04251716 0.99104461
1780098219.545258 1.056306 -0.143612 -0.812876 0.09392526 0.08818090 0.16844586 0.97725543
1780098219.683724 1.056307 -0.143612 -0.812875 0.09097447 0.12641228 0.11409791 0.98118564
1780098219.824870 1.056309 -0.143611 -0.812875 0.08601300 0.13629555 0.07552199 0.98403339
1780098219.962429 1.056312 -0.143611 -0.812875 0.07162202 0.16084194 -0.01956855 0.98418353
1780098220.110291 1.056315 -0.143611 -0.812875 0.06304985 0.16570624 -0.06622044 0.98192719
1780098220.251732 1.056317 -0.143612 -0.812875 0.06377348 0.19201958 -0.04686359 0.97819488
1780098220.384667 1.056322 -0.143612 -0.812876 0.05785881 0.19805305 -0.07352323 0.97571599
1780098220.523083 1.056324 -0.143612 -0.812876 0.06640099 0.20339726 -0.02524347 0.97651586
1780098220.667871 1.056322 -0.143613 -0.812875 0.06607046 0.22216779 -0.02190955 0.97252051
1780098220.806607 1.056323 -0.143614 -0.812875 0.07896715 0.21752606 0.03111372 0.97235721
1780098221.084837 1.056324 -0.143613 -0.812875 0.06829032 0.24017051 -0.00772516 0.96829483
1780098221.224860 1.056325 -0.143614 -0.812874 0.08958688 0.22943452 0.07986403 0.96589634
1780098221.365167 1.056326 -0.143614 -0.812875 0.08383249 0.20208797 0.04837945 0.97457272
1780098221.502920 1.056327 -0.143612 -0.812873 0.07441768 0.21656858 0.01416484 0.97332390
1780098221.645155 1.056327 -0.143613 -0.812873 0.08001657 0.20706282 0.03558576 0.97440032
1780098221.784100 1.056329 -0.143615 -0.812874 0.08637034 0.17316129 0.05338848 0.97964535
1780098221.926795 1.056326 -0.143610 -0.812871 0.05589257 0.18144153 -0.08824643 0.97783821
1780098222.068397 1.056324 -0.143609 -0.812871 0.07066770 0.17327102 -0.00963600 0.98228834
1780098222.204608 1.056326 -0.143608 -0.812870 0.07192376 0.18671387 0.00280531 0.97977397
1780098222.362596 1.056328 -0.143606 -0.812870 0.07691992 0.21802832 0.04124249 0.97203191
1780098222.479355 1.056329 -0.143606 -0.812871 0.08783371 0.22581812 0.09013634 0.96600562
1780098222.620647 1.056329 -0.143604 -0.812870 0.09406305 0.23745142 0.12496608 0.95872438
1780098222.763551 1.056330 -0.143602 -0.812871 0.04821331 0.27282634 -0.04556298 0.95977356
1780098222.903815 1.056330 -0.143602 -0.812871 0.02273894 0.33204457 -0.09057684 0.93862942
1780098222.903815 1.056330 -0.143602 -0.812871 0.02273894 0.33204457 -0.09057684 0.93862942
1780098223.047321 1.056330 -0.143602 -0.812871 -0.09937507 0.45807508 -0.25806172 0.84480528
1780098223.182590 1.056331 -0.143602 -0.812872 -0.18420610 0.58832274 -0.24898705 0.74696045
1780098223.328654 1.056332 -0.143602 -0.812872 -0.16029832 0.65711757 -0.16898698 0.71689912
1780098223.460757 1.056333 -0.143602 -0.812873 -0.10680081 0.68106783 -0.10181020 0.71719933
1780098223.606052 1.056333 -0.143602 -0.812873 -0.01937683 0.65986606 -0.02183655 0.75081588
1780098223.744017 1.056332 -0.143602 -0.812873 -0.05732605 0.69278057 -0.04724271 0.71731230
1780098225.279767 1.056332 -0.143602 -0.812873 -0.06949655 0.69667208 -0.05732381 0.71171078
1780098226.548003 1.056332 -0.143603 -0.812873 -0.10475311 0.68277911 -0.10062391 0.71604071
1780098226.680305 1.056331 -0.143603 -0.812872 -0.07956251 0.66397681 -0.09030133 0.73800425
1780098226.821289 1.056330 -0.143602 -0.812871 -0.10552784 0.64022501 -0.13438272 0.74894399
1780098226.921672 1.056330 -0.143602 -0.812871 -0.09945563 0.58695779 -0.15785834 0.78782604
1780098227.035772 1.056329 -0.143602 -0.812871 -0.04087551 0.49519944 -0.13244986 0.85765013
1780098227.173356 1.056330 -0.143603 -0.812871 0.02917686 0.40951670 -0.04158389 0.91088724
1780098227.315608 1.056329 -0.143603 -0.812871 0.04781852 0.32992719 -0.02865603 0.94235889
1780098227.456694 1.056329 -0.143603 -0.812871 0.06427093 0.28628053 0.00391188 0.95597981
1780098227.596288 1.056330 -0.143602 -0.812871 0.07099721 0.23957700 0.01478438 0.96816511
1780098227.734251 1.056330 -0.143602 -0.812871 0.07768902 0.19149598 0.03880323 0.97764411
1780098227.875697 1.056330 -0.143602 -0.812871 0.07483595 0.16908454 0.01036000 0.98270172
1780098228.031865 1.056330 -0.143602 -0.812871 0.07179977 0.16560400 -0.01580705 0.98344814
1780098228.159265 1.056330 -0.143602 -0.812871 0.07389930 0.17556982 0.00336562 0.98168366
1780098228.294760 1.056330 -0.143602 -0.812871 0.06634829 0.19297132 -0.02490142 0.97864186
1780098228.433691 1.056331 -0.143602 -0.812871 0.06701342 0.20242689 -0.01812282 0.97683372
1780098228.576761 1.056331 -0.143602 -0.812870 0.07288463 0.20877417 0.01042312 0.97518846
1780098228.925522 1.056334 -0.143602 -0.812869 0.07449644 0.21536018 0.02451062 0.97338045
1780098229.483313 1.056338 -0.143602 -0.812869 0.06794221 0.22178969 -0.00997866 0.97267344
1780098230.046305 1.056341 -0.143603 -0.812868 0.07868259 0.22873859 0.03661309 0.96961188
1780098230.199136 1.056344 -0.143602 -0.812867 0.09817152 0.24422613 0.12052470 0.95717801
1780098230.328582 1.056346 -0.143602 -0.812867 0.09929841 0.26982087 0.12140784 0.95005087
1780098230.472286 1.056347 -0.143602 -0.812866 0.09315341 0.28813746 0.09238747 0.94855880
1780098230.755719 1.056350 -0.143602 -0.812866 0.08959120 0.30324091 0.08738342 0.94465999
1780098230.891331 1.056351 -0.143602 -0.812866 0.08516570 0.28582710 0.06742974 0.95210446
1780098231.034725 1.056352 -0.143603 -0.812866 0.07424640 0.26926277 0.02435026 0.95989171
1780098231.034725 1.056352 -0.143603 -0.812866 0.07424640 0.26926277 0.02435026 0.95989171
1780098231.172354 1.056353 -0.143603 -0.812866 0.06799569 0.26055907 0.00454889 0.96304977
1780098231.450859 1.056355 -0.143604 -0.812866 0.07699312 0.24305042 0.02140386 0.96671631
1780098231.594046 1.056356 -0.143603 -0.812865 0.07599399 0.24137028 0.03064264 0.96696759
1780098231.873925 1.056358 -0.143604 -0.812865 0.08085980 0.23867365 0.02848111 0.96730833
1780098232.145551 1.056359 -0.143604 -0.812865 0.10005161 0.22897810 0.12372948 0.96033834
1780098232.427330 1.056361 -0.143605 -0.812864 0.08931440 0.21529383 0.08674016 0.96858022
1780098232.576495 1.056362 -0.143606 -0.812864 0.09652521 0.18858248 0.12323616 0.96950110
1780098232.715865 1.056362 -0.143605 -0.812864 0.08897069 0.17861322 0.08740018 0.97598296
1780098232.991645 1.056365 -0.143605 -0.812863 0.10449870 0.19310108 0.16200495 0.96205322
1780098233.128311 1.056366 -0.143605 -0.812863 0.10666967 0.21478433 0.16577917 0.95655974
1780098233.300328 1.056368 -0.143605 -0.812863 0.10274263 0.23261181 0.13985787 0.95696159
1780098233.554523 1.056370 -0.143605 -0.812863 0.10533695 0.24905416 0.15146591 0.95075456
1780098233.831137 1.056372 -0.143605 -0.812862 0.11285449 0.25418054 0.16476759 0.94631272
1780098234.249846 1.056374 -0.143606 -0.812862 0.09750010 0.22936714 0.10386170 0.96285886
1780098234.393411 1.056375 -0.143606 -0.812862 0.08320024 0.21919329 0.06513866 0.96994277
1780098234.807395 1.056377 -0.143605 -0.812861 0.07481882 0.24589945 0.03077094 0.96591343
1780098234.969143 1.056379 -0.143604 -0.812861 0.10489438 0.24728371 0.15424283 0.95081916
1780098235.232664 1.056381 -0.143603 -0.812860 0.08862884 0.27454531 0.08989143 0.95325198
1780098235.818506 1.056384 -0.143604 -0.812860 0.09147942 0.24346752 0.09289105 0.96110683
1780098235.932058 1.056385 -0.143603 -0.812860 0.08420908 0.24194592 0.08050509 0.96327044
1780098236.213061 1.056387 -0.143603 -0.812859 0.08955490 0.22928511 0.08771563 0.96525345
1780098236.640116 1.056389 -0.143603 -0.812859 0.10522234 0.21048739 0.15537983 0.95941671
1780098236.771024 1.056390 -0.143602 -0.812858 0.09324869 0.18687185 0.12269678 0.97022116
1780098236.911665 1.056390 -0.143603 -0.812858 0.09491423 0.16815503 0.12871098 0.97270173
1780098237.051297 1.056390 -0.143602 -0.812858 0.08089457 0.16602813 0.05199782 0.98142089
1780098237.331609 1.056392 -0.143602 -0.812857 0.09343726 0.15050010 0.12720546 0.97592929
1780098237.747919 1.056394 -0.143602 -0.812856 0.09407510 0.17285875 0.12389811 0.97258367
1780098237.889789 1.056395 -0.143602 -0.812856 0.09594285 0.18483652 0.13357809 0.96891038
1780098238.170192 1.056397 -0.143601 -0.812856 0.09954994 0.19484546 0.14258029 0.96529577
1780098238.609854 1.056400 -0.143600 -0.812855 0.08690646 0.20799371 0.07598445 0.97129411
1780098239.116193 1.056402 -0.143601 -0.812854 0.08715892 0.21311711 0.08771051 0.96917041
1780098239.369513 1.056404 -0.143600 -0.812854 0.09420982 0.20710377 0.10781165 0.96778571
1780098239.369513 1.056404 -0.143600 -0.812854 0.09420982 0.20710377 0.10781165 0.96778571
1780098239.645544 1.056406 -0.143600 -0.812853 0.09096188 0.20726866 0.09997306 0.96890197
1780098240.337842 1.056409 -0.143600 -0.812852 0.09147560 0.20472422 0.10277044 0.96910187
1780098240.766521 1.056411 -0.143599 -0.812852 0.08623783 0.20498300 0.07716766 0.97190028
1780098241.052341 1.056413 -0.143599 -0.812851 0.09135364 0.20188785 0.11027037 0.96888403
1780098241.321711 1.056414 -0.143599 -0.812851 0.10058973 0.19728197 0.14337659 0.96457487
1780098241.890344 1.056417 -0.143599 -0.812850 0.09132422 0.20126738 0.10645567 0.96944238
1780098242.213039 1.056418 -0.143599 -0.812850 0.09631680 0.19816709 0.11917830 0.96811643
1780098242.391063 1.056419 -0.143599 -0.812849 0.08802017 0.22854322 0.07712058 0.96647445
1780098242.510613 1.056420 -0.143598 -0.812849 0.11744710 0.22466811 0.21059296 0.94412977
1780098242.793710 1.056422 -0.143598 -0.812849 0.10402617 0.21824063 0.15792697 0.95739681
1780098242.928528 1.056422 -0.143599 -0.812849 0.10563406 0.19542902 0.16457895 0.96102170
1780098243.074883 1.056422 -0.143598 -0.812849 0.09203697 0.19055722 0.11711415 0.97030996
1780098243.205662 1.056423 -0.143598 -0.812848 0.08950600 0.18480779 0.09897455 0.97367284
1780098243.363509 1.056423 -0.143598 -0.812848 0.09303667 0.17799662 0.10989138 0.97343991
1780098243.629346 1.056424 -0.143598 -0.812848 0.09587856 0.17147877 0.13481908 0.97119831
1780098243.771085 1.056425 -0.143598 -0.812847 0.08481423 0.19471753 0.07209767 0.97452222
1780098243.911176 1.056426 -0.143598 -0.812847 0.09699487 0.20792505 0.12673791 0.96503713
1780098244.192888 1.056428 -0.143596 -0.812847 0.09994253 0.22727820 0.14011386 0.95850103
1780098244.468904 1.056429 -0.143597 -0.812847 0.09652061 0.20623372 0.12373678 0.96583675
1780098244.612804 1.056429 -0.143596 -0.812846 0.08641859 0.20413804 0.08494929 0.97141294
1780098244.891723 1.056430 -0.143597 -0.812846 0.08780990 0.19209116 0.08249509 0.97395327
1780098245.034005 1.056431 -0.143597 -0.812846 0.08322117 0.19217820 0.06865553 0.97541181
1780098245.307615 1.056432 -0.143597 -0.812846 0.09148280 0.18447204 0.10240463 0.97319795
1780098246.011388 1.056434 -0.143596 -0.812845 0.09315929 0.18006146 0.11921070 0.97195063
1780098246.643276 1.056437 -0.143596 -0.812844 0.08885024 0.18117109 0.10336498 0.97396014
1780098246.787827 1.056438 -0.143595 -0.812843 0.08596409 0.19688389 0.07864444 0.97347931
1780098246.920377 1.056438 -0.143595 -0.812843 0.09211428 0.20377824 0.10427314 0.96908024
1780098247.202031 1.056440 -0.143595 -0.812843 0.09629732 0.21387103 0.12470782 0.96407156
1780098247.494795 1.056441 -0.143594 -0.812842 0.07974380 0.22463735 0.05440710 0.96964883
1780098247.899448 1.056443 -0.143594 -0.812842 0.07774860 0.22762623 0.04390971 0.96964601
1780098248.336207 1.056445 -0.143594 -0.812841 0.07971296 0.22602485 0.05432492 0.96933349
1780098248.603838 1.056446 -0.143594 -0.812841 0.07974098 0.22813821 0.05179432 0.96897455
1780098248.603838 1.056446 -0.143594 -0.812841 0.07974098 0.22813821 0.05179432 0.96897455
1780098248.882577 1.056447 -0.143594 -0.812841 0.09482265 0.21622745 0.11595033 0.96478489
1780098249.158972 1.056448 -0.143594 -0.812841 0.08553072 0.22241773 0.07518049 0.96827824
1780098249.443376 1.056449 -0.143594 -0.812841 0.07510282 0.22384034 0.04195365 0.97082180
1780098249.718259 1.056450 -0.143594 -0.812841 0.08809491 0.21473752 0.08783256 0.96871695
1780098250.075151 1.056451 -0.143594 -0.812840 0.09649516 0.21000901 0.12964814 0.96424907
1780098250.779400 1.056453 -0.143593 -0.812840 0.08610346 0.21540343 0.07462987 0.96985460
1780098251.105303 1.056454 -0.143593 -0.812840 0.08376427 0.21321034 0.07559091 0.97046943
1780098251.404597 1.056454 -0.143593 -0.812839 0.07983158 0.21397520 0.04731094 0.97242131
1780098251.689235 1.056455 -0.143593 -0.812839 0.09006148 0.20581430 0.10236546 0.96904629
1780098251.962609 1.056456 -0.143593 -0.812839 0.08840533 0.20895716 0.10182738 0.96858277
1780098252.107260 1.056456 -0.143593 -0.812839 0.04412519 0.25234781 -0.07998353 0.96331521
1780098252.218755 1.056456 -0.143593 -0.812839 0.02233917 0.28645313 -0.13272342 0.94859373
1780098252.383325 1.056456 -0.143592 -0.812839 -0.17772210 0.46376756 -0.38301251 0.77886836
1780098252.515571 1.056455 -0.143594 -0.812840 -0.25320037 0.57934665 -0.32332287 0.70406630
1780098252.657995 1.056449 -0.143597 -0.812842 0.03525595 0.38211618 -0.04401874 0.92239178
1780098252.794946 1.056447 -0.143598 -0.812842 0.03424316 0.36831805 -0.04688160 0.92788541
1780098252.936599 1.056446 -0.143600 -0.812843 0.04306912 0.32606704 -0.03831796 0.94358734
1780098253.075302 1.056445 -0.143600 -0.812843 0.04251604 0.31899632 -0.04603201 0.94568218
1780098253.220976 1.056445 -0.143599 -0.812843 0.06370263 0.31054740 0.01228390 0.94834139
1780098253.493738 1.056446 -0.143599 -0.812843 0.08018403 0.27452002 0.05534488 0.95663275
1780098254.203735 1.056445 -0.143600 -0.812843 0.06665601 0.29214038 0.02082405 0.95382249
1780098255.319586 1.056445 -0.143599 -0.812842 0.02446627 0.41043016 -0.05167233 0.91009805
1780098257.696244 1.056444 -0.143600 -0.812842 0.03663440 0.35057235 -0.04702625 0.93463655
1780098257.980933 1.056444 -0.143601 -0.812842 0.03277534 0.36115621 -0.05108682 0.93052786
1780098258.125688 1.056445 -0.143600 -0.812842 0.03794006 0.35676576 -0.04135936 0.93250638
1780098258.262137 1.056446 -0.143600 -0.812842 0.04098079 0.36391147 -0.03011860 0.93004402
1780098258.676148 1.056445 -0.143599 -0.812842 0.02682443 0.42153111 -0.03728274 0.90565003
1780098262.253172 1.056449 -0.143598 -0.812842 0.03888867 0.35778797 -0.04644734 0.93183587
1780098262.531391 1.056447 -0.143597 -0.812842 0.08734060 0.40965186 0.09196936 0.90338176
1780098262.808547 1.056446 -0.143598 -0.812842 0.08675305 0.41054869 0.09297144 0.90292857
1780098263.698522 1.056446 -0.143597 -0.812842 0.08548472 0.40905221 0.08613894 0.90440518
1780098264.314085 1.056447 -0.143597 -0.812842 0.11364863 0.42761186 0.14715432 0.88463421
1780098264.314085 1.056447 -0.143597 -0.812842 0.11364863 0.42761186 0.14715432 0.88463421
1780098266.401695 1.056447 -0.143597 -0.812842 0.09902724 0.44934122 0.11857507 0.87990115
1780098266.523429 1.056447 -0.143597 -0.812842 0.09488045 0.48342461 0.11182195 0.86301460
1780098266.658395 1.056447 -0.143597 -0.812842 0.11351855 0.50763151 0.14223556 0.84213588
1780098266.803605 1.056447 -0.143597 -0.812842 0.09054294 0.52913396 0.10573397 0.83704215
1780098266.938468 1.056447 -0.143597 -0.812842 0.01705867 0.56066714 -0.00049558 0.82786540
1780098267.088014 1.056447 -0.143597 -0.812842 -0.02125936 0.61716103 -0.02546018 0.78613744
1780098267.217082 1.056447 -0.143597 -0.812842 -0.05000342 0.70441813 -0.02183011 0.70768510
1780098267.378507 1.056447 -0.143597 -0.812842 -0.08791883 0.77730974 -0.02153478 0.62257216
1780098267.536149 1.056447 -0.143597 -0.812842 -0.10120336 0.81150013 -0.01557377 0.57531111
1780098267.637348 1.056447 -0.143597 -0.812842 -0.13560053 0.82708867 -0.02876721 0.54471027
1780098267.803021 1.056447 -0.143597 -0.812842 -0.10290651 0.85060104 0.00178225 0.51564032
1780098268.090919 1.056447 -0.143597 -0.812842 -0.07903128 0.85824286 0.01608461 0.50686737
1780098268.346192 1.056447 -0.143597 -0.812842 -0.11851581 0.80047607 -0.03002915 0.58676257
1780098268.481576 1.056447 -0.143597 -0.812842 0.07068902 0.68299986 0.09762684 0.72040492
1780098268.654407 1.056447 -0.143597 -0.812842 0.00491399 0.52789537 -0.03348561 0.84863481
1780098268.761296 1.056448 -0.143597 -0.812842 0.07328892 0.40702036 0.06828238 0.90791006
1780098268.862654 1.056448 -0.143597 -0.812842 0.05951369 0.41615244 0.03377752 0.90671624
1780098269.007881 1.056448 -0.143597 -0.812842 0.02740417 0.39034754 -0.05080380 0.91885624
1780098269.121220 1.056448 -0.143597 -0.812842 0.07583804 0.38880360 0.06418058 0.91594826
1780098269.250586 1.056448 -0.143597 -0.812842 0.12782403 0.36432276 0.18794913 0.90310856
1780098269.431090 1.056448 -0.143597 -0.812842 0.15513126 0.33027123 0.26727829 0.89186183
1780098269.595766 1.056448 -0.143597 -0.812842 0.11888689 0.38074368 0.16545430 0.90195622
1780098269.742794 1.056448 -0.143597 -0.812842 0.10825785 0.41194911 0.14251199 0.89345873
1780098269.876501 1.056448 -0.143597 -0.812842 0.11091422 0.43818161 0.14863157 0.87954737
1780098270.022228 1.056448 -0.143597 -0.812842 0.11398222 0.46306053 0.15805486 0.86463961
1780098270.297110 1.056449 -0.143597 -0.812842 0.06275946 0.52798839 0.06809758 0.84418732
1780098270.398392 1.056449 -0.143597 -0.812842 0.10413967 0.55142178 0.13036529 0.81737008
1780098270.548128 1.056449 -0.143596 -0.812842 0.03850957 0.57702726 0.04628757 0.81450231
1780098270.653000 1.056449 -0.143596 -0.812842 0.02044855 0.61322952 0.03081381 0.78903861
1780098270.931361 1.056449 -0.143596 -0.812842 -0.01771577 0.67272690 0.00252282 0.73967446
1780098271.213923 1.056450 -0.143596 -0.812842 -0.09474572 0.68111066 -0.07417692 0.72222524
1780098271.629800 1.056450 -0.143596 -0.812842 0.05316709 0.56055273 0.06456316 0.82388439
1780098271.629800 1.056450 -0.143596 -0.812842 0.05316709 0.56055273 0.06456316 0.82388439
1780098271.774298 1.056450 -0.143596 -0.812842 0.00171196 0.43697214 -0.06897735 0.89682470
1780098271.916268 1.056450 -0.143596 -0.812842 0.04526250 0.34037077 -0.01780131 0.93903257
1780098272.078595 1.056450 -0.143596 -0.812842 0.08890680 0.28446533 0.10431719 0.94883770
1780098272.192143 1.056450 -0.143596 -0.812841 0.09997954 0.25628751 0.14963840 0.94969951
1780098272.409002 1.056450 -0.143596 -0.812841 0.09390187 0.23983224 0.11453968 0.95944963
1780098272.704165 1.056451 -0.143595 -0.812841 0.10560200 0.23599664 0.16753286 0.95136037
1780098272.975417 1.056452 -0.143595 -0.812841 0.11470016 0.24259902 0.20121131 0.94207409
1780098273.541893 1.056453 -0.143594 -0.812841 0.09702640 0.25906797 0.13604061 0.95129523
1780098274.645685 1.056456 -0.143593 -0.812840 0.10559566 0.24878025 0.16005528 0.94938941
1780098274.788971 1.056456 -0.143593 -0.812840 0.09554126 0.25504795 0.13222250 0.95306853
1780098275.669146 1.056458 -0.143592 -0.812840 0.10647891 0.24463399 0.18041243 0.94671422
1780098276.256756 1.056458 -0.143592 -0.812840 0.10439486 0.20263636 0.18319794 0.95628381
1780098276.392015 1.056457 -0.143592 -0.812840 0.10902631 0.14241544 0.23060609 0.95637437
1780098276.547879 1.056457 -0.143592 -0.812840 0.10679223 0.08595983 0.28245953 0.94943296
1780098276.683982 1.056456 -0.143593 -0.812840 0.10006571 0.07054476 0.24095112 0.96278391
1780098276.807908 1.056456 -0.143593 -0.812840 0.09244533 0.05433645 0.19639197 0.97464435
1780098276.955675 1.056457 -0.143592 -0.812840 0.07244610 -0.12941128 0.11829275 0.98184067
1780098277.105606 1.056458 -0.143592 -0.812840 0.15332286 -0.68442533 -0.12497114 0.70173804
1780098277.248561 1.056458 -0.143591 -0.812839 -0.07816233 0.84785410 0.07114116 -0.51958928
1780098277.376395 1.056458 -0.143591 -0.812840 -0.05422005 0.87878930 0.06176275 -0.47007970
1780098277.515895 1.056457 -0.143592 -0.812840 -0.12389037 0.90684877 0.09660227 -0.39108118
1780098277.658980 1.056457 -0.143592 -0.812840 -0.13759839 0.91577430 0.10297518 -0.36307055
1780098277.798642 1.056457 -0.143592 -0.812840 -0.18451288 0.91725385 0.11847883 -0.33251036
1780098278.080794 1.056456 -0.143593 -0.812840 -0.11715856 0.93477626 0.09160931 -0.32260649
1780098278.225898 1.056456 -0.143593 -0.812840 -0.15339364 0.92970206 0.10905258 -0.31659439
1780098278.360560 1.056456 -0.143593 -0.812840 -0.12826977 0.94257777 0.09938709 -0.29191816
1780098278.503936 1.056455 -0.143593 -0.812840 -0.11038412 0.95892503 0.08997332 -0.24532210
1780098278.640561 1.056455 -0.143594 -0.812840 -0.22304265 0.94326174 0.12033272 -0.21454441
1780098278.777130 1.056454 -0.143593 -0.812840 -0.18399073 0.94722077 0.11102822 -0.23789277
1780098278.926199 1.056454 -0.143594 -0.812840 -0.15499766 0.94925369 0.10433064 -0.25299859
1780098279.063261 1.056454 -0.143594 -0.812840 -0.15369187 0.94784934 0.10477167 -0.25881138
1780098279.197225 1.056454 -0.143594 -0.812840 -0.08209819 0.95763336 0.08531427 -0.26252565
1780098279.197225 1.056454 -0.143594 -0.812840 -0.08209819 0.95763336 0.08531427 -0.26252565
1780098279.346567 1.056453 -0.143594 -0.812841 -0.09120753 0.96616950 0.08470242 -0.22588314
1780098279.499099 1.056453 -0.143594 -0.812841 -0.19084806 0.95471037 0.11021766 -0.19989294
1780098279.622856 1.056453 -0.143594 -0.812841 -0.19504306 0.95592756 0.10891646 -0.19052013
1780098279.906278 1.056453 -0.143595 -0.812841 -0.20129732 0.95607007 0.10865103 -0.18331493
1780098280.068630 1.056452 -0.143595 -0.812841 -0.15166713 0.96066926 0.10183565 -0.20914387
1780098280.187104 1.056452 -0.143595 -0.812841 -0.15145957 0.95737393 0.10102599 -0.22425186
1780098280.323412 1.056452 -0.143595 -0.812841 -0.16299738 0.95245305 0.10487529 -0.23508769
1780098280.626205 1.056452 -0.143595 -0.812841 -0.13541347 0.95254327 0.10077263 -0.25331679
1780098280.750377 1.056451 -0.143595 -0.812841 -0.13432886 0.95259398 0.09690751 -0.25520462
1780098280.889741 1.056451 -0.143596 -0.812841 -0.17245631 0.94986632 0.10767640 -0.23752597
1780098281.026992 1.056451 -0.143596 -0.812841 -0.23437294 0.89686259 0.14698939 -0.34511003
1780098281.208582 1.056450 -0.143596 -0.812841 0.04338073 0.87983400 0.02099089 -0.47283150
1780098281.342951 1.056450 -0.143597 -0.812841 0.15829128 0.75502370 -0.12057077 -0.62477658
1780098281.450886 1.056450 -0.143596 -0.812841 -0.12933392 -0.64413153 0.19029202 0.72949041
1780098281.591911 1.056450 -0.143597 -0.812841 -0.10155427 -0.64545795 0.14714051 0.74257689
1780098281.731918 1.056449 -0.143597 -0.812841 -0.05885736 -0.48291476 0.21475153 0.84688306
1780098281.884944 1.056449 -0.143597 -0.812841 -0.00169555 -0.40644297 0.17211321 0.89731727
1780098282.009909 1.056449 -0.143597 -0.812841 0.02890983 -0.33982743 0.13650785 0.93007911
1780098282.155106 1.056448 -0.143597 -0.812841 0.03129722 -0.24359986 0.21881893 0.94435050
1780098282.293237 1.056448 -0.143597 -0.812841 0.04908078 -0.17401811 0.21950815 0.95871004
1780098282.428158 1.056448 -0.143598 -0.812841 0.02692835 -0.29333129 0.18061695 0.93840777
1780098282.569983 1.056447 -0.143598 -0.812841 0.05761440 -0.37475248 0.04136359 0.92440803
1780098282.720595 1.056447 -0.143598 -0.812841 0.11900309 -0.34363077 -0.10923400 0.92510761
1780098282.902433 1.056447 -0.143598 -0.812841 0.25452866 -0.64661809 -0.23448411 0.67979218
1780098283.064757 1.056447 -0.143598 -0.812841 -0.33430388 0.90641888 0.15177534 -0.20883002
1780098283.216053 1.056447 -0.143597 -0.812841 -0.19072021 0.96853710 0.10271592 -0.12251990
1780098283.350782 1.056447 -0.143597 -0.812841 -0.20011987 0.96611210 0.10545347 -0.12433426
1780098283.504435 1.056447 -0.143597 -0.812841 -0.20012347 0.96481171 0.10765850 -0.13228235
1780098283.632881 1.056448 -0.143597 -0.812841 -0.15910089 0.97214045 0.10140629 -0.13909211
1780098284.050116 1.056448 -0.143598 -0.812841 -0.16570441 0.97176338 0.10225560 -0.13327330
1780098286.796519 1.056447 -0.143598 -0.812841 -0.21357264 0.96259810 0.10764523 -0.12729544
1780098287.234419 1.056447 -0.143598 -0.812841 -0.24240317 0.95334777 0.11363799 -0.13948167
1780098287.234419 1.056447 -0.143598 -0.812841 -0.24240317 0.95334777 0.11363799 -0.13948167
1780098287.350778 1.056447 -0.143598 -0.812841 -0.24369963 0.95481401 0.11174479 -0.12827238
1780098287.494833 1.056447 -0.143598 -0.812841 -0.26269149 0.94955539 0.11559155 -0.12639749
1780098287.597549 1.056447 -0.143598 -0.812841 -0.25382941 0.95170529 0.11480657 -0.12902372
1780098287.720084 1.056447 -0.143598 -0.812840 -0.26166016 0.94792317 0.11880682 -0.13733377
1780098287.853976 1.056447 -0.143598 -0.812841 -0.12255839 0.97527732 0.09964799 -0.15454405
1780098287.990880 1.056447 -0.143598 -0.812841 -0.14411976 0.97550768 0.10017305 -0.13258819
1780098288.123159 1.056447 -0.143598 -0.812841 -0.18078436 0.96828713 0.10485925 -0.13689990
1780098288.265551 1.056447 -0.143598 -0.812841 -0.21107088 0.96299507 0.10789282 -0.12825253
1780098288.691484 1.056447 -0.143598 -0.812841 -0.22887296 0.95944832 0.10958569 -0.12274794
1780098288.832415 1.056447 -0.143598 -0.812841 -0.22477805 0.96021599 0.10963078 -0.12426250
1780098288.969953 1.056447 -0.143598 -0.812841 -0.22362592 0.95960835 0.11045029 -0.13016910
1780098289.250418 1.056447 -0.143598 -0.812841 -0.23889632 0.95716097 0.11188963 -0.11938227
1780098289.539601 1.056447 -0.143598 -0.812841 -0.18350257 0.96881749 0.10418907 -0.12986191
1780098289.681120 1.056447 -0.143598 -0.812841 -0.16751096 0.97256719 0.10117001 -0.12576873
1780098289.815089 1.056447 -0.143598 -0.812841 -0.20067307 0.96617192 0.10547894 -0.12294851
1780098290.104204 1.056447 -0.143598 -0.812841 -0.25764983 0.95240136 0.11185747 -0.11847414
1780098290.240781 1.056447 -0.143598 -0.812841 -0.22963447 0.95977098 0.10841952 -0.11980349
1780098293.417161 1.056447 -0.143598 -0.812841 -0.21039130 0.96366410 0.10719638 -0.12488370
1780098293.540905 1.056447 -0.143598 -0.812841 -0.23952532 0.95501437 0.11352927 -0.13298975
1780098293.677473 1.056448 -0.143598 -0.812841 -0.25767080 0.95385207 0.11059839 -0.10742436
1780098293.822366 1.056448 -0.143597 -0.812841 -0.22012300 0.96797311 0.09805837 -0.07041647
1780098293.969099 1.056448 -0.143597 -0.812841 -0.15819543 0.98160032 0.09203557 -0.05444688
1780098294.096137 1.056448 -0.143597 -0.812841 -0.20424504 0.97351979 0.09380496 -0.04175910
1780098294.236712 1.056448 -0.143597 -0.812841 -0.26193422 0.95991963 0.09349339 -0.03469515
1780098294.421442 1.056448 -0.143597 -0.812841 -0.19376369 0.97651064 0.08846946 -0.03249243
1780098294.588061 1.056448 -0.143597 -0.812841 -0.23592937 0.96752449 0.08853178 -0.01989531
1780098294.727937 1.056448 -0.143597 -0.812841 -0.27398384 0.95706213 0.09167389 -0.02368197
1780098294.876362 1.056448 -0.143597 -0.812841 -0.30507839 0.94719840 0.09413091 -0.02969398
1780098295.022774 1.056448 -0.143597 -0.812841 -0.28092266 0.95310204 0.09919378 -0.05328756
1780098295.173220 1.056448 -0.143597 -0.812841 -0.29434630 0.94712309 0.10274410 -0.07590626
1780098295.293091 1.056448 -0.143597 -0.812841 -0.25447026 0.95533796 0.10593839 -0.10654263
1780098295.437410 1.056448 -0.143597 -0.812841 -0.29903329 0.93396941 0.12226384 -0.15274743
1780098295.437410 1.056448 -0.143597 -0.812841 -0.29903329 0.93396941 0.12226384 -0.15274743
1780098295.573343 1.056448 -0.143597 -0.812841 -0.29076790 0.93442862 0.12296075 -0.16485701
1780098295.741224 1.056448 -0.143597 -0.812841 -0.28521045 0.93242035 0.12629810 -0.18247211
1780098295.903381 1.056447 -0.143598 -0.812841 -0.17251512 0.94941203 0.10870497 -0.23882749
1780098296.063148 1.056447 -0.143598 -0.812841 -0.16428617 0.94748565 0.10647433 -0.25287194
1780098296.241538 1.056447 -0.143598 -0.812841 -0.09717576 0.95535366 0.08730389 -0.26501751
1780098296.490874 1.056448 -0.143597 -0.812841 -0.07927404 0.94878526 0.08242959 -0.29449536
1780098299.865936 1.056448 -0.143597 -0.812841 -0.21126064 0.93369042 0.12010420 -0.26299455
1780098300.000211 1.056447 -0.143598 -0.812841 -0.21137162 0.93226586 0.12188160 -0.26710911
1780098300.144703 1.056448 -0.143598 -0.812841 -0.18527801 0.91803096 0.12037594 -0.32924284
1780098300.284357 1.056448 -0.143597 -0.812841 -0.02663197 0.87977493 0.04667457 -0.47234340
1780098300.422725 1.056448 -0.143598 -0.812841 -0.14266938 0.71918003 0.11486378 -0.67024760
1780098300.560262 1.056448 -0.143598 -0.812841 0.03718187 -0.59178168 0.02033942 0.80498339
1780098300.703156 1.056447 -0.143598 -0.812841 0.10918971 0.70818809 -0.13489155 -0.68436212
1780098300.841722 1.056447 -0.143598 -0.812840 0.05189151 0.71110027 -0.08355845 -0.69617646
1780098300.982522 1.056447 -0.143598 -0.812840 0.02698858 0.75356849 -0.04302468 -0.65540447
1780098301.159199 1.056446 -0.143598 -0.812840 0.04257807 0.83267836 -0.01757054 -0.55183795
1780098301.294046 1.056446 -0.143598 -0.812840 -0.11693864 0.86366531 0.09646253 -0.48073128
1780098301.401497 1.056446 -0.143598 -0.812840 -0.28860486 0.90046436 0.15376995 -0.28675072
1780098301.545778 1.056446 -0.143599 -0.812840 -0.33099734 0.91633804 0.13725165 -0.17868222
1780098301.687899 1.056446 -0.143599 -0.812840 -0.31692116 0.93231745 0.12192811 -0.12441337
1780098301.836842 1.056446 -0.143599 -0.812840 -0.30110377 0.94208636 0.11251767 -0.09565348
1780098301.984856 1.056446 -0.143598 -0.812840 -0.30617814 0.94166065 0.10969235 -0.08658961
1780098302.127290 1.056447 -0.143598 -0.812841 -0.30782123 0.93981252 0.11215053 -0.09706070
1780098302.250866 1.056447 -0.143598 -0.812840 -0.26999440 0.95221310 0.10604228 -0.09564664
1780098302.486428 1.056447 -0.143598 -0.812840 -0.27190043 0.95208608 0.10489807 -0.09272892
1780098306.047596 1.056447 -0.143598 -0.812841 -0.30520931 0.94307232 0.10585772 -0.07909501
1780098306.746144 1.056447 -0.143598 -0.812841 -0.31967514 0.93787106 0.10791055 -0.08099997
1780098310.065563 1.056447 -0.143598 -0.812841 -0.27525105 0.95170000 0.10481016 -0.08671096
1780098310.194520 1.056447 -0.143598 -0.812841 -0.26038448 0.95716125 0.10150717 -0.07575323
1780098310.328553 1.056447 -0.143598 -0.812841 -0.14200056 0.98448019 0.08855300 -0.05284844
1780098310.480378 1.056447 -0.143598 -0.812841 -0.20187356 0.97562388 0.08468078 -0.01530582
1780098310.626335 1.056447 -0.143598 -0.812841 -0.28471745 0.95489160 0.08431148 0.00309610
1780098310.626335 1.056447 -0.143598 -0.812841 -0.28471745 0.95489160 0.08431148 0.00309610
1780098310.754699 1.056447 -0.143598 -0.812841 -0.20123088 0.97592197 0.08268325 0.01568194
1780098310.899036 1.056447 -0.143598 -0.812841 -0.18848691 0.97851089 0.08272809 0.01204912
1780098311.041380 1.056447 -0.143598 -0.812841 -0.14827662 0.98525836 0.08261037 0.02134349
1780098311.265858 1.056448 -0.143598 -0.812841 -0.08589107 0.99195729 0.08403384 0.03977156
1780098311.385908 1.056448 -0.143597 -0.812841 -0.21381244 0.97051871 0.07351574 0.08350517
1780098311.522917 1.056448 -0.143597 -0.812841 -0.23750122 0.96275767 0.06356044 0.11247626
1780098311.809616 1.056448 -0.143597 -0.812841 -0.12199564 0.97384196 0.07375841 0.17694235
1780098311.947092 1.056449 -0.143597 -0.812841 -0.14316129 0.96944394 0.06516451 0.18824686
1780098312.090476 1.056449 -0.143597 -0.812841 -0.25010578 0.93721820 0.03415761 0.24062919
1780098312.225732 1.056449 -0.143597 -0.812841 -0.09705384 0.94065787 0.06032698 0.31953714
1780098312.383833 1.056449 -0.143597 -0.812841 -0.05549994 0.88995820 0.04577616 0.45033177
1780098312.534293 1.056449 -0.143597 -0.812842 0.00466619 0.82765912 0.07935060 0.55557365
1780098312.652502 1.056449 -0.143597 -0.812842 0.16257761 0.67753848 0.20253706 0.68810528
1780098312.786009 1.056449 -0.143597 -0.812842 0.07807049 0.56929671 0.10798352 0.81126187
1780098312.931740 1.056450 -0.143597 -0.812842 0.15550722 0.49532985 0.23241957 0.82246397
1780098313.062396 1.056450 -0.143596 -0.812842 0.17177757 0.42411026 0.27012249 0.84714626
1780098313.203412 1.056450 -0.143596 -0.812842 0.14548323 0.39836079 0.23691425 0.87407949
1780098313.348064 1.056451 -0.143596 -0.812842 0.14574751 0.37722473 0.24126283 0.88218559
1780098313.487851 1.056451 -0.143596 -0.812842 0.15760585 0.36779934 0.26403839 0.87759203
1780098313.651557 1.056451 -0.143596 -0.812842 0.14349939 0.35898063 0.24508389 0.88908645
1780098313.787506 1.056451 -0.143596 -0.812842 0.15306056 0.36942140 0.25882931 0.87926543
1780098313.911361 1.056451 -0.143596 -0.812842 0.18628924 0.38878115 0.31526128 0.84543235
1780098314.087081 1.056452 -0.143596 -0.812842 0.18980541 0.40928223 0.31668932 0.83436793
1780098314.329738 1.056452 -0.143595 -0.812842 0.20083814 0.42935626 0.32075107 0.82002195
1780098314.481964 1.056452 -0.143595 -0.812842 0.18333167 0.42530827 0.29778059 0.83476290
1780098315.210509 1.056453 -0.143595 -0.812842 0.17880810 0.43487163 0.29105117 0.83318878
1780098315.806018 1.056453 -0.143595 -0.812843 0.16320543 0.40007142 0.27024229 0.86039291
1780098315.909666 1.056453 -0.143595 -0.812843 0.16606388 0.36440597 0.28146983 0.87201251
1780098316.053152 1.056454 -0.143595 -0.812843 0.14192441 0.36144771 0.24036433 0.88962802
1780098316.208596 1.056454 -0.143595 -0.812843 0.14155109 0.35030388 0.23992295 0.89425246
1780098316.310620 1.056454 -0.143595 -0.812843 0.13783351 0.33416871 0.23290298 0.90282301
1780098316.481643 1.056454 -0.143595 -0.812843 0.13371675 0.34877556 0.22146224 0.90079405
1780098316.481643 1.056454 -0.143595 -0.812843 0.13371675 0.34877556 0.22146224 0.90079405
1780098316.643196 1.056454 -0.143595 -0.812843 0.16484634 0.34851673 0.29352666 0.87475932
1780098316.778967 1.056454 -0.143595 -0.812843 0.15513099 0.36128711 0.27035302 0.87881468
1780098317.205582 1.056454 -0.143594 -0.812843 0.15412209 0.37124249 0.26537495 0.87635697
1780098317.510057 1.056455 -0.143594 -0.812843 0.15915248 0.37219636 0.26959541 0.87376122
1780098317.769296 1.056455 -0.143594 -0.812843 0.16832345 0.36690423 0.29523420 0.86595916
1780098318.188916 1.056455 -0.143594 -0.812843 0.15807910 0.38341226 0.26632820 0.87010075
1780098318.319849 1.056455 -0.143594 -0.812843 0.16716208 0.40354372 0.27786835 0.85556910
1780098318.470975 1.056456 -0.143594 -0.812843 0.16447827 0.42185651 0.26457597 0.85145965
1780098318.750648 1.056456 -0.143594 -0.812843 0.18938205 0.42634590 0.31108648 0.82800291
1780098319.102255 1.056456 -0.143593 -0.812843 0.16607994 0.44060153 0.26726376 0.84074838
1780098319.383271 1.056456 -0.143593 -0.812843 0.17705792 0.44189132 0.27925669 0.83390542
1780098319.872996 1.056457 -0.143593 -0.812844 0.15694322 0.44564838 0.24705809 0.84600748
1780098320.366492 1.056457 -0.143593 -0.812844 0.15505845 0.45331447 0.24059788 0.84414189
1780098320.606830 1.056457 -0.143593 -0.812844 0.16678680 0.44712612 0.25832993 0.83995598
1780098320.708930 1.056457 -0.143593 -0.812844 0.15624586 0.45029321 0.24398139 0.84456873
1780098320.993501 1.056458 -0.143593 -0.812844 0.16159382 0.45133928 0.24621965 0.84235157
1780098321.152731 1.056458 -0.143593 -0.812844 0.16758611 0.44576758 0.26356635 0.83889149
1780098321.500104 1.056458 -0.143593 -0.812844 0.15267828 0.44990142 0.23702750 0.84740546
1780098321.618274 1.056458 -0.143593 -0.812844 0.15893614 0.44659250 0.24463949 0.84584039
1780098321.752797 1.056458 -0.143593 -0.812844 0.16413470 0.44238841 0.25402439 0.84428899
1780098321.920161 1.056458 -0.143592 -0.812844 0.14671246 0.44800629 0.22569474 0.85254191
1780098322.045417 1.056458 -0.143592 -0.812844 0.15765137 0.43869587 0.24707910 0.84949626
1780098322.170962 1.056458 -0.143592 -0.812844 0.16966575 0.42504638 0.26846215 0.84763033
1780098322.294915 1.056458 -0.143592 -0.812844 0.15742477 0.43727148 0.24928425 0.84962842
1780098322.455601 1.056458 -0.143592 -0.812844 0.16692570 0.42784729 0.26756782 0.84704780
1780098322.768194 1.056459 -0.143592 -0.812844 0.16203877 0.41939476 0.25999016 0.85455052
1780098322.881155 1.056459 -0.143592 -0.812844 0.15753495 0.38863506 0.26149721 0.86934730
1780098323.023968 1.056459 -0.143592 -0.812844 0.11927872 0.38566807 0.17919094 0.89717519
1780098323.154144 1.056459 -0.143592 -0.812844 0.12262065 0.36652700 0.18922457 0.90267170
1780098323.298518 1.056459 -0.143592 -0.812844 0.13284827 0.35642822 0.21315950 0.89992960
1780098323.448619 1.056459 -0.143592 -0.812844 0.12229365 0.36175769 0.19145370 0.90416875
1780098323.739303 1.056459 -0.143592 -0.812844 0.12915302 0.35233493 0.20826990 0.90321827
1780098323.739303 1.056459 -0.143592 -0.812844 0.12915302 0.35233493 0.20826990 0.90321827
1780098324.268613 1.056459 -0.143592 -0.812844 0.13551957 0.34461552 0.22676250 0.90080706
1780098324.904059 1.056459 -0.143592 -0.812844 0.13823980 0.34377282 0.22901994 0.90014436
1780098325.184130 1.056459 -0.143592 -0.812844 0.15310720 0.33510028 0.26701137 0.89048914
1780098325.335686 1.056460 -0.143592 -0.812844 0.14233538 0.34044030 0.24314641 0.89706235
1780098325.466341 1.056460 -0.143592 -0.812844 0.15390919 0.34625097 0.26993371 0.88518813
1780098325.603005 1.056460 -0.143592 -0.812844 0.15407656 0.35992813 0.26288999 0.88181688
1780098325.752536 1.056460 -0.143592 -0.812844 0.14502220 0.36734984 0.24032602 0.88671645
1780098325.887942 1.056460 -0.143592 -0.812844 0.17886828 0.37600914 0.30988507 0.85474821
1780098326.049342 1.056460 -0.143591 -0.812844 0.20640082 0.40340138 0.35053420 0.81962906
1780098326.163209 1.056460 -0.143592 -0.812845 0.22020679 0.47572579 0.33048021 0.78484188
1780098326.303920 1.056460 -0.143591 -0.812845 0.22293218 0.46564502 0.34403635 0.78429264
1780098326.470551 1.056460 -0.143591 -0.812845 0.18615758 0.42841719 0.30145798 0.83122028
1780098326.572809 1.056460 -0.143591 -0.812845 0.17695275 0.39401574 0.29963707 0.85068029
1780098326.723555 1.056460 -0.143591 -0.812845 0.09817766 0.33656460 0.12868573 0.92764508
1780098326.878656 1.056460 -0.143591 -0.812845 0.10611476 0.30422530 0.15315977 0.93419950
1780098327.024434 1.056460 -0.143591 -0.812844 0.11491625 0.27759500 0.18892252 0.93490296
1780098327.141807 1.056460 -0.143591 -0.812845 0.12594818 0.26239515 0.22492764 0.92988892
1780098327.276049 1.056460 -0.143591 -0.812845 0.11448864 0.27324992 0.18120138 0.93775951
1780098327.424031 1.056460 -0.143591 -0.812845 0.11548235 0.28646155 0.18338899 0.93325885
1780098327.573725 1.056460 -0.143591 -0.812845 0.10611298 0.30306251 0.15226294 0.93472410
1780098327.700398 1.056460 -0.143591 -0.812845 0.10028785 0.31533830 0.13504784 0.93395192
1780098327.842165 1.056460 -0.143591 -0.812845 0.12839746 0.30982905 0.21660016 0.91684482
1780098327.993893 1.056460 -0.143591 -0.812845 0.13336828 0.31074458 0.22923196 0.91274499
1780098328.414385 1.056460 -0.143591 -0.812845 0.12817645 0.31371428 0.21375628 0.91622181
1780098328.683943 1.056460 -0.143591 -0.812845 0.12955586 0.30564111 0.21996219 0.91728699
1780098328.959781 1.056460 -0.143591 -0.812845 0.12814556 0.30217489 0.21634201 0.91949181
1780098329.665025 1.056460 -0.143591 -0.812845 0.13897681 0.29330815 0.25301767 0.91139335
1780098333.872357 1.056460 -0.143591 -0.812845 0.13973431 0.28827264 0.25608642 0.91202684
1780098334.012871 1.056460 -0.143591 -0.812845 0.13614048 0.27712164 0.25025537 0.91762825
1780098334.116145 1.056460 -0.143591 -0.812844 0.13623451 0.26470782 0.25647841 0.91955900
1780098334.296071 1.056460 -0.143591 -0.812844 0.14107111 0.22424564 0.30095045 0.91610134
1780098334.454591 1.056460 -0.143591 -0.812844 0.13547355 0.21331617 0.28416779 0.92487393
1780098334.454591 1.056460 -0.143591 -0.812844 0.13547355 0.21331617 0.28416779 0.92487393
1780098334.563095 1.056460 -0.143591 -0.812844 0.11875612 0.22611823 0.21583550 0.94243438
1780098334.981670 1.056460 -0.143591 -0.812844 0.12378057 0.23030112 0.23032345 0.93733178
1780098335.118854 1.056460 -0.143591 -0.812844 0.12649891 0.24137889 0.23540949 0.93290762
1780098335.270021 1.056460 -0.143591 -0.812844 0.13123661 0.25778416 0.24177887 0.92621124
1780098335.422255 1.056460 -0.143591 -0.812844 0.12920768 0.27406077 0.22944228 0.92496071
1780098335.539145 1.056460 -0.143591 -0.812844 0.13369256 0.27897114 0.24390123 0.91913742
1780098335.675690 1.056460 -0.143591 -0.812845 0.13657509 0.29802825 0.24646820 0.91201965
1780098335.817128 1.056460 -0.143591 -0.812845 0.11290010 0.31434558 0.17102660 0.92692520
1780098335.968549 1.056460 -0.143591 -0.812845 0.13914524 0.32523472 0.24663862 0.90223632
1780098336.103822 1.056460 -0.143591 -0.812845 0.16469137 0.30917751 0.32212389 0.87950112
1780098336.264081 1.056460 -0.143591 -0.812845 0.17653035 0.30311368 0.36355493 0.86301040
1780098336.409287 1.056460 -0.143591 -0.812845 0.17495293 0.30771499 0.35048189 0.86710172
1780098336.662090 1.056460 -0.143591 -0.812845 0.15847816 0.31205599 0.30620594 0.88529298
1780098336.800060 1.056460 -0.143591 -0.812845 0.15204940 0.32025974 0.28443502 0.89073644
1780098336.947682 1.056460 -0.143591 -0.812845 0.15702271 0.31880164 0.29611686 0.88658005
1780098337.090726 1.056460 -0.143591 -0.812845 0.16061794 0.32276759 0.30121181 0.88277653
1780098337.221235 1.056460 -0.143591 -0.812845 0.15412188 0.32553455 0.28317545 0.88886746
1780098337.431246 1.056460 -0.143591 -0.812845 0.15043086 0.32674997 0.27327166 0.89214775
1780098337.731536 1.056460 -0.143591 -0.812845 0.16317870 0.31887927 0.30851862 0.88119520
1780098338.981672 1.056460 -0.143591 -0.812845 0.15209038 0.32266934 0.27892157 0.89160293
1780098340.597855 1.056460 -0.143591 -0.812845 0.15138480 0.30862490 0.28259873 0.89552849
1780098340.727767 1.056460 -0.143591 -0.812845 0.14574811 0.31545652 0.26689925 0.89889347
1780098341.003703 1.056460 -0.143591 -0.812845 0.14895597 0.31101485 0.27815777 0.89649882
1780098341.213365 1.056460 -0.143591 -0.812845 0.14665459 0.31052833 0.27054113 0.89937316
1780098341.497208 1.056460 -0.143591 -0.812845 0.14970037 0.30895539 0.28337661 0.89545187
1780098341.633876 1.056460 -0.143591 -0.812845 0.15795582 0.29814451 0.31328160 0.88770178
1780098341.772465 1.056460 -0.143591 -0.812845 0.15334090 0.30518716 0.29434300 0.89258589
1780098342.472154 1.056460 -0.143591 -0.812845 0.14630447 0.31024831 0.27138385 0.89927293
1780098343.739623 1.056460 -0.143591 -0.812845 0.15010706 0.30786912 0.28443541 0.89542223
1780098343.875130 1.056460 -0.143591 -0.812845 0.15868708 0.30421512 0.30966910 0.88677879
1780098344.014161 1.056460 -0.143591 -0.812845 0.15731559 0.31791820 0.29235805 0.88809155
1780098344.182779 1.056460 -0.143591 -0.812845 0.13881695 0.32971643 0.24452577 0.90123475
1780098344.182779 1.056460 -0.143591 -0.812845 0.13881695 0.32971643 0.24452577 0.90123475
1780098344.354340 1.056460 -0.143591 -0.812845 0.13150454 0.34210368 0.22086736 0.90381925
1780098344.519201 1.056460 -0.143591 -0.812845 0.13946662 0.34408812 0.24040408 0.89686025
1780098344.640748 1.056460 -0.143591 -0.812845 0.14382531 0.33799011 0.25313406 0.89498610
1780098344.784245 1.056460 -0.143591 -0.812845 0.13575722 0.32668482 0.23680491 0.90485935
1780098344.933686 1.056460 -0.143591 -0.812845 0.13542334 0.31963426 0.23753508 0.90723290
1780098345.066161 1.056460 -0.143591 -0.812845 0.13837538 0.31295728 0.24776148 0.90637975
1780098345.486387 1.056460 -0.143591 -0.812845 0.13839797 0.30874838 0.24941112 0.90736681
1780098347.866385 1.056460 -0.143591 -0.812845 0.12897730 0.31926749 0.21953791 0.91281774
1780098348.006028 1.056460 -0.143591 -0.812845 0.14090462 0.33570061 0.24503065 0.89856050
1780098348.153557 1.056460 -0.143591 -0.812845 0.14415177 0.35269964 0.24774913 0.89075451
1780098348.285856 1.056460 -0.143591 -0.812845 0.16044218 0.39764297 0.27108461 0.86177231
1780098348.432325 1.056460 -0.143591 -0.812845 0.15202912 0.42098605 0.25064473 0.85839100
1780098348.567301 1.056461 -0.143591 -0.812845 0.14694967 0.51057337 0.22307073 0.81728825
1780098348.729833 1.056461 -0.143591 -0.812845 0.03588338 0.63804095 0.07199492 0.76578904
1780098348.855505 1.056461 -0.143591 -0.812845 0.06223640 0.70397022 0.10820510 0.69917395
1780098349.017329 1.056461 -0.143591 -0.812845 0.15019482 0.80264519 0.17892030 0.54880756
1780098349.136482 1.056461 -0.143591 -0.812845 0.10338178 0.89393825 0.13808025 0.41366709
1780098349.292271 1.056461 -0.143591 -0.812845 0.16448216 0.75425767 0.19758171 0.60415433
1780098349.475457 1.056461 -0.143591 -0.812845 0.14789690 0.74247466 0.18711843 0.62597490
1780098349.635212 1.056461 -0.143591 -0.812845 0.16950410 0.59028769 0.23700144 0.75276765
1780098349.764511 1.056461 -0.143591 -0.812845 0.16713149 0.57238498 0.23755163 0.76681923
1780098349.898480 1.056461 -0.143591 -0.812845 0.19699035 0.53050273 0.28651766 0.77309073
1780098350.045133 1.056461 -0.143591 -0.812845 0.16088339 0.52645554 0.23579212 0.80085153
1780098350.175708 1.056461 -0.143591 -0.812845 0.14920752 0.51573038 0.22102359 0.81419154
1780098350.415796 1.056461 -0.143591 -0.812845 0.14211060 0.51339838 0.20962187 0.81993009
1780098350.668790 1.056461 -0.143591 -0.812845 0.16624149 0.48584149 0.25450352 0.81948140
1780098350.805824 1.056461 -0.143591 -0.812845 0.16820397 0.50265636 0.25146113 0.80982178
1780098350.956175 1.056461 -0.143591 -0.812845 0.15152635 0.51809054 0.22396453 0.81145662
1780098351.307368 1.056461 -0.143591 -0.812845 0.15219833 0.49036703 0.23127159 0.82637116
1780098351.443139 1.056461 -0.143591 -0.812845 0.16983503 0.45700047 0.26866067 0.83073947
1780098351.758668 1.056461 -0.143591 -0.812845 0.13056631 0.45779128 0.19850342 0.85672398
1780098351.868240 1.056461 -0.143591 -0.812845 0.15079609 0.41222652 0.24577049 0.86424921
1780098351.868240 1.056461 -0.143591 -0.812845 0.15079609 0.41222652 0.24577049 0.86424921
1780098352.030272 1.056461 -0.143591 -0.812845 0.16512073 0.39293002 0.27962778 0.86031939
1780098352.149984 1.056461 -0.143591 -0.812845 0.15586162 0.38874222 0.26120235 0.86968958
1780098352.315057 1.056461 -0.143591 -0.812845 0.15562831 0.38360101 0.26321920 0.87140446
1780098352.462826 1.056461 -0.143591 -0.812845 0.15702102 0.37623568 0.26963620 0.87240325
1780098352.571451 1.056461 -0.143591 -0.812845 0.16703447 0.36719695 0.29433693 0.86639002
1780098352.717996 1.056461 -0.143591 -0.812845 0.15069704 0.35211669 0.26362513 0.88532821
1780098352.938411 1.056461 -0.143591 -0.812845 0.13972973 0.34034014 0.23976985 0.89841784
1780098353.083141 1.056461 -0.143591 -0.812845 0.13049333 0.34434295 0.21336654 0.90491665
1780098353.197931 1.056461 -0.143591 -0.812845 0.13232686 0.33304478 0.21866248 0.90761087
1780098353.348619 1.056461 -0.143591 -0.812845 0.12357553 0.33825278 0.19584706 0.91211736
1780098353.507560 1.056461 -0.143591 -0.812845 0.12307243 0.33355288 0.19887736 0.91325979
1780098353.661566 1.056461 -0.143591 -0.812845 0.13133771 0.32391585 0.22076409 0.91054497
1780098353.762598 1.056461 -0.143591 -0.812845 0.14482852 0.30914102 0.25993798 0.90326562
1780098354.180869 1.056461 -0.143591 -0.812845 0.13388348 0.31552524 0.23031577 0.91075446
